method,method_label,eps,stream,diag_magnitude
Learned,Learned Basis,-0.2,0,0.9762121438980103
Learned,Learned Basis,-0.2,1,0.976876974105835
Learned,Learned Basis,-0.2,2,0.9805541038513184
Learned,Learned Basis,-0.2,3,0.9788405895233154
Learned,Learned Basis,-0.2,4,0.9798258543014526
Learned,Learned Basis,-0.2,5,0.9781866669654846
Learned,Learned Basis,-0.2,6,0.9774288535118103
Learned,Learned Basis,-0.2,7,0.9816849827766418
Learned,Learned Basis,-0.2,8,0.9815930724143982
Learned,Learned Basis,-0.2,9,0.980442464351654
Learned,Learned Basis,-0.2,10,0.9816229343414307
Learned,Learned Basis,-0.2,11,0.9830096960067749
Learned,Learned Basis,-0.2,12,0.980177104473114
Learned,Learned Basis,-0.2,13,0.9807911515235901
Learned,Learned Basis,-0.2,14,0.9807422161102295
Learned,Learned Basis,-0.2,15,0.98219233751297
Learned,Learned Basis,-0.2,16,0.9789206385612488
Learned,Learned Basis,-0.2,17,0.9815279841423035
Learned,Learned Basis,-0.2,18,0.9809422492980957
Learned,Learned Basis,-0.2,19,0.9778501391410828
Learned,Learned Basis,-0.2,20,0.9780732989311218
Learned,Learned Basis,-0.2,21,0.9663897752761841
Learned,Learned Basis,-0.2,22,0.932955265045166
Learned,Learned Basis,-0.2,23,0.9328936338424683
Learned,Learned Basis,-0.2,24,0.9536648392677307
Learned,Learned Basis,-0.2,25,0.9678946137428284
Learned,Learned Basis,-0.2,26,0.9452484846115112
Learned,Learned Basis,-0.2,27,0.9459757208824158
Learned,Learned Basis,-0.2,28,0.9442915916442871
Learned,Learned Basis,-0.2,29,0.9654948711395264
Learned,Learned Basis,-0.2,30,0.9696764349937439
Learned,Learned Basis,-0.2,31,0.9663360118865967
Learned,Learned Basis,-0.2,32,0.9698808193206787
Learned,Learned Basis,-0.2,33,0.971211850643158
Learned,Learned Basis,-0.2,34,0.9756485819816589
Learned,Learned Basis,-0.2,35,0.9744620323181152
Learned,Learned Basis,-0.2,36,0.9735499620437622
Learned,Learned Basis,-0.2,37,0.9749776124954224
Learned,Learned Basis,-0.2,38,0.9745899438858032
Learned,Learned Basis,-0.2,39,0.9762758612632751
Learned,Learned Basis,-0.2,40,0.9774089455604553
Learned,Learned Basis,-0.2,41,0.9751693606376648
Learned,Learned Basis,-0.2,42,0.9762739539146423
Learned,Learned Basis,-0.2,43,0.9772921800613403
Learned,Learned Basis,-0.19,0,0.9763385057449341
Learned,Learned Basis,-0.19,1,0.9770205020904541
Learned,Learned Basis,-0.19,2,0.9806945323944092
Learned,Learned Basis,-0.19,3,0.9789708852767944
Learned,Learned Basis,-0.19,4,0.9799472093582153
Learned,Learned Basis,-0.19,5,0.9783169627189636
Learned,Learned Basis,-0.19,6,0.9775564074516296
Learned,Learned Basis,-0.19,7,0.9818178415298462
Learned,Learned Basis,-0.19,8,0.9817274212837219
Learned,Learned Basis,-0.19,9,0.9805842638015747
Learned,Learned Basis,-0.19,10,0.9817670583724976
Learned,Learned Basis,-0.19,11,0.9831424355506897
Learned,Learned Basis,-0.19,12,0.980326235294342
Learned,Learned Basis,-0.19,13,0.9809396266937256
Learned,Learned Basis,-0.19,14,0.9809064269065857
Learned,Learned Basis,-0.19,15,0.9823641180992126
Learned,Learned Basis,-0.19,16,0.9791207909584045
Learned,Learned Basis,-0.19,17,0.9817551374435425
Learned,Learned Basis,-0.19,18,0.98118656873703
Learned,Learned Basis,-0.19,19,0.9782446622848511
Learned,Learned Basis,-0.19,20,0.9786731004714966
Learned,Learned Basis,-0.19,21,0.9676664471626282
Learned,Learned Basis,-0.19,22,0.9372338652610779
Learned,Learned Basis,-0.19,23,0.9371449947357178
Learned,Learned Basis,-0.19,24,0.9560794234275818
Learned,Learned Basis,-0.19,25,0.9691015481948853
Learned,Learned Basis,-0.19,26,0.9477593302726746
Learned,Learned Basis,-0.19,27,0.9485516548156738
Learned,Learned Basis,-0.19,28,0.9472408294677734
Learned,Learned Basis,-0.19,29,0.9660497307777405
Learned,Learned Basis,-0.19,30,0.9700617790222168
Learned,Learned Basis,-0.19,31,0.9669100046157837
Learned,Learned Basis,-0.19,32,0.970322847366333
Learned,Learned Basis,-0.19,33,0.9715304374694824
Learned,Learned Basis,-0.19,34,0.9758597612380981
Learned,Learned Basis,-0.19,35,0.9746919274330139
Learned,Learned Basis,-0.19,36,0.9737632274627686
Learned,Learned Basis,-0.19,37,0.9751717448234558
Learned,Learned Basis,-0.19,38,0.9747666716575623
Learned,Learned Basis,-0.19,39,0.9764373898506165
Learned,Learned Basis,-0.19,40,0.9775491952896118
Learned,Learned Basis,-0.19,41,0.9753397703170776
Learned,Learned Basis,-0.19,42,0.9764151573181152
Learned,Learned Basis,-0.19,43,0.9774367213249207
Learned,Learned Basis,-0.18000000000000002,0,0.9764582514762878
Learned,Learned Basis,-0.18000000000000002,1,0.9771575927734375
Learned,Learned Basis,-0.18000000000000002,2,0.9808282852172852
Learned,Learned Basis,-0.18000000000000002,3,0.9790942668914795
Learned,Learned Basis,-0.18000000000000002,4,0.9800627827644348
Learned,Learned Basis,-0.18000000000000002,5,0.978441059589386
Learned,Learned Basis,-0.18000000000000002,6,0.977677583694458
Learned,Learned Basis,-0.18000000000000002,7,0.9819448590278625
Learned,Learned Basis,-0.18000000000000002,8,0.9818558096885681
Learned,Learned Basis,-0.18000000000000002,9,0.9807195067405701
Learned,Learned Basis,-0.18000000000000002,10,0.9819052219390869
Learned,Learned Basis,-0.18000000000000002,11,0.9832693338394165
Learned,Learned Basis,-0.18000000000000002,12,0.9804690480232239
Learned,Learned Basis,-0.18000000000000002,13,0.9810816049575806
Learned,Learned Basis,-0.18000000000000002,14,0.98106449842453
Learned,Learned Basis,-0.18000000000000002,15,0.9825296998023987
Learned,Learned Basis,-0.18000000000000002,16,0.9793124794960022
Learned,Learned Basis,-0.18000000000000002,17,0.9819746017456055
Learned,Learned Basis,-0.18000000000000002,18,0.9814218282699585
Learned,Learned Basis,-0.18000000000000002,19,0.9786263704299927
Learned,Learned Basis,-0.18000000000000002,20,0.9792526960372925
Learned,Learned Basis,-0.18000000000000002,21,0.968902051448822
Learned,Learned Basis,-0.18000000000000002,22,0.9413740634918213
Learned,Learned Basis,-0.18000000000000002,23,0.9412336945533752
Learned,Learned Basis,-0.18000000000000002,24,0.9583761692047119
Learned,Learned Basis,-0.18000000000000002,25,0.9702475070953369
Learned,Learned Basis,-0.18000000000000002,26,0.9501593708992004
Learned,Learned Basis,-0.18000000000000002,27,0.9510077834129333
Learned,Learned Basis,-0.18000000000000002,28,0.9500527381896973
Learned,Learned Basis,-0.18000000000000002,29,0.9665840268135071
Learned,Learned Basis,-0.18000000000000002,30,0.9704322814941406
Learned,Learned Basis,-0.18000000000000002,31,0.9674592614173889
Learned,Learned Basis,-0.18000000000000002,32,0.9707450270652771
Learned,Learned Basis,-0.18000000000000002,33,0.9718349575996399
Learned,Learned Basis,-0.18000000000000002,34,0.9760618209838867
Learned,Learned Basis,-0.18000000000000002,35,0.9749118685722351
Learned,Learned Basis,-0.18000000000000002,36,0.9739664793014526
Learned,Learned Basis,-0.18000000000000002,37,0.9753574728965759
Learned,Learned Basis,-0.18000000000000002,38,0.9749350547790527
Learned,Learned Basis,-0.18000000000000002,39,0.9765906929969788
Learned,Learned Basis,-0.18000000000000002,40,0.9776826500892639
Learned,Learned Basis,-0.18000000000000002,41,0.9755020141601562
Learned,Learned Basis,-0.18000000000000002,42,0.9765492677688599
Learned,Learned Basis,-0.18000000000000002,43,0.9775744080543518
Learned,Learned Basis,-0.17,0,0.9765715003013611
Learned,Learned Basis,-0.17,1,0.9772881865501404
Learned,Learned Basis,-0.17,2,0.980955183506012
Learned,Learned Basis,-0.17,3,0.9792100787162781
Learned,Learned Basis,-0.17,4,0.9801726937294006
Learned,Learned Basis,-0.17,5,0.9785590767860413
Learned,Learned Basis,-0.17,6,0.9777927994728088
Learned,Learned Basis,-0.17,7,0.982065737247467
Learned,Learned Basis,-0.17,8,0.9819775819778442
Learned,Learned Basis,-0.17,9,0.980847954750061
Learned,Learned Basis,-0.17,10,0.9820372462272644
Learned,Learned Basis,-0.17,11,0.9833902716636658
Learned,Learned Basis,-0.17,12,0.9806052446365356
Learned,Learned Basis,-0.17,13,0.9812164306640625
Learned,Learned Basis,-0.17,14,0.9812155961990356
Learned,Learned Basis,-0.17,15,0.9826883673667908
Learned,Learned Basis,-0.17,16,0.979495644569397
Learned,Learned Basis,-0.17,17,0.9821858406066895
Learned,Learned Basis,-0.17,18,0.9816476702690125
Learned,Learned Basis,-0.17,19,0.9789935350418091
Learned,Learned Basis,-0.17,20,0.9798102974891663
Learned,Learned Basis,-0.17,21,0.970093309879303
Learned,Learned Basis,-0.17,22,0.9453634023666382
Learned,Learned Basis,-0.17,23,0.9451528787612915
Learned,Learned Basis,-0.17,24,0.9605537056922913
Learned,Learned Basis,-0.17,25,0.9713317155838013
Learned,Learned Basis,-0.17,26,0.9524455070495605
Learned,Learned Basis,-0.17,27,0.9533427953720093
Learned,Learned Basis,-0.17,28,0.952725350856781
Learned,Learned Basis,-0.17,29,0.9670966863632202
Learned,Learned Basis,-0.17,30,0.970786988735199
Learned,Learned Basis,-0.17,31,0.9679833650588989
Learned,Learned Basis,-0.17,32,0.9711466431617737
Learned,Learned Basis,-0.17,33,0.9721252918243408
Learned,Learned Basis,-0.17,34,0.976254403591156
Learned,Learned Basis,-0.17,35,0.9751213788986206
Learned,Learned Basis,-0.17,36,0.9741601347923279
Learned,Learned Basis,-0.17,37,0.9755343794822693
Learned,Learned Basis,-0.17,38,0.9750947952270508
Learned,Learned Basis,-0.17,39,0.976735532283783
Learned,Learned Basis,-0.17,40,0.9778091907501221
Learned,Learned Basis,-0.17,41,0.9756559729576111
Learned,Learned Basis,-0.17,42,0.9766765236854553
Learned,Learned Basis,-0.17,43,0.9777055382728577
Learned,Learned Basis,-0.16,0,0.9766780734062195
Learned,Learned Basis,-0.16,1,0.9774121046066284
Learned,Learned Basis,-0.16,2,0.9810757637023926
Learned,Learned Basis,-0.16,3,0.9793193936347961
Learned,Learned Basis,-0.16,4,0.9802764654159546
Learned,Learned Basis,-0.16,5,0.9786711931228638
Learned,Learned Basis,-0.16,6,0.9779016375541687
Learned,Learned Basis,-0.16,7,0.9821798801422119
Learned,Learned Basis,-0.16,8,0.9820935130119324
Learned,Learned Basis,-0.16,9,0.9809698462486267
Learned,Learned Basis,-0.16,10,0.9821627736091614
Learned,Learned Basis,-0.16,11,0.9835050702095032
Learned,Learned Basis,-0.16,12,0.9807350635528564
Learned,Learned Basis,-0.16,13,0.9813451766967773
Learned,Learned Basis,-0.16,14,0.9813597202301025
Learned,Learned Basis,-0.16,15,0.9828399419784546
Learned,Learned Basis,-0.16,16,0.9796696901321411
Learned,Learned Basis,-0.16,17,0.9823876023292542
Learned,Learned Basis,-0.16,18,0.9818630814552307
Learned,Learned Basis,-0.16,19,0.9793450832366943
Learned,Learned Basis,-0.16,20,0.980344295501709
Learned,Learned Basis,-0.16,21,0.971236526966095
Learned,Learned Basis,-0.16,22,0.9491900205612183
Learned,Learned Basis,-0.16,23,0.9488945007324219
Learned,Learned Basis,-0.16,24,0.9626104235649109
Learned,Learned Basis,-0.16,25,0.9723538756370544
Learned,Learned Basis,-0.16,26,0.9546154737472534
Learned,Learned Basis,-0.16,27,0.9555556178092957
Learned,Learned Basis,-0.16,28,0.9552566409111023
Learned,Learned Basis,-0.16,29,0.9675866961479187
Learned,Learned Basis,-0.16,30,0.9711251854896545
Learned,Learned Basis,-0.16,31,0.9684816598892212
Learned,Learned Basis,-0.16,32,0.9715269804000854
Learned,Learned Basis,-0.16,33,0.972400963306427
Learned,Learned Basis,-0.16,34,0.9764375686645508
Learned,Learned Basis,-0.16,35,0.9753201603889465
Learned,Learned Basis,-0.16,36,0.9743438959121704
Learned,Learned Basis,-0.16,37,0.9757020473480225
Learned,Learned Basis,-0.16,38,0.9752457141876221
Learned,Learned Basis,-0.16,39,0.9768716096878052
Learned,Learned Basis,-0.16,40,0.9779289364814758
Learned,Learned Basis,-0.16,41,0.9758020639419556
Learned,Learned Basis,-0.16,42,0.9767966270446777
Learned,Learned Basis,-0.16,43,0.9778295755386353
Learned,Learned Basis,-0.15000000000000002,0,0.9767778515815735
Learned,Learned Basis,-0.15000000000000002,1,0.9775291085243225
Learned,Learned Basis,-0.15000000000000002,2,0.9811893701553345
Learned,Learned Basis,-0.15000000000000002,3,0.9794208407402039
Learned,Learned Basis,-0.15000000000000002,4,0.9803743958473206
Learned,Learned Basis,-0.15000000000000002,5,0.9787768721580505
Learned,Learned Basis,-0.15000000000000002,6,0.9780040979385376
Learned,Learned Basis,-0.15000000000000002,7,0.9822880029678345
Learned,Learned Basis,-0.15000000000000002,8,0.9822025299072266
Learned,Learned Basis,-0.15000000000000002,9,0.9810845255851746
Learned,Learned Basis,-0.15000000000000002,10,0.9822824001312256
Learned,Learned Basis,-0.15000000000000002,11,0.9836133718490601
Learned,Learned Basis,-0.15000000000000002,12,0.9808579683303833
Learned,Learned Basis,-0.15000000000000002,13,0.9814662933349609
Learned,Learned Basis,-0.15000000000000002,14,0.9814964532852173
Learned,Learned Basis,-0.15000000000000002,15,0.9829841256141663
Learned,Learned Basis,-0.15000000000000002,16,0.9798349142074585
Learned,Learned Basis,-0.15000000000000002,17,0.9825801849365234
Learned,Learned Basis,-0.15000000000000002,18,0.9820684790611267
Learned,Learned Basis,-0.15000000000000002,19,0.9796813130378723
Learned,Learned Basis,-0.15000000000000002,20,0.980853796005249
Learned,Learned Basis,-0.15000000000000002,21,0.9723289012908936
Learned,Learned Basis,-0.15000000000000002,22,0.9528434872627258
Learned,Learned Basis,-0.15000000000000002,23,0.9524518251419067
Learned,Learned Basis,-0.15000000000000002,24,0.9645451307296753
Learned,Learned Basis,-0.15000000000000002,25,0.9733130931854248
Learned,Learned Basis,-0.15000000000000002,26,0.9566661715507507
Learned,Learned Basis,-0.15000000000000002,27,0.9576444625854492
Learned,Learned Basis,-0.15000000000000002,28,0.9576447010040283
Learned,Learned Basis,-0.15000000000000002,29,0.9680536389350891
Learned,Learned Basis,-0.15000000000000002,30,0.9714471101760864
Learned,Learned Basis,-0.15000000000000002,31,0.9689533114433289
Learned,Learned Basis,-0.15000000000000002,32,0.971885621547699
Learned,Learned Basis,-0.15000000000000002,33,0.9726617932319641
Learned,Learned Basis,-0.15000000000000002,34,0.9766110777854919
Learned,Learned Basis,-0.15000000000000002,35,0.9755080342292786
Learned,Learned Basis,-0.15000000000000002,36,0.9745174646377563
Learned,Learned Basis,-0.15000000000000002,37,0.9758605360984802
Learned,Learned Basis,-0.15000000000000002,38,0.975387692451477
Learned,Learned Basis,-0.15000000000000002,39,0.9769991040229797
Learned,Learned Basis,-0.15000000000000002,40,0.9780413508415222
Learned,Learned Basis,-0.15000000000000002,41,0.9759396910667419
Learned,Learned Basis,-0.15000000000000002,42,0.9769089818000793
Learned,Learned Basis,-0.15000000000000002,43,0.9779463410377502
Learned,Learned Basis,-0.14,0,0.9768706560134888
Learned,Learned Basis,-0.14,1,0.9776396751403809
Learned,Learned Basis,-0.14,2,0.9812964200973511
Learned,Learned Basis,-0.14,3,0.979515016078949
Learned,Learned Basis,-0.14,4,0.9804666638374329
Learned,Learned Basis,-0.14,5,0.9788760542869568
Learned,Learned Basis,-0.14,6,0.9781004190444946
Learned,Learned Basis,-0.14,7,0.9823894500732422
Learned,Learned Basis,-0.14,8,0.9823051691055298
Learned,Learned Basis,-0.14,9,0.981192409992218
Learned,Learned Basis,-0.14,10,0.9823952317237854
Learned,Learned Basis,-0.14,11,0.9837149381637573
Learned,Learned Basis,-0.14,12,0.9809739589691162
Learned,Learned Basis,-0.14,13,0.981580376625061
Learned,Learned Basis,-0.14,14,0.9816260933876038
Learned,Learned Basis,-0.14,15,0.9831209182739258
Learned,Learned Basis,-0.14,16,0.9799903631210327
Learned,Learned Basis,-0.14,17,0.9827631115913391
Learned,Learned Basis,-0.14,18,0.9822624325752258
Learned,Learned Basis,-0.14,19,0.9799997806549072
Learned,Learned Basis,-0.14,20,0.9813361763954163
Learned,Learned Basis,-0.14,21,0.9733670353889465
Learned,Learned Basis,-0.14,22,0.9563137888908386
Learned,Learned Basis,-0.14,23,0.9558191299438477
Learned,Learned Basis,-0.14,24,0.9663563966751099
Learned,Learned Basis,-0.14,25,0.9742088317871094
Learned,Learned Basis,-0.14,26,0.9585954546928406
Learned,Learned Basis,-0.14,27,0.9596084356307983
Learned,Learned Basis,-0.14,28,0.9598872661590576
Learned,Learned Basis,-0.14,29,0.9684961438179016
Learned,Learned Basis,-0.14,30,0.9717514514923096
Learned,Learned Basis,-0.14,31,0.9693975448608398
Learned,Learned Basis,-0.14,32,0.9722220301628113
Learned,Learned Basis,-0.14,33,0.9729073643684387
Learned,Learned Basis,-0.14,34,0.9767744541168213
Learned,Learned Basis,-0.14,35,0.9756852388381958
Learned,Learned Basis,-0.14,36,0.9746807813644409
Learned,Learned Basis,-0.14,37,0.9760099053382874
Learned,Learned Basis,-0.14,38,0.9755204916000366
Learned,Learned Basis,-0.14,39,0.9771179556846619
Learned,Learned Basis,-0.14,40,0.9781468510627747
Learned,Learned Basis,-0.14,41,0.9760690927505493
Learned,Learned Basis,-0.14,42,0.9770145416259766
Learned,Learned Basis,-0.14,43,0.9780559539794922
Learned,Learned Basis,-0.13,0,0.976956844329834
Learned,Learned Basis,-0.13,1,0.9777430295944214
Learned,Learned Basis,-0.13,2,0.9813961982727051
Learned,Learned Basis,-0.13,3,0.9796022176742554
Learned,Learned Basis,-0.13,4,0.9805527925491333
Learned,Learned Basis,-0.13,5,0.978969395160675
Learned,Learned Basis,-0.13,6,0.9781898856163025
Learned,Learned Basis,-0.13,7,0.9824841022491455
Learned,Learned Basis,-0.13,8,0.9824010133743286
Learned,Learned Basis,-0.13,9,0.9812933802604675
Learned,Learned Basis,-0.13,10,0.9825014472007751
Learned,Learned Basis,-0.13,11,0.9838101863861084
Learned,Learned Basis,-0.13,12,0.9810829758644104
Learned,Learned Basis,-0.13,13,0.981686532497406
Learned,Learned Basis,-0.13,14,0.9817479252815247
Learned,Learned Basis,-0.13,15,0.9832494854927063
Learned,Learned Basis,-0.13,16,0.9801361560821533
Learned,Learned Basis,-0.13,17,0.9829356670379639
Learned,Learned Basis,-0.13,18,0.9824455380439758
Learned,Learned Basis,-0.13,19,0.9803007245063782
Learned,Learned Basis,-0.13,20,0.9817909598350525
Learned,Learned Basis,-0.13,21,0.9743476510047913
Learned,Learned Basis,-0.13,22,0.9595912098884583
Learned,Learned Basis,-0.13,23,0.9589890837669373
Learned,Learned Basis,-0.13,24,0.9680433869361877
Learned,Learned Basis,-0.13,25,0.9750407338142395
Learned,Learned Basis,-0.13,26,0.9604005217552185
Learned,Learned Basis,-0.13,27,0.9614461660385132
Learned,Learned Basis,-0.13,28,0.9619832634925842
Learned,Learned Basis,-0.13,29,0.9689141511917114
Learned,Learned Basis,-0.13,30,0.9720382690429688
Learned,Learned Basis,-0.13,31,0.969814121723175
Learned,Learned Basis,-0.13,32,0.9725360870361328
Learned,Learned Basis,-0.13,33,0.9731374979019165
Learned,Learned Basis,-0.13,34,0.9769278764724731
Learned,Learned Basis,-0.13,35,0.9758512377738953
Learned,Learned Basis,-0.13,36,0.9748333692550659
Learned,Learned Basis,-0.13,37,0.9761496186256409
Learned,Learned Basis,-0.13,38,0.9756441116333008
Learned,Learned Basis,-0.13,39,0.9772279262542725
Learned,Learned Basis,-0.13,40,0.9782451391220093
Learned,Learned Basis,-0.13,41,0.9761899709701538
Learned,Learned Basis,-0.13,42,0.9771124124526978
Learned,Learned Basis,-0.13,43,0.9781585335731506
Learned,Learned Basis,-0.12000000000000001,0,0.9770359992980957
Learned,Learned Basis,-0.12000000000000001,1,0.9778400659561157
Learned,Learned Basis,-0.12000000000000001,2,0.9814892411231995
Learned,Learned Basis,-0.12000000000000001,3,0.9796817898750305
Learned,Learned Basis,-0.12000000000000001,4,0.9806327819824219
Learned,Learned Basis,-0.12000000000000001,5,0.9790560007095337
Learned,Learned Basis,-0.12000000000000001,6,0.9782726764678955
Learned,Learned Basis,-0.12000000000000001,7,0.9825723171234131
Learned,Learned Basis,-0.12000000000000001,8,0.9824900031089783
Learned,Learned Basis,-0.12000000000000001,9,0.9813873171806335
Learned,Learned Basis,-0.12000000000000001,10,0.9826008677482605
Learned,Learned Basis,-0.12000000000000001,11,0.9838983416557312
Learned,Learned Basis,-0.12000000000000001,12,0.9811847805976868
Learned,Learned Basis,-0.12000000000000001,13,0.9817855954170227
Learned,Learned Basis,-0.12000000000000001,14,0.9818622469902039
Learned,Learned Basis,-0.12000000000000001,15,0.9833703637123108
Learned,Learned Basis,-0.12000000000000001,16,0.9802721738815308
Learned,Learned Basis,-0.12000000000000001,17,0.9830979704856873
Learned,Learned Basis,-0.12000000000000001,18,0.9826161861419678
Learned,Learned Basis,-0.12000000000000001,19,0.9805827736854553
Learned,Learned Basis,-0.12000000000000001,20,0.9822165369987488
Learned,Learned Basis,-0.12000000000000001,21,0.9752678275108337
Learned,Learned Basis,-0.12000000000000001,22,0.962666392326355
Learned,Learned Basis,-0.12000000000000001,23,0.9619569778442383
Learned,Learned Basis,-0.12000000000000001,24,0.9696045517921448
Learned,Learned Basis,-0.12000000000000001,25,0.9758086800575256
Learned,Learned Basis,-0.12000000000000001,26,0.9620798230171204
Learned,Learned Basis,-0.12000000000000001,27,0.9631566405296326
Learned,Learned Basis,-0.12000000000000001,28,0.9639302492141724
Learned,Learned Basis,-0.12000000000000001,29,0.9693065285682678
Learned,Learned Basis,-0.12000000000000001,30,0.9723067879676819
Learned,Learned Basis,-0.12000000000000001,31,0.9702022671699524
Learned,Learned Basis,-0.12000000000000001,32,0.9728267192840576
Learned,Learned Basis,-0.12000000000000001,33,0.9733521342277527
Learned,Learned Basis,-0.12000000000000001,34,0.9770708084106445
Learned,Learned Basis,-0.12000000000000001,35,0.9760057926177979
Learned,Learned Basis,-0.12000000000000001,36,0.9749754071235657
Learned,Learned Basis,-0.12000000000000001,37,0.9762797355651855
Learned,Learned Basis,-0.12000000000000001,38,0.9757586717605591
Learned,Learned Basis,-0.12000000000000001,39,0.9773289561271667
Learned,Learned Basis,-0.12000000000000001,40,0.9783362746238708
Learned,Learned Basis,-0.12000000000000001,41,0.9763020873069763
Learned,Learned Basis,-0.12000000000000001,42,0.9772032499313354
Learned,Learned Basis,-0.12000000000000001,43,0.9782538414001465
Learned,Learned Basis,-0.11000000000000001,0,0.9771082997322083
Learned,Learned Basis,-0.11000000000000001,1,0.9779297709465027
Learned,Learned Basis,-0.11000000000000001,2,0.9815754294395447
Learned,Learned Basis,-0.11000000000000001,3,0.9797539710998535
Learned,Learned Basis,-0.11000000000000001,4,0.9807063341140747
Learned,Learned Basis,-0.11000000000000001,5,0.9791362285614014
Learned,Learned Basis,-0.11000000000000001,6,0.9783494472503662
Learned,Learned Basis,-0.11000000000000001,7,0.9826538562774658
Learned,Learned Basis,-0.11000000000000001,8,0.9825723171234131
Learned,Learned Basis,-0.11000000000000001,9,0.9814735651016235
Learned,Learned Basis,-0.11000000000000001,10,0.9826933741569519
Learned,Learned Basis,-0.11000000000000001,11,0.9839795231819153
Learned,Learned Basis,-0.11000000000000001,12,0.9812790751457214
Learned,Learned Basis,-0.11000000000000001,13,0.9818769693374634
Learned,Learned Basis,-0.11000000000000001,14,0.9819681644439697
Learned,Learned Basis,-0.11000000000000001,15,0.9834827184677124
Learned,Learned Basis,-0.11000000000000001,16,0.9803974032402039
Learned,Learned Basis,-0.11000000000000001,17,0.9832491278648376
Learned,Learned Basis,-0.11000000000000001,18,0.9827751517295837
Learned,Learned Basis,-0.11000000000000001,19,0.9808452725410461
Learned,Learned Basis,-0.11000000000000001,20,0.9826117157936096
Learned,Learned Basis,-0.11000000000000001,21,0.9761252403259277
Learned,Learned Basis,-0.11000000000000001,22,0.9655312299728394
Learned,Learned Basis,-0.11000000000000001,23,0.9647173881530762
Learned,Learned Basis,-0.11000000000000001,24,0.9710391163825989
Learned,Learned Basis,-0.11000000000000001,25,0.9765113592147827
Learned,Learned Basis,-0.11000000000000001,26,0.9636309146881104
Learned,Learned Basis,-0.11000000000000001,27,0.9647385478019714
Learned,Learned Basis,-0.11000000000000001,28,0.9657273292541504
Learned,Learned Basis,-0.11000000000000001,29,0.9696726202964783
Learned,Learned Basis,-0.11000000000000001,30,0.9725572466850281
Learned,Learned Basis,-0.11000000000000001,31,0.9705613255500793
Learned,Learned Basis,-0.11000000000000001,32,0.9730939865112305
Learned,Learned Basis,-0.11000000000000001,33,0.9735507369041443
Learned,Learned Basis,-0.11000000000000001,34,0.9772038459777832
Learned,Learned Basis,-0.11000000000000001,35,0.9761487245559692
Learned,Learned Basis,-0.11000000000000001,36,0.9751068353652954
Learned,Learned Basis,-0.11000000000000001,37,0.9764004945755005
Learned,Learned Basis,-0.11000000000000001,38,0.9758636951446533
Learned,Learned Basis,-0.11000000000000001,39,0.9774208664894104
Learned,Learned Basis,-0.11000000000000001,40,0.9784198999404907
Learned,Learned Basis,-0.11000000000000001,41,0.9764055013656616
Learned,Learned Basis,-0.11000000000000001,42,0.9772865176200867
Learned,Learned Basis,-0.11000000000000001,43,0.9783417582511902
Learned,Learned Basis,-0.1,0,0.9771736264228821
Learned,Learned Basis,-0.1,1,0.9780125617980957
Learned,Learned Basis,-0.1,2,0.9816543459892273
Learned,Learned Basis,-0.1,3,0.9798187017440796
Learned,Learned Basis,-0.1,4,0.980774462223053
Learned,Learned Basis,-0.1,5,0.979209840297699
Learned,Learned Basis,-0.1,6,0.9784190058708191
Learned,Learned Basis,-0.1,7,0.9827284812927246
Learned,Learned Basis,-0.1,8,0.9826480150222778
Learned,Learned Basis,-0.1,9,0.9815526604652405
Learned,Learned Basis,-0.1,10,0.9827792644500732
Learned,Learned Basis,-0.1,11,0.9840543270111084
Learned,Learned Basis,-0.1,12,0.9813660979270935
Learned,Learned Basis,-0.1,13,0.9819601774215698
Learned,Learned Basis,-0.1,14,0.9820661544799805
Learned,Learned Basis,-0.1,15,0.9835865497589111
Learned,Learned Basis,-0.1,16,0.9805123805999756
Learned,Learned Basis,-0.1,17,0.9833891987800598
Learned,Learned Basis,-0.1,18,0.9829214811325073
Learned,Learned Basis,-0.1,19,0.9810876250267029
Learned,Learned Basis,-0.1,20,0.9829757213592529
Learned,Learned Basis,-0.1,21,0.9769173860549927
Learned,Learned Basis,-0.1,22,0.9681789875030518
Learned,Learned Basis,-0.1,23,0.9672644138336182
Learned,Learned Basis,-0.1,24,0.9723461270332336
Learned,Learned Basis,-0.1,25,0.977148711681366
Learned,Learned Basis,-0.1,26,0.9650522470474243
Learned,Learned Basis,-0.1,27,0.9661913514137268
Learned,Learned Basis,-0.1,28,0.9673725366592407
Learned,Learned Basis,-0.1,29,0.9700121879577637
Learned,Learned Basis,-0.1,30,0.972788393497467
Learned,Learned Basis,-0.1,31,0.9708912372589111
Learned,Learned Basis,-0.1,32,0.9733372926712036
Learned,Learned Basis,-0.1,33,0.973733127117157
Learned,Learned Basis,-0.1,34,0.9773260354995728
Learned,Learned Basis,-0.1,35,0.9762798547744751
Learned,Learned Basis,-0.1,36,0.9752272367477417
Learned,Learned Basis,-0.1,37,0.9765109419822693
Learned,Learned Basis,-0.1,38,0.9759594798088074
Learned,Learned Basis,-0.1,39,0.9775038361549377
Learned,Learned Basis,-0.1,40,0.9784960746765137
Learned,Learned Basis,-0.1,41,0.976500391960144
Learned,Learned Basis,-0.1,42,0.9773620963096619
Learned,Learned Basis,-0.1,43,0.9784224033355713
Learned,Learned Basis,-0.09000000000000001,0,0.9772317409515381
Learned,Learned Basis,-0.09000000000000001,1,0.9780883193016052
Learned,Learned Basis,-0.09000000000000001,2,0.9817262291908264
Learned,Learned Basis,-0.09000000000000001,3,0.979875922203064
Learned,Learned Basis,-0.09000000000000001,4,0.9808358550071716
Learned,Learned Basis,-0.09000000000000001,5,0.9792770147323608
Learned,Learned Basis,-0.09000000000000001,6,0.9784825444221497
Learned,Learned Basis,-0.09000000000000001,7,0.9827961325645447
Learned,Learned Basis,-0.09000000000000001,8,0.9827163219451904
Learned,Learned Basis,-0.09000000000000001,9,0.9816246032714844
Learned,Learned Basis,-0.09000000000000001,10,0.9828577041625977
Learned,Learned Basis,-0.09000000000000001,11,0.9841216802597046
Learned,Learned Basis,-0.09000000000000001,12,0.9814452528953552
Learned,Learned Basis,-0.09000000000000001,13,0.9820353984832764
Learned,Learned Basis,-0.09000000000000001,14,0.9821559190750122
Learned,Learned Basis,-0.09000000000000001,15,0.9836817979812622
Learned,Learned Basis,-0.09000000000000001,16,0.9806165099143982
Learned,Learned Basis,-0.09000000000000001,17,0.9835178256034851
Learned,Learned Basis,-0.09000000000000001,18,0.983055591583252
Learned,Learned Basis,-0.09000000000000001,19,0.9813089370727539
Learned,Learned Basis,-0.09000000000000001,20,0.983306884765625
Learned,Learned Basis,-0.09000000000000001,21,0.9776415824890137
Learned,Learned Basis,-0.09000000000000001,22,0.9706007242202759
Learned,Learned Basis,-0.09000000000000001,23,0.9695947170257568
Learned,Learned Basis,-0.09000000000000001,24,0.9735245108604431
Learned,Learned Basis,-0.09000000000000001,25,0.9777204394340515
Learned,Learned Basis,-0.09000000000000001,26,0.9663419127464294
Learned,Learned Basis,-0.09000000000000001,27,0.967514157295227
Learned,Learned Basis,-0.09000000000000001,28,0.968865156173706
Learned,Learned Basis,-0.09000000000000001,29,0.9703241586685181
Learned,Learned Basis,-0.09000000000000001,30,0.9730003476142883
Learned,Learned Basis,-0.09000000000000001,31,0.9711910486221313
Learned,Learned Basis,-0.09000000000000001,32,0.9735564589500427
Learned,Learned Basis,-0.09000000000000001,33,0.9738994836807251
Learned,Learned Basis,-0.09000000000000001,34,0.9774373769760132
Learned,Learned Basis,-0.09000000000000001,35,0.9763994812965393
Learned,Learned Basis,-0.09000000000000001,36,0.9753367304801941
Learned,Learned Basis,-0.09000000000000001,37,0.9766119122505188
Learned,Learned Basis,-0.09000000000000001,38,0.9760456681251526
Learned,Learned Basis,-0.09000000000000001,39,0.9775773882865906
Learned,Learned Basis,-0.09000000000000001,40,0.978564977645874
Learned,Learned Basis,-0.09000000000000001,41,0.9765865802764893
Learned,Learned Basis,-0.09000000000000001,42,0.9774298667907715
Learned,Learned Basis,-0.09000000000000001,43,0.978495717048645
Learned,Learned Basis,-0.08000000000000002,0,0.9772830009460449
Learned,Learned Basis,-0.08000000000000002,1,0.9781572222709656
Learned,Learned Basis,-0.08000000000000002,2,0.981791079044342
Learned,Learned Basis,-0.08000000000000002,3,0.9799254536628723
Learned,Learned Basis,-0.08000000000000002,4,0.9808909296989441
Learned,Learned Basis,-0.08000000000000002,5,0.9793371558189392
Learned,Learned Basis,-0.08000000000000002,6,0.9785386919975281
Learned,Learned Basis,-0.08000000000000002,7,0.9828571677207947
Learned,Learned Basis,-0.08000000000000002,8,0.9827780723571777
Learned,Learned Basis,-0.08000000000000002,9,0.9816890358924866
Learned,Learned Basis,-0.08000000000000002,10,0.9829292893409729
Learned,Learned Basis,-0.08000000000000002,11,0.9841819405555725
Learned,Learned Basis,-0.08000000000000002,12,0.98151695728302
Learned,Learned Basis,-0.08000000000000002,13,0.9821023941040039
Learned,Learned Basis,-0.08000000000000002,14,0.982236921787262
Learned,Learned Basis,-0.08000000000000002,15,0.9837679862976074
Learned,Learned Basis,-0.08000000000000002,16,0.9807101488113403
Learned,Learned Basis,-0.08000000000000002,17,0.9836347699165344
Learned,Learned Basis,-0.08000000000000002,18,0.9831759929656982
Learned,Learned Basis,-0.08000000000000002,19,0.981509268283844
Learned,Learned Basis,-0.08000000000000002,20,0.9836047887802124
Learned,Learned Basis,-0.08000000000000002,21,0.9782960414886475
Learned,Learned Basis,-0.08000000000000002,22,0.9727912545204163
Learned,Learned Basis,-0.08000000000000002,23,0.9717035889625549
Learned,Learned Basis,-0.08000000000000002,24,0.974574089050293
Learned,Learned Basis,-0.08000000000000002,25,0.9782266020774841
Learned,Learned Basis,-0.08000000000000002,26,0.967498242855072
Learned,Learned Basis,-0.08000000000000002,27,0.9687055945396423
Learned,Learned Basis,-0.08000000000000002,28,0.9702035188674927
Learned,Learned Basis,-0.08000000000000002,29,0.9706084728240967
Learned,Learned Basis,-0.08000000000000002,30,0.9731926918029785
Learned,Learned Basis,-0.08000000000000002,31,0.97146075963974
Learned,Learned Basis,-0.08000000000000002,32,0.9737512469291687
Learned,Learned Basis,-0.08000000000000002,33,0.9740490317344666
Learned,Learned Basis,-0.08000000000000002,34,0.9775380492210388
Learned,Learned Basis,-0.08000000000000002,35,0.9765070676803589
Learned,Learned Basis,-0.08000000000000002,36,0.9754349589347839
Learned,Learned Basis,-0.08000000000000002,37,0.9767025709152222
Learned,Learned Basis,-0.08000000000000002,38,0.9761221408843994
Learned,Learned Basis,-0.08000000000000002,39,0.9776418805122375
Learned,Learned Basis,-0.08000000000000002,40,0.9786264300346375
Learned,Learned Basis,-0.08000000000000002,41,0.9766638278961182
Learned,Learned Basis,-0.08000000000000002,42,0.9774904847145081
Learned,Learned Basis,-0.08000000000000002,43,0.9785614609718323
Learned,Learned Basis,-0.07,0,0.9773269295692444
Learned,Learned Basis,-0.07,1,0.9782190322875977
Learned,Learned Basis,-0.07,2,0.9818490743637085
Learned,Learned Basis,-0.07,3,0.9799673557281494
Learned,Learned Basis,-0.07,4,0.9809397459030151
Learned,Learned Basis,-0.07,5,0.9793912768363953
Learned,Learned Basis,-0.07,6,0.978588342666626
Learned,Learned Basis,-0.07,7,0.9829111695289612
Learned,Learned Basis,-0.07,8,0.9828323125839233
Learned,Learned Basis,-0.07,9,0.9817458987236023
Learned,Learned Basis,-0.07,10,0.9829937815666199
Learned,Learned Basis,-0.07,11,0.9842351675033569
Learned,Learned Basis,-0.07,12,0.9815808534622192
Learned,Learned Basis,-0.07,13,0.9821613430976868
Learned,Learned Basis,-0.07,14,0.9823099374771118
Learned,Learned Basis,-0.07,15,0.9838454127311707
Learned,Learned Basis,-0.07,16,0.9807924628257751
Learned,Learned Basis,-0.07,17,0.9837398529052734
Learned,Learned Basis,-0.07,18,0.9832834005355835
Learned,Learned Basis,-0.07,19,0.981687605381012
Learned,Learned Basis,-0.07,20,0.9838683009147644
Learned,Learned Basis,-0.07,21,0.9788790941238403
Learned,Learned Basis,-0.07,22,0.9747442007064819
Learned,Learned Basis,-0.07,23,0.9735867977142334
Learned,Learned Basis,-0.07,24,0.9754937291145325
Learned,Learned Basis,-0.07,25,0.9786661267280579
Learned,Learned Basis,-0.07,26,0.9685201048851013
Learned,Learned Basis,-0.07,27,0.9697656035423279
Learned,Learned Basis,-0.07,28,0.971386730670929
Learned,Learned Basis,-0.07,29,0.9708641767501831
Learned,Learned Basis,-0.07,30,0.9733651876449585
Learned,Learned Basis,-0.07,31,0.9716997742652893
Learned,Learned Basis,-0.07,32,0.9739209413528442
Learned,Learned Basis,-0.07,33,0.9741823077201843
Learned,Learned Basis,-0.07,34,0.9776279330253601
Learned,Learned Basis,-0.07,35,0.9766025543212891
Learned,Learned Basis,-0.07,36,0.9755221009254456
Learned,Learned Basis,-0.07,37,0.9767835140228271
Learned,Learned Basis,-0.07,38,0.9761889576911926
Learned,Learned Basis,-0.07,39,0.9776970744132996
Learned,Learned Basis,-0.07,40,0.9786801934242249
Learned,Learned Basis,-0.07,41,0.9767323136329651
Learned,Learned Basis,-0.07,42,0.9775431156158447
Learned,Learned Basis,-0.07,43,0.9786198735237122
Learned,Learned Basis,-0.06,0,0.9773638844490051
Learned,Learned Basis,-0.06,1,0.978273332118988
Learned,Learned Basis,-0.06,2,0.9818991422653198
Learned,Learned Basis,-0.06,3,0.9800018668174744
Learned,Learned Basis,-0.06,4,0.9809824228286743
Learned,Learned Basis,-0.06,5,0.9794380068778992
Learned,Learned Basis,-0.06,6,0.9786314368247986
Learned,Learned Basis,-0.06,7,0.9829578399658203
Learned,Learned Basis,-0.06,8,0.9828797578811646
Learned,Learned Basis,-0.06,9,0.9817954301834106
Learned,Learned Basis,-0.06,10,0.9830509424209595
Learned,Learned Basis,-0.06,11,0.984281063079834
Learned,Learned Basis,-0.06,12,0.9816370010375977
Learned,Learned Basis,-0.06,13,0.9822118878364563
Learned,Learned Basis,-0.06,14,0.9823737740516663
Learned,Learned Basis,-0.06,15,0.9839131832122803
Learned,Learned Basis,-0.06,16,0.9808636903762817
Learned,Learned Basis,-0.06,17,0.9838325381278992
Learned,Learned Basis,-0.06,18,0.9833771586418152
Learned,Learned Basis,-0.06,19,0.9818433523178101
Learned,Learned Basis,-0.06,20,0.9840970039367676
Learned,Learned Basis,-0.06,21,0.9793884754180908
Learned,Learned Basis,-0.06,22,0.9764549136161804
Learned,Learned Basis,-0.06,23,0.9752416014671326
Learned,Learned Basis,-0.06,24,0.9762826561927795
Learned,Learned Basis,-0.06,25,0.9790387749671936
Learned,Learned Basis,-0.06,26,0.9694063067436218
Learned,Learned Basis,-0.06,27,0.9706931114196777
Learned,Learned Basis,-0.06,28,0.9724140763282776
Learned,Learned Basis,-0.06,29,0.9710912108421326
Learned,Learned Basis,-0.06,30,0.9735175967216492
Learned,Learned Basis,-0.06,31,0.9719078540802002
Learned,Learned Basis,-0.06,32,0.9740657806396484
Learned,Learned Basis,-0.06,33,0.9742987155914307
Learned,Learned Basis,-0.06,34,0.9777067303657532
Learned,Learned Basis,-0.06,35,0.9766860008239746
Learned,Learned Basis,-0.06,36,0.9755979776382446
Learned,Learned Basis,-0.06,37,0.9768540263175964
Learned,Learned Basis,-0.06,38,0.9762462377548218
Learned,Learned Basis,-0.06,39,0.9777431488037109
Learned,Learned Basis,-0.06,40,0.9787266254425049
Learned,Learned Basis,-0.06,41,0.9767918586730957
Learned,Learned Basis,-0.06,42,0.977588415145874
Learned,Learned Basis,-0.06,43,0.9786708950996399
Learned,Learned Basis,-0.05000000000000002,0,0.9773939251899719
Learned,Learned Basis,-0.05000000000000002,1,0.9783210158348083
Learned,Learned Basis,-0.05000000000000002,2,0.9819424152374268
Learned,Learned Basis,-0.05000000000000002,3,0.9800286293029785
Learned,Learned Basis,-0.05000000000000002,4,0.9810186624526978
Learned,Learned Basis,-0.05000000000000002,5,0.9794781804084778
Learned,Learned Basis,-0.05000000000000002,6,0.9786674976348877
Learned,Learned Basis,-0.05000000000000002,7,0.9829978942871094
Learned,Learned Basis,-0.05000000000000002,8,0.9829198718070984
Learned,Learned Basis,-0.05000000000000002,9,0.9818373322486877
Learned,Learned Basis,-0.05000000000000002,10,0.9831006526947021
Learned,Learned Basis,-0.05000000000000002,11,0.984319269657135
Learned,Learned Basis,-0.05000000000000002,12,0.9816848635673523
Learned,Learned Basis,-0.05000000000000002,13,0.9822542071342468
Learned,Learned Basis,-0.05000000000000002,14,0.9824290871620178
Learned,Learned Basis,-0.05000000000000002,15,0.9839721918106079
Learned,Learned Basis,-0.05000000000000002,16,0.9809235334396362
Learned,Learned Basis,-0.05000000000000002,17,0.9839131832122803
Learned,Learned Basis,-0.05000000000000002,18,0.9834571480751038
Learned,Learned Basis,-0.05000000000000002,19,0.9819762706756592
Learned,Learned Basis,-0.05000000000000002,20,0.9842901229858398
Learned,Learned Basis,-0.05000000000000002,21,0.9798231720924377
Learned,Learned Basis,-0.05000000000000002,22,0.9779184460639954
Learned,Learned Basis,-0.05000000000000002,23,0.9766649007797241
Learned,Learned Basis,-0.05000000000000002,24,0.9769412875175476
Learned,Learned Basis,-0.05000000000000002,25,0.9793452620506287
Learned,Learned Basis,-0.05000000000000002,26,0.9701557755470276
Learned,Learned Basis,-0.05000000000000002,27,0.9714874625205994
Learned,Learned Basis,-0.05000000000000002,28,0.9732845425605774
Learned,Learned Basis,-0.05000000000000002,29,0.9712888598442078
Learned,Learned Basis,-0.05000000000000002,30,0.9736495614051819
Learned,Learned Basis,-0.05000000000000002,31,0.9720848798751831
Learned,Learned Basis,-0.05000000000000002,32,0.9741854667663574
Learned,Learned Basis,-0.05000000000000002,33,0.974398136138916
Learned,Learned Basis,-0.05000000000000002,34,0.9777745008468628
Learned,Learned Basis,-0.05000000000000002,35,0.9767569899559021
Learned,Learned Basis,-0.05000000000000002,36,0.9756622910499573
Learned,Learned Basis,-0.05000000000000002,37,0.9769144058227539
Learned,Learned Basis,-0.05000000000000002,38,0.976293683052063
Learned,Learned Basis,-0.05000000000000002,39,0.9777795076370239
Learned,Learned Basis,-0.05000000000000002,40,0.9787652492523193
Learned,Learned Basis,-0.05000000000000002,41,0.9768425822257996
Learned,Learned Basis,-0.05000000000000002,42,0.9776256084442139
Learned,Learned Basis,-0.05000000000000002,43,0.9787141680717468
Learned,Learned Basis,-0.04000000000000001,0,0.9774166941642761
Learned,Learned Basis,-0.04000000000000001,1,0.9783609509468079
Learned,Learned Basis,-0.04000000000000001,2,0.981978178024292
Learned,Learned Basis,-0.04000000000000001,3,0.9800475239753723
Learned,Learned Basis,-0.04000000000000001,4,0.9810484051704407
Learned,Learned Basis,-0.04000000000000001,5,0.9795118570327759
Learned,Learned Basis,-0.04000000000000001,6,0.9786967635154724
Learned,Learned Basis,-0.04000000000000001,7,0.9830306172370911
Learned,Learned Basis,-0.04000000000000001,8,0.9829527139663696
Learned,Learned Basis,-0.04000000000000001,9,0.981871485710144
Learned,Learned Basis,-0.04000000000000001,10,0.9831432700157166
Learned,Learned Basis,-0.04000000000000001,11,0.9843506813049316
Learned,Learned Basis,-0.04000000000000001,12,0.9817247986793518
Learned,Learned Basis,-0.04000000000000001,13,0.9822877049446106
Learned,Learned Basis,-0.04000000000000001,14,0.9824754595756531
Learned,Learned Basis,-0.04000000000000001,15,0.9840216040611267
Learned,Learned Basis,-0.04000000000000001,16,0.9809719920158386
Learned,Learned Basis,-0.04000000000000001,17,0.9839809536933899
Learned,Learned Basis,-0.04000000000000001,18,0.9835231900215149
Learned,Learned Basis,-0.04000000000000001,19,0.9820857048034668
Learned,Learned Basis,-0.04000000000000001,20,0.98444664478302
Learned,Learned Basis,-0.04000000000000001,21,0.9801818132400513
Learned,Learned Basis,-0.04000000000000001,22,0.9791316390037537
Learned,Learned Basis,-0.04000000000000001,23,0.9778544306755066
Learned,Learned Basis,-0.04000000000000001,24,0.9774683713912964
Learned,Learned Basis,-0.04000000000000001,25,0.9795844554901123
Learned,Learned Basis,-0.04000000000000001,26,0.9707674980163574
Learned,Learned Basis,-0.04000000000000001,27,0.9721484184265137
Learned,Learned Basis,-0.04000000000000001,28,0.9739975333213806
Learned,Learned Basis,-0.04000000000000001,29,0.9714570641517639
Learned,Learned Basis,-0.04000000000000001,30,0.9737610220909119
Learned,Learned Basis,-0.04000000000000001,31,0.9722301959991455
Learned,Learned Basis,-0.04000000000000001,32,0.974279522895813
Learned,Learned Basis,-0.04000000000000001,33,0.9744808673858643
Learned,Learned Basis,-0.04000000000000001,34,0.9778308868408203
Learned,Learned Basis,-0.04000000000000001,35,0.9768157601356506
Learned,Learned Basis,-0.04000000000000001,36,0.9757153391838074
Learned,Learned Basis,-0.04000000000000001,37,0.97696453332901
Learned,Learned Basis,-0.04000000000000001,38,0.976331353187561
Learned,Learned Basis,-0.04000000000000001,39,0.9778070449829102
Learned,Learned Basis,-0.04000000000000001,40,0.9787964224815369
Learned,Learned Basis,-0.04000000000000001,41,0.9768842458724976
Learned,Learned Basis,-0.04000000000000001,42,0.9776553511619568
Learned,Learned Basis,-0.04000000000000001,43,0.9787501096725464
Learned,Learned Basis,-0.03,0,0.9774325489997864
Learned,Learned Basis,-0.03,1,0.9783939123153687
Learned,Learned Basis,-0.03,2,0.9820069074630737
Learned,Learned Basis,-0.03,3,0.9800592064857483
Learned,Learned Basis,-0.03,4,0.9810720086097717
Learned,Learned Basis,-0.03,5,0.9795383214950562
Learned,Learned Basis,-0.03,6,0.9787193536758423
Learned,Learned Basis,-0.03,7,0.9830566644668579
Learned,Learned Basis,-0.03,8,0.9829788208007812
Learned,Learned Basis,-0.03,9,0.9818981885910034
Learned,Learned Basis,-0.03,10,0.9831781387329102
Learned,Learned Basis,-0.03,11,0.9843742251396179
Learned,Learned Basis,-0.03,12,0.9817569851875305
Learned,Learned Basis,-0.03,13,0.9823130965232849
Learned,Learned Basis,-0.03,14,0.9825127720832825
Learned,Learned Basis,-0.03,15,0.9840614795684814
Learned,Learned Basis,-0.03,16,0.9810090065002441
Learned,Learned Basis,-0.03,17,0.9840359091758728
Learned,Learned Basis,-0.03,18,0.9835753440856934
Learned,Learned Basis,-0.03,19,0.9821721911430359
Learned,Learned Basis,-0.03,20,0.984566867351532
Learned,Learned Basis,-0.03,21,0.9804632663726807
Learned,Learned Basis,-0.03,22,0.9800910353660583
Learned,Learned Basis,-0.03,23,0.9788073897361755
Learned,Learned Basis,-0.03,24,0.9778640270233154
Learned,Learned Basis,-0.03,25,0.9797568917274475
Learned,Learned Basis,-0.03,26,0.9712409377098083
Learned,Learned Basis,-0.03,27,0.9726754426956177
Learned,Learned Basis,-0.03,28,0.9745523929595947
Learned,Learned Basis,-0.03,29,0.9715954661369324
Learned,Learned Basis,-0.03,30,0.9738517999649048
Learned,Learned Basis,-0.03,31,0.9723442196846008
Learned,Learned Basis,-0.03,32,0.9743483662605286
Learned,Learned Basis,-0.03,33,0.9745461940765381
Learned,Learned Basis,-0.03,34,0.9778764247894287
Learned,Learned Basis,-0.03,35,0.9768620133399963
Learned,Learned Basis,-0.03,36,0.9757567644119263
Learned,Learned Basis,-0.03,37,0.9770042300224304
Learned,Learned Basis,-0.03,38,0.9763590693473816
Learned,Learned Basis,-0.03,39,0.9778249263763428
Learned,Learned Basis,-0.03,40,0.9788199663162231
Learned,Learned Basis,-0.03,41,0.9769167304039001
Learned,Learned Basis,-0.03,42,0.9776771664619446
Learned,Learned Basis,-0.03,43,0.9787782430648804
Learned,Learned Basis,-0.020000000000000018,0,0.9774409532546997
Learned,Learned Basis,-0.020000000000000018,1,0.9784194827079773
Learned,Learned Basis,-0.020000000000000018,2,0.9820282459259033
Learned,Learned Basis,-0.020000000000000018,3,0.9800631403923035
Learned,Learned Basis,-0.020000000000000018,4,0.9810892343521118
Learned,Learned Basis,-0.020000000000000018,5,0.9795581698417664
Learned,Learned Basis,-0.020000000000000018,6,0.9787351489067078
Learned,Learned Basis,-0.020000000000000018,7,0.9830752611160278
Learned,Learned Basis,-0.020000000000000018,8,0.9829975366592407
Learned,Learned Basis,-0.020000000000000018,9,0.9819170832633972
Learned,Learned Basis,-0.020000000000000018,10,0.9832055568695068
Learned,Learned Basis,-0.020000000000000018,11,0.9843908548355103
Learned,Learned Basis,-0.020000000000000018,12,0.9817807078361511
Learned,Learned Basis,-0.020000000000000018,13,0.9823296070098877
Learned,Learned Basis,-0.020000000000000018,14,0.9825412034988403
Learned,Learned Basis,-0.020000000000000018,15,0.9840921759605408
Learned,Learned Basis,-0.020000000000000018,16,0.9810341596603394
Learned,Learned Basis,-0.020000000000000018,17,0.9840779900550842
Learned,Learned Basis,-0.020000000000000018,18,0.9836130738258362
Learned,Learned Basis,-0.020000000000000018,19,0.9822345972061157
Learned,Learned Basis,-0.020000000000000018,20,0.9846502542495728
Learned,Learned Basis,-0.020000000000000018,21,0.9806669354438782
Learned,Learned Basis,-0.020000000000000018,22,0.9807934761047363
Learned,Learned Basis,-0.020000000000000018,23,0.9795224070549011
Learned,Learned Basis,-0.020000000000000018,24,0.9781279563903809
Learned,Learned Basis,-0.020000000000000018,25,0.9798620343208313
Learned,Learned Basis,-0.020000000000000018,26,0.9715753197669983
Learned,Learned Basis,-0.020000000000000018,27,0.9730680584907532
Learned,Learned Basis,-0.020000000000000018,28,0.974948525428772
Learned,Learned Basis,-0.020000000000000018,29,0.9717038869857788
Learned,Learned Basis,-0.020000000000000018,30,0.9739213585853577
Learned,Learned Basis,-0.020000000000000018,31,0.9724259972572327
Learned,Learned Basis,-0.020000000000000018,32,0.9743911623954773
Learned,Learned Basis,-0.020000000000000018,33,0.9745945334434509
Learned,Learned Basis,-0.020000000000000018,34,0.977910578250885
Learned,Learned Basis,-0.020000000000000018,35,0.9768959879875183
Learned,Learned Basis,-0.020000000000000018,36,0.9757868051528931
Learned,Learned Basis,-0.020000000000000018,37,0.9770335555076599
Learned,Learned Basis,-0.020000000000000018,38,0.9763771295547485
Learned,Learned Basis,-0.020000000000000018,39,0.9778333902359009
Learned,Learned Basis,-0.020000000000000018,40,0.9788357019424438
Learned,Learned Basis,-0.020000000000000018,41,0.9769403338432312
Learned,Learned Basis,-0.020000000000000018,42,0.977691113948822
Learned,Learned Basis,-0.020000000000000018,43,0.9787989854812622
Learned,Learned Basis,-0.010000000000000009,0,0.9774423241615295
Learned,Learned Basis,-0.010000000000000009,1,0.9784377813339233
Learned,Learned Basis,-0.010000000000000009,2,0.9820421934127808
Learned,Learned Basis,-0.010000000000000009,3,0.9800593852996826
Learned,Learned Basis,-0.010000000000000009,4,0.9810996055603027
Learned,Learned Basis,-0.010000000000000009,5,0.9795711040496826
Learned,Learned Basis,-0.010000000000000009,6,0.9787439703941345
Learned,Learned Basis,-0.010000000000000009,7,0.9830865859985352
Learned,Learned Basis,-0.010000000000000009,8,0.983008861541748
Learned,Learned Basis,-0.010000000000000009,9,0.9819283485412598
Learned,Learned Basis,-0.010000000000000009,10,0.9832258224487305
Learned,Learned Basis,-0.010000000000000009,11,0.9843998551368713
Learned,Learned Basis,-0.010000000000000009,12,0.9817968010902405
Learned,Learned Basis,-0.010000000000000009,13,0.9823377728462219
Learned,Learned Basis,-0.010000000000000009,14,0.9825607538223267
Learned,Learned Basis,-0.010000000000000009,15,0.9841124415397644
Learned,Learned Basis,-0.010000000000000009,16,0.9810482859611511
Learned,Learned Basis,-0.010000000000000009,17,0.9841076135635376
Learned,Learned Basis,-0.010000000000000009,18,0.9836369752883911
Learned,Learned Basis,-0.010000000000000009,19,0.9822726845741272
Learned,Learned Basis,-0.010000000000000009,20,0.9846966862678528
Learned,Learned Basis,-0.010000000000000009,21,0.9807921648025513
Learned,Learned Basis,-0.010000000000000009,22,0.9812377095222473
Learned,Learned Basis,-0.010000000000000009,23,0.9799982905387878
Learned,Learned Basis,-0.010000000000000009,24,0.9782600402832031
Learned,Learned Basis,-0.010000000000000009,25,0.9799001216888428
Learned,Learned Basis,-0.010000000000000009,26,0.971770703792572
Learned,Learned Basis,-0.010000000000000009,27,0.9733259677886963
Learned,Learned Basis,-0.010000000000000009,28,0.975185751914978
Learned,Learned Basis,-0.010000000000000009,29,0.9717816710472107
Learned,Learned Basis,-0.010000000000000009,30,0.9739702939987183
Learned,Learned Basis,-0.010000000000000009,31,0.972476065158844
Learned,Learned Basis,-0.010000000000000009,32,0.9744085073471069
Learned,Learned Basis,-0.010000000000000009,33,0.9746258854866028
Learned,Learned Basis,-0.010000000000000009,34,0.9779336452484131
Learned,Learned Basis,-0.010000000000000009,35,0.9769173860549927
Learned,Learned Basis,-0.010000000000000009,36,0.9758052825927734
Learned,Learned Basis,-0.010000000000000009,37,0.9770529866218567
Learned,Learned Basis,-0.010000000000000009,38,0.9763851761817932
Learned,Learned Basis,-0.010000000000000009,39,0.9778322577476501
Learned,Learned Basis,-0.010000000000000009,40,0.9788439869880676
Learned,Learned Basis,-0.010000000000000009,41,0.976954996585846
Learned,Learned Basis,-0.010000000000000009,42,0.9776976704597473
Learned,Learned Basis,-0.010000000000000009,43,0.9788119196891785
Learned,Learned Basis,0.0,0,0.9774366617202759
Learned,Learned Basis,0.0,1,0.9784486889839172
Learned,Learned Basis,0.0,2,0.9820486903190613
Learned,Learned Basis,0.0,3,0.9800477027893066
Learned,Learned Basis,0.0,4,0.9811038374900818
Learned,Learned Basis,0.0,5,0.9795773029327393
Learned,Learned Basis,0.0,6,0.9787461161613464
Learned,Learned Basis,0.0,7,0.9830911755561829
Learned,Learned Basis,0.0,8,0.9830132126808167
Learned,Learned Basis,0.0,9,0.9819322228431702
Learned,Learned Basis,0.0,10,0.9832382798194885
Learned,Learned Basis,0.0,11,0.9844013452529907
Learned,Learned Basis,0.0,12,0.9818044304847717
Learned,Learned Basis,0.0,13,0.9823370575904846
Learned,Learned Basis,0.0,14,0.982571005821228
Learned,Learned Basis,0.0,15,0.9841232895851135
Learned,Learned Basis,0.0,16,0.9810504913330078
Learned,Learned Basis,0.0,17,0.9841238856315613
Learned,Learned Basis,0.0,18,0.9836465120315552
Learned,Learned Basis,0.0,19,0.9822875261306763
Learned,Learned Basis,0.0,20,0.9847054481506348
Learned,Learned Basis,0.0,21,0.9808388352394104
Learned,Learned Basis,0.0,22,0.9814229011535645
Learned,Learned Basis,0.0,23,0.9802342057228088
Learned,Learned Basis,0.0,24,0.978259801864624
Learned,Learned Basis,0.0,25,0.9798706769943237
Learned,Learned Basis,0.0,26,0.971826434135437
Learned,Learned Basis,0.0,27,0.9734490513801575
Learned,Learned Basis,0.0,28,0.9752640128135681
Learned,Learned Basis,0.0,29,0.9718294739723206
Learned,Learned Basis,0.0,30,0.973997950553894
Learned,Learned Basis,0.0,31,0.9724942445755005
Learned,Learned Basis,0.0,32,0.9744000434875488
Learned,Learned Basis,0.0,33,0.9746399521827698
Learned,Learned Basis,0.0,34,0.97794508934021
Learned,Learned Basis,0.0,35,0.9769262671470642
Learned,Learned Basis,0.0,36,0.9758119583129883
Learned,Learned Basis,0.0,37,0.9770615696907043
Learned,Learned Basis,0.0,38,0.97638338804245
Learned,Learned Basis,0.0,39,0.9778221249580383
Learned,Learned Basis,0.0,40,0.9788444638252258
Learned,Learned Basis,0.0,41,0.9769604206085205
Learned,Learned Basis,0.0,42,0.9776962399482727
Learned,Learned Basis,0.0,43,0.9788176417350769
Learned,Learned Basis,0.009999999999999981,0,0.9774239659309387
Learned,Learned Basis,0.009999999999999981,1,0.9784525632858276
Learned,Learned Basis,0.009999999999999981,2,0.982047975063324
Learned,Learned Basis,0.009999999999999981,3,0.9800284504890442
Learned,Learned Basis,0.009999999999999981,4,0.9811014533042908
Learned,Learned Basis,0.009999999999999981,5,0.9795765280723572
Learned,Learned Basis,0.009999999999999981,6,0.9787411689758301
Learned,Learned Basis,0.009999999999999981,7,0.9830886125564575
Learned,Learned Basis,0.009999999999999981,8,0.9830101132392883
Learned,Learned Basis,0.009999999999999981,9,0.981928288936615
Learned,Learned Basis,0.009999999999999981,10,0.9832431674003601
Learned,Learned Basis,0.009999999999999981,11,0.9843955636024475
Learned,Learned Basis,0.009999999999999981,12,0.9818037748336792
Learned,Learned Basis,0.009999999999999981,13,0.9823278784751892
Learned,Learned Basis,0.009999999999999981,14,0.9825724363327026
Learned,Learned Basis,0.009999999999999981,15,0.9841243624687195
Learned,Learned Basis,0.009999999999999981,16,0.9810411334037781
Learned,Learned Basis,0.009999999999999981,17,0.9841271638870239
Learned,Learned Basis,0.009999999999999981,18,0.9836415648460388
Learned,Learned Basis,0.009999999999999981,19,0.9822776913642883
Learned,Learned Basis,0.009999999999999981,20,0.9846770167350769
Learned,Learned Basis,0.009999999999999981,21,0.9808061122894287
Learned,Learned Basis,0.009999999999999981,22,0.9813476204872131
Learned,Learned Basis,0.009999999999999981,23,0.9802292585372925
Learned,Learned Basis,0.009999999999999981,24,0.97812819480896
Learned,Learned Basis,0.009999999999999981,25,0.9797742366790771
Learned,Learned Basis,0.009999999999999981,26,0.9717428684234619
Learned,Learned Basis,0.009999999999999981,27,0.9734373688697815
Learned,Learned Basis,0.009999999999999981,28,0.9751830697059631
Learned,Learned Basis,0.009999999999999981,29,0.9718464612960815
Learned,Learned Basis,0.009999999999999981,30,0.9740045666694641
Learned,Learned Basis,0.009999999999999981,31,0.9724805951118469
Learned,Learned Basis,0.009999999999999981,32,0.974365770816803
Learned,Learned Basis,0.009999999999999981,33,0.9746369123458862
Learned,Learned Basis,0.009999999999999981,34,0.9779453277587891
Learned,Learned Basis,0.009999999999999981,35,0.9769227504730225
Learned,Learned Basis,0.009999999999999981,36,0.9758069515228271
Learned,Learned Basis,0.009999999999999981,37,0.9770601987838745
Learned,Learned Basis,0.009999999999999981,38,0.976371705532074
Learned,Learned Basis,0.009999999999999981,39,0.9778022766113281
Learned,Learned Basis,0.009999999999999981,40,0.9788371324539185
Learned,Learned Basis,0.009999999999999981,41,0.9769569039344788
Learned,Learned Basis,0.009999999999999981,42,0.9776869416236877
Learned,Learned Basis,0.009999999999999981,43,0.978815495967865
Learned,Learned Basis,0.01999999999999999,0,0.9774038791656494
Learned,Learned Basis,0.01999999999999999,1,0.9784489274024963
Learned,Learned Basis,0.01999999999999999,2,0.982039749622345
Learned,Learned Basis,0.01999999999999999,3,0.9800018072128296
Learned,Learned Basis,0.01999999999999999,4,0.981092631816864
Learned,Learned Basis,0.01999999999999999,5,0.9795689582824707
Learned,Learned Basis,0.01999999999999999,6,0.9787296056747437
Learned,Learned Basis,0.01999999999999999,7,0.9830784201622009
Learned,Learned Basis,0.01999999999999999,8,0.9829999208450317
Learned,Learned Basis,0.01999999999999999,9,0.9819169044494629
Learned,Learned Basis,0.01999999999999999,10,0.9832407832145691
Learned,Learned Basis,0.01999999999999999,11,0.9843823313713074
Learned,Learned Basis,0.01999999999999999,12,0.981795072555542
Learned,Learned Basis,0.01999999999999999,13,0.9823100566864014
Learned,Learned Basis,0.01999999999999999,14,0.9825645685195923
Learned,Learned Basis,0.01999999999999999,15,0.9841161966323853
Learned,Learned Basis,0.01999999999999999,16,0.981019914150238
Learned,Learned Basis,0.01999999999999999,17,0.9841173887252808
Learned,Learned Basis,0.01999999999999999,18,0.9836224317550659
Learned,Learned Basis,0.01999999999999999,19,0.9822437763214111
Learned,Learned Basis,0.01999999999999999,20,0.984611451625824
Learned,Learned Basis,0.01999999999999999,21,0.980694591999054
Learned,Learned Basis,0.01999999999999999,22,0.9810130000114441
Learned,Learned Basis,0.01999999999999999,23,0.9799837470054626
Learned,Learned Basis,0.01999999999999999,24,0.9778648614883423
Learned,Learned Basis,0.01999999999999999,25,0.9796103239059448
Learned,Learned Basis,0.01999999999999999,26,0.971519947052002
Learned,Learned Basis,0.01999999999999999,27,0.9732902646064758
Learned,Learned Basis,0.01999999999999999,28,0.9749429821968079
Learned,Learned Basis,0.01999999999999999,29,0.9718332290649414
Learned,Learned Basis,0.01999999999999999,30,0.9739900231361389
Learned,Learned Basis,0.01999999999999999,31,0.9724347591400146
Learned,Learned Basis,0.01999999999999999,32,0.9743058085441589
Learned,Learned Basis,0.01999999999999999,33,0.9746167063713074
Learned,Learned Basis,0.01999999999999999,34,0.9779343605041504
Learned,Learned Basis,0.01999999999999999,35,0.9769066572189331
Learned,Learned Basis,0.01999999999999999,36,0.975790798664093
Learned,Learned Basis,0.01999999999999999,37,0.9770480394363403
Learned,Learned Basis,0.01999999999999999,38,0.9763503074645996
Learned,Learned Basis,0.01999999999999999,39,0.9777733087539673
Learned,Learned Basis,0.01999999999999999,40,0.9788224697113037
Learned,Learned Basis,0.01999999999999999,41,0.9769443273544312
Learned,Learned Basis,0.01999999999999999,42,0.9776699542999268
Learned,Learned Basis,0.01999999999999999,43,0.9788058400154114
Learned,Learned Basis,0.03,0,0.9773769378662109
Learned,Learned Basis,0.03,1,0.9784380793571472
Learned,Learned Basis,0.03,2,0.9820244908332825
Learned,Learned Basis,0.03,3,0.9799675941467285
Learned,Learned Basis,0.03,4,0.9810773134231567
Learned,Learned Basis,0.03,5,0.9795541167259216
Learned,Learned Basis,0.03,6,0.9787110686302185
Learned,Learned Basis,0.03,7,0.9830613732337952
Learned,Learned Basis,0.03,8,0.982982337474823
Learned,Learned Basis,0.03,9,0.98189777135849
Learned,Learned Basis,0.03,10,0.9832307696342468
Learned,Learned Basis,0.03,11,0.9843612313270569
Learned,Learned Basis,0.03,12,0.9817782640457153
Learned,Learned Basis,0.03,13,0.9822838306427002
Learned,Learned Basis,0.03,14,0.9825478196144104
Learned,Learned Basis,0.03,15,0.9840975999832153
Learned,Learned Basis,0.03,16,0.9809880256652832
Learned,Learned Basis,0.03,17,0.984094500541687
Learned,Learned Basis,0.03,18,0.9835891127586365
Learned,Learned Basis,0.03,19,0.9821861982345581
Learned,Learned Basis,0.03,20,0.9845084547996521
Learned,Learned Basis,0.03,21,0.9805048108100891
Learned,Learned Basis,0.03,22,0.9804195761680603
Learned,Learned Basis,0.03,23,0.979497492313385
Learned,Learned Basis,0.03,24,0.9774702191352844
Learned,Learned Basis,0.03,25,0.9793798923492432
Learned,Learned Basis,0.03,26,0.9711580276489258
Learned,Learned Basis,0.03,27,0.973008394241333
Learned,Learned Basis,0.03,28,0.9745438098907471
Learned,Learned Basis,0.03,29,0.9717894196510315
Learned,Learned Basis,0.03,30,0.9739543199539185
Learned,Learned Basis,0.03,31,0.9723572134971619
Learned,Learned Basis,0.03,32,0.9742203950881958
Learned,Learned Basis,0.03,33,0.974579393863678
Learned,Learned Basis,0.03,34,0.9779120683670044
Learned,Learned Basis,0.03,35,0.9768779277801514
Learned,Learned Basis,0.03,36,0.9757627844810486
Learned,Learned Basis,0.03,37,0.9770256876945496
Learned,Learned Basis,0.03,38,0.9763190746307373
Learned,Learned Basis,0.03,39,0.9777346253395081
Learned,Learned Basis,0.03,40,0.9787998795509338
Learned,Learned Basis,0.03,41,0.9769227504730225
Learned,Learned Basis,0.03,42,0.9776452779769897
Learned,Learned Basis,0.03,43,0.9787883758544922
Learned,Learned Basis,0.03999999999999998,0,0.9773429036140442
Learned,Learned Basis,0.03999999999999998,1,0.9784200191497803
Learned,Learned Basis,0.03999999999999998,2,0.9820017218589783
Learned,Learned Basis,0.03999999999999998,3,0.9799255132675171
Learned,Learned Basis,0.03999999999999998,4,0.9810556769371033
Learned,Learned Basis,0.03999999999999998,5,0.9795328974723816
Learned,Learned Basis,0.03999999999999998,6,0.9786859750747681
Learned,Learned Basis,0.03999999999999998,7,0.9830372333526611
Learned,Learned Basis,0.03999999999999998,8,0.9829578995704651
Learned,Learned Basis,0.03999999999999998,9,0.9818710684776306
Learned,Learned Basis,0.03999999999999998,10,0.9832133054733276
Learned,Learned Basis,0.03999999999999998,11,0.9843329787254333
Learned,Learned Basis,0.03999999999999998,12,0.9817537069320679
Learned,Learned Basis,0.03999999999999998,13,0.9822486042976379
Learned,Learned Basis,0.03999999999999998,14,0.9825219511985779
Learned,Learned Basis,0.03999999999999998,15,0.9840696454048157
Learned,Learned Basis,0.03999999999999998,16,0.9809440970420837
Learned,Learned Basis,0.03999999999999998,17,0.9840586185455322
Learned,Learned Basis,0.03999999999999998,18,0.9835419058799744
Learned,Learned Basis,0.03999999999999998,19,0.9821041226387024
Learned,Learned Basis,0.03999999999999998,20,0.9843692183494568
Learned,Learned Basis,0.03999999999999998,21,0.9802370071411133
Learned,Learned Basis,0.03999999999999998,22,0.9795684814453125
Learned,Learned Basis,0.03999999999999998,23,0.9787716865539551
Learned,Learned Basis,0.03999999999999998,24,0.9769445061683655
Learned,Learned Basis,0.03999999999999998,25,0.9790823459625244
Learned,Learned Basis,0.03999999999999998,26,0.9706577062606812
Learned,Learned Basis,0.03999999999999998,27,0.9725916981697083
Learned,Learned Basis,0.03999999999999998,28,0.9739862084388733
Learned,Learned Basis,0.03999999999999998,29,0.9717151522636414
Learned,Learned Basis,0.03999999999999998,30,0.9738978743553162
Learned,Learned Basis,0.03999999999999998,31,0.9722479581832886
Learned,Learned Basis,0.03999999999999998,32,0.9741090536117554
Learned,Learned Basis,0.03999999999999998,33,0.9745251536369324
Learned,Learned Basis,0.03999999999999998,34,0.977878749370575
Learned,Learned Basis,0.03999999999999998,35,0.976836621761322
Learned,Learned Basis,0.03999999999999998,36,0.9757230877876282
Learned,Learned Basis,0.03999999999999998,37,0.9769930243492126
Learned,Learned Basis,0.03999999999999998,38,0.9762778282165527
Learned,Learned Basis,0.03999999999999998,39,0.9776871204376221
Learned,Learned Basis,0.03999999999999998,40,0.9787697792053223
Learned,Learned Basis,0.03999999999999998,41,0.9768918752670288
Learned,Learned Basis,0.03999999999999998,42,0.9776128530502319
Learned,Learned Basis,0.03999999999999998,43,0.9787638187408447
Learned,Learned Basis,0.04999999999999999,0,0.9773014783859253
Learned,Learned Basis,0.04999999999999999,1,0.9783943295478821
Learned,Learned Basis,0.04999999999999999,2,0.9819716215133667
Learned,Learned Basis,0.04999999999999999,3,0.9798756837844849
Learned,Learned Basis,0.04999999999999999,4,0.981027364730835
Learned,Learned Basis,0.04999999999999999,5,0.9795045256614685
Learned,Learned Basis,0.04999999999999999,6,0.9786540865898132
Learned,Learned Basis,0.04999999999999999,7,0.9830060005187988
Learned,Learned Basis,0.04999999999999999,8,0.9829258918762207
Learned,Learned Basis,0.04999999999999999,9,0.9818366169929504
Learned,Learned Basis,0.04999999999999999,10,0.9831880331039429
Learned,Learned Basis,0.04999999999999999,11,0.984297513961792
Learned,Learned Basis,0.04999999999999999,12,0.9817206859588623
Learned,Learned Basis,0.04999999999999999,13,0.9822051525115967
Learned,Learned Basis,0.04999999999999999,14,0.9824868440628052
Learned,Learned Basis,0.04999999999999999,15,0.9840322136878967
Learned,Learned Basis,0.04999999999999999,16,0.980889081954956
Learned,Learned Basis,0.04999999999999999,17,0.984009861946106
Learned,Learned Basis,0.04999999999999999,18,0.9834803342819214
Learned,Learned Basis,0.04999999999999999,19,0.9819990396499634
Learned,Learned Basis,0.04999999999999999,20,0.9841935038566589
Learned,Learned Basis,0.04999999999999999,21,0.9798918962478638
Learned,Learned Basis,0.04999999999999999,22,0.9784621000289917
Learned,Learned Basis,0.04999999999999999,23,0.9778075814247131
Learned,Learned Basis,0.04999999999999999,24,0.9762880802154541
Learned,Learned Basis,0.04999999999999999,25,0.978718101978302
Learned,Learned Basis,0.04999999999999999,26,0.9700195789337158
Learned,Learned Basis,0.04999999999999999,27,0.9720401167869568
Learned,Learned Basis,0.04999999999999999,28,0.9732699990272522
Learned,Learned Basis,0.04999999999999999,29,0.9716106057167053
Learned,Learned Basis,0.04999999999999999,30,0.9738203287124634
Learned,Learned Basis,0.04999999999999999,31,0.9721069931983948
Learned,Learned Basis,0.04999999999999999,32,0.973972737789154
Learned,Learned Basis,0.04999999999999999,33,0.9744538068771362
Learned,Learned Basis,0.04999999999999999,34,0.9778341054916382
Learned,Learned Basis,0.04999999999999999,35,0.9767830967903137
Learned,Learned Basis,0.04999999999999999,36,0.97567218542099
Learned,Learned Basis,0.04999999999999999,37,0.9769501090049744
Learned,Learned Basis,0.04999999999999999,38,0.9762270450592041
Learned,Learned Basis,0.04999999999999999,39,0.9776301980018616
Learned,Learned Basis,0.04999999999999999,40,0.9787322282791138
Learned,Learned Basis,0.04999999999999999,41,0.9768521785736084
Learned,Learned Basis,0.04999999999999999,42,0.9775726795196533
Learned,Learned Basis,0.04999999999999999,43,0.9787313342094421
Learned,Learned Basis,0.06,0,0.9772533774375916
Learned,Learned Basis,0.06,1,0.9783617258071899
Learned,Learned Basis,0.06,2,0.9819340705871582
Learned,Learned Basis,0.06,3,0.9798188209533691
Learned,Learned Basis,0.06,4,0.98099285364151
Learned,Learned Basis,0.06,5,0.9794695377349854
Learned,Learned Basis,0.06,6,0.9786153435707092
Learned,Learned Basis,0.06,7,0.9829676151275635
Learned,Learned Basis,0.06,8,0.982887327671051
Learned,Learned Basis,0.06,9,0.9817949533462524
Learned,Learned Basis,0.06,10,0.9831557869911194
Learned,Learned Basis,0.06,11,0.9842548370361328
Learned,Learned Basis,0.06,12,0.9816797971725464
Learned,Learned Basis,0.06,13,0.9821531772613525
Learned,Learned Basis,0.06,14,0.9824427962303162
Learned,Learned Basis,0.06,15,0.9839850664138794
Learned,Learned Basis,0.06,16,0.9808225035667419
Learned,Learned Basis,0.06,17,0.9839481711387634
Learned,Learned Basis,0.06,18,0.9834050536155701
Learned,Learned Basis,0.06,19,0.9818701148033142
Learned,Learned Basis,0.06,20,0.9839823842048645
Learned,Learned Basis,0.06,21,0.9794708490371704
Learned,Learned Basis,0.06,22,0.9771034121513367
Learned,Learned Basis,0.06,23,0.9766062498092651
Learned,Learned Basis,0.06,24,0.9755014777183533
Learned,Learned Basis,0.06,25,0.9782872796058655
Learned,Learned Basis,0.06,26,0.9692444205284119
Learned,Learned Basis,0.06,27,0.9713539481163025
Learned,Learned Basis,0.06,28,0.9723961353302002
Learned,Learned Basis,0.06,29,0.9714758992195129
Learned,Learned Basis,0.06,30,0.9737220406532288
Learned,Learned Basis,0.06,31,0.9719346165657043
Learned,Learned Basis,0.06,32,0.9738110899925232
Learned,Learned Basis,0.06,33,0.974365770816803
Learned,Learned Basis,0.06,34,0.9777781963348389
Learned,Learned Basis,0.06,35,0.9767172336578369
Learned,Learned Basis,0.06,36,0.9756096601486206
Learned,Learned Basis,0.06,37,0.9768967628479004
Learned,Learned Basis,0.06,38,0.9761666655540466
Learned,Learned Basis,0.06,39,0.9775636792182922
Learned,Learned Basis,0.06,40,0.9786867499351501
Learned,Learned Basis,0.06,41,0.9768033027648926
Learned,Learned Basis,0.06,42,0.9775246381759644
Learned,Learned Basis,0.06,43,0.9786912202835083
Learned,Learned Basis,0.07,0,0.9771981239318848
Learned,Learned Basis,0.07,1,0.9783217310905457
Learned,Learned Basis,0.07,2,0.9818891286849976
Learned,Learned Basis,0.07,3,0.9797543287277222
Learned,Learned Basis,0.07,4,0.9809519052505493
Learned,Learned Basis,0.07,5,0.9794276356697083
Learned,Learned Basis,0.07,6,0.9785700440406799
Learned,Learned Basis,0.07,7,0.9829221963882446
Learned,Learned Basis,0.07,8,0.9828412532806396
Learned,Learned Basis,0.07,9,0.981745719909668
Learned,Learned Basis,0.07,10,0.9831152558326721
Learned,Learned Basis,0.07,11,0.9842047691345215
Learned,Learned Basis,0.07,12,0.9816310405731201
Learned,Learned Basis,0.07,13,0.9820929169654846
Learned,Learned Basis,0.07,14,0.9823902249336243
Learned,Learned Basis,0.07,15,0.9839280247688293
Learned,Learned Basis,0.07,16,0.9807451963424683
Learned,Learned Basis,0.07,17,0.9838741421699524
Learned,Learned Basis,0.07,18,0.9833162426948547
Learned,Learned Basis,0.07,19,0.9817183613777161
Learned,Learned Basis,0.07,20,0.9837360978126526
Learned,Learned Basis,0.07,21,0.978974461555481
Learned,Learned Basis,0.07,22,0.9754956960678101
Learned,Learned Basis,0.07,23,0.9751701951026917
Learned,Learned Basis,0.07,24,0.9745856523513794
Learned,Learned Basis,0.07,25,0.9777902960777283
Learned,Learned Basis,0.07,26,0.96833336353302
Learned,Learned Basis,0.07,27,0.9705338478088379
Learned,Learned Basis,0.07,28,0.9713652729988098
Learned,Learned Basis,0.07,29,0.9713113307952881
Learned,Learned Basis,0.07,30,0.9736030101776123
Learned,Learned Basis,0.07,31,0.9717311263084412
Learned,Learned Basis,0.07,32,0.9736244082450867
Learned,Learned Basis,0.07,33,0.9742607474327087
Learned,Learned Basis,0.07,34,0.9777114391326904
Learned,Learned Basis,0.07,35,0.9766388535499573
Learned,Learned Basis,0.07,36,0.9755356311798096
Learned,Learned Basis,0.07,37,0.9768334031105042
Learned,Learned Basis,0.07,38,0.9760962128639221
Learned,Learned Basis,0.07,39,0.9774884581565857
Learned,Learned Basis,0.07,40,0.9786338806152344
Learned,Learned Basis,0.07,41,0.9767457842826843
Learned,Learned Basis,0.07,42,0.9774692058563232
Learned,Learned Basis,0.07,43,0.9786438345909119
Learned,Learned Basis,0.08000000000000002,0,0.977135956287384
Learned,Learned Basis,0.08000000000000002,1,0.9782745242118835
Learned,Learned Basis,0.08000000000000002,2,0.9818369746208191
Learned,Learned Basis,0.08000000000000002,3,0.9796823263168335
Learned,Learned Basis,0.08000000000000002,4,0.9809046983718872
Learned,Learned Basis,0.08000000000000002,5,0.9793789982795715
Learned,Learned Basis,0.08000000000000002,6,0.9785184264183044
Learned,Learned Basis,0.08000000000000002,7,0.9828696846961975
Learned,Learned Basis,0.08000000000000002,8,0.9827883243560791
Learned,Learned Basis,0.08000000000000002,9,0.9816893339157104
Learned,Learned Basis,0.08000000000000002,10,0.9830679297447205
Learned,Learned Basis,0.08000000000000002,11,0.9841475486755371
Learned,Learned Basis,0.08000000000000002,12,0.9815739989280701
Learned,Learned Basis,0.08000000000000002,13,0.9820238947868347
Learned,Learned Basis,0.08000000000000002,14,0.9823285341262817
Learned,Learned Basis,0.08000000000000002,15,0.9838617444038391
Learned,Learned Basis,0.08000000000000002,16,0.980656623840332
Learned,Learned Basis,0.08000000000000002,17,0.9837870597839355
Learned,Learned Basis,0.08000000000000002,18,0.9832139015197754
Learned,Learned Basis,0.08000000000000002,19,0.981543779373169
Learned,Learned Basis,0.08000000000000002,20,0.9834551215171814
Learned,Learned Basis,0.08000000000000002,21,0.9784049391746521
Learned,Learned Basis,0.08000000000000002,22,0.9736437201499939
Learned,Learned Basis,0.08000000000000002,23,0.9735010862350464
Learned,Learned Basis,0.08000000000000002,24,0.9735409021377563
Learned,Learned Basis,0.08000000000000002,25,0.9772275686264038
Learned,Learned Basis,0.08000000000000002,26,0.967287540435791
Learned,Learned Basis,0.08000000000000002,27,0.969579815864563
Learned,Learned Basis,0.08000000000000002,28,0.970177948474884
Learned,Learned Basis,0.08000000000000002,29,0.9711172580718994
Learned,Learned Basis,0.08000000000000002,30,0.9734636545181274
Learned,Learned Basis,0.08000000000000002,31,0.9714968204498291
Learned,Learned Basis,0.08000000000000002,32,0.9734129309654236
Learned,Learned Basis,0.08000000000000002,33,0.9741393327713013
Learned,Learned Basis,0.08000000000000002,34,0.9776336550712585
Learned,Learned Basis,0.08000000000000002,35,0.9765483736991882
Learned,Learned Basis,0.08000000000000002,36,0.9754502773284912
Learned,Learned Basis,0.08000000000000002,37,0.9767600893974304
Learned,Learned Basis,0.08000000000000002,38,0.9760164022445679
Learned,Learned Basis,0.08000000000000002,39,0.9774038791656494
Learned,Learned Basis,0.08000000000000002,40,0.9785735011100769
Learned,Learned Basis,0.08000000000000002,41,0.9766790866851807
Learned,Learned Basis,0.08000000000000002,42,0.977405846118927
Learned,Learned Basis,0.08000000000000002,43,0.9785887598991394
Learned,Learned Basis,0.08999999999999997,0,0.9770667552947998
Learned,Learned Basis,0.08999999999999997,1,0.9782196879386902
Learned,Learned Basis,0.08999999999999997,2,0.9817777276039124
Learned,Learned Basis,0.08999999999999997,3,0.9796027541160583
Learned,Learned Basis,0.08999999999999997,4,0.9808505773544312
Learned,Learned Basis,0.08999999999999997,5,0.9793235659599304
Learned,Learned Basis,0.08999999999999997,6,0.9784595370292664
Learned,Learned Basis,0.08999999999999997,7,0.9828101992607117
Learned,Learned Basis,0.08999999999999997,8,0.9827281832695007
Learned,Learned Basis,0.08999999999999997,9,0.9816253781318665
Learned,Learned Basis,0.08999999999999997,10,0.9830129146575928
Learned,Learned Basis,0.08999999999999997,11,0.9840832352638245
Learned,Learned Basis,0.08999999999999997,12,0.9815095663070679
Learned,Learned Basis,0.08999999999999997,13,0.981947124004364
Learned,Learned Basis,0.08999999999999997,14,0.9822583794593811
Learned,Learned Basis,0.08999999999999997,15,0.98378586769104
Learned,Learned Basis,0.08999999999999997,16,0.980557382106781
Learned,Learned Basis,0.08999999999999997,17,0.9836878180503845
Learned,Learned Basis,0.08999999999999997,18,0.9830983281135559
Learned,Learned Basis,0.08999999999999997,19,0.9813469052314758
Learned,Learned Basis,0.08999999999999997,20,0.9831405878067017
Learned,Learned Basis,0.08999999999999997,21,0.9777633547782898
Learned,Learned Basis,0.08999999999999997,22,0.9715512990951538
Learned,Learned Basis,0.08999999999999997,23,0.9716026186943054
Learned,Learned Basis,0.08999999999999997,24,0.9723681807518005
Learned,Learned Basis,0.08999999999999997,25,0.9765990972518921
Learned,Learned Basis,0.08999999999999997,26,0.9661083221435547
Learned,Learned Basis,0.08999999999999997,27,0.9684926271438599
Learned,Learned Basis,0.08999999999999997,28,0.9688354134559631
Learned,Learned Basis,0.08999999999999997,29,0.9708938598632812
Learned,Learned Basis,0.08999999999999997,30,0.973304033279419
Learned,Learned Basis,0.08999999999999997,31,0.971231997013092
Learned,Learned Basis,0.08999999999999997,32,0.973176896572113
Learned,Learned Basis,0.08999999999999997,33,0.974001407623291
Learned,Learned Basis,0.08999999999999997,34,0.9775450229644775
Learned,Learned Basis,0.08999999999999997,35,0.9764456152915955
Learned,Learned Basis,0.08999999999999997,36,0.9753538370132446
Learned,Learned Basis,0.08999999999999997,37,0.9766764044761658
Learned,Learned Basis,0.08999999999999997,38,0.9759271740913391
Learned,Learned Basis,0.08999999999999997,39,0.9773101210594177
Learned,Learned Basis,0.08999999999999997,40,0.9785057902336121
Learned,Learned Basis,0.08999999999999997,41,0.9766037464141846
Learned,Learned Basis,0.08999999999999997,42,0.9773350954055786
Learned,Learned Basis,0.08999999999999997,43,0.9785266518592834
Learned,Learned Basis,0.09999999999999998,0,0.9769907593727112
Learned,Learned Basis,0.09999999999999998,1,0.9781579971313477
Learned,Learned Basis,0.09999999999999998,2,0.9817111492156982
Learned,Learned Basis,0.09999999999999998,3,0.9795160293579102
Learned,Learned Basis,0.09999999999999998,4,0.9807906746864319
Learned,Learned Basis,0.09999999999999998,5,0.9792615175247192
Learned,Learned Basis,0.09999999999999998,6,0.9783944487571716
Learned,Learned Basis,0.09999999999999998,7,0.9827437996864319
Learned,Learned Basis,0.09999999999999998,8,0.9826608896255493
Learned,Learned Basis,0.09999999999999998,9,0.9815540313720703
Learned,Learned Basis,0.09999999999999998,10,0.9829505085945129
Learned,Learned Basis,0.09999999999999998,11,0.984011709690094
Learned,Learned Basis,0.09999999999999998,12,0.981437087059021
Learned,Learned Basis,0.09999999999999998,13,0.9818622469902039
Learned,Learned Basis,0.09999999999999998,14,0.9821792840957642
Learned,Learned Basis,0.09999999999999998,15,0.983701229095459
Learned,Learned Basis,0.09999999999999998,16,0.9804476499557495
Learned,Learned Basis,0.09999999999999998,17,0.9835762977600098
Learned,Learned Basis,0.09999999999999998,18,0.9829695820808411
Learned,Learned Basis,0.09999999999999998,19,0.9811282157897949
Learned,Learned Basis,0.09999999999999998,20,0.9827935099601746
Learned,Learned Basis,0.09999999999999998,21,0.977051854133606
Learned,Learned Basis,0.09999999999999998,22,0.9692242741584778
Learned,Learned Basis,0.09999999999999998,23,0.9694777131080627
Learned,Learned Basis,0.09999999999999998,24,0.9710686802864075
Learned,Learned Basis,0.09999999999999998,25,0.9759052395820618
Learned,Learned Basis,0.09999999999999998,26,0.9647971391677856
Learned,Learned Basis,0.09999999999999998,27,0.9672726392745972
Learned,Learned Basis,0.09999999999999998,28,0.9673381447792053
Learned,Learned Basis,0.09999999999999998,29,0.9706414341926575
Learned,Learned Basis,0.09999999999999998,30,0.9731244444847107
Learned,Learned Basis,0.09999999999999998,31,0.9709372520446777
Learned,Learned Basis,0.09999999999999998,32,0.9729170203208923
Learned,Learned Basis,0.09999999999999998,33,0.9738472700119019
Learned,Learned Basis,0.09999999999999998,34,0.9774453639984131
Learned,Learned Basis,0.09999999999999998,35,0.9763308763504028
Learned,Learned Basis,0.09999999999999998,36,0.9752460718154907
Learned,Learned Basis,0.09999999999999998,37,0.9765830636024475
Learned,Learned Basis,0.09999999999999998,38,0.975828230381012
Learned,Learned Basis,0.09999999999999998,39,0.9772074222564697
Learned,Learned Basis,0.09999999999999998,40,0.978430449962616
Learned,Learned Basis,0.09999999999999998,41,0.9765196442604065
Learned,Learned Basis,0.09999999999999998,42,0.9772565364837646
Learned,Learned Basis,0.09999999999999998,43,0.9784566164016724
Learned,Learned Basis,0.10999999999999999,0,0.9769076704978943
Learned,Learned Basis,0.10999999999999999,1,0.9780891537666321
Learned,Learned Basis,0.10999999999999999,2,0.9816372394561768
Learned,Learned Basis,0.10999999999999999,3,0.9794217944145203
Learned,Learned Basis,0.10999999999999999,4,0.9807245135307312
Learned,Learned Basis,0.10999999999999999,5,0.9791926145553589
Learned,Learned Basis,0.10999999999999999,6,0.9783229231834412
Learned,Learned Basis,0.10999999999999999,7,0.9826704859733582
Learned,Learned Basis,0.10999999999999999,8,0.9825869798660278
Learned,Learned Basis,0.10999999999999999,9,0.9814757704734802
Learned,Learned Basis,0.10999999999999999,10,0.9828808903694153
Learned,Learned Basis,0.10999999999999999,11,0.9839338660240173
Learned,Learned Basis,0.10999999999999999,12,0.9813571572303772
Learned,Learned Basis,0.10999999999999999,13,0.9817693829536438
Learned,Learned Basis,0.10999999999999999,14,0.9820917844772339
Learned,Learned Basis,0.10999999999999999,15,0.9836073517799377
Learned,Learned Basis,0.10999999999999999,16,0.9803279042243958
Learned,Learned Basis,0.10999999999999999,17,0.983453094959259
Learned,Learned Basis,0.10999999999999999,18,0.9828283786773682
Learned,Learned Basis,0.10999999999999999,19,0.9808887243270874
Learned,Learned Basis,0.10999999999999999,20,0.982414722442627
Learned,Learned Basis,0.10999999999999999,21,0.9762725830078125
Learned,Learned Basis,0.10999999999999999,22,0.9666693210601807
Learned,Learned Basis,0.10999999999999999,23,0.9671298265457153
Learned,Learned Basis,0.10999999999999999,24,0.9696426391601562
Learned,Learned Basis,0.10999999999999999,25,0.9751470685005188
Learned,Learned Basis,0.10999999999999999,26,0.9633557200431824
Learned,Learned Basis,0.10999999999999999,27,0.9659205079078674
Learned,Learned Basis,0.10999999999999999,28,0.96568763256073
Learned,Learned Basis,0.10999999999999999,29,0.9703606367111206
Learned,Learned Basis,0.10999999999999999,30,0.9729249477386475
Learned,Learned Basis,0.10999999999999999,31,0.9706124663352966
Learned,Learned Basis,0.10999999999999999,32,0.9726332426071167
Learned,Learned Basis,0.10999999999999999,33,0.9736770391464233
Learned,Learned Basis,0.10999999999999999,34,0.9773355722427368
Learned,Learned Basis,0.10999999999999999,35,0.9762043952941895
Learned,Learned Basis,0.10999999999999999,36,0.9751270413398743
Learned,Learned Basis,0.10999999999999999,37,0.9764795899391174
Learned,Learned Basis,0.10999999999999999,38,0.9757201671600342
Learned,Learned Basis,0.10999999999999999,39,0.977095901966095
Learned,Learned Basis,0.10999999999999999,40,0.9783479571342468
Learned,Learned Basis,0.10999999999999999,41,0.9764262437820435
Learned,Learned Basis,0.10999999999999999,42,0.9771705865859985
Learned,Learned Basis,0.10999999999999999,43,0.9783796668052673
Learned,Learned Basis,0.12,0,0.9768180847167969
Learned,Learned Basis,0.12,1,0.9780132174491882
Learned,Learned Basis,0.12,2,0.9815563559532166
Learned,Learned Basis,0.12,3,0.9793207049369812
Learned,Learned Basis,0.12,4,0.9806517958641052
Learned,Learned Basis,0.12,5,0.9791169762611389
Learned,Learned Basis,0.12,6,0.978244960308075
Learned,Learned Basis,0.12,7,0.98259037733078
Learned,Learned Basis,0.12,8,0.9825064539909363
Learned,Learned Basis,0.12,9,0.9813900589942932
Learned,Learned Basis,0.12,10,0.9828041791915894
Learned,Learned Basis,0.12,11,0.9838483333587646
Learned,Learned Basis,0.12,12,0.9812695384025574
Learned,Learned Basis,0.12,13,0.9816684722900391
Learned,Learned Basis,0.12,14,0.9819959402084351
Learned,Learned Basis,0.12,15,0.9835044145584106
Learned,Learned Basis,0.12,16,0.9801973700523376
Learned,Learned Basis,0.12,17,0.9833182692527771
Learned,Learned Basis,0.12,18,0.982674777507782
Learned,Learned Basis,0.12,19,0.9806283116340637
Learned,Learned Basis,0.12,20,0.9820054173469543
Learned,Learned Basis,0.12,21,0.9754271507263184
Learned,Learned Basis,0.12,22,0.9638927578926086
Learned,Learned Basis,0.12,23,0.9645630121231079
Learned,Learned Basis,0.12,24,0.9680916666984558
Learned,Learned Basis,0.12,25,0.9743239879608154
Learned,Learned Basis,0.12,26,0.9617857933044434
Learned,Learned Basis,0.12,27,0.9644370675086975
Learned,Learned Basis,0.12,28,0.9638852477073669
Learned,Learned Basis,0.12,29,0.9700519442558289
Learned,Learned Basis,0.12,30,0.9727064371109009
Learned,Learned Basis,0.12,31,0.9702585935592651
Learned,Learned Basis,0.12,32,0.9723260402679443
Learned,Learned Basis,0.12,33,0.9734908938407898
Learned,Learned Basis,0.12,34,0.977215051651001
Learned,Learned Basis,0.12,35,0.9760657548904419
Learned,Learned Basis,0.12,36,0.9749974012374878
Learned,Learned Basis,0.12,37,0.9763663411140442
Learned,Learned Basis,0.12,38,0.9756027460098267
Learned,Learned Basis,0.12,39,0.9769756197929382
Learned,Learned Basis,0.12,40,0.9782578349113464
Learned,Learned Basis,0.12,41,0.9763244986534119
Learned,Learned Basis,0.12,42,0.9770775437355042
Learned,Learned Basis,0.12,43,0.978295087814331
Learned,Learned Basis,0.13,0,0.9767217636108398
Learned,Learned Basis,0.13,1,0.9779300093650818
Learned,Learned Basis,0.13,2,0.9814680814743042
Learned,Learned Basis,0.13,3,0.9792119860649109
Learned,Learned Basis,0.13,4,0.9805727005004883
Learned,Learned Basis,0.13,5,0.9790351390838623
Learned,Learned Basis,0.13,6,0.978160560131073
Learned,Learned Basis,0.13,7,0.9825034141540527
Learned,Learned Basis,0.13,8,0.9824191927909851
Learned,Learned Basis,0.13,9,0.9812975525856018
Learned,Learned Basis,0.13,10,0.9827201962471008
Learned,Learned Basis,0.13,11,0.9837565422058105
Learned,Learned Basis,0.13,12,0.9811749458312988
Learned,Learned Basis,0.13,13,0.9815598130226135
Learned,Learned Basis,0.13,14,0.9818922281265259
Learned,Learned Basis,0.13,15,0.983392596244812
Learned,Learned Basis,0.13,16,0.9800573587417603
Learned,Learned Basis,0.13,17,0.9831711649894714
Learned,Learned Basis,0.13,18,0.9825089573860168
Learned,Learned Basis,0.13,19,0.9803481698036194
Learned,Learned Basis,0.13,20,0.9815669655799866
Learned,Learned Basis,0.13,21,0.9745190143585205
Learned,Learned Basis,0.13,22,0.9609020352363586
Learned,Learned Basis,0.13,23,0.9617816209793091
Learned,Learned Basis,0.13,24,0.9664169549942017
Learned,Learned Basis,0.13,25,0.9734375476837158
Learned,Learned Basis,0.13,26,0.9600896835327148
Learned,Learned Basis,0.13,27,0.962823212146759
Learned,Learned Basis,0.13,28,0.9619320631027222
Learned,Learned Basis,0.13,29,0.9697155356407166
Learned,Learned Basis,0.13,30,0.9724686145782471
Learned,Learned Basis,0.13,31,0.969875693321228
Learned,Learned Basis,0.13,32,0.9719958305358887
Learned,Learned Basis,0.13,33,0.9732891321182251
Learned,Learned Basis,0.13,34,0.9770839214324951
Learned,Learned Basis,0.13,35,0.9759157299995422
Learned,Learned Basis,0.13,36,0.9748567938804626
Learned,Learned Basis,0.13,37,0.9762435555458069
Learned,Learned Basis,0.13,38,0.9754759073257446
Learned,Learned Basis,0.13,39,0.9768465757369995
Learned,Learned Basis,0.13,40,0.9781606197357178
Learned,Learned Basis,0.13,41,0.9762141704559326
Learned,Learned Basis,0.13,42,0.9769765138626099
Learned,Learned Basis,0.13,43,0.9782031774520874
Learned,Learned Basis,0.14,0,0.9766185283660889
Learned,Learned Basis,0.14,1,0.9778399467468262
Learned,Learned Basis,0.14,2,0.9813727140426636
Learned,Learned Basis,0.14,3,0.9790964722633362
Learned,Learned Basis,0.14,4,0.9804878234863281
Learned,Learned Basis,0.14,5,0.9789466857910156
Learned,Learned Basis,0.14,6,0.9780698418617249
Learned,Learned Basis,0.14,7,0.9824095368385315
Learned,Learned Basis,0.14,8,0.9823247790336609
Learned,Learned Basis,0.14,9,0.9811981916427612
Learned,Learned Basis,0.14,10,0.9826292395591736
Learned,Learned Basis,0.14,11,0.9836581349372864
Learned,Learned Basis,0.14,12,0.9810727834701538
Learned,Learned Basis,0.14,13,0.9814437031745911
Learned,Learned Basis,0.14,14,0.9817801713943481
Learned,Learned Basis,0.14,15,0.9832721948623657
Learned,Learned Basis,0.14,16,0.9799075722694397
Learned,Learned Basis,0.14,17,0.9830137491226196
Learned,Learned Basis,0.14,18,0.9823318719863892
Learned,Learned Basis,0.14,19,0.9800487756729126
Learned,Learned Basis,0.14,20,0.9810999035835266
Learned,Learned Basis,0.14,21,0.9735502004623413
Learned,Learned Basis,0.14,22,0.9577054381370544
Learned,Learned Basis,0.14,23,0.9587902426719666
Learned,Learned Basis,0.14,24,0.9646192193031311
Learned,Learned Basis,0.14,25,0.9724879860877991
Learned,Learned Basis,0.14,26,0.9582690000534058
Learned,Learned Basis,0.14,27,0.9610794186592102
Learned,Learned Basis,0.14,28,0.9598296284675598
Learned,Learned Basis,0.14,29,0.9693523049354553
Learned,Learned Basis,0.14,30,0.9722123742103577
Learned,Learned Basis,0.14,31,0.969464898109436
Learned,Learned Basis,0.14,32,0.971643328666687
Learned,Learned Basis,0.14,33,0.9730718731880188
Learned,Learned Basis,0.14,34,0.9769428372383118
Learned,Learned Basis,0.14,35,0.9757541418075562
Learned,Learned Basis,0.14,36,0.9747053980827332
Learned,Learned Basis,0.14,37,0.9761112928390503
Learned,Learned Basis,0.14,38,0.9753403067588806
Learned,Learned Basis,0.14,39,0.976708710193634
Learned,Learned Basis,0.14,40,0.9780562520027161
Learned,Learned Basis,0.14,41,0.9760950207710266
Learned,Learned Basis,0.14,42,0.9768685102462769
Learned,Learned Basis,0.14,43,0.9781041741371155
Learned,Learned Basis,0.15000000000000002,0,0.9765087962150574
Learned,Learned Basis,0.15000000000000002,1,0.9777427315711975
Learned,Learned Basis,0.15000000000000002,2,0.9812704920768738
Learned,Learned Basis,0.15000000000000002,3,0.9789734482765198
Learned,Learned Basis,0.15000000000000002,4,0.9803966283798218
Learned,Learned Basis,0.15000000000000002,5,0.9788519144058228
Learned,Learned Basis,0.15000000000000002,6,0.9779729247093201
Learned,Learned Basis,0.15000000000000002,7,0.9823093414306641
Learned,Learned Basis,0.15000000000000002,8,0.98222416639328
Learned,Learned Basis,0.15000000000000002,9,0.9810919761657715
Learned,Learned Basis,0.15000000000000002,10,0.9825310707092285
Learned,Learned Basis,0.15000000000000002,11,0.9835533499717712
Learned,Learned Basis,0.15000000000000002,12,0.9809635281562805
Learned,Learned Basis,0.15000000000000002,13,0.981320321559906
Learned,Learned Basis,0.15000000000000002,14,0.9816603064537048
Learned,Learned Basis,0.15000000000000002,15,0.9831438064575195
Learned,Learned Basis,0.15000000000000002,16,0.979748547077179
Learned,Learned Basis,0.15000000000000002,17,0.9828451871871948
Learned,Learned Basis,0.15000000000000002,18,0.9821432828903198
Learned,Learned Basis,0.15000000000000002,19,0.9797311425209045
Learned,Learned Basis,0.15000000000000002,20,0.9806061387062073
Learned,Learned Basis,0.15000000000000002,21,0.97252357006073
Learned,Learned Basis,0.15000000000000002,22,0.954310953617096
Learned,Learned Basis,0.15000000000000002,23,0.9555949568748474
Learned,Learned Basis,0.15000000000000002,24,0.962700366973877
Learned,Learned Basis,0.15000000000000002,25,0.9714754223823547
Learned,Learned Basis,0.15000000000000002,26,0.9563264846801758
Learned,Learned Basis,0.15000000000000002,27,0.9592068791389465
Learned,Learned Basis,0.15000000000000002,28,0.9575799703598022
Learned,Learned Basis,0.15000000000000002,29,0.9689627289772034
Learned,Learned Basis,0.15000000000000002,30,0.971937894821167
Learned,Learned Basis,0.15000000000000002,31,0.9690262675285339
Learned,Learned Basis,0.15000000000000002,32,0.9712682366371155
Learned,Learned Basis,0.15000000000000002,33,0.9728395342826843
Learned,Learned Basis,0.15000000000000002,34,0.9767916798591614
Learned,Learned Basis,0.15000000000000002,35,0.9755814075469971
Learned,Learned Basis,0.15000000000000002,36,0.9745436310768127
Learned,Learned Basis,0.15000000000000002,37,0.9759693741798401
Learned,Learned Basis,0.15000000000000002,38,0.9751956462860107
Learned,Learned Basis,0.15000000000000002,39,0.9765625596046448
Learned,Learned Basis,0.15000000000000002,40,0.9779448509216309
Learned,Learned Basis,0.15000000000000002,41,0.9759676456451416
Learned,Learned Basis,0.15000000000000002,42,0.9767529368400574
Learned,Learned Basis,0.15000000000000002,43,0.9779979586601257
Learned,Learned Basis,0.15999999999999998,0,0.9763921499252319
Learned,Learned Basis,0.15999999999999998,1,0.9776383638381958
Learned,Learned Basis,0.15999999999999998,2,0.9811611771583557
Learned,Learned Basis,0.15999999999999998,3,0.9788439273834229
Learned,Learned Basis,0.15999999999999998,4,0.9802992343902588
Learned,Learned Basis,0.15999999999999998,5,0.9787502884864807
Learned,Learned Basis,0.15999999999999998,6,0.977869987487793
Learned,Learned Basis,0.15999999999999998,7,0.9822025299072266
Learned,Learned Basis,0.15999999999999998,8,0.9821169376373291
Learned,Learned Basis,0.15999999999999998,9,0.980978786945343
Learned,Learned Basis,0.15999999999999998,10,0.982426106929779
Learned,Learned Basis,0.15999999999999998,11,0.9834414720535278
Learned,Learned Basis,0.15999999999999998,12,0.9808470606803894
Learned,Learned Basis,0.15999999999999998,13,0.9811893701553345
Learned,Learned Basis,0.15999999999999998,14,0.9815326929092407
Learned,Learned Basis,0.15999999999999998,15,0.9830068349838257
Learned,Learned Basis,0.15999999999999998,16,0.9795799851417542
Learned,Learned Basis,0.15999999999999998,17,0.9826663136482239
Learned,Learned Basis,0.15999999999999998,18,0.9819439649581909
Learned,Learned Basis,0.15999999999999998,19,0.979395866394043
Learned,Learned Basis,0.15999999999999998,20,0.9800873398780823
Learned,Learned Basis,0.15999999999999998,21,0.9714422821998596
Learned,Learned Basis,0.15999999999999998,22,0.950728714466095
Learned,Learned Basis,0.15999999999999998,23,0.9522006511688232
Learned,Learned Basis,0.15999999999999998,24,0.9606612324714661
Learned,Learned Basis,0.15999999999999998,25,0.970400869846344
Learned,Learned Basis,0.15999999999999998,26,0.9542643427848816
Learned,Learned Basis,0.15999999999999998,27,0.9572065472602844
Learned,Learned Basis,0.15999999999999998,28,0.9551839232444763
Learned,Learned Basis,0.15999999999999998,29,0.9685475826263428
Learned,Learned Basis,0.15999999999999998,30,0.9716452956199646
Learned,Learned Basis,0.15999999999999998,31,0.9685603976249695
Learned,Learned Basis,0.15999999999999998,32,0.9708718657493591
Learned,Learned Basis,0.15999999999999998,33,0.9725923538208008
Learned,Learned Basis,0.15999999999999998,34,0.9766306281089783
Learned,Learned Basis,0.15999999999999998,35,0.9753972887992859
Learned,Learned Basis,0.15999999999999998,36,0.9743712544441223
Learned,Learned Basis,0.15999999999999998,37,0.9758183360099792
Learned,Learned Basis,0.15999999999999998,38,0.9750422835350037
Learned,Learned Basis,0.15999999999999998,39,0.9764080047607422
Learned,Learned Basis,0.15999999999999998,40,0.9778261780738831
Learned,Learned Basis,0.15999999999999998,41,0.9758316874504089
Learned,Learned Basis,0.15999999999999998,42,0.9766303300857544
Learned,Learned Basis,0.15999999999999998,43,0.9778847694396973
Learned,Learned Basis,0.16999999999999998,0,0.9762696027755737
Learned,Learned Basis,0.16999999999999998,1,0.9775273203849792
Learned,Learned Basis,0.16999999999999998,2,0.9810447692871094
Learned,Learned Basis,0.16999999999999998,3,0.9787072539329529
Learned,Learned Basis,0.16999999999999998,4,0.9801959991455078
Learned,Learned Basis,0.16999999999999998,5,0.9786423444747925
Learned,Learned Basis,0.16999999999999998,6,0.9777606725692749
Learned,Learned Basis,0.16999999999999998,7,0.9820888638496399
Learned,Learned Basis,0.16999999999999998,8,0.9820033311843872
Learned,Learned Basis,0.16999999999999998,9,0.9808592796325684
Learned,Learned Basis,0.16999999999999998,10,0.98231440782547
Learned,Learned Basis,0.16999999999999998,11,0.9833241105079651
Learned,Learned Basis,0.16999999999999998,12,0.9807242155075073
Learned,Learned Basis,0.16999999999999998,13,0.9810513854026794
Learned,Learned Basis,0.16999999999999998,14,0.9813976287841797
Learned,Learned Basis,0.16999999999999998,15,0.9828620553016663
Learned,Learned Basis,0.16999999999999998,16,0.9794031977653503
Learned,Learned Basis,0.16999999999999998,17,0.982477068901062
Learned,Learned Basis,0.16999999999999998,18,0.9817339181900024
Learned,Learned Basis,0.16999999999999998,19,0.97904372215271
Learned,Learned Basis,0.16999999999999998,20,0.9795446991920471
Learned,Learned Basis,0.16999999999999998,21,0.9703092575073242
Learned,Learned Basis,0.16999999999999998,22,0.946968138217926
Learned,Learned Basis,0.16999999999999998,23,0.9486138820648193
Learned,Learned Basis,0.16999999999999998,24,0.9585039615631104
Learned,Learned Basis,0.16999999999999998,25,0.9692647457122803
Learned,Learned Basis,0.16999999999999998,26,0.9520854353904724
Learned,Learned Basis,0.16999999999999998,27,0.9550796151161194
Learned,Learned Basis,0.16999999999999998,28,0.9526442289352417
Learned,Learned Basis,0.16999999999999998,29,0.9681076407432556
Learned,Learned Basis,0.16999999999999998,30,0.9713356494903564
Learned,Learned Basis,0.16999999999999998,31,0.9680684804916382
Learned,Learned Basis,0.16999999999999998,32,0.9704545140266418
Learned,Learned Basis,0.16999999999999998,33,0.9723305702209473
Learned,Learned Basis,0.16999999999999998,34,0.976459801197052
Learned,Learned Basis,0.16999999999999998,35,0.9752021431922913
Learned,Learned Basis,0.16999999999999998,36,0.9741887450218201
Learned,Learned Basis,0.16999999999999998,37,0.9756581783294678
Learned,Learned Basis,0.16999999999999998,38,0.9748799204826355
Learned,Learned Basis,0.16999999999999998,39,0.976245105266571
Learned,Learned Basis,0.16999999999999998,40,0.9777006506919861
Learned,Learned Basis,0.16999999999999998,41,0.9756872653961182
Learned,Learned Basis,0.16999999999999998,42,0.976500391960144
Learned,Learned Basis,0.16999999999999998,43,0.9777641892433167
Learned,Learned Basis,0.18,0,0.9761401414871216
Learned,Learned Basis,0.18,1,0.9774095416069031
Learned,Learned Basis,0.18,2,0.9809215664863586
Learned,Learned Basis,0.18,3,0.9785637855529785
Learned,Learned Basis,0.18,4,0.9800865650177002
Learned,Learned Basis,0.18,5,0.9785283207893372
Learned,Learned Basis,0.18,6,0.9776458144187927
Learned,Learned Basis,0.18,7,0.9819694757461548
Learned,Learned Basis,0.18,8,0.9818832874298096
Learned,Learned Basis,0.18,9,0.980733335018158
Learned,Learned Basis,0.18,10,0.9821958541870117
Learned,Learned Basis,0.18,11,0.9832004308700562
Learned,Learned Basis,0.18,12,0.9805941581726074
Learned,Learned Basis,0.18,13,0.9809064269065857
Learned,Learned Basis,0.18,14,0.9812554717063904
Learned,Learned Basis,0.18,15,0.9827093482017517
Learned,Learned Basis,0.18,16,0.9792176485061646
Learned,Learned Basis,0.18,17,0.982278048992157
Learned,Learned Basis,0.18,18,0.9815145134925842
Learned,Learned Basis,0.18,19,0.9786760210990906
Learned,Learned Basis,0.18,20,0.9789796471595764
Learned,Learned Basis,0.18,21,0.9691283106803894
Learned,Learned Basis,0.18,22,0.9430400133132935
Learned,Learned Basis,0.18,23,0.9448402523994446
Learned,Learned Basis,0.18,24,0.9562291502952576
Learned,Learned Basis,0.18,25,0.9680677652359009
Learned,Learned Basis,0.18,26,0.9497925043106079
Learned,Learned Basis,0.18,27,0.952826976776123
Learned,Learned Basis,0.18,28,0.9499624371528625
Learned,Learned Basis,0.18,29,0.967643141746521
Learned,Learned Basis,0.18,30,0.9710090756416321
Learned,Learned Basis,0.18,31,0.9675509929656982
Learned,Learned Basis,0.18,32,0.9700164794921875
Learned,Learned Basis,0.18,33,0.9720545411109924
Learned,Learned Basis,0.18,34,0.9762794375419617
Learned,Learned Basis,0.18,35,0.9749963879585266
Learned,Learned Basis,0.18,36,0.9739959836006165
Learned,Learned Basis,0.18,37,0.97548907995224
Learned,Learned Basis,0.18,38,0.9747093915939331
Learned,Learned Basis,0.18,39,0.9760740995407104
Learned,Learned Basis,0.18,40,0.9775682687759399
Learned,Learned Basis,0.18,41,0.9755347371101379
Learned,Learned Basis,0.18,42,0.9763637185096741
Learned,Learned Basis,0.18,43,0.9776371717453003
Learned,Learned Basis,0.19,0,0.976004421710968
Learned,Learned Basis,0.19,1,0.977284848690033
Learned,Learned Basis,0.19,2,0.9807916283607483
Learned,Learned Basis,0.19,3,0.978413462638855
Learned,Learned Basis,0.19,4,0.979971170425415
Learned,Learned Basis,0.19,5,0.97840815782547
Learned,Learned Basis,0.19,6,0.97752445936203
Learned,Learned Basis,0.19,7,0.9818430542945862
Learned,Learned Basis,0.19,8,0.9817569851875305
Learned,Learned Basis,0.19,9,0.9806008338928223
Learned,Learned Basis,0.19,10,0.982071042060852
Learned,Learned Basis,0.19,11,0.9830707907676697
Learned,Learned Basis,0.19,12,0.9804580211639404
Learned,Learned Basis,0.19,13,0.9807550311088562
Learned,Learned Basis,0.19,14,0.9811056852340698
Learned,Learned Basis,0.19,15,0.982549786567688
Learned,Learned Basis,0.19,16,0.9790244698524475
Learned,Learned Basis,0.19,17,0.9820700883865356
Learned,Learned Basis,0.19,18,0.9812856316566467
Learned,Learned Basis,0.19,19,0.9782935380935669
Learned,Learned Basis,0.19,20,0.9783942103385925
Learned,Learned Basis,0.19,21,0.967902660369873
Learned,Learned Basis,0.19,22,0.9389552474021912
Learned,Learned Basis,0.19,23,0.9408867955207825
Learned,Learned Basis,0.19,24,0.9538393616676331
Learned,Learned Basis,0.19,25,0.9668108224868774
Learned,Learned Basis,0.19,26,0.9473876953125
Learned,Learned Basis,0.19,27,0.9504500031471252
Learned,Learned Basis,0.19,28,0.9471404552459717
Learned,Learned Basis,0.19,29,0.9671556353569031
Learned,Learned Basis,0.19,30,0.9706655740737915
Learned,Learned Basis,0.19,31,0.9670079946517944
Learned,Learned Basis,0.19,32,0.9695586562156677
Learned,Learned Basis,0.19,33,0.9717644453048706
Learned,Learned Basis,0.19,34,0.9760899543762207
Learned,Learned Basis,0.19,35,0.9747802019119263
Learned,Learned Basis,0.19,36,0.9737936854362488
Learned,Learned Basis,0.19,37,0.9753111600875854
Learned,Learned Basis,0.19,38,0.9745302200317383
Learned,Learned Basis,0.19,39,0.9758949875831604
Learned,Learned Basis,0.19,40,0.9774290919303894
Learned,Learned Basis,0.19,41,0.975374162197113
Learned,Learned Basis,0.19,42,0.9762198328971863
Learned,Learned Basis,0.19,43,0.9775028228759766
Learned,Learned Basis,0.2,0,0.9758622050285339
Learned,Learned Basis,0.2,1,0.9771533608436584
Learned,Learned Basis,0.2,2,0.9806550741195679
Learned,Learned Basis,0.2,3,0.9782567024230957
Learned,Learned Basis,0.2,4,0.9798504114151001
Learned,Learned Basis,0.2,5,0.97828209400177
Learned,Learned Basis,0.2,6,0.977397620677948
Learned,Learned Basis,0.2,7,0.9817107915878296
Learned,Learned Basis,0.2,8,0.9816246628761292
Learned,Learned Basis,0.2,9,0.9804623126983643
Learned,Learned Basis,0.2,10,0.9819396734237671
Learned,Learned Basis,0.2,11,0.9829356074333191
Learned,Learned Basis,0.2,12,0.9803153276443481
Learned,Learned Basis,0.2,13,0.9805971384048462
Learned,Learned Basis,0.2,14,0.9809495210647583
Learned,Learned Basis,0.2,15,0.9823822975158691
Learned,Learned Basis,0.2,16,0.9788235425949097
Learned,Learned Basis,0.2,17,0.9818530082702637
Learned,Learned Basis,0.2,18,0.9810477495193481
Learned,Learned Basis,0.2,19,0.9778971076011658
Learned,Learned Basis,0.2,20,0.9777894616127014
Learned,Learned Basis,0.2,21,0.966635525226593
Learned,Learned Basis,0.2,22,0.9347255229949951
Learned,Learned Basis,0.2,23,0.936761200428009
Learned,Learned Basis,0.2,24,0.9513355493545532
Learned,Learned Basis,0.2,25,0.965494692325592
Learned,Learned Basis,0.2,26,0.9448750019073486
Learned,Learned Basis,0.2,27,0.9479498863220215
Learned,Learned Basis,0.2,28,0.9441811442375183
Learned,Learned Basis,0.2,29,0.9666450619697571
Learned,Learned Basis,0.2,30,0.9703068733215332
Learned,Learned Basis,0.2,31,0.9664413332939148
Learned,Learned Basis,0.2,32,0.9690815806388855
Learned,Learned Basis,0.2,33,0.9714608788490295
Learned,Learned Basis,0.2,34,0.9758914709091187
Learned,Learned Basis,0.2,35,0.9745534658432007
Learned,Learned Basis,0.2,36,0.9735814332962036
Learned,Learned Basis,0.2,37,0.9751243591308594
Learned,Learned Basis,0.2,38,0.9743428230285645
Learned,Learned Basis,0.2,39,0.9757078886032104
Learned,Learned Basis,0.2,40,0.9772834777832031
Learned,Learned Basis,0.2,41,0.9752050638198853
Learned,Learned Basis,0.2,42,0.9760690331459045
Learned,Learned Basis,0.2,43,0.977361798286438
