method,method_label,papr_db
OFDM,Classical OFDM,6.4509206
OFDM,Classical OFDM,6.057165
OFDM,Classical OFDM,8.541059
OFDM,Classical OFDM,6.624453
OFDM,Classical OFDM,6.0100746
OFDM,Classical OFDM,7.79589
OFDM,Classical OFDM,7.656653
OFDM,Classical OFDM,7.5543995
OFDM,Classical OFDM,4.990291
OFDM,Classical OFDM,5.808682
OFDM,Classical OFDM,8.135195
OFDM,Classical OFDM,5.197962
OFDM,Classical OFDM,4.4532676
OFDM,Classical OFDM,7.572917
OFDM,Classical OFDM,5.91671
OFDM,Classical OFDM,6.1154346
OFDM,Classical OFDM,7.243825
OFDM,Classical OFDM,5.272723
OFDM,Classical OFDM,7.4462824
OFDM,Classical OFDM,7.0558853
OFDM,Classical OFDM,5.9337068
OFDM,Classical OFDM,8.725542
OFDM,Classical OFDM,5.7023525
OFDM,Classical OFDM,6.6933346
OFDM,Classical OFDM,6.2186375
OFDM,Classical OFDM,5.457696
OFDM,Classical OFDM,5.471307
OFDM,Classical OFDM,5.654302
OFDM,Classical OFDM,6.912167
OFDM,Classical OFDM,6.047356
OFDM,Classical OFDM,5.6311126
OFDM,Classical OFDM,6.584391
OFDM,Classical OFDM,6.4088273
OFDM,Classical OFDM,6.6745067
OFDM,Classical OFDM,6.0249176
OFDM,Classical OFDM,6.4226027
OFDM,Classical OFDM,8.159168
OFDM,Classical OFDM,7.7347727
OFDM,Classical OFDM,6.9152923
OFDM,Classical OFDM,7.21996
OFDM,Classical OFDM,7.7128105
OFDM,Classical OFDM,7.1895275
OFDM,Classical OFDM,7.736442
OFDM,Classical OFDM,6.3066144
OFDM,Classical OFDM,6.7120924
OFDM,Classical OFDM,6.9967756
OFDM,Classical OFDM,6.511355
OFDM,Classical OFDM,5.924554
OFDM,Classical OFDM,6.122579
OFDM,Classical OFDM,6.369782
OFDM,Classical OFDM,5.3223934
OFDM,Classical OFDM,5.987794
OFDM,Classical OFDM,7.104351
OFDM,Classical OFDM,7.2991314
OFDM,Classical OFDM,5.4144278
OFDM,Classical OFDM,5.573067
OFDM,Classical OFDM,6.1544566
OFDM,Classical OFDM,5.561329
OFDM,Classical OFDM,5.957499
OFDM,Classical OFDM,5.2537193
OFDM,Classical OFDM,5.822435
OFDM,Classical OFDM,6.2158813
OFDM,Classical OFDM,6.6245413
OFDM,Classical OFDM,5.763409
OFDM,Classical OFDM,6.45434
OFDM,Classical OFDM,6.1970243
OFDM,Classical OFDM,6.5275044
OFDM,Classical OFDM,6.6550655
OFDM,Classical OFDM,6.0708942
OFDM,Classical OFDM,8.147569
OFDM,Classical OFDM,5.966344
OFDM,Classical OFDM,5.1885314
OFDM,Classical OFDM,5.2972465
OFDM,Classical OFDM,7.4877424
OFDM,Classical OFDM,6.2563343
OFDM,Classical OFDM,6.343074
OFDM,Classical OFDM,6.240699
OFDM,Classical OFDM,7.9832134
OFDM,Classical OFDM,7.673519
OFDM,Classical OFDM,5.466707
OFDM,Classical OFDM,7.4875
OFDM,Classical OFDM,5.543408
OFDM,Classical OFDM,6.6049423
OFDM,Classical OFDM,6.580695
OFDM,Classical OFDM,6.8026314
OFDM,Classical OFDM,6.5524983
OFDM,Classical OFDM,6.366826
OFDM,Classical OFDM,6.6881347
OFDM,Classical OFDM,7.364285
OFDM,Classical OFDM,7.059658
OFDM,Classical OFDM,5.7939463
OFDM,Classical OFDM,5.613083
OFDM,Classical OFDM,6.923644
OFDM,Classical OFDM,4.7972865
OFDM,Classical OFDM,5.639102
OFDM,Classical OFDM,5.095229
OFDM,Classical OFDM,4.337719
OFDM,Classical OFDM,5.4869623
OFDM,Classical OFDM,6.6868978
OFDM,Classical OFDM,5.7952127
OFDM,Classical OFDM,7.311617
OFDM,Classical OFDM,6.6993995
OFDM,Classical OFDM,7.5049396
OFDM,Classical OFDM,7.645442
OFDM,Classical OFDM,6.000819
OFDM,Classical OFDM,6.788148
OFDM,Classical OFDM,6.921912
OFDM,Classical OFDM,6.957488
OFDM,Classical OFDM,7.6064386
OFDM,Classical OFDM,6.916692
OFDM,Classical OFDM,6.5413656
OFDM,Classical OFDM,7.383032
OFDM,Classical OFDM,6.2860384
OFDM,Classical OFDM,7.678719
OFDM,Classical OFDM,5.7230844
OFDM,Classical OFDM,7.8995333
OFDM,Classical OFDM,6.823774
OFDM,Classical OFDM,6.9503937
OFDM,Classical OFDM,6.0543385
OFDM,Classical OFDM,6.8957596
OFDM,Classical OFDM,6.679673
OFDM,Classical OFDM,7.3683066
OFDM,Classical OFDM,6.443419
OFDM,Classical OFDM,5.2007413
OFDM,Classical OFDM,8.2635145
OFDM,Classical OFDM,4.698657
OFDM,Classical OFDM,6.3438697
OFDM,Classical OFDM,7.346849
OFDM,Classical OFDM,6.722515
OFDM,Classical OFDM,6.7460976
OFDM,Classical OFDM,6.1435084
OFDM,Classical OFDM,6.819394
OFDM,Classical OFDM,7.7847333
OFDM,Classical OFDM,6.4294796
OFDM,Classical OFDM,7.092534
OFDM,Classical OFDM,6.0445027
OFDM,Classical OFDM,7.783635
OFDM,Classical OFDM,7.3783064
OFDM,Classical OFDM,7.789457
OFDM,Classical OFDM,5.264411
OFDM,Classical OFDM,5.5879264
OFDM,Classical OFDM,6.356421
OFDM,Classical OFDM,7.500138
OFDM,Classical OFDM,5.1099973
OFDM,Classical OFDM,7.0920935
OFDM,Classical OFDM,6.4821167
OFDM,Classical OFDM,6.6499386
OFDM,Classical OFDM,6.9896884
OFDM,Classical OFDM,6.0012674
OFDM,Classical OFDM,6.051018
OFDM,Classical OFDM,7.303624
OFDM,Classical OFDM,7.4535856
OFDM,Classical OFDM,6.9975905
OFDM,Classical OFDM,5.800695
OFDM,Classical OFDM,5.604813
OFDM,Classical OFDM,4.883022
OFDM,Classical OFDM,4.9872584
OFDM,Classical OFDM,6.1646566
OFDM,Classical OFDM,6.036473
OFDM,Classical OFDM,6.944833
OFDM,Classical OFDM,5.118822
OFDM,Classical OFDM,6.030469
OFDM,Classical OFDM,7.691124
OFDM,Classical OFDM,9.049035
OFDM,Classical OFDM,7.033659
OFDM,Classical OFDM,6.6657834
OFDM,Classical OFDM,6.0554786
OFDM,Classical OFDM,6.2496195
OFDM,Classical OFDM,7.86777
OFDM,Classical OFDM,6.684758
OFDM,Classical OFDM,5.104581
OFDM,Classical OFDM,6.933567
OFDM,Classical OFDM,8.089671
OFDM,Classical OFDM,6.108916
OFDM,Classical OFDM,7.004604
OFDM,Classical OFDM,5.488573
OFDM,Classical OFDM,5.6501794
OFDM,Classical OFDM,5.9626794
OFDM,Classical OFDM,6.235311
OFDM,Classical OFDM,8.3041115
OFDM,Classical OFDM,5.7194986
OFDM,Classical OFDM,7.4113617
OFDM,Classical OFDM,7.0603156
OFDM,Classical OFDM,5.343337
OFDM,Classical OFDM,8.328936
OFDM,Classical OFDM,7.046315
OFDM,Classical OFDM,5.668768
OFDM,Classical OFDM,5.4957237
OFDM,Classical OFDM,7.5070148
OFDM,Classical OFDM,6.4228606
OFDM,Classical OFDM,9.723897
OFDM,Classical OFDM,5.4408665
OFDM,Classical OFDM,5.313944
OFDM,Classical OFDM,8.7091465
OFDM,Classical OFDM,6.516511
OFDM,Classical OFDM,6.7707872
OFDM,Classical OFDM,5.488265
OFDM,Classical OFDM,6.906967
OFDM,Classical OFDM,8.208045
OFDM,Classical OFDM,7.3646297
OFDM,Classical OFDM,6.0827675
OFDM,Classical OFDM,6.626353
OFDM,Classical OFDM,7.275056
OFDM,Classical OFDM,5.8120956
OFDM,Classical OFDM,8.709944
OFDM,Classical OFDM,4.5775466
OFDM,Classical OFDM,6.2954526
OFDM,Classical OFDM,8.704057
OFDM,Classical OFDM,7.105603
OFDM,Classical OFDM,6.283893
OFDM,Classical OFDM,5.666421
OFDM,Classical OFDM,5.5269
OFDM,Classical OFDM,6.3163114
OFDM,Classical OFDM,6.906614
OFDM,Classical OFDM,4.3396907
OFDM,Classical OFDM,8.2041235
OFDM,Classical OFDM,7.0352497
OFDM,Classical OFDM,5.2841706
OFDM,Classical OFDM,6.0981255
OFDM,Classical OFDM,5.2517586
OFDM,Classical OFDM,6.527067
OFDM,Classical OFDM,7.5613713
OFDM,Classical OFDM,5.520664
OFDM,Classical OFDM,9.125833
OFDM,Classical OFDM,5.8137302
OFDM,Classical OFDM,6.44424
OFDM,Classical OFDM,8.236256
OFDM,Classical OFDM,6.9295053
OFDM,Classical OFDM,6.224999
OFDM,Classical OFDM,5.6995745
OFDM,Classical OFDM,6.9355583
OFDM,Classical OFDM,6.0014105
OFDM,Classical OFDM,6.112155
OFDM,Classical OFDM,7.8184853
OFDM,Classical OFDM,7.417025
OFDM,Classical OFDM,6.6667266
OFDM,Classical OFDM,7.494845
OFDM,Classical OFDM,5.2673035
OFDM,Classical OFDM,7.70623
OFDM,Classical OFDM,5.778594
OFDM,Classical OFDM,7.0629435
OFDM,Classical OFDM,6.589925
OFDM,Classical OFDM,6.4961953
OFDM,Classical OFDM,6.2012424
OFDM,Classical OFDM,6.8607235
OFDM,Classical OFDM,5.4299316
OFDM,Classical OFDM,7.726239
OFDM,Classical OFDM,8.310109
OFDM,Classical OFDM,5.4395003
OFDM,Classical OFDM,6.233406
OFDM,Classical OFDM,5.797863
OFDM,Classical OFDM,8.823223
OFDM,Classical OFDM,6.3604856
OFDM,Classical OFDM,6.9808874
OFDM,Classical OFDM,6.39636
OFDM,Classical OFDM,7.284259
OFDM,Classical OFDM,6.813953
OFDM,Classical OFDM,8.05935
OFDM,Classical OFDM,7.2826147
OFDM,Classical OFDM,5.9111214
OFDM,Classical OFDM,5.009472
OFDM,Classical OFDM,7.243543
OFDM,Classical OFDM,7.0572276
OFDM,Classical OFDM,6.1551676
OFDM,Classical OFDM,6.051025
OFDM,Classical OFDM,5.926505
OFDM,Classical OFDM,4.674285
OFDM,Classical OFDM,6.8400326
OFDM,Classical OFDM,7.6327553
OFDM,Classical OFDM,6.0013537
OFDM,Classical OFDM,5.7506394
OFDM,Classical OFDM,4.843465
OFDM,Classical OFDM,4.488125
OFDM,Classical OFDM,5.64645
OFDM,Classical OFDM,5.9708333
OFDM,Classical OFDM,8.245882
OFDM,Classical OFDM,5.7729053
OFDM,Classical OFDM,7.026978
OFDM,Classical OFDM,6.0566406
OFDM,Classical OFDM,7.252837
OFDM,Classical OFDM,8.282555
OFDM,Classical OFDM,5.662852
OFDM,Classical OFDM,7.2744846
OFDM,Classical OFDM,6.1544943
OFDM,Classical OFDM,5.166326
OFDM,Classical OFDM,7.0983973
OFDM,Classical OFDM,6.8905044
OFDM,Classical OFDM,6.2041836
OFDM,Classical OFDM,5.3723583
OFDM,Classical OFDM,7.576761
OFDM,Classical OFDM,4.984989
OFDM,Classical OFDM,8.117706
OFDM,Classical OFDM,6.500077
OFDM,Classical OFDM,5.1878448
OFDM,Classical OFDM,6.3569727
OFDM,Classical OFDM,6.578742
OFDM,Classical OFDM,7.2335978
OFDM,Classical OFDM,5.0359144
OFDM,Classical OFDM,6.245663
OFDM,Classical OFDM,7.563656
OFDM,Classical OFDM,5.707494
OFDM,Classical OFDM,7.660001
OFDM,Classical OFDM,5.571636
OFDM,Classical OFDM,6.8410354
OFDM,Classical OFDM,6.247492
OFDM,Classical OFDM,6.5954895
OFDM,Classical OFDM,6.246695
OFDM,Classical OFDM,6.573024
OFDM,Classical OFDM,7.1943808
OFDM,Classical OFDM,5.4515543
OFDM,Classical OFDM,6.286501
OFDM,Classical OFDM,5.399876
OFDM,Classical OFDM,6.003503
OFDM,Classical OFDM,6.567444
OFDM,Classical OFDM,7.193387
OFDM,Classical OFDM,7.059562
OFDM,Classical OFDM,7.6034374
OFDM,Classical OFDM,7.9250574
OFDM,Classical OFDM,6.460416
OFDM,Classical OFDM,5.9291673
OFDM,Classical OFDM,7.3977737
OFDM,Classical OFDM,5.343516
OFDM,Classical OFDM,6.861989
OFDM,Classical OFDM,8.682809
OFDM,Classical OFDM,6.1621437
OFDM,Classical OFDM,7.577808
OFDM,Classical OFDM,5.8044167
OFDM,Classical OFDM,4.830872
OFDM,Classical OFDM,7.087119
OFDM,Classical OFDM,7.374596
OFDM,Classical OFDM,7.8035555
OFDM,Classical OFDM,8.22473
OFDM,Classical OFDM,7.662359
OFDM,Classical OFDM,6.553609
OFDM,Classical OFDM,7.3783216
OFDM,Classical OFDM,7.0995
OFDM,Classical OFDM,5.8535438
OFDM,Classical OFDM,7.239509
OFDM,Classical OFDM,5.5115385
OFDM,Classical OFDM,7.149232
OFDM,Classical OFDM,5.702771
OFDM,Classical OFDM,5.2731
OFDM,Classical OFDM,6.978383
OFDM,Classical OFDM,6.5236325
OFDM,Classical OFDM,6.41447
OFDM,Classical OFDM,6.3648567
OFDM,Classical OFDM,5.6532507
OFDM,Classical OFDM,7.041094
OFDM,Classical OFDM,6.8214264
OFDM,Classical OFDM,6.6391234
OFDM,Classical OFDM,5.406886
OFDM,Classical OFDM,6.3408937
OFDM,Classical OFDM,7.431591
OFDM,Classical OFDM,8.502598
OFDM,Classical OFDM,6.031805
OFDM,Classical OFDM,6.4903173
OFDM,Classical OFDM,5.349536
OFDM,Classical OFDM,5.934595
OFDM,Classical OFDM,5.8281465
OFDM,Classical OFDM,7.7427697
OFDM,Classical OFDM,6.3066597
OFDM,Classical OFDM,7.9118896
OFDM,Classical OFDM,5.418928
OFDM,Classical OFDM,7.1910334
OFDM,Classical OFDM,7.184424
OFDM,Classical OFDM,6.020589
OFDM,Classical OFDM,6.566231
OFDM,Classical OFDM,8.277408
OFDM,Classical OFDM,7.0615954
OFDM,Classical OFDM,5.5521016
OFDM,Classical OFDM,7.4362392
OFDM,Classical OFDM,6.909937
OFDM,Classical OFDM,7.473467
OFDM,Classical OFDM,7.127611
OFDM,Classical OFDM,6.597248
OFDM,Classical OFDM,5.8649898
OFDM,Classical OFDM,5.7148895
OFDM,Classical OFDM,7.909547
OFDM,Classical OFDM,7.772048
OFDM,Classical OFDM,6.639984
OFDM,Classical OFDM,6.485141
OFDM,Classical OFDM,7.6625223
OFDM,Classical OFDM,5.913397
OFDM,Classical OFDM,5.8877897
OFDM,Classical OFDM,5.970171
OFDM,Classical OFDM,5.6818237
OFDM,Classical OFDM,8.712252
OFDM,Classical OFDM,6.3066363
OFDM,Classical OFDM,8.6562
OFDM,Classical OFDM,6.1286774
OFDM,Classical OFDM,6.701437
OFDM,Classical OFDM,8.415734
OFDM,Classical OFDM,7.031706
OFDM,Classical OFDM,8.065615
OFDM,Classical OFDM,5.078497
OFDM,Classical OFDM,6.088516
OFDM,Classical OFDM,8.595305
OFDM,Classical OFDM,8.066972
OFDM,Classical OFDM,7.472103
OFDM,Classical OFDM,6.8845396
OFDM,Classical OFDM,7.136363
OFDM,Classical OFDM,4.8581758
OFDM,Classical OFDM,7.117466
OFDM,Classical OFDM,6.2098875
OFDM,Classical OFDM,9.103642
OFDM,Classical OFDM,7.2031326
OFDM,Classical OFDM,4.7178836
OFDM,Classical OFDM,6.648409
OFDM,Classical OFDM,5.974556
OFDM,Classical OFDM,7.3801093
OFDM,Classical OFDM,6.9461255
OFDM,Classical OFDM,6.5572386
OFDM,Classical OFDM,7.2764406
OFDM,Classical OFDM,6.189994
OFDM,Classical OFDM,6.534512
OFDM,Classical OFDM,5.5294914
OFDM,Classical OFDM,5.7478323
OFDM,Classical OFDM,6.0203214
OFDM,Classical OFDM,6.6584177
OFDM,Classical OFDM,8.3460455
OFDM,Classical OFDM,6.3692718
OFDM,Classical OFDM,6.1380396
OFDM,Classical OFDM,5.7756414
OFDM,Classical OFDM,9.076536
OFDM,Classical OFDM,4.827464
OFDM,Classical OFDM,4.5584826
OFDM,Classical OFDM,7.5325484
OFDM,Classical OFDM,6.2711163
OFDM,Classical OFDM,6.086953
OFDM,Classical OFDM,6.5586686
OFDM,Classical OFDM,5.56318
OFDM,Classical OFDM,7.104295
OFDM,Classical OFDM,7.724126
OFDM,Classical OFDM,5.5940332
OFDM,Classical OFDM,7.751935
OFDM,Classical OFDM,5.947664
OFDM,Classical OFDM,6.2079487
OFDM,Classical OFDM,8.2251625
OFDM,Classical OFDM,7.7312546
OFDM,Classical OFDM,5.9216824
OFDM,Classical OFDM,5.5837574
OFDM,Classical OFDM,6.573311
OFDM,Classical OFDM,6.340681
OFDM,Classical OFDM,6.5907917
OFDM,Classical OFDM,5.9550056
OFDM,Classical OFDM,7.7635355
OFDM,Classical OFDM,5.3124995
OFDM,Classical OFDM,5.416173
OFDM,Classical OFDM,5.677847
OFDM,Classical OFDM,5.5176835
OFDM,Classical OFDM,7.361868
OFDM,Classical OFDM,8.424847
OFDM,Classical OFDM,6.2342405
OFDM,Classical OFDM,6.775936
OFDM,Classical OFDM,5.0244436
OFDM,Classical OFDM,6.5448422
OFDM,Classical OFDM,6.8728504
OFDM,Classical OFDM,7.655922
OFDM,Classical OFDM,6.5084734
OFDM,Classical OFDM,7.2017484
OFDM,Classical OFDM,5.763726
OFDM,Classical OFDM,7.220344
OFDM,Classical OFDM,7.169931
OFDM,Classical OFDM,6.2692623
OFDM,Classical OFDM,4.7359796
OFDM,Classical OFDM,7.3686023
OFDM,Classical OFDM,7.1433396
OFDM,Classical OFDM,6.4923344
OFDM,Classical OFDM,6.13474
OFDM,Classical OFDM,6.692331
OFDM,Classical OFDM,5.1423035
OFDM,Classical OFDM,6.9693108
OFDM,Classical OFDM,6.3127365
OFDM,Classical OFDM,8.432077
OFDM,Classical OFDM,5.3581667
OFDM,Classical OFDM,6.998067
OFDM,Classical OFDM,6.3287163
OFDM,Classical OFDM,5.7372975
OFDM,Classical OFDM,6.0787325
OFDM,Classical OFDM,8.238465
OFDM,Classical OFDM,6.451292
OFDM,Classical OFDM,6.201163
OFDM,Classical OFDM,5.133934
OFDM,Classical OFDM,8.537811
OFDM,Classical OFDM,7.1978054
OFDM,Classical OFDM,7.274699
OFDM,Classical OFDM,6.2353473
OFDM,Classical OFDM,6.3783545
OFDM,Classical OFDM,6.4358177
OFDM,Classical OFDM,5.711746
OFDM,Classical OFDM,6.175676
OFDM,Classical OFDM,7.448724
OFDM,Classical OFDM,7.2777867
OFDM,Classical OFDM,7.3375654
OFDM,Classical OFDM,7.4106746
OFDM,Classical OFDM,7.8945036
OFDM,Classical OFDM,5.489231
OFDM,Classical OFDM,8.012551
OFDM,Classical OFDM,5.3345404
OFDM,Classical OFDM,6.221559
OFDM,Classical OFDM,5.7654576
OFDM,Classical OFDM,5.9668756
OFDM,Classical OFDM,7.411544
OFDM,Classical OFDM,4.8231626
OFDM,Classical OFDM,7.220884
OFDM,Classical OFDM,6.368725
OFDM,Classical OFDM,7.144158
OFDM,Classical OFDM,7.46122
OFDM,Classical OFDM,6.3320417
OFDM,Classical OFDM,5.9406996
OFDM,Classical OFDM,9.100408
OFDM,Classical OFDM,6.523798
OFDM,Classical OFDM,6.620665
OFDM,Classical OFDM,7.8570642
OFDM,Classical OFDM,6.409525
OFDM,Classical OFDM,6.3365993
OFDM,Classical OFDM,6.849695
OFDM,Classical OFDM,5.7946486
OFDM,Classical OFDM,5.892108
OFDM,Classical OFDM,7.510987
OFDM,Classical OFDM,5.9608
OFDM,Classical OFDM,6.572152
OFDM,Classical OFDM,4.992054
OFDM,Classical OFDM,7.664445
OFDM,Classical OFDM,7.0757427
OFDM,Classical OFDM,6.9934473
OFDM,Classical OFDM,6.7995625
OFDM,Classical OFDM,5.19625
OFDM,Classical OFDM,5.617385
OFDM,Classical OFDM,4.954917
OFDM,Classical OFDM,7.888095
OFDM,Classical OFDM,5.765008
OFDM,Classical OFDM,6.627474
OFDM,Classical OFDM,5.7216334
OFDM,Classical OFDM,8.260599
OFDM,Classical OFDM,5.482187
OFDM,Classical OFDM,7.571998
OFDM,Classical OFDM,6.6870837
OFDM,Classical OFDM,6.2661896
OFDM,Classical OFDM,5.781476
OFDM,Classical OFDM,6.11367
OFDM,Classical OFDM,7.279518
OFDM,Classical OFDM,5.9251556
OFDM,Classical OFDM,6.7076855
OFDM,Classical OFDM,6.2793546
OFDM,Classical OFDM,6.3419075
OFDM,Classical OFDM,6.7302504
OFDM,Classical OFDM,6.811089
OFDM,Classical OFDM,6.4460998
OFDM,Classical OFDM,5.538779
OFDM,Classical OFDM,6.1425133
OFDM,Classical OFDM,6.664328
OFDM,Classical OFDM,6.2994103
OFDM,Classical OFDM,8.537892
OFDM,Classical OFDM,7.8226113
OFDM,Classical OFDM,5.960124
OFDM,Classical OFDM,5.6863365
OFDM,Classical OFDM,5.3871255
OFDM,Classical OFDM,7.1898103
OFDM,Classical OFDM,8.553187
OFDM,Classical OFDM,5.73351
OFDM,Classical OFDM,8.823943
OFDM,Classical OFDM,5.592512
OFDM,Classical OFDM,7.366191
OFDM,Classical OFDM,7.340241
OFDM,Classical OFDM,5.549126
OFDM,Classical OFDM,4.8519673
OFDM,Classical OFDM,6.381901
OFDM,Classical OFDM,7.7295094
OFDM,Classical OFDM,7.900281
OFDM,Classical OFDM,5.362853
OFDM,Classical OFDM,7.9575853
OFDM,Classical OFDM,6.4135194
OFDM,Classical OFDM,5.74969
OFDM,Classical OFDM,7.085705
OFDM,Classical OFDM,6.721877
OFDM,Classical OFDM,8.432694
OFDM,Classical OFDM,6.628765
OFDM,Classical OFDM,7.416392
OFDM,Classical OFDM,6.8717594
OFDM,Classical OFDM,5.865874
OFDM,Classical OFDM,5.5022473
OFDM,Classical OFDM,6.423897
OFDM,Classical OFDM,7.0265036
OFDM,Classical OFDM,4.7352076
OFDM,Classical OFDM,5.687433
OFDM,Classical OFDM,7.8537946
OFDM,Classical OFDM,7.3626733
OFDM,Classical OFDM,6.578241
OFDM,Classical OFDM,5.5489736
OFDM,Classical OFDM,7.7411275
OFDM,Classical OFDM,7.417019
OFDM,Classical OFDM,7.1568437
OFDM,Classical OFDM,8.793294
OFDM,Classical OFDM,6.3911223
OFDM,Classical OFDM,6.4398
OFDM,Classical OFDM,5.6057663
OFDM,Classical OFDM,6.6594877
OFDM,Classical OFDM,6.784362
OFDM,Classical OFDM,9.617948
OFDM,Classical OFDM,5.5369263
OFDM,Classical OFDM,6.959018
OFDM,Classical OFDM,6.1871057
OFDM,Classical OFDM,6.66647
OFDM,Classical OFDM,6.0266657
OFDM,Classical OFDM,5.7222247
OFDM,Classical OFDM,8.440349
OFDM,Classical OFDM,8.9599495
OFDM,Classical OFDM,8.302607
OFDM,Classical OFDM,5.84803
OFDM,Classical OFDM,7.3880167
OFDM,Classical OFDM,4.474254
OFDM,Classical OFDM,9.149799
OFDM,Classical OFDM,7.358155
OFDM,Classical OFDM,4.993989
OFDM,Classical OFDM,6.476826
OFDM,Classical OFDM,6.6114035
OFDM,Classical OFDM,8.1050825
OFDM,Classical OFDM,7.5258007
OFDM,Classical OFDM,6.4325852
OFDM,Classical OFDM,7.8829484
OFDM,Classical OFDM,6.2695646
OFDM,Classical OFDM,6.728963
OFDM,Classical OFDM,6.908536
OFDM,Classical OFDM,6.421769
OFDM,Classical OFDM,7.8163095
OFDM,Classical OFDM,4.6723323
OFDM,Classical OFDM,6.260218
OFDM,Classical OFDM,5.9018254
OFDM,Classical OFDM,6.2259126
OFDM,Classical OFDM,6.4390664
OFDM,Classical OFDM,6.3415985
OFDM,Classical OFDM,6.538184
OFDM,Classical OFDM,8.332507
OFDM,Classical OFDM,6.533943
OFDM,Classical OFDM,8.400934
OFDM,Classical OFDM,6.8228536
OFDM,Classical OFDM,6.583247
OFDM,Classical OFDM,6.195732
OFDM,Classical OFDM,5.940798
OFDM,Classical OFDM,7.303438
OFDM,Classical OFDM,7.0000973
OFDM,Classical OFDM,5.6124854
OFDM,Classical OFDM,7.0268316
OFDM,Classical OFDM,8.278381
OFDM,Classical OFDM,5.9891453
OFDM,Classical OFDM,5.169041
OFDM,Classical OFDM,5.2131276
OFDM,Classical OFDM,6.390669
OFDM,Classical OFDM,5.594864
OFDM,Classical OFDM,5.8026624
OFDM,Classical OFDM,6.1588
OFDM,Classical OFDM,6.5229015
OFDM,Classical OFDM,7.670356
OFDM,Classical OFDM,5.475549
OFDM,Classical OFDM,6.852488
OFDM,Classical OFDM,6.1749363
OFDM,Classical OFDM,6.634364
OFDM,Classical OFDM,6.4762697
OFDM,Classical OFDM,5.9432273
OFDM,Classical OFDM,5.8606772
OFDM,Classical OFDM,6.610207
OFDM,Classical OFDM,7.123956
OFDM,Classical OFDM,6.701724
OFDM,Classical OFDM,6.7529254
OFDM,Classical OFDM,5.416547
OFDM,Classical OFDM,6.853856
OFDM,Classical OFDM,8.369181
OFDM,Classical OFDM,7.210787
OFDM,Classical OFDM,7.483316
OFDM,Classical OFDM,6.0943146
OFDM,Classical OFDM,5.992689
OFDM,Classical OFDM,6.3709044
OFDM,Classical OFDM,7.1059995
OFDM,Classical OFDM,7.152169
OFDM,Classical OFDM,5.959349
OFDM,Classical OFDM,5.9874887
OFDM,Classical OFDM,6.803979
OFDM,Classical OFDM,5.949654
OFDM,Classical OFDM,6.742082
OFDM,Classical OFDM,6.4892793
OFDM,Classical OFDM,6.992791
OFDM,Classical OFDM,6.3967295
OFDM,Classical OFDM,8.956633
OFDM,Classical OFDM,6.235569
OFDM,Classical OFDM,8.049683
OFDM,Classical OFDM,6.7555237
OFDM,Classical OFDM,4.99725
OFDM,Classical OFDM,6.111479
OFDM,Classical OFDM,5.8272057
OFDM,Classical OFDM,6.5716558
OFDM,Classical OFDM,5.961075
OFDM,Classical OFDM,7.245545
OFDM,Classical OFDM,5.884135
OFDM,Classical OFDM,6.427494
OFDM,Classical OFDM,7.302617
OFDM,Classical OFDM,7.5868816
OFDM,Classical OFDM,7.4021025
OFDM,Classical OFDM,7.3730874
OFDM,Classical OFDM,8.874914
OFDM,Classical OFDM,6.2437553
OFDM,Classical OFDM,7.069464
OFDM,Classical OFDM,6.0062
OFDM,Classical OFDM,6.5196657
OFDM,Classical OFDM,6.22208
OFDM,Classical OFDM,7.6453485
OFDM,Classical OFDM,6.51352
OFDM,Classical OFDM,6.3533936
OFDM,Classical OFDM,6.8488383
OFDM,Classical OFDM,6.8444214
OFDM,Classical OFDM,5.6418066
OFDM,Classical OFDM,6.0326347
OFDM,Classical OFDM,6.144433
OFDM,Classical OFDM,6.7049
OFDM,Classical OFDM,7.08792
OFDM,Classical OFDM,7.804895
OFDM,Classical OFDM,5.455485
OFDM,Classical OFDM,4.035425
OFDM,Classical OFDM,6.5227947
OFDM,Classical OFDM,6.6373467
OFDM,Classical OFDM,7.9792924
OFDM,Classical OFDM,6.9748554
OFDM,Classical OFDM,8.938475
OFDM,Classical OFDM,5.8960495
OFDM,Classical OFDM,6.047164
OFDM,Classical OFDM,7.2302794
OFDM,Classical OFDM,7.2653913
OFDM,Classical OFDM,5.0157905
OFDM,Classical OFDM,6.61212
OFDM,Classical OFDM,6.181238
OFDM,Classical OFDM,9.003394
OFDM,Classical OFDM,6.9712877
OFDM,Classical OFDM,5.8631926
OFDM,Classical OFDM,5.9511895
OFDM,Classical OFDM,5.9949026
OFDM,Classical OFDM,7.685335
OFDM,Classical OFDM,6.794058
OFDM,Classical OFDM,6.720811
OFDM,Classical OFDM,6.6844897
OFDM,Classical OFDM,7.45255
OFDM,Classical OFDM,8.824336
OFDM,Classical OFDM,7.6871576
OFDM,Classical OFDM,7.536335
OFDM,Classical OFDM,6.5996113
OFDM,Classical OFDM,6.349887
OFDM,Classical OFDM,8.468453
OFDM,Classical OFDM,6.6043477
OFDM,Classical OFDM,5.909269
OFDM,Classical OFDM,6.034434
OFDM,Classical OFDM,6.4206543
OFDM,Classical OFDM,6.1901927
OFDM,Classical OFDM,6.2810473
OFDM,Classical OFDM,7.752001
OFDM,Classical OFDM,7.4639454
OFDM,Classical OFDM,6.4684143
OFDM,Classical OFDM,8.411712
OFDM,Classical OFDM,7.1856976
OFDM,Classical OFDM,5.8988
OFDM,Classical OFDM,6.9562283
OFDM,Classical OFDM,6.271126
OFDM,Classical OFDM,6.3593297
OFDM,Classical OFDM,6.3930387
OFDM,Classical OFDM,5.572034
OFDM,Classical OFDM,5.03612
OFDM,Classical OFDM,6.7432747
OFDM,Classical OFDM,5.767955
OFDM,Classical OFDM,5.813895
OFDM,Classical OFDM,7.048826
OFDM,Classical OFDM,6.047922
OFDM,Classical OFDM,6.046137
OFDM,Classical OFDM,5.658645
OFDM,Classical OFDM,6.4209585
OFDM,Classical OFDM,6.8460274
OFDM,Classical OFDM,6.1800294
OFDM,Classical OFDM,5.1187
OFDM,Classical OFDM,7.3240604
OFDM,Classical OFDM,7.393691
OFDM,Classical OFDM,6.3670206
OFDM,Classical OFDM,8.277754
OFDM,Classical OFDM,6.4622617
OFDM,Classical OFDM,7.067099
OFDM,Classical OFDM,6.4104233
OFDM,Classical OFDM,6.026382
OFDM,Classical OFDM,5.767583
OFDM,Classical OFDM,5.981293
OFDM,Classical OFDM,7.2823358
OFDM,Classical OFDM,5.9487877
OFDM,Classical OFDM,7.1028924
OFDM,Classical OFDM,6.986425
OFDM,Classical OFDM,5.957961
OFDM,Classical OFDM,4.9774847
OFDM,Classical OFDM,6.7072754
OFDM,Classical OFDM,6.059169
OFDM,Classical OFDM,6.0718746
OFDM,Classical OFDM,6.9071426
OFDM,Classical OFDM,7.958274
OFDM,Classical OFDM,8.819173
OFDM,Classical OFDM,4.7712164
OFDM,Classical OFDM,5.905711
OFDM,Classical OFDM,7.1936126
OFDM,Classical OFDM,6.8404284
OFDM,Classical OFDM,7.230019
OFDM,Classical OFDM,6.74265
OFDM,Classical OFDM,5.1467505
OFDM,Classical OFDM,6.089454
OFDM,Classical OFDM,6.265913
OFDM,Classical OFDM,6.5502143
OFDM,Classical OFDM,7.91714
OFDM,Classical OFDM,6.62487
OFDM,Classical OFDM,6.83772
OFDM,Classical OFDM,6.2787905
OFDM,Classical OFDM,8.177843
OFDM,Classical OFDM,6.7867985
OFDM,Classical OFDM,6.063562
OFDM,Classical OFDM,5.639169
OFDM,Classical OFDM,7.3787985
OFDM,Classical OFDM,4.6345553
OFDM,Classical OFDM,4.9800367
OFDM,Classical OFDM,6.602774
OFDM,Classical OFDM,5.0934763
OFDM,Classical OFDM,6.597739
OFDM,Classical OFDM,9.301094
OFDM,Classical OFDM,8.049108
OFDM,Classical OFDM,8.926102
OFDM,Classical OFDM,7.038685
OFDM,Classical OFDM,6.783374
OFDM,Classical OFDM,5.369869
OFDM,Classical OFDM,7.290595
OFDM,Classical OFDM,5.938079
OFDM,Classical OFDM,9.150913
OFDM,Classical OFDM,6.145203
OFDM,Classical OFDM,5.051269
OFDM,Classical OFDM,6.405434
OFDM,Classical OFDM,6.42209
OFDM,Classical OFDM,5.0087423
OFDM,Classical OFDM,6.8986654
OFDM,Classical OFDM,7.6621346
OFDM,Classical OFDM,5.506562
OFDM,Classical OFDM,6.222151
OFDM,Classical OFDM,5.178832
OFDM,Classical OFDM,5.8374367
OFDM,Classical OFDM,6.653757
OFDM,Classical OFDM,6.7364793
OFDM,Classical OFDM,7.2639437
OFDM,Classical OFDM,6.004737
OFDM,Classical OFDM,6.6226964
OFDM,Classical OFDM,6.901969
OFDM,Classical OFDM,8.213344
OFDM,Classical OFDM,6.782134
OFDM,Classical OFDM,6.805893
OFDM,Classical OFDM,6.5573974
OFDM,Classical OFDM,7.655545
OFDM,Classical OFDM,6.618682
OFDM,Classical OFDM,7.7658753
OFDM,Classical OFDM,7.0254135
OFDM,Classical OFDM,7.2087197
OFDM,Classical OFDM,6.5203085
OFDM,Classical OFDM,7.3245993
OFDM,Classical OFDM,8.171834
OFDM,Classical OFDM,6.380959
OFDM,Classical OFDM,7.078224
OFDM,Classical OFDM,6.6239667
OFDM,Classical OFDM,6.9887023
OFDM,Classical OFDM,7.642723
OFDM,Classical OFDM,5.304229
OFDM,Classical OFDM,6.4836173
OFDM,Classical OFDM,7.933471
OFDM,Classical OFDM,6.6753893
OFDM,Classical OFDM,6.336699
OFDM,Classical OFDM,7.4006205
OFDM,Classical OFDM,7.8864307
OFDM,Classical OFDM,5.893293
OFDM,Classical OFDM,7.129336
OFDM,Classical OFDM,6.0148783
OFDM,Classical OFDM,5.3826027
OFDM,Classical OFDM,7.748391
OFDM,Classical OFDM,6.31259
OFDM,Classical OFDM,5.871532
OFDM,Classical OFDM,5.8408427
OFDM,Classical OFDM,6.2935667
OFDM,Classical OFDM,5.7094555
OFDM,Classical OFDM,6.8298554
OFDM,Classical OFDM,6.0903144
OFDM,Classical OFDM,6.6207986
OFDM,Classical OFDM,6.491251
OFDM,Classical OFDM,9.263688
OFDM,Classical OFDM,5.639308
OFDM,Classical OFDM,5.7775903
OFDM,Classical OFDM,7.924219
OFDM,Classical OFDM,5.892308
OFDM,Classical OFDM,7.2620497
OFDM,Classical OFDM,5.9919662
OFDM,Classical OFDM,6.4443874
OFDM,Classical OFDM,6.8024626
OFDM,Classical OFDM,8.280848
OFDM,Classical OFDM,7.039395
OFDM,Classical OFDM,6.5982304
OFDM,Classical OFDM,5.7712917
OFDM,Classical OFDM,5.935073
OFDM,Classical OFDM,5.522034
OFDM,Classical OFDM,7.461231
OFDM,Classical OFDM,5.979521
OFDM,Classical OFDM,6.621563
OFDM,Classical OFDM,6.613796
OFDM,Classical OFDM,6.103501
OFDM,Classical OFDM,7.624574
OFDM,Classical OFDM,7.091274
OFDM,Classical OFDM,7.0231924
OFDM,Classical OFDM,5.456257
OFDM,Classical OFDM,8.220729
OFDM,Classical OFDM,6.679866
OFDM,Classical OFDM,6.9876003
OFDM,Classical OFDM,5.910564
OFDM,Classical OFDM,7.5503545
OFDM,Classical OFDM,9.114196
OFDM,Classical OFDM,7.567045
OFDM,Classical OFDM,5.6789083
OFDM,Classical OFDM,6.8994246
OFDM,Classical OFDM,7.2375813
OFDM,Classical OFDM,7.373431
OFDM,Classical OFDM,7.941789
OFDM,Classical OFDM,5.4299755
OFDM,Classical OFDM,6.1790447
OFDM,Classical OFDM,5.7429357
OFDM,Classical OFDM,6.4039364
OFDM,Classical OFDM,7.7215366
OFDM,Classical OFDM,6.798834
OFDM,Classical OFDM,6.42846
OFDM,Classical OFDM,7.7814245
OFDM,Classical OFDM,6.555028
OFDM,Classical OFDM,7.8302236
OFDM,Classical OFDM,5.2850223
OFDM,Classical OFDM,7.5846434
OFDM,Classical OFDM,6.611512
OFDM,Classical OFDM,8.321935
OFDM,Classical OFDM,8.053851
OFDM,Classical OFDM,5.756809
OFDM,Classical OFDM,5.623891
OFDM,Classical OFDM,6.707655
OFDM,Classical OFDM,7.8248334
OFDM,Classical OFDM,7.428755
OFDM,Classical OFDM,6.1898537
OFDM,Classical OFDM,5.409683
OFDM,Classical OFDM,7.7508755
OFDM,Classical OFDM,5.5534573
OFDM,Classical OFDM,5.157128
OFDM,Classical OFDM,5.2703233
OFDM,Classical OFDM,7.9266458
OFDM,Classical OFDM,6.338921
OFDM,Classical OFDM,5.7317476
OFDM,Classical OFDM,5.2570667
OFDM,Classical OFDM,5.414352
OFDM,Classical OFDM,5.8699636
OFDM,Classical OFDM,6.06054
OFDM,Classical OFDM,7.3078203
OFDM,Classical OFDM,9.202063
OFDM,Classical OFDM,5.9001284
OFDM,Classical OFDM,5.4594154
OFDM,Classical OFDM,6.8846755
OFDM,Classical OFDM,6.153839
OFDM,Classical OFDM,7.9404764
OFDM,Classical OFDM,6.5377355
OFDM,Classical OFDM,5.9572115
OFDM,Classical OFDM,5.9513736
OFDM,Classical OFDM,7.9533243
OFDM,Classical OFDM,5.582363
OFDM,Classical OFDM,7.609262
OFDM,Classical OFDM,6.4561534
OFDM,Classical OFDM,5.515484
OFDM,Classical OFDM,7.18857
OFDM,Classical OFDM,7.6259365
OFDM,Classical OFDM,6.3454633
OFDM,Classical OFDM,6.330256
OFDM,Classical OFDM,6.9795933
OFDM,Classical OFDM,7.8488503
OFDM,Classical OFDM,7.654569
OFDM,Classical OFDM,6.4664288
OFDM,Classical OFDM,6.4421473
OFDM,Classical OFDM,6.7392864
OFDM,Classical OFDM,7.32926
OFDM,Classical OFDM,7.73875
OFDM,Classical OFDM,6.3398976
OFDM,Classical OFDM,5.3049
OFDM,Classical OFDM,6.138851
OFDM,Classical OFDM,5.1662455
OFDM,Classical OFDM,6.2965817
OFDM,Classical OFDM,6.373892
OFDM,Classical OFDM,9.191803
OFDM,Classical OFDM,6.20446
OFDM,Classical OFDM,6.17434
OFDM,Classical OFDM,7.2345448
OFDM,Classical OFDM,6.6821103
OFDM,Classical OFDM,6.36349
OFDM,Classical OFDM,6.0973043
OFDM,Classical OFDM,6.389331
OFDM,Classical OFDM,7.859487
OFDM,Classical OFDM,7.2225857
OFDM,Classical OFDM,8.662462
OFDM,Classical OFDM,5.256256
OFDM,Classical OFDM,4.7146187
OFDM,Classical OFDM,6.734757
OFDM,Classical OFDM,5.9794493
OFDM,Classical OFDM,6.060124
OFDM,Classical OFDM,6.3799
OFDM,Classical OFDM,6.8594885
OFDM,Classical OFDM,5.844593
OFDM,Classical OFDM,6.5388756
OFDM,Classical OFDM,7.6534133
OFDM,Classical OFDM,7.3220468
OFDM,Classical OFDM,5.7562094
OFDM,Classical OFDM,7.4445653
OFDM,Classical OFDM,6.5570145
OFDM,Classical OFDM,5.7455835
OFDM,Classical OFDM,6.421395
OFDM,Classical OFDM,5.789109
OFDM,Classical OFDM,6.5000353
OFDM,Classical OFDM,6.485142
OFDM,Classical OFDM,6.6431136
OFDM,Classical OFDM,6.316019
OFDM,Classical OFDM,8.564386
OFDM,Classical OFDM,7.1850033
OFDM,Classical OFDM,5.5905
OFDM,Classical OFDM,7.9401264
OFDM,Classical OFDM,7.9091983
Learned,Learned Basis,5.3696547
Learned,Learned Basis,4.9338064
Learned,Learned Basis,5.430076
Learned,Learned Basis,5.3515587
Learned,Learned Basis,4.9699683
Learned,Learned Basis,5.509493
Learned,Learned Basis,4.768711
Learned,Learned Basis,5.0033545
Learned,Learned Basis,6.0520816
Learned,Learned Basis,5.3715177
Learned,Learned Basis,5.1730413
Learned,Learned Basis,5.5656576
Learned,Learned Basis,5.6974816
Learned,Learned Basis,5.67226
Learned,Learned Basis,5.8658895
Learned,Learned Basis,7.4265933
Learned,Learned Basis,7.0230813
Learned,Learned Basis,5.8823733
Learned,Learned Basis,4.302389
Learned,Learned Basis,5.7078238
Learned,Learned Basis,6.7104588
Learned,Learned Basis,6.941494
Learned,Learned Basis,4.4257016
Learned,Learned Basis,5.367406
Learned,Learned Basis,5.7524204
Learned,Learned Basis,5.638279
Learned,Learned Basis,5.854265
Learned,Learned Basis,5.7720323
Learned,Learned Basis,6.019661
Learned,Learned Basis,5.9832487
Learned,Learned Basis,5.1833687
Learned,Learned Basis,4.6267457
Learned,Learned Basis,7.0891943
Learned,Learned Basis,6.537218
Learned,Learned Basis,5.554309
Learned,Learned Basis,7.609424
Learned,Learned Basis,5.523073
Learned,Learned Basis,5.7990384
Learned,Learned Basis,4.521331
Learned,Learned Basis,5.185599
Learned,Learned Basis,6.1330943
Learned,Learned Basis,6.420516
Learned,Learned Basis,4.916218
Learned,Learned Basis,7.0419197
Learned,Learned Basis,5.6819587
Learned,Learned Basis,4.64886
Learned,Learned Basis,4.901818
Learned,Learned Basis,4.226514
Learned,Learned Basis,5.692481
Learned,Learned Basis,4.790807
Learned,Learned Basis,5.0556097
Learned,Learned Basis,4.8343616
Learned,Learned Basis,3.9595518
Learned,Learned Basis,7.210831
Learned,Learned Basis,5.121545
Learned,Learned Basis,5.5612845
Learned,Learned Basis,5.4910035
Learned,Learned Basis,6.2240334
Learned,Learned Basis,6.1641293
Learned,Learned Basis,4.6566086
Learned,Learned Basis,6.983828
Learned,Learned Basis,4.6654773
Learned,Learned Basis,5.7840347
Learned,Learned Basis,5.328121
Learned,Learned Basis,4.5788245
Learned,Learned Basis,6.6163273
Learned,Learned Basis,5.67521
Learned,Learned Basis,6.931201
Learned,Learned Basis,5.59464
Learned,Learned Basis,5.2960014
Learned,Learned Basis,6.6191335
Learned,Learned Basis,4.7205358
Learned,Learned Basis,6.28627
Learned,Learned Basis,6.00373
Learned,Learned Basis,5.9851856
Learned,Learned Basis,6.8232775
Learned,Learned Basis,5.942416
Learned,Learned Basis,4.701375
Learned,Learned Basis,6.2664437
Learned,Learned Basis,5.7684135
Learned,Learned Basis,5.352297
Learned,Learned Basis,6.0247383
Learned,Learned Basis,6.0632634
Learned,Learned Basis,4.507194
Learned,Learned Basis,5.6791363
Learned,Learned Basis,4.1263833
Learned,Learned Basis,5.201004
Learned,Learned Basis,5.5703235
Learned,Learned Basis,4.961352
Learned,Learned Basis,5.140202
Learned,Learned Basis,4.690736
Learned,Learned Basis,5.150591
Learned,Learned Basis,6.167575
Learned,Learned Basis,5.6108766
Learned,Learned Basis,4.795393
Learned,Learned Basis,5.2132435
Learned,Learned Basis,6.4215655
Learned,Learned Basis,5.605691
Learned,Learned Basis,5.00802
Learned,Learned Basis,5.9663334
Learned,Learned Basis,4.6652527
Learned,Learned Basis,5.261857
Learned,Learned Basis,5.2424564
Learned,Learned Basis,5.439427
Learned,Learned Basis,4.935114
Learned,Learned Basis,5.4443574
Learned,Learned Basis,5.71047
Learned,Learned Basis,5.591036
Learned,Learned Basis,5.652462
Learned,Learned Basis,7.1589212
Learned,Learned Basis,5.346816
Learned,Learned Basis,4.1962137
Learned,Learned Basis,4.653108
Learned,Learned Basis,5.4145145
Learned,Learned Basis,7.665657
Learned,Learned Basis,5.509902
Learned,Learned Basis,4.516198
Learned,Learned Basis,4.683753
Learned,Learned Basis,4.9166436
Learned,Learned Basis,5.870719
Learned,Learned Basis,4.658372
Learned,Learned Basis,4.672994
Learned,Learned Basis,6.0672817
Learned,Learned Basis,6.3588963
Learned,Learned Basis,4.7387476
Learned,Learned Basis,5.101468
Learned,Learned Basis,4.8774137
Learned,Learned Basis,5.871446
Learned,Learned Basis,7.222081
Learned,Learned Basis,4.2111573
Learned,Learned Basis,5.020513
Learned,Learned Basis,6.745284
Learned,Learned Basis,5.1872087
Learned,Learned Basis,6.7960243
Learned,Learned Basis,6.4517164
Learned,Learned Basis,5.286639
Learned,Learned Basis,4.8598437
Learned,Learned Basis,5.919237
Learned,Learned Basis,5.5980067
Learned,Learned Basis,6.1521044
Learned,Learned Basis,5.4055223
Learned,Learned Basis,5.207777
Learned,Learned Basis,5.846007
Learned,Learned Basis,4.76513
Learned,Learned Basis,6.735465
Learned,Learned Basis,5.7242007
Learned,Learned Basis,6.037946
Learned,Learned Basis,4.2601657
Learned,Learned Basis,6.3024645
Learned,Learned Basis,6.5376334
Learned,Learned Basis,5.1422634
Learned,Learned Basis,5.6147766
Learned,Learned Basis,5.9052696
Learned,Learned Basis,4.5866036
Learned,Learned Basis,5.560713
Learned,Learned Basis,4.4831843
Learned,Learned Basis,6.002152
Learned,Learned Basis,4.8110313
Learned,Learned Basis,4.738863
Learned,Learned Basis,6.7847357
Learned,Learned Basis,5.9915357
Learned,Learned Basis,4.789682
Learned,Learned Basis,4.710565
Learned,Learned Basis,6.215418
Learned,Learned Basis,5.3803134
Learned,Learned Basis,5.09702
Learned,Learned Basis,6.01584
Learned,Learned Basis,4.883581
Learned,Learned Basis,6.434285
Learned,Learned Basis,7.7321525
Learned,Learned Basis,6.1361594
Learned,Learned Basis,7.4291854
Learned,Learned Basis,5.1669407
Learned,Learned Basis,4.908367
Learned,Learned Basis,5.3245897
Learned,Learned Basis,6.1656246
Learned,Learned Basis,6.7340307
Learned,Learned Basis,6.1591854
Learned,Learned Basis,4.9967012
Learned,Learned Basis,4.8139434
Learned,Learned Basis,5.5165486
Learned,Learned Basis,6.176876
Learned,Learned Basis,3.8852618
Learned,Learned Basis,6.943186
Learned,Learned Basis,6.964203
Learned,Learned Basis,4.7391224
Learned,Learned Basis,6.987855
Learned,Learned Basis,5.1310773
Learned,Learned Basis,4.986349
Learned,Learned Basis,6.230156
Learned,Learned Basis,5.2527246
Learned,Learned Basis,5.061488
Learned,Learned Basis,6.3043985
Learned,Learned Basis,5.9019117
Learned,Learned Basis,7.56854
Learned,Learned Basis,5.8448176
Learned,Learned Basis,6.197757
Learned,Learned Basis,5.821644
Learned,Learned Basis,5.0222673
Learned,Learned Basis,6.657859
Learned,Learned Basis,4.944232
Learned,Learned Basis,4.8442807
Learned,Learned Basis,5.6457305
Learned,Learned Basis,6.6656284
Learned,Learned Basis,7.105749
Learned,Learned Basis,4.5806856
Learned,Learned Basis,6.6217756
Learned,Learned Basis,5.2973676
Learned,Learned Basis,7.5362687
Learned,Learned Basis,7.0111465
Learned,Learned Basis,5.8119254
Learned,Learned Basis,6.0841846
Learned,Learned Basis,4.797706
Learned,Learned Basis,5.974384
Learned,Learned Basis,5.770603
Learned,Learned Basis,4.7868257
Learned,Learned Basis,5.502935
Learned,Learned Basis,5.541368
Learned,Learned Basis,5.324881
Learned,Learned Basis,4.6307
Learned,Learned Basis,7.4561353
Learned,Learned Basis,6.174547
Learned,Learned Basis,6.627942
Learned,Learned Basis,6.084478
Learned,Learned Basis,6.3039203
Learned,Learned Basis,4.9115195
Learned,Learned Basis,4.5104833
Learned,Learned Basis,5.8840566
Learned,Learned Basis,5.514535
Learned,Learned Basis,5.294104
Learned,Learned Basis,7.070956
Learned,Learned Basis,5.447131
Learned,Learned Basis,6.1933355
Learned,Learned Basis,6.3665004
Learned,Learned Basis,4.9929247
Learned,Learned Basis,5.7881804
Learned,Learned Basis,5.9871964
Learned,Learned Basis,5.2288985
Learned,Learned Basis,6.0030894
Learned,Learned Basis,4.946378
Learned,Learned Basis,6.5326777
Learned,Learned Basis,5.5361104
Learned,Learned Basis,5.2145557
Learned,Learned Basis,6.976082
Learned,Learned Basis,5.9793367
Learned,Learned Basis,6.21787
Learned,Learned Basis,5.8422985
Learned,Learned Basis,4.0480566
Learned,Learned Basis,6.480644
Learned,Learned Basis,4.5566926
Learned,Learned Basis,4.7196283
Learned,Learned Basis,6.257104
Learned,Learned Basis,7.144285
Learned,Learned Basis,5.02486
Learned,Learned Basis,5.471471
Learned,Learned Basis,4.4394646
Learned,Learned Basis,6.1166973
Learned,Learned Basis,6.112545
Learned,Learned Basis,4.5312214
Learned,Learned Basis,5.112113
Learned,Learned Basis,6.30375
Learned,Learned Basis,7.1603155
Learned,Learned Basis,6.846097
Learned,Learned Basis,6.867694
Learned,Learned Basis,5.6124754
Learned,Learned Basis,5.8426237
Learned,Learned Basis,6.576722
Learned,Learned Basis,5.356519
Learned,Learned Basis,6.9646635
Learned,Learned Basis,6.1394844
Learned,Learned Basis,4.483577
Learned,Learned Basis,5.870306
Learned,Learned Basis,5.8598976
Learned,Learned Basis,5.339032
Learned,Learned Basis,7.4705224
Learned,Learned Basis,4.7273035
Learned,Learned Basis,5.4574437
Learned,Learned Basis,6.465514
Learned,Learned Basis,6.066931
Learned,Learned Basis,4.6568604
Learned,Learned Basis,6.540775
Learned,Learned Basis,5.5914087
Learned,Learned Basis,5.774523
Learned,Learned Basis,5.237
Learned,Learned Basis,4.955124
Learned,Learned Basis,5.672788
Learned,Learned Basis,5.450563
Learned,Learned Basis,4.3668146
Learned,Learned Basis,6.4896326
Learned,Learned Basis,5.555026
Learned,Learned Basis,5.266461
Learned,Learned Basis,4.4004173
Learned,Learned Basis,4.742195
Learned,Learned Basis,4.455287
Learned,Learned Basis,6.285624
Learned,Learned Basis,5.679192
Learned,Learned Basis,5.97745
Learned,Learned Basis,6.2195916
Learned,Learned Basis,5.208711
Learned,Learned Basis,5.1361513
Learned,Learned Basis,5.2226157
Learned,Learned Basis,5.0800967
Learned,Learned Basis,7.4548073
Learned,Learned Basis,5.1833067
Learned,Learned Basis,4.4646463
Learned,Learned Basis,6.019593
Learned,Learned Basis,6.167111
Learned,Learned Basis,4.7697225
Learned,Learned Basis,6.7478733
Learned,Learned Basis,7.1153884
Learned,Learned Basis,5.1704855
Learned,Learned Basis,7.129733
Learned,Learned Basis,5.6634226
Learned,Learned Basis,5.8887434
Learned,Learned Basis,7.1619835
Learned,Learned Basis,5.671109
Learned,Learned Basis,6.26892
Learned,Learned Basis,4.6863194
Learned,Learned Basis,6.290039
Learned,Learned Basis,5.446277
Learned,Learned Basis,5.392773
Learned,Learned Basis,5.776308
Learned,Learned Basis,5.7702866
Learned,Learned Basis,6.078871
Learned,Learned Basis,6.114297
Learned,Learned Basis,5.274491
Learned,Learned Basis,6.4035273
Learned,Learned Basis,5.853582
Learned,Learned Basis,5.1638293
Learned,Learned Basis,8.20305
Learned,Learned Basis,5.658889
Learned,Learned Basis,4.9282646
Learned,Learned Basis,5.8697405
Learned,Learned Basis,5.7180796
Learned,Learned Basis,6.178797
Learned,Learned Basis,5.0924783
Learned,Learned Basis,4.8224487
Learned,Learned Basis,5.229702
Learned,Learned Basis,5.7471857
Learned,Learned Basis,6.823935
Learned,Learned Basis,5.957734
Learned,Learned Basis,5.755128
Learned,Learned Basis,5.232768
Learned,Learned Basis,5.947298
Learned,Learned Basis,5.804071
Learned,Learned Basis,5.475836
Learned,Learned Basis,5.6435876
Learned,Learned Basis,6.900883
Learned,Learned Basis,5.6740417
Learned,Learned Basis,5.0019817
Learned,Learned Basis,5.194073
Learned,Learned Basis,6.875748
Learned,Learned Basis,6.369162
Learned,Learned Basis,4.7931833
Learned,Learned Basis,4.9392996
Learned,Learned Basis,5.3272104
Learned,Learned Basis,5.3605604
Learned,Learned Basis,4.9242787
Learned,Learned Basis,5.7774916
Learned,Learned Basis,5.4187326
Learned,Learned Basis,5.076967
Learned,Learned Basis,6.6336813
Learned,Learned Basis,5.459794
Learned,Learned Basis,4.4921384
Learned,Learned Basis,5.5703983
Learned,Learned Basis,6.377782
Learned,Learned Basis,5.958223
Learned,Learned Basis,6.296553
Learned,Learned Basis,4.6146216
Learned,Learned Basis,5.882115
Learned,Learned Basis,4.480006
Learned,Learned Basis,7.8464727
Learned,Learned Basis,4.2781787
Learned,Learned Basis,5.2153397
Learned,Learned Basis,5.257426
Learned,Learned Basis,5.5750113
Learned,Learned Basis,6.5900164
Learned,Learned Basis,5.463421
Learned,Learned Basis,5.3110085
Learned,Learned Basis,8.2027855
Learned,Learned Basis,5.9595084
Learned,Learned Basis,5.7505865
Learned,Learned Basis,5.2435093
Learned,Learned Basis,3.7232718
Learned,Learned Basis,7.2532277
Learned,Learned Basis,5.4653616
Learned,Learned Basis,4.8113604
Learned,Learned Basis,6.0490837
Learned,Learned Basis,5.9323893
Learned,Learned Basis,5.279512
Learned,Learned Basis,4.018225
Learned,Learned Basis,5.6884885
Learned,Learned Basis,6.727373
Learned,Learned Basis,6.576572
Learned,Learned Basis,4.035518
Learned,Learned Basis,4.036139
Learned,Learned Basis,5.075099
Learned,Learned Basis,5.766205
Learned,Learned Basis,4.860068
Learned,Learned Basis,4.467661
Learned,Learned Basis,5.0707297
Learned,Learned Basis,5.1241817
Learned,Learned Basis,4.4061985
Learned,Learned Basis,5.2253695
Learned,Learned Basis,5.8057265
Learned,Learned Basis,5.2285104
Learned,Learned Basis,4.934622
Learned,Learned Basis,6.421416
Learned,Learned Basis,5.078267
Learned,Learned Basis,4.430395
Learned,Learned Basis,4.568777
Learned,Learned Basis,7.062726
Learned,Learned Basis,5.862813
Learned,Learned Basis,5.2028966
Learned,Learned Basis,5.7925076
Learned,Learned Basis,6.80778
Learned,Learned Basis,5.071765
Learned,Learned Basis,5.796737
Learned,Learned Basis,4.3738995
Learned,Learned Basis,6.3016644
Learned,Learned Basis,5.9386034
Learned,Learned Basis,5.1523657
Learned,Learned Basis,6.1405478
Learned,Learned Basis,6.48629
Learned,Learned Basis,6.437415
Learned,Learned Basis,5.513351
Learned,Learned Basis,4.5688505
Learned,Learned Basis,4.711257
Learned,Learned Basis,4.5520554
Learned,Learned Basis,6.5750866
Learned,Learned Basis,6.107731
Learned,Learned Basis,4.7062116
Learned,Learned Basis,6.4042306
Learned,Learned Basis,6.784685
Learned,Learned Basis,6.508835
Learned,Learned Basis,5.300737
Learned,Learned Basis,5.7504196
Learned,Learned Basis,6.039658
Learned,Learned Basis,7.5731697
Learned,Learned Basis,4.7486224
Learned,Learned Basis,6.4322667
Learned,Learned Basis,5.8207035
Learned,Learned Basis,5.373521
Learned,Learned Basis,5.638831
Learned,Learned Basis,6.799297
Learned,Learned Basis,5.4560328
Learned,Learned Basis,4.8252983
Learned,Learned Basis,6.457859
Learned,Learned Basis,4.4874334
Learned,Learned Basis,4.8507385
Learned,Learned Basis,6.1809945
Learned,Learned Basis,5.908079
Learned,Learned Basis,6.8678045
Learned,Learned Basis,6.7506704
Learned,Learned Basis,7.04256
Learned,Learned Basis,5.1826887
Learned,Learned Basis,6.745897
Learned,Learned Basis,5.616641
Learned,Learned Basis,3.80724
Learned,Learned Basis,5.8786955
Learned,Learned Basis,5.8463187
Learned,Learned Basis,6.387336
Learned,Learned Basis,4.68948
Learned,Learned Basis,6.612445
Learned,Learned Basis,5.9157066
Learned,Learned Basis,6.432776
Learned,Learned Basis,4.8867316
Learned,Learned Basis,7.453177
Learned,Learned Basis,5.8470244
Learned,Learned Basis,5.752129
Learned,Learned Basis,4.8644447
Learned,Learned Basis,4.7549872
Learned,Learned Basis,5.6151886
Learned,Learned Basis,4.884259
Learned,Learned Basis,4.667025
Learned,Learned Basis,5.6909285
Learned,Learned Basis,5.920389
Learned,Learned Basis,5.278219
Learned,Learned Basis,5.154751
Learned,Learned Basis,4.3057847
Learned,Learned Basis,4.7001877
Learned,Learned Basis,5.924652
Learned,Learned Basis,5.118932
Learned,Learned Basis,4.6103086
Learned,Learned Basis,5.6539755
Learned,Learned Basis,7.2222857
Learned,Learned Basis,5.7555175
Learned,Learned Basis,6.0807366
Learned,Learned Basis,6.1450486
Learned,Learned Basis,4.654069
Learned,Learned Basis,5.0465803
Learned,Learned Basis,5.677982
Learned,Learned Basis,6.4498706
Learned,Learned Basis,6.3928037
Learned,Learned Basis,6.112175
Learned,Learned Basis,6.345985
Learned,Learned Basis,5.8955045
Learned,Learned Basis,6.6085243
Learned,Learned Basis,5.7487116
Learned,Learned Basis,5.7092724
Learned,Learned Basis,5.7809615
Learned,Learned Basis,7.304141
Learned,Learned Basis,7.914643
Learned,Learned Basis,5.4451504
Learned,Learned Basis,6.6003323
Learned,Learned Basis,4.86854
Learned,Learned Basis,7.234502
Learned,Learned Basis,7.2592826
Learned,Learned Basis,6.3467073
Learned,Learned Basis,5.7772307
Learned,Learned Basis,5.290911
Learned,Learned Basis,5.2840767
Learned,Learned Basis,5.873695
Learned,Learned Basis,5.711119
Learned,Learned Basis,5.8180256
Learned,Learned Basis,5.0557175
Learned,Learned Basis,4.743505
Learned,Learned Basis,4.8546233
Learned,Learned Basis,4.1844125
Learned,Learned Basis,4.739721
Learned,Learned Basis,5.28732
Learned,Learned Basis,4.335276
Learned,Learned Basis,4.898103
Learned,Learned Basis,6.78994
Learned,Learned Basis,4.005532
Learned,Learned Basis,5.950423
Learned,Learned Basis,5.63675
Learned,Learned Basis,6.0898304
Learned,Learned Basis,6.9639153
Learned,Learned Basis,5.900256
Learned,Learned Basis,3.9285898
Learned,Learned Basis,8.256176
Learned,Learned Basis,5.434117
Learned,Learned Basis,5.9288273
Learned,Learned Basis,5.50113
Learned,Learned Basis,6.20226
Learned,Learned Basis,4.394017
Learned,Learned Basis,4.4013805
Learned,Learned Basis,4.5391693
Learned,Learned Basis,6.744607
Learned,Learned Basis,5.295635
Learned,Learned Basis,5.425592
Learned,Learned Basis,5.1916337
Learned,Learned Basis,5.0299478
Learned,Learned Basis,7.362956
Learned,Learned Basis,7.3486733
Learned,Learned Basis,5.7006245
Learned,Learned Basis,6.751814
Learned,Learned Basis,5.5712833
Learned,Learned Basis,5.737376
Learned,Learned Basis,6.0655637
Learned,Learned Basis,5.502448
Learned,Learned Basis,4.0209823
Learned,Learned Basis,5.5256357
Learned,Learned Basis,5.577986
Learned,Learned Basis,5.564032
Learned,Learned Basis,5.059939
Learned,Learned Basis,5.630231
Learned,Learned Basis,5.5370407
Learned,Learned Basis,5.213128
Learned,Learned Basis,5.17661
Learned,Learned Basis,5.541857
Learned,Learned Basis,5.368635
Learned,Learned Basis,6.2721725
Learned,Learned Basis,5.8507156
Learned,Learned Basis,6.6283827
Learned,Learned Basis,4.7358603
Learned,Learned Basis,6.6610436
Learned,Learned Basis,5.1964483
Learned,Learned Basis,6.69177
Learned,Learned Basis,5.787034
Learned,Learned Basis,4.4194736
Learned,Learned Basis,4.846606
Learned,Learned Basis,5.3453116
Learned,Learned Basis,5.576134
Learned,Learned Basis,4.4122877
Learned,Learned Basis,5.112248
Learned,Learned Basis,5.376182
Learned,Learned Basis,6.09456
Learned,Learned Basis,5.625058
Learned,Learned Basis,6.2865024
Learned,Learned Basis,5.048704
Learned,Learned Basis,5.696823
Learned,Learned Basis,6.2784553
Learned,Learned Basis,5.0002394
Learned,Learned Basis,6.835738
Learned,Learned Basis,5.388091
Learned,Learned Basis,4.607024
Learned,Learned Basis,6.522589
Learned,Learned Basis,5.6503706
Learned,Learned Basis,5.125673
Learned,Learned Basis,4.612674
Learned,Learned Basis,5.8155413
Learned,Learned Basis,5.1332927
Learned,Learned Basis,6.672782
Learned,Learned Basis,4.6095223
Learned,Learned Basis,5.1883273
Learned,Learned Basis,6.161869
Learned,Learned Basis,5.961151
Learned,Learned Basis,5.9051228
Learned,Learned Basis,5.2473207
Learned,Learned Basis,6.319215
Learned,Learned Basis,5.198286
Learned,Learned Basis,6.93894
Learned,Learned Basis,5.497865
Learned,Learned Basis,5.0529933
Learned,Learned Basis,5.3703
Learned,Learned Basis,5.2766037
Learned,Learned Basis,5.8230953
Learned,Learned Basis,4.055642
Learned,Learned Basis,4.3909154
Learned,Learned Basis,4.658008
Learned,Learned Basis,6.9369593
Learned,Learned Basis,5.119114
Learned,Learned Basis,5.2668624
Learned,Learned Basis,6.6256833
Learned,Learned Basis,6.523636
Learned,Learned Basis,5.629593
Learned,Learned Basis,6.2646008
Learned,Learned Basis,6.0761113
Learned,Learned Basis,4.630334
Learned,Learned Basis,6.209776
Learned,Learned Basis,4.793742
Learned,Learned Basis,7.4889274
Learned,Learned Basis,5.0426583
Learned,Learned Basis,5.231162
Learned,Learned Basis,5.389344
Learned,Learned Basis,5.718467
Learned,Learned Basis,4.769844
Learned,Learned Basis,5.8327813
Learned,Learned Basis,4.2116036
Learned,Learned Basis,4.5194073
Learned,Learned Basis,6.733134
Learned,Learned Basis,5.3377895
Learned,Learned Basis,4.2157726
Learned,Learned Basis,6.1522717
Learned,Learned Basis,5.1503897
Learned,Learned Basis,4.8049088
Learned,Learned Basis,6.8683996
Learned,Learned Basis,4.418374
Learned,Learned Basis,5.9568095
Learned,Learned Basis,4.9842925
Learned,Learned Basis,4.911435
Learned,Learned Basis,4.9917164
Learned,Learned Basis,5.4008713
Learned,Learned Basis,4.8127127
Learned,Learned Basis,4.5337887
Learned,Learned Basis,5.3664885
Learned,Learned Basis,7.790764
Learned,Learned Basis,5.7153587
Learned,Learned Basis,4.8439445
Learned,Learned Basis,5.7769485
Learned,Learned Basis,5.399213
Learned,Learned Basis,6.2513056
Learned,Learned Basis,5.530325
Learned,Learned Basis,6.5988436
Learned,Learned Basis,6.341839
Learned,Learned Basis,5.8321915
Learned,Learned Basis,5.1679153
Learned,Learned Basis,4.8992233
Learned,Learned Basis,5.649762
Learned,Learned Basis,6.3989553
Learned,Learned Basis,5.6040454
Learned,Learned Basis,5.5359006
Learned,Learned Basis,5.867643
Learned,Learned Basis,5.4850445
Learned,Learned Basis,5.501276
Learned,Learned Basis,5.1228304
Learned,Learned Basis,4.9126916
Learned,Learned Basis,5.28063
Learned,Learned Basis,4.9459457
Learned,Learned Basis,4.572957
Learned,Learned Basis,5.002156
Learned,Learned Basis,4.635003
Learned,Learned Basis,4.68649
Learned,Learned Basis,5.348702
Learned,Learned Basis,5.2654076
Learned,Learned Basis,4.5367794
Learned,Learned Basis,5.8674126
Learned,Learned Basis,5.9639096
Learned,Learned Basis,6.294284
Learned,Learned Basis,4.9541364
Learned,Learned Basis,5.344138
Learned,Learned Basis,6.003537
Learned,Learned Basis,6.592984
Learned,Learned Basis,5.4038286
Learned,Learned Basis,6.112137
Learned,Learned Basis,5.178662
Learned,Learned Basis,5.3069477
Learned,Learned Basis,5.8924003
Learned,Learned Basis,5.5144978
Learned,Learned Basis,5.4206953
Learned,Learned Basis,5.820908
Learned,Learned Basis,6.3702335
Learned,Learned Basis,5.998724
Learned,Learned Basis,7.2565145
Learned,Learned Basis,4.323262
Learned,Learned Basis,6.378311
Learned,Learned Basis,4.8190885
Learned,Learned Basis,5.783702
Learned,Learned Basis,5.5208893
Learned,Learned Basis,7.007728
Learned,Learned Basis,6.2050176
Learned,Learned Basis,5.4706516
Learned,Learned Basis,7.2337656
Learned,Learned Basis,4.93907
Learned,Learned Basis,5.8301725
Learned,Learned Basis,6.1849146
Learned,Learned Basis,5.507496
Learned,Learned Basis,5.0557013
Learned,Learned Basis,6.2318506
Learned,Learned Basis,7.505102
Learned,Learned Basis,5.497291
Learned,Learned Basis,3.9950154
Learned,Learned Basis,4.486515
Learned,Learned Basis,6.040574
Learned,Learned Basis,6.3025184
Learned,Learned Basis,6.046546
Learned,Learned Basis,5.5016823
Learned,Learned Basis,5.6083307
Learned,Learned Basis,6.003583
Learned,Learned Basis,6.32052
Learned,Learned Basis,5.3295703
Learned,Learned Basis,5.8228397
Learned,Learned Basis,5.6163664
Learned,Learned Basis,5.4394827
Learned,Learned Basis,4.0383143
Learned,Learned Basis,6.138466
Learned,Learned Basis,6.326517
Learned,Learned Basis,5.194655
Learned,Learned Basis,6.2963724
Learned,Learned Basis,4.388349
Learned,Learned Basis,6.097024
Learned,Learned Basis,4.9045057
Learned,Learned Basis,5.568594
Learned,Learned Basis,6.4490824
Learned,Learned Basis,5.305093
Learned,Learned Basis,5.804179
Learned,Learned Basis,5.866756
Learned,Learned Basis,6.89079
Learned,Learned Basis,5.231092
Learned,Learned Basis,5.1617594
Learned,Learned Basis,6.4474416
Learned,Learned Basis,6.4912567
Learned,Learned Basis,6.6627507
Learned,Learned Basis,5.6780286
Learned,Learned Basis,5.9377537
Learned,Learned Basis,4.997149
Learned,Learned Basis,5.6917877
Learned,Learned Basis,5.5243616
Learned,Learned Basis,7.741638
Learned,Learned Basis,5.122545
Learned,Learned Basis,6.187201
Learned,Learned Basis,6.126994
Learned,Learned Basis,6.279426
Learned,Learned Basis,4.5908036
Learned,Learned Basis,4.79729
Learned,Learned Basis,5.406987
Learned,Learned Basis,5.189993
Learned,Learned Basis,5.6346035
Learned,Learned Basis,5.0480375
Learned,Learned Basis,4.891818
Learned,Learned Basis,5.751555
Learned,Learned Basis,5.846419
Learned,Learned Basis,5.5143013
Learned,Learned Basis,5.060896
Learned,Learned Basis,5.8913536
Learned,Learned Basis,5.8416657
Learned,Learned Basis,6.1652765
Learned,Learned Basis,6.3423533
Learned,Learned Basis,4.3357368
Learned,Learned Basis,4.998756
Learned,Learned Basis,4.0915866
Learned,Learned Basis,6.4044294
Learned,Learned Basis,7.2604966
Learned,Learned Basis,5.3743367
Learned,Learned Basis,4.757411
Learned,Learned Basis,6.2118287
Learned,Learned Basis,5.0932555
Learned,Learned Basis,5.98125
Learned,Learned Basis,4.679459
Learned,Learned Basis,5.8697915
Learned,Learned Basis,5.9598017
Learned,Learned Basis,4.64927
Learned,Learned Basis,4.520309
Learned,Learned Basis,5.048049
Learned,Learned Basis,5.9232287
Learned,Learned Basis,6.714505
Learned,Learned Basis,5.457755
Learned,Learned Basis,5.480117
Learned,Learned Basis,5.5949426
Learned,Learned Basis,7.1654997
Learned,Learned Basis,6.2894797
Learned,Learned Basis,7.357746
Learned,Learned Basis,4.337397
Learned,Learned Basis,5.1355176
Learned,Learned Basis,5.7239304
Learned,Learned Basis,4.769444
Learned,Learned Basis,4.61435
Learned,Learned Basis,5.723796
Learned,Learned Basis,5.3802514
Learned,Learned Basis,7.612242
Learned,Learned Basis,6.741973
Learned,Learned Basis,6.0932875
Learned,Learned Basis,6.2846384
Learned,Learned Basis,5.1584005
Learned,Learned Basis,6.4690804
Learned,Learned Basis,5.2133036
Learned,Learned Basis,5.0958624
Learned,Learned Basis,4.729404
Learned,Learned Basis,6.6514225
Learned,Learned Basis,5.6416006
Learned,Learned Basis,5.311253
Learned,Learned Basis,5.1557755
Learned,Learned Basis,6.3573256
Learned,Learned Basis,4.69506
Learned,Learned Basis,5.1610475
Learned,Learned Basis,5.008263
Learned,Learned Basis,6.19134
Learned,Learned Basis,5.5585585
Learned,Learned Basis,6.0536885
Learned,Learned Basis,4.236543
Learned,Learned Basis,5.1109447
Learned,Learned Basis,5.578513
Learned,Learned Basis,4.799495
Learned,Learned Basis,5.349077
Learned,Learned Basis,6.0832973
Learned,Learned Basis,4.527307
Learned,Learned Basis,4.7380424
Learned,Learned Basis,5.5666566
Learned,Learned Basis,5.572601
Learned,Learned Basis,5.3339043
Learned,Learned Basis,5.5869823
Learned,Learned Basis,6.9562626
Learned,Learned Basis,5.028124
Learned,Learned Basis,4.623582
Learned,Learned Basis,5.5805116
Learned,Learned Basis,5.34944
Learned,Learned Basis,6.460864
Learned,Learned Basis,5.662959
Learned,Learned Basis,7.562402
Learned,Learned Basis,5.4402514
Learned,Learned Basis,8.176642
Learned,Learned Basis,5.1601005
Learned,Learned Basis,7.702858
Learned,Learned Basis,6.032369
Learned,Learned Basis,6.752756
Learned,Learned Basis,5.7145214
Learned,Learned Basis,4.572229
Learned,Learned Basis,5.337102
Learned,Learned Basis,6.1946197
Learned,Learned Basis,5.947437
Learned,Learned Basis,4.95357
Learned,Learned Basis,6.2951937
Learned,Learned Basis,5.652495
Learned,Learned Basis,6.3726835
Learned,Learned Basis,6.440915
Learned,Learned Basis,4.707567
Learned,Learned Basis,6.783618
Learned,Learned Basis,5.4841137
Learned,Learned Basis,4.802312
Learned,Learned Basis,5.422135
Learned,Learned Basis,6.6630955
Learned,Learned Basis,5.4782495
Learned,Learned Basis,5.4453464
Learned,Learned Basis,6.9992824
Learned,Learned Basis,6.308803
Learned,Learned Basis,6.509985
Learned,Learned Basis,5.098418
Learned,Learned Basis,5.7020516
Learned,Learned Basis,5.2348733
Learned,Learned Basis,5.7653675
Learned,Learned Basis,6.482575
Learned,Learned Basis,4.571028
Learned,Learned Basis,7.1651144
Learned,Learned Basis,5.2216535
Learned,Learned Basis,7.0531516
Learned,Learned Basis,5.1859646
Learned,Learned Basis,6.8990154
Learned,Learned Basis,5.8087873
Learned,Learned Basis,5.8948684
Learned,Learned Basis,6.050654
Learned,Learned Basis,5.586994
Learned,Learned Basis,6.4727144
Learned,Learned Basis,4.410977
Learned,Learned Basis,4.5242257
Learned,Learned Basis,5.8414407
Learned,Learned Basis,5.27291
Learned,Learned Basis,5.044579
Learned,Learned Basis,5.6558266
Learned,Learned Basis,6.1277413
Learned,Learned Basis,6.215854
Learned,Learned Basis,6.9046636
Learned,Learned Basis,5.674258
Learned,Learned Basis,7.304386
Learned,Learned Basis,5.036387
Learned,Learned Basis,4.6398277
Learned,Learned Basis,5.0887923
Learned,Learned Basis,4.8987923
Learned,Learned Basis,7.4210744
Learned,Learned Basis,6.3503594
Learned,Learned Basis,6.1552258
Learned,Learned Basis,5.1378207
Learned,Learned Basis,4.9194536
Learned,Learned Basis,6.313589
Learned,Learned Basis,5.729857
Learned,Learned Basis,5.750907
Learned,Learned Basis,4.37941
Learned,Learned Basis,4.9792714
Learned,Learned Basis,5.8337116
Learned,Learned Basis,5.917435
Learned,Learned Basis,6.322598
Learned,Learned Basis,6.360528
Learned,Learned Basis,4.014991
Learned,Learned Basis,4.8688293
Learned,Learned Basis,5.6108046
Learned,Learned Basis,6.0080233
Learned,Learned Basis,4.5993958
Learned,Learned Basis,6.993401
Learned,Learned Basis,6.33569
Learned,Learned Basis,6.4981346
Learned,Learned Basis,5.0836973
Learned,Learned Basis,4.6187773
Learned,Learned Basis,4.8964653
Learned,Learned Basis,5.3247957
Learned,Learned Basis,4.541995
Learned,Learned Basis,5.9489565
Learned,Learned Basis,5.6031704
Learned,Learned Basis,6.1589246
Learned,Learned Basis,7.1283555
Learned,Learned Basis,4.7682624
Learned,Learned Basis,7.235244
Learned,Learned Basis,6.241698
Learned,Learned Basis,4.389934
Learned,Learned Basis,6.996612
Learned,Learned Basis,6.612682
Learned,Learned Basis,6.1266603
Learned,Learned Basis,5.988569
Learned,Learned Basis,5.680848
Learned,Learned Basis,5.1049275
Learned,Learned Basis,5.6283493
Learned,Learned Basis,5.464904
Learned,Learned Basis,5.4419894
Learned,Learned Basis,5.7677574
Learned,Learned Basis,6.7230215
Learned,Learned Basis,4.1250906
Learned,Learned Basis,6.404161
Learned,Learned Basis,5.002157
Learned,Learned Basis,4.2986937
Learned,Learned Basis,4.977746
Learned,Learned Basis,6.45201
Learned,Learned Basis,6.2284465
Learned,Learned Basis,6.5612335
Learned,Learned Basis,5.039205
Learned,Learned Basis,5.665758
Learned,Learned Basis,6.2588463
Learned,Learned Basis,5.804074
Learned,Learned Basis,5.3683786
Learned,Learned Basis,5.1581516
Learned,Learned Basis,5.7798676
Learned,Learned Basis,5.3325033
Learned,Learned Basis,5.259758
Learned,Learned Basis,7.0567365
Learned,Learned Basis,6.5741324
Learned,Learned Basis,5.5321054
Learned,Learned Basis,6.4071436
Learned,Learned Basis,6.308177
Learned,Learned Basis,5.7606797
Learned,Learned Basis,5.5156813
Learned,Learned Basis,5.939219
Learned,Learned Basis,5.875808
Learned,Learned Basis,6.558516
Learned,Learned Basis,5.414515
Learned,Learned Basis,5.2892
Learned,Learned Basis,4.5283756
Learned,Learned Basis,5.1838865
Learned,Learned Basis,5.8579044
Learned,Learned Basis,5.7507286
Learned,Learned Basis,4.3472853
Learned,Learned Basis,5.6532073
Learned,Learned Basis,6.7421684
Learned,Learned Basis,6.0565667
Learned,Learned Basis,6.1852174
Learned,Learned Basis,6.699567
Learned,Learned Basis,6.249363
Learned,Learned Basis,5.437674
Learned,Learned Basis,6.235077
Learned,Learned Basis,5.2166467
Learned,Learned Basis,5.9182215
Learned,Learned Basis,6.4957423
Learned,Learned Basis,5.8482075
Learned,Learned Basis,5.6750245
Learned,Learned Basis,6.4559116
Learned,Learned Basis,4.9726334
Learned,Learned Basis,6.3342953
Learned,Learned Basis,6.314722
Learned,Learned Basis,3.8994029
Learned,Learned Basis,7.803443
Learned,Learned Basis,5.646346
Learned,Learned Basis,6.323107
Learned,Learned Basis,5.449024
Learned,Learned Basis,6.298648
Learned,Learned Basis,3.863943
Learned,Learned Basis,5.7956066
Learned,Learned Basis,5.5523577
Learned,Learned Basis,5.320693
Learned,Learned Basis,4.36557
Learned,Learned Basis,5.9342484
Learned,Learned Basis,7.269819
Learned,Learned Basis,6.1367226
Learned,Learned Basis,5.9414415
Learned,Learned Basis,7.850272
Learned,Learned Basis,6.171779
Learned,Learned Basis,5.6741734
Learned,Learned Basis,5.1419926
Learned,Learned Basis,6.658149
Learned,Learned Basis,4.6047454
Learned,Learned Basis,6.5547895
Learned,Learned Basis,5.859513
Learned,Learned Basis,5.243844
Learned,Learned Basis,6.2467675
Learned,Learned Basis,5.093116
Learned,Learned Basis,5.774483
Learned,Learned Basis,5.647495
OFDM,Classical OFDM,6.048197
OFDM,Classical OFDM,6.4794583
OFDM,Classical OFDM,5.8883147
OFDM,Classical OFDM,6.3380866
OFDM,Classical OFDM,6.517043
OFDM,Classical OFDM,6.055741
OFDM,Classical OFDM,7.1159496
OFDM,Classical OFDM,6.2770805
OFDM,Classical OFDM,5.1417723
OFDM,Classical OFDM,5.490356
OFDM,Classical OFDM,8.126471
OFDM,Classical OFDM,8.23844
OFDM,Classical OFDM,6.4939804
OFDM,Classical OFDM,5.744674
OFDM,Classical OFDM,6.9410734
OFDM,Classical OFDM,6.581916
OFDM,Classical OFDM,7.248307
OFDM,Classical OFDM,5.930093
OFDM,Classical OFDM,6.348479
OFDM,Classical OFDM,5.947708
OFDM,Classical OFDM,8.173948
OFDM,Classical OFDM,6.6975303
OFDM,Classical OFDM,6.8934293
OFDM,Classical OFDM,6.632222
OFDM,Classical OFDM,6.8886356
OFDM,Classical OFDM,6.2910466
OFDM,Classical OFDM,6.256909
OFDM,Classical OFDM,5.875148
OFDM,Classical OFDM,5.836524
OFDM,Classical OFDM,7.1385193
OFDM,Classical OFDM,6.4606943
OFDM,Classical OFDM,7.0765996
OFDM,Classical OFDM,6.7024684
OFDM,Classical OFDM,5.5054703
OFDM,Classical OFDM,7.5634727
OFDM,Classical OFDM,5.559037
OFDM,Classical OFDM,6.2843
OFDM,Classical OFDM,7.195757
OFDM,Classical OFDM,7.7134266
OFDM,Classical OFDM,5.9996758
OFDM,Classical OFDM,6.0254984
OFDM,Classical OFDM,6.3534646
OFDM,Classical OFDM,6.3275886
OFDM,Classical OFDM,7.6762867
OFDM,Classical OFDM,4.7622757
OFDM,Classical OFDM,8.0734625
OFDM,Classical OFDM,6.4291425
OFDM,Classical OFDM,6.453164
OFDM,Classical OFDM,6.2534084
OFDM,Classical OFDM,7.7879214
OFDM,Classical OFDM,5.5900483
OFDM,Classical OFDM,7.737307
OFDM,Classical OFDM,5.5982475
OFDM,Classical OFDM,6.4704294
OFDM,Classical OFDM,5.9530582
OFDM,Classical OFDM,5.8875422
OFDM,Classical OFDM,7.5083036
OFDM,Classical OFDM,6.9437685
OFDM,Classical OFDM,8.544141
OFDM,Classical OFDM,5.6054726
OFDM,Classical OFDM,6.404505
OFDM,Classical OFDM,7.6200466
OFDM,Classical OFDM,5.590441
OFDM,Classical OFDM,7.5296397
OFDM,Classical OFDM,8.489927
OFDM,Classical OFDM,7.8712316
OFDM,Classical OFDM,5.88468
OFDM,Classical OFDM,7.64194
OFDM,Classical OFDM,6.1505375
OFDM,Classical OFDM,8.423495
OFDM,Classical OFDM,6.5083666
OFDM,Classical OFDM,6.541959
OFDM,Classical OFDM,6.528946
OFDM,Classical OFDM,4.9637837
OFDM,Classical OFDM,6.3995
OFDM,Classical OFDM,7.0413833
OFDM,Classical OFDM,5.0465674
OFDM,Classical OFDM,6.8833427
OFDM,Classical OFDM,6.5790234
OFDM,Classical OFDM,6.3358393
OFDM,Classical OFDM,9.031779
OFDM,Classical OFDM,8.254028
OFDM,Classical OFDM,7.346053
OFDM,Classical OFDM,6.1320744
OFDM,Classical OFDM,6.1392756
OFDM,Classical OFDM,8.043855
OFDM,Classical OFDM,6.1864705
OFDM,Classical OFDM,6.2387075
OFDM,Classical OFDM,7.8542223
OFDM,Classical OFDM,7.063887
OFDM,Classical OFDM,6.2521944
OFDM,Classical OFDM,6.2380114
OFDM,Classical OFDM,4.7545476
OFDM,Classical OFDM,5.4185686
OFDM,Classical OFDM,8.265503
OFDM,Classical OFDM,6.235816
OFDM,Classical OFDM,5.3292284
OFDM,Classical OFDM,5.890209
OFDM,Classical OFDM,7.010952
OFDM,Classical OFDM,6.021697
OFDM,Classical OFDM,7.4808817
OFDM,Classical OFDM,6.928189
OFDM,Classical OFDM,5.768255
OFDM,Classical OFDM,6.3518133
OFDM,Classical OFDM,7.6762276
OFDM,Classical OFDM,5.140517
OFDM,Classical OFDM,6.815042
OFDM,Classical OFDM,5.8566194
OFDM,Classical OFDM,8.253497
OFDM,Classical OFDM,7.042463
OFDM,Classical OFDM,6.206524
OFDM,Classical OFDM,6.386777
OFDM,Classical OFDM,5.830343
OFDM,Classical OFDM,6.333065
OFDM,Classical OFDM,5.2643495
OFDM,Classical OFDM,5.8979125
OFDM,Classical OFDM,5.279277
OFDM,Classical OFDM,6.1195307
OFDM,Classical OFDM,7.4023824
OFDM,Classical OFDM,6.66008
OFDM,Classical OFDM,6.4097843
OFDM,Classical OFDM,5.0291786
OFDM,Classical OFDM,6.2903137
OFDM,Classical OFDM,5.1192837
OFDM,Classical OFDM,7.2753468
OFDM,Classical OFDM,6.4913416
OFDM,Classical OFDM,4.823724
OFDM,Classical OFDM,7.7379026
OFDM,Classical OFDM,7.9743457
OFDM,Classical OFDM,5.7148795
OFDM,Classical OFDM,6.630487
OFDM,Classical OFDM,7.7352314
OFDM,Classical OFDM,6.941805
OFDM,Classical OFDM,6.4754395
OFDM,Classical OFDM,8.017131
OFDM,Classical OFDM,7.248517
OFDM,Classical OFDM,8.547459
OFDM,Classical OFDM,5.089343
OFDM,Classical OFDM,6.7885013
OFDM,Classical OFDM,7.495576
OFDM,Classical OFDM,5.5764627
OFDM,Classical OFDM,5.856907
OFDM,Classical OFDM,5.530439
OFDM,Classical OFDM,6.9447303
OFDM,Classical OFDM,7.2001243
OFDM,Classical OFDM,7.2937827
OFDM,Classical OFDM,7.402753
OFDM,Classical OFDM,6.814141
OFDM,Classical OFDM,5.372956
OFDM,Classical OFDM,6.4564657
OFDM,Classical OFDM,7.779259
OFDM,Classical OFDM,7.0308304
OFDM,Classical OFDM,6.227355
OFDM,Classical OFDM,8.850468
OFDM,Classical OFDM,5.5273952
OFDM,Classical OFDM,6.290927
OFDM,Classical OFDM,5.5234694
OFDM,Classical OFDM,6.7668576
OFDM,Classical OFDM,6.011241
OFDM,Classical OFDM,6.8779874
OFDM,Classical OFDM,6.5540833
OFDM,Classical OFDM,5.7016964
OFDM,Classical OFDM,6.5218973
OFDM,Classical OFDM,5.9924293
OFDM,Classical OFDM,6.3184185
OFDM,Classical OFDM,6.133663
OFDM,Classical OFDM,6.6847973
OFDM,Classical OFDM,5.5912867
OFDM,Classical OFDM,6.6507554
OFDM,Classical OFDM,7.2093973
OFDM,Classical OFDM,8.3319435
OFDM,Classical OFDM,6.977834
OFDM,Classical OFDM,7.023484
OFDM,Classical OFDM,7.7904167
OFDM,Classical OFDM,6.3164234
OFDM,Classical OFDM,6.353056
OFDM,Classical OFDM,5.6776996
OFDM,Classical OFDM,6.6637473
OFDM,Classical OFDM,7.321638
OFDM,Classical OFDM,6.7977753
OFDM,Classical OFDM,7.460708
OFDM,Classical OFDM,6.058913
OFDM,Classical OFDM,8.87553
OFDM,Classical OFDM,6.962202
OFDM,Classical OFDM,6.684675
OFDM,Classical OFDM,7.682062
OFDM,Classical OFDM,5.678168
OFDM,Classical OFDM,5.9360847
OFDM,Classical OFDM,5.6450815
OFDM,Classical OFDM,5.705113
OFDM,Classical OFDM,6.4130077
OFDM,Classical OFDM,6.7873235
OFDM,Classical OFDM,7.2378488
OFDM,Classical OFDM,7.9629574
OFDM,Classical OFDM,5.739993
OFDM,Classical OFDM,6.5126348
OFDM,Classical OFDM,5.8754263
OFDM,Classical OFDM,5.949657
OFDM,Classical OFDM,6.285778
OFDM,Classical OFDM,7.621811
OFDM,Classical OFDM,6.0666924
OFDM,Classical OFDM,6.132494
OFDM,Classical OFDM,6.3334846
OFDM,Classical OFDM,6.5125556
OFDM,Classical OFDM,5.9004664
OFDM,Classical OFDM,5.77701
OFDM,Classical OFDM,5.518351
OFDM,Classical OFDM,6.161254
OFDM,Classical OFDM,6.33655
OFDM,Classical OFDM,8.371474
OFDM,Classical OFDM,6.6251307
OFDM,Classical OFDM,5.2831244
OFDM,Classical OFDM,5.1975536
OFDM,Classical OFDM,8.4270935
OFDM,Classical OFDM,7.7902193
OFDM,Classical OFDM,7.083843
OFDM,Classical OFDM,5.2359743
OFDM,Classical OFDM,6.54836
OFDM,Classical OFDM,5.8764358
OFDM,Classical OFDM,5.8704605
OFDM,Classical OFDM,6.2880545
OFDM,Classical OFDM,6.0045485
OFDM,Classical OFDM,6.9269633
OFDM,Classical OFDM,8.746801
OFDM,Classical OFDM,5.2307982
OFDM,Classical OFDM,5.4296074
OFDM,Classical OFDM,6.5152473
OFDM,Classical OFDM,7.79264
OFDM,Classical OFDM,6.7427726
OFDM,Classical OFDM,5.8054314
OFDM,Classical OFDM,7.2203674
OFDM,Classical OFDM,8.627462
OFDM,Classical OFDM,6.665235
OFDM,Classical OFDM,6.0919642
OFDM,Classical OFDM,7.73324
OFDM,Classical OFDM,7.488272
OFDM,Classical OFDM,7.291184
OFDM,Classical OFDM,7.1490383
OFDM,Classical OFDM,6.9637356
OFDM,Classical OFDM,6.371978
OFDM,Classical OFDM,6.4172096
OFDM,Classical OFDM,7.922057
OFDM,Classical OFDM,5.9998074
OFDM,Classical OFDM,7.7856617
OFDM,Classical OFDM,6.1023674
OFDM,Classical OFDM,6.1691017
OFDM,Classical OFDM,6.74146
OFDM,Classical OFDM,5.349483
OFDM,Classical OFDM,5.761252
OFDM,Classical OFDM,7.9894996
OFDM,Classical OFDM,6.8887095
OFDM,Classical OFDM,8.255146
OFDM,Classical OFDM,6.593012
OFDM,Classical OFDM,7.059564
OFDM,Classical OFDM,9.0249
OFDM,Classical OFDM,7.0148015
OFDM,Classical OFDM,7.9324
OFDM,Classical OFDM,5.9557104
OFDM,Classical OFDM,6.2249255
OFDM,Classical OFDM,6.990805
OFDM,Classical OFDM,7.537016
OFDM,Classical OFDM,5.9479485
OFDM,Classical OFDM,6.0845714
OFDM,Classical OFDM,7.120921
OFDM,Classical OFDM,7.1912665
OFDM,Classical OFDM,7.2102256
OFDM,Classical OFDM,6.9530745
OFDM,Classical OFDM,7.372846
OFDM,Classical OFDM,7.293846
OFDM,Classical OFDM,5.1802435
OFDM,Classical OFDM,6.1690426
OFDM,Classical OFDM,6.5421095
OFDM,Classical OFDM,7.1490192
OFDM,Classical OFDM,6.951126
OFDM,Classical OFDM,5.4584813
OFDM,Classical OFDM,7.2069006
OFDM,Classical OFDM,5.9170585
OFDM,Classical OFDM,6.8981524
OFDM,Classical OFDM,7.0994544
OFDM,Classical OFDM,8.315668
OFDM,Classical OFDM,6.380491
OFDM,Classical OFDM,6.1365824
OFDM,Classical OFDM,6.2988243
OFDM,Classical OFDM,7.6675205
OFDM,Classical OFDM,6.2194576
OFDM,Classical OFDM,7.6014805
OFDM,Classical OFDM,7.092947
OFDM,Classical OFDM,8.568848
OFDM,Classical OFDM,8.166352
OFDM,Classical OFDM,7.1196837
OFDM,Classical OFDM,5.6769967
OFDM,Classical OFDM,6.192698
OFDM,Classical OFDM,6.6697745
OFDM,Classical OFDM,8.131288
OFDM,Classical OFDM,6.420186
OFDM,Classical OFDM,8.458795
OFDM,Classical OFDM,6.0691743
OFDM,Classical OFDM,7.134879
OFDM,Classical OFDM,6.539902
OFDM,Classical OFDM,6.4907293
OFDM,Classical OFDM,5.223543
OFDM,Classical OFDM,5.426367
OFDM,Classical OFDM,6.332276
OFDM,Classical OFDM,6.1343293
OFDM,Classical OFDM,5.914373
OFDM,Classical OFDM,7.177136
OFDM,Classical OFDM,6.8550544
OFDM,Classical OFDM,7.8403516
OFDM,Classical OFDM,5.713106
OFDM,Classical OFDM,5.9478045
OFDM,Classical OFDM,5.127297
OFDM,Classical OFDM,5.8527923
OFDM,Classical OFDM,7.9992366
OFDM,Classical OFDM,9.41712
OFDM,Classical OFDM,6.483643
OFDM,Classical OFDM,6.205079
OFDM,Classical OFDM,7.3762126
OFDM,Classical OFDM,6.8494473
OFDM,Classical OFDM,5.6602516
OFDM,Classical OFDM,9.328611
OFDM,Classical OFDM,6.202803
OFDM,Classical OFDM,6.152687
OFDM,Classical OFDM,6.5757036
OFDM,Classical OFDM,6.396189
OFDM,Classical OFDM,6.1137667
OFDM,Classical OFDM,6.323366
OFDM,Classical OFDM,6.2534103
OFDM,Classical OFDM,4.8185925
OFDM,Classical OFDM,5.093912
OFDM,Classical OFDM,5.5308175
OFDM,Classical OFDM,7.4048615
OFDM,Classical OFDM,6.7366433
OFDM,Classical OFDM,4.833559
OFDM,Classical OFDM,4.8013706
OFDM,Classical OFDM,7.0662255
OFDM,Classical OFDM,5.6744556
OFDM,Classical OFDM,5.6611633
OFDM,Classical OFDM,6.160839
OFDM,Classical OFDM,6.6432877
OFDM,Classical OFDM,6.631766
OFDM,Classical OFDM,6.126938
OFDM,Classical OFDM,6.9492917
OFDM,Classical OFDM,8.516441
OFDM,Classical OFDM,6.092161
OFDM,Classical OFDM,7.208453
OFDM,Classical OFDM,5.361591
OFDM,Classical OFDM,9.341625
OFDM,Classical OFDM,5.0241814
OFDM,Classical OFDM,5.962063
OFDM,Classical OFDM,8.845452
OFDM,Classical OFDM,6.7544694
OFDM,Classical OFDM,5.9847803
OFDM,Classical OFDM,5.1358414
OFDM,Classical OFDM,7.038133
OFDM,Classical OFDM,6.8870153
OFDM,Classical OFDM,5.7298965
OFDM,Classical OFDM,6.613033
OFDM,Classical OFDM,7.6905785
OFDM,Classical OFDM,6.131481
OFDM,Classical OFDM,8.411597
OFDM,Classical OFDM,6.197419
OFDM,Classical OFDM,7.154227
OFDM,Classical OFDM,7.43372
OFDM,Classical OFDM,6.4045243
OFDM,Classical OFDM,6.2518225
OFDM,Classical OFDM,4.381352
OFDM,Classical OFDM,6.8788147
OFDM,Classical OFDM,5.977808
OFDM,Classical OFDM,5.194709
OFDM,Classical OFDM,8.3098755
OFDM,Classical OFDM,7.800604
OFDM,Classical OFDM,7.0081987
OFDM,Classical OFDM,7.2677283
OFDM,Classical OFDM,6.985821
OFDM,Classical OFDM,5.6830044
OFDM,Classical OFDM,6.415534
OFDM,Classical OFDM,5.417729
OFDM,Classical OFDM,6.0708427
OFDM,Classical OFDM,6.474744
OFDM,Classical OFDM,5.3299866
OFDM,Classical OFDM,6.3953295
OFDM,Classical OFDM,6.190706
OFDM,Classical OFDM,5.7172155
OFDM,Classical OFDM,8.27058
OFDM,Classical OFDM,6.871305
OFDM,Classical OFDM,6.525378
OFDM,Classical OFDM,7.4247055
OFDM,Classical OFDM,7.1540284
OFDM,Classical OFDM,7.1415625
OFDM,Classical OFDM,5.74549
OFDM,Classical OFDM,5.6296644
OFDM,Classical OFDM,5.7186627
OFDM,Classical OFDM,7.267409
OFDM,Classical OFDM,5.7568717
OFDM,Classical OFDM,7.1666985
OFDM,Classical OFDM,6.4006166
OFDM,Classical OFDM,6.711605
OFDM,Classical OFDM,6.0592074
OFDM,Classical OFDM,6.5902586
OFDM,Classical OFDM,6.3521614
OFDM,Classical OFDM,5.6725454
OFDM,Classical OFDM,8.179591
OFDM,Classical OFDM,7.1840143
OFDM,Classical OFDM,6.345149
OFDM,Classical OFDM,8.412017
OFDM,Classical OFDM,6.692118
OFDM,Classical OFDM,7.554387
OFDM,Classical OFDM,8.168591
OFDM,Classical OFDM,7.1065593
OFDM,Classical OFDM,7.0428557
OFDM,Classical OFDM,5.3561
OFDM,Classical OFDM,5.7731
OFDM,Classical OFDM,6.7213464
OFDM,Classical OFDM,8.379219
OFDM,Classical OFDM,6.9495335
OFDM,Classical OFDM,6.7206
OFDM,Classical OFDM,6.5623307
OFDM,Classical OFDM,5.5606847
OFDM,Classical OFDM,5.997699
OFDM,Classical OFDM,6.4110637
OFDM,Classical OFDM,6.704356
OFDM,Classical OFDM,5.773396
OFDM,Classical OFDM,5.8577957
OFDM,Classical OFDM,5.859527
OFDM,Classical OFDM,9.403702
OFDM,Classical OFDM,7.48149
OFDM,Classical OFDM,6.813979
OFDM,Classical OFDM,5.596016
OFDM,Classical OFDM,4.920707
OFDM,Classical OFDM,7.1935806
OFDM,Classical OFDM,6.1640234
OFDM,Classical OFDM,7.5539594
OFDM,Classical OFDM,8.820773
OFDM,Classical OFDM,7.648494
OFDM,Classical OFDM,7.2827053
OFDM,Classical OFDM,5.2304153
OFDM,Classical OFDM,6.74324
OFDM,Classical OFDM,6.27187
OFDM,Classical OFDM,7.4291744
OFDM,Classical OFDM,7.632863
OFDM,Classical OFDM,6.891248
OFDM,Classical OFDM,6.4558673
OFDM,Classical OFDM,6.3225346
OFDM,Classical OFDM,5.884476
OFDM,Classical OFDM,7.0121202
OFDM,Classical OFDM,6.590173
OFDM,Classical OFDM,6.1076207
OFDM,Classical OFDM,7.1100082
OFDM,Classical OFDM,5.855298
OFDM,Classical OFDM,5.0544314
OFDM,Classical OFDM,6.020159
OFDM,Classical OFDM,5.4069138
OFDM,Classical OFDM,9.312888
OFDM,Classical OFDM,6.5956316
OFDM,Classical OFDM,6.214198
OFDM,Classical OFDM,6.239856
OFDM,Classical OFDM,6.897946
OFDM,Classical OFDM,6.2382507
OFDM,Classical OFDM,7.462594
OFDM,Classical OFDM,7.4987555
OFDM,Classical OFDM,8.1493845
OFDM,Classical OFDM,6.0163665
OFDM,Classical OFDM,5.897739
OFDM,Classical OFDM,4.8996706
OFDM,Classical OFDM,8.86336
OFDM,Classical OFDM,7.054986
OFDM,Classical OFDM,6.4971013
OFDM,Classical OFDM,6.995758
OFDM,Classical OFDM,10.087244
OFDM,Classical OFDM,7.564514
OFDM,Classical OFDM,6.7377777
OFDM,Classical OFDM,6.0818524
OFDM,Classical OFDM,7.258873
OFDM,Classical OFDM,7.1260953
OFDM,Classical OFDM,7.309243
OFDM,Classical OFDM,5.7612514
OFDM,Classical OFDM,8.302355
OFDM,Classical OFDM,5.319056
OFDM,Classical OFDM,6.3068223
OFDM,Classical OFDM,6.801325
OFDM,Classical OFDM,6.2441564
OFDM,Classical OFDM,6.260646
OFDM,Classical OFDM,6.6732836
OFDM,Classical OFDM,5.6125426
OFDM,Classical OFDM,6.647029
OFDM,Classical OFDM,5.8942895
OFDM,Classical OFDM,6.142323
OFDM,Classical OFDM,7.0772367
OFDM,Classical OFDM,7.3941875
OFDM,Classical OFDM,6.1311073
OFDM,Classical OFDM,7.1237783
OFDM,Classical OFDM,5.614912
OFDM,Classical OFDM,6.7748814
OFDM,Classical OFDM,6.554201
OFDM,Classical OFDM,5.593762
OFDM,Classical OFDM,5.8392673
OFDM,Classical OFDM,5.9509616
OFDM,Classical OFDM,6.5359297
OFDM,Classical OFDM,6.8459506
OFDM,Classical OFDM,8.069333
OFDM,Classical OFDM,6.654301
OFDM,Classical OFDM,7.360013
OFDM,Classical OFDM,8.281831
OFDM,Classical OFDM,5.13382
OFDM,Classical OFDM,8.280079
OFDM,Classical OFDM,7.1145267
OFDM,Classical OFDM,4.8985705
OFDM,Classical OFDM,6.3447933
OFDM,Classical OFDM,7.1716075
OFDM,Classical OFDM,7.2354627
OFDM,Classical OFDM,5.7010245
OFDM,Classical OFDM,6.56831
OFDM,Classical OFDM,5.1055546
OFDM,Classical OFDM,6.736378
OFDM,Classical OFDM,7.2699046
OFDM,Classical OFDM,6.658905
OFDM,Classical OFDM,6.827098
OFDM,Classical OFDM,6.6757965
OFDM,Classical OFDM,6.5048056
OFDM,Classical OFDM,7.9005003
OFDM,Classical OFDM,6.5016932
OFDM,Classical OFDM,7.971375
OFDM,Classical OFDM,6.6465707
OFDM,Classical OFDM,6.525759
OFDM,Classical OFDM,6.9791465
OFDM,Classical OFDM,6.3312955
OFDM,Classical OFDM,7.445714
OFDM,Classical OFDM,6.588797
OFDM,Classical OFDM,5.931947
OFDM,Classical OFDM,7.006268
OFDM,Classical OFDM,7.3695893
OFDM,Classical OFDM,5.4519196
OFDM,Classical OFDM,8.239882
OFDM,Classical OFDM,6.9196453
OFDM,Classical OFDM,8.255326
OFDM,Classical OFDM,7.2555184
OFDM,Classical OFDM,6.636303
OFDM,Classical OFDM,7.0502167
OFDM,Classical OFDM,7.0099106
OFDM,Classical OFDM,5.39455
OFDM,Classical OFDM,7.4606776
OFDM,Classical OFDM,6.199852
OFDM,Classical OFDM,8.711229
OFDM,Classical OFDM,5.7555513
OFDM,Classical OFDM,5.31598
OFDM,Classical OFDM,7.04405
OFDM,Classical OFDM,6.382027
OFDM,Classical OFDM,4.7278585
OFDM,Classical OFDM,6.759586
OFDM,Classical OFDM,7.2167377
OFDM,Classical OFDM,7.573676
OFDM,Classical OFDM,7.2606792
OFDM,Classical OFDM,5.1732674
OFDM,Classical OFDM,5.880247
OFDM,Classical OFDM,6.4035835
OFDM,Classical OFDM,7.395715
OFDM,Classical OFDM,7.222588
OFDM,Classical OFDM,5.2678275
OFDM,Classical OFDM,6.016197
OFDM,Classical OFDM,5.7312756
OFDM,Classical OFDM,8.097698
OFDM,Classical OFDM,5.6737432
OFDM,Classical OFDM,6.073089
OFDM,Classical OFDM,6.9989967
OFDM,Classical OFDM,5.6371922
OFDM,Classical OFDM,7.016121
OFDM,Classical OFDM,8.686624
OFDM,Classical OFDM,6.756378
OFDM,Classical OFDM,6.2211127
OFDM,Classical OFDM,7.2655478
OFDM,Classical OFDM,6.880788
OFDM,Classical OFDM,7.917742
OFDM,Classical OFDM,7.328527
OFDM,Classical OFDM,7.120049
OFDM,Classical OFDM,6.209803
OFDM,Classical OFDM,7.5829687
OFDM,Classical OFDM,8.162014
OFDM,Classical OFDM,7.159463
OFDM,Classical OFDM,7.6388645
OFDM,Classical OFDM,5.628642
OFDM,Classical OFDM,7.139521
OFDM,Classical OFDM,6.2896442
OFDM,Classical OFDM,7.1484146
OFDM,Classical OFDM,5.845303
OFDM,Classical OFDM,5.0054283
OFDM,Classical OFDM,6.771824
OFDM,Classical OFDM,8.155035
OFDM,Classical OFDM,9.085433
OFDM,Classical OFDM,8.077425
OFDM,Classical OFDM,6.6845202
OFDM,Classical OFDM,6.0374236
OFDM,Classical OFDM,6.973808
OFDM,Classical OFDM,5.8482304
OFDM,Classical OFDM,6.2166576
OFDM,Classical OFDM,7.239166
OFDM,Classical OFDM,5.416394
OFDM,Classical OFDM,6.678274
OFDM,Classical OFDM,7.171303
OFDM,Classical OFDM,6.841579
OFDM,Classical OFDM,7.097458
OFDM,Classical OFDM,4.910726
OFDM,Classical OFDM,5.365557
OFDM,Classical OFDM,7.3350115
OFDM,Classical OFDM,6.021785
OFDM,Classical OFDM,5.11883
OFDM,Classical OFDM,5.6423163
OFDM,Classical OFDM,9.675763
OFDM,Classical OFDM,7.258268
OFDM,Classical OFDM,6.2642126
OFDM,Classical OFDM,6.636972
OFDM,Classical OFDM,8.323015
OFDM,Classical OFDM,5.980496
OFDM,Classical OFDM,9.394513
OFDM,Classical OFDM,8.051893
OFDM,Classical OFDM,6.138098
OFDM,Classical OFDM,7.733259
OFDM,Classical OFDM,8.507368
OFDM,Classical OFDM,8.146001
OFDM,Classical OFDM,6.525822
OFDM,Classical OFDM,7.518985
OFDM,Classical OFDM,6.5419455
OFDM,Classical OFDM,6.3280506
OFDM,Classical OFDM,6.6511164
OFDM,Classical OFDM,6.3494945
OFDM,Classical OFDM,6.7826643
OFDM,Classical OFDM,6.6986675
OFDM,Classical OFDM,7.1421027
OFDM,Classical OFDM,5.6567006
OFDM,Classical OFDM,6.270562
OFDM,Classical OFDM,6.5890126
OFDM,Classical OFDM,9.909581
OFDM,Classical OFDM,8.280079
OFDM,Classical OFDM,7.5412483
OFDM,Classical OFDM,7.3204656
OFDM,Classical OFDM,5.6270876
OFDM,Classical OFDM,6.6224766
OFDM,Classical OFDM,6.095138
OFDM,Classical OFDM,5.7805114
OFDM,Classical OFDM,8.436167
OFDM,Classical OFDM,6.578073
OFDM,Classical OFDM,6.695822
OFDM,Classical OFDM,5.9171
OFDM,Classical OFDM,6.0994077
OFDM,Classical OFDM,5.022964
OFDM,Classical OFDM,6.471591
OFDM,Classical OFDM,5.4293036
OFDM,Classical OFDM,7.135692
OFDM,Classical OFDM,5.952791
OFDM,Classical OFDM,6.867544
OFDM,Classical OFDM,6.251975
OFDM,Classical OFDM,6.1995907
OFDM,Classical OFDM,5.016415
OFDM,Classical OFDM,6.461334
OFDM,Classical OFDM,6.171034
OFDM,Classical OFDM,5.4555326
OFDM,Classical OFDM,6.3273745
OFDM,Classical OFDM,6.2682667
OFDM,Classical OFDM,6.374571
OFDM,Classical OFDM,6.169541
OFDM,Classical OFDM,7.575448
OFDM,Classical OFDM,6.6523366
OFDM,Classical OFDM,7.8946404
OFDM,Classical OFDM,7.468634
OFDM,Classical OFDM,7.367982
OFDM,Classical OFDM,5.298924
OFDM,Classical OFDM,7.1228914
OFDM,Classical OFDM,7.2599096
OFDM,Classical OFDM,6.8619866
OFDM,Classical OFDM,6.4736032
OFDM,Classical OFDM,4.7172217
OFDM,Classical OFDM,7.224402
OFDM,Classical OFDM,7.009042
OFDM,Classical OFDM,8.378386
OFDM,Classical OFDM,8.281065
OFDM,Classical OFDM,7.518373
OFDM,Classical OFDM,8.404039
OFDM,Classical OFDM,5.488846
OFDM,Classical OFDM,6.2840786
OFDM,Classical OFDM,5.9682755
OFDM,Classical OFDM,6.776024
OFDM,Classical OFDM,6.530714
OFDM,Classical OFDM,5.5874543
OFDM,Classical OFDM,6.9193177
OFDM,Classical OFDM,6.544885
OFDM,Classical OFDM,8.223519
OFDM,Classical OFDM,6.4409723
OFDM,Classical OFDM,7.84843
OFDM,Classical OFDM,5.9889565
OFDM,Classical OFDM,5.423098
OFDM,Classical OFDM,7.4902
OFDM,Classical OFDM,6.3007565
OFDM,Classical OFDM,6.2704782
OFDM,Classical OFDM,6.3924284
OFDM,Classical OFDM,6.7594986
OFDM,Classical OFDM,6.800506
OFDM,Classical OFDM,5.619994
OFDM,Classical OFDM,7.2271204
OFDM,Classical OFDM,6.720928
OFDM,Classical OFDM,7.11429
OFDM,Classical OFDM,6.677657
OFDM,Classical OFDM,6.323626
OFDM,Classical OFDM,6.479121
OFDM,Classical OFDM,7.0157485
OFDM,Classical OFDM,6.0197835
OFDM,Classical OFDM,6.461502
OFDM,Classical OFDM,6.158739
OFDM,Classical OFDM,5.2817826
OFDM,Classical OFDM,5.1994133
OFDM,Classical OFDM,6.99266
OFDM,Classical OFDM,7.7961183
OFDM,Classical OFDM,5.624117
OFDM,Classical OFDM,6.5338287
OFDM,Classical OFDM,6.6121917
OFDM,Classical OFDM,5.5923443
OFDM,Classical OFDM,8.689012
OFDM,Classical OFDM,5.2604017
OFDM,Classical OFDM,5.6275153
OFDM,Classical OFDM,5.9371943
OFDM,Classical OFDM,8.404486
OFDM,Classical OFDM,6.1762943
OFDM,Classical OFDM,6.5570803
OFDM,Classical OFDM,7.8792863
OFDM,Classical OFDM,6.9992423
OFDM,Classical OFDM,7.58033
OFDM,Classical OFDM,7.6425986
OFDM,Classical OFDM,8.851255
OFDM,Classical OFDM,7.3254585
OFDM,Classical OFDM,6.016466
OFDM,Classical OFDM,7.3091893
OFDM,Classical OFDM,8.306333
OFDM,Classical OFDM,5.581598
OFDM,Classical OFDM,6.439356
OFDM,Classical OFDM,8.273538
OFDM,Classical OFDM,6.2643123
OFDM,Classical OFDM,5.6009293
OFDM,Classical OFDM,8.108773
OFDM,Classical OFDM,6.0560136
OFDM,Classical OFDM,6.166171
OFDM,Classical OFDM,8.09128
OFDM,Classical OFDM,7.6773863
OFDM,Classical OFDM,6.6815796
OFDM,Classical OFDM,6.393221
OFDM,Classical OFDM,6.6764355
OFDM,Classical OFDM,5.158827
OFDM,Classical OFDM,7.255728
OFDM,Classical OFDM,7.287643
OFDM,Classical OFDM,6.874867
OFDM,Classical OFDM,7.519121
OFDM,Classical OFDM,7.535625
OFDM,Classical OFDM,8.503729
OFDM,Classical OFDM,5.053358
OFDM,Classical OFDM,7.9692545
OFDM,Classical OFDM,7.319872
OFDM,Classical OFDM,7.4701614
OFDM,Classical OFDM,7.676118
OFDM,Classical OFDM,5.4324493
OFDM,Classical OFDM,5.940079
OFDM,Classical OFDM,6.1533027
OFDM,Classical OFDM,6.5179815
OFDM,Classical OFDM,6.8762674
OFDM,Classical OFDM,6.9909434
OFDM,Classical OFDM,7.803371
OFDM,Classical OFDM,6.701704
OFDM,Classical OFDM,6.461483
OFDM,Classical OFDM,4.8655396
OFDM,Classical OFDM,5.3354287
OFDM,Classical OFDM,5.870682
OFDM,Classical OFDM,6.6672664
OFDM,Classical OFDM,6.6022415
OFDM,Classical OFDM,9.9115305
OFDM,Classical OFDM,6.3518753
OFDM,Classical OFDM,6.854349
OFDM,Classical OFDM,6.581891
OFDM,Classical OFDM,5.261931
OFDM,Classical OFDM,5.425656
OFDM,Classical OFDM,6.3682246
OFDM,Classical OFDM,5.1384597
OFDM,Classical OFDM,6.284589
OFDM,Classical OFDM,6.525519
OFDM,Classical OFDM,6.727606
OFDM,Classical OFDM,8.1685915
OFDM,Classical OFDM,5.14699
OFDM,Classical OFDM,6.399599
OFDM,Classical OFDM,5.8663597
OFDM,Classical OFDM,5.3689823
OFDM,Classical OFDM,6.8902807
OFDM,Classical OFDM,6.363089
OFDM,Classical OFDM,7.658107
OFDM,Classical OFDM,5.4319754
OFDM,Classical OFDM,6.4207993
OFDM,Classical OFDM,5.842931
OFDM,Classical OFDM,7.356164
OFDM,Classical OFDM,5.118826
OFDM,Classical OFDM,5.9380193
OFDM,Classical OFDM,5.657672
OFDM,Classical OFDM,5.481532
OFDM,Classical OFDM,4.6937428
OFDM,Classical OFDM,6.611113
OFDM,Classical OFDM,7.4447527
OFDM,Classical OFDM,6.3486776
OFDM,Classical OFDM,6.3953285
OFDM,Classical OFDM,7.0103827
OFDM,Classical OFDM,4.599595
OFDM,Classical OFDM,6.329273
OFDM,Classical OFDM,7.7575006
OFDM,Classical OFDM,8.888363
OFDM,Classical OFDM,7.1361136
OFDM,Classical OFDM,7.505069
OFDM,Classical OFDM,7.079255
OFDM,Classical OFDM,5.9309554
OFDM,Classical OFDM,7.7646646
OFDM,Classical OFDM,7.781933
OFDM,Classical OFDM,5.890747
OFDM,Classical OFDM,8.034168
OFDM,Classical OFDM,6.224957
OFDM,Classical OFDM,7.0636773
OFDM,Classical OFDM,6.5543103
OFDM,Classical OFDM,7.214698
OFDM,Classical OFDM,7.63988
OFDM,Classical OFDM,7.989052
OFDM,Classical OFDM,7.343099
OFDM,Classical OFDM,6.1872296
OFDM,Classical OFDM,8.055225
OFDM,Classical OFDM,7.338516
OFDM,Classical OFDM,6.6819286
OFDM,Classical OFDM,5.4560223
OFDM,Classical OFDM,6.018061
OFDM,Classical OFDM,7.673253
OFDM,Classical OFDM,5.639679
OFDM,Classical OFDM,5.9578543
OFDM,Classical OFDM,7.9595428
OFDM,Classical OFDM,7.8922725
OFDM,Classical OFDM,6.0666428
OFDM,Classical OFDM,8.203905
OFDM,Classical OFDM,6.758484
OFDM,Classical OFDM,7.4863105
OFDM,Classical OFDM,6.3133388
OFDM,Classical OFDM,7.818408
OFDM,Classical OFDM,6.039077
OFDM,Classical OFDM,5.8503656
OFDM,Classical OFDM,5.317716
OFDM,Classical OFDM,6.9946356
OFDM,Classical OFDM,5.7200437
OFDM,Classical OFDM,4.7417517
OFDM,Classical OFDM,6.082649
OFDM,Classical OFDM,5.5878735
OFDM,Classical OFDM,6.3486357
OFDM,Classical OFDM,6.444159
OFDM,Classical OFDM,5.0908065
OFDM,Classical OFDM,6.201063
OFDM,Classical OFDM,5.387895
OFDM,Classical OFDM,6.3981743
OFDM,Classical OFDM,8.606827
OFDM,Classical OFDM,6.680423
OFDM,Classical OFDM,7.1181703
OFDM,Classical OFDM,5.7523594
OFDM,Classical OFDM,5.9430094
OFDM,Classical OFDM,6.1482124
OFDM,Classical OFDM,5.536989
OFDM,Classical OFDM,6.3503876
OFDM,Classical OFDM,6.029646
OFDM,Classical OFDM,5.939016
OFDM,Classical OFDM,5.9672146
OFDM,Classical OFDM,5.4284925
OFDM,Classical OFDM,7.216898
OFDM,Classical OFDM,8.307637
OFDM,Classical OFDM,8.002824
OFDM,Classical OFDM,7.8651567
OFDM,Classical OFDM,5.603413
OFDM,Classical OFDM,4.775526
OFDM,Classical OFDM,7.6453586
OFDM,Classical OFDM,7.367296
OFDM,Classical OFDM,5.639308
OFDM,Classical OFDM,5.303362
OFDM,Classical OFDM,7.4554825
OFDM,Classical OFDM,8.7460785
OFDM,Classical OFDM,8.147641
OFDM,Classical OFDM,5.6383996
OFDM,Classical OFDM,5.1202993
OFDM,Classical OFDM,7.1061
OFDM,Classical OFDM,6.4493046
OFDM,Classical OFDM,7.302484
OFDM,Classical OFDM,4.3956203
OFDM,Classical OFDM,6.9864807
OFDM,Classical OFDM,6.767169
OFDM,Classical OFDM,8.016599
OFDM,Classical OFDM,7.6529713
OFDM,Classical OFDM,7.2711887
OFDM,Classical OFDM,5.5865
OFDM,Classical OFDM,5.761384
OFDM,Classical OFDM,4.83789
OFDM,Classical OFDM,6.337419
OFDM,Classical OFDM,4.9833097
OFDM,Classical OFDM,7.191901
OFDM,Classical OFDM,6.5157948
OFDM,Classical OFDM,6.788749
OFDM,Classical OFDM,7.4160757
OFDM,Classical OFDM,7.0566754
OFDM,Classical OFDM,6.6736984
OFDM,Classical OFDM,5.621187
OFDM,Classical OFDM,7.7004123
OFDM,Classical OFDM,6.319991
OFDM,Classical OFDM,6.56985
OFDM,Classical OFDM,8.478306
OFDM,Classical OFDM,6.8029666
OFDM,Classical OFDM,5.6789627
OFDM,Classical OFDM,8.071942
OFDM,Classical OFDM,5.7974043
OFDM,Classical OFDM,8.350196
OFDM,Classical OFDM,9.561855
OFDM,Classical OFDM,7.0034876
OFDM,Classical OFDM,6.535189
OFDM,Classical OFDM,6.4422283
OFDM,Classical OFDM,6.64706
OFDM,Classical OFDM,6.1745906
OFDM,Classical OFDM,8.6036825
OFDM,Classical OFDM,8.5753765
OFDM,Classical OFDM,8.682621
OFDM,Classical OFDM,6.563159
OFDM,Classical OFDM,5.0477095
OFDM,Classical OFDM,7.3928494
OFDM,Classical OFDM,5.511677
OFDM,Classical OFDM,7.3476057
OFDM,Classical OFDM,5.417679
OFDM,Classical OFDM,6.3320484
OFDM,Classical OFDM,6.2129993
OFDM,Classical OFDM,7.550662
OFDM,Classical OFDM,7.459511
OFDM,Classical OFDM,7.3017044
OFDM,Classical OFDM,5.4310966
OFDM,Classical OFDM,5.697205
OFDM,Classical OFDM,6.697063
OFDM,Classical OFDM,6.514164
OFDM,Classical OFDM,5.905134
OFDM,Classical OFDM,5.5152802
OFDM,Classical OFDM,6.7903943
OFDM,Classical OFDM,6.925388
OFDM,Classical OFDM,6.9838467
OFDM,Classical OFDM,6.3555794
OFDM,Classical OFDM,7.1185594
OFDM,Classical OFDM,6.3027196
OFDM,Classical OFDM,6.2683105
OFDM,Classical OFDM,6.5052795
OFDM,Classical OFDM,5.4895144
OFDM,Classical OFDM,6.3095303
OFDM,Classical OFDM,6.971674
OFDM,Classical OFDM,4.8524494
OFDM,Classical OFDM,6.743069
OFDM,Classical OFDM,5.158744
OFDM,Classical OFDM,7.0364213
OFDM,Classical OFDM,5.5978594
OFDM,Classical OFDM,7.8047633
OFDM,Classical OFDM,7.6838803
OFDM,Classical OFDM,6.6833334
OFDM,Classical OFDM,7.537126
OFDM,Classical OFDM,7.0913167
OFDM,Classical OFDM,7.3699374
OFDM,Classical OFDM,7.086706
OFDM,Classical OFDM,7.645886
OFDM,Classical OFDM,6.848446
OFDM,Classical OFDM,6.137696
OFDM,Classical OFDM,7.78995
OFDM,Classical OFDM,6.770092
OFDM,Classical OFDM,5.7204065
OFDM,Classical OFDM,7.5888414
OFDM,Classical OFDM,6.283249
OFDM,Classical OFDM,5.873019
OFDM,Classical OFDM,6.960287
OFDM,Classical OFDM,5.3120003
OFDM,Classical OFDM,6.3407965
OFDM,Classical OFDM,6.6764255
OFDM,Classical OFDM,5.3360105
OFDM,Classical OFDM,8.490938
OFDM,Classical OFDM,8.34815
OFDM,Classical OFDM,6.5981646
OFDM,Classical OFDM,7.3267345
OFDM,Classical OFDM,6.2207184
OFDM,Classical OFDM,6.244892
OFDM,Classical OFDM,5.55313
OFDM,Classical OFDM,7.297747
OFDM,Classical OFDM,6.613154
OFDM,Classical OFDM,6.4517303
OFDM,Classical OFDM,7.2040186
OFDM,Classical OFDM,7.242043
OFDM,Classical OFDM,8.238805
OFDM,Classical OFDM,6.1595345
OFDM,Classical OFDM,6.426918
OFDM,Classical OFDM,6.706936
OFDM,Classical OFDM,7.074028
OFDM,Classical OFDM,6.6683702
OFDM,Classical OFDM,5.833748
OFDM,Classical OFDM,5.5873356
OFDM,Classical OFDM,6.54923
OFDM,Classical OFDM,5.386719
OFDM,Classical OFDM,8.211092
OFDM,Classical OFDM,7.3661003
OFDM,Classical OFDM,6.766641
OFDM,Classical OFDM,5.498434
OFDM,Classical OFDM,7.1762905
OFDM,Classical OFDM,6.83492
OFDM,Classical OFDM,5.419628
OFDM,Classical OFDM,5.382483
OFDM,Classical OFDM,7.959447
OFDM,Classical OFDM,5.115733
OFDM,Classical OFDM,6.613736
OFDM,Classical OFDM,6.049826
OFDM,Classical OFDM,6.4653797
OFDM,Classical OFDM,8.077562
OFDM,Classical OFDM,6.3197713
OFDM,Classical OFDM,6.1056843
OFDM,Classical OFDM,5.389538
OFDM,Classical OFDM,8.402148
OFDM,Classical OFDM,8.135026
OFDM,Classical OFDM,6.6738987
OFDM,Classical OFDM,5.7122498
OFDM,Classical OFDM,5.6784635
OFDM,Classical OFDM,6.224945
OFDM,Classical OFDM,7.6902914
OFDM,Classical OFDM,6.0728073
OFDM,Classical OFDM,5.3289986
OFDM,Classical OFDM,7.584806
OFDM,Classical OFDM,8.034009
OFDM,Classical OFDM,8.9416065
OFDM,Classical OFDM,6.2614307
Learned,Learned Basis,7.711629
Learned,Learned Basis,5.7831855
Learned,Learned Basis,8.187039
Learned,Learned Basis,5.681358
Learned,Learned Basis,5.0403695
Learned,Learned Basis,6.8795986
Learned,Learned Basis,4.7647676
Learned,Learned Basis,5.466736
Learned,Learned Basis,4.837726
Learned,Learned Basis,6.47501
Learned,Learned Basis,5.6951447
Learned,Learned Basis,5.492272
Learned,Learned Basis,5.3097105
Learned,Learned Basis,6.0218196
Learned,Learned Basis,5.3660564
Learned,Learned Basis,6.876589
Learned,Learned Basis,5.1840067
Learned,Learned Basis,5.194382
Learned,Learned Basis,6.6291513
Learned,Learned Basis,6.4996996
Learned,Learned Basis,6.3791757
Learned,Learned Basis,4.7428746
Learned,Learned Basis,5.168509
Learned,Learned Basis,6.4442706
Learned,Learned Basis,5.725559
Learned,Learned Basis,4.712311
Learned,Learned Basis,5.8954473
Learned,Learned Basis,5.786808
Learned,Learned Basis,4.835543
Learned,Learned Basis,4.6315045
Learned,Learned Basis,5.890028
Learned,Learned Basis,6.845196
Learned,Learned Basis,6.316972
Learned,Learned Basis,6.4544516
Learned,Learned Basis,6.6999044
Learned,Learned Basis,5.168267
Learned,Learned Basis,6.0384073
Learned,Learned Basis,5.7468843
Learned,Learned Basis,5.8010893
Learned,Learned Basis,5.55161
Learned,Learned Basis,5.796174
Learned,Learned Basis,5.395013
Learned,Learned Basis,5.1925077
Learned,Learned Basis,6.3424416
Learned,Learned Basis,5.586525
Learned,Learned Basis,4.516346
Learned,Learned Basis,6.493916
Learned,Learned Basis,4.977993
Learned,Learned Basis,5.8573465
Learned,Learned Basis,5.4222565
Learned,Learned Basis,5.06218
Learned,Learned Basis,5.6087027
Learned,Learned Basis,5.29131
Learned,Learned Basis,5.7007875
Learned,Learned Basis,5.4979496
Learned,Learned Basis,5.0812745
Learned,Learned Basis,5.583491
Learned,Learned Basis,4.6670566
Learned,Learned Basis,6.5831156
Learned,Learned Basis,6.2607427
Learned,Learned Basis,5.694687
Learned,Learned Basis,5.2330637
Learned,Learned Basis,4.9077687
Learned,Learned Basis,6.7029333
Learned,Learned Basis,5.8525085
Learned,Learned Basis,6.154151
Learned,Learned Basis,5.2878313
Learned,Learned Basis,5.794001
Learned,Learned Basis,6.8546157
Learned,Learned Basis,6.5163517
Learned,Learned Basis,5.505313
Learned,Learned Basis,6.4334755
Learned,Learned Basis,6.046856
Learned,Learned Basis,5.593131
Learned,Learned Basis,6.967626
Learned,Learned Basis,5.5379915
Learned,Learned Basis,5.6622987
Learned,Learned Basis,7.215421
Learned,Learned Basis,5.162505
Learned,Learned Basis,5.266907
Learned,Learned Basis,5.031453
Learned,Learned Basis,5.5104465
Learned,Learned Basis,5.0868473
Learned,Learned Basis,5.5741253
Learned,Learned Basis,6.3450055
Learned,Learned Basis,5.1005945
Learned,Learned Basis,3.72175
Learned,Learned Basis,5.5355425
Learned,Learned Basis,5.013366
Learned,Learned Basis,5.9463863
Learned,Learned Basis,5.6150336
Learned,Learned Basis,5.142588
Learned,Learned Basis,7.3434877
Learned,Learned Basis,6.0718412
Learned,Learned Basis,4.275964
Learned,Learned Basis,4.872078
Learned,Learned Basis,5.6906157
Learned,Learned Basis,6.812928
Learned,Learned Basis,6.713175
Learned,Learned Basis,5.2736597
Learned,Learned Basis,5.8162303
Learned,Learned Basis,6.9578214
Learned,Learned Basis,5.4368343
Learned,Learned Basis,5.8931866
Learned,Learned Basis,4.8911467
Learned,Learned Basis,5.259793
Learned,Learned Basis,5.204863
Learned,Learned Basis,5.8862424
Learned,Learned Basis,7.176833
Learned,Learned Basis,4.6474905
Learned,Learned Basis,5.4540358
Learned,Learned Basis,5.5219
Learned,Learned Basis,6.8032928
Learned,Learned Basis,7.841411
Learned,Learned Basis,6.4757247
Learned,Learned Basis,6.126532
Learned,Learned Basis,4.783954
Learned,Learned Basis,5.8792295
Learned,Learned Basis,4.797368
Learned,Learned Basis,5.9088993
Learned,Learned Basis,6.8349223
Learned,Learned Basis,6.24463
Learned,Learned Basis,5.8592896
Learned,Learned Basis,4.5637426
Learned,Learned Basis,6.289844
Learned,Learned Basis,4.9148645
Learned,Learned Basis,6.0862303
Learned,Learned Basis,6.0337925
Learned,Learned Basis,5.0876617
Learned,Learned Basis,5.688941
Learned,Learned Basis,5.4487934
Learned,Learned Basis,4.2925653
Learned,Learned Basis,6.8013344
Learned,Learned Basis,5.980578
Learned,Learned Basis,4.1836295
Learned,Learned Basis,5.056175
Learned,Learned Basis,6.2021065
Learned,Learned Basis,5.0881376
Learned,Learned Basis,5.5877976
Learned,Learned Basis,5.037753
Learned,Learned Basis,7.069312
Learned,Learned Basis,4.7320504
Learned,Learned Basis,5.223624
Learned,Learned Basis,6.809231
Learned,Learned Basis,5.6867146
Learned,Learned Basis,4.853128
Learned,Learned Basis,5.4211097
Learned,Learned Basis,5.0717726
Learned,Learned Basis,6.0902195
Learned,Learned Basis,5.0475783
Learned,Learned Basis,5.1582317
Learned,Learned Basis,7.597606
Learned,Learned Basis,4.5364485
Learned,Learned Basis,4.4471064
Learned,Learned Basis,6.223571
Learned,Learned Basis,4.7723503
Learned,Learned Basis,6.736305
Learned,Learned Basis,4.7350974
Learned,Learned Basis,4.909959
Learned,Learned Basis,6.737189
Learned,Learned Basis,5.3813705
Learned,Learned Basis,4.9866576
Learned,Learned Basis,5.6956244
Learned,Learned Basis,6.4242363
Learned,Learned Basis,6.2261705
Learned,Learned Basis,4.667886
Learned,Learned Basis,4.1386714
Learned,Learned Basis,5.0710416
Learned,Learned Basis,5.7158165
Learned,Learned Basis,6.20954
Learned,Learned Basis,7.793297
Learned,Learned Basis,4.6831365
Learned,Learned Basis,5.254716
Learned,Learned Basis,4.3046703
Learned,Learned Basis,6.5421276
Learned,Learned Basis,7.0617332
Learned,Learned Basis,6.6449594
Learned,Learned Basis,4.377086
Learned,Learned Basis,5.9687414
Learned,Learned Basis,6.4189672
Learned,Learned Basis,5.201158
Learned,Learned Basis,4.719505
Learned,Learned Basis,5.581848
Learned,Learned Basis,4.736158
Learned,Learned Basis,4.9156127
Learned,Learned Basis,4.521287
Learned,Learned Basis,5.821517
Learned,Learned Basis,4.1169043
Learned,Learned Basis,5.4769735
Learned,Learned Basis,6.4737186
Learned,Learned Basis,5.67137
Learned,Learned Basis,6.4208293
Learned,Learned Basis,7.222415
Learned,Learned Basis,5.564013
Learned,Learned Basis,5.1014624
Learned,Learned Basis,5.869602
Learned,Learned Basis,5.137723
Learned,Learned Basis,5.9819355
Learned,Learned Basis,5.802204
Learned,Learned Basis,5.1413054
Learned,Learned Basis,6.1755013
Learned,Learned Basis,4.9830685
Learned,Learned Basis,6.0164065
Learned,Learned Basis,6.521954
Learned,Learned Basis,6.0533714
Learned,Learned Basis,7.127736
Learned,Learned Basis,6.0652866
Learned,Learned Basis,5.4142723
Learned,Learned Basis,6.5013685
Learned,Learned Basis,6.4008546
Learned,Learned Basis,5.4878645
Learned,Learned Basis,6.4187593
Learned,Learned Basis,6.656851
Learned,Learned Basis,5.1280384
Learned,Learned Basis,5.7641954
Learned,Learned Basis,5.9280376
Learned,Learned Basis,5.844906
Learned,Learned Basis,4.622466
Learned,Learned Basis,5.0781274
Learned,Learned Basis,5.7510347
Learned,Learned Basis,5.023505
Learned,Learned Basis,6.777499
Learned,Learned Basis,5.059346
Learned,Learned Basis,4.6577363
Learned,Learned Basis,5.783951
Learned,Learned Basis,5.976716
Learned,Learned Basis,4.026537
Learned,Learned Basis,4.790239
Learned,Learned Basis,6.1862855
Learned,Learned Basis,6.366449
Learned,Learned Basis,4.8018007
Learned,Learned Basis,4.7987957
Learned,Learned Basis,5.40365
Learned,Learned Basis,4.143653
Learned,Learned Basis,4.6493864
Learned,Learned Basis,5.1889124
Learned,Learned Basis,5.7720823
Learned,Learned Basis,6.165645
Learned,Learned Basis,6.579384
Learned,Learned Basis,6.2495446
Learned,Learned Basis,6.751856
Learned,Learned Basis,6.222542
Learned,Learned Basis,5.454376
Learned,Learned Basis,5.0500445
Learned,Learned Basis,5.4227924
Learned,Learned Basis,5.2968116
Learned,Learned Basis,6.804035
Learned,Learned Basis,6.8539877
Learned,Learned Basis,5.965855
Learned,Learned Basis,5.1661463
Learned,Learned Basis,6.6459064
Learned,Learned Basis,6.6583624
Learned,Learned Basis,5.592168
Learned,Learned Basis,5.4566503
Learned,Learned Basis,5.573265
Learned,Learned Basis,4.619879
Learned,Learned Basis,6.6427875
Learned,Learned Basis,5.528
Learned,Learned Basis,6.3029404
Learned,Learned Basis,6.381967
Learned,Learned Basis,5.7693534
Learned,Learned Basis,7.2786446
Learned,Learned Basis,4.359952
Learned,Learned Basis,5.516689
Learned,Learned Basis,5.838541
Learned,Learned Basis,4.343377
Learned,Learned Basis,6.239953
Learned,Learned Basis,6.0040026
Learned,Learned Basis,4.962212
Learned,Learned Basis,5.9055185
Learned,Learned Basis,7.0340257
Learned,Learned Basis,5.913451
Learned,Learned Basis,5.7409945
Learned,Learned Basis,5.792903
Learned,Learned Basis,5.752347
Learned,Learned Basis,6.0729337
Learned,Learned Basis,5.376542
Learned,Learned Basis,5.7419915
Learned,Learned Basis,4.415072
Learned,Learned Basis,5.0351324
Learned,Learned Basis,7.481388
Learned,Learned Basis,5.4634876
Learned,Learned Basis,5.633252
Learned,Learned Basis,5.421515
Learned,Learned Basis,5.2326803
Learned,Learned Basis,4.984926
Learned,Learned Basis,4.4112473
Learned,Learned Basis,7.419897
Learned,Learned Basis,5.2418513
Learned,Learned Basis,6.104069
Learned,Learned Basis,6.618642
Learned,Learned Basis,6.7413607
Learned,Learned Basis,5.568476
Learned,Learned Basis,5.790352
Learned,Learned Basis,5.36331
Learned,Learned Basis,5.366166
Learned,Learned Basis,5.777077
Learned,Learned Basis,4.5921597
Learned,Learned Basis,6.3728495
Learned,Learned Basis,4.774464
Learned,Learned Basis,5.1448574
Learned,Learned Basis,4.9747505
Learned,Learned Basis,5.3269577
Learned,Learned Basis,6.5661325
Learned,Learned Basis,4.112104
Learned,Learned Basis,6.3839235
Learned,Learned Basis,6.0323296
Learned,Learned Basis,5.0042768
Learned,Learned Basis,4.819241
Learned,Learned Basis,4.175315
Learned,Learned Basis,4.583785
Learned,Learned Basis,4.8329816
Learned,Learned Basis,5.248905
Learned,Learned Basis,6.9643474
Learned,Learned Basis,6.4225287
Learned,Learned Basis,5.6656127
Learned,Learned Basis,5.505007
Learned,Learned Basis,6.303616
Learned,Learned Basis,5.370278
Learned,Learned Basis,4.320655
Learned,Learned Basis,4.6272035
Learned,Learned Basis,5.455704
Learned,Learned Basis,4.5374475
Learned,Learned Basis,5.420582
Learned,Learned Basis,4.2353745
Learned,Learned Basis,6.715494
Learned,Learned Basis,6.2521105
Learned,Learned Basis,4.4459558
Learned,Learned Basis,4.697036
Learned,Learned Basis,5.447603
Learned,Learned Basis,4.342926
Learned,Learned Basis,5.0453286
Learned,Learned Basis,5.7106333
Learned,Learned Basis,5.277329
Learned,Learned Basis,5.55552
Learned,Learned Basis,4.6217303
Learned,Learned Basis,5.2510123
Learned,Learned Basis,6.6884303
Learned,Learned Basis,6.125472
Learned,Learned Basis,5.051177
Learned,Learned Basis,4.3377514
Learned,Learned Basis,4.274916
Learned,Learned Basis,4.690346
Learned,Learned Basis,5.279278
Learned,Learned Basis,5.280311
Learned,Learned Basis,5.5041895
Learned,Learned Basis,5.08826
Learned,Learned Basis,5.2060485
Learned,Learned Basis,5.9459486
Learned,Learned Basis,5.846395
Learned,Learned Basis,6.53638
Learned,Learned Basis,4.8046823
Learned,Learned Basis,6.730094
Learned,Learned Basis,3.9350839
Learned,Learned Basis,5.821562
Learned,Learned Basis,4.6638103
Learned,Learned Basis,6.3747716
Learned,Learned Basis,4.5388784
Learned,Learned Basis,5.7446566
Learned,Learned Basis,5.219391
Learned,Learned Basis,5.4489326
Learned,Learned Basis,4.8015924
Learned,Learned Basis,6.0947747
Learned,Learned Basis,5.6287665
Learned,Learned Basis,6.0123634
Learned,Learned Basis,6.5782127
Learned,Learned Basis,5.260084
Learned,Learned Basis,5.9402485
Learned,Learned Basis,5.968724
Learned,Learned Basis,6.3932495
Learned,Learned Basis,7.737343
Learned,Learned Basis,5.4370933
Learned,Learned Basis,5.7074885
Learned,Learned Basis,4.704392
Learned,Learned Basis,5.9252934
Learned,Learned Basis,6.2947183
Learned,Learned Basis,5.336095
Learned,Learned Basis,6.8075037
Learned,Learned Basis,5.479297
Learned,Learned Basis,5.9213805
Learned,Learned Basis,5.2025037
Learned,Learned Basis,5.338067
Learned,Learned Basis,5.1109734
Learned,Learned Basis,6.624224
Learned,Learned Basis,5.006212
Learned,Learned Basis,5.4650803
Learned,Learned Basis,4.25099
Learned,Learned Basis,6.0109754
Learned,Learned Basis,4.3803186
Learned,Learned Basis,5.908594
Learned,Learned Basis,5.909403
Learned,Learned Basis,4.9172897
Learned,Learned Basis,6.9537745
Learned,Learned Basis,6.7368455
Learned,Learned Basis,6.0013914
Learned,Learned Basis,6.287463
Learned,Learned Basis,5.4934626
Learned,Learned Basis,5.4733124
Learned,Learned Basis,5.3106527
Learned,Learned Basis,4.8764434
Learned,Learned Basis,6.715526
Learned,Learned Basis,5.079846
Learned,Learned Basis,6.3374705
Learned,Learned Basis,5.426805
Learned,Learned Basis,6.0601
Learned,Learned Basis,6.119238
Learned,Learned Basis,6.1012864
Learned,Learned Basis,5.3683863
Learned,Learned Basis,5.927238
Learned,Learned Basis,5.4018807
Learned,Learned Basis,7.334445
Learned,Learned Basis,5.528951
Learned,Learned Basis,5.3161645
Learned,Learned Basis,6.173258
Learned,Learned Basis,4.6898465
Learned,Learned Basis,5.226268
Learned,Learned Basis,5.8514
Learned,Learned Basis,6.5543976
Learned,Learned Basis,6.529049
Learned,Learned Basis,5.9966145
Learned,Learned Basis,4.6054716
Learned,Learned Basis,7.01339
Learned,Learned Basis,6.776705
Learned,Learned Basis,5.690706
Learned,Learned Basis,6.7543387
Learned,Learned Basis,6.027914
Learned,Learned Basis,5.934309
Learned,Learned Basis,6.537325
Learned,Learned Basis,5.53029
Learned,Learned Basis,5.7986064
Learned,Learned Basis,4.5268397
Learned,Learned Basis,6.3850408
Learned,Learned Basis,4.9225135
Learned,Learned Basis,4.71728
Learned,Learned Basis,5.60292
Learned,Learned Basis,5.631614
Learned,Learned Basis,5.8543177
Learned,Learned Basis,3.983425
Learned,Learned Basis,6.635999
Learned,Learned Basis,5.259513
Learned,Learned Basis,5.815281
Learned,Learned Basis,5.633757
Learned,Learned Basis,5.841813
Learned,Learned Basis,5.1024795
Learned,Learned Basis,6.6395574
Learned,Learned Basis,6.8141193
Learned,Learned Basis,3.9320662
Learned,Learned Basis,5.5354686
Learned,Learned Basis,5.9547167
Learned,Learned Basis,5.8414755
Learned,Learned Basis,4.609672
Learned,Learned Basis,5.8466663
Learned,Learned Basis,5.637411
Learned,Learned Basis,6.8173256
Learned,Learned Basis,5.7961483
Learned,Learned Basis,6.1830883
Learned,Learned Basis,6.2938333
Learned,Learned Basis,7.045413
Learned,Learned Basis,5.446219
Learned,Learned Basis,6.0041685
Learned,Learned Basis,5.337438
Learned,Learned Basis,5.465073
Learned,Learned Basis,4.211866
Learned,Learned Basis,5.618076
Learned,Learned Basis,6.427041
Learned,Learned Basis,4.7456636
Learned,Learned Basis,5.8543878
Learned,Learned Basis,6.034395
Learned,Learned Basis,6.011846
Learned,Learned Basis,5.833547
Learned,Learned Basis,5.4141645
Learned,Learned Basis,8.521221
Learned,Learned Basis,5.752679
Learned,Learned Basis,6.16538
Learned,Learned Basis,4.7206264
Learned,Learned Basis,6.084283
Learned,Learned Basis,5.918084
Learned,Learned Basis,5.5547714
Learned,Learned Basis,6.4300485
Learned,Learned Basis,4.813542
Learned,Learned Basis,5.2794166
Learned,Learned Basis,4.6996202
Learned,Learned Basis,5.166417
Learned,Learned Basis,5.1856923
Learned,Learned Basis,5.3435993
Learned,Learned Basis,4.657907
Learned,Learned Basis,5.872161
Learned,Learned Basis,5.3638983
Learned,Learned Basis,6.7385416
Learned,Learned Basis,5.5702214
Learned,Learned Basis,4.7043653
Learned,Learned Basis,4.98795
Learned,Learned Basis,4.842347
Learned,Learned Basis,6.8079133
Learned,Learned Basis,5.3557386
Learned,Learned Basis,5.5280104
Learned,Learned Basis,5.523019
Learned,Learned Basis,5.7495804
Learned,Learned Basis,4.541002
Learned,Learned Basis,5.770055
Learned,Learned Basis,4.55105
Learned,Learned Basis,5.781629
Learned,Learned Basis,6.202598
Learned,Learned Basis,4.15783
Learned,Learned Basis,5.3700757
Learned,Learned Basis,6.2917957
Learned,Learned Basis,5.216153
Learned,Learned Basis,5.653643
Learned,Learned Basis,5.7264285
Learned,Learned Basis,5.5085654
Learned,Learned Basis,6.992541
Learned,Learned Basis,5.993573
Learned,Learned Basis,5.0037193
Learned,Learned Basis,6.100393
Learned,Learned Basis,5.3281355
Learned,Learned Basis,6.857212
Learned,Learned Basis,4.9757338
Learned,Learned Basis,6.2997622
Learned,Learned Basis,6.654192
Learned,Learned Basis,5.773555
Learned,Learned Basis,5.8003683
Learned,Learned Basis,8.884296
Learned,Learned Basis,6.8474636
Learned,Learned Basis,5.845347
Learned,Learned Basis,5.999344
Learned,Learned Basis,5.772476
Learned,Learned Basis,5.0599627
Learned,Learned Basis,5.226939
Learned,Learned Basis,6.3769536
Learned,Learned Basis,5.273545
Learned,Learned Basis,6.3771944
Learned,Learned Basis,5.0846977
Learned,Learned Basis,4.533933
Learned,Learned Basis,5.582638
Learned,Learned Basis,5.9169683
Learned,Learned Basis,5.9415393
Learned,Learned Basis,6.973818
Learned,Learned Basis,6.189352
Learned,Learned Basis,5.5291824
Learned,Learned Basis,7.237384
Learned,Learned Basis,5.6015797
Learned,Learned Basis,4.8028164
Learned,Learned Basis,6.0857344
Learned,Learned Basis,5.3225517
Learned,Learned Basis,6.080702
Learned,Learned Basis,5.478354
Learned,Learned Basis,5.452194
Learned,Learned Basis,7.885023
Learned,Learned Basis,6.119854
Learned,Learned Basis,6.0090456
Learned,Learned Basis,4.6526737
Learned,Learned Basis,4.63091
Learned,Learned Basis,5.6997404
Learned,Learned Basis,5.703044
Learned,Learned Basis,6.283761
Learned,Learned Basis,4.7864523
Learned,Learned Basis,4.8405604
Learned,Learned Basis,5.056085
Learned,Learned Basis,4.212758
Learned,Learned Basis,7.399735
Learned,Learned Basis,5.3776736
Learned,Learned Basis,5.1769423
Learned,Learned Basis,5.0357156
Learned,Learned Basis,4.287438
Learned,Learned Basis,7.627638
Learned,Learned Basis,4.654267
Learned,Learned Basis,4.8884106
Learned,Learned Basis,7.237995
Learned,Learned Basis,5.7223597
Learned,Learned Basis,5.29475
Learned,Learned Basis,7.718684
Learned,Learned Basis,5.351687
Learned,Learned Basis,5.074253
Learned,Learned Basis,5.2099476
Learned,Learned Basis,6.168781
Learned,Learned Basis,4.417962
Learned,Learned Basis,5.51637
Learned,Learned Basis,4.8657804
Learned,Learned Basis,6.114419
Learned,Learned Basis,5.6065817
Learned,Learned Basis,4.791232
Learned,Learned Basis,6.076079
Learned,Learned Basis,6.07809
Learned,Learned Basis,4.2035837
Learned,Learned Basis,5.85861
Learned,Learned Basis,6.895993
Learned,Learned Basis,6.490905
Learned,Learned Basis,4.9682226
Learned,Learned Basis,5.8376856
Learned,Learned Basis,5.9120994
Learned,Learned Basis,6.192326
Learned,Learned Basis,6.5982533
Learned,Learned Basis,6.0624943
Learned,Learned Basis,6.0193224
Learned,Learned Basis,8.044406
Learned,Learned Basis,5.5319433
Learned,Learned Basis,4.582669
Learned,Learned Basis,4.956726
Learned,Learned Basis,5.0714087
Learned,Learned Basis,6.285613
Learned,Learned Basis,6.0496807
Learned,Learned Basis,5.056215
Learned,Learned Basis,5.536048
Learned,Learned Basis,5.5032134
Learned,Learned Basis,5.1631727
Learned,Learned Basis,8.141123
Learned,Learned Basis,5.179987
Learned,Learned Basis,4.8333573
Learned,Learned Basis,5.217919
Learned,Learned Basis,5.45171
Learned,Learned Basis,5.729574
Learned,Learned Basis,5.987911
Learned,Learned Basis,5.1802845
Learned,Learned Basis,5.16449
Learned,Learned Basis,5.2140813
Learned,Learned Basis,5.1364546
Learned,Learned Basis,4.5814633
Learned,Learned Basis,5.537345
Learned,Learned Basis,5.2784996
Learned,Learned Basis,4.810881
Learned,Learned Basis,6.259385
Learned,Learned Basis,6.523602
Learned,Learned Basis,5.0894
Learned,Learned Basis,6.2706447
Learned,Learned Basis,5.7298365
Learned,Learned Basis,5.6335645
Learned,Learned Basis,6.903891
Learned,Learned Basis,5.731367
Learned,Learned Basis,5.378192
Learned,Learned Basis,4.769412
Learned,Learned Basis,4.7116785
Learned,Learned Basis,5.1173215
Learned,Learned Basis,4.838328
Learned,Learned Basis,5.0105233
Learned,Learned Basis,6.378491
Learned,Learned Basis,5.3992233
Learned,Learned Basis,6.1900024
Learned,Learned Basis,7.0853434
Learned,Learned Basis,5.4072847
Learned,Learned Basis,5.040098
Learned,Learned Basis,4.3718224
Learned,Learned Basis,5.6047583
Learned,Learned Basis,6.2266855
Learned,Learned Basis,5.865237
Learned,Learned Basis,6.567001
Learned,Learned Basis,5.425699
Learned,Learned Basis,6.6324425
Learned,Learned Basis,4.999289
Learned,Learned Basis,5.6674
Learned,Learned Basis,6.3630867
Learned,Learned Basis,6.313265
Learned,Learned Basis,6.6304536
Learned,Learned Basis,6.5244246
Learned,Learned Basis,6.0570984
Learned,Learned Basis,4.688955
Learned,Learned Basis,5.5523453
Learned,Learned Basis,5.5467744
Learned,Learned Basis,6.3549037
Learned,Learned Basis,8.211519
Learned,Learned Basis,4.6463065
Learned,Learned Basis,5.3769846
Learned,Learned Basis,4.3147144
Learned,Learned Basis,6.345581
Learned,Learned Basis,4.524427
Learned,Learned Basis,6.027068
Learned,Learned Basis,4.3749084
Learned,Learned Basis,5.939264
Learned,Learned Basis,4.0256677
Learned,Learned Basis,6.4074383
Learned,Learned Basis,4.8299227
Learned,Learned Basis,4.0391684
Learned,Learned Basis,6.1123857
Learned,Learned Basis,5.560222
Learned,Learned Basis,4.537879
Learned,Learned Basis,4.3779655
Learned,Learned Basis,4.6182923
Learned,Learned Basis,5.933037
Learned,Learned Basis,5.964132
Learned,Learned Basis,5.509141
Learned,Learned Basis,4.691819
Learned,Learned Basis,6.0336294
Learned,Learned Basis,5.2059054
Learned,Learned Basis,4.55587
Learned,Learned Basis,6.7630405
Learned,Learned Basis,4.93305
Learned,Learned Basis,4.2006583
Learned,Learned Basis,4.929022
Learned,Learned Basis,5.7647057
Learned,Learned Basis,4.7135477
Learned,Learned Basis,5.628949
Learned,Learned Basis,6.6110783
Learned,Learned Basis,5.848325
Learned,Learned Basis,4.222139
Learned,Learned Basis,4.8704267
Learned,Learned Basis,5.2472305
Learned,Learned Basis,6.16148
Learned,Learned Basis,5.2756567
Learned,Learned Basis,6.4672666
Learned,Learned Basis,6.588908
Learned,Learned Basis,4.473569
Learned,Learned Basis,6.3705964
Learned,Learned Basis,5.5625367
Learned,Learned Basis,4.2855554
Learned,Learned Basis,7.0465612
Learned,Learned Basis,6.4877534
Learned,Learned Basis,4.414257
Learned,Learned Basis,5.214463
Learned,Learned Basis,6.9751935
Learned,Learned Basis,5.6009226
Learned,Learned Basis,6.661339
Learned,Learned Basis,6.1396637
Learned,Learned Basis,5.469239
Learned,Learned Basis,5.166664
Learned,Learned Basis,4.2389493
Learned,Learned Basis,5.545067
Learned,Learned Basis,5.796427
Learned,Learned Basis,5.4243083
Learned,Learned Basis,4.7384067
Learned,Learned Basis,4.675457
Learned,Learned Basis,7.543449
Learned,Learned Basis,3.784174
Learned,Learned Basis,5.1388264
Learned,Learned Basis,4.784838
Learned,Learned Basis,5.7009706
Learned,Learned Basis,4.861713
Learned,Learned Basis,5.726332
Learned,Learned Basis,6.502114
Learned,Learned Basis,5.5866194
Learned,Learned Basis,6.554821
Learned,Learned Basis,5.1180787
Learned,Learned Basis,6.898328
Learned,Learned Basis,5.301352
Learned,Learned Basis,7.001339
Learned,Learned Basis,4.886077
Learned,Learned Basis,4.9012785
Learned,Learned Basis,5.1514044
Learned,Learned Basis,4.3243446
Learned,Learned Basis,5.007391
Learned,Learned Basis,5.423892
Learned,Learned Basis,4.392698
Learned,Learned Basis,6.223832
Learned,Learned Basis,6.7304254
Learned,Learned Basis,5.831705
Learned,Learned Basis,4.4648786
Learned,Learned Basis,6.9263124
Learned,Learned Basis,4.858933
Learned,Learned Basis,5.8072796
Learned,Learned Basis,5.4378915
Learned,Learned Basis,5.3424954
Learned,Learned Basis,4.3255267
Learned,Learned Basis,5.628433
Learned,Learned Basis,6.0404415
Learned,Learned Basis,5.242665
Learned,Learned Basis,5.375086
Learned,Learned Basis,5.8902264
Learned,Learned Basis,5.381439
Learned,Learned Basis,6.4445887
Learned,Learned Basis,5.041546
Learned,Learned Basis,5.5309367
Learned,Learned Basis,4.9418416
Learned,Learned Basis,6.6625576
Learned,Learned Basis,5.2390947
Learned,Learned Basis,6.4752173
Learned,Learned Basis,3.7341924
Learned,Learned Basis,5.26554
Learned,Learned Basis,5.414939
Learned,Learned Basis,7.901574
Learned,Learned Basis,5.2817826
Learned,Learned Basis,5.447092
Learned,Learned Basis,5.444071
Learned,Learned Basis,6.913715
Learned,Learned Basis,6.35153
Learned,Learned Basis,4.923499
Learned,Learned Basis,7.790429
Learned,Learned Basis,4.3731127
Learned,Learned Basis,5.0961967
Learned,Learned Basis,4.5787253
Learned,Learned Basis,6.0768776
Learned,Learned Basis,5.0986986
Learned,Learned Basis,6.106697
Learned,Learned Basis,5.2182813
Learned,Learned Basis,6.161414
Learned,Learned Basis,7.485368
Learned,Learned Basis,5.8498287
Learned,Learned Basis,5.2175465
Learned,Learned Basis,5.5160193
Learned,Learned Basis,6.8754015
Learned,Learned Basis,4.768779
Learned,Learned Basis,3.8092961
Learned,Learned Basis,4.1694922
Learned,Learned Basis,5.08606
Learned,Learned Basis,5.040901
Learned,Learned Basis,5.590638
Learned,Learned Basis,5.5955787
Learned,Learned Basis,5.279745
Learned,Learned Basis,5.1135254
Learned,Learned Basis,6.302292
Learned,Learned Basis,4.410105
Learned,Learned Basis,4.930016
Learned,Learned Basis,6.150428
Learned,Learned Basis,5.895217
Learned,Learned Basis,6.7309856
Learned,Learned Basis,6.6916
Learned,Learned Basis,6.3777723
Learned,Learned Basis,5.252553
Learned,Learned Basis,5.843386
Learned,Learned Basis,5.5750217
Learned,Learned Basis,6.6160126
Learned,Learned Basis,5.579202
Learned,Learned Basis,4.631325
Learned,Learned Basis,5.0055737
Learned,Learned Basis,4.8341804
Learned,Learned Basis,5.4321218
Learned,Learned Basis,7.674268
Learned,Learned Basis,6.322102
Learned,Learned Basis,5.612731
Learned,Learned Basis,4.488616
Learned,Learned Basis,6.0190296
Learned,Learned Basis,6.5675154
Learned,Learned Basis,5.2163057
Learned,Learned Basis,5.477619
Learned,Learned Basis,5.7478786
Learned,Learned Basis,5.5286193
Learned,Learned Basis,6.1314683
Learned,Learned Basis,4.858637
Learned,Learned Basis,5.990595
Learned,Learned Basis,4.6631804
Learned,Learned Basis,6.246396
Learned,Learned Basis,4.4022045
Learned,Learned Basis,5.5328426
Learned,Learned Basis,4.7079716
Learned,Learned Basis,6.093027
Learned,Learned Basis,4.9139314
Learned,Learned Basis,5.230145
Learned,Learned Basis,5.2643194
Learned,Learned Basis,5.3776865
Learned,Learned Basis,5.75576
Learned,Learned Basis,5.2091103
Learned,Learned Basis,5.813804
Learned,Learned Basis,5.460425
Learned,Learned Basis,7.2790604
Learned,Learned Basis,6.431981
Learned,Learned Basis,7.2163877
Learned,Learned Basis,5.4365916
Learned,Learned Basis,5.7754827
Learned,Learned Basis,5.6002493
Learned,Learned Basis,6.203451
Learned,Learned Basis,5.13215
Learned,Learned Basis,6.054023
Learned,Learned Basis,6.0276375
Learned,Learned Basis,5.0078487
Learned,Learned Basis,5.168153
Learned,Learned Basis,5.456815
Learned,Learned Basis,6.0374146
Learned,Learned Basis,4.1209693
Learned,Learned Basis,5.0367975
Learned,Learned Basis,6.237054
Learned,Learned Basis,5.9031253
Learned,Learned Basis,6.192507
Learned,Learned Basis,5.962516
Learned,Learned Basis,7.1525483
Learned,Learned Basis,6.5697474
Learned,Learned Basis,5.3461914
Learned,Learned Basis,6.5138397
Learned,Learned Basis,5.4890594
Learned,Learned Basis,5.773876
Learned,Learned Basis,6.0338216
Learned,Learned Basis,5.725502
Learned,Learned Basis,4.961895
Learned,Learned Basis,5.9389896
Learned,Learned Basis,4.870282
Learned,Learned Basis,5.3214254
Learned,Learned Basis,5.6717753
Learned,Learned Basis,4.2027645
Learned,Learned Basis,5.3816104
Learned,Learned Basis,4.553916
Learned,Learned Basis,6.871124
Learned,Learned Basis,6.1032867
Learned,Learned Basis,4.857909
Learned,Learned Basis,5.7496285
Learned,Learned Basis,7.211581
Learned,Learned Basis,4.9566035
Learned,Learned Basis,5.449965
Learned,Learned Basis,5.5692844
Learned,Learned Basis,5.5665755
Learned,Learned Basis,4.045736
Learned,Learned Basis,5.267331
Learned,Learned Basis,4.239715
Learned,Learned Basis,5.172045
Learned,Learned Basis,5.4481096
Learned,Learned Basis,6.4816566
Learned,Learned Basis,5.3417225
Learned,Learned Basis,5.4992633
Learned,Learned Basis,5.7786393
Learned,Learned Basis,5.4946747
Learned,Learned Basis,7.6004343
Learned,Learned Basis,4.8840733
Learned,Learned Basis,5.1404533
Learned,Learned Basis,5.1646132
Learned,Learned Basis,6.2537756
Learned,Learned Basis,6.293729
Learned,Learned Basis,6.9144325
Learned,Learned Basis,6.7326107
Learned,Learned Basis,6.10595
Learned,Learned Basis,6.512077
Learned,Learned Basis,5.2143984
Learned,Learned Basis,4.333314
Learned,Learned Basis,5.233137
Learned,Learned Basis,5.416316
Learned,Learned Basis,5.7471104
Learned,Learned Basis,6.794379
Learned,Learned Basis,5.8521886
Learned,Learned Basis,5.702529
Learned,Learned Basis,6.2896495
Learned,Learned Basis,5.9570255
Learned,Learned Basis,4.865813
Learned,Learned Basis,6.326609
Learned,Learned Basis,4.9363475
Learned,Learned Basis,5.8831663
Learned,Learned Basis,5.230448
Learned,Learned Basis,5.9473634
Learned,Learned Basis,5.2942743
Learned,Learned Basis,5.0301847
Learned,Learned Basis,7.0822935
Learned,Learned Basis,6.3480816
Learned,Learned Basis,5.983143
Learned,Learned Basis,6.57865
Learned,Learned Basis,4.5653253
Learned,Learned Basis,5.2790117
Learned,Learned Basis,4.2473555
Learned,Learned Basis,5.1872816
Learned,Learned Basis,5.850003
Learned,Learned Basis,5.3648252
Learned,Learned Basis,4.617047
Learned,Learned Basis,4.499039
Learned,Learned Basis,6.5463963
Learned,Learned Basis,6.231212
Learned,Learned Basis,4.4778037
Learned,Learned Basis,6.2739873
Learned,Learned Basis,4.211197
Learned,Learned Basis,6.0389233
Learned,Learned Basis,5.5034933
Learned,Learned Basis,6.85924
Learned,Learned Basis,4.7240596
Learned,Learned Basis,7.3448267
Learned,Learned Basis,6.181431
Learned,Learned Basis,5.0422897
Learned,Learned Basis,6.4846416
Learned,Learned Basis,4.7898235
Learned,Learned Basis,5.4895234
Learned,Learned Basis,5.586967
Learned,Learned Basis,5.218709
Learned,Learned Basis,6.2118807
Learned,Learned Basis,5.1982093
Learned,Learned Basis,5.3929877
Learned,Learned Basis,5.4996614
Learned,Learned Basis,5.4001565
Learned,Learned Basis,5.7271185
Learned,Learned Basis,5.493988
Learned,Learned Basis,6.4036283
Learned,Learned Basis,7.084526
Learned,Learned Basis,4.666597
Learned,Learned Basis,6.028552
Learned,Learned Basis,5.915618
Learned,Learned Basis,5.1793027
Learned,Learned Basis,5.944642
Learned,Learned Basis,5.755282
Learned,Learned Basis,5.8990307
Learned,Learned Basis,4.8122807
Learned,Learned Basis,4.828964
Learned,Learned Basis,5.4705715
Learned,Learned Basis,4.8830824
Learned,Learned Basis,5.0159645
Learned,Learned Basis,3.947849
Learned,Learned Basis,5.602621
Learned,Learned Basis,5.179576
Learned,Learned Basis,5.9635973
Learned,Learned Basis,6.2640944
Learned,Learned Basis,6.04649
Learned,Learned Basis,5.678444
Learned,Learned Basis,4.7032757
Learned,Learned Basis,5.48452
Learned,Learned Basis,5.997214
Learned,Learned Basis,6.7464476
Learned,Learned Basis,6.32523
Learned,Learned Basis,6.323634
Learned,Learned Basis,6.7846184
Learned,Learned Basis,4.9142246
Learned,Learned Basis,6.3726807
Learned,Learned Basis,4.879579
Learned,Learned Basis,4.8313828
Learned,Learned Basis,4.404191
Learned,Learned Basis,5.145655
Learned,Learned Basis,4.752661
Learned,Learned Basis,5.4452906
Learned,Learned Basis,5.2288384
Learned,Learned Basis,5.3857346
Learned,Learned Basis,6.6120763
Learned,Learned Basis,5.854564
Learned,Learned Basis,5.3901
Learned,Learned Basis,5.582915
Learned,Learned Basis,4.8860445
Learned,Learned Basis,6.4738903
Learned,Learned Basis,6.025098
Learned,Learned Basis,4.4276614
Learned,Learned Basis,5.163213
Learned,Learned Basis,6.504485
Learned,Learned Basis,4.7241764
Learned,Learned Basis,5.6109023
Learned,Learned Basis,6.0394306
Learned,Learned Basis,5.9145403
Learned,Learned Basis,4.9660234
Learned,Learned Basis,6.761033
Learned,Learned Basis,6.6693554
Learned,Learned Basis,6.331753
Learned,Learned Basis,5.5342054
Learned,Learned Basis,5.23941
Learned,Learned Basis,5.6782646
Learned,Learned Basis,6.3051186
Learned,Learned Basis,4.8698096
Learned,Learned Basis,5.938742
Learned,Learned Basis,4.165271
Learned,Learned Basis,6.0552864
Learned,Learned Basis,5.201774
OFDM,Classical OFDM,5.7667313
OFDM,Classical OFDM,6.5678997
OFDM,Classical OFDM,6.0976334
OFDM,Classical OFDM,7.3236456
OFDM,Classical OFDM,6.1815333
OFDM,Classical OFDM,6.8345404
OFDM,Classical OFDM,6.662783
OFDM,Classical OFDM,7.626609
OFDM,Classical OFDM,7.3995786
OFDM,Classical OFDM,7.5034637
OFDM,Classical OFDM,5.7595725
OFDM,Classical OFDM,7.69064
OFDM,Classical OFDM,4.9214387
OFDM,Classical OFDM,7.456394
OFDM,Classical OFDM,6.392392
OFDM,Classical OFDM,6.9983015
OFDM,Classical OFDM,6.1884766
OFDM,Classical OFDM,5.5363064
OFDM,Classical OFDM,6.8578854
OFDM,Classical OFDM,7.205425
OFDM,Classical OFDM,5.940175
OFDM,Classical OFDM,6.263509
OFDM,Classical OFDM,5.9549675
OFDM,Classical OFDM,5.5957823
OFDM,Classical OFDM,7.2550173
OFDM,Classical OFDM,6.953957
OFDM,Classical OFDM,9.651751
OFDM,Classical OFDM,7.447965
OFDM,Classical OFDM,6.4461493
OFDM,Classical OFDM,5.061739
OFDM,Classical OFDM,7.4344835
OFDM,Classical OFDM,7.7874417
OFDM,Classical OFDM,7.266731
OFDM,Classical OFDM,7.316665
OFDM,Classical OFDM,6.1611276
OFDM,Classical OFDM,4.623983
OFDM,Classical OFDM,6.243829
OFDM,Classical OFDM,7.9826875
OFDM,Classical OFDM,6.480851
OFDM,Classical OFDM,6.5003815
OFDM,Classical OFDM,6.1142693
OFDM,Classical OFDM,6.4835067
OFDM,Classical OFDM,6.7164273
OFDM,Classical OFDM,8.013251
OFDM,Classical OFDM,6.0287995
OFDM,Classical OFDM,6.466647
OFDM,Classical OFDM,6.045347
OFDM,Classical OFDM,6.8024282
OFDM,Classical OFDM,6.626878
OFDM,Classical OFDM,6.733986
OFDM,Classical OFDM,4.6882095
OFDM,Classical OFDM,6.838348
OFDM,Classical OFDM,6.6024218
OFDM,Classical OFDM,9.234082
OFDM,Classical OFDM,5.162199
OFDM,Classical OFDM,5.6571846
OFDM,Classical OFDM,5.6419683
OFDM,Classical OFDM,6.1026244
OFDM,Classical OFDM,7.2424984
OFDM,Classical OFDM,10.377479
OFDM,Classical OFDM,7.5037913
OFDM,Classical OFDM,5.8284187
OFDM,Classical OFDM,5.7829194
OFDM,Classical OFDM,7.572588
OFDM,Classical OFDM,5.238189
OFDM,Classical OFDM,7.0776596
OFDM,Classical OFDM,7.2169476
OFDM,Classical OFDM,6.9095955
OFDM,Classical OFDM,5.4374547
OFDM,Classical OFDM,5.006119
OFDM,Classical OFDM,5.9133615
OFDM,Classical OFDM,5.7934284
OFDM,Classical OFDM,6.173422
OFDM,Classical OFDM,8.136555
OFDM,Classical OFDM,5.1163197
OFDM,Classical OFDM,6.7899427
OFDM,Classical OFDM,6.611032
OFDM,Classical OFDM,7.186913
OFDM,Classical OFDM,7.252002
OFDM,Classical OFDM,5.5772076
OFDM,Classical OFDM,6.9004583
OFDM,Classical OFDM,7.174745
OFDM,Classical OFDM,6.9328456
OFDM,Classical OFDM,6.2708826
OFDM,Classical OFDM,5.2352934
OFDM,Classical OFDM,5.416604
OFDM,Classical OFDM,5.5387278
OFDM,Classical OFDM,7.4066377
OFDM,Classical OFDM,7.0793
OFDM,Classical OFDM,5.819803
OFDM,Classical OFDM,6.2631984
OFDM,Classical OFDM,7.257993
OFDM,Classical OFDM,4.9532013
OFDM,Classical OFDM,8.023745
OFDM,Classical OFDM,7.3950405
OFDM,Classical OFDM,6.9897056
OFDM,Classical OFDM,6.4733386
OFDM,Classical OFDM,5.6256104
OFDM,Classical OFDM,6.139834
OFDM,Classical OFDM,6.11537
OFDM,Classical OFDM,8.3229265
OFDM,Classical OFDM,7.172407
OFDM,Classical OFDM,5.343332
OFDM,Classical OFDM,8.172256
OFDM,Classical OFDM,6.181118
OFDM,Classical OFDM,7.4237585
OFDM,Classical OFDM,6.8920107
OFDM,Classical OFDM,6.9896417
OFDM,Classical OFDM,6.560685
OFDM,Classical OFDM,5.661377
OFDM,Classical OFDM,6.272945
OFDM,Classical OFDM,6.008952
OFDM,Classical OFDM,6.605488
OFDM,Classical OFDM,6.8204765
OFDM,Classical OFDM,6.341396
OFDM,Classical OFDM,7.249787
OFDM,Classical OFDM,5.7917094
OFDM,Classical OFDM,7.3780656
OFDM,Classical OFDM,6.091586
OFDM,Classical OFDM,6.7380667
OFDM,Classical OFDM,9.564783
OFDM,Classical OFDM,8.823116
OFDM,Classical OFDM,6.8632345
OFDM,Classical OFDM,6.7146397
OFDM,Classical OFDM,8.092179
OFDM,Classical OFDM,5.316538
OFDM,Classical OFDM,5.717542
OFDM,Classical OFDM,6.741214
OFDM,Classical OFDM,6.774686
OFDM,Classical OFDM,5.557494
OFDM,Classical OFDM,7.3825703
OFDM,Classical OFDM,6.8895035
OFDM,Classical OFDM,7.67816
OFDM,Classical OFDM,7.1365476
OFDM,Classical OFDM,6.1015406
OFDM,Classical OFDM,7.561084
OFDM,Classical OFDM,6.6607256
OFDM,Classical OFDM,8.123873
OFDM,Classical OFDM,5.1931143
OFDM,Classical OFDM,5.8898983
OFDM,Classical OFDM,6.8978367
OFDM,Classical OFDM,5.8240933
OFDM,Classical OFDM,6.401677
OFDM,Classical OFDM,6.357865
OFDM,Classical OFDM,7.375966
OFDM,Classical OFDM,7.258422
OFDM,Classical OFDM,8.329893
OFDM,Classical OFDM,7.872119
OFDM,Classical OFDM,7.8003225
OFDM,Classical OFDM,7.056165
OFDM,Classical OFDM,5.471008
OFDM,Classical OFDM,5.0203485
OFDM,Classical OFDM,7.8854456
OFDM,Classical OFDM,6.578678
OFDM,Classical OFDM,7.141497
OFDM,Classical OFDM,6.4609985
OFDM,Classical OFDM,6.0839596
OFDM,Classical OFDM,7.2749033
OFDM,Classical OFDM,6.7123322
OFDM,Classical OFDM,6.1763806
OFDM,Classical OFDM,6.517982
OFDM,Classical OFDM,7.220595
OFDM,Classical OFDM,5.663578
OFDM,Classical OFDM,6.2708855
OFDM,Classical OFDM,8.438932
OFDM,Classical OFDM,5.6714287
OFDM,Classical OFDM,5.81225
OFDM,Classical OFDM,6.6086044
OFDM,Classical OFDM,7.2118545
OFDM,Classical OFDM,5.8557615
OFDM,Classical OFDM,5.871912
OFDM,Classical OFDM,8.779222
OFDM,Classical OFDM,6.6245155
OFDM,Classical OFDM,6.533761
OFDM,Classical OFDM,5.9559965
OFDM,Classical OFDM,7.8187504
OFDM,Classical OFDM,6.6895475
OFDM,Classical OFDM,6.173525
OFDM,Classical OFDM,5.039934
OFDM,Classical OFDM,7.1252294
OFDM,Classical OFDM,5.845762
OFDM,Classical OFDM,5.5274987
OFDM,Classical OFDM,6.304572
OFDM,Classical OFDM,6.6034217
OFDM,Classical OFDM,7.369673
OFDM,Classical OFDM,7.150061
OFDM,Classical OFDM,5.452266
OFDM,Classical OFDM,6.2677865
OFDM,Classical OFDM,7.853837
OFDM,Classical OFDM,6.896026
OFDM,Classical OFDM,8.734774
OFDM,Classical OFDM,5.7752485
OFDM,Classical OFDM,5.726047
OFDM,Classical OFDM,7.521883
OFDM,Classical OFDM,5.8398685
OFDM,Classical OFDM,6.9129615
OFDM,Classical OFDM,6.0319214
OFDM,Classical OFDM,5.3031063
OFDM,Classical OFDM,7.0888925
OFDM,Classical OFDM,6.578225
OFDM,Classical OFDM,7.6044292
OFDM,Classical OFDM,6.8196974
OFDM,Classical OFDM,8.088348
OFDM,Classical OFDM,4.617184
OFDM,Classical OFDM,6.4515834
OFDM,Classical OFDM,7.3462625
OFDM,Classical OFDM,5.572557
OFDM,Classical OFDM,7.1858735
OFDM,Classical OFDM,6.2751255
OFDM,Classical OFDM,7.366392
OFDM,Classical OFDM,6.512694
OFDM,Classical OFDM,7.909537
OFDM,Classical OFDM,7.2475266
OFDM,Classical OFDM,5.336017
OFDM,Classical OFDM,5.510359
OFDM,Classical OFDM,8.433066
OFDM,Classical OFDM,8.467449
OFDM,Classical OFDM,8.857437
OFDM,Classical OFDM,7.2494564
OFDM,Classical OFDM,7.1668673
OFDM,Classical OFDM,6.286127
OFDM,Classical OFDM,6.9736156
OFDM,Classical OFDM,6.005943
OFDM,Classical OFDM,5.646643
OFDM,Classical OFDM,6.589362
OFDM,Classical OFDM,7.5678177
OFDM,Classical OFDM,5.729056
OFDM,Classical OFDM,7.711105
OFDM,Classical OFDM,7.812154
OFDM,Classical OFDM,5.527421
OFDM,Classical OFDM,5.501958
OFDM,Classical OFDM,7.818897
OFDM,Classical OFDM,5.6094837
OFDM,Classical OFDM,7.0468063
OFDM,Classical OFDM,5.843324
OFDM,Classical OFDM,6.765855
OFDM,Classical OFDM,6.8029766
OFDM,Classical OFDM,5.3081603
OFDM,Classical OFDM,4.7356052
OFDM,Classical OFDM,5.779231
OFDM,Classical OFDM,5.6789536
OFDM,Classical OFDM,5.26297
OFDM,Classical OFDM,6.070651
OFDM,Classical OFDM,5.9152184
OFDM,Classical OFDM,5.5445423
OFDM,Classical OFDM,8.2001705
OFDM,Classical OFDM,8.467577
OFDM,Classical OFDM,6.9873424
OFDM,Classical OFDM,5.152042
OFDM,Classical OFDM,7.1952114
OFDM,Classical OFDM,6.7732344
OFDM,Classical OFDM,7.685662
OFDM,Classical OFDM,5.3685575
OFDM,Classical OFDM,7.3686314
OFDM,Classical OFDM,5.4461784
OFDM,Classical OFDM,8.187781
OFDM,Classical OFDM,6.363024
OFDM,Classical OFDM,6.63269
OFDM,Classical OFDM,5.625907
OFDM,Classical OFDM,6.9947042
OFDM,Classical OFDM,7.2009935
OFDM,Classical OFDM,6.54849
OFDM,Classical OFDM,8.379067
OFDM,Classical OFDM,6.4281363
OFDM,Classical OFDM,7.504215
OFDM,Classical OFDM,5.0374417
OFDM,Classical OFDM,5.7854457
OFDM,Classical OFDM,5.498823
OFDM,Classical OFDM,5.025035
OFDM,Classical OFDM,7.7110004
OFDM,Classical OFDM,6.7776895
OFDM,Classical OFDM,6.5669613
OFDM,Classical OFDM,5.9788456
OFDM,Classical OFDM,6.3098836
OFDM,Classical OFDM,6.4494133
OFDM,Classical OFDM,6.8849635
OFDM,Classical OFDM,6.728237
OFDM,Classical OFDM,7.820391
OFDM,Classical OFDM,5.524668
OFDM,Classical OFDM,6.341171
OFDM,Classical OFDM,6.017055
OFDM,Classical OFDM,8.366622
OFDM,Classical OFDM,6.7627583
OFDM,Classical OFDM,6.611461
OFDM,Classical OFDM,8.226398
OFDM,Classical OFDM,5.9041476
OFDM,Classical OFDM,6.5022726
OFDM,Classical OFDM,6.753689
OFDM,Classical OFDM,8.988863
OFDM,Classical OFDM,6.292445
OFDM,Classical OFDM,7.680521
OFDM,Classical OFDM,9.340859
OFDM,Classical OFDM,6.438779
OFDM,Classical OFDM,4.757017
OFDM,Classical OFDM,6.3823867
OFDM,Classical OFDM,8.015697
OFDM,Classical OFDM,6.9084063
OFDM,Classical OFDM,5.4630194
OFDM,Classical OFDM,7.992553
OFDM,Classical OFDM,5.970152
OFDM,Classical OFDM,6.712895
OFDM,Classical OFDM,6.422853
OFDM,Classical OFDM,8.002904
OFDM,Classical OFDM,7.0923643
OFDM,Classical OFDM,6.793058
OFDM,Classical OFDM,6.295665
OFDM,Classical OFDM,5.8857517
OFDM,Classical OFDM,7.3253965
OFDM,Classical OFDM,5.794529
OFDM,Classical OFDM,6.5036097
OFDM,Classical OFDM,6.5621705
OFDM,Classical OFDM,8.3511
OFDM,Classical OFDM,5.3188987
OFDM,Classical OFDM,6.8895173
OFDM,Classical OFDM,6.0583324
OFDM,Classical OFDM,5.187199
OFDM,Classical OFDM,5.856693
OFDM,Classical OFDM,5.993793
OFDM,Classical OFDM,8.323547
OFDM,Classical OFDM,6.813732
OFDM,Classical OFDM,6.6128254
OFDM,Classical OFDM,6.4766574
OFDM,Classical OFDM,7.315572
OFDM,Classical OFDM,6.709461
OFDM,Classical OFDM,7.068346
OFDM,Classical OFDM,8.96278
OFDM,Classical OFDM,8.176571
OFDM,Classical OFDM,6.4366446
OFDM,Classical OFDM,6.685233
OFDM,Classical OFDM,9.324215
OFDM,Classical OFDM,7.50601
OFDM,Classical OFDM,4.9490104
OFDM,Classical OFDM,6.0998793
OFDM,Classical OFDM,7.9976625
OFDM,Classical OFDM,6.206705
OFDM,Classical OFDM,5.397983
OFDM,Classical OFDM,7.0989747
OFDM,Classical OFDM,6.1717205
OFDM,Classical OFDM,7.640567
OFDM,Classical OFDM,5.2682047
OFDM,Classical OFDM,6.1872716
OFDM,Classical OFDM,6.491811
OFDM,Classical OFDM,6.170657
OFDM,Classical OFDM,7.2690516
OFDM,Classical OFDM,8.143996
OFDM,Classical OFDM,4.9837837
OFDM,Classical OFDM,7.998216
OFDM,Classical OFDM,6.0718718
OFDM,Classical OFDM,7.365426
OFDM,Classical OFDM,5.852823
OFDM,Classical OFDM,5.616532
OFDM,Classical OFDM,7.37885
OFDM,Classical OFDM,6.8532267
OFDM,Classical OFDM,4.809956
OFDM,Classical OFDM,6.1074095
OFDM,Classical OFDM,6.212868
OFDM,Classical OFDM,8.062574
OFDM,Classical OFDM,7.2359
OFDM,Classical OFDM,6.56756
OFDM,Classical OFDM,5.4961486
OFDM,Classical OFDM,6.90742
OFDM,Classical OFDM,6.7052145
OFDM,Classical OFDM,5.8827043
OFDM,Classical OFDM,6.554129
OFDM,Classical OFDM,7.186103
OFDM,Classical OFDM,6.0392857
OFDM,Classical OFDM,5.5621023
OFDM,Classical OFDM,6.520638
OFDM,Classical OFDM,5.6262856
OFDM,Classical OFDM,6.105116
OFDM,Classical OFDM,7.190033
OFDM,Classical OFDM,6.165428
OFDM,Classical OFDM,6.5087533
OFDM,Classical OFDM,5.48815
OFDM,Classical OFDM,8.444118
OFDM,Classical OFDM,5.693246
OFDM,Classical OFDM,5.7888174
OFDM,Classical OFDM,6.521583
OFDM,Classical OFDM,5.9679203
OFDM,Classical OFDM,5.729642
OFDM,Classical OFDM,6.6159005
OFDM,Classical OFDM,5.6289625
OFDM,Classical OFDM,4.5945807
OFDM,Classical OFDM,7.5935154
OFDM,Classical OFDM,5.046203
OFDM,Classical OFDM,6.245833
OFDM,Classical OFDM,6.6693554
OFDM,Classical OFDM,6.395278
OFDM,Classical OFDM,7.182598
OFDM,Classical OFDM,6.7761827
OFDM,Classical OFDM,5.740074
OFDM,Classical OFDM,8.275323
OFDM,Classical OFDM,4.747194
OFDM,Classical OFDM,5.546623
OFDM,Classical OFDM,6.151346
OFDM,Classical OFDM,4.557094
OFDM,Classical OFDM,6.145402
OFDM,Classical OFDM,8.555966
OFDM,Classical OFDM,8.367664
OFDM,Classical OFDM,7.1170354
OFDM,Classical OFDM,5.8807526
OFDM,Classical OFDM,5.768247
OFDM,Classical OFDM,7.3187833
OFDM,Classical OFDM,8.751622
OFDM,Classical OFDM,7.7285104
OFDM,Classical OFDM,5.628661
OFDM,Classical OFDM,6.4980025
OFDM,Classical OFDM,5.864175
OFDM,Classical OFDM,6.5526056
OFDM,Classical OFDM,7.8001504
OFDM,Classical OFDM,6.705916
OFDM,Classical OFDM,5.4733963
OFDM,Classical OFDM,6.343692
OFDM,Classical OFDM,8.121705
OFDM,Classical OFDM,5.6601195
OFDM,Classical OFDM,6.371634
OFDM,Classical OFDM,6.0911365
OFDM,Classical OFDM,7.631495
OFDM,Classical OFDM,6.0026045
OFDM,Classical OFDM,6.6617446
OFDM,Classical OFDM,6.6846347
OFDM,Classical OFDM,7.1926174
OFDM,Classical OFDM,7.78786
OFDM,Classical OFDM,8.170921
OFDM,Classical OFDM,7.673018
OFDM,Classical OFDM,7.655482
OFDM,Classical OFDM,6.9291644
OFDM,Classical OFDM,5.630785
OFDM,Classical OFDM,5.91048
OFDM,Classical OFDM,7.3000293
OFDM,Classical OFDM,7.6544323
OFDM,Classical OFDM,9.191339
OFDM,Classical OFDM,6.537969
OFDM,Classical OFDM,6.1565514
OFDM,Classical OFDM,7.9741077
OFDM,Classical OFDM,6.4914
OFDM,Classical OFDM,4.8844757
OFDM,Classical OFDM,6.600712
OFDM,Classical OFDM,5.952582
OFDM,Classical OFDM,6.4028053
OFDM,Classical OFDM,7.0523906
OFDM,Classical OFDM,7.033575
OFDM,Classical OFDM,6.536686
OFDM,Classical OFDM,7.1596456
OFDM,Classical OFDM,6.148305
OFDM,Classical OFDM,7.516353
OFDM,Classical OFDM,6.6689205
OFDM,Classical OFDM,6.0628743
OFDM,Classical OFDM,6.563752
OFDM,Classical OFDM,8.5273285
OFDM,Classical OFDM,6.2847967
OFDM,Classical OFDM,7.1823907
OFDM,Classical OFDM,6.522435
OFDM,Classical OFDM,6.136936
OFDM,Classical OFDM,5.7768583
OFDM,Classical OFDM,6.319124
OFDM,Classical OFDM,5.6412954
OFDM,Classical OFDM,6.8692565
OFDM,Classical OFDM,5.9323387
OFDM,Classical OFDM,6.5905423
OFDM,Classical OFDM,5.680978
OFDM,Classical OFDM,6.463568
OFDM,Classical OFDM,8.093631
OFDM,Classical OFDM,7.5317526
OFDM,Classical OFDM,6.1806192
OFDM,Classical OFDM,5.3571124
OFDM,Classical OFDM,5.3695364
OFDM,Classical OFDM,7.214236
OFDM,Classical OFDM,7.0689898
OFDM,Classical OFDM,7.619231
OFDM,Classical OFDM,5.779151
OFDM,Classical OFDM,7.0575523
OFDM,Classical OFDM,5.7084584
OFDM,Classical OFDM,6.0712714
OFDM,Classical OFDM,5.130561
OFDM,Classical OFDM,6.28969
OFDM,Classical OFDM,7.6225524
OFDM,Classical OFDM,4.899797
OFDM,Classical OFDM,6.5455475
OFDM,Classical OFDM,6.913848
OFDM,Classical OFDM,6.341894
OFDM,Classical OFDM,7.3308687
OFDM,Classical OFDM,5.439272
OFDM,Classical OFDM,6.0843964
OFDM,Classical OFDM,7.938767
OFDM,Classical OFDM,4.914866
OFDM,Classical OFDM,8.320919
OFDM,Classical OFDM,6.802512
OFDM,Classical OFDM,5.2288003
OFDM,Classical OFDM,8.766145
OFDM,Classical OFDM,6.137547
OFDM,Classical OFDM,8.248616
OFDM,Classical OFDM,8.167697
OFDM,Classical OFDM,7.482376
OFDM,Classical OFDM,5.740222
OFDM,Classical OFDM,8.265188
OFDM,Classical OFDM,6.329876
OFDM,Classical OFDM,6.9240646
OFDM,Classical OFDM,7.430051
OFDM,Classical OFDM,7.3745956
OFDM,Classical OFDM,5.85486
OFDM,Classical OFDM,7.506158
OFDM,Classical OFDM,6.247841
OFDM,Classical OFDM,7.428669
OFDM,Classical OFDM,5.344811
OFDM,Classical OFDM,7.240496
OFDM,Classical OFDM,8.106776
OFDM,Classical OFDM,7.755387
OFDM,Classical OFDM,6.4451447
OFDM,Classical OFDM,6.585343
OFDM,Classical OFDM,6.40964
OFDM,Classical OFDM,6.645153
OFDM,Classical OFDM,6.4327073
OFDM,Classical OFDM,6.7909966
OFDM,Classical OFDM,6.8804603
OFDM,Classical OFDM,5.5951905
OFDM,Classical OFDM,7.170779
OFDM,Classical OFDM,7.171938
OFDM,Classical OFDM,6.0663853
OFDM,Classical OFDM,7.265336
OFDM,Classical OFDM,7.1288376
OFDM,Classical OFDM,6.981415
OFDM,Classical OFDM,7.3000407
OFDM,Classical OFDM,7.66234
OFDM,Classical OFDM,5.413707
OFDM,Classical OFDM,5.812736
OFDM,Classical OFDM,6.251204
OFDM,Classical OFDM,9.117969
OFDM,Classical OFDM,6.1345887
OFDM,Classical OFDM,5.6960154
OFDM,Classical OFDM,7.430258
OFDM,Classical OFDM,6.7605314
OFDM,Classical OFDM,6.932328
OFDM,Classical OFDM,6.0950994
OFDM,Classical OFDM,5.5906577
OFDM,Classical OFDM,6.3351965
OFDM,Classical OFDM,7.322824
OFDM,Classical OFDM,6.143834
OFDM,Classical OFDM,7.0489264
OFDM,Classical OFDM,6.1228223
OFDM,Classical OFDM,5.938162
OFDM,Classical OFDM,6.429248
OFDM,Classical OFDM,7.9629045
OFDM,Classical OFDM,6.1682215
OFDM,Classical OFDM,7.978954
OFDM,Classical OFDM,6.290589
OFDM,Classical OFDM,5.139265
OFDM,Classical OFDM,6.3383446
OFDM,Classical OFDM,5.02684
OFDM,Classical OFDM,5.837781
OFDM,Classical OFDM,9.219339
OFDM,Classical OFDM,8.132037
OFDM,Classical OFDM,6.5375023
OFDM,Classical OFDM,6.865154
OFDM,Classical OFDM,5.5597944
OFDM,Classical OFDM,5.7695627
OFDM,Classical OFDM,6.752433
OFDM,Classical OFDM,7.432805
OFDM,Classical OFDM,7.612925
OFDM,Classical OFDM,7.1239243
OFDM,Classical OFDM,6.5752263
OFDM,Classical OFDM,7.722342
OFDM,Classical OFDM,5.172763
OFDM,Classical OFDM,6.466278
OFDM,Classical OFDM,4.697643
OFDM,Classical OFDM,7.45786
OFDM,Classical OFDM,6.249853
OFDM,Classical OFDM,5.4017277
OFDM,Classical OFDM,6.791421
OFDM,Classical OFDM,6.6642594
OFDM,Classical OFDM,7.3843794
OFDM,Classical OFDM,6.439881
OFDM,Classical OFDM,6.9917684
OFDM,Classical OFDM,5.650695
OFDM,Classical OFDM,5.277401
OFDM,Classical OFDM,7.141972
OFDM,Classical OFDM,6.6114783
OFDM,Classical OFDM,8.312816
OFDM,Classical OFDM,6.3287315
OFDM,Classical OFDM,7.8233175
OFDM,Classical OFDM,6.5483212
OFDM,Classical OFDM,6.644273
OFDM,Classical OFDM,6.245029
OFDM,Classical OFDM,6.1090565
OFDM,Classical OFDM,6.1201596
OFDM,Classical OFDM,6.2748737
OFDM,Classical OFDM,7.4607277
OFDM,Classical OFDM,7.468138
OFDM,Classical OFDM,6.812999
OFDM,Classical OFDM,7.3230553
OFDM,Classical OFDM,5.16995
OFDM,Classical OFDM,6.5439076
OFDM,Classical OFDM,5.7250576
OFDM,Classical OFDM,6.20408
OFDM,Classical OFDM,5.9547615
OFDM,Classical OFDM,7.978864
OFDM,Classical OFDM,6.04206
OFDM,Classical OFDM,7.0095677
OFDM,Classical OFDM,5.9190183
OFDM,Classical OFDM,5.7563806
OFDM,Classical OFDM,6.029643
OFDM,Classical OFDM,7.051136
OFDM,Classical OFDM,7.0065756
OFDM,Classical OFDM,7.483831
OFDM,Classical OFDM,6.2311335
OFDM,Classical OFDM,10.513433
OFDM,Classical OFDM,5.3888083
OFDM,Classical OFDM,6.8875732
OFDM,Classical OFDM,5.5213842
OFDM,Classical OFDM,7.166485
OFDM,Classical OFDM,5.951913
OFDM,Classical OFDM,5.72313
OFDM,Classical OFDM,8.205801
OFDM,Classical OFDM,6.8327007
OFDM,Classical OFDM,5.6269174
OFDM,Classical OFDM,7.1116776
OFDM,Classical OFDM,6.452024
OFDM,Classical OFDM,6.4611683
OFDM,Classical OFDM,6.343477
OFDM,Classical OFDM,5.6164846
OFDM,Classical OFDM,5.4941773
OFDM,Classical OFDM,8.967941
OFDM,Classical OFDM,6.3312817
OFDM,Classical OFDM,8.116752
OFDM,Classical OFDM,6.407526
OFDM,Classical OFDM,6.5915346
OFDM,Classical OFDM,5.9574704
OFDM,Classical OFDM,8.142755
OFDM,Classical OFDM,6.0992785
OFDM,Classical OFDM,5.704706
OFDM,Classical OFDM,5.9105377
OFDM,Classical OFDM,8.877214
OFDM,Classical OFDM,6.1407166
OFDM,Classical OFDM,6.053135
OFDM,Classical OFDM,5.275962
OFDM,Classical OFDM,6.2582684
OFDM,Classical OFDM,5.9752483
OFDM,Classical OFDM,6.597924
OFDM,Classical OFDM,6.1761675
OFDM,Classical OFDM,5.7213254
OFDM,Classical OFDM,6.5910473
OFDM,Classical OFDM,5.755042
OFDM,Classical OFDM,4.317667
OFDM,Classical OFDM,6.722276
OFDM,Classical OFDM,6.039601
OFDM,Classical OFDM,6.142053
OFDM,Classical OFDM,6.3092537
OFDM,Classical OFDM,7.7473135
OFDM,Classical OFDM,6.1789536
OFDM,Classical OFDM,5.366317
OFDM,Classical OFDM,9.234515
OFDM,Classical OFDM,6.339614
OFDM,Classical OFDM,5.836956
OFDM,Classical OFDM,6.0077114
OFDM,Classical OFDM,6.8897314
OFDM,Classical OFDM,7.1347504
OFDM,Classical OFDM,4.8484745
OFDM,Classical OFDM,6.879966
OFDM,Classical OFDM,5.968308
OFDM,Classical OFDM,6.838804
OFDM,Classical OFDM,7.29276
OFDM,Classical OFDM,7.1409883
OFDM,Classical OFDM,6.927192
OFDM,Classical OFDM,5.72957
OFDM,Classical OFDM,6.944654
OFDM,Classical OFDM,7.881755
OFDM,Classical OFDM,5.7739534
OFDM,Classical OFDM,7.826828
OFDM,Classical OFDM,7.3450236
OFDM,Classical OFDM,5.738471
OFDM,Classical OFDM,7.832191
OFDM,Classical OFDM,7.3966875
OFDM,Classical OFDM,5.7070627
OFDM,Classical OFDM,6.331081
OFDM,Classical OFDM,6.778526
OFDM,Classical OFDM,5.966556
OFDM,Classical OFDM,5.5514107
OFDM,Classical OFDM,7.241433
OFDM,Classical OFDM,5.5774784
OFDM,Classical OFDM,7.6748176
OFDM,Classical OFDM,7.334097
OFDM,Classical OFDM,6.3982415
OFDM,Classical OFDM,6.4901114
OFDM,Classical OFDM,6.0359282
OFDM,Classical OFDM,6.120427
OFDM,Classical OFDM,6.8227463
OFDM,Classical OFDM,5.8563666
OFDM,Classical OFDM,6.3073106
OFDM,Classical OFDM,7.1492825
OFDM,Classical OFDM,5.5778546
OFDM,Classical OFDM,5.9191847
OFDM,Classical OFDM,8.068775
OFDM,Classical OFDM,6.728568
OFDM,Classical OFDM,4.8800397
OFDM,Classical OFDM,6.399426
OFDM,Classical OFDM,6.020896
OFDM,Classical OFDM,7.075944
OFDM,Classical OFDM,6.355768
OFDM,Classical OFDM,6.7931437
OFDM,Classical OFDM,5.8079715
OFDM,Classical OFDM,7.83701
OFDM,Classical OFDM,6.760639
OFDM,Classical OFDM,6.2130184
OFDM,Classical OFDM,5.7450504
OFDM,Classical OFDM,5.8528175
OFDM,Classical OFDM,7.6627254
OFDM,Classical OFDM,7.818239
OFDM,Classical OFDM,6.6316504
OFDM,Classical OFDM,4.8641133
OFDM,Classical OFDM,6.9604864
OFDM,Classical OFDM,5.643409
OFDM,Classical OFDM,8.322632
OFDM,Classical OFDM,5.7018986
OFDM,Classical OFDM,5.37878
OFDM,Classical OFDM,6.6057916
OFDM,Classical OFDM,6.429693
OFDM,Classical OFDM,6.67469
OFDM,Classical OFDM,6.9418216
OFDM,Classical OFDM,6.180286
OFDM,Classical OFDM,6.709578
OFDM,Classical OFDM,6.4618225
OFDM,Classical OFDM,6.487365
OFDM,Classical OFDM,7.668065
OFDM,Classical OFDM,5.064016
OFDM,Classical OFDM,7.4635515
OFDM,Classical OFDM,6.9210997
OFDM,Classical OFDM,6.607441
OFDM,Classical OFDM,6.251563
OFDM,Classical OFDM,6.924309
OFDM,Classical OFDM,7.0173655
OFDM,Classical OFDM,6.38673
OFDM,Classical OFDM,6.7886724
OFDM,Classical OFDM,8.4953
OFDM,Classical OFDM,6.715567
OFDM,Classical OFDM,7.484389
OFDM,Classical OFDM,6.5003057
OFDM,Classical OFDM,6.453553
OFDM,Classical OFDM,5.9123683
OFDM,Classical OFDM,6.335519
OFDM,Classical OFDM,6.709597
OFDM,Classical OFDM,6.870169
OFDM,Classical OFDM,5.4247804
OFDM,Classical OFDM,5.6548967
OFDM,Classical OFDM,7.1683807
OFDM,Classical OFDM,5.597472
OFDM,Classical OFDM,6.887761
OFDM,Classical OFDM,4.855824
OFDM,Classical OFDM,6.1144114
OFDM,Classical OFDM,7.001953
OFDM,Classical OFDM,7.773998
OFDM,Classical OFDM,5.6285696
OFDM,Classical OFDM,6.4407635
OFDM,Classical OFDM,6.076048
OFDM,Classical OFDM,6.986827
OFDM,Classical OFDM,6.58193
OFDM,Classical OFDM,7.045805
OFDM,Classical OFDM,6.94715
OFDM,Classical OFDM,6.942916
OFDM,Classical OFDM,7.860904
OFDM,Classical OFDM,6.014615
OFDM,Classical OFDM,5.0146875
OFDM,Classical OFDM,7.9795957
OFDM,Classical OFDM,6.919385
OFDM,Classical OFDM,8.337944
OFDM,Classical OFDM,5.989967
OFDM,Classical OFDM,6.797372
OFDM,Classical OFDM,7.8022294
OFDM,Classical OFDM,7.8944535
OFDM,Classical OFDM,5.9947577
OFDM,Classical OFDM,5.7916923
OFDM,Classical OFDM,6.237527
OFDM,Classical OFDM,6.7217417
OFDM,Classical OFDM,6.2720222
OFDM,Classical OFDM,6.3243637
OFDM,Classical OFDM,5.8034945
OFDM,Classical OFDM,9.532543
OFDM,Classical OFDM,8.523838
OFDM,Classical OFDM,7.2720795
OFDM,Classical OFDM,9.125175
OFDM,Classical OFDM,8.383991
OFDM,Classical OFDM,6.159515
OFDM,Classical OFDM,9.617937
OFDM,Classical OFDM,5.988159
OFDM,Classical OFDM,6.8065286
OFDM,Classical OFDM,6.060115
OFDM,Classical OFDM,5.955546
OFDM,Classical OFDM,5.973637
OFDM,Classical OFDM,6.319771
OFDM,Classical OFDM,5.649707
OFDM,Classical OFDM,7.2582192
OFDM,Classical OFDM,7.486038
OFDM,Classical OFDM,7.242756
OFDM,Classical OFDM,6.080177
OFDM,Classical OFDM,6.2835937
OFDM,Classical OFDM,6.146478
OFDM,Classical OFDM,7.4983234
OFDM,Classical OFDM,6.2422137
OFDM,Classical OFDM,7.3841705
OFDM,Classical OFDM,5.4372144
OFDM,Classical OFDM,4.8287764
OFDM,Classical OFDM,7.006233
OFDM,Classical OFDM,7.409669
OFDM,Classical OFDM,7.506581
OFDM,Classical OFDM,7.0262413
OFDM,Classical OFDM,6.6232243
OFDM,Classical OFDM,4.483018
OFDM,Classical OFDM,6.6630454
OFDM,Classical OFDM,5.8732896
OFDM,Classical OFDM,6.7550573
OFDM,Classical OFDM,5.987987
OFDM,Classical OFDM,6.9872866
OFDM,Classical OFDM,6.5094905
OFDM,Classical OFDM,8.123107
OFDM,Classical OFDM,7.330639
OFDM,Classical OFDM,5.75035
OFDM,Classical OFDM,6.8507075
OFDM,Classical OFDM,6.6474504
OFDM,Classical OFDM,6.7678995
OFDM,Classical OFDM,5.7868176
OFDM,Classical OFDM,6.900175
OFDM,Classical OFDM,7.2332335
OFDM,Classical OFDM,6.2088256
OFDM,Classical OFDM,6.7036157
OFDM,Classical OFDM,6.653662
OFDM,Classical OFDM,6.3687177
OFDM,Classical OFDM,6.4752264
OFDM,Classical OFDM,5.540831
OFDM,Classical OFDM,7.1688075
OFDM,Classical OFDM,5.7056227
OFDM,Classical OFDM,7.2475696
OFDM,Classical OFDM,5.788785
OFDM,Classical OFDM,6.066015
OFDM,Classical OFDM,6.5713305
OFDM,Classical OFDM,7.044348
OFDM,Classical OFDM,6.099992
OFDM,Classical OFDM,6.831836
OFDM,Classical OFDM,7.201855
OFDM,Classical OFDM,6.6935725
OFDM,Classical OFDM,5.8428106
OFDM,Classical OFDM,6.2900906
OFDM,Classical OFDM,6.616658
OFDM,Classical OFDM,4.9918356
OFDM,Classical OFDM,5.7408514
OFDM,Classical OFDM,6.208139
OFDM,Classical OFDM,7.483408
OFDM,Classical OFDM,8.776014
OFDM,Classical OFDM,6.785783
OFDM,Classical OFDM,6.8037863
OFDM,Classical OFDM,8.855142
OFDM,Classical OFDM,6.9818406
OFDM,Classical OFDM,7.069957
OFDM,Classical OFDM,5.6895247
OFDM,Classical OFDM,6.059328
OFDM,Classical OFDM,6.5126796
OFDM,Classical OFDM,6.579956
OFDM,Classical OFDM,7.158027
OFDM,Classical OFDM,6.4186163
OFDM,Classical OFDM,6.1303263
OFDM,Classical OFDM,6.9209833
OFDM,Classical OFDM,7.129239
OFDM,Classical OFDM,6.20393
OFDM,Classical OFDM,6.1115828
OFDM,Classical OFDM,7.5438128
OFDM,Classical OFDM,5.0129347
OFDM,Classical OFDM,7.0155935
OFDM,Classical OFDM,6.48632
OFDM,Classical OFDM,6.427702
OFDM,Classical OFDM,4.8818407
OFDM,Classical OFDM,6.2126627
OFDM,Classical OFDM,7.946472
OFDM,Classical OFDM,7.1727223
OFDM,Classical OFDM,7.8812885
OFDM,Classical OFDM,9.049235
OFDM,Classical OFDM,5.3925333
OFDM,Classical OFDM,5.530815
OFDM,Classical OFDM,7.3746977
OFDM,Classical OFDM,8.311993
OFDM,Classical OFDM,7.180112
OFDM,Classical OFDM,6.810646
OFDM,Classical OFDM,6.540649
OFDM,Classical OFDM,5.4319615
OFDM,Classical OFDM,8.123187
OFDM,Classical OFDM,6.4363914
OFDM,Classical OFDM,6.0480404
OFDM,Classical OFDM,7.491241
OFDM,Classical OFDM,7.1639156
OFDM,Classical OFDM,5.183737
OFDM,Classical OFDM,5.9912467
OFDM,Classical OFDM,5.866161
OFDM,Classical OFDM,8.698429
OFDM,Classical OFDM,5.7816954
OFDM,Classical OFDM,6.5822654
OFDM,Classical OFDM,8.620738
OFDM,Classical OFDM,6.4873605
OFDM,Classical OFDM,6.352724
OFDM,Classical OFDM,6.0078187
OFDM,Classical OFDM,6.4206553
OFDM,Classical OFDM,4.988016
OFDM,Classical OFDM,5.2391224
OFDM,Classical OFDM,8.6366825
OFDM,Classical OFDM,6.3706346
OFDM,Classical OFDM,6.07127
OFDM,Classical OFDM,7.082631
OFDM,Classical OFDM,4.6698375
OFDM,Classical OFDM,6.9209857
OFDM,Classical OFDM,6.9201326
OFDM,Classical OFDM,6.3292737
OFDM,Classical OFDM,7.7852864
OFDM,Classical OFDM,5.7170224
OFDM,Classical OFDM,7.3604064
OFDM,Classical OFDM,7.2672453
OFDM,Classical OFDM,6.7349396
OFDM,Classical OFDM,8.565342
OFDM,Classical OFDM,7.26769
OFDM,Classical OFDM,7.463541
OFDM,Classical OFDM,6.3576503
OFDM,Classical OFDM,6.8110056
OFDM,Classical OFDM,6.9918528
OFDM,Classical OFDM,6.756554
OFDM,Classical OFDM,5.33411
OFDM,Classical OFDM,6.5009637
OFDM,Classical OFDM,7.085876
OFDM,Classical OFDM,6.0335674
OFDM,Classical OFDM,8.341978
OFDM,Classical OFDM,7.2499037
OFDM,Classical OFDM,5.651375
OFDM,Classical OFDM,8.658333
OFDM,Classical OFDM,8.042738
OFDM,Classical OFDM,6.042695
OFDM,Classical OFDM,9.174274
OFDM,Classical OFDM,6.2309794
OFDM,Classical OFDM,5.834727
OFDM,Classical OFDM,7.32878
OFDM,Classical OFDM,6.112012
OFDM,Classical OFDM,6.0942574
OFDM,Classical OFDM,7.2206283
OFDM,Classical OFDM,5.9847045
OFDM,Classical OFDM,6.75159
OFDM,Classical OFDM,7.729096
OFDM,Classical OFDM,6.6039076
OFDM,Classical OFDM,9.888311
OFDM,Classical OFDM,6.318654
OFDM,Classical OFDM,6.3096666
OFDM,Classical OFDM,6.2585826
OFDM,Classical OFDM,6.4803085
OFDM,Classical OFDM,8.74008
OFDM,Classical OFDM,6.5425105
OFDM,Classical OFDM,5.7195477
OFDM,Classical OFDM,6.53121
OFDM,Classical OFDM,6.8259144
OFDM,Classical OFDM,7.4435797
OFDM,Classical OFDM,7.1321177
OFDM,Classical OFDM,7.995661
OFDM,Classical OFDM,8.853165
OFDM,Classical OFDM,5.6995287
OFDM,Classical OFDM,7.837239
OFDM,Classical OFDM,7.051777
OFDM,Classical OFDM,6.8818192
OFDM,Classical OFDM,5.9311604
OFDM,Classical OFDM,6.058206
OFDM,Classical OFDM,6.982918
OFDM,Classical OFDM,8.464949
OFDM,Classical OFDM,5.944073
OFDM,Classical OFDM,7.245883
OFDM,Classical OFDM,6.8035836
OFDM,Classical OFDM,6.838914
OFDM,Classical OFDM,6.8618064
OFDM,Classical OFDM,7.4444013
OFDM,Classical OFDM,6.8115387
OFDM,Classical OFDM,5.9012794
OFDM,Classical OFDM,5.5228415
OFDM,Classical OFDM,5.5899706
OFDM,Classical OFDM,7.5472345
OFDM,Classical OFDM,6.5868483
OFDM,Classical OFDM,5.9560585
OFDM,Classical OFDM,6.606479
OFDM,Classical OFDM,7.390135
OFDM,Classical OFDM,7.113116
OFDM,Classical OFDM,7.1690946
OFDM,Classical OFDM,5.1127586
OFDM,Classical OFDM,5.6527586
OFDM,Classical OFDM,7.51262
OFDM,Classical OFDM,8.895866
OFDM,Classical OFDM,8.073006
OFDM,Classical OFDM,6.4719396
OFDM,Classical OFDM,6.2243853
OFDM,Classical OFDM,7.9272456
OFDM,Classical OFDM,5.568712
OFDM,Classical OFDM,5.989664
OFDM,Classical OFDM,6.156543
OFDM,Classical OFDM,6.0842633
OFDM,Classical OFDM,6.6848207
OFDM,Classical OFDM,7.344076
OFDM,Classical OFDM,4.995611
OFDM,Classical OFDM,6.2718277
OFDM,Classical OFDM,5.8890963
OFDM,Classical OFDM,5.8366966
OFDM,Classical OFDM,6.235433
OFDM,Classical OFDM,6.961815
OFDM,Classical OFDM,5.765362
OFDM,Classical OFDM,7.7291365
OFDM,Classical OFDM,8.800296
OFDM,Classical OFDM,6.6051655
OFDM,Classical OFDM,5.9963446
OFDM,Classical OFDM,5.6278872
OFDM,Classical OFDM,5.984366
OFDM,Classical OFDM,6.312323
OFDM,Classical OFDM,7.0488143
OFDM,Classical OFDM,6.436552
OFDM,Classical OFDM,6.239382
OFDM,Classical OFDM,7.0733876
OFDM,Classical OFDM,5.3057947
OFDM,Classical OFDM,5.8852262
OFDM,Classical OFDM,7.067301
OFDM,Classical OFDM,5.967349
OFDM,Classical OFDM,7.294936
OFDM,Classical OFDM,5.6330147
OFDM,Classical OFDM,7.2227755
OFDM,Classical OFDM,5.7490463
OFDM,Classical OFDM,6.639657
OFDM,Classical OFDM,7.3009706
OFDM,Classical OFDM,6.8168545
OFDM,Classical OFDM,6.758464
OFDM,Classical OFDM,6.0153337
Learned,Learned Basis,5.2533407
Learned,Learned Basis,6.3547664
Learned,Learned Basis,5.1961565
Learned,Learned Basis,4.9133224
Learned,Learned Basis,5.5114026
Learned,Learned Basis,5.3225594
Learned,Learned Basis,6.2827926
Learned,Learned Basis,6.1452723
Learned,Learned Basis,6.2732897
Learned,Learned Basis,6.164968
Learned,Learned Basis,6.680698
Learned,Learned Basis,5.6651506
Learned,Learned Basis,5.39257
Learned,Learned Basis,5.9915752
Learned,Learned Basis,5.596133
Learned,Learned Basis,4.863492
Learned,Learned Basis,4.6939473
Learned,Learned Basis,8.2176485
Learned,Learned Basis,5.3852935
Learned,Learned Basis,5.4627137
Learned,Learned Basis,5.205255
Learned,Learned Basis,7.159978
Learned,Learned Basis,4.867529
Learned,Learned Basis,5.43086
Learned,Learned Basis,5.7963085
Learned,Learned Basis,4.31646
Learned,Learned Basis,5.316702
Learned,Learned Basis,6.3550897
Learned,Learned Basis,7.1651545
Learned,Learned Basis,4.845696
Learned,Learned Basis,5.5730295
Learned,Learned Basis,5.543729
Learned,Learned Basis,5.794882
Learned,Learned Basis,4.7425885
Learned,Learned Basis,5.42464
Learned,Learned Basis,6.879129
Learned,Learned Basis,7.499339
Learned,Learned Basis,5.451582
Learned,Learned Basis,6.507167
Learned,Learned Basis,5.7648134
Learned,Learned Basis,5.439165
Learned,Learned Basis,5.9004936
Learned,Learned Basis,5.4142423
Learned,Learned Basis,4.56369
Learned,Learned Basis,6.08159
Learned,Learned Basis,5.342929
Learned,Learned Basis,6.904195
Learned,Learned Basis,5.991816
Learned,Learned Basis,6.0646124
Learned,Learned Basis,5.4273295
Learned,Learned Basis,6.586428
Learned,Learned Basis,6.240695
Learned,Learned Basis,7.1150703
Learned,Learned Basis,4.96835
Learned,Learned Basis,5.927127
Learned,Learned Basis,5.802185
Learned,Learned Basis,4.946444
Learned,Learned Basis,5.721927
Learned,Learned Basis,4.9708304
Learned,Learned Basis,5.449527
Learned,Learned Basis,6.500989
Learned,Learned Basis,5.694827
Learned,Learned Basis,7.1052256
Learned,Learned Basis,5.3884096
Learned,Learned Basis,4.3213515
Learned,Learned Basis,4.64601
Learned,Learned Basis,6.791395
Learned,Learned Basis,4.916373
Learned,Learned Basis,6.1214075
Learned,Learned Basis,5.9243674
Learned,Learned Basis,6.099689
Learned,Learned Basis,5.549302
Learned,Learned Basis,5.4778857
Learned,Learned Basis,5.6170626
Learned,Learned Basis,4.682406
Learned,Learned Basis,6.286544
Learned,Learned Basis,6.9153666
Learned,Learned Basis,5.4645166
Learned,Learned Basis,5.0573387
Learned,Learned Basis,5.7781057
Learned,Learned Basis,6.043017
Learned,Learned Basis,5.155725
Learned,Learned Basis,6.5196323
Learned,Learned Basis,5.5950747
Learned,Learned Basis,5.388534
Learned,Learned Basis,5.14755
Learned,Learned Basis,6.36657
Learned,Learned Basis,6.9397297
Learned,Learned Basis,4.2889132
Learned,Learned Basis,5.3330774
Learned,Learned Basis,5.15723
Learned,Learned Basis,5.5818224
Learned,Learned Basis,5.4818463
Learned,Learned Basis,5.1880226
Learned,Learned Basis,4.068088
Learned,Learned Basis,5.9749894
Learned,Learned Basis,5.3855467
Learned,Learned Basis,5.593733
Learned,Learned Basis,6.0971093
Learned,Learned Basis,4.993202
Learned,Learned Basis,5.5705996
Learned,Learned Basis,5.0238914
Learned,Learned Basis,5.6117873
Learned,Learned Basis,7.2981586
Learned,Learned Basis,5.941004
Learned,Learned Basis,6.6511154
Learned,Learned Basis,6.3824325
Learned,Learned Basis,4.334022
Learned,Learned Basis,4.516305
Learned,Learned Basis,4.8548307
Learned,Learned Basis,5.01504
Learned,Learned Basis,5.9086256
Learned,Learned Basis,4.655521
Learned,Learned Basis,8.106258
Learned,Learned Basis,6.044091
Learned,Learned Basis,5.9295363
Learned,Learned Basis,5.9904094
Learned,Learned Basis,4.9124002
Learned,Learned Basis,4.986629
Learned,Learned Basis,5.3029113
Learned,Learned Basis,4.0719824
Learned,Learned Basis,6.0827646
Learned,Learned Basis,5.2670817
Learned,Learned Basis,5.502735
Learned,Learned Basis,5.002124
Learned,Learned Basis,5.7893395
Learned,Learned Basis,5.50259
Learned,Learned Basis,6.6779804
Learned,Learned Basis,4.4822345
Learned,Learned Basis,5.070798
Learned,Learned Basis,5.7941008
Learned,Learned Basis,6.5964212
Learned,Learned Basis,3.9095876
Learned,Learned Basis,5.2466435
Learned,Learned Basis,4.3668394
Learned,Learned Basis,6.0589495
Learned,Learned Basis,3.953889
Learned,Learned Basis,6.4860606
Learned,Learned Basis,4.7596426
Learned,Learned Basis,5.4507065
Learned,Learned Basis,4.5041237
Learned,Learned Basis,5.4676466
Learned,Learned Basis,5.6423335
Learned,Learned Basis,6.198124
Learned,Learned Basis,5.4781985
Learned,Learned Basis,5.212233
Learned,Learned Basis,4.7857714
Learned,Learned Basis,6.7393265
Learned,Learned Basis,5.525407
Learned,Learned Basis,6.084772
Learned,Learned Basis,4.3290157
Learned,Learned Basis,4.589912
Learned,Learned Basis,6.003256
Learned,Learned Basis,6.002494
Learned,Learned Basis,5.8967075
Learned,Learned Basis,5.2487493
Learned,Learned Basis,5.688992
Learned,Learned Basis,5.6184716
Learned,Learned Basis,6.2434874
Learned,Learned Basis,6.7627883
Learned,Learned Basis,7.6018486
Learned,Learned Basis,6.0332866
Learned,Learned Basis,5.2492995
Learned,Learned Basis,5.5784707
Learned,Learned Basis,5.8848276
Learned,Learned Basis,6.4043045
Learned,Learned Basis,4.4657593
Learned,Learned Basis,4.7358313
Learned,Learned Basis,4.2964973
Learned,Learned Basis,4.4259844
Learned,Learned Basis,5.210316
Learned,Learned Basis,6.7956095
Learned,Learned Basis,4.8153076
Learned,Learned Basis,5.562725
Learned,Learned Basis,5.0314045
Learned,Learned Basis,7.659714
Learned,Learned Basis,5.4187164
Learned,Learned Basis,5.941929
Learned,Learned Basis,5.812957
Learned,Learned Basis,6.362172
Learned,Learned Basis,6.6502438
Learned,Learned Basis,6.5652294
Learned,Learned Basis,5.140937
Learned,Learned Basis,4.966034
Learned,Learned Basis,8.564198
Learned,Learned Basis,5.294752
Learned,Learned Basis,5.34964
Learned,Learned Basis,5.7194605
Learned,Learned Basis,7.540512
Learned,Learned Basis,4.77253
Learned,Learned Basis,5.127507
Learned,Learned Basis,6.2100286
Learned,Learned Basis,5.0257707
Learned,Learned Basis,5.9009366
Learned,Learned Basis,6.098282
Learned,Learned Basis,4.9571137
Learned,Learned Basis,4.402568
Learned,Learned Basis,5.7572465
Learned,Learned Basis,4.393298
Learned,Learned Basis,4.5645337
Learned,Learned Basis,5.933058
Learned,Learned Basis,5.210435
Learned,Learned Basis,5.134795
Learned,Learned Basis,5.742363
Learned,Learned Basis,6.5690928
Learned,Learned Basis,4.5932717
Learned,Learned Basis,4.764282
Learned,Learned Basis,5.700598
Learned,Learned Basis,7.4365664
Learned,Learned Basis,4.480926
Learned,Learned Basis,6.5310173
Learned,Learned Basis,5.6458845
Learned,Learned Basis,5.088982
Learned,Learned Basis,5.185438
Learned,Learned Basis,6.561537
Learned,Learned Basis,5.3794613
Learned,Learned Basis,4.7352557
Learned,Learned Basis,5.2633257
Learned,Learned Basis,5.374752
Learned,Learned Basis,4.9639945
Learned,Learned Basis,5.6924443
Learned,Learned Basis,6.200213
Learned,Learned Basis,5.6355596
Learned,Learned Basis,5.765316
Learned,Learned Basis,5.010448
Learned,Learned Basis,6.576218
Learned,Learned Basis,5.3185086
Learned,Learned Basis,4.970752
Learned,Learned Basis,5.6462073
Learned,Learned Basis,4.6920695
Learned,Learned Basis,5.0427837
Learned,Learned Basis,6.423331
Learned,Learned Basis,4.9756756
Learned,Learned Basis,5.994522
Learned,Learned Basis,6.231057
Learned,Learned Basis,4.9681573
Learned,Learned Basis,5.4689097
Learned,Learned Basis,5.546475
Learned,Learned Basis,6.3864946
Learned,Learned Basis,5.2296534
Learned,Learned Basis,6.45111
Learned,Learned Basis,5.360238
Learned,Learned Basis,5.5218296
Learned,Learned Basis,5.8036475
Learned,Learned Basis,5.5810804
Learned,Learned Basis,5.406786
Learned,Learned Basis,4.7971897
Learned,Learned Basis,4.5567803
Learned,Learned Basis,5.0336676
Learned,Learned Basis,6.01915
Learned,Learned Basis,5.1378746
Learned,Learned Basis,5.0421944
Learned,Learned Basis,6.7954445
Learned,Learned Basis,5.319958
Learned,Learned Basis,5.6810956
Learned,Learned Basis,6.153217
Learned,Learned Basis,4.72515
Learned,Learned Basis,4.938168
Learned,Learned Basis,6.3675027
Learned,Learned Basis,5.101001
Learned,Learned Basis,5.6985097
Learned,Learned Basis,4.313299
Learned,Learned Basis,5.8441496
Learned,Learned Basis,4.9998336
Learned,Learned Basis,5.0280285
Learned,Learned Basis,6.7441635
Learned,Learned Basis,6.2982454
Learned,Learned Basis,4.619628
Learned,Learned Basis,4.870428
Learned,Learned Basis,4.3142834
Learned,Learned Basis,4.740871
Learned,Learned Basis,6.0235662
Learned,Learned Basis,6.288377
Learned,Learned Basis,5.62982
Learned,Learned Basis,6.155117
Learned,Learned Basis,6.3269596
Learned,Learned Basis,4.685224
Learned,Learned Basis,7.027576
Learned,Learned Basis,4.9728947
Learned,Learned Basis,4.4500146
Learned,Learned Basis,5.706192
Learned,Learned Basis,5.453207
Learned,Learned Basis,6.0132
Learned,Learned Basis,5.270488
Learned,Learned Basis,5.472106
Learned,Learned Basis,6.3848886
Learned,Learned Basis,6.506878
Learned,Learned Basis,6.2527437
Learned,Learned Basis,5.715294
Learned,Learned Basis,6.9015007
Learned,Learned Basis,7.015471
Learned,Learned Basis,4.922329
Learned,Learned Basis,3.8217223
Learned,Learned Basis,6.7485514
Learned,Learned Basis,5.5054054
Learned,Learned Basis,5.8310537
Learned,Learned Basis,6.5020866
Learned,Learned Basis,6.5073996
Learned,Learned Basis,4.536749
Learned,Learned Basis,4.766521
Learned,Learned Basis,4.6953363
Learned,Learned Basis,5.1373982
Learned,Learned Basis,6.2712107
Learned,Learned Basis,7.4358816
Learned,Learned Basis,6.426332
Learned,Learned Basis,6.0965605
Learned,Learned Basis,4.8796787
Learned,Learned Basis,5.5830164
Learned,Learned Basis,5.463911
Learned,Learned Basis,5.8724756
Learned,Learned Basis,5.8211513
Learned,Learned Basis,7.0489483
Learned,Learned Basis,4.5026574
Learned,Learned Basis,4.459078
Learned,Learned Basis,5.9109936
Learned,Learned Basis,5.6461926
Learned,Learned Basis,5.773173
Learned,Learned Basis,4.5020003
Learned,Learned Basis,4.0344706
Learned,Learned Basis,5.093923
Learned,Learned Basis,5.0935535
Learned,Learned Basis,6.373033
Learned,Learned Basis,5.3974776
Learned,Learned Basis,5.923323
Learned,Learned Basis,5.6287785
Learned,Learned Basis,5.6751995
Learned,Learned Basis,5.1453037
Learned,Learned Basis,5.6637774
Learned,Learned Basis,6.948173
Learned,Learned Basis,5.604117
Learned,Learned Basis,4.8462477
Learned,Learned Basis,5.6473727
Learned,Learned Basis,5.4766316
Learned,Learned Basis,4.7301083
Learned,Learned Basis,5.723334
Learned,Learned Basis,6.400669
Learned,Learned Basis,6.0108137
Learned,Learned Basis,4.880634
Learned,Learned Basis,5.794601
Learned,Learned Basis,5.789979
Learned,Learned Basis,5.074756
Learned,Learned Basis,5.4717298
Learned,Learned Basis,5.7285757
Learned,Learned Basis,5.3701777
Learned,Learned Basis,7.375365
Learned,Learned Basis,5.4543023
Learned,Learned Basis,4.9339
Learned,Learned Basis,5.337206
Learned,Learned Basis,5.1838775
Learned,Learned Basis,4.4499497
Learned,Learned Basis,4.9771795
Learned,Learned Basis,6.256823
Learned,Learned Basis,5.671398
Learned,Learned Basis,5.9097266
Learned,Learned Basis,5.0402346
Learned,Learned Basis,5.927182
Learned,Learned Basis,4.379612
Learned,Learned Basis,4.9862604
Learned,Learned Basis,5.907951
Learned,Learned Basis,5.5973244
Learned,Learned Basis,5.7623177
Learned,Learned Basis,7.716483
Learned,Learned Basis,6.1832466
Learned,Learned Basis,5.056882
Learned,Learned Basis,5.426383
Learned,Learned Basis,6.6858206
Learned,Learned Basis,4.979888
Learned,Learned Basis,6.7390485
Learned,Learned Basis,5.2314563
Learned,Learned Basis,5.640769
Learned,Learned Basis,5.5071883
Learned,Learned Basis,5.033785
Learned,Learned Basis,5.9482837
Learned,Learned Basis,5.4375534
Learned,Learned Basis,4.2330627
Learned,Learned Basis,7.729434
Learned,Learned Basis,6.140641
Learned,Learned Basis,6.6312957
Learned,Learned Basis,5.705581
Learned,Learned Basis,5.024169
Learned,Learned Basis,5.997453
Learned,Learned Basis,6.1790085
Learned,Learned Basis,6.6420517
Learned,Learned Basis,6.0001807
Learned,Learned Basis,5.38615
Learned,Learned Basis,5.7028856
Learned,Learned Basis,5.511503
Learned,Learned Basis,5.7575173
Learned,Learned Basis,4.3523936
Learned,Learned Basis,6.0259
Learned,Learned Basis,5.332213
Learned,Learned Basis,4.731754
Learned,Learned Basis,5.2413235
Learned,Learned Basis,6.8156095
Learned,Learned Basis,4.6742396
Learned,Learned Basis,6.686307
Learned,Learned Basis,6.756469
Learned,Learned Basis,4.9668403
Learned,Learned Basis,7.1022587
Learned,Learned Basis,6.6318474
Learned,Learned Basis,5.814696
Learned,Learned Basis,3.8773143
Learned,Learned Basis,4.5716505
Learned,Learned Basis,5.296398
Learned,Learned Basis,7.229005
Learned,Learned Basis,5.6279016
Learned,Learned Basis,4.836431
Learned,Learned Basis,4.919116
Learned,Learned Basis,4.4451075
Learned,Learned Basis,7.319426
Learned,Learned Basis,5.41605
Learned,Learned Basis,5.221355
Learned,Learned Basis,6.0973954
Learned,Learned Basis,5.41013
Learned,Learned Basis,5.832601
Learned,Learned Basis,6.658399
Learned,Learned Basis,4.533263
Learned,Learned Basis,5.5154667
Learned,Learned Basis,5.554902
Learned,Learned Basis,6.951862
Learned,Learned Basis,5.813122
Learned,Learned Basis,5.2822213
Learned,Learned Basis,4.476904
Learned,Learned Basis,5.138729
Learned,Learned Basis,6.938407
Learned,Learned Basis,5.976625
Learned,Learned Basis,4.716751
Learned,Learned Basis,6.9593115
Learned,Learned Basis,4.292575
Learned,Learned Basis,5.63554
Learned,Learned Basis,7.1969967
Learned,Learned Basis,5.931384
Learned,Learned Basis,4.964494
Learned,Learned Basis,7.338156
Learned,Learned Basis,6.520905
Learned,Learned Basis,6.931894
Learned,Learned Basis,6.392643
Learned,Learned Basis,5.94238
Learned,Learned Basis,4.8137684
Learned,Learned Basis,6.117896
Learned,Learned Basis,5.9475946
Learned,Learned Basis,4.463824
Learned,Learned Basis,4.1872997
Learned,Learned Basis,4.923681
Learned,Learned Basis,5.051975
Learned,Learned Basis,6.3079667
Learned,Learned Basis,4.9225416
Learned,Learned Basis,5.7962685
Learned,Learned Basis,5.464135
Learned,Learned Basis,7.62419
Learned,Learned Basis,5.780165
Learned,Learned Basis,5.9638076
Learned,Learned Basis,5.1355
Learned,Learned Basis,6.9900994
Learned,Learned Basis,7.036309
Learned,Learned Basis,6.6888704
Learned,Learned Basis,5.9208865
Learned,Learned Basis,4.023549
Learned,Learned Basis,4.7576513
Learned,Learned Basis,6.299889
Learned,Learned Basis,4.6816425
Learned,Learned Basis,5.925267
Learned,Learned Basis,6.2784452
Learned,Learned Basis,5.919848
Learned,Learned Basis,5.808203
Learned,Learned Basis,4.616837
Learned,Learned Basis,6.336489
Learned,Learned Basis,4.6745553
Learned,Learned Basis,5.145717
Learned,Learned Basis,7.165536
Learned,Learned Basis,5.2648973
Learned,Learned Basis,6.3993864
Learned,Learned Basis,5.283183
Learned,Learned Basis,4.848291
Learned,Learned Basis,6.212161
Learned,Learned Basis,5.999622
Learned,Learned Basis,4.9099073
Learned,Learned Basis,5.8029175
Learned,Learned Basis,5.991476
Learned,Learned Basis,5.47535
Learned,Learned Basis,5.2748485
Learned,Learned Basis,5.7824655
Learned,Learned Basis,6.075197
Learned,Learned Basis,5.314036
Learned,Learned Basis,5.5508065
Learned,Learned Basis,5.6375027
Learned,Learned Basis,5.6554275
Learned,Learned Basis,6.196067
Learned,Learned Basis,4.83069
Learned,Learned Basis,6.707001
Learned,Learned Basis,6.0102043
Learned,Learned Basis,6.814149
Learned,Learned Basis,5.2706223
Learned,Learned Basis,7.8033447
Learned,Learned Basis,5.0956554
Learned,Learned Basis,5.5277705
Learned,Learned Basis,6.5148783
Learned,Learned Basis,4.2381554
Learned,Learned Basis,5.803837
Learned,Learned Basis,5.8130302
Learned,Learned Basis,4.041449
Learned,Learned Basis,6.205126
Learned,Learned Basis,5.4404755
Learned,Learned Basis,5.7657375
Learned,Learned Basis,5.1539803
Learned,Learned Basis,6.186114
Learned,Learned Basis,5.4302244
Learned,Learned Basis,6.57506
Learned,Learned Basis,6.057659
Learned,Learned Basis,5.649824
Learned,Learned Basis,4.679932
Learned,Learned Basis,6.47394
Learned,Learned Basis,6.0707273
Learned,Learned Basis,5.544244
Learned,Learned Basis,5.9375534
Learned,Learned Basis,4.6141205
Learned,Learned Basis,5.1742845
Learned,Learned Basis,7.400797
Learned,Learned Basis,5.5523753
Learned,Learned Basis,5.440426
Learned,Learned Basis,5.9376154
Learned,Learned Basis,5.5849867
Learned,Learned Basis,5.901504
Learned,Learned Basis,5.5249352
Learned,Learned Basis,5.834623
Learned,Learned Basis,6.458785
Learned,Learned Basis,6.1507244
Learned,Learned Basis,5.738529
Learned,Learned Basis,5.540515
Learned,Learned Basis,4.3017297
Learned,Learned Basis,7.141411
Learned,Learned Basis,4.881999
Learned,Learned Basis,6.583097
Learned,Learned Basis,4.7139125
Learned,Learned Basis,4.7601724
Learned,Learned Basis,5.99321
Learned,Learned Basis,5.203409
Learned,Learned Basis,5.1091766
Learned,Learned Basis,4.6994834
Learned,Learned Basis,6.0512657
Learned,Learned Basis,5.4459095
Learned,Learned Basis,5.337056
Learned,Learned Basis,5.4231124
Learned,Learned Basis,5.629251
Learned,Learned Basis,5.202263
Learned,Learned Basis,5.361529
Learned,Learned Basis,5.069198
Learned,Learned Basis,6.184525
Learned,Learned Basis,4.754094
Learned,Learned Basis,5.598336
Learned,Learned Basis,5.764668
Learned,Learned Basis,5.1351776
Learned,Learned Basis,5.157467
Learned,Learned Basis,4.9643335
Learned,Learned Basis,5.5616484
Learned,Learned Basis,5.3918896
Learned,Learned Basis,6.103485
Learned,Learned Basis,6.441619
Learned,Learned Basis,5.8805666
Learned,Learned Basis,6.217844
Learned,Learned Basis,6.130295
Learned,Learned Basis,4.929288
Learned,Learned Basis,5.0589085
Learned,Learned Basis,6.6407423
Learned,Learned Basis,5.514077
Learned,Learned Basis,4.820859
Learned,Learned Basis,6.033085
Learned,Learned Basis,5.5740824
Learned,Learned Basis,5.2978725
Learned,Learned Basis,5.729295
Learned,Learned Basis,5.726012
Learned,Learned Basis,5.3749156
Learned,Learned Basis,5.3866982
Learned,Learned Basis,6.162999
Learned,Learned Basis,5.8975782
Learned,Learned Basis,5.038092
Learned,Learned Basis,5.6192646
Learned,Learned Basis,5.4817133
Learned,Learned Basis,6.1468196
Learned,Learned Basis,4.865597
Learned,Learned Basis,5.42735
Learned,Learned Basis,5.0309763
Learned,Learned Basis,4.7810073
Learned,Learned Basis,6.5252113
Learned,Learned Basis,4.5997396
Learned,Learned Basis,5.163659
Learned,Learned Basis,5.4608307
Learned,Learned Basis,5.8852334
Learned,Learned Basis,4.519037
Learned,Learned Basis,5.868738
Learned,Learned Basis,5.36345
Learned,Learned Basis,4.5061197
Learned,Learned Basis,5.980343
Learned,Learned Basis,4.9257636
Learned,Learned Basis,6.327081
Learned,Learned Basis,5.7775474
Learned,Learned Basis,6.012332
Learned,Learned Basis,6.3263206
Learned,Learned Basis,5.145401
Learned,Learned Basis,5.966071
Learned,Learned Basis,5.7881136
Learned,Learned Basis,5.0474286
Learned,Learned Basis,4.4032097
Learned,Learned Basis,6.1957016
Learned,Learned Basis,6.362132
Learned,Learned Basis,4.9131403
Learned,Learned Basis,6.681457
Learned,Learned Basis,6.3382697
Learned,Learned Basis,4.8974686
Learned,Learned Basis,5.2503767
Learned,Learned Basis,5.808046
Learned,Learned Basis,4.196617
Learned,Learned Basis,7.5332556
Learned,Learned Basis,5.922716
Learned,Learned Basis,5.400879
Learned,Learned Basis,6.0557485
Learned,Learned Basis,4.8522415
Learned,Learned Basis,5.9327817
Learned,Learned Basis,5.433856
Learned,Learned Basis,5.876348
Learned,Learned Basis,5.3080463
Learned,Learned Basis,6.6990256
Learned,Learned Basis,6.2084723
Learned,Learned Basis,4.8896046
Learned,Learned Basis,4.566018
Learned,Learned Basis,5.4416633
Learned,Learned Basis,6.488552
Learned,Learned Basis,5.412435
Learned,Learned Basis,5.296986
Learned,Learned Basis,5.7702837
Learned,Learned Basis,4.7840176
Learned,Learned Basis,5.200486
Learned,Learned Basis,7.4799294
Learned,Learned Basis,4.90331
Learned,Learned Basis,4.4909277
Learned,Learned Basis,4.509191
Learned,Learned Basis,7.009427
Learned,Learned Basis,6.9374847
Learned,Learned Basis,6.1762724
Learned,Learned Basis,5.5769243
Learned,Learned Basis,5.903921
Learned,Learned Basis,6.149849
Learned,Learned Basis,5.4135504
Learned,Learned Basis,5.5260553
Learned,Learned Basis,4.902973
Learned,Learned Basis,4.535318
Learned,Learned Basis,5.589717
Learned,Learned Basis,4.9719243
Learned,Learned Basis,5.608572
Learned,Learned Basis,4.6597834
Learned,Learned Basis,6.3844543
Learned,Learned Basis,4.9266143
Learned,Learned Basis,4.047735
Learned,Learned Basis,5.891104
Learned,Learned Basis,5.3488207
Learned,Learned Basis,4.257926
Learned,Learned Basis,4.823842
Learned,Learned Basis,4.662909
Learned,Learned Basis,4.8811364
Learned,Learned Basis,5.1475263
Learned,Learned Basis,6.4812117
Learned,Learned Basis,5.5690985
Learned,Learned Basis,6.5269737
Learned,Learned Basis,5.967208
Learned,Learned Basis,6.0417147
Learned,Learned Basis,5.624974
Learned,Learned Basis,6.2076545
Learned,Learned Basis,4.678743
Learned,Learned Basis,5.9772115
Learned,Learned Basis,5.9673076
Learned,Learned Basis,4.8285513
Learned,Learned Basis,6.590281
Learned,Learned Basis,5.5585284
Learned,Learned Basis,5.2703075
Learned,Learned Basis,6.185422
Learned,Learned Basis,5.847927
Learned,Learned Basis,4.6163545
Learned,Learned Basis,5.0510597
Learned,Learned Basis,5.3384056
Learned,Learned Basis,5.4308043
Learned,Learned Basis,5.409708
Learned,Learned Basis,6.044011
Learned,Learned Basis,4.7194357
Learned,Learned Basis,5.5948563
Learned,Learned Basis,6.089792
Learned,Learned Basis,6.0108194
Learned,Learned Basis,5.400477
Learned,Learned Basis,5.5145025
Learned,Learned Basis,5.8744087
Learned,Learned Basis,5.6186085
Learned,Learned Basis,4.486439
Learned,Learned Basis,5.7101955
Learned,Learned Basis,6.244118
Learned,Learned Basis,6.646233
Learned,Learned Basis,4.7405963
Learned,Learned Basis,5.8017893
Learned,Learned Basis,5.2924566
Learned,Learned Basis,5.232139
Learned,Learned Basis,5.003852
Learned,Learned Basis,5.4170895
Learned,Learned Basis,4.813675
Learned,Learned Basis,4.723329
Learned,Learned Basis,4.5191674
Learned,Learned Basis,4.000207
Learned,Learned Basis,4.213321
Learned,Learned Basis,5.723827
Learned,Learned Basis,5.518511
Learned,Learned Basis,5.0556993
Learned,Learned Basis,4.834373
Learned,Learned Basis,4.976433
Learned,Learned Basis,5.613166
Learned,Learned Basis,6.1013613
Learned,Learned Basis,4.7255306
Learned,Learned Basis,5.5609136
Learned,Learned Basis,5.0317974
Learned,Learned Basis,6.493415
Learned,Learned Basis,5.8052044
Learned,Learned Basis,4.426321
Learned,Learned Basis,5.347904
Learned,Learned Basis,5.136654
Learned,Learned Basis,7.086038
Learned,Learned Basis,4.7283278
Learned,Learned Basis,5.468157
Learned,Learned Basis,5.329872
Learned,Learned Basis,7.392152
Learned,Learned Basis,6.292591
Learned,Learned Basis,4.352093
Learned,Learned Basis,5.6461816
Learned,Learned Basis,4.5022
Learned,Learned Basis,5.791072
Learned,Learned Basis,4.797277
Learned,Learned Basis,5.616803
Learned,Learned Basis,6.7917156
Learned,Learned Basis,5.781057
Learned,Learned Basis,4.365633
Learned,Learned Basis,6.060751
Learned,Learned Basis,5.129683
Learned,Learned Basis,4.9636016
Learned,Learned Basis,5.975684
Learned,Learned Basis,6.784675
Learned,Learned Basis,4.5488377
Learned,Learned Basis,4.7397513
Learned,Learned Basis,4.036674
Learned,Learned Basis,6.2993135
Learned,Learned Basis,5.2723145
Learned,Learned Basis,5.2156916
Learned,Learned Basis,5.127059
Learned,Learned Basis,5.9652085
Learned,Learned Basis,5.0385475
Learned,Learned Basis,6.70752
Learned,Learned Basis,5.285521
Learned,Learned Basis,5.3281045
Learned,Learned Basis,4.533307
Learned,Learned Basis,6.464811
Learned,Learned Basis,4.7998104
Learned,Learned Basis,4.5676827
Learned,Learned Basis,4.693165
Learned,Learned Basis,6.247287
Learned,Learned Basis,5.2747684
Learned,Learned Basis,6.015179
Learned,Learned Basis,5.9878964
Learned,Learned Basis,3.7233903
Learned,Learned Basis,5.4043455
Learned,Learned Basis,6.324115
Learned,Learned Basis,4.9174194
Learned,Learned Basis,4.601823
Learned,Learned Basis,7.4897213
Learned,Learned Basis,6.2929873
Learned,Learned Basis,4.6573563
Learned,Learned Basis,6.2584376
Learned,Learned Basis,6.2898264
Learned,Learned Basis,5.666457
Learned,Learned Basis,5.264988
Learned,Learned Basis,4.375784
Learned,Learned Basis,4.6032267
Learned,Learned Basis,5.1631694
Learned,Learned Basis,6.926622
Learned,Learned Basis,5.4524956
Learned,Learned Basis,5.0063972
Learned,Learned Basis,6.7706966
Learned,Learned Basis,4.415609
Learned,Learned Basis,4.521268
Learned,Learned Basis,5.854445
Learned,Learned Basis,5.67657
Learned,Learned Basis,6.215523
Learned,Learned Basis,5.398919
Learned,Learned Basis,7.0810056
Learned,Learned Basis,6.232868
Learned,Learned Basis,5.617452
Learned,Learned Basis,4.7797804
Learned,Learned Basis,5.9396367
Learned,Learned Basis,6.091648
Learned,Learned Basis,5.5334067
Learned,Learned Basis,5.3790708
Learned,Learned Basis,5.880328
Learned,Learned Basis,5.7473745
Learned,Learned Basis,5.4325647
Learned,Learned Basis,4.4673047
Learned,Learned Basis,5.837362
Learned,Learned Basis,4.2539535
Learned,Learned Basis,5.68659
Learned,Learned Basis,6.626397
Learned,Learned Basis,7.5103855
Learned,Learned Basis,5.1973333
Learned,Learned Basis,5.2667265
Learned,Learned Basis,5.6485076
Learned,Learned Basis,4.952115
Learned,Learned Basis,4.1071672
Learned,Learned Basis,4.749139
Learned,Learned Basis,4.9509497
Learned,Learned Basis,5.9140472
Learned,Learned Basis,5.0875797
Learned,Learned Basis,5.2979636
Learned,Learned Basis,6.9312525
Learned,Learned Basis,4.8919096
Learned,Learned Basis,6.199837
Learned,Learned Basis,5.2146773
Learned,Learned Basis,6.685028
Learned,Learned Basis,5.183071
Learned,Learned Basis,5.055831
Learned,Learned Basis,7.384465
Learned,Learned Basis,5.583541
Learned,Learned Basis,4.892462
Learned,Learned Basis,5.2885036
Learned,Learned Basis,5.903254
Learned,Learned Basis,5.4160666
Learned,Learned Basis,4.6697497
Learned,Learned Basis,5.8928213
Learned,Learned Basis,4.2701616
Learned,Learned Basis,5.2636666
Learned,Learned Basis,4.91883
Learned,Learned Basis,5.61089
Learned,Learned Basis,5.2050734
Learned,Learned Basis,5.8571024
Learned,Learned Basis,5.8698177
Learned,Learned Basis,6.2629185
Learned,Learned Basis,5.1576777
Learned,Learned Basis,4.3282886
Learned,Learned Basis,6.074665
Learned,Learned Basis,5.4082365
Learned,Learned Basis,6.2732816
Learned,Learned Basis,4.8037257
Learned,Learned Basis,6.0694494
Learned,Learned Basis,5.497616
Learned,Learned Basis,5.712407
Learned,Learned Basis,5.035714
Learned,Learned Basis,4.9907174
Learned,Learned Basis,5.339272
Learned,Learned Basis,5.2966313
Learned,Learned Basis,5.195614
Learned,Learned Basis,5.2148013
Learned,Learned Basis,6.249246
Learned,Learned Basis,5.380802
Learned,Learned Basis,4.9785223
Learned,Learned Basis,7.0276556
Learned,Learned Basis,3.8238275
Learned,Learned Basis,5.8085675
Learned,Learned Basis,5.5179644
Learned,Learned Basis,5.0488024
Learned,Learned Basis,5.185805
Learned,Learned Basis,6.1027427
Learned,Learned Basis,7.4613276
Learned,Learned Basis,4.1382713
Learned,Learned Basis,5.9812536
Learned,Learned Basis,5.084749
Learned,Learned Basis,5.0107837
Learned,Learned Basis,6.15644
Learned,Learned Basis,5.66356
Learned,Learned Basis,4.4452724
Learned,Learned Basis,5.114188
Learned,Learned Basis,3.806325
Learned,Learned Basis,5.858713
Learned,Learned Basis,4.912415
Learned,Learned Basis,5.772059
Learned,Learned Basis,4.473856
Learned,Learned Basis,6.007037
Learned,Learned Basis,4.5993605
Learned,Learned Basis,5.003215
Learned,Learned Basis,6.67074
Learned,Learned Basis,4.700738
Learned,Learned Basis,5.839843
Learned,Learned Basis,8.49324
Learned,Learned Basis,5.4479675
Learned,Learned Basis,5.163354
Learned,Learned Basis,6.903358
Learned,Learned Basis,5.53443
Learned,Learned Basis,6.168234
Learned,Learned Basis,5.449256
Learned,Learned Basis,4.980501
Learned,Learned Basis,4.871126
Learned,Learned Basis,6.8570046
Learned,Learned Basis,5.797329
Learned,Learned Basis,6.1318483
Learned,Learned Basis,6.2421675
Learned,Learned Basis,4.956934
Learned,Learned Basis,5.796317
Learned,Learned Basis,6.222012
Learned,Learned Basis,4.839505
Learned,Learned Basis,4.8606343
Learned,Learned Basis,5.69503
Learned,Learned Basis,5.8332424
Learned,Learned Basis,5.3169565
Learned,Learned Basis,4.5491714
Learned,Learned Basis,5.209641
Learned,Learned Basis,6.5113106
Learned,Learned Basis,4.914853
Learned,Learned Basis,4.8297915
Learned,Learned Basis,6.3295436
Learned,Learned Basis,6.091399
Learned,Learned Basis,5.2850103
Learned,Learned Basis,5.0110664
Learned,Learned Basis,5.530188
Learned,Learned Basis,5.7377024
Learned,Learned Basis,5.500279
Learned,Learned Basis,4.388924
Learned,Learned Basis,6.487729
Learned,Learned Basis,5.909023
Learned,Learned Basis,4.8389454
Learned,Learned Basis,5.059638
Learned,Learned Basis,5.501675
Learned,Learned Basis,6.667898
Learned,Learned Basis,4.7141128
Learned,Learned Basis,5.4735603
Learned,Learned Basis,5.420578
Learned,Learned Basis,6.96229
Learned,Learned Basis,5.3795166
Learned,Learned Basis,6.264449
Learned,Learned Basis,4.6149025
Learned,Learned Basis,4.4418526
Learned,Learned Basis,5.9746513
Learned,Learned Basis,4.7718544
Learned,Learned Basis,6.890306
Learned,Learned Basis,6.220787
Learned,Learned Basis,6.4999695
Learned,Learned Basis,6.569984
Learned,Learned Basis,5.4126697
Learned,Learned Basis,5.6359916
Learned,Learned Basis,4.652159
Learned,Learned Basis,5.051222
Learned,Learned Basis,5.0409837
Learned,Learned Basis,7.327185
Learned,Learned Basis,5.329037
Learned,Learned Basis,5.9158106
Learned,Learned Basis,6.2838087
Learned,Learned Basis,5.8030605
Learned,Learned Basis,4.453313
Learned,Learned Basis,6.040259
Learned,Learned Basis,5.963328
Learned,Learned Basis,5.782494
Learned,Learned Basis,4.4541245
Learned,Learned Basis,5.2719374
Learned,Learned Basis,6.022673
Learned,Learned Basis,5.506812
Learned,Learned Basis,5.259842
Learned,Learned Basis,6.1532426
Learned,Learned Basis,6.301437
Learned,Learned Basis,5.2637987
Learned,Learned Basis,5.8063555
Learned,Learned Basis,6.28918
Learned,Learned Basis,5.0711946
Learned,Learned Basis,5.993165
Learned,Learned Basis,4.9749165
Learned,Learned Basis,4.6267724
Learned,Learned Basis,5.631897
Learned,Learned Basis,5.8513737
Learned,Learned Basis,7.9572096
Learned,Learned Basis,5.4461865
Learned,Learned Basis,4.2355947
Learned,Learned Basis,4.8166423
Learned,Learned Basis,5.0289035
Learned,Learned Basis,5.5078526
Learned,Learned Basis,4.9692082
Learned,Learned Basis,6.4717526
Learned,Learned Basis,5.1202655
Learned,Learned Basis,6.336355
Learned,Learned Basis,5.1729393
Learned,Learned Basis,5.043919
Learned,Learned Basis,7.0635986
Learned,Learned Basis,6.0346594
Learned,Learned Basis,6.345379
Learned,Learned Basis,4.338828
Learned,Learned Basis,5.7216954
Learned,Learned Basis,7.4694595
Learned,Learned Basis,4.7331853
Learned,Learned Basis,4.998925
Learned,Learned Basis,5.89293
Learned,Learned Basis,5.938316
Learned,Learned Basis,6.111373
Learned,Learned Basis,4.7008905
Learned,Learned Basis,7.8015084
Learned,Learned Basis,5.441721
Learned,Learned Basis,4.862977
Learned,Learned Basis,7.5524874
Learned,Learned Basis,4.5336666
Learned,Learned Basis,6.973247
Learned,Learned Basis,6.7423067
Learned,Learned Basis,5.692153
Learned,Learned Basis,5.3963623
Learned,Learned Basis,5.0311847
Learned,Learned Basis,5.611988
Learned,Learned Basis,6.4959927
Learned,Learned Basis,4.874423
Learned,Learned Basis,6.2499995
Learned,Learned Basis,5.1121864
Learned,Learned Basis,5.5491295
Learned,Learned Basis,5.4734535
Learned,Learned Basis,5.301814
Learned,Learned Basis,4.5167437
Learned,Learned Basis,5.102604
Learned,Learned Basis,6.749428
Learned,Learned Basis,5.099046
Learned,Learned Basis,5.280568
Learned,Learned Basis,5.280529
Learned,Learned Basis,4.742824
Learned,Learned Basis,6.43025
Learned,Learned Basis,7.2422132
Learned,Learned Basis,5.860879
Learned,Learned Basis,4.6287317
Learned,Learned Basis,5.0060267
Learned,Learned Basis,5.310508
Learned,Learned Basis,6.270842
Learned,Learned Basis,6.2623777
Learned,Learned Basis,5.5173774
Learned,Learned Basis,5.239151
OFDM,Classical OFDM,7.40315
OFDM,Classical OFDM,6.906947
OFDM,Classical OFDM,7.2062855
OFDM,Classical OFDM,6.5224605
OFDM,Classical OFDM,6.643613
OFDM,Classical OFDM,6.5195074
OFDM,Classical OFDM,6.7781997
OFDM,Classical OFDM,5.9447665
OFDM,Classical OFDM,5.991919
OFDM,Classical OFDM,6.6137094
OFDM,Classical OFDM,8.727723
OFDM,Classical OFDM,6.1888437
OFDM,Classical OFDM,6.0660796
OFDM,Classical OFDM,6.3753743
OFDM,Classical OFDM,7.0860386
OFDM,Classical OFDM,6.4036994
OFDM,Classical OFDM,6.4274664
OFDM,Classical OFDM,7.065225
OFDM,Classical OFDM,5.873372
OFDM,Classical OFDM,5.739643
OFDM,Classical OFDM,8.504296
OFDM,Classical OFDM,5.2965474
OFDM,Classical OFDM,5.55002
OFDM,Classical OFDM,5.7796664
OFDM,Classical OFDM,7.391586
OFDM,Classical OFDM,6.651538
OFDM,Classical OFDM,7.674473
OFDM,Classical OFDM,6.070965
OFDM,Classical OFDM,6.8506384
OFDM,Classical OFDM,4.9372396
OFDM,Classical OFDM,7.118469
OFDM,Classical OFDM,8.71701
OFDM,Classical OFDM,7.074052
OFDM,Classical OFDM,6.018541
OFDM,Classical OFDM,6.9579577
OFDM,Classical OFDM,7.116522
OFDM,Classical OFDM,6.930499
OFDM,Classical OFDM,6.619873
OFDM,Classical OFDM,5.4100704
OFDM,Classical OFDM,6.71042
OFDM,Classical OFDM,7.433526
OFDM,Classical OFDM,6.578184
OFDM,Classical OFDM,6.1905346
OFDM,Classical OFDM,7.558284
OFDM,Classical OFDM,9.753334
OFDM,Classical OFDM,8.321025
OFDM,Classical OFDM,6.3549795
OFDM,Classical OFDM,5.852991
OFDM,Classical OFDM,7.566389
OFDM,Classical OFDM,5.2792144
OFDM,Classical OFDM,7.0945888
OFDM,Classical OFDM,4.741195
OFDM,Classical OFDM,7.560957
OFDM,Classical OFDM,5.478506
OFDM,Classical OFDM,7.5811434
OFDM,Classical OFDM,4.865498
OFDM,Classical OFDM,5.62986
OFDM,Classical OFDM,7.8581734
OFDM,Classical OFDM,8.244197
OFDM,Classical OFDM,5.7576656
OFDM,Classical OFDM,6.514887
OFDM,Classical OFDM,7.3252525
OFDM,Classical OFDM,6.732232
OFDM,Classical OFDM,7.8880982
OFDM,Classical OFDM,7.3241944
OFDM,Classical OFDM,6.9682436
OFDM,Classical OFDM,8.21195
OFDM,Classical OFDM,7.898271
OFDM,Classical OFDM,7.299453
OFDM,Classical OFDM,6.3549433
OFDM,Classical OFDM,8.72617
OFDM,Classical OFDM,6.0192947
OFDM,Classical OFDM,6.795616
OFDM,Classical OFDM,5.543456
OFDM,Classical OFDM,7.9390173
OFDM,Classical OFDM,8.986882
OFDM,Classical OFDM,6.300902
OFDM,Classical OFDM,6.8266745
OFDM,Classical OFDM,5.6176066
OFDM,Classical OFDM,6.862589
OFDM,Classical OFDM,6.3872046
OFDM,Classical OFDM,7.5927773
OFDM,Classical OFDM,7.958655
OFDM,Classical OFDM,6.3606973
OFDM,Classical OFDM,7.7851744
OFDM,Classical OFDM,5.1323433
OFDM,Classical OFDM,6.102901
OFDM,Classical OFDM,6.608172
OFDM,Classical OFDM,8.6069765
OFDM,Classical OFDM,6.325018
OFDM,Classical OFDM,5.662143
OFDM,Classical OFDM,6.343944
OFDM,Classical OFDM,5.95942
OFDM,Classical OFDM,6.147806
OFDM,Classical OFDM,5.46469
OFDM,Classical OFDM,5.2267833
OFDM,Classical OFDM,7.723956
OFDM,Classical OFDM,8.492671
OFDM,Classical OFDM,6.994059
OFDM,Classical OFDM,6.260996
OFDM,Classical OFDM,6.1677637
OFDM,Classical OFDM,7.2620387
OFDM,Classical OFDM,6.352195
OFDM,Classical OFDM,5.529523
OFDM,Classical OFDM,6.588318
OFDM,Classical OFDM,5.5092173
OFDM,Classical OFDM,5.514732
OFDM,Classical OFDM,8.997852
OFDM,Classical OFDM,6.387906
OFDM,Classical OFDM,5.903545
OFDM,Classical OFDM,8.876359
OFDM,Classical OFDM,6.2559834
OFDM,Classical OFDM,5.305369
OFDM,Classical OFDM,6.505954
OFDM,Classical OFDM,6.751389
OFDM,Classical OFDM,5.3586173
OFDM,Classical OFDM,5.837905
OFDM,Classical OFDM,6.197825
OFDM,Classical OFDM,6.130502
OFDM,Classical OFDM,9.573103
OFDM,Classical OFDM,6.0923433
OFDM,Classical OFDM,5.404729
OFDM,Classical OFDM,5.9994864
OFDM,Classical OFDM,7.740486
OFDM,Classical OFDM,7.3583965
OFDM,Classical OFDM,6.469508
OFDM,Classical OFDM,8.499742
OFDM,Classical OFDM,7.256308
OFDM,Classical OFDM,6.9797497
OFDM,Classical OFDM,4.9460983
OFDM,Classical OFDM,5.5893564
OFDM,Classical OFDM,8.125695
OFDM,Classical OFDM,8.563635
OFDM,Classical OFDM,6.525919
OFDM,Classical OFDM,6.0408807
OFDM,Classical OFDM,5.976944
OFDM,Classical OFDM,8.48192
OFDM,Classical OFDM,6.4831085
OFDM,Classical OFDM,8.590294
OFDM,Classical OFDM,5.466775
OFDM,Classical OFDM,5.674835
OFDM,Classical OFDM,6.762205
OFDM,Classical OFDM,6.4420443
OFDM,Classical OFDM,7.709285
OFDM,Classical OFDM,5.2695894
OFDM,Classical OFDM,5.471444
OFDM,Classical OFDM,5.414057
OFDM,Classical OFDM,6.9356413
OFDM,Classical OFDM,6.466065
OFDM,Classical OFDM,7.090317
OFDM,Classical OFDM,7.2389193
OFDM,Classical OFDM,8.0464115
OFDM,Classical OFDM,6.323459
OFDM,Classical OFDM,7.7274446
OFDM,Classical OFDM,5.9398174
OFDM,Classical OFDM,7.886157
OFDM,Classical OFDM,8.73302
OFDM,Classical OFDM,6.880494
OFDM,Classical OFDM,6.8443003
OFDM,Classical OFDM,6.2438655
OFDM,Classical OFDM,7.595127
OFDM,Classical OFDM,5.8399577
OFDM,Classical OFDM,6.018042
OFDM,Classical OFDM,6.393349
OFDM,Classical OFDM,5.7758684
OFDM,Classical OFDM,6.495185
OFDM,Classical OFDM,9.725836
OFDM,Classical OFDM,6.091438
OFDM,Classical OFDM,6.145535
OFDM,Classical OFDM,6.658966
OFDM,Classical OFDM,6.741252
OFDM,Classical OFDM,5.225914
OFDM,Classical OFDM,6.422369
OFDM,Classical OFDM,7.523898
OFDM,Classical OFDM,6.7139416
OFDM,Classical OFDM,6.1950974
OFDM,Classical OFDM,5.7958894
OFDM,Classical OFDM,6.9234953
OFDM,Classical OFDM,6.6014104
OFDM,Classical OFDM,7.324705
OFDM,Classical OFDM,5.5186515
OFDM,Classical OFDM,6.3757253
OFDM,Classical OFDM,5.7737236
OFDM,Classical OFDM,8.13019
OFDM,Classical OFDM,6.372921
OFDM,Classical OFDM,6.487241
OFDM,Classical OFDM,6.9479895
OFDM,Classical OFDM,6.350046
OFDM,Classical OFDM,7.4003177
OFDM,Classical OFDM,5.137978
OFDM,Classical OFDM,7.3314238
OFDM,Classical OFDM,7.2363176
OFDM,Classical OFDM,6.156487
OFDM,Classical OFDM,9.340271
OFDM,Classical OFDM,7.753811
OFDM,Classical OFDM,6.5065093
OFDM,Classical OFDM,6.000329
OFDM,Classical OFDM,7.6671867
OFDM,Classical OFDM,5.9971905
OFDM,Classical OFDM,6.763578
OFDM,Classical OFDM,5.7899513
OFDM,Classical OFDM,7.894805
OFDM,Classical OFDM,6.308569
OFDM,Classical OFDM,6.6006327
OFDM,Classical OFDM,6.4094343
OFDM,Classical OFDM,7.3356576
OFDM,Classical OFDM,6.3645544
OFDM,Classical OFDM,7.057507
OFDM,Classical OFDM,6.5099087
OFDM,Classical OFDM,5.9429975
OFDM,Classical OFDM,6.9465394
OFDM,Classical OFDM,5.6760607
OFDM,Classical OFDM,7.744069
OFDM,Classical OFDM,5.864177
OFDM,Classical OFDM,4.502081
OFDM,Classical OFDM,5.939623
OFDM,Classical OFDM,6.759098
OFDM,Classical OFDM,8.506946
OFDM,Classical OFDM,4.9008517
OFDM,Classical OFDM,7.0278263
OFDM,Classical OFDM,7.415059
OFDM,Classical OFDM,7.491949
OFDM,Classical OFDM,6.976504
OFDM,Classical OFDM,6.449567
OFDM,Classical OFDM,7.1465197
OFDM,Classical OFDM,7.8826523
OFDM,Classical OFDM,5.6582146
OFDM,Classical OFDM,8.166536
OFDM,Classical OFDM,7.5732813
OFDM,Classical OFDM,6.123727
OFDM,Classical OFDM,7.443325
OFDM,Classical OFDM,6.127858
OFDM,Classical OFDM,7.9985957
OFDM,Classical OFDM,6.727838
OFDM,Classical OFDM,6.814862
OFDM,Classical OFDM,7.832825
OFDM,Classical OFDM,6.057452
OFDM,Classical OFDM,6.7252436
OFDM,Classical OFDM,7.077641
OFDM,Classical OFDM,4.835749
OFDM,Classical OFDM,6.8945723
OFDM,Classical OFDM,9.16727
OFDM,Classical OFDM,6.721127
OFDM,Classical OFDM,6.0643854
OFDM,Classical OFDM,5.972554
OFDM,Classical OFDM,7.4904866
OFDM,Classical OFDM,7.1460295
OFDM,Classical OFDM,7.864425
OFDM,Classical OFDM,5.7405133
OFDM,Classical OFDM,8.953255
OFDM,Classical OFDM,4.9675446
OFDM,Classical OFDM,7.6745977
OFDM,Classical OFDM,4.7937255
OFDM,Classical OFDM,5.860199
OFDM,Classical OFDM,6.235484
OFDM,Classical OFDM,8.418232
OFDM,Classical OFDM,5.5379906
OFDM,Classical OFDM,5.612818
OFDM,Classical OFDM,7.0768633
OFDM,Classical OFDM,5.5468683
OFDM,Classical OFDM,6.472987
OFDM,Classical OFDM,5.713899
OFDM,Classical OFDM,7.7791953
OFDM,Classical OFDM,6.294298
OFDM,Classical OFDM,6.0641956
OFDM,Classical OFDM,5.7327514
OFDM,Classical OFDM,6.4869967
OFDM,Classical OFDM,6.055243
OFDM,Classical OFDM,7.192349
OFDM,Classical OFDM,7.4819098
OFDM,Classical OFDM,6.3394566
OFDM,Classical OFDM,7.7863035
OFDM,Classical OFDM,6.45699
OFDM,Classical OFDM,5.8673754
OFDM,Classical OFDM,5.3016405
OFDM,Classical OFDM,5.723361
OFDM,Classical OFDM,5.885015
OFDM,Classical OFDM,5.897277
OFDM,Classical OFDM,6.8447056
OFDM,Classical OFDM,6.2839556
OFDM,Classical OFDM,4.451686
OFDM,Classical OFDM,6.454589
OFDM,Classical OFDM,6.996566
OFDM,Classical OFDM,5.007985
OFDM,Classical OFDM,6.8225675
OFDM,Classical OFDM,7.0332613
OFDM,Classical OFDM,6.193694
OFDM,Classical OFDM,5.8138456
OFDM,Classical OFDM,5.806406
OFDM,Classical OFDM,5.6405554
OFDM,Classical OFDM,6.0223813
OFDM,Classical OFDM,7.713328
OFDM,Classical OFDM,7.1236067
OFDM,Classical OFDM,6.490834
OFDM,Classical OFDM,6.0804195
OFDM,Classical OFDM,8.216027
OFDM,Classical OFDM,9.842489
OFDM,Classical OFDM,6.792799
OFDM,Classical OFDM,6.5890265
OFDM,Classical OFDM,6.0300465
OFDM,Classical OFDM,6.2082024
OFDM,Classical OFDM,6.1448236
OFDM,Classical OFDM,5.93889
OFDM,Classical OFDM,7.0617037
OFDM,Classical OFDM,7.632894
OFDM,Classical OFDM,6.01423
OFDM,Classical OFDM,5.0284314
OFDM,Classical OFDM,6.9214973
OFDM,Classical OFDM,6.9259033
OFDM,Classical OFDM,6.22801
OFDM,Classical OFDM,6.0373287
OFDM,Classical OFDM,7.354588
OFDM,Classical OFDM,8.065552
OFDM,Classical OFDM,9.701142
OFDM,Classical OFDM,4.758265
OFDM,Classical OFDM,7.6880465
OFDM,Classical OFDM,7.081896
OFDM,Classical OFDM,8.560845
OFDM,Classical OFDM,6.4395313
OFDM,Classical OFDM,4.9655685
OFDM,Classical OFDM,8.018778
OFDM,Classical OFDM,5.8301473
OFDM,Classical OFDM,6.478581
OFDM,Classical OFDM,9.001714
OFDM,Classical OFDM,5.597925
OFDM,Classical OFDM,8.98126
OFDM,Classical OFDM,5.8403664
OFDM,Classical OFDM,6.1837263
OFDM,Classical OFDM,7.08062
OFDM,Classical OFDM,8.576249
OFDM,Classical OFDM,8.154742
OFDM,Classical OFDM,7.025173
OFDM,Classical OFDM,6.7397456
OFDM,Classical OFDM,7.3473077
OFDM,Classical OFDM,5.9872904
OFDM,Classical OFDM,6.662015
OFDM,Classical OFDM,6.6579866
OFDM,Classical OFDM,6.7678547
OFDM,Classical OFDM,5.3673215
OFDM,Classical OFDM,6.2111864
OFDM,Classical OFDM,5.763433
OFDM,Classical OFDM,6.063446
OFDM,Classical OFDM,7.1089864
OFDM,Classical OFDM,5.008301
OFDM,Classical OFDM,5.6496005
OFDM,Classical OFDM,7.241867
OFDM,Classical OFDM,7.592327
OFDM,Classical OFDM,4.8059154
OFDM,Classical OFDM,5.730426
OFDM,Classical OFDM,6.8689156
OFDM,Classical OFDM,6.1848555
OFDM,Classical OFDM,6.5615945
OFDM,Classical OFDM,6.2344637
OFDM,Classical OFDM,6.3371773
OFDM,Classical OFDM,8.158339
OFDM,Classical OFDM,7.4489365
OFDM,Classical OFDM,7.308446
OFDM,Classical OFDM,5.9924316
OFDM,Classical OFDM,6.116789
OFDM,Classical OFDM,6.0110493
OFDM,Classical OFDM,6.7470317
OFDM,Classical OFDM,6.1161404
OFDM,Classical OFDM,6.9866843
OFDM,Classical OFDM,6.3217096
OFDM,Classical OFDM,5.7738686
OFDM,Classical OFDM,6.2632504
OFDM,Classical OFDM,8.26486
OFDM,Classical OFDM,6.5551944
OFDM,Classical OFDM,6.549224
OFDM,Classical OFDM,9.13028
OFDM,Classical OFDM,6.652806
OFDM,Classical OFDM,6.7217264
OFDM,Classical OFDM,5.3655095
OFDM,Classical OFDM,5.346101
OFDM,Classical OFDM,4.4966445
OFDM,Classical OFDM,4.713704
OFDM,Classical OFDM,6.200089
OFDM,Classical OFDM,6.54146
OFDM,Classical OFDM,7.4123936
OFDM,Classical OFDM,6.8099093
OFDM,Classical OFDM,5.7766314
OFDM,Classical OFDM,6.320998
OFDM,Classical OFDM,6.63845
OFDM,Classical OFDM,7.5830774
OFDM,Classical OFDM,8.472973
OFDM,Classical OFDM,8.0259905
OFDM,Classical OFDM,6.84876
OFDM,Classical OFDM,7.8482013
OFDM,Classical OFDM,7.3610663
OFDM,Classical OFDM,6.05547
OFDM,Classical OFDM,6.701383
OFDM,Classical OFDM,5.727579
OFDM,Classical OFDM,5.799825
OFDM,Classical OFDM,5.758369
OFDM,Classical OFDM,7.1463737
OFDM,Classical OFDM,6.3420987
OFDM,Classical OFDM,6.8367743
OFDM,Classical OFDM,7.699923
OFDM,Classical OFDM,6.1588917
OFDM,Classical OFDM,7.074594
OFDM,Classical OFDM,7.2146454
OFDM,Classical OFDM,7.109398
OFDM,Classical OFDM,6.2708273
OFDM,Classical OFDM,7.972884
OFDM,Classical OFDM,8.920459
OFDM,Classical OFDM,5.5043316
OFDM,Classical OFDM,8.800395
OFDM,Classical OFDM,6.656152
OFDM,Classical OFDM,7.504649
OFDM,Classical OFDM,5.600733
OFDM,Classical OFDM,6.6222916
OFDM,Classical OFDM,5.753372
OFDM,Classical OFDM,7.5183764
OFDM,Classical OFDM,7.3393226
OFDM,Classical OFDM,5.1430793
OFDM,Classical OFDM,6.338701
OFDM,Classical OFDM,7.6913505
OFDM,Classical OFDM,5.3658204
OFDM,Classical OFDM,7.767371
OFDM,Classical OFDM,6.9261456
OFDM,Classical OFDM,6.7262955
OFDM,Classical OFDM,7.8107243
OFDM,Classical OFDM,7.1603765
OFDM,Classical OFDM,7.6321573
OFDM,Classical OFDM,4.971353
OFDM,Classical OFDM,8.197413
OFDM,Classical OFDM,6.2306347
OFDM,Classical OFDM,5.787918
OFDM,Classical OFDM,5.940106
OFDM,Classical OFDM,6.463864
OFDM,Classical OFDM,4.8511825
OFDM,Classical OFDM,6.5322547
OFDM,Classical OFDM,7.6524954
OFDM,Classical OFDM,6.3656807
OFDM,Classical OFDM,5.986378
OFDM,Classical OFDM,8.176726
OFDM,Classical OFDM,8.208455
OFDM,Classical OFDM,5.7472906
OFDM,Classical OFDM,7.0095706
OFDM,Classical OFDM,7.5822635
OFDM,Classical OFDM,8.191782
OFDM,Classical OFDM,7.868386
OFDM,Classical OFDM,6.1074142
OFDM,Classical OFDM,6.424402
OFDM,Classical OFDM,7.2070274
OFDM,Classical OFDM,5.996179
OFDM,Classical OFDM,7.5711293
OFDM,Classical OFDM,6.283686
OFDM,Classical OFDM,6.3052692
OFDM,Classical OFDM,5.8821363
OFDM,Classical OFDM,6.473135
OFDM,Classical OFDM,8.487122
OFDM,Classical OFDM,6.651688
OFDM,Classical OFDM,6.2270713
OFDM,Classical OFDM,6.3128195
OFDM,Classical OFDM,6.384354
OFDM,Classical OFDM,8.03234
OFDM,Classical OFDM,8.453616
OFDM,Classical OFDM,6.270624
OFDM,Classical OFDM,6.857302
OFDM,Classical OFDM,6.1223984
OFDM,Classical OFDM,5.0705004
OFDM,Classical OFDM,5.6831765
OFDM,Classical OFDM,6.866893
OFDM,Classical OFDM,7.4365664
OFDM,Classical OFDM,6.846447
OFDM,Classical OFDM,6.067479
OFDM,Classical OFDM,8.336539
OFDM,Classical OFDM,5.345007
OFDM,Classical OFDM,5.8831396
OFDM,Classical OFDM,8.754149
OFDM,Classical OFDM,6.0936766
OFDM,Classical OFDM,6.5995336
OFDM,Classical OFDM,6.285856
OFDM,Classical OFDM,8.100108
OFDM,Classical OFDM,8.552807
OFDM,Classical OFDM,6.3652296
OFDM,Classical OFDM,7.649526
OFDM,Classical OFDM,7.1007323
OFDM,Classical OFDM,5.9496593
OFDM,Classical OFDM,6.2447357
OFDM,Classical OFDM,8.016215
OFDM,Classical OFDM,6.169443
OFDM,Classical OFDM,7.0559144
OFDM,Classical OFDM,7.0395603
OFDM,Classical OFDM,7.14211
OFDM,Classical OFDM,6.2928944
OFDM,Classical OFDM,5.655865
OFDM,Classical OFDM,5.7768373
OFDM,Classical OFDM,5.760703
OFDM,Classical OFDM,5.3692474
OFDM,Classical OFDM,8.391368
OFDM,Classical OFDM,6.565959
OFDM,Classical OFDM,6.0851192
OFDM,Classical OFDM,4.4098396
OFDM,Classical OFDM,7.21941
OFDM,Classical OFDM,7.5174274
OFDM,Classical OFDM,5.8472776
OFDM,Classical OFDM,6.5702753
OFDM,Classical OFDM,5.0254827
OFDM,Classical OFDM,6.1825943
OFDM,Classical OFDM,5.515876
OFDM,Classical OFDM,5.210528
OFDM,Classical OFDM,9.070052
OFDM,Classical OFDM,5.605135
OFDM,Classical OFDM,6.6143494
OFDM,Classical OFDM,6.4154634
OFDM,Classical OFDM,6.5394287
OFDM,Classical OFDM,6.5463614
OFDM,Classical OFDM,5.6200943
OFDM,Classical OFDM,6.427278
OFDM,Classical OFDM,5.8926764
OFDM,Classical OFDM,7.863216
OFDM,Classical OFDM,6.1090636
OFDM,Classical OFDM,5.9784656
OFDM,Classical OFDM,7.0817633
OFDM,Classical OFDM,6.2155895
OFDM,Classical OFDM,6.220502
OFDM,Classical OFDM,5.9583263
OFDM,Classical OFDM,8.006896
OFDM,Classical OFDM,5.9573107
OFDM,Classical OFDM,6.3324924
OFDM,Classical OFDM,6.2536364
OFDM,Classical OFDM,6.2959623
OFDM,Classical OFDM,5.9361916
OFDM,Classical OFDM,5.679195
OFDM,Classical OFDM,5.325283
OFDM,Classical OFDM,8.07681
OFDM,Classical OFDM,7.162623
OFDM,Classical OFDM,6.8918133
OFDM,Classical OFDM,8.64945
OFDM,Classical OFDM,7.236434
OFDM,Classical OFDM,6.7773848
OFDM,Classical OFDM,6.0917006
OFDM,Classical OFDM,7.2979727
OFDM,Classical OFDM,7.172609
OFDM,Classical OFDM,8.363041
OFDM,Classical OFDM,7.801314
OFDM,Classical OFDM,7.829668
OFDM,Classical OFDM,4.4703546
OFDM,Classical OFDM,4.9323144
OFDM,Classical OFDM,7.1980915
OFDM,Classical OFDM,7.700547
OFDM,Classical OFDM,7.801717
OFDM,Classical OFDM,7.2156096
OFDM,Classical OFDM,7.2355084
OFDM,Classical OFDM,5.451024
OFDM,Classical OFDM,6.989687
OFDM,Classical OFDM,6.1955395
OFDM,Classical OFDM,8.512121
OFDM,Classical OFDM,5.439616
OFDM,Classical OFDM,7.2731495
OFDM,Classical OFDM,6.0845146
OFDM,Classical OFDM,7.200362
OFDM,Classical OFDM,8.301703
OFDM,Classical OFDM,6.220103
OFDM,Classical OFDM,5.2260075
OFDM,Classical OFDM,6.949463
OFDM,Classical OFDM,6.5965743
OFDM,Classical OFDM,5.5501604
OFDM,Classical OFDM,7.071695
OFDM,Classical OFDM,7.1146007
OFDM,Classical OFDM,7.542409
OFDM,Classical OFDM,6.9882526
OFDM,Classical OFDM,5.698778
OFDM,Classical OFDM,6.077465
OFDM,Classical OFDM,5.3563523
OFDM,Classical OFDM,8.249925
OFDM,Classical OFDM,7.3647633
OFDM,Classical OFDM,7.1783824
OFDM,Classical OFDM,6.054135
OFDM,Classical OFDM,6.295191
OFDM,Classical OFDM,5.6760306
OFDM,Classical OFDM,8.148753
OFDM,Classical OFDM,6.290844
OFDM,Classical OFDM,7.1265264
OFDM,Classical OFDM,7.1833186
OFDM,Classical OFDM,7.03755
OFDM,Classical OFDM,5.8734217
OFDM,Classical OFDM,7.9534655
OFDM,Classical OFDM,6.0635033
OFDM,Classical OFDM,6.08167
OFDM,Classical OFDM,5.5495186
OFDM,Classical OFDM,5.9494963
OFDM,Classical OFDM,6.2118535
OFDM,Classical OFDM,7.7420783
OFDM,Classical OFDM,4.9169593
OFDM,Classical OFDM,6.0494356
OFDM,Classical OFDM,6.788113
OFDM,Classical OFDM,7.058025
OFDM,Classical OFDM,7.79494
OFDM,Classical OFDM,6.451328
OFDM,Classical OFDM,6.8571196
OFDM,Classical OFDM,7.0355325
OFDM,Classical OFDM,7.221471
OFDM,Classical OFDM,7.046538
OFDM,Classical OFDM,8.915581
OFDM,Classical OFDM,5.946082
OFDM,Classical OFDM,8.680345
OFDM,Classical OFDM,5.607931
OFDM,Classical OFDM,5.5516863
OFDM,Classical OFDM,6.0311007
OFDM,Classical OFDM,7.5686126
OFDM,Classical OFDM,6.256838
OFDM,Classical OFDM,7.305036
OFDM,Classical OFDM,6.6375313
OFDM,Classical OFDM,5.4743643
OFDM,Classical OFDM,6.7183027
OFDM,Classical OFDM,6.697856
OFDM,Classical OFDM,7.8798175
OFDM,Classical OFDM,6.893249
OFDM,Classical OFDM,8.831999
OFDM,Classical OFDM,5.788035
OFDM,Classical OFDM,6.7885447
OFDM,Classical OFDM,7.0592356
OFDM,Classical OFDM,7.018214
OFDM,Classical OFDM,5.738266
OFDM,Classical OFDM,5.7061224
OFDM,Classical OFDM,6.727315
OFDM,Classical OFDM,8.0025015
OFDM,Classical OFDM,6.7538543
OFDM,Classical OFDM,5.7361217
OFDM,Classical OFDM,7.814608
OFDM,Classical OFDM,6.5480757
OFDM,Classical OFDM,6.700589
OFDM,Classical OFDM,6.9976716
OFDM,Classical OFDM,7.768176
OFDM,Classical OFDM,5.839613
OFDM,Classical OFDM,4.9044156
OFDM,Classical OFDM,7.6415863
OFDM,Classical OFDM,7.3968163
OFDM,Classical OFDM,6.1857944
OFDM,Classical OFDM,5.7814875
OFDM,Classical OFDM,5.846853
OFDM,Classical OFDM,6.9688845
OFDM,Classical OFDM,7.9952927
OFDM,Classical OFDM,5.900831
OFDM,Classical OFDM,5.727541
OFDM,Classical OFDM,7.5449705
OFDM,Classical OFDM,6.5406637
OFDM,Classical OFDM,5.7691936
OFDM,Classical OFDM,6.4159584
OFDM,Classical OFDM,6.795323
OFDM,Classical OFDM,7.4433703
OFDM,Classical OFDM,6.5219827
OFDM,Classical OFDM,6.522989
OFDM,Classical OFDM,6.884587
OFDM,Classical OFDM,7.001562
OFDM,Classical OFDM,6.1138196
OFDM,Classical OFDM,6.571142
OFDM,Classical OFDM,4.8242464
OFDM,Classical OFDM,7.4092035
OFDM,Classical OFDM,4.9283357
OFDM,Classical OFDM,6.2000027
OFDM,Classical OFDM,6.8406944
OFDM,Classical OFDM,7.2174654
OFDM,Classical OFDM,6.8044443
OFDM,Classical OFDM,6.2772365
OFDM,Classical OFDM,8.677874
OFDM,Classical OFDM,5.5090475
OFDM,Classical OFDM,6.671831
OFDM,Classical OFDM,7.439614
OFDM,Classical OFDM,5.0783463
OFDM,Classical OFDM,5.3495216
OFDM,Classical OFDM,6.1569967
OFDM,Classical OFDM,6.3044114
OFDM,Classical OFDM,7.756147
OFDM,Classical OFDM,7.160865
OFDM,Classical OFDM,6.853743
OFDM,Classical OFDM,5.708759
OFDM,Classical OFDM,6.313148
OFDM,Classical OFDM,4.992027
OFDM,Classical OFDM,6.890574
OFDM,Classical OFDM,9.647146
OFDM,Classical OFDM,5.7902603
OFDM,Classical OFDM,6.125691
OFDM,Classical OFDM,7.4799643
OFDM,Classical OFDM,7.3429065
OFDM,Classical OFDM,5.987957
OFDM,Classical OFDM,6.3631625
OFDM,Classical OFDM,7.30763
OFDM,Classical OFDM,6.0164065
OFDM,Classical OFDM,7.767956
OFDM,Classical OFDM,6.3586655
OFDM,Classical OFDM,7.918805
OFDM,Classical OFDM,7.1297865
OFDM,Classical OFDM,6.0154734
OFDM,Classical OFDM,4.977842
OFDM,Classical OFDM,6.619882
OFDM,Classical OFDM,8.090929
OFDM,Classical OFDM,6.426733
OFDM,Classical OFDM,6.8999057
OFDM,Classical OFDM,6.180575
OFDM,Classical OFDM,6.0323577
OFDM,Classical OFDM,6.74596
OFDM,Classical OFDM,7.499254
OFDM,Classical OFDM,6.5917754
OFDM,Classical OFDM,7.6436753
OFDM,Classical OFDM,6.955325
OFDM,Classical OFDM,7.3848705
OFDM,Classical OFDM,7.6200743
OFDM,Classical OFDM,5.975607
OFDM,Classical OFDM,5.692464
OFDM,Classical OFDM,5.4802628
OFDM,Classical OFDM,5.4828076
OFDM,Classical OFDM,5.4932375
OFDM,Classical OFDM,6.2851024
OFDM,Classical OFDM,6.8143077
OFDM,Classical OFDM,5.317581
OFDM,Classical OFDM,8.685366
OFDM,Classical OFDM,5.754612
OFDM,Classical OFDM,5.414932
OFDM,Classical OFDM,5.4541388
OFDM,Classical OFDM,5.488699
OFDM,Classical OFDM,6.144182
OFDM,Classical OFDM,5.0191765
OFDM,Classical OFDM,8.490097
OFDM,Classical OFDM,6.461511
OFDM,Classical OFDM,5.34674
OFDM,Classical OFDM,6.842
OFDM,Classical OFDM,5.9720974
OFDM,Classical OFDM,6.2420816
OFDM,Classical OFDM,7.239979
OFDM,Classical OFDM,6.73609
OFDM,Classical OFDM,5.734502
OFDM,Classical OFDM,5.849257
OFDM,Classical OFDM,5.5103035
OFDM,Classical OFDM,5.8005743
OFDM,Classical OFDM,6.5326858
OFDM,Classical OFDM,5.504345
OFDM,Classical OFDM,6.4936275
OFDM,Classical OFDM,6.2149544
OFDM,Classical OFDM,6.2513313
OFDM,Classical OFDM,7.356516
OFDM,Classical OFDM,7.4699917
OFDM,Classical OFDM,7.0186987
OFDM,Classical OFDM,6.1361485
OFDM,Classical OFDM,6.302022
OFDM,Classical OFDM,6.9108686
OFDM,Classical OFDM,7.995481
OFDM,Classical OFDM,6.3795347
OFDM,Classical OFDM,6.577437
OFDM,Classical OFDM,5.075036
OFDM,Classical OFDM,5.8784256
OFDM,Classical OFDM,6.024266
OFDM,Classical OFDM,6.709399
OFDM,Classical OFDM,5.239394
OFDM,Classical OFDM,5.890172
OFDM,Classical OFDM,7.232629
OFDM,Classical OFDM,6.571265
OFDM,Classical OFDM,6.146915
OFDM,Classical OFDM,7.806776
OFDM,Classical OFDM,5.870295
OFDM,Classical OFDM,6.2169237
OFDM,Classical OFDM,5.035907
OFDM,Classical OFDM,6.9599767
OFDM,Classical OFDM,5.6223555
OFDM,Classical OFDM,6.5974736
OFDM,Classical OFDM,5.8126364
OFDM,Classical OFDM,7.00084
OFDM,Classical OFDM,6.5957737
OFDM,Classical OFDM,7.9093227
OFDM,Classical OFDM,6.2475004
OFDM,Classical OFDM,6.126335
OFDM,Classical OFDM,5.216019
OFDM,Classical OFDM,7.4696426
OFDM,Classical OFDM,7.645009
OFDM,Classical OFDM,8.321703
OFDM,Classical OFDM,7.8953032
OFDM,Classical OFDM,5.6984606
OFDM,Classical OFDM,5.73327
OFDM,Classical OFDM,6.5379453
OFDM,Classical OFDM,7.265854
OFDM,Classical OFDM,5.267908
OFDM,Classical OFDM,8.606749
OFDM,Classical OFDM,5.054202
OFDM,Classical OFDM,5.942484
OFDM,Classical OFDM,8.617741
OFDM,Classical OFDM,8.342065
OFDM,Classical OFDM,8.106793
OFDM,Classical OFDM,5.4190598
OFDM,Classical OFDM,5.495875
OFDM,Classical OFDM,6.4958553
OFDM,Classical OFDM,6.165394
OFDM,Classical OFDM,8.5084715
OFDM,Classical OFDM,6.6689367
OFDM,Classical OFDM,6.607962
OFDM,Classical OFDM,6.8650837
OFDM,Classical OFDM,6.0660057
OFDM,Classical OFDM,5.994858
OFDM,Classical OFDM,6.4687705
OFDM,Classical OFDM,6.1195927
OFDM,Classical OFDM,6.4463277
OFDM,Classical OFDM,8.417211
OFDM,Classical OFDM,7.609187
OFDM,Classical OFDM,6.685744
OFDM,Classical OFDM,4.7032366
OFDM,Classical OFDM,6.4154673
OFDM,Classical OFDM,5.662425
OFDM,Classical OFDM,5.225472
OFDM,Classical OFDM,6.354533
OFDM,Classical OFDM,7.187336
OFDM,Classical OFDM,6.6177454
OFDM,Classical OFDM,6.729763
OFDM,Classical OFDM,8.10765
OFDM,Classical OFDM,8.637738
OFDM,Classical OFDM,5.8749847
OFDM,Classical OFDM,7.501473
OFDM,Classical OFDM,7.335395
OFDM,Classical OFDM,5.5819435
OFDM,Classical OFDM,7.2189546
OFDM,Classical OFDM,7.6442223
OFDM,Classical OFDM,5.6328564
OFDM,Classical OFDM,6.842264
OFDM,Classical OFDM,7.207591
OFDM,Classical OFDM,7.35314
OFDM,Classical OFDM,5.621603
OFDM,Classical OFDM,5.009026
OFDM,Classical OFDM,5.6389003
OFDM,Classical OFDM,5.2825336
OFDM,Classical OFDM,5.3017836
OFDM,Classical OFDM,5.299714
OFDM,Classical OFDM,5.872348
OFDM,Classical OFDM,6.654517
OFDM,Classical OFDM,6.295288
OFDM,Classical OFDM,6.769724
OFDM,Classical OFDM,6.6693354
OFDM,Classical OFDM,5.9210353
OFDM,Classical OFDM,7.4638023
OFDM,Classical OFDM,7.0492887
OFDM,Classical OFDM,6.9368052
OFDM,Classical OFDM,6.735224
OFDM,Classical OFDM,8.199243
OFDM,Classical OFDM,6.0136657
OFDM,Classical OFDM,5.9171953
OFDM,Classical OFDM,6.218951
OFDM,Classical OFDM,6.9285097
OFDM,Classical OFDM,6.101394
OFDM,Classical OFDM,5.695057
OFDM,Classical OFDM,4.4077454
OFDM,Classical OFDM,6.005292
OFDM,Classical OFDM,5.9089904
OFDM,Classical OFDM,7.4142294
OFDM,Classical OFDM,6.1658792
OFDM,Classical OFDM,8.01807
OFDM,Classical OFDM,6.8320465
OFDM,Classical OFDM,7.169612
OFDM,Classical OFDM,5.4687696
OFDM,Classical OFDM,7.6405067
OFDM,Classical OFDM,8.071268
OFDM,Classical OFDM,5.1399226
OFDM,Classical OFDM,5.7416463
OFDM,Classical OFDM,6.006456
OFDM,Classical OFDM,6.9601536
OFDM,Classical OFDM,6.537431
OFDM,Classical OFDM,6.8121185
OFDM,Classical OFDM,5.806286
OFDM,Classical OFDM,6.3985243
OFDM,Classical OFDM,5.5654936
OFDM,Classical OFDM,6.976469
OFDM,Classical OFDM,6.1206217
OFDM,Classical OFDM,8.491222
OFDM,Classical OFDM,5.98367
OFDM,Classical OFDM,5.612982
OFDM,Classical OFDM,6.7567897
OFDM,Classical OFDM,5.9860744
OFDM,Classical OFDM,8.106848
OFDM,Classical OFDM,7.404044
OFDM,Classical OFDM,6.179948
OFDM,Classical OFDM,7.626965
OFDM,Classical OFDM,8.45327
OFDM,Classical OFDM,5.9514546
OFDM,Classical OFDM,6.966372
OFDM,Classical OFDM,8.487658
OFDM,Classical OFDM,8.049966
OFDM,Classical OFDM,5.5650787
OFDM,Classical OFDM,7.130072
OFDM,Classical OFDM,6.219881
OFDM,Classical OFDM,6.402309
OFDM,Classical OFDM,8.645226
OFDM,Classical OFDM,7.243867
OFDM,Classical OFDM,5.6166134
OFDM,Classical OFDM,7.18625
OFDM,Classical OFDM,6.0779023
OFDM,Classical OFDM,6.907014
OFDM,Classical OFDM,6.60413
OFDM,Classical OFDM,7.2290416
OFDM,Classical OFDM,5.7434826
OFDM,Classical OFDM,6.448173
OFDM,Classical OFDM,6.6113386
OFDM,Classical OFDM,4.5987186
OFDM,Classical OFDM,5.8034773
OFDM,Classical OFDM,6.616784
OFDM,Classical OFDM,5.2141514
OFDM,Classical OFDM,6.318991
OFDM,Classical OFDM,7.4012237
OFDM,Classical OFDM,6.182412
OFDM,Classical OFDM,8.065558
OFDM,Classical OFDM,6.7441773
OFDM,Classical OFDM,6.2179747
OFDM,Classical OFDM,8.476763
OFDM,Classical OFDM,6.7013974
OFDM,Classical OFDM,5.3842683
OFDM,Classical OFDM,7.3763742
OFDM,Classical OFDM,7.0288124
OFDM,Classical OFDM,6.3619223
OFDM,Classical OFDM,6.2502203
OFDM,Classical OFDM,7.0651083
OFDM,Classical OFDM,8.731413
OFDM,Classical OFDM,6.0074763
OFDM,Classical OFDM,5.803788
OFDM,Classical OFDM,7.377224
OFDM,Classical OFDM,6.6997614
OFDM,Classical OFDM,6.611483
OFDM,Classical OFDM,6.808088
OFDM,Classical OFDM,6.5089655
OFDM,Classical OFDM,5.9170675
OFDM,Classical OFDM,6.0044165
OFDM,Classical OFDM,5.8790593
OFDM,Classical OFDM,7.178378
OFDM,Classical OFDM,5.9187026
OFDM,Classical OFDM,5.464294
OFDM,Classical OFDM,6.676139
OFDM,Classical OFDM,7.8740263
OFDM,Classical OFDM,5.380421
OFDM,Classical OFDM,6.99994
OFDM,Classical OFDM,6.0638485
OFDM,Classical OFDM,5.926242
OFDM,Classical OFDM,6.379857
OFDM,Classical OFDM,5.6560893
OFDM,Classical OFDM,6.4067287
OFDM,Classical OFDM,4.8888535
OFDM,Classical OFDM,5.676116
OFDM,Classical OFDM,9.573713
OFDM,Classical OFDM,5.246249
OFDM,Classical OFDM,8.59267
OFDM,Classical OFDM,6.574152
OFDM,Classical OFDM,6.6931887
OFDM,Classical OFDM,6.414795
OFDM,Classical OFDM,6.1631794
OFDM,Classical OFDM,6.648765
OFDM,Classical OFDM,5.5180235
OFDM,Classical OFDM,5.151883
OFDM,Classical OFDM,6.487113
OFDM,Classical OFDM,6.8565207
OFDM,Classical OFDM,8.57768
OFDM,Classical OFDM,6.48612
OFDM,Classical OFDM,5.9902706
OFDM,Classical OFDM,7.035884
OFDM,Classical OFDM,4.8047323
OFDM,Classical OFDM,7.3673544
OFDM,Classical OFDM,6.6809464
OFDM,Classical OFDM,5.788969
OFDM,Classical OFDM,7.51544
OFDM,Classical OFDM,6.3018513
OFDM,Classical OFDM,7.470159
OFDM,Classical OFDM,6.563735
OFDM,Classical OFDM,7.870949
OFDM,Classical OFDM,8.161427
OFDM,Classical OFDM,5.6760798
OFDM,Classical OFDM,6.188324
OFDM,Classical OFDM,6.235444
OFDM,Classical OFDM,5.8575296
OFDM,Classical OFDM,7.184153
OFDM,Classical OFDM,7.321329
OFDM,Classical OFDM,5.861063
OFDM,Classical OFDM,4.911824
OFDM,Classical OFDM,7.4306593
OFDM,Classical OFDM,8.1475935
OFDM,Classical OFDM,6.953609
OFDM,Classical OFDM,7.9871325
OFDM,Classical OFDM,6.7619877
OFDM,Classical OFDM,7.2646003
OFDM,Classical OFDM,8.670581
OFDM,Classical OFDM,7.8972197
OFDM,Classical OFDM,5.857982
OFDM,Classical OFDM,4.940983
OFDM,Classical OFDM,6.3637085
OFDM,Classical OFDM,5.1435304
OFDM,Classical OFDM,6.9393005
OFDM,Classical OFDM,7.018941
OFDM,Classical OFDM,7.4490185
OFDM,Classical OFDM,5.7858744
OFDM,Classical OFDM,8.991962
OFDM,Classical OFDM,7.3550386
OFDM,Classical OFDM,7.222106
OFDM,Classical OFDM,6.345502
OFDM,Classical OFDM,7.177482
OFDM,Classical OFDM,7.4936876
OFDM,Classical OFDM,7.510977
OFDM,Classical OFDM,5.6680064
OFDM,Classical OFDM,7.3250484
OFDM,Classical OFDM,6.044677
OFDM,Classical OFDM,6.6707344
OFDM,Classical OFDM,7.008948
OFDM,Classical OFDM,6.474413
OFDM,Classical OFDM,7.2512846
OFDM,Classical OFDM,5.869973
OFDM,Classical OFDM,9.156159
OFDM,Classical OFDM,5.895502
OFDM,Classical OFDM,6.9602795
OFDM,Classical OFDM,6.569221
OFDM,Classical OFDM,7.045648
OFDM,Classical OFDM,6.790771
OFDM,Classical OFDM,10.025932
OFDM,Classical OFDM,6.326446
OFDM,Classical OFDM,6.825812
OFDM,Classical OFDM,6.4422507
OFDM,Classical OFDM,7.1881437
OFDM,Classical OFDM,5.3740525
OFDM,Classical OFDM,8.152171
OFDM,Classical OFDM,7.8116684
OFDM,Classical OFDM,5.4433465
OFDM,Classical OFDM,5.3689837
OFDM,Classical OFDM,6.594234
OFDM,Classical OFDM,6.9190197
OFDM,Classical OFDM,6.460622
OFDM,Classical OFDM,8.097501
OFDM,Classical OFDM,5.8217773
OFDM,Classical OFDM,5.35056
OFDM,Classical OFDM,5.682643
OFDM,Classical OFDM,7.121687
OFDM,Classical OFDM,7.1169796
OFDM,Classical OFDM,9.550245
Learned,Learned Basis,5.0656986
Learned,Learned Basis,7.5859733
Learned,Learned Basis,4.3245306
Learned,Learned Basis,5.4518533
Learned,Learned Basis,7.246971
Learned,Learned Basis,6.996965
Learned,Learned Basis,5.6411667
Learned,Learned Basis,5.0828114
Learned,Learned Basis,6.761245
Learned,Learned Basis,5.419256
Learned,Learned Basis,4.922143
Learned,Learned Basis,6.2127256
Learned,Learned Basis,5.375629
Learned,Learned Basis,6.2014227
Learned,Learned Basis,5.2945375
Learned,Learned Basis,5.5607624
Learned,Learned Basis,5.0964937
Learned,Learned Basis,4.6673737
Learned,Learned Basis,5.842819
Learned,Learned Basis,5.72581
Learned,Learned Basis,5.120448
Learned,Learned Basis,5.6136847
Learned,Learned Basis,5.142065
Learned,Learned Basis,6.8075013
Learned,Learned Basis,4.667951
Learned,Learned Basis,4.750036
Learned,Learned Basis,5.1444187
Learned,Learned Basis,5.3689976
Learned,Learned Basis,5.639532
Learned,Learned Basis,5.1580343
Learned,Learned Basis,5.5279503
Learned,Learned Basis,5.5656986
Learned,Learned Basis,4.721277
Learned,Learned Basis,6.033797
Learned,Learned Basis,4.5847774
Learned,Learned Basis,5.372815
Learned,Learned Basis,5.6824183
Learned,Learned Basis,7.1436605
Learned,Learned Basis,7.0911317
Learned,Learned Basis,5.332808
Learned,Learned Basis,7.678445
Learned,Learned Basis,5.0881796
Learned,Learned Basis,5.1136656
Learned,Learned Basis,5.1422334
Learned,Learned Basis,4.101171
Learned,Learned Basis,5.6623073
Learned,Learned Basis,7.108471
Learned,Learned Basis,6.5561905
Learned,Learned Basis,5.8486795
Learned,Learned Basis,5.842759
Learned,Learned Basis,7.086184
Learned,Learned Basis,6.815786
Learned,Learned Basis,5.430884
Learned,Learned Basis,6.389398
Learned,Learned Basis,4.65592
Learned,Learned Basis,6.6132183
Learned,Learned Basis,5.624986
Learned,Learned Basis,6.143921
Learned,Learned Basis,5.467274
Learned,Learned Basis,5.5212646
Learned,Learned Basis,4.950791
Learned,Learned Basis,5.4870944
Learned,Learned Basis,6.236244
Learned,Learned Basis,6.4156103
Learned,Learned Basis,4.729852
Learned,Learned Basis,5.791663
Learned,Learned Basis,5.319827
Learned,Learned Basis,5.1524425
Learned,Learned Basis,5.3389187
Learned,Learned Basis,6.167856
Learned,Learned Basis,6.944085
Learned,Learned Basis,6.796049
Learned,Learned Basis,5.71992
Learned,Learned Basis,4.18843
Learned,Learned Basis,6.039628
Learned,Learned Basis,3.7902915
Learned,Learned Basis,5.161127
Learned,Learned Basis,5.275032
Learned,Learned Basis,5.209962
Learned,Learned Basis,4.8554845
Learned,Learned Basis,5.812298
Learned,Learned Basis,4.8792353
Learned,Learned Basis,5.347137
Learned,Learned Basis,5.3316774
Learned,Learned Basis,5.594516
Learned,Learned Basis,6.572919
Learned,Learned Basis,4.255574
Learned,Learned Basis,5.373493
Learned,Learned Basis,5.627781
Learned,Learned Basis,6.269694
Learned,Learned Basis,5.5360546
Learned,Learned Basis,5.373714
Learned,Learned Basis,4.6905775
Learned,Learned Basis,6.985567
Learned,Learned Basis,6.0730643
Learned,Learned Basis,5.23094
Learned,Learned Basis,6.9247003
Learned,Learned Basis,4.198511
Learned,Learned Basis,5.2436886
Learned,Learned Basis,5.382373
Learned,Learned Basis,7.0124726
Learned,Learned Basis,5.4372315
Learned,Learned Basis,5.1349807
Learned,Learned Basis,4.9643145
Learned,Learned Basis,6.4514537
Learned,Learned Basis,6.322397
Learned,Learned Basis,5.937836
Learned,Learned Basis,6.1800094
Learned,Learned Basis,6.337847
Learned,Learned Basis,6.478797
Learned,Learned Basis,8.578393
Learned,Learned Basis,6.0596757
Learned,Learned Basis,4.4911017
Learned,Learned Basis,5.554576
Learned,Learned Basis,5.9328322
Learned,Learned Basis,4.940629
Learned,Learned Basis,6.8181376
Learned,Learned Basis,6.7433715
Learned,Learned Basis,5.131879
Learned,Learned Basis,6.351301
Learned,Learned Basis,5.850731
Learned,Learned Basis,5.0946527
Learned,Learned Basis,6.454985
Learned,Learned Basis,5.5746717
Learned,Learned Basis,6.0173225
Learned,Learned Basis,5.714293
Learned,Learned Basis,5.9626865
Learned,Learned Basis,4.8566966
Learned,Learned Basis,5.584403
Learned,Learned Basis,6.1389866
Learned,Learned Basis,4.7169986
Learned,Learned Basis,5.523004
Learned,Learned Basis,6.419549
Learned,Learned Basis,6.748957
Learned,Learned Basis,3.6025248
Learned,Learned Basis,6.3236322
Learned,Learned Basis,3.5856936
Learned,Learned Basis,4.9705257
Learned,Learned Basis,5.836665
Learned,Learned Basis,5.8812428
Learned,Learned Basis,6.9257965
Learned,Learned Basis,5.094409
Learned,Learned Basis,5.0612593
Learned,Learned Basis,5.1944356
Learned,Learned Basis,3.9664605
Learned,Learned Basis,7.0042295
Learned,Learned Basis,5.4013295
Learned,Learned Basis,5.738267
Learned,Learned Basis,5.2277393
Learned,Learned Basis,5.6476398
Learned,Learned Basis,5.6484776
Learned,Learned Basis,6.5227423
Learned,Learned Basis,4.557997
Learned,Learned Basis,4.658689
Learned,Learned Basis,4.829516
Learned,Learned Basis,6.2251196
Learned,Learned Basis,5.7439017
Learned,Learned Basis,5.8560333
Learned,Learned Basis,4.795733
Learned,Learned Basis,5.123719
Learned,Learned Basis,6.574016
Learned,Learned Basis,4.4573097
Learned,Learned Basis,5.737813
Learned,Learned Basis,4.5555725
Learned,Learned Basis,6.5315332
Learned,Learned Basis,5.2158146
Learned,Learned Basis,5.873211
Learned,Learned Basis,4.5396795
Learned,Learned Basis,5.8768883
Learned,Learned Basis,5.3047853
Learned,Learned Basis,5.4386053
Learned,Learned Basis,5.2194633
Learned,Learned Basis,5.883767
Learned,Learned Basis,6.0409594
Learned,Learned Basis,5.9447007
Learned,Learned Basis,4.6643596
Learned,Learned Basis,5.7792587
Learned,Learned Basis,5.687229
Learned,Learned Basis,6.1984563
Learned,Learned Basis,5.9313297
Learned,Learned Basis,5.2682743
Learned,Learned Basis,5.8274755
Learned,Learned Basis,6.087016
Learned,Learned Basis,5.439587
Learned,Learned Basis,4.493139
Learned,Learned Basis,5.429568
Learned,Learned Basis,5.6110897
Learned,Learned Basis,5.5461507
Learned,Learned Basis,5.3720474
Learned,Learned Basis,5.410907
Learned,Learned Basis,5.3804007
Learned,Learned Basis,5.9250193
Learned,Learned Basis,5.4427214
Learned,Learned Basis,6.637407
Learned,Learned Basis,5.229259
Learned,Learned Basis,4.697379
Learned,Learned Basis,6.6650224
Learned,Learned Basis,4.511736
Learned,Learned Basis,4.6650267
Learned,Learned Basis,4.899016
Learned,Learned Basis,5.198193
Learned,Learned Basis,5.0138974
Learned,Learned Basis,5.2888546
Learned,Learned Basis,5.82823
Learned,Learned Basis,6.217808
Learned,Learned Basis,6.1631494
Learned,Learned Basis,5.7103944
Learned,Learned Basis,5.836389
Learned,Learned Basis,5.2543993
Learned,Learned Basis,5.25625
Learned,Learned Basis,6.221158
Learned,Learned Basis,5.798831
Learned,Learned Basis,6.0662603
Learned,Learned Basis,6.4833455
Learned,Learned Basis,5.4728847
Learned,Learned Basis,4.9244623
Learned,Learned Basis,4.9098063
Learned,Learned Basis,6.3981338
Learned,Learned Basis,5.650462
Learned,Learned Basis,5.425109
Learned,Learned Basis,6.417622
Learned,Learned Basis,5.6261973
Learned,Learned Basis,7.773794
Learned,Learned Basis,7.129197
Learned,Learned Basis,4.999785
Learned,Learned Basis,5.261895
Learned,Learned Basis,6.939676
Learned,Learned Basis,4.337074
Learned,Learned Basis,5.0046034
Learned,Learned Basis,6.0392594
Learned,Learned Basis,4.6157703
Learned,Learned Basis,6.258385
Learned,Learned Basis,5.018978
Learned,Learned Basis,5.516879
Learned,Learned Basis,4.8307414
Learned,Learned Basis,5.4706187
Learned,Learned Basis,4.4829445
Learned,Learned Basis,5.8033333
Learned,Learned Basis,5.9735746
Learned,Learned Basis,5.5510497
Learned,Learned Basis,7.0208044
Learned,Learned Basis,7.432371
Learned,Learned Basis,5.7574515
Learned,Learned Basis,6.4173026
Learned,Learned Basis,5.082815
Learned,Learned Basis,6.0142765
Learned,Learned Basis,5.1568546
Learned,Learned Basis,6.3874044
Learned,Learned Basis,6.75997
Learned,Learned Basis,5.289089
Learned,Learned Basis,8.255452
Learned,Learned Basis,5.242695
Learned,Learned Basis,5.159995
Learned,Learned Basis,5.1101637
Learned,Learned Basis,5.5344586
Learned,Learned Basis,5.0110655
Learned,Learned Basis,5.095125
Learned,Learned Basis,6.1889153
Learned,Learned Basis,4.570529
Learned,Learned Basis,5.340962
Learned,Learned Basis,5.3061576
Learned,Learned Basis,5.44225
Learned,Learned Basis,5.450776
Learned,Learned Basis,6.423274
Learned,Learned Basis,5.584077
Learned,Learned Basis,5.2066517
Learned,Learned Basis,6.5739436
Learned,Learned Basis,4.5068827
Learned,Learned Basis,5.8462358
Learned,Learned Basis,5.007229
Learned,Learned Basis,5.07012
Learned,Learned Basis,6.599427
Learned,Learned Basis,5.8440757
Learned,Learned Basis,5.671418
Learned,Learned Basis,5.4731374
Learned,Learned Basis,5.79241
Learned,Learned Basis,5.160909
Learned,Learned Basis,6.438039
Learned,Learned Basis,6.5295324
Learned,Learned Basis,5.6978364
Learned,Learned Basis,5.7261467
Learned,Learned Basis,5.8350973
Learned,Learned Basis,5.5511403
Learned,Learned Basis,4.7448926
Learned,Learned Basis,5.4001102
Learned,Learned Basis,5.7776117
Learned,Learned Basis,4.7322936
Learned,Learned Basis,5.2621436
Learned,Learned Basis,5.5441723
Learned,Learned Basis,5.84939
Learned,Learned Basis,3.908083
Learned,Learned Basis,4.181093
Learned,Learned Basis,6.7046576
Learned,Learned Basis,6.367085
Learned,Learned Basis,5.232976
Learned,Learned Basis,5.7271843
Learned,Learned Basis,5.833364
Learned,Learned Basis,7.1547937
Learned,Learned Basis,5.33346
Learned,Learned Basis,6.334142
Learned,Learned Basis,6.2290726
Learned,Learned Basis,6.226061
Learned,Learned Basis,5.954257
Learned,Learned Basis,8.44599
Learned,Learned Basis,4.250142
Learned,Learned Basis,5.0783353
Learned,Learned Basis,5.7452397
Learned,Learned Basis,4.9587364
Learned,Learned Basis,6.74162
Learned,Learned Basis,5.949275
Learned,Learned Basis,4.795459
Learned,Learned Basis,6.288769
Learned,Learned Basis,4.7827067
Learned,Learned Basis,5.993604
Learned,Learned Basis,5.6188703
Learned,Learned Basis,6.172673
Learned,Learned Basis,5.1552124
Learned,Learned Basis,6.4390445
Learned,Learned Basis,6.504365
Learned,Learned Basis,4.332041
Learned,Learned Basis,6.6088123
Learned,Learned Basis,6.6805434
Learned,Learned Basis,6.434058
Learned,Learned Basis,6.765878
Learned,Learned Basis,5.983236
Learned,Learned Basis,7.465654
Learned,Learned Basis,4.900268
Learned,Learned Basis,6.05181
Learned,Learned Basis,4.0214386
Learned,Learned Basis,4.8221326
Learned,Learned Basis,5.7783823
Learned,Learned Basis,5.1537685
Learned,Learned Basis,5.2983494
Learned,Learned Basis,6.914174
Learned,Learned Basis,8.123471
Learned,Learned Basis,6.3183236
Learned,Learned Basis,6.9313073
Learned,Learned Basis,5.1733594
Learned,Learned Basis,5.4716883
Learned,Learned Basis,5.2145715
Learned,Learned Basis,4.322304
Learned,Learned Basis,4.9420257
Learned,Learned Basis,7.465095
Learned,Learned Basis,4.9483423
Learned,Learned Basis,5.131462
Learned,Learned Basis,5.3805666
Learned,Learned Basis,3.8024607
Learned,Learned Basis,5.9906154
Learned,Learned Basis,4.981164
Learned,Learned Basis,6.513647
Learned,Learned Basis,6.017778
Learned,Learned Basis,5.3957872
Learned,Learned Basis,5.0565395
Learned,Learned Basis,4.582836
Learned,Learned Basis,4.316404
Learned,Learned Basis,4.904292
Learned,Learned Basis,5.184974
Learned,Learned Basis,5.5800667
Learned,Learned Basis,4.6271863
Learned,Learned Basis,8.028837
Learned,Learned Basis,4.9541984
Learned,Learned Basis,6.024575
Learned,Learned Basis,4.608297
Learned,Learned Basis,5.9152
Learned,Learned Basis,6.834691
Learned,Learned Basis,6.1100454
Learned,Learned Basis,4.6925497
Learned,Learned Basis,6.4099016
Learned,Learned Basis,6.849866
Learned,Learned Basis,5.302375
Learned,Learned Basis,6.108445
Learned,Learned Basis,4.9339714
Learned,Learned Basis,6.016162
Learned,Learned Basis,5.2681055
Learned,Learned Basis,6.482992
Learned,Learned Basis,6.745775
Learned,Learned Basis,5.704417
Learned,Learned Basis,7.024535
Learned,Learned Basis,6.180687
Learned,Learned Basis,6.6806135
Learned,Learned Basis,7.259123
Learned,Learned Basis,4.7309546
Learned,Learned Basis,4.6404424
Learned,Learned Basis,5.062709
Learned,Learned Basis,5.45113
Learned,Learned Basis,5.9989495
Learned,Learned Basis,5.270572
Learned,Learned Basis,5.823634
Learned,Learned Basis,6.818678
Learned,Learned Basis,6.5332613
Learned,Learned Basis,6.4010887
Learned,Learned Basis,5.571355
Learned,Learned Basis,4.9977064
Learned,Learned Basis,7.543458
Learned,Learned Basis,5.5616
Learned,Learned Basis,4.8706055
Learned,Learned Basis,5.6155186
Learned,Learned Basis,5.153374
Learned,Learned Basis,4.237781
Learned,Learned Basis,4.902711
Learned,Learned Basis,5.0161414
Learned,Learned Basis,5.1626067
Learned,Learned Basis,5.97756
Learned,Learned Basis,5.4353237
Learned,Learned Basis,4.8612876
Learned,Learned Basis,5.9333944
Learned,Learned Basis,6.909146
Learned,Learned Basis,5.5139165
Learned,Learned Basis,6.36578
Learned,Learned Basis,5.4723787
Learned,Learned Basis,7.6402335
Learned,Learned Basis,5.3787065
Learned,Learned Basis,6.0555596
Learned,Learned Basis,4.711755
Learned,Learned Basis,6.0837703
Learned,Learned Basis,6.1131186
Learned,Learned Basis,5.300763
Learned,Learned Basis,5.6950607
Learned,Learned Basis,6.1080904
Learned,Learned Basis,5.680954
Learned,Learned Basis,4.690981
Learned,Learned Basis,4.950875
Learned,Learned Basis,5.4529524
Learned,Learned Basis,4.609353
Learned,Learned Basis,4.3380756
Learned,Learned Basis,4.8344197
Learned,Learned Basis,5.6933775
Learned,Learned Basis,4.6118264
Learned,Learned Basis,5.0564885
Learned,Learned Basis,6.543298
Learned,Learned Basis,4.5669007
Learned,Learned Basis,4.7473664
Learned,Learned Basis,6.3958077
Learned,Learned Basis,4.8807755
Learned,Learned Basis,6.551795
Learned,Learned Basis,4.5225806
Learned,Learned Basis,5.344789
Learned,Learned Basis,6.585884
Learned,Learned Basis,4.161837
Learned,Learned Basis,6.759081
Learned,Learned Basis,4.430103
Learned,Learned Basis,4.5407486
Learned,Learned Basis,5.6985865
Learned,Learned Basis,5.651953
Learned,Learned Basis,6.1233397
Learned,Learned Basis,6.6319947
Learned,Learned Basis,3.9514039
Learned,Learned Basis,5.3270435
Learned,Learned Basis,6.447472
Learned,Learned Basis,5.673504
Learned,Learned Basis,6.6423054
Learned,Learned Basis,6.17249
Learned,Learned Basis,5.010323
Learned,Learned Basis,5.916456
Learned,Learned Basis,6.0570645
Learned,Learned Basis,4.884599
Learned,Learned Basis,4.531494
Learned,Learned Basis,7.3984575
Learned,Learned Basis,3.4947324
Learned,Learned Basis,6.767941
Learned,Learned Basis,6.3232756
Learned,Learned Basis,4.9292564
Learned,Learned Basis,4.6231837
Learned,Learned Basis,5.709472
Learned,Learned Basis,5.5940666
Learned,Learned Basis,6.4557295
Learned,Learned Basis,5.623563
Learned,Learned Basis,5.0665565
Learned,Learned Basis,4.737853
Learned,Learned Basis,5.358221
Learned,Learned Basis,7.4800377
Learned,Learned Basis,5.823265
Learned,Learned Basis,5.642696
Learned,Learned Basis,5.215521
Learned,Learned Basis,6.1442947
Learned,Learned Basis,6.3221416
Learned,Learned Basis,5.9645567
Learned,Learned Basis,6.0774226
Learned,Learned Basis,5.6178074
Learned,Learned Basis,6.809533
Learned,Learned Basis,6.847639
Learned,Learned Basis,5.8383465
Learned,Learned Basis,4.160985
Learned,Learned Basis,5.188286
Learned,Learned Basis,5.3041716
Learned,Learned Basis,5.7882743
Learned,Learned Basis,6.167672
Learned,Learned Basis,5.6810627
Learned,Learned Basis,4.949416
Learned,Learned Basis,7.1393948
Learned,Learned Basis,4.9047422
Learned,Learned Basis,7.008725
Learned,Learned Basis,6.2213793
Learned,Learned Basis,6.076656
Learned,Learned Basis,5.354822
Learned,Learned Basis,5.7310896
Learned,Learned Basis,5.4532223
Learned,Learned Basis,5.634134
Learned,Learned Basis,5.3344564
Learned,Learned Basis,5.026956
Learned,Learned Basis,5.305455
Learned,Learned Basis,6.062747
Learned,Learned Basis,5.6343775
Learned,Learned Basis,4.671958
Learned,Learned Basis,6.6228876
Learned,Learned Basis,5.860982
Learned,Learned Basis,5.5003448
Learned,Learned Basis,7.085171
Learned,Learned Basis,5.1218166
Learned,Learned Basis,5.6901646
Learned,Learned Basis,7.401909
Learned,Learned Basis,5.0133796
Learned,Learned Basis,5.159136
Learned,Learned Basis,6.3781404
Learned,Learned Basis,5.7422686
Learned,Learned Basis,6.165372
Learned,Learned Basis,4.669506
Learned,Learned Basis,6.0743947
Learned,Learned Basis,5.312788
Learned,Learned Basis,7.590743
Learned,Learned Basis,4.6940727
Learned,Learned Basis,5.097818
Learned,Learned Basis,6.1490116
Learned,Learned Basis,5.1736374
Learned,Learned Basis,5.709773
Learned,Learned Basis,6.507145
Learned,Learned Basis,5.596437
Learned,Learned Basis,5.0422716
Learned,Learned Basis,4.755242
Learned,Learned Basis,5.549594
Learned,Learned Basis,4.7323976
Learned,Learned Basis,4.909999
Learned,Learned Basis,4.7400327
Learned,Learned Basis,6.605735
Learned,Learned Basis,6.2239356
Learned,Learned Basis,5.531786
Learned,Learned Basis,5.9981894
Learned,Learned Basis,6.203552
Learned,Learned Basis,5.2391934
Learned,Learned Basis,6.03698
Learned,Learned Basis,4.7794757
Learned,Learned Basis,7.050267
Learned,Learned Basis,5.6421523
Learned,Learned Basis,5.0976524
Learned,Learned Basis,5.133009
Learned,Learned Basis,4.51648
Learned,Learned Basis,7.0724673
Learned,Learned Basis,7.768811
Learned,Learned Basis,4.4701505
Learned,Learned Basis,6.0610223
Learned,Learned Basis,5.5707603
Learned,Learned Basis,6.461456
Learned,Learned Basis,4.448708
Learned,Learned Basis,4.6312733
Learned,Learned Basis,3.9957738
Learned,Learned Basis,4.8180504
Learned,Learned Basis,4.340147
Learned,Learned Basis,7.6215906
Learned,Learned Basis,6.1517925
Learned,Learned Basis,6.683346
Learned,Learned Basis,5.221677
Learned,Learned Basis,6.3496923
Learned,Learned Basis,5.709243
Learned,Learned Basis,6.3426704
Learned,Learned Basis,5.4457736
Learned,Learned Basis,4.668861
Learned,Learned Basis,5.29429
Learned,Learned Basis,5.125989
Learned,Learned Basis,5.469548
Learned,Learned Basis,5.607625
Learned,Learned Basis,6.3988476
Learned,Learned Basis,6.2257957
Learned,Learned Basis,5.86141
Learned,Learned Basis,4.981542
Learned,Learned Basis,5.676577
Learned,Learned Basis,4.163222
Learned,Learned Basis,5.083475
Learned,Learned Basis,4.99325
Learned,Learned Basis,5.3215256
Learned,Learned Basis,4.995672
Learned,Learned Basis,6.1618605
Learned,Learned Basis,7.5241466
Learned,Learned Basis,6.7246075
Learned,Learned Basis,4.970873
Learned,Learned Basis,6.1515145
Learned,Learned Basis,4.874239
Learned,Learned Basis,6.262131
Learned,Learned Basis,6.137107
Learned,Learned Basis,4.5546927
Learned,Learned Basis,6.514945
Learned,Learned Basis,5.3841834
Learned,Learned Basis,5.8400154
Learned,Learned Basis,5.538822
Learned,Learned Basis,5.1662807
Learned,Learned Basis,7.089842
Learned,Learned Basis,7.9114814
Learned,Learned Basis,5.6850915
Learned,Learned Basis,5.0526943
Learned,Learned Basis,7.0095787
Learned,Learned Basis,5.3984547
Learned,Learned Basis,5.255701
Learned,Learned Basis,4.3348207
Learned,Learned Basis,4.915359
Learned,Learned Basis,4.4250913
Learned,Learned Basis,4.759923
Learned,Learned Basis,7.952078
Learned,Learned Basis,6.739088
Learned,Learned Basis,5.944634
Learned,Learned Basis,4.8864985
Learned,Learned Basis,5.223889
Learned,Learned Basis,5.3347635
Learned,Learned Basis,5.200552
Learned,Learned Basis,5.065158
Learned,Learned Basis,7.335725
Learned,Learned Basis,4.9910717
Learned,Learned Basis,4.4551306
Learned,Learned Basis,5.2130394
Learned,Learned Basis,4.75342
Learned,Learned Basis,6.3800864
Learned,Learned Basis,5.0533237
Learned,Learned Basis,6.211029
Learned,Learned Basis,6.036557
Learned,Learned Basis,5.9494014
Learned,Learned Basis,6.3671737
Learned,Learned Basis,6.9962616
Learned,Learned Basis,4.443969
Learned,Learned Basis,6.0504885
Learned,Learned Basis,5.262374
Learned,Learned Basis,5.760356
Learned,Learned Basis,5.8159313
Learned,Learned Basis,5.581978
Learned,Learned Basis,5.8123846
Learned,Learned Basis,5.5880837
Learned,Learned Basis,5.1869226
Learned,Learned Basis,4.5635924
Learned,Learned Basis,5.948948
Learned,Learned Basis,5.795036
Learned,Learned Basis,5.6848965
Learned,Learned Basis,4.5494633
Learned,Learned Basis,5.579255
Learned,Learned Basis,4.768403
Learned,Learned Basis,7.0829134
Learned,Learned Basis,6.820412
Learned,Learned Basis,6.8929596
Learned,Learned Basis,4.8749027
Learned,Learned Basis,4.732367
Learned,Learned Basis,6.406949
Learned,Learned Basis,6.7688656
Learned,Learned Basis,5.535929
Learned,Learned Basis,6.378575
Learned,Learned Basis,6.1445446
Learned,Learned Basis,8.323109
Learned,Learned Basis,5.3543878
Learned,Learned Basis,5.0351562
Learned,Learned Basis,4.742114
Learned,Learned Basis,5.985246
Learned,Learned Basis,6.7016644
Learned,Learned Basis,5.3843985
Learned,Learned Basis,5.3802395
Learned,Learned Basis,5.57868
Learned,Learned Basis,6.9698067
Learned,Learned Basis,4.8744116
Learned,Learned Basis,5.233119
Learned,Learned Basis,5.2202883
Learned,Learned Basis,5.8065786
Learned,Learned Basis,6.588398
Learned,Learned Basis,6.129056
Learned,Learned Basis,5.1385717
Learned,Learned Basis,5.897634
Learned,Learned Basis,5.0561256
Learned,Learned Basis,4.980374
Learned,Learned Basis,5.3432918
Learned,Learned Basis,5.4083223
Learned,Learned Basis,5.874658
Learned,Learned Basis,6.6750574
Learned,Learned Basis,4.950354
Learned,Learned Basis,5.4740624
Learned,Learned Basis,5.077851
Learned,Learned Basis,5.4937296
Learned,Learned Basis,5.733158
Learned,Learned Basis,6.095073
Learned,Learned Basis,5.0648346
Learned,Learned Basis,7.458023
Learned,Learned Basis,4.8028564
Learned,Learned Basis,4.6938705
Learned,Learned Basis,5.1190424
Learned,Learned Basis,6.0542607
Learned,Learned Basis,4.81038
Learned,Learned Basis,7.003496
Learned,Learned Basis,4.472403
Learned,Learned Basis,6.3469744
Learned,Learned Basis,5.582848
Learned,Learned Basis,7.0124226
Learned,Learned Basis,6.9234877
Learned,Learned Basis,4.483795
Learned,Learned Basis,4.730891
Learned,Learned Basis,5.326105
Learned,Learned Basis,5.298357
Learned,Learned Basis,6.0492234
Learned,Learned Basis,5.618692
Learned,Learned Basis,4.557226
Learned,Learned Basis,5.905847
Learned,Learned Basis,4.7096314
Learned,Learned Basis,4.8387775
Learned,Learned Basis,5.693223
Learned,Learned Basis,6.3650494
Learned,Learned Basis,5.2408843
Learned,Learned Basis,5.363989
Learned,Learned Basis,5.681722
Learned,Learned Basis,6.194716
Learned,Learned Basis,5.5251274
Learned,Learned Basis,6.3517118
Learned,Learned Basis,5.7300406
Learned,Learned Basis,4.8247
Learned,Learned Basis,5.8423324
Learned,Learned Basis,6.633218
Learned,Learned Basis,5.8794394
Learned,Learned Basis,5.0163007
Learned,Learned Basis,5.672689
Learned,Learned Basis,5.9888725
Learned,Learned Basis,5.9400826
Learned,Learned Basis,4.670538
Learned,Learned Basis,4.8164244
Learned,Learned Basis,4.5635815
Learned,Learned Basis,5.4098616
Learned,Learned Basis,4.681216
Learned,Learned Basis,6.09002
Learned,Learned Basis,8.222312
Learned,Learned Basis,5.417041
Learned,Learned Basis,6.265188
Learned,Learned Basis,6.61162
Learned,Learned Basis,5.4677258
Learned,Learned Basis,6.2277107
Learned,Learned Basis,6.449103
Learned,Learned Basis,5.3100867
Learned,Learned Basis,5.610367
Learned,Learned Basis,4.4529543
Learned,Learned Basis,5.422903
Learned,Learned Basis,5.605544
Learned,Learned Basis,6.7413645
Learned,Learned Basis,5.521691
Learned,Learned Basis,5.209291
Learned,Learned Basis,4.96832
Learned,Learned Basis,6.189946
Learned,Learned Basis,5.655846
Learned,Learned Basis,6.837574
Learned,Learned Basis,4.602683
Learned,Learned Basis,5.327809
Learned,Learned Basis,6.436369
Learned,Learned Basis,5.7699966
Learned,Learned Basis,5.594021
Learned,Learned Basis,5.872077
Learned,Learned Basis,4.942656
Learned,Learned Basis,5.813202
Learned,Learned Basis,5.096061
Learned,Learned Basis,5.2700944
Learned,Learned Basis,7.7322702
Learned,Learned Basis,4.5959053
Learned,Learned Basis,6.852025
Learned,Learned Basis,6.192803
Learned,Learned Basis,4.4196024
Learned,Learned Basis,5.7737865
Learned,Learned Basis,5.7233834
Learned,Learned Basis,5.552903
Learned,Learned Basis,5.780323
Learned,Learned Basis,5.7812586
Learned,Learned Basis,5.5288486
Learned,Learned Basis,6.250373
Learned,Learned Basis,5.360679
Learned,Learned Basis,6.4148374
Learned,Learned Basis,4.9546843
Learned,Learned Basis,5.5157113
Learned,Learned Basis,4.423664
Learned,Learned Basis,5.1407104
Learned,Learned Basis,4.446413
Learned,Learned Basis,5.7698
Learned,Learned Basis,6.1700916
Learned,Learned Basis,5.560958
Learned,Learned Basis,6.5075536
Learned,Learned Basis,5.3163652
Learned,Learned Basis,4.895418
Learned,Learned Basis,6.290775
Learned,Learned Basis,5.455514
Learned,Learned Basis,5.0645294
Learned,Learned Basis,5.040004
Learned,Learned Basis,6.027684
Learned,Learned Basis,5.027917
Learned,Learned Basis,6.114048
Learned,Learned Basis,5.3138895
Learned,Learned Basis,5.1909866
Learned,Learned Basis,6.180778
Learned,Learned Basis,5.0687532
Learned,Learned Basis,5.053601
Learned,Learned Basis,4.7512302
Learned,Learned Basis,5.46885
Learned,Learned Basis,5.075066
Learned,Learned Basis,6.343342
Learned,Learned Basis,5.331105
Learned,Learned Basis,6.0382357
Learned,Learned Basis,6.1886053
Learned,Learned Basis,6.5545006
Learned,Learned Basis,4.7000446
Learned,Learned Basis,5.088702
Learned,Learned Basis,4.585795
Learned,Learned Basis,5.347151
Learned,Learned Basis,5.334103
Learned,Learned Basis,5.289792
Learned,Learned Basis,4.5581965
Learned,Learned Basis,4.3506603
Learned,Learned Basis,5.7634144
Learned,Learned Basis,6.3354588
Learned,Learned Basis,5.706175
Learned,Learned Basis,5.3373804
Learned,Learned Basis,5.7150555
Learned,Learned Basis,4.125159
Learned,Learned Basis,6.056798
Learned,Learned Basis,4.024432
Learned,Learned Basis,5.4239917
Learned,Learned Basis,6.8476467
Learned,Learned Basis,6.7918706
Learned,Learned Basis,5.625867
Learned,Learned Basis,4.734691
Learned,Learned Basis,7.156098
Learned,Learned Basis,6.2150664
Learned,Learned Basis,5.3113227
Learned,Learned Basis,5.729787
Learned,Learned Basis,6.0337553
Learned,Learned Basis,5.5538464
Learned,Learned Basis,5.0476847
Learned,Learned Basis,6.102312
Learned,Learned Basis,5.7483773
Learned,Learned Basis,6.2543564
Learned,Learned Basis,6.3782635
Learned,Learned Basis,4.9633846
Learned,Learned Basis,5.369604
Learned,Learned Basis,4.8354
Learned,Learned Basis,5.651591
Learned,Learned Basis,6.838969
Learned,Learned Basis,4.947218
Learned,Learned Basis,4.5606594
Learned,Learned Basis,4.8250766
Learned,Learned Basis,5.475779
Learned,Learned Basis,4.808758
Learned,Learned Basis,6.008496
Learned,Learned Basis,5.0520663
Learned,Learned Basis,5.4526086
Learned,Learned Basis,5.4445453
Learned,Learned Basis,5.2235117
Learned,Learned Basis,3.8749216
Learned,Learned Basis,5.4440775
Learned,Learned Basis,5.7030163
Learned,Learned Basis,5.510776
Learned,Learned Basis,5.3339424
Learned,Learned Basis,5.4257274
Learned,Learned Basis,6.8842106
Learned,Learned Basis,5.7306376
Learned,Learned Basis,5.1712008
Learned,Learned Basis,5.763302
Learned,Learned Basis,6.0470443
Learned,Learned Basis,4.411479
Learned,Learned Basis,5.015421
Learned,Learned Basis,4.8470182
Learned,Learned Basis,6.1788607
Learned,Learned Basis,6.5045195
Learned,Learned Basis,4.1525016
Learned,Learned Basis,5.1634045
Learned,Learned Basis,6.221796
Learned,Learned Basis,5.2281923
Learned,Learned Basis,5.2593875
Learned,Learned Basis,5.0414333
Learned,Learned Basis,4.9427414
Learned,Learned Basis,5.404087
Learned,Learned Basis,4.775595
Learned,Learned Basis,5.4432154
Learned,Learned Basis,4.5901423
Learned,Learned Basis,6.3297777
Learned,Learned Basis,6.153763
Learned,Learned Basis,4.5148807
Learned,Learned Basis,5.670829
Learned,Learned Basis,6.6675434
Learned,Learned Basis,6.9507675
Learned,Learned Basis,5.296712
Learned,Learned Basis,6.4266205
Learned,Learned Basis,4.4264655
Learned,Learned Basis,5.013914
Learned,Learned Basis,5.955082
Learned,Learned Basis,7.303274
Learned,Learned Basis,7.1936936
Learned,Learned Basis,4.945207
Learned,Learned Basis,5.5926437
Learned,Learned Basis,5.7779245
Learned,Learned Basis,7.0744157
Learned,Learned Basis,6.782045
Learned,Learned Basis,5.0522466
Learned,Learned Basis,5.6538897
Learned,Learned Basis,6.660699
Learned,Learned Basis,4.810831
Learned,Learned Basis,4.476304
Learned,Learned Basis,6.657083
Learned,Learned Basis,6.3137474
Learned,Learned Basis,5.4307365
Learned,Learned Basis,6.2695813
Learned,Learned Basis,5.4595184
Learned,Learned Basis,5.4994583
Learned,Learned Basis,4.5609674
Learned,Learned Basis,6.800415
Learned,Learned Basis,6.2132077
Learned,Learned Basis,3.9807389
Learned,Learned Basis,5.6458664
Learned,Learned Basis,6.0235777
Learned,Learned Basis,6.7014704
Learned,Learned Basis,6.3229265
Learned,Learned Basis,4.540939
Learned,Learned Basis,5.298534
Learned,Learned Basis,4.7887406
Learned,Learned Basis,5.108414
Learned,Learned Basis,4.4928575
Learned,Learned Basis,5.030787
Learned,Learned Basis,5.882342
Learned,Learned Basis,5.71035
Learned,Learned Basis,5.1586795
Learned,Learned Basis,5.6611533
Learned,Learned Basis,6.895211
Learned,Learned Basis,5.4576473
Learned,Learned Basis,5.450003
Learned,Learned Basis,5.762291
Learned,Learned Basis,5.081553
Learned,Learned Basis,4.877281
Learned,Learned Basis,6.0409937
Learned,Learned Basis,6.117071
Learned,Learned Basis,5.357928
Learned,Learned Basis,5.1286182
Learned,Learned Basis,6.1730423
Learned,Learned Basis,5.8567214
Learned,Learned Basis,5.9633007
Learned,Learned Basis,5.2465353
Learned,Learned Basis,7.261376
Learned,Learned Basis,6.4613814
Learned,Learned Basis,5.4389057
Learned,Learned Basis,6.9052863
Learned,Learned Basis,5.4199057
Learned,Learned Basis,5.8234453
Learned,Learned Basis,4.9741707
Learned,Learned Basis,5.2943497
Learned,Learned Basis,6.0581837
Learned,Learned Basis,4.8743634
Learned,Learned Basis,5.9481792
Learned,Learned Basis,6.428128
Learned,Learned Basis,5.846028
Learned,Learned Basis,5.017763
Learned,Learned Basis,5.8148003
Learned,Learned Basis,5.509424
Learned,Learned Basis,6.1394796
Learned,Learned Basis,4.6193457
Learned,Learned Basis,4.355601
Learned,Learned Basis,5.825236
Learned,Learned Basis,7.2789135
Learned,Learned Basis,4.8670926
Learned,Learned Basis,4.640427
Learned,Learned Basis,4.9915366
Learned,Learned Basis,5.9059863
Learned,Learned Basis,4.6713247
Learned,Learned Basis,4.6201262
Learned,Learned Basis,5.433683
Learned,Learned Basis,5.4532094
Learned,Learned Basis,5.077142
Learned,Learned Basis,5.097537
Learned,Learned Basis,6.35423
Learned,Learned Basis,5.6644936
Learned,Learned Basis,5.111993
Learned,Learned Basis,5.732375
Learned,Learned Basis,7.379121
Learned,Learned Basis,5.1572714
Learned,Learned Basis,5.390459
Learned,Learned Basis,5.247619
Learned,Learned Basis,9.273158
Learned,Learned Basis,5.268416
Learned,Learned Basis,5.4014444
Learned,Learned Basis,5.9618163
Learned,Learned Basis,5.492814
Learned,Learned Basis,6.382472
Learned,Learned Basis,5.2014227
Learned,Learned Basis,4.4297304
Learned,Learned Basis,4.6387153
Learned,Learned Basis,4.424776
Learned,Learned Basis,4.920514
Learned,Learned Basis,4.862483
Learned,Learned Basis,4.3832097
Learned,Learned Basis,6.6809936
Learned,Learned Basis,5.218341
Learned,Learned Basis,5.844716
Learned,Learned Basis,5.3426895
Learned,Learned Basis,4.525081
Learned,Learned Basis,6.4067864
Learned,Learned Basis,4.458135
Learned,Learned Basis,4.6165032
Learned,Learned Basis,4.980537
Learned,Learned Basis,6.155959
Learned,Learned Basis,5.8058925
Learned,Learned Basis,5.8678336
Learned,Learned Basis,4.509831
Learned,Learned Basis,6.5374875
Learned,Learned Basis,4.573482
Learned,Learned Basis,3.7525165
Learned,Learned Basis,5.3038206
Learned,Learned Basis,5.1002173
Learned,Learned Basis,5.143676
Learned,Learned Basis,4.9848714
Learned,Learned Basis,5.812321
Learned,Learned Basis,5.0736384
Learned,Learned Basis,5.0411263
Learned,Learned Basis,4.7758803
Learned,Learned Basis,5.6984835
Learned,Learned Basis,5.3876204
Learned,Learned Basis,5.454337
Learned,Learned Basis,4.312622
Learned,Learned Basis,6.567557
Learned,Learned Basis,6.0224633
Learned,Learned Basis,4.7723665
Learned,Learned Basis,6.413563
Learned,Learned Basis,6.8906636
Learned,Learned Basis,5.5213633
Learned,Learned Basis,5.587623
Learned,Learned Basis,5.711087
