method,method_label,frequency,psd,psd_db
OFDM,Classical OFDM,-0.5,6.854516893301996e-15,-107.22159507917962
OFDM,Classical OFDM,-0.499755859375,1.583627448429897e-08,-43.58483338413696
OFDM,Classical OFDM,-0.49951171875,6.321269091988523e-08,-37.573320806924634
OFDM,Classical OFDM,-0.499267578125,1.416902824887033e-07,-34.06796292872468
OFDM,Classical OFDM,-0.4990234375,2.505314268508422e-07,-31.592741471777224
OFDM,Classical OFDM,-0.498779296875,3.8870653995139597e-07,-29.685145113679972
OFDM,Classical OFDM,-0.49853515625,5.549042150169445e-07,-28.13918335325198
OFDM,Classical OFDM,-0.498291015625,7.475434307349902e-07,-26.844999296798825
OFDM,Classical OFDM,-0.498046875,9.647889149374009e-07,-25.737040540809026
OFDM,Classical OFDM,-0.497802734375,1.2045681739761323e-06,-24.773049745795777
OFDM,Classical OFDM,-0.49755859375,1.4645917396784458e-06,-23.92419778645312
OFDM,Classical OFDM,-0.497314453125,1.7423745853904958e-06,-23.169948312696302
OFDM,Classical OFDM,-0.4970703125,2.0352607285626684e-06,-22.495163062879353
OFDM,Classical OFDM,-0.496826171875,2.3404474608819886e-06,-21.888374626344618
OFDM,Classical OFDM,-0.49658203125,2.6550130960155503e-06,-21.340696914179745
OFDM,Classical OFDM,-0.496337890625,2.975944696662118e-06,-20.8451150276866
OFDM,Classical OFDM,-0.49609375,3.300166960346184e-06,-20.396004469886968
OFDM,Classical OFDM,-0.495849609375,3.624571146595681e-06,-19.98879730100051
OFDM,Classical OFDM,-0.49560546875,3.946045783617042e-06,-19.61974239219614
OFDM,Classical OFDM,-0.495361328125,4.261505719623891e-06,-19.285732833531846
OFDM,Classical OFDM,-0.4951171875,4.567922912279419e-06,-18.984175928271007
OFDM,Classical OFDM,-0.494873046875,4.862354238515304e-06,-18.712897635822138
OFDM,Classical OFDM,-0.49462890625,5.141969718187218e-06,-18.47006844334454
OFDM,Classical OFDM,-0.494384765625,5.404081234334252e-06,-18.25414490296424
OFDM,Classical OFDM,-0.494140625,5.646167115072421e-06,-18.063826307897934
OFDM,Classical OFDM,-0.493896484375,5.865896798255495e-06,-17.898019410798383
OFDM,Classical OFDM,-0.49365234375,6.06115334418555e-06,-17.755810874401522
OFDM,Classical OFDM,-0.493408203125,6.230052803165428e-06,-17.636446314627648
OFDM,Classical OFDM,-0.4931640625,6.3709651556302505e-06,-17.539311291994306
OFDM,Classical OFDM,-0.492919921875,6.482528217056874e-06,-17.463919431886506
OFDM,Classical OFDM,-0.49267578125,6.563658563249896e-06,-17.40990377739821
OFDM,Classical OFDM,-0.492431640625,6.613568414874568e-06,-17.377005085069143
OFDM,Classical OFDM,-0.4921875,6.631766961733888e-06,-17.36507102190159
OFDM,Classical OFDM,-0.491943359375,6.6180678118272425e-06,-17.37405146193399
OFDM,Classical OFDM,-0.49169921875,6.572592633112404e-06,-17.40399643323669
OFDM,Classical OFDM,-0.491455078125,6.495767842812803e-06,-17.455058640953187
OFDM,Classical OFDM,-0.4912109375,6.388320303516985e-06,-17.527496759539062
OFDM,Classical OFDM,-0.490966796875,6.251275336762965e-06,-17.62167731246288
OFDM,Classical OFDM,-0.49072265625,6.085938845297504e-06,-17.738087749994612
OFDM,Classical OFDM,-0.490478515625,5.893893174710191e-06,-17.87734098914964
OFDM,Classical OFDM,-0.490234375,5.676976421603891e-06,-18.04019268567188
OFDM,Classical OFDM,-0.489990234375,5.437268611452607e-06,-18.227555705165777
OFDM,Classical OFDM,-0.48974609375,5.1770709240046036e-06,-18.440522443246255
OFDM,Classical OFDM,-0.489501953125,4.898880945854265e-06,-18.68039473801549
OFDM,Classical OFDM,-0.4892578125,4.605373551191589e-06,-18.94871496556949
OFDM,Classical OFDM,-0.489013671875,4.299372926448625e-06,-19.247312416878607
OFDM,Classical OFDM,-0.48876953125,3.983824098342016e-06,-19.57836204676447
OFDM,Classical OFDM,-0.488525390625,3.6617680209102105e-06,-19.94445531465071
OFDM,Classical OFDM,-0.48828125,3.3363101239325487e-06,-20.348699457006067
OFDM,Classical OFDM,-0.488037109375,3.0105915099025166e-06,-20.794845264714862
OFDM,Classical OFDM,-0.48779296875,2.6877588267239225e-06,-21.287460622481476
OFDM,Classical OFDM,-0.487548828125,2.3709337265704743e-06,-21.832169444761824
OFDM,Classical OFDM,-0.4873046875,2.063182490279995e-06,-22.435987156294523
OFDM,Classical OFDM,-0.487060546875,1.767488465837459e-06,-23.107797706378257
OFDM,Classical OFDM,-0.48681640625,1.4867210306306615e-06,-23.859068741774408
OFDM,Classical OFDM,-0.486572265625,1.2236090024492437e-06,-24.70493695469118
OFDM,Classical OFDM,-0.486328125,9.807145677794547e-07,-25.665937325582235
OFDM,Classical OFDM,-0.486083984375,7.604080998475863e-07,-26.770896247132825
OFDM,Classical OFDM,-0.48583984375,5.648453976074637e-07,-28.062067645753004
OFDM,Classical OFDM,-0.485595703125,3.9594679733851187e-07,-29.604995245504316
OFDM,Classical OFDM,-0.4853515625,2.5537829652424607e-07,-31.509523733030647
OFDM,Classical OFDM,-0.485107421875,1.4453603756658518e-07,-33.9816021459678
OFDM,Classical OFDM,-0.48486328125,6.45315027818066e-08,-37.48364580137528
OFDM,Classical OFDM,-0.484619140625,1.61816081871477e-08,-43.491146778367174
OFDM,Classical OFDM,-0.484375,6.438476275214207e-15,-107.4935325929941
OFDM,Classical OFDM,-0.484130859375,1.6192024583468698e-08,-43.4883520449916
OFDM,Classical OFDM,-0.48388671875,6.46523611717479e-08,-37.47551968630944
OFDM,Classical OFDM,-0.483642578125,1.4496576289626646e-07,-33.96870913623981
OFDM,Classical OFDM,-0.4833984375,2.5641079295416167e-07,-31.49200057282041
OFDM,Classical OFDM,-0.483154296875,3.979660819468602e-07,-29.58290299642341
OFDM,Classical OFDM,-0.48291015625,5.683203317330471e-07,-28.03543165761348
OFDM,Classical OFDM,-0.482666015625,7.658840890796817e-07,-26.73973311692866
OFDM,Classical OFDM,-0.482421875,9.888051972857168e-07,-25.63025618567313
OFDM,Classical OFDM,-0.482177734375,1.2349858255578199e-06,-24.664743859777914
OFDM,Classical OFDM,-0.48193359375,1.5021023435126602e-06,-23.814368353391554
OFDM,Classical OFDM,-0.481689453125,1.7876279476925245e-06,-23.058592232438055
OFDM,Classical OFDM,-0.4814453125,2.088856084716371e-06,-22.38227839469105
OFDM,Classical OFDM,-0.481201171875,2.4029261505321346e-06,-21.773959352495055
OFDM,Classical OFDM,-0.48095703125,2.726851403694794e-06,-21.224748867649815
OFDM,Classical OFDM,-0.480712890625,3.0575463199650424e-06,-20.72763313969891
OFDM,Classical OFDM,-0.48046875,3.3918585818777735e-06,-20.27698622277146
OFDM,Classical OFDM,-0.480224609375,3.7265953573656176e-06,-19.868241204444303
OFDM,Classical OFDM,-0.47998046875,4.058558103416247e-06,-19.497645912000408
OFDM,Classical OFDM,-0.479736328125,4.384568968846888e-06,-19.16209453147865
OFDM,Classical OFDM,-0.4794921875,4.701505887647241e-06,-18.858993747176346
OFDM,Classical OFDM,-0.479248046875,5.006328650684721e-06,-18.586170026673518
OFDM,Classical OFDM,-0.47900390625,5.296110191750738e-06,-18.341793464960436
OFDM,Classical OFDM,-0.478759765625,5.568064893983527e-06,-18.124320708322216
OFDM,Classical OFDM,-0.478515625,5.819575572013887e-06,-17.93245046789859
OFDM,Classical OFDM,-0.478271484375,6.048216150210369e-06,-17.76509055505707
OFDM,Classical OFDM,-0.47802734375,6.251779720800153e-06,-17.621326916174578
OFDM,Classical OFDM,-0.477783203125,6.428295428401958e-06,-17.500405313854063
OFDM,Classical OFDM,-0.4775390625,6.576052307013692e-06,-17.401711000287467
OFDM,Classical OFDM,-0.477294921875,6.693611860644821e-06,-17.324758335051044
OFDM,Classical OFDM,-0.47705078125,6.779824285710734e-06,-17.26917920723601
OFDM,Classical OFDM,-0.476806640625,6.833839727388025e-06,-17.23471569860368
OFDM,Classical OFDM,-0.4765625,6.855117052950219e-06,-17.22121484142174
OFDM,Classical OFDM,-0.476318359375,6.843429314410777e-06,-17.228625732255246
OFDM,Classical OFDM,-0.47607421875,6.798865072800187e-06,-17.256999365771563
OFDM,Classical OFDM,-0.475830078125,6.721830219046962e-06,-17.3064882022542
OFDM,Classical OFDM,-0.4755859375,6.613043007938554e-06,-17.377350118768085
OFDM,Classical OFDM,-0.475341796875,6.4735282644090695e-06,-17.469953104874296
OFDM,Classical OFDM,-0.47509765625,6.304607285926456e-06,-17.584783194825896
OFDM,Classical OFDM,-0.474853515625,6.107885758464038e-06,-17.7224545358311
OFDM,Classical OFDM,-0.474609375,5.885240513729606e-06,-17.88372143051816
OFDM,Classical OFDM,-0.474365234375,5.638799665009042e-06,-18.069496937550923
OFDM,Classical OFDM,-0.47412109375,5.370922743009953e-06,-18.28087453628807
OFDM,Classical OFDM,-0.473876953125,5.084179838497476e-06,-18.519154549310578
OFDM,Classical OFDM,-0.4736328125,4.781325199519774e-06,-18.785880759956296
OFDM,Classical OFDM,-0.473388671875,4.465275215301388e-06,-19.08288127423466
OFDM,Classical OFDM,-0.47314453125,4.139074067806175e-06,-19.41233160951944
OFDM,Classical OFDM,-0.472900390625,3.8058707224228576e-06,-19.77682326911095
OFDM,Classical OFDM,-0.47265625,3.4688866487109044e-06,-20.179462502015944
OFDM,Classical OFDM,-0.472412109375,3.13138354114644e-06,-20.62400094473547
OFDM,Classical OFDM,-0.47216796875,2.7966347643974553e-06,-21.115006070489336
OFDM,Classical OFDM,-0.471923828125,2.4678918739435928e-06,-21.65810231045631
OFDM,Classical OFDM,-0.4716796875,2.1483545715396346e-06,-22.260303986851028
OFDM,Classical OFDM,-0.471435546875,1.8411404123770371e-06,-22.93049448307429
OFDM,Classical OFDM,-0.47119140625,1.549252070609577e-06,-23.680142737587527
OFDM,Classical OFDM,-0.470947265625,1.2755511848807966e-06,-24.52438468509409
OFDM,Classical OFDM,-0.470703125,1.02272986567471e-06,-25.48375420658996
OFDM,Classical OFDM,-0.470458984375,7.932838787047003e-07,-26.587077304803366
OFDM,Classical OFDM,-0.47021484375,5.894890251900869e-07,-27.87660634994676
OFDM,Classical OFDM,-0.469970703125,4.1337846361093315e-07,-29.417885122261733
OFDM,Classical OFDM,-0.4697265625,2.667235232090947e-07,-31.320750398128204
OFDM,Classical OFDM,-0.469482421875,1.510156426074974e-07,-33.79114424008255
OFDM,Classical OFDM,-0.46923828125,6.74514290159611e-08,-37.291452040212086
OFDM,Classical OFDM,-0.468994140625,1.6921308762689415e-08,-43.29702408925271
OFDM,Classical OFDM,-0.46875,8.222916552120891e-15,-106.43110476054838
OFDM,Classical OFDM,-0.468505859375,1.694053244227381e-08,-43.29209302905916
OFDM,Classical OFDM,-0.46826171875,6.76712822914421e-08,-37.277319530924366
OFDM,Classical OFDM,-0.468017578125,1.5179606599683908e-07,-33.76875842656618
OFDM,Classical OFDM,-0.4677734375,2.685974115041304e-07,-31.29034536004639
OFDM,Classical OFDM,-0.467529296875,4.1704260382595067e-07,-29.3795593555869
OFDM,Classical OFDM,-0.46728515625,5.957934532020021e-07,-27.83040632307564
OFDM,Classical OFDM,-0.467041015625,8.032183157587852e-07,-26.533027559094798
OFDM,Classical OFDM,-0.466796875,1.037407076980674e-06,-25.421871526884704
OFDM,Classical OFDM,-0.466552734375,1.296189132909798e-06,-24.454679829641183
OFDM,Classical OFDM,-0.46630859375,1.5771539681705325e-06,-23.602622660367555
OFDM,Classical OFDM,-0.466064453125,1.877673327264865e-06,-22.84516321950523
OFDM,Classical OFDM,-0.4658203125,2.194926748290064e-06,-22.16716327997789
OFDM,Classical OFDM,-0.465576171875,2.5259267035115844e-06,-21.55715614833536
OFDM,Classical OFDM,-0.46533203125,2.8675491405034917e-06,-21.006254899873184
OFDM,Classical OFDM,-0.465087890625,3.2165618713386045e-06,-20.507444494498237
OFDM,Classical OFDM,-0.46484375,3.569654948194282e-06,-20.05510120878535
OFDM,Classical OFDM,-0.464599609375,3.923473894430684e-06,-19.6446559172993
OFDM,Classical OFDM,-0.46435546875,4.274650245731194e-06,-19.272357727240788
OFDM,Classical OFDM,-0.464111328125,4.619833829356518e-06,-18.935100043111813
OFDM,Classical OFDM,-0.4638671875,4.955727526418338e-06,-18.63028938848432
OFDM,Classical OFDM,-0.463623046875,5.279114419559684e-06,-18.355752840206698
OFDM,Classical OFDM,-0.46337890625,5.5868934656690825e-06,-18.109659689809725
OFDM,Classical OFDM,-0.463134765625,5.876106146957023e-06,-17.890467266683117
OFDM,Classical OFDM,-0.462890625,6.1439683363734715e-06,-17.696873901808743
OFDM,Classical OFDM,-0.462646484375,6.387892893085735e-06,-17.52778733388846
OFDM,Classical OFDM,-0.46240234375,6.6055199553169345e-06,-17.382293501195477
OFDM,Classical OFDM,-0.462158203125,6.794736307898467e-06,-17.259637518559497
OFDM,Classical OFDM,-0.4619140625,6.9536970673073735e-06,-17.159205919850017
OFDM,Classical OFDM,-0.461669921875,7.080846207961254e-06,-17.08051197170317
OFDM,Classical OFDM,-0.46142578125,7.174928315177461e-06,-17.023187926403626
OFDM,Classical OFDM,-0.461181640625,7.235004310963553e-06,-16.986975647963405
OFDM,Classical OFDM,-0.4609375,7.260460061818394e-06,-16.971722182176684
OFDM,Classical OFDM,-0.460693359375,7.251012834582967e-06,-16.977376851784044
OFDM,Classical OFDM,-0.46044921875,7.206714607133112e-06,-17.003990351064623
OFDM,Classical OFDM,-0.460205078125,7.127953061587336e-06,-17.051715278672297
OFDM,Classical OFDM,-0.4599609375,7.015448439148726e-06,-17.12080921946722
OFDM,Classical OFDM,-0.459716796875,6.870246256580943e-06,-17.211640548683032
OFDM,Classical OFDM,-0.45947265625,6.693709857149585e-06,-17.324694753489084
OFDM,Classical OFDM,-0.459228515625,6.487505678039546e-06,-17.46058608062117
OFDM,Classical OFDM,-0.458984375,6.253590835257282e-06,-17.62006896541366
OFDM,Classical OFDM,-0.458740234375,5.994192597335894e-06,-17.804056660249273
OFDM,Classical OFDM,-0.45849609375,5.711788852248033e-06,-18.01364214528337
OFDM,Classical OFDM,-0.458251953125,5.409083773814342e-06,-18.25012651344541
OFDM,Classical OFDM,-0.4580078125,5.088984481319719e-06,-18.515052325155416
OFDM,Classical OFDM,-0.457763671875,4.754572733090496e-06,-18.810248636187644
OFDM,Classical OFDM,-0.45751953125,4.409073226611555e-06,-19.137890473047843
OFDM,Classical OFDM,-0.457275390625,4.055826699147911e-06,-19.500569692114986
OFDM,Classical OFDM,-0.45703125,3.698256738050113e-06,-19.901393018373035
OFDM,Classical OFDM,-0.456787109375,3.3398371704308617e-06,-20.3441106517967
OFDM,Classical OFDM,-0.45654296875,2.984057797495275e-06,-20.83329128397917
OFDM,Classical OFDM,-0.456298828125,2.634392322205078e-06,-21.374559070472593
OFDM,Classical OFDM,-0.4560546875,2.294264828514727e-06,-21.974928116653913
OFDM,Classical OFDM,-0.455810546875,1.9670168399787624e-06,-22.643282810179578
OFDM,Classical OFDM,-0.45556640625,1.6558734265349975e-06,-23.39109222384298
OFDM,Classical OFDM,-0.455322265625,1.3639146497797382e-06,-24.233491648698383
OFDM,Classical OFDM,-0.455078125,1.094043656166611e-06,-25.191017068137292
OFDM,Classical OFDM,-0.454833984375,8.489594465588705e-07,-26.29249413841545
OFDM,Classical OFDM,-0.45458984375,6.311295216307309e-07,-27.580178638740705
OFDM,Classical OFDM,-0.454345703125,4.4276664494277725e-07,-29.119614624075737
OFDM,Classical OFDM,-0.4541015625,2.858060974483295e-07,-31.020648691399877
OFDM,Classical OFDM,-0.453857421875,1.618873419459794e-07,-33.48923466651669
OFDM,Classical OFDM,-0.45361328125,7.23362164670211e-08,-36.987805697012504
OFDM,Classical OFDM,-0.453369140625,1.8152801103896456e-08,-42.99192709812491
OFDM,Classical OFDM,-0.453125,5.90215384425115e-15,-107.87125833488562
OFDM,Classical OFDM,-0.452880859375,1.8196749903247692e-08,-42.981425328603045
OFDM,Classical OFDM,-0.45263671875,7.271390831157293e-08,-36.96518870789716
OFDM,Classical OFDM,-0.452392578125,1.6317367022198102e-07,-33.454862769100046
OFDM,Classical OFDM,-0.4521484375,2.8885225030895495e-07,-30.97460603754975
OFDM,Classical OFDM,-0.451904296875,4.4868557382420235e-07,-29.06194252739684
OFDM,Classical OFDM,-0.45166015625,6.412794847814414e-07,-27.510890124318486
OFDM,Classical OFDM,-0.451416015625,8.649208962660514e-07,-26.211599693475858
OFDM,Classical OFDM,-0.451171875,1.1175945792682763e-06,-25.09852072396685
OFDM,Classical OFDM,-0.450927734375,1.3970010507698739e-06,-24.129396262512866
OFDM,Classical OFDM,-0.45068359375,1.7005776690643445e-06,-23.27539887133952
OFDM,Classical OFDM,-0.450439453125,2.025523029423975e-06,-22.5159917371479
OFDM,Classical OFDM,-0.4501953125,2.3688228702704384e-06,-21.8360377164128
OFDM,Classical OFDM,-0.449951171875,2.7272782347548166e-06,-21.224069124458
OFDM,Classical OFDM,-0.44970703125,3.0975363429672937e-06,-20.671199484296793
OFDM,Classical OFDM,-0.449462890625,3.476120843391961e-06,-20.170414932316824
OFDM,Classical OFDM,-0.44921875,3.859466616564128e-06,-19.716090702830677
OFDM,Classical OFDM,-0.448974609375,4.243952509544675e-06,-19.303658435879093
OFDM,Classical OFDM,-0.44873046875,4.625936677564926e-06,-18.929366754179874
OFDM,Classical OFDM,-0.448486328125,5.001789773721259e-06,-18.590109247355816
OFDM,Classical OFDM,-0.4482421875,5.367933021941476e-06,-18.283292707133146
OFDM,Classical OFDM,-0.447998046875,5.720869089194504e-06,-18.006743491182764
OFDM,Classical OFDM,-0.44775390625,6.0572177582045394e-06,-17.75863172106525
OFDM,Classical OFDM,-0.447509765625,6.373749282680287e-06,-17.537413829262075
OFDM,Classical OFDM,-0.447265625,6.6674145146187955e-06,-17.341789028771753
OFDM,Classical OFDM,-0.447021484375,6.935374700540007e-06,-17.170664291628114
OFDM,Classical OFDM,-0.44677734375,7.175030946652044e-06,-17.023125804578374
OFDM,Classical OFDM,-0.446533203125,7.384046897096403e-06,-16.898419127344738
OFDM,Classical OFDM,-0.4462890625,7.560376047162956e-06,-16.795929615203487
OFDM,Classical OFDM,-0.446044921875,7.702278462288238e-06,-16.71517143303729
OFDM,Classical OFDM,-0.44580078125,7.808339814538632e-06,-16.655776537045373
OFDM,Classical OFDM,-0.445556640625,7.877486942866193e-06,-16.617486670324666
OFDM,Classical OFDM,-0.4453125,7.908998612860014e-06,-16.600148596537508
OFDM,Classical OFDM,-0.445068359375,7.902511972597055e-06,-16.603711965407438
OFDM,Classical OFDM,-0.44482421875,7.858029339562221e-06,-16.628227130187888
OFDM,Classical OFDM,-0.444580078125,7.775917704044471e-06,-16.673847034119017
OFDM,Classical OFDM,-0.4443359375,7.656909225740712e-06,-16.74082860552415
OFDM,Classical OFDM,-0.444091796875,7.502090308469803e-06,-16.829540712398977
OFDM,Classical OFDM,-0.44384765625,7.312897296272006e-06,-16.94046884872687
OFDM,Classical OFDM,-0.443603515625,7.091101409757072e-06,-17.07422662765837
OFDM,Classical OFDM,-0.443359375,6.838793185848415e-06,-17.23156888732972
OFDM,Classical OFDM,-0.443115234375,6.558363441299925e-06,-17.413408789610354
OFDM,Classical OFDM,-0.44287109375,6.252482249797142e-06,-17.620838915414822
OFDM,Classical OFDM,-0.442626953125,5.924071463207608e-06,-17.855160701668083
OFDM,Classical OFDM,-0.4423828125,5.576281867801041e-06,-18.11791640825896
OFDM,Classical OFDM,-0.442138671875,5.212461318831824e-06,-18.41093513888328
OFDM,Classical OFDM,-0.44189453125,4.836121385309765e-06,-18.736391660280464
OFDM,Classical OFDM,-0.441650390625,4.45090747099822e-06,-19.09687793107485
OFDM,Classical OFDM,-0.44140625,4.0605634727692205e-06,-19.495500554639484
OFDM,Classical OFDM,-0.441162109375,3.6688956940527278e-06,-19.936009939960364
OFDM,Classical OFDM,-0.44091796875,3.279736261681987e-06,-20.42297437478396
OFDM,Classical OFDM,-0.440673828125,2.896907122110103e-06,-20.962017875360196
OFDM,Classical OFDM,-0.4404296875,2.5241833341044127e-06,-21.560154640399457
OFDM,Classical OFDM,-0.440185546875,2.1652569408120864e-06,-22.22626919603162
OFDM,Classical OFDM,-0.43994140625,1.823699848617908e-06,-22.971829969709248
OFDM,Classical OFDM,-0.439697265625,1.5029312582045599e-06,-23.81197241954519
OFDM,Classical OFDM,-0.439453125,1.206182633285188e-06,-24.767232878520346
OFDM,Classical OFDM,-0.439208984375,9.364674077649368e-07,-25.866436919684862
OFDM,Classical OFDM,-0.43896484375,6.965504135627848e-07,-27.15183804611337
OFDM,Classical OFDM,-0.438720703125,4.88920215635431e-07,-28.688983643927862
OFDM,Classical OFDM,-0.4384765625,3.157654043135851e-07,-30.587718126394453
OFDM,Classical OFDM,-0.438232421875,1.7895212397507238e-07,-33.05399501645851
OFDM,Classical OFDM,-0.43798828125,8.000406145917754e-08,-36.55024324226365
OFDM,Classical OFDM,-0.437744140625,2.0087870612583114e-08,-42.55202456633079
OFDM,Classical OFDM,-0.4375,4.8479958925399205e-15,-108.7257411582223
OFDM,Classical OFDM,-0.437255859375,2.015791083907137e-08,-42.536908390927096
OFDM,Classical OFDM,-0.43701171875,8.059453385322123e-08,-36.51830771287968
OFDM,Classical OFDM,-0.436767578125,1.8095671221148058e-07,-33.00561662034831
OFDM,Classical OFDM,-0.4365234375,3.205070560337111e-07,-30.522987639758796
OFDM,Classical OFDM,-0.436279296875,4.981291764535525e-07,-28.607943790238423
OFDM,Classical OFDM,-0.43603515625,7.123379794803157e-07,-27.054502589328546
OFDM,Classical OFDM,-0.435791015625,9.61291126686076e-07,-25.752814255021406
OFDM,Classical OFDM,-0.435546875,1.2428066956821974e-06,-24.63732774652894
OFDM,Classical OFDM,-0.435302734375,1.5543817820741002e-06,-23.66578661494441
OFDM,Classical OFDM,-0.43505859375,1.893215415662492e-06,-22.80936326936063
OFDM,Classical OFDM,-0.434814453125,2.2562351908280014e-06,-22.047519903294255
OFDM,Classical OFDM,-0.4345703125,2.6401243728278936e-06,-21.365119726246693
OFDM,Classical OFDM,-0.434326171875,3.041352563087468e-06,-20.750695911899214
OFDM,Classical OFDM,-0.43408203125,3.456211330530549e-06,-20.19536069408762
OFDM,Classical OFDM,-0.433837890625,3.880845083789178e-06,-19.69210052177381
OFDM,Classical OFDM,-0.43359375,4.311291006434653e-06,-19.235290208792346
OFDM,Classical OFDM,-0.433349609375,4.743513777867516e-06,-18.820361926677858
OFDM,Classical OFDM,-0.43310546875,5.173446046536163e-06,-18.443564348014803
OFDM,Classical OFDM,-0.432861328125,5.597027165041764e-06,-18.101789442749563
OFDM,Classical OFDM,-0.4326171875,6.010239359456323e-06,-17.792445907791677
OFDM,Classical OFDM,-0.432373046875,6.40915068556083e-06,-17.513358766220584
OFDM,Classical OFDM,-0.43212890625,6.789949377282322e-06,-17.262698226309492
OFDM,Classical OFDM,-0.431884765625,7.148982747333438e-06,-17.038921100421145
OFDM,Classical OFDM,-0.431640625,7.48279393590171e-06,-16.840725734081584
OFDM,Classical OFDM,-0.431396484375,7.788152369022663e-06,-16.667019194668974
OFDM,Classical OFDM,-0.43115234375,8.062087362111006e-06,-16.516888590957063
OFDM,Classical OFDM,-0.430908203125,8.30192023368011e-06,-16.389578027407644
OFDM,Classical OFDM,-0.4306640625,8.505287976795002e-06,-16.284473362421327
OFDM,Classical OFDM,-0.430419921875,8.670166764990748e-06,-16.20108908097971
OFDM,Classical OFDM,-0.43017578125,8.794897444606455e-06,-16.13905579415865
OFDM,Classical OFDM,-0.429931640625,8.878195797932738e-06,-16.0981164038747
OFDM,Classical OFDM,-0.4296875,8.919174393783721e-06,-16.078117033953465
OFDM,Classical OFDM,-0.429443359375,8.917345898189768e-06,-16.079007460490054
OFDM,Classical OFDM,-0.42919921875,8.872634496287395e-06,-16.100837676801955
OFDM,Classical OFDM,-0.428955078125,8.785375561250001e-06,-16.14376027377854
OFDM,Classical OFDM,-0.4287109375,8.6563158198225e-06,-16.208032660333057
OFDM,Classical OFDM,-0.428466796875,8.48660656540123e-06,-16.29402290044522
OFDM,Classical OFDM,-0.42822265625,8.277794719163584e-06,-16.402217068853677
OFDM,Classical OFDM,-0.427978515625,8.03181091157419e-06,-16.53322883455466
OFDM,Classical OFDM,-0.427734375,7.750954584267633e-06,-16.68781166821897
OFDM,Classical OFDM,-0.427490234375,7.437866676833439e-06,-16.866879696262185
OFDM,Classical OFDM,-0.42724609375,7.0955130733524415e-06,-17.071525544578222
OFDM,Classical OFDM,-0.427001953125,6.727154640627581e-06,-17.303049478727143
OFDM,Classical OFDM,-0.4267578125,6.336317266414715e-06,-17.56299444294024
OFDM,Classical OFDM,-0.426513671875,5.926760904445609e-06,-17.853189516062073
OFDM,Classical OFDM,-0.42626953125,5.502441666996188e-06,-18.175809118588663
OFDM,Classical OFDM,-0.426025390625,5.067478469657304e-06,-18.533444468556052
OFDM,Classical OFDM,-0.42578125,4.626111316606355e-06,-18.929202801783443
OFDM,Classical OFDM,-0.425537109375,4.182663641477494e-06,-19.366834178304074
OFDM,Classical OFDM,-0.42529296875,3.741499433890802e-06,-19.850906751770715
OFDM,Classical OFDM,-0.425048828125,3.306982435164403e-06,-20.3870447083385
OFDM,Classical OFDM,-0.4248046875,2.883435002957315e-06,-20.98226192830769
OFDM,Classical OFDM,-0.424560546875,2.475096313773752e-06,-21.645442556638628
OFDM,Classical OFDM,-0.42431640625,2.0860792825739964e-06,-22.388055490236273
OFDM,Classical OFDM,-0.424072265625,1.7203341037707223e-06,-23.225235601794928
OFDM,Classical OFDM,-0.423828125,1.3816069089535521e-06,-24.17751862698892
OFDM,Classical OFDM,-0.423583984375,1.0734041148667342e-06,-25.27373103214215
OFDM,Classical OFDM,-0.42333984375,7.989573921417102e-07,-26.556127397249718
OFDM,Classical OFDM,-0.423095703125,5.611915308858193e-07,-28.09025250690982
OFDM,Classical OFDM,-0.4228515625,3.6269462375591106e-07,-29.98595240969935
OFDM,Classical OFDM,-0.422607421875,2.0569230463055282e-07,-32.449183148704115
OFDM,Classical OFDM,-0.42236328125,9.202346933452715e-08,-35.94237756650913
OFDM,Classical OFDM,-0.422119140625,2.312194397108729e-08,-41.94112014552263
OFDM,Classical OFDM,-0.421875,4.300080861311983e-15,-109.24659736633474
OFDM,Classical OFDM,-0.421630859375,2.323672413609735e-08,-41.91961456902916
OFDM,Classical OFDM,-0.42138671875,9.297032745487965e-08,-35.89791998415678
OFDM,Classical OFDM,-0.421142578125,2.088944531941796e-07,-32.38209450778274
OFDM,Classical OFDM,-0.4208984375,3.7025901865297714e-07,-29.896307132942393
OFDM,Classical OFDM,-0.420654296875,5.758744220989956e-07,-27.978085695868845
OFDM,Classical OFDM,-0.42041015625,8.241220296465672e-07,-26.42144835582438
OFDM,Classical OFDM,-0.420166015625,1.1129656928462577e-06,-25.116545816060245
OFDM,Classical OFDM,-0.419921875,1.439970366158507e-06,-23.997828043924482
OFDM,Classical OFDM,-0.419677734375,1.802322829820927e-06,-23.023037751274977
OFDM,Classical OFDM,-0.41943359375,2.196856385546873e-06,-22.163346921833163
OFDM,Classical OFDM,-0.419189453125,2.6200793284829084e-06,-21.398219183156407
OFDM,Classical OFDM,-0.4189453125,3.0682076609913296e-06,-20.712516090379644
OFDM,Classical OFDM,-0.418701171875,3.537196999451335e-06,-20.09477111086952
OFDM,Classical OFDM,-0.41845703125,4.022783502697883e-06,-19.536096985923766
OFDM,Classical OFDM,-0.418212890625,4.5205199999560905e-06,-19.02947964009624
OFDM,Classical OFDM,-0.41796875,5.025821843935523e-06,-18.5692926942963
OFDM,Classical OFDM,-0.417724609375,5.5340035767521645e-06,-18.150969235256063
OFDM,Classical OFDM,-0.41748046875,6.040329086923252e-06,-17.770757586917156
OFDM,Classical OFDM,-0.417236328125,6.540054317303472e-06,-17.42555003727168
OFDM,Classical OFDM,-0.4169921875,7.028473035411938e-06,-17.112753760145388
OFDM,Classical OFDM,-0.416748046875,7.500960037972291e-06,-16.830195072985283
OFDM,Classical OFDM,-0.41650390625,7.953021225140221e-06,-16.576042175192004
OFDM,Classical OFDM,-0.416259765625,8.380328362777118e-06,-16.34875323288737
OFDM,Classical OFDM,-0.416015625,8.77877089479127e-06,-16.147026439134436
OFDM,Classical OFDM,-0.415771484375,9.14449169861933e-06,-15.969767890288695
OFDM,Classical OFDM,-0.41552734375,9.473924496054154e-06,-15.816064397981295
OFDM,Classical OFDM,-0.415283203125,9.763832919418991e-06,-15.685160199467227
OFDM,Classical OFDM,-0.4150390625,1.0011341301009862e-05,-15.576440916752706
OFDM,Classical OFDM,-0.414794921875,1.0213963145053021e-05,-15.489420725633533
OFDM,Classical OFDM,-0.41455078125,1.036963125500879e-05,-15.423730459110214
OFDM,Classical OFDM,-0.414306640625,1.0476715942381566e-05,-15.379111900811463
OFDM,Classical OFDM,-0.4140625,1.0534045221945454e-05,-15.355411806026398
OFDM,Classical OFDM,-0.413818359375,1.0540918054515195e-05,-15.352579219011426
OFDM,Classical OFDM,-0.41357421875,1.049711527223216e-05,-15.370663926674997
OFDM,Classical OFDM,-0.413330078125,1.0402901896049268e-05,-15.409818561063005
OFDM,Classical OFDM,-0.4130859375,1.0259030611958345e-05,-15.470300333142346
OFDM,Classical OFDM,-0.412841796875,1.0066735977277848e-05,-15.55247680610803
OFDM,Classical OFDM,-0.41259765625,9.827725150713232e-06,-15.656833568414845
OFDM,Classical OFDM,-0.412353515625,9.544164815120667e-06,-15.783984286058763
OFDM,Classical OFDM,-0.412109375,9.218666941528308e-06,-15.934682342615027
OFDM,Classical OFDM,-0.411865234375,8.854258496297826e-06,-16.10984162155059
OFDM,Classical OFDM,-0.41162109375,8.454364391056863e-06,-16.31055396627972
OFDM,Classical OFDM,-0.411376953125,8.022770402940461e-06,-16.538119953608227
OFDM,Classical OFDM,-0.4111328125,7.563593047287245e-06,-16.794082050698947
OFDM,Classical OFDM,-0.410888671875,7.081242166811583e-06,-17.080269122288236
OFDM,Classical OFDM,-0.41064453125,6.58037838920203e-06,-17.398854916089938
OFDM,Classical OFDM,-0.410400390625,6.0658715779275785e-06,-17.752431475092877
OFDM,Classical OFDM,-0.41015625,5.542758041534151e-06,-18.144104383109756
OFDM,Classical OFDM,-0.409912109375,5.016189631743892e-06,-18.577624128484363
OFDM,Classical OFDM,-0.40966796875,4.49138747652429e-06,-19.057558353233862
OFDM,Classical OFDM,-0.409423828125,3.973591657558706e-06,-19.58953123825653
OFDM,Classical OFDM,-0.4091796875,3.4680138673403523e-06,-20.1805553362991
OFDM,Classical OFDM,-0.408935546875,2.9797839414847293e-06,-20.839515836812076
OFDM,Classical OFDM,-0.40869140625,2.513901936452381e-06,-21.577880265216358
OFDM,Classical OFDM,-0.408447265625,2.0751901245043287e-06,-22.41078467017605
OFDM,Classical OFDM,-0.408203125,1.6682461473999672e-06,-23.358762284483273
OFDM,Classical OFDM,-0.407958984375,1.2973951768871333e-06,-24.450640799330397
OFDM,Classical OFDM,-0.40771484375,9.66649524250821e-07,-25.72867317489812
OFDM,Classical OFDM,-0.407470703125,6.796664910563799e-07,-27.258405001782904
OFDM,Classical OFDM,-0.4072265625,4.397120342968219e-07,-29.14968007216583
OFDM,Classical OFDM,-0.406982421875,2.496265886633548e-07,-31.60845517218231
OFDM,Classical OFDM,-0.40673828125,1.1179458489397282e-07,-35.09715591320967
OFDM,Classical OFDM,-0.406494140625,2.8119044733102803e-08,-41.09135796382389
OFDM,Classical OFDM,-0.40625,4.9147242412183566e-15,-108.66637203871498
OFDM,Classical OFDM,-0.406005859375,2.8317304144586058e-08,-41.06084453611074
OFDM,Classical OFDM,-0.40576171875,1.1341872797925927e-07,-35.03451586774086
OFDM,Classical OFDM,-0.405517578125,2.551128565617808e-07,-31.514040133390093
OFDM,Classical OFDM,-0.4052734375,4.5266695082401413e-07,-29.02357571175903
OFDM,Classical OFDM,-0.405029296875,7.048097021717346e-07,-27.10064485229075
OFDM,Classical OFDM,-0.40478515625,1.0097403213707606e-06,-25.53926659991027
OFDM,Classical OFDM,-0.404541015625,1.3651409717500357e-06,-24.229588577640527
OFDM,Classical OFDM,-0.404296875,1.7681949676657219e-06,-23.10606208804407
OFDM,Classical OFDM,-0.404052734375,2.2156112529355595e-06,-22.126427967932788
OFDM,Classical OFDM,-0.40380859375,2.703649820751475e-06,-21.261859183396314
OFDM,Classical OFDM,-0.403564453125,3.2281568277143305e-06,-20.491817339178265
OFDM,Classical OFDM,-0.4033203125,3.7845992733402565e-06,-19.801164573792494
OFDM,Classical OFDM,-0.403076171875,4.368104811140713e-06,-19.178433084597568
OFDM,Classical OFDM,-0.40283203125,4.973507353414821e-06,-18.614735946350507
OFDM,Classical OFDM,-0.402587890625,5.595393338180246e-06,-18.103057375803328
OFDM,Classical OFDM,-0.40234375,6.228150644658265e-06,-17.6377725041593
OFDM,Classical OFDM,-0.402099609375,6.866020653916914e-06,-17.21431253516895
OFDM,Classical OFDM,-0.40185546875,7.503153702974198e-06,-16.828925159108717
OFDM,Classical OFDM,-0.401611328125,8.133661559277835e-06,-16.478502615239425
OFDM,Classical OFDM,-0.4013671875,8.751675357828e-06,-16.160451598298625
OFDM,Classical OFDM,-0.401123046875,9.35139873779563e-06,-15.872597835885173
OFDM,Classical OFDM,-0.40087890625,9.927168428199344e-06,-15.613109686739525
OFDM,Classical OFDM,-0.400634765625,1.0473504073831007e-05,-15.380443530548959
OFDM,Classical OFDM,-0.400390625,1.0985165510239944e-05,-15.173297543326727
OFDM,Classical OFDM,-0.400146484375,1.1457202093054584e-05,-14.990577853643147
OFDM,Classical OFDM,-0.39990234375,1.1885004510323666e-05,-14.831370081473274
OFDM,Classical OFDM,-0.399658203125,1.2264350635610526e-05,-14.694918005989525
OFDM,Classical OFDM,-0.3994140625,1.2591447408256116e-05,-14.58060703159574
OFDM,Classical OFDM,-0.399169921875,1.2862973210245927e-05,-14.487949938925597
OFDM,Classical OFDM,-0.39892578125,1.3076109648860183e-05,-14.41657805353509
OFDM,Classical OFDM,-0.398681640625,1.322857764322458e-05,-14.366232083300957
OFDM,Classical OFDM,-0.3984375,1.331866059915939e-05,-14.336758071368596
OFDM,Classical OFDM,-0.398193359375,1.3345227252959279e-05,-14.328103853326699
OFDM,Classical OFDM,-0.39794921875,1.330774193454078e-05,-14.340319886415454
OFDM,Classical OFDM,-0.397705078125,1.320628277625228e-05,-14.37355766765657
OFDM,Classical OFDM,-0.3974609375,1.304154601677459e-05,-14.42807280914753
OFDM,Classical OFDM,-0.397216796875,1.2814833751557824e-05,-14.504233826248763
OFDM,Classical OFDM,-0.39697265625,1.2528062540622518e-05,-14.60252446289159
OFDM,Classical OFDM,-0.396728515625,1.2183738247294878e-05,-14.723557988822355
OFDM,Classical OFDM,-0.396484375,1.1784947430405689e-05,-14.8680870943541
OFDM,Classical OFDM,-0.396240234375,1.1335321919878118e-05,-15.03702500549121
OFDM,Classical OFDM,-0.39599609375,1.0839020607917718e-05,-15.231463170249544
OFDM,Classical OFDM,-0.395751953125,1.0300688230887944e-05,-15.452701163692117
OFDM,Classical OFDM,-0.3955078125,9.725420441501873e-06,-15.702279735540293
OFDM,Classical OFDM,-0.395263671875,9.11871133434246e-06,-15.982028913027515
OFDM,Classical OFDM,-0.39501953125,8.486416862707886e-06,-16.294119980182693
OFDM,Classical OFDM,-0.394775390625,7.834690611172624e-06,-16.6411450799877
OFDM,Classical OFDM,-0.39453125,7.169940094443422e-06,-17.02620831915282
OFDM,Classical OFDM,-0.394287109375,6.49875756388128e-06,-17.453060231092508
OFDM,Classical OFDM,-0.39404296875,5.827866539813883e-06,-17.92626761309019
OFDM,Classical OFDM,-0.393798828125,5.164057666863986e-06,-18.45145275651201
OFDM,Classical OFDM,-0.3935546875,4.514124569277801e-06,-19.03562819568273
OFDM,Classical OFDM,-0.393310546875,3.884798630278241e-06,-19.687678470915667
OFDM,Classical OFDM,-0.39306640625,3.282686833808949e-06,-20.4190690573093
OFDM,Classical OFDM,-0.392822265625,2.7142057162143592e-06,-21.24493598224897
OFDM,Classical OFDM,-0.392578125,2.185522270374494e-06,-22.18581122735388
OFDM,Classical OFDM,-0.392333984375,1.7024884353726014e-06,-23.27052188496534
OFDM,Classical OFDM,-0.39208984375,1.27058694597721e-06,-24.54131969948633
OFDM,Classical OFDM,-0.391845703125,8.948731058337703e-07,-26.06374902863616
OFDM,Classical OFDM,-0.3916015625,5.799240097149294e-07,-27.947652694682972
OFDM,Classical OFDM,-0.391357421875,3.297900366991016e-07,-30.398988280074875
OFDM,Classical OFDM,-0.39111328125,1.479511981695469e-07,-33.88017872419099
OFDM,Classical OFDM,-0.390869140625,3.727830054353926e-08,-39.86680253663523
OFDM,Classical OFDM,-0.390625,5.9442774305478656e-15,-107.84037288463557
OFDM,Classical OFDM,-0.390380859375,3.7674610508351224e-08,-39.820875878843495
OFDM,Classical OFDM,-0.39013671875,1.5116859402507565e-07,-33.78674785176883
OFDM,Classical OFDM,-0.389892578125,3.4064128216407034e-07,-30.258390802556477
OFDM,Classical OFDM,-0.3896484375,6.055354562412425e-07,-27.75996781324482
OFDM,Classical OFDM,-0.389404296875,9.44575252873387e-07,-25.828997958081725
OFDM,Classical OFDM,-0.38916015625,1.3557709043470132e-06,-24.259500495704344
OFDM,Classical OFDM,-0.388916015625,1.8364290483224197e-06,-22.941622052804327
OFDM,Classical OFDM,-0.388671875,2.3831706676499164e-06,-21.809812141336444
OFDM,Classical OFDM,-0.388427734375,2.99195611713767e-06,-20.821811395601046
OFDM,Classical OFDM,-0.38818359375,3.6581152508555327e-06,-19.948789749917477
OFDM,Classical OFDM,-0.387939453125,4.376384770887386e-06,-19.17020860935677
OFDM,Classical OFDM,-0.3876953125,5.140951597405884e-06,-18.4709284406646
OFDM,Classical OFDM,-0.387451171875,5.945499259754312e-06,-17.839480296493868
OFDM,Classical OFDM,-0.38720703125,6.783266081871289e-06,-17.266975058960156
OFDM,Classical OFDM,-0.386962890625,7.647099477651514e-06,-16.746396192592414
OFDM,Classical OFDM,-0.38671875,8.529521254359843e-06,-16.2721170328828
OFDM,Classical OFDM,-0.386474609375,9.422793495416574e-06,-15.839566855534349
OFDM,Classical OFDM,-0.38623046875,1.0318987588340847e-05,-15.444992689397672
OFDM,Classical OFDM,-0.385986328125,1.1210060536218033e-05,-15.085284011602413
OFDM,Classical OFDM,-0.3857421875,1.2087923489039208e-05,-14.757846565684034
OFDM,Classical OFDM,-0.385498046875,1.2944519876049558e-05,-14.460504123305446
OFDM,Classical OFDM,-0.38525390625,1.3771903703631397e-05,-14.191423816702557
OFDM,Classical OFDM,-0.385009765625,1.4562315370167652e-05,-13.949059268678434
OFDM,Classical OFDM,-0.384765625,1.5308253177004806e-05,-13.732107227924583
OFDM,Classical OFDM,-0.384521484375,1.6002547487970006e-05,-13.539472343752632
OFDM,Classical OFDM,-0.38427734375,1.6638438861719466e-05,-13.370237837978854
OFDM,Classical OFDM,-0.384033203125,1.720963797527684e-05,-13.223646244902074
OFDM,Classical OFDM,-0.3837890625,1.7710398790342537e-05,-13.09908018586195
OFDM,Classical OFDM,-0.383544921875,1.8135571855446638e-05,-12.996051046090136
OFDM,Classical OFDM,-0.38330078125,1.8480665884833658e-05,-12.914187436074414
OFDM,Classical OFDM,-0.383056640625,1.8741897418853455e-05,-12.85322802525341
OFDM,Classical OFDM,-0.3828125,1.8916233531897447e-05,-12.813016920307298
OFDM,Classical OFDM,-0.382568359375,1.9001432553919166e-05,-12.793500145559232
OFDM,Classical OFDM,-0.38232421875,1.89960751909459e-05,-12.794724790716426
OFDM,Classical OFDM,-0.382080078125,1.8899587368858524e-05,-12.816840366181223
OFDM,Classical OFDM,-0.3818359375,1.8712261421824966e-05,-12.860100828199549
OFDM,Classical OFDM,-0.381591796875,1.8435258409785115e-05,-12.924871294692533
OFDM,Classical OFDM,-0.38134765625,1.8070618381598275e-05,-13.011633445315596
OFDM,Classical OFDM,-0.381103515625,1.762124514585662e-05,-13.120997659098963
OFDM,Classical OFDM,-0.380859375,1.7090897994153362e-05,-13.253714768976172
OFDM,Classical OFDM,-0.380615234375,1.648416587767949e-05,-13.410693829104883
OFDM,Classical OFDM,-0.38037109375,1.5806434631365726e-05,-13.593024394118999
OFDM,Classical OFDM,-0.380126953125,1.5063852542678184e-05,-13.802003032255552
OFDM,Classical OFDM,-0.3798828125,1.426328433298942e-05,-14.039168192412674
OFDM,Classical OFDM,-0.379638671875,1.3412255206871325e-05,-14.306345504834518
OFDM,Classical OFDM,-0.37939453125,1.2518893577110924e-05,-14.605704115075284
OFDM,Classical OFDM,-0.379150390625,1.1591858891608896e-05,-14.93983273222404
OFDM,Classical OFDM,-0.37890625,1.0640280882168003e-05,-15.31183266407571
OFDM,Classical OFDM,-0.378662109375,9.673671665601152e-06,-15.725450161253073
OFDM,Classical OFDM,-0.37841796875,8.70184794245227e-06,-16.185248689364947
OFDM,Classical OFDM,-0.378173828125,7.73484541558927e-06,-16.696847204760445
OFDM,Classical OFDM,-0.3779296875,6.782828242757944e-06,-17.267255391834752
OFDM,Classical OFDM,-0.377685546875,5.856000144482175e-06,-17.905352802595477
OFDM,Classical OFDM,-0.37744140625,4.964508062905561e-06,-18.622601386508887
OFDM,Classical OFDM,-0.377197265625,4.118348717489142e-06,-19.43413241689744
OFDM,Classical OFDM,-0.376953125,3.327276236684276e-06,-20.36047500720798
OFDM,Classical OFDM,-0.376708984375,2.6007065616801055e-06,-21.43045005611266
OFDM,Classical OFDM,-0.37646484375,1.947627147259385e-06,-22.68630539637715
OFDM,Classical OFDM,-0.376220703125,1.3765072213337103e-06,-24.193578649250473
OFDM,Classical OFDM,-0.3759765625,8.952118103917258e-07,-26.062105558866232
OFDM,Classical OFDM,-0.375732421875,5.109203274957462e-07,-28.49783177142099
OFDM,Classical OFDM,-0.37548828125,2.300493193361205e-07,-31.963154064013967
OFDM,Classical OFDM,-0.375244140625,5.818117511898509e-08,-37.93353870327503
OFDM,Classical OFDM,-0.375,4.170901118199028e-15,-109.3790646511051
OFDM,Classical OFDM,-0.374755859375,5.923318911712674e-08,-37.85571243323376
OFDM,Classical OFDM,-0.37451171875,2.386016197704152e-07,-31.804629714301488
OFDM,Classical OFDM,-0.374267578125,5.397777013240632e-07,-28.25921419508373
OFDM,Classical OFDM,-0.3740234375,9.63352426054332e-07,-25.74351163602795
OFDM,Classical OFDM,-0.373779296875,1.5088106346537941e-06,-23.795016225532997
OFDM,Classical OFDM,-0.37353515625,2.1745175691286022e-06,-22.207734381044695
OFDM,Classical OFDM,-0.373291015625,2.957713539479422e-06,-20.871802496236977
OFDM,Classical OFDM,-0.373046875,3.854518041375513e-06,-19.721662762635848
OFDM,Classical OFDM,-0.372802734375,4.859946702763134e-06,-18.715048524834604
OFDM,Classical OFDM,-0.37255859375,5.967936155444664e-06,-17.823121905869428
OFDM,Classical OFDM,-0.372314453125,7.171378590433958e-06,-17.025337087034277
OFDM,Classical OFDM,-0.3720703125,8.462166369540858e-06,-16.30654799544359
OFDM,Classical OFDM,-0.371826171875,9.831248886518816e-06,-15.65527668245575
OFDM,Classical OFDM,-0.37158203125,1.1268694559786224e-05,-15.062627516141688
OFDM,Classical OFDM,-0.371337890625,1.2763766978359177e-05,-14.521574921259601
OFDM,Classical OFDM,-0.37109375,1.430500071671495e-05,-14.026484751245343
OFDM,Classical OFDM,-0.370849609375,1.588029618613868e-05,-13.572777607572327
OFDM,Classical OFDM,-0.37060546875,1.747701382393147e-05,-13.156691292722066
OFDM,Classical OFDM,-0.370361328125,1.9082077387023552e-05,-12.77510706235028
OFDM,Classical OFDM,-0.3701171875,2.0682081880557205e-05,-12.425421058540705
OFDM,Classical OFDM,-0.369873046875,2.2263411087478633e-05,-12.105446535197714
OFDM,Classical OFDM,-0.36962890625,2.381234814567509e-05,-11.813341355467646
OFDM,Classical OFDM,-0.369384765625,2.53152059892684e-05,-11.54754893443232
OFDM,Classical OFDM,-0.369140625,2.6758440905375507e-05,-11.306755535883388
OFDM,Classical OFDM,-0.368896484375,2.812878363754057e-05,-11.089854064874578
OFDM,Classical OFDM,-0.36865234375,2.9413365523127887e-05,-10.895916390232468
OFDM,Classical OFDM,-0.368408203125,3.059983105687468e-05,-10.724173302973439
OFDM,Classical OFDM,-0.3681640625,3.1676470980738764e-05,-10.57399567387941
OFDM,Classical OFDM,-0.367919921875,3.263234014455971e-05,-10.44488139805722
OFDM,Classical OFDM,-0.36767578125,3.3457364772503214e-05,-10.33644627713355
OFDM,Classical OFDM,-0.367431640625,3.4142461647999355e-05,-10.248415287840382
OFDM,Classical OFDM,-0.3671875,3.4679634785970246e-05,-10.180618437869608
OFDM,Classical OFDM,-0.366943359375,3.506207938858171e-05,-10.13298690273296
OFDM,Classical OFDM,-0.36669921875,3.5284267923254244e-05,-10.105552478879714
OFDM,Classical OFDM,-0.366455078125,3.534203090356557e-05,-10.09844856727238
OFDM,Classical OFDM,-0.3662109375,3.523262575165938e-05,-10.11191348345545
OFDM,Classical OFDM,-0.365966796875,3.495480830920832e-05,-10.146294342072867
OFDM,Classical OFDM,-0.36572265625,3.4508873890003766e-05,-10.202055716065201
OFDM,Classical OFDM,-0.365478515625,3.389670362965404e-05,-10.279788928295684
OFDM,Classical OFDM,-0.365234375,3.312178766043356e-05,-10.380225903895226
OFDM,Classical OFDM,-0.364990234375,3.218924232688493e-05,-10.504256046794314
OFDM,Classical OFDM,-0.36474609375,3.110581614506596e-05,-10.652947583085961
OFDM,Classical OFDM,-0.364501953125,2.9879877884055743e-05,-10.827575407942746
OFDM,Classical OFDM,-0.3642578125,2.8521397363936914e-05,-11.029655597042161
OFDM,Classical OFDM,-0.364013671875,2.70419063896214e-05,-11.26099053955544
OFDM,Classical OFDM,-0.36376953125,2.545445968467624e-05,-11.523724762120217
OFDM,Classical OFDM,-0.363525390625,2.3773564704637744e-05,-11.820420525395175
OFDM,Classical OFDM,-0.36328125,2.2015117078503286e-05,-12.154153596036368
OFDM,Classical OFDM,-0.363037109375,2.019631519285891e-05,-12.528642191519326
OFDM,Classical OFDM,-0.36279296875,1.8335566499275095e-05,-12.948420264732265
OFDM,Classical OFDM,-0.362548828125,1.6452378261446743e-05,-13.419076730814734
OFDM,Classical OFDM,-0.3623046875,1.4567243667363306e-05,-13.947589742624217
OFDM,Classical OFDM,-0.362060546875,1.2701523306509096e-05,-14.542805495699582
OFDM,Classical OFDM,-0.36181640625,1.0877301651333516e-05,-15.216151863906893
OFDM,Classical OFDM,-0.361572265625,9.117254298472644e-06,-15.98272290714034
OFDM,Classical OFDM,-0.361328125,7.444495345814452e-06,-16.863010962862464
OFDM,Classical OFDM,-0.361083984375,5.882428080256741e-06,-17.8857973291577
OFDM,Classical OFDM,-0.36083984375,4.454587637035227e-06,-19.093288516058724
OFDM,Classical OFDM,-0.360595703125,3.1844787757798424e-06,-20.550980003212853
OFDM,Classical OFDM,-0.3603515625,2.095414525627881e-06,-22.368664088660083
OFDM,Classical OFDM,-0.360107421875,1.210352223166615e-06,-24.752245867929467
OFDM,Classical OFDM,-0.35986328125,5.517304608164221e-07,-28.16409397182017
OFDM,Classical OFDM,-0.359619140625,1.4130706204594275e-07,-34.079724920742386
OFDM,Classical OFDM,-0.359375,5.151132626895493e-15,-108.4623362716281
OFDM,Classical OFDM,-0.359130859375,1.4773195530303772e-07,-33.88661913064993
OFDM,Classical OFDM,-0.35888671875,6.032802744300734e-07,-27.776172336857755
OFDM,Classical OFDM,-0.358642578125,1.384132801970765e-06,-24.169585980978084
OFDM,Classical OFDM,-0.3583984375,2.506351322313797e-06,-21.590944118209322
OFDM,Classical OFDM,-0.358154296875,3.9844422874417456e-06,-19.5776881834614
OFDM,Classical OFDM,-0.35791015625,5.831239142496411e-06,-17.923755065703727
OFDM,Classical OFDM,-0.357666015625,8.057791572761136e-06,-16.519203295256975
OFDM,Classical OFDM,-0.357421875,1.0673270610930468e-05,-15.29838838323185
OFDM,Classical OFDM,-0.357177734375,1.3684880820985544e-05,-14.218953394501339
OFDM,Classical OFDM,-0.35693359375,1.7097787876790653e-05,-13.251964343082568
OFDM,Classical OFDM,-0.356689453125,2.091505665213921e-05,-12.376773137431671
OFDM,Classical OFDM,-0.3564453125,2.5137611161371738e-05,-11.57812354916443
OFDM,Classical OFDM,-0.356201171875,2.9764196983013405e-05,-10.844421889371944
OFDM,Classical OFDM,-0.35595703125,3.4791358747063475e-05,-10.166649689428766
OFDM,Classical OFDM,-0.355712890625,4.021345900594384e-05,-9.53764927986651
OFDM,Classical OFDM,-0.35546875,4.602266134996614e-05,-8.95164630042551
OFDM,Classical OFDM,-0.355224609375,5.220898602696956e-05,-8.403911003511336
OFDM,Classical OFDM,-0.35498046875,5.876031457729068e-05,-7.890522468758943
OFDM,Classical OFDM,-0.354736328125,6.56624931273766e-05,-7.408189906696666
OFDM,Classical OFDM,-0.3544921875,7.289936019960385e-05,-6.954126422708383
OFDM,Classical OFDM,-0.354248046875,8.045284868161443e-05,-6.525949327801126
OFDM,Classical OFDM,-0.35400390625,8.83030944170373e-05,-6.121604361417077
OFDM,Classical OFDM,-0.353759765625,9.642851831066806e-05,-5.739308654404402
OFDM,Classical OFDM,-0.353515625,0.00010480596140473228,-5.377503728320168
OFDM,Classical OFDM,-0.353271484375,0.00011341082525225718,-5.034818483575657
OFDM,Classical OFDM,-0.35302734375,0.00012221719110200983,-4.710040608465375
OFDM,Classical OFDM,-0.352783203125,0.00013119798808168776,-4.4020918383080465
OFDM,Classical OFDM,-0.3525390625,0.00014032515740827837,-4.110008209677366
OFDM,Classical OFDM,-0.352294921875,0.0001495697821672138,-3.832924978737106
OFDM,Classical OFDM,-0.35205078125,0.00015890230449381394,-3.5700616338031836
OFDM,Classical OFDM,-0.351806640625,0.0001682926738923207,-3.3207114832186155
OFDM,Classical OFDM,-0.3515625,0.0001777105167433657,-3.0842322931502837
OFDM,Classical OFDM,-0.351318359375,0.00018712536937673832,-2.860036883960389
OFDM,Classical OFDM,-0.35107421875,0.00019650677077078212,-2.647588401520946
OFDM,Classical OFDM,-0.350830078125,0.00020582452740781316,-2.446392321206845
OFDM,Classical OFDM,-0.3505859375,0.0002150488324590581,-2.2559926999570346
OFDM,Classical OFDM,-0.350341796875,0.00022415049356031412,-2.0759665954265567
OFDM,Classical OFDM,-0.35009765625,0.00023310107583387462,-1.9059208109587091
OFDM,Classical OFDM,-0.349853515625,0.0002418730290191301,-1.7454891563713246
OFDM,Classical OFDM,-0.349609375,0.00025043994703087796,-1.594327557670702
OFDM,Classical OFDM,-0.349365234375,0.0002587766050390812,-1.4521134808590124
OFDM,Classical OFDM,-0.34912109375,0.00026685917665031123,-1.3185421727769593
OFDM,Classical OFDM,-0.348876953125,0.00027466536633545736,-1.193324580961255
OFDM,Classical OFDM,-0.3486328125,0.00028217447299502666,-1.0761863642045015
OFDM,Classical OFDM,-0.348388671875,0.00028936754887239546,-0.9668653347167767
OFDM,Classical OFDM,-0.34814453125,0.00029622750549597617,-0.8651097759295607
OFDM,Classical OFDM,-0.347900390625,0.0003027391878387349,-0.7706771751818364
OFDM,Classical OFDM,-0.34765625,0.00030888941139794963,-0.6833333790472049
OFDM,Classical OFDM,-0.347412109375,0.00031466704694894416,-0.6028509459153967
OFDM,Classical OFDM,-0.34716796875,0.00032006310000171377,-0.5290075170183992
OFDM,Classical OFDM,-0.346923828125,0.00032507064723562453,-0.46158603060473136
OFDM,Classical OFDM,-0.3466796875,0.0003296849901155562,-0.4003718397278519
OFDM,Classical OFDM,-0.346435546875,0.0003339035277613012,-0.3451535153346768
OFDM,Classical OFDM,-0.34619140625,0.00033772578343310673,-0.2957214122266385
OFDM,Classical OFDM,-0.345947265625,0.00034115341512589115,-0.2518663587016009
OFDM,Classical OFDM,-0.345703125,0.00034419016259816054,-0.2133790555639285
OFDM,Classical OFDM,-0.345458984375,0.0003468417149442997,-0.18005034117522997
OFDM,Classical OFDM,-0.34521484375,0.0003491157370801135,-0.1516693308963173
OFDM,Classical OFDM,-0.344970703125,0.0003510217743948769,-0.1280230180068493
OFDM,Classical OFDM,-0.3447265625,0.00035257104616410827,-0.10889714724402044
OFDM,Classical OFDM,-0.344482421875,0.0003537766203541454,-0.09407230244082235
OFDM,Classical OFDM,-0.34423828125,0.0003546529262881764,-0.08332811404501704
OFDM,Classical OFDM,-0.343994140625,0.00035521592945081507,-0.07643925799453662
OFDM,Classical OFDM,-0.34375,0.0003554828613355748,-0.07317691812427662
OFDM,Classical OFDM,-0.343505859375,0.00035547213469113445,-0.07330796783955196
OFDM,Classical OFDM,-0.34326171875,0.0003552031581225456,-0.07659540575271548
OFDM,Classical OFDM,-0.343017578125,0.0003546962301490652,-0.08279786380980288
OFDM,Classical OFDM,-0.3427734375,0.000353972353805363,-0.09167015243966309
OFDM,Classical OFDM,-0.342529296875,0.0003530531201051372,-0.10296305102001746
OFDM,Classical OFDM,-0.34228515625,0.00035196048026545475,-0.11642457382635713
OFDM,Classical OFDM,-0.342041015625,0.0003507167086269932,-0.13179902263424928
OFDM,Classical OFDM,-0.341796875,0.0003493441007188633,-0.1488294518841511
OFDM,Classical OFDM,-0.341552734375,0.0003478649361788508,-0.1672570375108215
OFDM,Classical OFDM,-0.34130859375,0.00034630126686908177,-0.1868227869921799
OFDM,Classical OFDM,-0.341064453125,0.0003446748056367468,-0.20726819663560614
OFDM,Classical OFDM,-0.3408203125,0.000343006793886392,-0.22833636888512454
OFDM,Classical OFDM,-0.340576171875,0.0003413177367245007,-0.2497750185850495
OFDM,Classical OFDM,-0.34033203125,0.0003396275089016605,-0.2713349936020928
OFDM,Classical OFDM,-0.340087890625,0.0003379550052034117,-0.2927747618121607
OFDM,Classical OFDM,-0.33984375,0.0003363182093126554,-0.3138597702136847
OFDM,Classical OFDM,-0.339599609375,0.000334733960736886,-0.33436582692271666
OFDM,Classical OFDM,-0.33935546875,0.00033321792832264886,-0.354079990569802
OFDM,Classical OFDM,-0.339111328125,0.00033178453079891524,-0.3728022551413918
OFDM,Classical OFDM,-0.3388671875,0.00033044683083491473,-0.3903476791921261
OFDM,Classical OFDM,-0.338623046875,0.000329216503257485,-0.40654761239301207
OFDM,Classical OFDM,-0.33837890625,0.00032810382445685554,-0.42125066368840697
OFDM,Classical OFDM,-0.338134765625,0.00032711750817628765,-0.4343256971244115
OFDM,Classical OFDM,-0.337890625,0.0003262648697224342,-0.44566044989057757
OFDM,Classical OFDM,-0.337646484375,0.0003255516829434138,-0.4551641424565085
OFDM,Classical OFDM,-0.33740234375,0.0003249822067143523,-0.4627677569941705
OFDM,Classical OFDM,-0.337158203125,0.00032455917964027486,-0.4684246205536579
OFDM,Classical OFDM,-0.3369140625,0.0003242839577809229,-0.47210894223607075
OFDM,Classical OFDM,-0.336669921875,0.0003241563822230456,-0.47381782301071096
OFDM,Classical OFDM,-0.33642578125,0.00032417496447919214,-0.4735688709478803
OFDM,Classical OFDM,-0.336181640625,0.0003243368441108452,-0.47140072439176844
OFDM,Classical OFDM,-0.3359375,0.00032463792115612963,-0.4673711036492183
OFDM,Classical OFDM,-0.335693359375,0.0003250729302893301,-0.46155552910750797
OFDM,Classical OFDM,-0.33544921875,0.00032563540903824057,-0.4540473579986254
OFDM,Classical OFDM,-0.335205078125,0.00032631799971934123,-0.44495328868204054
OFDM,Classical OFDM,-0.3349609375,0.0003271123170100893,-0.4343946177008773
OFDM,Classical OFDM,-0.334716796875,0.0003280092128043374,-0.4225031710023511
OFDM,Classical OFDM,-0.33447265625,0.0003289987656181167,-0.4094209051651809
OFDM,Classical OFDM,-0.334228515625,0.0003300705030681884,-0.3952964392555439
OFDM,Classical OFDM,-0.333984375,0.0003312134230604772,-0.3802842993703081
OFDM,Classical OFDM,-0.333740234375,0.0003324161474062137,-0.3645424716478201
OFDM,Classical OFDM,-0.33349609375,0.0003336670118727768,-0.34823086951578663
OFDM,Classical OFDM,-0.333251953125,0.0003349542409882698,-0.33150878088690483
OFDM,Classical OFDM,-0.3330078125,0.00033626591625887013,-0.31453509345974806
OFDM,Classical OFDM,-0.332763671875,0.0003375903045895479,-0.2974639359427209
OFDM,Classical OFDM,-0.33251953125,0.0003389157311534653,-0.2804463145472074
OFDM,Classical OFDM,-0.332275390625,0.0003402308760300451,-0.2636263563616226
OFDM,Classical OFDM,-0.33203125,0.00034152477950207883,-0.24714139409802977
OFDM,Classical OFDM,-0.331787109375,0.0003427868791354854,-0.2311216895971312
OFDM,Classical OFDM,-0.33154296875,0.00034400726404051283,-0.21568745815684545
OFDM,Classical OFDM,-0.331298828125,0.0003451765954151125,-0.2009501817726496
OFDM,Classical OFDM,-0.3310546875,0.00034628621778421504,-0.1870115208246896
OFDM,Classical OFDM,-0.330810546875,0.00034732832850719794,-0.1739615270065348
OFDM,Classical OFDM,-0.33056640625,0.0003482958506472847,-0.161880584161089
OFDM,Classical OFDM,-0.330322265625,0.0003491826713414214,-0.1508367590309163
OFDM,Classical OFDM,-0.330078125,0.0003499834934812424,-0.14088797129196748
OFDM,Classical OFDM,-0.329833984375,0.00035069410586559713,-0.1320789229252245
OFDM,Classical OFDM,-0.32958984375,0.000351311081265373,-0.12444510239242194
OFDM,Classical OFDM,-0.329345703125,0.00035183211543843095,-0.11800879443354657
OFDM,Classical OFDM,-0.3291015625,0.0003522558258394876,-0.11278174535262024
OFDM,Classical OFDM,-0.328857421875,0.0003525817834027653,-0.10876488872347093
OFDM,Classical OFDM,-0.32861328125,0.00035281056551307593,-0.10594776682804055
OFDM,Classical OFDM,-0.328369140625,0.0003529436182810033,-0.10431025379802897
OFDM,Classical OFDM,-0.328125,0.00035298336778217886,-0.10382116670041082
OFDM,Classical OFDM,-0.327880859375,0.0003529330028758386,-0.10444087752881584
OFDM,Classical OFDM,-0.32763671875,0.00035279662352385766,-0.1061193900506807
OFDM,Classical OFDM,-0.327392578125,0.0003525790500948487,-0.10879855651921773
OFDM,Classical OFDM,-0.3271484375,0.00035228572271910313,-0.1124131638295717
OFDM,Classical OFDM,-0.326904296875,0.00035192288668738406,-0.11688847691863524
OFDM,Classical OFDM,-0.32666015625,0.00035149720046490703,-0.12214488637833475
OFDM,Classical OFDM,-0.326416015625,0.00035101589460459113,-0.12809576511398246
OFDM,Classical OFDM,-0.326171875,0.00035048654926850747,-0.13465003457159994
OFDM,Classical OFDM,-0.325927734375,0.00034991713130763804,-0.14171153752034604
OFDM,Classical OFDM,-0.32568359375,0.0003493158141601909,-0.14918111643763496
OFDM,Classical OFDM,-0.325439453125,0.00034869098314870884,-0.1569564198856001
OFDM,Classical OFDM,-0.3251953125,0.0003480510553783848,-0.16493404036054254
OFDM,Classical OFDM,-0.324951171875,0.0003474044532515201,-0.17300977815011778
OFDM,Classical OFDM,-0.32470703125,0.00034675953560511563,-0.18107946370558406
OFDM,Classical OFDM,-0.324462890625,0.00034612446528316286,-0.18904061198797648
OFDM,Classical OFDM,-0.32421875,0.00034550719854242685,-0.19679258820771872
OFDM,Classical OFDM,-0.323974609375,0.0003449153208420873,-0.20423873241569052
OFDM,Classical OFDM,-0.32373046875,0.0003443560892206049,-0.21128592041918004
OFDM,Classical OFDM,-0.323486328125,0.00034383623100560406,-0.21784721412894725
OFDM,Classical OFDM,-0.3232421875,0.00034336204445893154,-0.22384072839259364
OFDM,Classical OFDM,-0.322998046875,0.0003429391498125632,-0.22919292174799666
OFDM,Classical OFDM,-0.32275390625,0.00034257265877607186,-0.23383660688909472
OFDM,Classical OFDM,-0.322509765625,0.0003422669308696424,-0.23771418504182007
OFDM,Classical OFDM,-0.322265625,0.0003420256899604559,-0.24077631363477137
OFDM,Classical OFDM,-0.322021484375,0.00034185184945811334,-0.2429842519913662
OFDM,Classical OFDM,-0.32177734375,0.00034174766593077856,-0.24430801920765188
OFDM,Classical OFDM,-0.321533203125,0.00034171457489481856,-0.24472856195224438
OFDM,Classical OFDM,-0.3212890625,0.0003417532120032373,-0.24423754003950754
OFDM,Classical OFDM,-0.321044921875,0.0003418635136907344,-0.24283607009765742
OFDM,Classical OFDM,-0.32080078125,0.00034204459004310434,-0.2405363323976449
OFDM,Classical OFDM,-0.320556640625,0.00034229484133362076,-0.23736005014875244
OFDM,Classical OFDM,-0.3203125,0.00034261188386351915,-0.23333936160730473
OFDM,Classical OFDM,-0.320068359375,0.0003429927141723562,-0.22851464137778787
OFDM,Classical OFDM,-0.31982421875,0.0003434336083929509,-0.2229356608770576
OFDM,Classical OFDM,-0.319580078125,0.00034393020700511834,-0.21666037929610973
OFDM,Classical OFDM,-0.3193359375,0.0003444776048865119,-0.20975366135092804
OFDM,Classical OFDM,-0.319091796875,0.00034507033542129843,-0.20228733018326714
OFDM,Classical OFDM,-0.31884765625,0.00034570251352208356,-0.1943382181757286
OFDM,Classical OFDM,-0.318603515625,0.0003463677985501538,-0.18598849704066642
OFDM,Classical OFDM,-0.318359375,0.00034705951085186004,-0.17732408676251754
OFDM,Classical OFDM,-0.318115234375,0.00034777069532391825,-0.16843375364392202
OFDM,Classical OFDM,-0.31787109375,0.0003484941690873847,-0.15940843031039065
OFDM,Classical OFDM,-0.317626953125,0.0003492226327269315,-0.15033976941373875
OFDM,Classical OFDM,-0.3173828125,0.0003499487020734971,-0.14131971929584142
OFDM,Classical OFDM,-0.317138671875,0.0003506649717695863,-0.1324397303217064
OFDM,Classical OFDM,-0.31689453125,0.00035136414769697965,-0.12378913908206252
OFDM,Classical OFDM,-0.316650390625,0.00035203901519408325,-0.11545561613529384
OFDM,Classical OFDM,-0.31640625,0.0003526826509402633,-0.10752262516659629
OFDM,Classical OFDM,-0.316162109375,0.0003532883434992204,-0.10007050595208505
OFDM,Classical OFDM,-0.31591796875,0.00035384972574669917,-0.09317495686087432
OFDM,Classical OFDM,-0.315673828125,0.00035436081724735493,-0.08690664416173832
OFDM,Classical OFDM,-0.3154296875,0.0003548161354940291,-0.08132997592832569
OFDM,Classical OFDM,-0.315185546875,0.00035521064823377456,-0.0765038277471478
OFDM,Classical OFDM,-0.31494140625,0.0003555399111926724,-0.07247999422419044
OFDM,Classical OFDM,-0.314697265625,0.0003558000733729409,-0.06930325717074547
OFDM,Classical OFDM,-0.314453125,0.00035598784527028496,-0.06701189204276788
OFDM,Classical OFDM,-0.314208984375,0.0003561006789755808,-0.06563557282614514
OFDM,Classical OFDM,-0.31396484375,0.000356136598667408,-0.06519752431464151
OFDM,Classical OFDM,-0.313720703125,0.0003560944548732512,-0.06571148160923407
OFDM,Classical OFDM,-0.3134765625,0.00035597370728805716,-0.06718437460578083
OFDM,Classical OFDM,-0.313232421875,0.00035577454131061867,-0.06961491623092264
OFDM,Classical OFDM,-0.31298828125,0.00035549788923200804,-0.07299332574174514
OFDM,Classical OFDM,-0.312744140625,0.00035514532959051825,-0.077302512555811
OFDM,Classical OFDM,-0.3125,0.0003547192090051552,-0.08251651694721583
OFDM,Classical OFDM,-0.312255859375,0.00035422241969708667,-0.0886031362609282
OFDM,Classical OFDM,-0.31201171875,0.000353658606076868,-0.09552128173865519
OFDM,Classical OFDM,-0.311767578125,0.000353031921077458,-0.10322383039384854
OFDM,Classical OFDM,-0.3115234375,0.0003523471479877107,-0.11165598498134352
OFDM,Classical OFDM,-0.311279296875,0.0003516095786188834,-0.12075661324469794
OFDM,Classical OFDM,-0.31103515625,0.0003508249868190946,-0.13045841459858232
OFDM,Classical OFDM,-0.310791015625,0.0003499995596109153,-0.14068861128081045
OFDM,Classical OFDM,-0.310546875,0.00034913983362606867,-0.1513695840017864
OFDM,Classical OFDM,-0.310302734375,0.0003482527215909719,-0.16241839909422745
OFDM,Classical OFDM,-0.31005859375,0.00034734535871059334,-0.17374858894661155
OFDM,Classical OFDM,-0.309814453125,0.0003464250179147191,-0.18527110928043936
OFDM,Classical OFDM,-0.3095703125,0.00034549920520590314,-0.19689306374385154
OFDM,Classical OFDM,-0.309326171875,0.00034457537891272434,-0.20852116627897072
OFDM,Classical OFDM,-0.30908203125,0.0003436610715232785,-0.22006019148880512
OFDM,Classical OFDM,-0.308837890625,0.00034276369369216913,-0.23141544794248708
OFDM,Classical OFDM,-0.30859375,0.00034189061369713285,-0.24249181233677153
OFDM,Classical OFDM,-0.308349609375,0.00034104889258362094,-0.2531971534873894
OFDM,Classical OFDM,-0.30810546875,0.000340245405998292,-0.2634408896466333
OFDM,Classical OFDM,-0.307861328125,0.00033948671176130263,-0.2731357929416093
OFDM,Classical OFDM,-0.3076171875,0.00033877897570679046,-0.2821990842255322
OFDM,Classical OFDM,-0.307373046875,0.00033812797697998224,-0.29055252898843154
OFDM,Classical OFDM,-0.30712890625,0.00033753901268924373,-0.2981238329059004
OFDM,Classical OFDM,-0.306884765625,0.0003370168449349955,-0.3048475049941476
OFDM,Classical OFDM,-0.306640625,0.0003365657590779054,-0.3106642860902638
OFDM,Classical OFDM,-0.306396484375,0.00033618939952852894,-0.315523435528692
OFDM,Classical OFDM,-0.30615234375,0.000335890822718393,-0.3193822090888955
OFDM,Classical OFDM,-0.305908203125,0.00033567243353469574,-0.3222068192755697
OFDM,Classical OFDM,-0.3056640625,0.00033553602769717295,-0.3239720027252049
OFDM,Classical OFDM,-0.305419921875,0.00033548269111303964,-0.32466240922422274
OFDM,Classical OFDM,-0.30517578125,0.0003355128846307236,-0.3242715608013038
OFDM,Classical OFDM,-0.304931640625,0.00033562637517745676,-0.3228027652288829
OFDM,Classical OFDM,-0.3046875,0.0003358222728390337,-0.32026862427541275
OFDM,Classical OFDM,-0.304443359375,0.00033609904675113673,-0.31669078305933823
OFDM,Classical OFDM,-0.30419921875,0.00033645451450511926,-0.31209999037552993
OFDM,Classical OFDM,-0.303955078125,0.0003368859004161977,-0.3065352405927142
OFDM,Classical OFDM,-0.3037109375,0.0003373898355234515,-0.3000436447840298
OFDM,Classical OFDM,-0.303466796875,0.00033796237348114827,-0.2926800756134278
OFDM,Classical OFDM,-0.30322265625,0.00033859911768934457,-0.2845053692117158
OFDM,Classical OFDM,-0.302978515625,0.0003392951259459353,-0.2755873807718169
OFDM,Classical OFDM,-0.302734375,0.0003400450799541214,-0.2659986351943364
OFDM,Classical OFDM,-0.302490234375,0.00034084322705421784,-0.2558169053417838
OFDM,Classical OFDM,-0.30224609375,0.00034168350735425427,-0.24512342584762642
OFDM,Classical OFDM,-0.302001953125,0.0003425595908097339,-0.23400227842694404
OFDM,Classical OFDM,-0.3017578125,0.0003434648931149582,-0.2225400629214583
OFDM,Classical OFDM,-0.301513671875,0.00034439270813073635,-0.21082411516653812
OFDM,Classical OFDM,-0.30126953125,0.0003453361655075181,-0.1989429658089784
OFDM,Classical OFDM,-0.301025390625,0.00034628841078707844,-0.18698401739031326
OFDM,Classical OFDM,-0.30078125,0.0003472425259458918,-0.17503452276669595
OFDM,Classical OFDM,-0.300537109375,0.0003481917147939252,-0.1631792613827186
OFDM,Classical OFDM,-0.30029296875,0.00034912920762668727,-0.15150176264995113
OFDM,Classical OFDM,-0.300048828125,0.0003500485472690804,-0.14008079391945763
OFDM,Classical OFDM,-0.2998046875,0.00035094341956793285,-0.12899255522625225
OFDM,Classical OFDM,-0.299560546875,0.0003518077805225994,-0.11830919012538002
OFDM,Classical OFDM,-0.29931640625,0.00035263590925604515,-0.10809824182284491
OFDM,Classical OFDM,-0.299072265625,0.0003534225457396631,-0.09842108200598826
OFDM,Classical OFDM,-0.298828125,0.0003541627159886979,-0.08933519541512566
OFDM,Classical OFDM,-0.298583984375,0.00035485194394658067,-0.08089170305647575
OFDM,Classical OFDM,-0.29833984375,0.0003554862938617957,-0.07313498305055846
OFDM,Classical OFDM,-0.298095703125,0.0003560622537514967,-0.0661042257715582
OFDM,Classical OFDM,-0.2978515625,0.00035657683604656536,-0.05983231918452027
OFDM,Classical OFDM,-0.297607421875,0.0003570276888308874,-0.05434460447396494
OFDM,Classical OFDM,-0.29736328125,0.0003574129740078599,-0.049660457805312835
OFDM,Classical OFDM,-0.297119140625,0.0003577313831917166,-0.04579317257033189
OFDM,Classical OFDM,-0.296875,0.0003579822754323453,-0.04274834818259996
OFDM,Classical OFDM,-0.296630859375,0.00035816549181649494,-0.04052618482455027
OFDM,Classical OFDM,-0.29638671875,0.0003582814984897018,-0.03911977069595064
OFDM,Classical OFDM,-0.296142578125,0.00035833131779388033,-0.03851592302702178
OFDM,Classical OFDM,-0.2958984375,0.00035831648589045663,-0.03869568814402447
OFDM,Classical OFDM,-0.295654296875,0.00035823907924591,-0.0396339902201128
OFDM,Classical OFDM,-0.29541015625,0.0003581016245809308,-0.04130067767556801
OFDM,Classical OFDM,-0.295166015625,0.0003579071995154795,-0.04365924456197551
OFDM,Classical OFDM,-0.294921875,0.0003576592259815603,-0.04666926677410955
OFDM,Classical OFDM,-0.294677734375,0.0003573615602740633,-0.05028523386683953
OFDM,Classical OFDM,-0.29443359375,0.00035701845067389774,-0.05445698042229147
OFDM,Classical OFDM,-0.294189453125,0.00035663442091160786,-0.05913101816215283
OFDM,Classical OFDM,-0.2939453125,0.000356214227790506,-0.06425097105246486
OFDM,Classical OFDM,-0.293701171875,0.00035576291945486454,-0.0697567867044328
OFDM,Classical OFDM,-0.29345703125,0.00035528574533907377,-0.07558575810302752
OFDM,Classical OFDM,-0.293212890625,0.0003547879654717408,-0.08167479031777684
OFDM,Classical OFDM,-0.29296875,0.0003542750623600241,-0.08795775872191164
OFDM,Classical OFDM,-0.292724609375,0.0003537524443515648,-0.09436909602975273
OFDM,Classical OFDM,-0.29248046875,0.00035322555157665445,-0.10084247054444011
OFDM,Classical OFDM,-0.292236328125,0.0003526997076292005,-0.10731259366250677
OFDM,Classical OFDM,-0.2919921875,0.0003521802043204602,-0.11371417944590347
OFDM,Classical OFDM,-0.291748046875,0.0003516721215773561,-0.11998417563369114
OFDM,Classical OFDM,-0.29150390625,0.0003511803168482596,-0.12606192689988385
OFDM,Classical OFDM,-0.291259765625,0.00035070944629142395,-0.13188895347704568
OFDM,Classical OFDM,-0.291015625,0.00035026388531835917,-0.13740998228906995
OFDM,Classical OFDM,-0.290771484375,0.00034984763324588127,-0.142574188123865
OFDM,Classical OFDM,-0.29052734375,0.0003494644351296048,-0.14733374688331805
OFDM,Classical OFDM,-0.290283203125,0.00034911755398828295,-0.15164672890348177
OFDM,Classical OFDM,-0.2900390625,0.0003488098926373,-0.15547565514295567
OFDM,Classical OFDM,-0.289794921875,0.00034854397250023815,-0.1587878230256948
OFDM,Classical OFDM,-0.28955078125,0.0003483217958840594,-0.16155708178574013
OFDM,Classical OFDM,-0.289306640625,0.00034814495721838197,-0.16376250101068274
OFDM,Classical OFDM,-0.2890625,0.0003480145847872876,-0.16538914044208014
OFDM,Classical OFDM,-0.288818359375,0.0003479312718669133,-0.16642894379507667
OFDM,Classical OFDM,-0.28857421875,0.00034789525682713554,-0.166878513692457
OFDM,Classical OFDM,-0.288330078125,0.0003479062589212109,-0.16674117140047956
OFDM,Classical OFDM,-0.2880859375,0.00034796347298866783,-0.16602702182045476
OFDM,Classical OFDM,-0.287841796875,0.00034806576015120776,-0.1647505596126814
OFDM,Classical OFDM,-0.28759765625,0.000348211488899454,-0.16293262883213616
OFDM,Classical OFDM,-0.287353515625,0.00034839867811487787,-0.16059860474989995
OFDM,Classical OFDM,-0.287109375,0.00034862486464208933,-0.15778000371073664
OFDM,Classical OFDM,-0.286865234375,0.0003488872992818467,-0.15451199127511828
OFDM,Classical OFDM,-0.28662109375,0.0003491829150084062,-0.15083372843407747
OFDM,Classical OFDM,-0.286376953125,0.000349508295186872,-0.14678871329199347
OFDM,Classical OFDM,-0.2861328125,0.0003498598324864473,-0.14242275161300166
OFDM,Classical OFDM,-0.285888671875,0.0003502336123440497,-0.13778535509897866
OFDM,Classical OFDM,-0.28564453125,0.0003506255983631047,-0.13292739275194315
OFDM,Classical OFDM,-0.285400390625,0.00035103159523378676,-0.12790151339392397
OFDM,Classical OFDM,-0.28515625,0.00035144724873301933,-0.12276211186696659
OFDM,Classical OFDM,-0.284912109375,0.00035186822582615934,-0.11756307794816312
OFDM,Classical OFDM,-0.28466796875,0.00035229015639880515,-0.11235850619265278
OFDM,Classical OFDM,-0.284423828125,0.00035270857498860455,-0.10720340738405414
OFDM,Classical OFDM,-0.2841796875,0.00035311924390886505,-0.10214973108203079
OFDM,Classical OFDM,-0.283935546875,0.0003535179095815691,-0.09724938528804376
OFDM,Classical OFDM,-0.28369140625,0.0003539004985303835,-0.09255184607782041
OFDM,Classical OFDM,-0.283447265625,0.0003542630803009011,-0.08810464544109123
OFDM,Classical OFDM,-0.283203125,0.00035460196280859085,-0.08395223827287701
OFDM,Classical OFDM,-0.282958984375,0.00035491369233879854,-0.08013604556326098
OFDM,Classical OFDM,-0.28271484375,0.0003551950747351797,-0.0766942396283048
OFDM,Classical OFDM,-0.282470703125,0.0003554432071823499,-0.07366140113061488
OFDM,Classical OFDM,-0.2822265625,0.0003556555258798602,-0.07106798232148161
OFDM,Classical OFDM,-0.281982421875,0.0003558298272306305,-0.06894009266047116
OFDM,Classical OFDM,-0.28173828125,0.0003559642201669744,-0.06730012077343779
OFDM,Classical OFDM,-0.281494140625,0.00035605724798409117,-0.06616528229807223
OFDM,Classical OFDM,-0.28125,0.000356107766506574,-0.06554913533385492
OFDM,Classical OFDM,-0.281005859375,0.00035611513478431056,-0.0654592757588138
OFDM,Classical OFDM,-0.28076171875,0.0003560789608312818,-0.065900451789316
OFDM,Classical OFDM,-0.280517578125,0.00035599946712603915,-0.06687011120661843
OFDM,Classical OFDM,-0.2802734375,0.0003558770509517099,-0.0683637598431684
OFDM,Classical OFDM,-0.280029296875,0.0003557125916282829,-0.07037120271922376
OFDM,Classical OFDM,-0.27978515625,0.00035550738694730755,-0.07287729832299836
OFDM,Classical OFDM,-0.279541015625,0.00035526304722972716,-0.07586322430226172
OFDM,Classical OFDM,-0.279296875,0.00035498152181142017,-0.07930612122590948
OFDM,Classical OFDM,-0.279052734375,0.0003546651255287424,-0.08317872935508307
OFDM,Classical OFDM,-0.27880859375,0.00035431643807346783,-0.0874505766842252
OFDM,Classical OFDM,-0.278564453125,0.00035393838344941435,-0.09208696030460228
OFDM,Classical OFDM,-0.2783203125,0.0003535340445736507,-0.09705117246968896
OFDM,Classical OFDM,-0.278076171875,0.00035310682748685606,-0.10230244092332523
OFDM,Classical OFDM,-0.27783203125,0.00035266027065741854,-0.1077982253902193
OFDM,Classical OFDM,-0.277587890625,0.00035219803438721884,-0.11349431179010779
OFDM,Classical OFDM,-0.27734375,0.000351724017348014,-0.11934334053026956
OFDM,Classical OFDM,-0.277099609375,0.00035124210232023603,-0.12529791114873157
OFDM,Classical OFDM,-0.27685546875,0.00035075628332359264,-0.13130899457695858
OFDM,Classical OFDM,-0.276611328125,0.00035027056497200816,-0.13732716161637706
OFDM,Classical OFDM,-0.2763671875,0.000349788935988082,-0.14330290632831238
OFDM,Classical OFDM,-0.276123046875,0.0003493153215291129,-0.1491872411849547
OFDM,Classical OFDM,-0.27587890625,0.00034885359907842466,-0.15493151125541416
OFDM,Classical OFDM,-0.275634765625,0.0003484074819089815,-0.16048886291871148
OFDM,Classical OFDM,-0.275390625,0.0003479806038371222,-0.1658132163379949
OFDM,Classical OFDM,-0.275146484375,0.0003475763603093092,-0.1708612788918967
OFDM,Classical OFDM,-0.27490234375,0.0003471979560761036,-0.17559199166535197
OFDM,Classical OFDM,-0.274658203125,0.00034684838930084034,-0.1799667696726756
OFDM,Classical OFDM,-0.2744140625,0.0003465304038856529,-0.18395014274898464
OFDM,Classical OFDM,-0.274169921875,0.00034624643120328096,-0.18751053246255933
OFDM,Classical OFDM,-0.27392578125,0.00034599862717682944,-0.19061983384580275
OFDM,Classical OFDM,-0.273681640625,0.000345788856388443,-0.19325365711717662
OFDM,Classical OFDM,-0.2734375,0.0003456186761879811,-0.1953915662373419
OFDM,Classical OFDM,-0.273193359375,0.00034548922545374236,-0.1970185116125041
OFDM,Classical OFDM,-0.27294921875,0.0003454014099912573,-0.19812252921042256
OFDM,Classical OFDM,-0.272705078125,0.00034535570124317045,-0.19869729150457635
OFDM,Classical OFDM,-0.2724609375,0.0003453523375793583,-0.19873959072654862
OFDM,Classical OFDM,-0.272216796875,0.0003453910700357276,-0.19825254179046226
OFDM,Classical OFDM,-0.27197265625,0.00034547147484360923,-0.19724164997709137
OFDM,Classical OFDM,-0.271728515625,0.0003455926567916892,-0.19571853079067603
OFDM,Classical OFDM,-0.271484375,0.00034575348759588584,-0.19369789517681718
OFDM,Classical OFDM,-0.271240234375,0.0003459524946600734,-0.19119892380926629
OFDM,Classical OFDM,-0.27099609375,0.00034618796701824973,-0.1882439065720367
OFDM,Classical OFDM,-0.270751953125,0.0003464578546894775,-0.18485947173950423
OFDM,Classical OFDM,-0.2705078125,0.0003467598958084845,-0.1810749523875627
OFDM,Classical OFDM,-0.270263671875,0.00034709159014012215,-0.1769226796952195
OFDM,Classical OFDM,-0.27001953125,0.00034745026264466585,-0.17243714717457045
OFDM,Classical OFDM,-0.269775390625,0.00034783301580383966,-0.167655568013832
OFDM,Classical OFDM,-0.26953125,0.0003482368090774416,-0.16261684333542054
OFDM,Classical OFDM,-0.269287109375,0.00034865852776575277,-0.1573606703658958
OFDM,Classical OFDM,-0.26904296875,0.0003490948929586949,-0.1519286362269858
OFDM,Classical OFDM,-0.268798828125,0.0003495425568837808,-0.1463630027481619
OFDM,Classical OFDM,-0.2685546875,0.0003499982141453904,-0.1407053064268517
OFDM,Classical OFDM,-0.268310546875,0.0003504584216230861,-0.1349985835079438
OFDM,Classical OFDM,-0.26806640625,0.000350919863327031,-0.1292840748338801
OFDM,Classical OFDM,-0.267822265625,0.00035137924975293,-0.12360247807352234
OFDM,Classical OFDM,-0.267578125,0.0003518332860993798,-0.11799434405445607
OFDM,Classical OFDM,-0.267333984375,0.000352278868260878,-0.1124976657594675
OFDM,Classical OFDM,-0.26708984375,0.00035271291861746436,-0.10714992406769991
OFDM,Classical OFDM,-0.266845703125,0.00035313264559303,-0.10198490950581236
OFDM,Classical OFDM,-0.2666015625,0.00035353524701724974,-0.09703640122658576
OFDM,Classical OFDM,-0.266357421875,0.00035391825443762504,-0.0923339571760228
OFDM,Classical OFDM,-0.26611328125,0.0003542793053438249,-0.08790574565035279
OFDM,Classical OFDM,-0.265869140625,0.00035461634975491186,-0.0837760394554235
OFDM,Classical OFDM,-0.265625,0.0003549274277407906,-0.07996797388851934
OFDM,Classical OFDM,-0.265380859375,0.00035521097665449324,-0.07649981234837984
OFDM,Classical OFDM,-0.26513671875,0.00035546558746519456,-0.07338795864631106
OFDM,Classical OFDM,-0.264892578125,0.0003556901477801378,-0.07064523144768782
OFDM,Classical OFDM,-0.2646484375,0.00035588379417065934,-0.068281469764973
OFDM,Classical OFDM,-0.264404296875,0.0003560459280635139,-0.06630335720654285
OFDM,Classical OFDM,-0.26416015625,0.00035617621574087437,-0.06471443665805855
OFDM,Classical OFDM,-0.263916015625,0.0003562745777461154,-0.06351524994180931
OFDM,Classical OFDM,-0.263671875,0.00035634121007224636,-0.06270308573961077
OFDM,Classical OFDM,-0.263427734375,0.00035637651529950315,-0.062272820998137836
OFDM,Classical OFDM,-0.26318359375,0.0003563811767548649,-0.062216015035499304
OFDM,Classical OFDM,-0.262939453125,0.0003563561002438621,-0.06252161404679961
OFDM,Classical OFDM,-0.2626953125,0.0003563023134055177,-0.06317716870493431
OFDM,Classical OFDM,-0.262451171875,0.0003562212040822235,-0.06416591730972267
OFDM,Classical OFDM,-0.26220703125,0.00035611421308745495,-0.06547051617904018
OFDM,Classical OFDM,-0.261962890625,0.0003559829931190221,-0.0670710872346278
OFDM,Classical OFDM,-0.26171875,0.00035582934519376924,-0.06894597598094376
OFDM,Classical OFDM,-0.261474609375,0.00035565519216203316,-0.07107205738480091
OFDM,Classical OFDM,-0.26123046875,0.0003554625522221011,-0.07342504226287283
OFDM,Classical OFDM,-0.260986328125,0.0003552535230288858,-0.07597965530593757
OFDM,Classical OFDM,-0.2607421875,0.00035503035585344274,-0.07870871276895162
OFDM,Classical OFDM,-0.260498046875,0.0003547952225102017,-0.08158595811848009
OFDM,Classical OFDM,-0.26025390625,0.00035455036897310985,-0.08458417353092969
OFDM,Classical OFDM,-0.260009765625,0.00035429811007852286,-0.08767523329313846
OFDM,Classical OFDM,-0.259765625,0.0003540406070466539,-0.09083282296137807
OFDM,Classical OFDM,-0.259521484375,0.00035378013233699183,-0.09402918972187965
OFDM,Classical OFDM,-0.25927734375,0.0003535188312784247,-0.09723806231611744
OFDM,Classical OFDM,-0.259033203125,0.0003532587538518901,-0.10043426430910563
OFDM,Classical OFDM,-0.2587890625,0.00035300196063254213,-0.10359241485550742
OFDM,Classical OFDM,-0.258544921875,0.00035275031090541717,-0.10668953822023838
OFDM,Classical OFDM,-0.25830078125,0.00035250560039025116,-0.10970337841535638
OFDM,Classical OFDM,-0.258056640625,0.0003522694923790709,-0.11261325452411501
OFDM,Classical OFDM,-0.2578125,0.0003520435389246275,-0.11539980929271523
OFDM,Classical OFDM,-0.257568359375,0.00035182909608666256,-0.11804606486398858
OFDM,Classical OFDM,-0.25732421875,0.00035162741927985874,-0.12053625792664943
OFDM,Classical OFDM,-0.257080078125,0.00035143957852010595,-0.12285689614842599
OFDM,Classical OFDM,-0.2568359375,0.00035126652728690986,-0.12499591832460583
OFDM,Classical OFDM,-0.256591796875,0.0003511089753927916,-0.12694427555277019
OFDM,Classical OFDM,-0.25634765625,0.00035096757438208003,-0.12869364831098556
OFDM,Classical OFDM,-0.256103515625,0.00035084275332055283,-0.1302384844776355
OFDM,Classical OFDM,-0.255859375,0.0003507347558751948,-0.13157554828981144
OFDM,Classical OFDM,-0.255615234375,0.0003506437621476904,-0.1327024169619826
OFDM,Classical OFDM,-0.25537109375,0.00035056979332647305,-0.13361866425229627
OFDM,Classical OFDM,-0.255126953125,0.0003505126428243165,-0.13432671644415684
OFDM,Classical OFDM,-0.2548828125,0.00035047207756845264,-0.13482935983382918
OFDM,Classical OFDM,-0.254638671875,0.0003504477055728625,-0.1351313807913369
OFDM,Classical OFDM,-0.25439453125,0.0003504390183151429,-0.13523903950314065
OFDM,Classical OFDM,-0.254150390625,0.0003504454490046987,-0.1351593455416039
OFDM,Classical OFDM,-0.25390625,0.00035046628253190067,-0.1349011707815603
OFDM,Classical OFDM,-0.253662109375,0.0003505007773015775,-0.1344737359134846
OFDM,Classical OFDM,-0.25341796875,0.00035054817053012464,-0.13388654103265332
OFDM,Classical OFDM,-0.253173828125,0.00035060757230333657,-0.1331506742114336
OFDM,Classical OFDM,-0.2529296875,0.000350678108598333,-0.13227703527573573
OFDM,Classical OFDM,-0.252685546875,0.00035075887360958344,-0.13127692265659452
OFDM,Classical OFDM,-0.25244140625,0.00035084895623444895,-0.13016170171847782
OFDM,Classical OFDM,-0.252197265625,0.00035094745066739907,-0.12894267042710622
OFDM,Classical OFDM,-0.251953125,0.00035105349877687857,-0.12763053234096783
OFDM,Classical OFDM,-0.251708984375,0.00035116622654000705,-0.1262361811389291
OFDM,Classical OFDM,-0.25146484375,0.00035128481290498795,-0.12476984678856344
OFDM,Classical OFDM,-0.251220703125,0.00035140849508821657,-0.12324102931927386
OFDM,Classical OFDM,-0.2509765625,0.0003515365473858468,-0.12165876033633187
OFDM,Classical OFDM,-0.250732421875,0.00035166836063041656,-0.12003062137494777
OFDM,Classical OFDM,-0.25048828125,0.0003518033150602472,-0.11836431505649371
OFDM,Classical OFDM,-0.250244140625,0.00035194093923269403,-0.11666570312275529
OFDM,Classical OFDM,-0.25,0.0003520807934877628,-0.11494024695505123
OFDM,Classical OFDM,-0.249755859375,0.0003522225176220847,-0.11319242014951533
OFDM,Classical OFDM,-0.24951171875,0.00035236585737445804,-0.11142538377590995
OFDM,Classical OFDM,-0.249267578125,0.00035251065383163195,-0.10964111937683951
OFDM,Classical OFDM,-0.2490234375,0.00035265676397168053,-0.10784140977939499
OFDM,Classical OFDM,-0.248779296875,0.0003528042142801456,-0.1060259484504774
OFDM,Classical OFDM,-0.24853515625,0.0003529529411917268,-0.10419553759412073
OFDM,Classical OFDM,-0.248291015625,0.0003531031724820838,-0.10234739492862116
OFDM,Classical OFDM,-0.248046875,0.000353255014093384,-0.10048024094980448
OFDM,Classical OFDM,-0.247802734375,0.00035340869380128697,-0.09859130143220052
OFDM,Classical OFDM,-0.24755859375,0.00035356448175831955,-0.09667728677024987
OFDM,Classical OFDM,-0.247314453125,0.0003537227010880919,-0.09473426321028103
OFDM,Classical OFDM,-0.2470703125,0.00035388365902288925,-0.09275849962060045
OFDM,Classical OFDM,-0.246826171875,0.0003540476892805387,-0.09074594749367809
OFDM,Classical OFDM,-0.24658203125,0.00035421513617308394,-0.08869243684238667
OFDM,Classical OFDM,-0.246337890625,0.0003543863440125688,-0.08659380669630654
OFDM,Classical OFDM,-0.24609375,0.0003545616835965788,-0.08444558108929855
OFDM,Classical OFDM,-0.245849609375,0.00035474134032390675,-0.08224556433052038
OFDM,Classical OFDM,-0.24560546875,0.0003549256902892467,-0.07998923365617928
OFDM,Classical OFDM,-0.245361328125,0.0003551148394347658,-0.07767538173759161
OFDM,Classical OFDM,-0.2451171875,0.000355309031427449,-0.07530112275188904
OFDM,Classical OFDM,-0.244873046875,0.000355508276861513,-0.07286642697800708
OFDM,Classical OFDM,-0.24462890625,0.00035571260751960797,-0.07037100869981586
OFDM,Classical OFDM,-0.244384765625,0.00035592191745956663,-0.06781626602328483
OFDM,Classical OFDM,-0.244140625,0.000356136047768138,-0.06520424231832354
OFDM,Classical OFDM,-0.243896484375,0.000356354722995687,-0.06253839873038117
OFDM,Classical OFDM,-0.24365234375,0.0003565775723446282,-0.059823351415914695
OFDM,Classical OFDM,-0.243408203125,0.0003568040925896667,-0.05706531877780572
OFDM,Classical OFDM,-0.2431640625,0.0003570336639691238,-0.05427192249630077
OFDM,Classical OFDM,-0.242919921875,0.0003572656349386705,-0.05145115210687064
OFDM,Classical OFDM,-0.24267578125,0.0003574991632580767,-0.04861329371342765
OFDM,Classical OFDM,-0.242431640625,0.00035773332193337845,-0.04576963584519257
OFDM,Classical OFDM,-0.2421875,0.0003579671204053113,-0.04293220879211204
OFDM,Classical OFDM,-0.241943359375,0.0003581993350418428,-0.0401158373178539
OFDM,Classical OFDM,-0.24169921875,0.00035842884285599956,-0.03733408846331973
OFDM,Classical OFDM,-0.241455078125,0.00035865430367936494,-0.03460312497121769
OFDM,Classical OFDM,-0.2412109375,0.0003588742872926803,-0.031940160078462926
OFDM,Classical OFDM,-0.240966796875,0.00035908736347668686,-0.02936236741901515
OFDM,Classical OFDM,-0.24072265625,0.0003592919960699587,-0.02688816469316603
OFDM,Classical OFDM,-0.240478515625,0.000359486638316853,-0.02453606206257444
OFDM,Classical OFDM,-0.240234375,0.00035966965341088477,-0.022325626081603194
OFDM,Classical OFDM,-0.239990234375,0.0003598394257340025,-0.020276140213658925
OFDM,Classical OFDM,-0.23974609375,0.00035999433437104635,-0.018406931764863025
OFDM,Classical OFDM,-0.239501953125,0.0003601327584068564,-0.01673731549133551
OFDM,Classical OFDM,-0.2392578125,0.0003602530663320561,-0.015286729798643657
OFDM,Classical OFDM,-0.239013671875,0.00036035372198521944,-0.014073469092965467
OFDM,Classical OFDM,-0.23876953125,0.000360433199799137,-0.013115716527961545
OFDM,Classical OFDM,-0.238525390625,0.00036049009074298364,-0.012430278191919537
OFDM,Classical OFDM,-0.23828125,0.0003605229963801508,-0.012033871055617883
OFDM,Classical OFDM,-0.238037109375,0.00036053067718728093,-0.011941347231786399
OFDM,Classical OFDM,-0.23779296875,0.0003605119995831838,-0.012166343078986664
OFDM,Classical OFDM,-0.237548828125,0.0003604659888999201,-0.012720650871911016
OFDM,Classical OFDM,-0.2373046875,0.0003603917075493092,-0.013615695232309079
OFDM,Classical OFDM,-0.237060546875,0.0003602884616101551,-0.014860051435771088
OFDM,Classical OFDM,-0.23681640625,0.0003601557584513799,-0.016459960176355627
OFDM,Classical OFDM,-0.236572265625,0.00035999314781877243,-0.018421246266650808
OFDM,Classical OFDM,-0.236328125,0.00035980049728462365,-0.020745997714055935
OFDM,Classical OFDM,-0.236083984375,0.0003595777432836331,-0.023435565762918737
OFDM,Classical OFDM,-0.23583984375,0.0003593251188885688,-0.02648781081741719
OFDM,Classical OFDM,-0.235595703125,0.00035904302667966675,-0.029898627312190423
OFDM,Classical OFDM,-0.2353515625,0.0003587320917157139,-0.033661291803103566
OFDM,Classical OFDM,-0.235107421875,0.0003583930714832066,-0.03776753809749581
OFDM,Classical OFDM,-0.23486328125,0.00035802698832405937,-0.04220593726281024
OFDM,Classical OFDM,-0.234619140625,0.00035763507116741314,-0.046962581079601044
OFDM,Classical OFDM,-0.234375,0.00035721869726144283,-0.052021767117555816
OFDM,Classical OFDM,-0.234130859375,0.00035677949811552517,-0.05736468789302458
OFDM,Classical OFDM,-0.23388671875,0.00035631923766674584,-0.062970884927746
OFDM,Classical OFDM,-0.233642578125,0.0003558398705480917,-0.06881751452155896
OFDM,Classical OFDM,-0.2333984375,0.00035534352619712585,-0.07487951340211017
OFDM,Classical OFDM,-0.233154296875,0.0003548324399935785,-0.08113041365397429
OFDM,Classical OFDM,-0.23291015625,0.0003543090380130811,-0.08754128201448144
OFDM,Classical OFDM,-0.232666015625,0.0003537758204907822,-0.0940821215361959
OFDM,Classical OFDM,-0.232421875,0.0003532354465750814,-0.10072081221576283
OFDM,Classical OFDM,-0.232177734375,0.0003526905913057033,-0.10742484836734942
OFDM,Classical OFDM,-0.23193359375,0.0003521440515558649,-0.11416002370164427
OFDM,Classical OFDM,-0.231689453125,0.0003515986559814335,-0.12089152751160447
OFDM,Classical OFDM,-0.2314453125,0.00035105725972381813,-0.12758400525153585
OFDM,Classical OFDM,-0.231201171875,0.0003505227285186446,-0.13420175380825544
OFDM,Classical OFDM,-0.23095703125,0.00034999790161599687,-0.14070918444240005
OFDM,Classical OFDM,-0.230712890625,0.00034948563945439234,-0.1470702396147615
OFDM,Classical OFDM,-0.23046875,0.00034898866474753095,-0.15325037846766065
OFDM,Classical OFDM,-0.230224609375,0.0003485097108033294,-0.15921475329739432
OFDM,Classical OFDM,-0.22998046875,0.00034805134142223656,-0.16493047113661882
OFDM,Classical OFDM,-0.229736328125,0.0003476160674336178,-0.17036516920168537
OFDM,Classical OFDM,-0.2294921875,0.00034720624605069574,-0.1754882972980184
OFDM,Classical OFDM,-0.229248046875,0.00034682405438500873,-0.18027148178179228
OFDM,Classical OFDM,-0.22900390625,0.0003464715477146026,-0.1846878292826384
OFDM,Classical OFDM,-0.228759765625,0.0003461505694331886,-0.18871308643100032
OFDM,Classical OFDM,-0.228515625,0.00034586279342701013,-0.1923251420767265
OFDM,Classical OFDM,-0.228271484375,0.0003456096499153261,-0.19550498926294446
OFDM,Classical OFDM,-0.22802734375,0.0003453924102041441,-0.19823569055516885
OFDM,Classical OFDM,-0.227783203125,0.0003452120224758617,-0.20050446825396737
OFDM,Classical OFDM,-0.2275390625,0.0003450692707025169,-0.20230073041381436
OFDM,Classical OFDM,-0.227294921875,0.00034496465810940455,-0.20361755471410897
OFDM,Classical OFDM,-0.22705078125,0.00034489848663170136,-0.204450702793785
OFDM,Classical OFDM,-0.226806640625,0.00034487072978386555,-0.20480022972452483
OFDM,Classical OFDM,-0.2265625,0.00034488118627577926,-0.20466855349042387
OFDM,Classical OFDM,-0.226318359375,0.0003449293899619063,-0.2040615870086796
OFDM,Classical OFDM,-0.22607421875,0.00034501458865285876,-0.20298899785127042
OFDM,Classical OFDM,-0.225830078125,0.000345135860651781,-0.20146272888958347
OFDM,Classical OFDM,-0.2255859375,0.0003452919717324238,-0.19949878193198844
OFDM,Classical OFDM,-0.225341796875,0.0003454815605379373,-0.19711486389558214
OFDM,Classical OFDM,-0.22509765625,0.00034570293199364446,-0.1943329610609374
OFDM,Classical OFDM,-0.224853515625,0.0003459543221624595,-0.19117598215924428
OFDM,Classical OFDM,-0.224609375,0.0003462337075489868,-0.18767012730264182
OFDM,Classical OFDM,-0.224365234375,0.0003465389269330131,-0.18384332767946335
OFDM,Classical OFDM,-0.22412109375,0.0003468676231013159,-0.17972594682109502
OFDM,Classical OFDM,-0.223876953125,0.0003472173434927217,-0.17534948986382107
OFDM,Classical OFDM,-0.2236328125,0.00034758556138654025,-0.17074631353074737
OFDM,Classical OFDM,-0.223388671875,0.0003479695593661799,-0.16595105818471817
OFDM,Classical OFDM,-0.22314453125,0.00034836660942083245,-0.16099837371442055
OFDM,Classical OFDM,-0.222900390625,0.00034877388289463064,-0.15592402659591897
OFDM,Classical OFDM,-0.22265625,0.0003491886093998992,-0.1507629053057902
OFDM,Classical OFDM,-0.222412109375,0.0003496079232010124,-0.14555092489747348
OFDM,Classical OFDM,-0.22216796875,0.00035002896915656116,-0.14032370034155844
OFDM,Classical OFDM,-0.221923828125,0.0003504490086615204,-0.1351152322147475
OFDM,Classical OFDM,-0.2216796875,0.0003508652607339983,-0.12995988297191327
OFDM,Classical OFDM,-0.221435546875,0.0003512750609284869,-0.12489041244396343
OFDM,Classical OFDM,-0.22119140625,0.00035167581366188697,-0.11993858079056612
OFDM,Classical OFDM,-0.220947265625,0.0003520650875614588,-0.11513398513663309
OFDM,Classical OFDM,-0.220703125,0.0003524405148197629,-0.11050532067973698
OFDM,Classical OFDM,-0.220458984375,0.00035279992362236944,-0.10607876585604126
OFDM,Classical OFDM,-0.22021484375,0.0003531412427999074,-0.10187917943230432
OFDM,Classical OFDM,-0.219970703125,0.00035346263955288236,-0.09792842712452929
OFDM,Classical OFDM,-0.2197265625,0.00035376243469794233,-0.09424644836727011
OFDM,Classical OFDM,-0.219482421875,0.000354039145044745,-0.09085075708136102
OFDM,Classical OFDM,-0.21923828125,0.0003542915098814993,-0.0877561384903402
OFDM,Classical OFDM,-0.218994140625,0.0003545184538952071,-0.0849751240786065
OFDM,Classical OFDM,-0.21875,0.0003547191348456381,-0.08251742490685325
OFDM,Classical OFDM,-0.218505859375,0.000354892922376897,-0.08039020718020694
OFDM,Classical OFDM,-0.21826171875,0.00035503945098850644,-0.07859745703233319
OFDM,Classical OFDM,-0.218017578125,0.00035515849820191516,-0.07714148131703995
OFDM,Classical OFDM,-0.2177734375,0.00035525013817664015,-0.07602103504069824
OFDM,Classical OFDM,-0.217529296875,0.00035531463047099146,-0.07523268614205315
OFDM,Classical OFDM,-0.21728515625,0.00035535244123050517,-0.07477055683051642
OFDM,Classical OFDM,-0.217041015625,0.000355364232593727,-0.07462645091122623
OFDM,Classical OFDM,-0.216796875,0.0003553509103661875,-0.07478926635043684
OFDM,Classical OFDM,-0.216552734375,0.0003553135021869096,-0.07524647697099082
OFDM,Classical OFDM,-0.21630859375,0.00035525324757925076,-0.07598302265615832
OFDM,Classical OFDM,-0.216064453125,0.00035517153968271127,-0.07698201056839764
OFDM,Classical OFDM,-0.2158203125,0.0003550699464413673,-0.07822444388938116
OFDM,Classical OFDM,-0.215576171875,0.00035495008347327027,-0.0796907638220694
OFDM,Classical OFDM,-0.21533203125,0.0003548137888750232,-0.08135869860899111
OFDM,Classical OFDM,-0.215087890625,0.0003546629219316623,-0.08320571292229567
OFDM,Classical OFDM,-0.21484375,0.00035449944787039125,-0.08520795915038254
OFDM,Classical OFDM,-0.214599609375,0.0003543254113750392,-0.08734059008492581
OFDM,Classical OFDM,-0.21435546875,0.00035414287302076034,-0.08957852799970024
OFDM,Classical OFDM,-0.214111328125,0.00035395394635379253,-0.0918960023520898
OFDM,Classical OFDM,-0.2138671875,0.0003537607449203737,-0.0942671928769867
OFDM,Classical OFDM,-0.213623046875,0.0003535653822667417,-0.09666622555339106
OFDM,Classical OFDM,-0.21337890625,0.0003533699242651591,-0.09906775601621798
OFDM,Classical OFDM,-0.213134765625,0.00035317643149078014,-0.10144644909465829
OFDM,Classical OFDM,-0.212890625,0.00035298684798237503,-0.10377834813080604
OFDM,Classical OFDM,-0.212646484375,0.00035280310188738883,-0.10603964179024088
OFDM,Classical OFDM,-0.21240234375,0.0003526270048168825,-0.10820790727429005
OFDM,Classical OFDM,-0.212158203125,0.00035246026773685826,-0.11026192237147794
OFDM,Classical OFDM,-0.2119140625,0.0003523044744827174,-0.1121820000268989
OFDM,Classical OFDM,-0.211669921875,0.00035216111354191055,-0.11394960563974181
OFDM,Classical OFDM,-0.21142578125,0.00035203150389442086,-0.11554828060304209
OFDM,Classical OFDM,-0.211181640625,0.0003519168479838472,-0.1169629988728463
OFDM,Classical OFDM,-0.2109375,0.0003518181734492127,-0.11818089495224664
OFDM,Classical OFDM,-0.210693359375,0.0003517363596105059,-0.11919094597698601
OFDM,Classical OFDM,-0.21044921875,0.0003516721162802478,-0.11998424104987845
OFDM,Classical OFDM,-0.210205078125,0.00035162598376349167,-0.12055398800329624
OFDM,Classical OFDM,-0.2099609375,0.0003515983487491483,-0.12089532244489443
OFDM,Classical OFDM,-0.209716796875,0.0003515894654984192,-0.12100504979497262
OFDM,Classical OFDM,-0.20947265625,0.00035159936049684615,-0.12088282534951222
OFDM,Classical OFDM,-0.209228515625,0.0003516279066138284,-0.12053023887649575
OFDM,Classical OFDM,-0.208984375,0.00035167486018238117,-0.11995035559660158
OFDM,Classical OFDM,-0.208740234375,0.00035173982391937695,-0.11914817181457482
OFDM,Classical OFDM,-0.20849609375,0.00035182223103422073,-0.11813080724359185
OFDM,Classical OFDM,-0.208251953125,0.0003519213823086082,-0.11690704191745159
OFDM,Classical OFDM,-0.2080078125,0.00035203648317628453,-0.115486852596742
OFDM,Classical OFDM,-0.207763671875,0.00035216656426641875,-0.11388238637090119
OFDM,Classical OFDM,-0.20751953125,0.0003523106456139633,-0.1121059276245097
OFDM,Classical OFDM,-0.207275390625,0.00035246754066664424,-0.11017230771205373
OFDM,Classical OFDM,-0.20703125,0.0003526361052490547,-0.10809582803977169
OFDM,Classical OFDM,-0.206787109375,0.00035281501508410305,-0.10589299488674243
OFDM,Classical OFDM,-0.20654296875,0.00035300297238023996,-0.10357996745119892
OFDM,Classical OFDM,-0.206298828125,0.00035319863167194044,-0.10117346618002455
OFDM,Classical OFDM,-0.2060546875,0.0003534005786312709,-0.09869102772882091
OFDM,Classical OFDM,-0.205810546875,0.0003536074254158395,-0.09614982821802535
OFDM,Classical OFDM,-0.20556640625,0.0003538177418063876,-0.09356752680179097
OFDM,Classical OFDM,-0.205322265625,0.00035403018763449873,-0.09096063767250563
OFDM,Classical OFDM,-0.205078125,0.0003542433485722392,-0.08834654531748676
OFDM,Classical OFDM,-0.204833984375,0.00035445597979914307,-0.08574051571935559
OFDM,Classical OFDM,-0.20458984375,0.0003546667358496855,-0.08315901070045144
OFDM,Classical OFDM,-0.204345703125,0.0003548744407658094,-0.08061637880011081
OFDM,Classical OFDM,-0.2041015625,0.0003550779503721077,-0.07812654701550914
OFDM,Classical OFDM,-0.203857421875,0.00035527617346425714,-0.07570276444137969
OFDM,Classical OFDM,-0.20361328125,0.00035546817775118536,-0.07335631162186548
OFDM,Classical OFDM,-0.203369140625,0.0003556530415360367,-0.07109831899569384
OFDM,Classical OFDM,-0.203125,0.00035583002322364004,-0.06893770054343722
OFDM,Classical OFDM,-0.202880859375,0.00035599841829858273,-0.06688290618778678
OFDM,Classical OFDM,-0.20263671875,0.00035615764407894454,-0.06494089143587203
OFDM,Classical OFDM,-0.202392578125,0.0003563072820931646,-0.06311660612926846
OFDM,Classical OFDM,-0.2021484375,0.0003564469350581155,-0.06141474281155572
OFDM,Classical OFDM,-0.201904296875,0.00035657635930681243,-0.059838125663278084
OFDM,Classical OFDM,-0.20166015625,0.0003566954594913048,-0.05838777946884817
OFDM,Classical OFDM,-0.201416015625,0.00035680416145207546,-0.05706448059904354
OFDM,Classical OFDM,-0.201171875,0.00035690254994285827,-0.0558670817734972
OFDM,Classical OFDM,-0.200927734375,0.0003569908315508795,-0.05479296576663995
OFDM,Classical OFDM,-0.20068359375,0.00035706921816047374,-0.053839464106593134
OFDM,Classical OFDM,-0.200439453125,0.000357138085866335,-0.05300192395372895
OFDM,Classical OFDM,-0.2001953125,0.00035719787432845763,-0.05227493271462351
OFDM,Classical OFDM,-0.199951171875,0.00035724906028659453,-0.051652639353681515
OFDM,Classical OFDM,-0.19970703125,0.00035729221582844913,-0.05112804506248286
OFDM,Classical OFDM,-0.199462890625,0.00035732792893305006,-0.050693968178800806
OFDM,Classical OFDM,-0.19921875,0.0003573568935215932,-0.05034194836288851
OFDM,Classical OFDM,-0.198974609375,0.0003573797770297326,-0.05006385485728289
OFDM,Classical OFDM,-0.19873046875,0.00035739731045842277,-0.04985079063169993
OFDM,Classical OFDM,-0.198486328125,0.0003574101877288596,-0.049694314167547736
OFDM,Classical OFDM,-0.1982421875,0.00035741917162464764,-0.049585150873794094
OFDM,Classical OFDM,-0.197998046875,0.00035742498255252476,-0.04951454376601887
OFDM,Classical OFDM,-0.19775390625,0.0003574283356221202,-0.04947380199184711
OFDM,Classical OFDM,-0.197509765625,0.0003574298876748713,-0.049454943764482326
OFDM,Classical OFDM,-0.197265625,0.00035743032733486565,-0.04944960168765507
OFDM,Classical OFDM,-0.197021484375,0.00035743023198691503,-0.04945076020978315
OFDM,Classical OFDM,-0.19677734375,0.00035743018431293975,-0.04945133947096235
OFDM,Classical OFDM,-0.196533203125,0.00035743067694401777,-0.04944535377583243
OFDM,Classical OFDM,-0.1962890625,0.0003574321177574932,-0.04942784727398445
OFDM,Classical OFDM,-0.196044921875,0.000357434925224927,-0.049393735542953635
OFDM,Classical OFDM,-0.19580078125,0.0003574393853901708,-0.04933954349478453
OFDM,Classical OFDM,-0.195556640625,0.0003574456889491259,-0.049262954936179035
OFDM,Classical OFDM,-0.1953125,0.00035745401600347664,-0.049161782877213275
OFDM,Classical OFDM,-0.195068359375,0.0003574643930387649,-0.04903570725494622
OFDM,Classical OFDM,-0.19482421875,0.0003574768306492073,-0.04888460153031335
OFDM,Classical OFDM,-0.194580078125,0.00035749121229841993,-0.04870988404591222
OFDM,Classical OFDM,-0.1943359375,0.0003575073631818267,-0.04851368115032193
OFDM,Classical OFDM,-0.194091796875,0.00035752503433533436,-0.048299019982927474
OFDM,Classical OFDM,-0.19384765625,0.0003575438814468992,-0.048070085501965884
OFDM,Classical OFDM,-0.193603515625,0.00035756352312471887,-0.047831512324285994
OFDM,Classical OFDM,-0.193359375,0.0003575835144116907,-0.04758870615535668
OFDM,Classical OFDM,-0.193115234375,0.00035760325673456927,-0.04734893712622404
OFDM,Classical OFDM,-0.19287109375,0.00035762224686806,-0.04711831587052188
OFDM,Classical OFDM,-0.192626953125,0.0003576398597533756,-0.046904431230647727
OFDM,Classical OFDM,-0.1923828125,0.00035765544384618725,-0.04671519231126488
OFDM,Classical OFDM,-0.192138671875,0.0003576683211166241,-0.04655882878003002
OFDM,Classical OFDM,-0.19189453125,0.0003576777711579483,-0.04644408429912952
OFDM,Classical OFDM,-0.191650390625,0.00035768311064318084,-0.0463792524350528
OFDM,Classical OFDM,-0.19140625,0.00035768361916558395,-0.0463730780222829
OFDM,Classical OFDM,-0.191162109375,0.00035767862928950354,-0.04643366482713067
OFDM,Classical OFDM,-0.19091796875,0.00035766739941976846,-0.0465700203883026
OFDM,Classical OFDM,-0.190673828125,0.00035764931509180825,-0.04678961329545512
OFDM,Classical OFDM,-0.1904296875,0.00035762374594972744,-0.04710011114368271
OFDM,Classical OFDM,-0.190185546875,0.0003575901516884728,-0.047508095450067574
OFDM,Classical OFDM,-0.18994140625,0.0003575479814087742,-0.04802028516411193
OFDM,Classical OFDM,-0.189697265625,0.00035749676896509544,-0.04864237998323624
OFDM,Classical OFDM,-0.189453125,0.00035743619123382634,-0.04937835317076516
OFDM,Classical OFDM,-0.189208984375,0.0003573658668231645,-0.05023289753721769
OFDM,Classical OFDM,-0.18896484375,0.00035728559974010046,-0.051208465433759204
OFDM,Classical OFDM,-0.188720703125,0.0003571952469627083,-0.05230687732363137
OFDM,Classical OFDM,-0.1884765625,0.00035709475022279596,-0.05352893503277382
OFDM,Classical OFDM,-0.188232421875,0.0003569841571943388,-0.05487416290272079
OFDM,Classical OFDM,-0.18798828125,0.00035686363738480446,-0.05634061244940481
OFDM,Classical OFDM,-0.187744140625,0.00035673338678720256,-0.05792602030608526
OFDM,Classical OFDM,-0.1875,0.0003565937761991186,-0.05962600067807817
OFDM,Classical OFDM,-0.187255859375,0.0003564452452805469,-0.061435331088266765
OFDM,Classical OFDM,-0.18701171875,0.0003562882760683488,-0.06334827222956468
OFDM,Classical OFDM,-0.186767578125,0.00035612357307793696,-0.06535636912601385
OFDM,Classical OFDM,-0.1865234375,0.0003559518355276156,-0.06745122231108161
OFDM,Classical OFDM,-0.186279296875,0.0003557738579836395,-0.0696232576209582
OFDM,Classical OFDM,-0.18603515625,0.0003555905250631058,-0.0718617862681409
OFDM,Classical OFDM,-0.185791015625,0.000355402800839737,-0.0741551297708974
OFDM,Classical OFDM,-0.185546875,0.00035521171295255607,-0.07649081009689201
OFDM,Classical OFDM,-0.185302734375,0.0003550183896856448,-0.07885509259645893
OFDM,Classical OFDM,-0.18505859375,0.0003548239381346517,-0.08123447276009371
OFDM,Classical OFDM,-0.184814453125,0.0003546295766345008,-0.08361405443428442
OFDM,Classical OFDM,-0.1845703125,0.00035443647054903254,-0.08597955789471103
OFDM,Classical OFDM,-0.184326171875,0.0003542459017784714,-0.08831524368863995
OFDM,Classical OFDM,-0.18408203125,0.00035405910984617495,-0.09060585877704441
OFDM,Classical OFDM,-0.183837890625,0.00035387736076104257,-0.09283579408269194
OFDM,Classical OFDM,-0.18359375,0.0003537018887493234,-0.09498980094575415
OFDM,Classical OFDM,-0.183349609375,0.0003535339227401583,-0.09705266911826885
OFDM,Classical OFDM,-0.18310546875,0.0003533746810684714,-0.09900929491401851
OFDM,Classical OFDM,-0.182861328125,0.0003532252496414776,-0.10084618287036483
OFDM,Classical OFDM,-0.1826171875,0.00035308680441723406,-0.10254871639954216
OFDM,Classical OFDM,-0.182373046875,0.00035296036773765536,-0.10410415787721514
OFDM,Classical OFDM,-0.18212890625,0.0003528469089735724,-0.10550041765563047
OFDM,Classical OFDM,-0.181884765625,0.00035274728095943203,-0.10672684207037178
OFDM,Classical OFDM,-0.181640625,0.00035266233652968114,-0.10777278463687251
OFDM,Classical OFDM,-0.181396484375,0.0003525927696055156,-0.10862956769659793
OFDM,Classical OFDM,-0.18115234375,0.00035253920524572257,-0.10928937910096473
OFDM,Classical OFDM,-0.180908203125,0.0003525021148929466,-0.10974632070416461
OFDM,Classical OFDM,-0.1806640625,0.0003524818852360983,-0.10999556404417771
OFDM,Classical OFDM,-0.180419921875,0.00035247881821035465,-0.11003335316773696
OFDM,Classical OFDM,-0.18017578125,0.00035249304094631627,-0.1098581162227068
OFDM,Classical OFDM,-0.179931640625,0.0003525246170092837,-0.10946909589785714
OFDM,Classical OFDM,-0.1796875,0.00035257339808022255,-0.1088681766069071
OFDM,Classical OFDM,-0.179443359375,0.00035263918816612344,-0.10805786006092305
OFDM,Classical OFDM,-0.17919921875,0.00035272168003470104,-0.10704204630930814
OFDM,Classical OFDM,-0.178955078125,0.0003528204128375276,-0.1058265522328098
OFDM,Classical OFDM,-0.1787109375,0.0003529347932984662,-0.10441884590556696
OFDM,Classical OFDM,-0.178466796875,0.0003530641751702962,-0.10282706359050292
OFDM,Classical OFDM,-0.17822265625,0.00035320773210411254,-0.10106156833543595
OFDM,Classical OFDM,-0.177978515625,0.0003533646112654684,-0.0991330537010505
OFDM,Classical OFDM,-0.177734375,0.0003535338379864245,-0.09705371026541133
OFDM,Classical OFDM,-0.177490234375,0.00035371431576554916,-0.09483721793904687
OFDM,Classical OFDM,-0.17724609375,0.0003539049428043023,-0.09249730782404869
OFDM,Classical OFDM,-0.177001953125,0.00035410450076775983,-0.09004912226857761
OFDM,Classical OFDM,-0.1767578125,0.00035431170245858897,-0.08750862268304171
OFDM,Classical OFDM,-0.176513671875,0.00035452525538234847,-0.08489180486159095
OFDM,Classical OFDM,-0.17626953125,0.0003547438140735135,-0.08221527938947118
OFDM,Classical OFDM,-0.176025390625,0.00035496599068969223,-0.07949613753969373
OFDM,Classical OFDM,-0.17578125,0.0003551904026856012,-0.07675136482063047
OFDM,Classical OFDM,-0.175537109375,0.00035541564103041526,-0.07399822827171638
OFDM,Classical OFDM,-0.17529296875,0.0003556403337730676,-0.0712534986030674
OFDM,Classical OFDM,-0.175048828125,0.0003558631195567084,-0.06853377491962065
OFDM,Classical OFDM,-0.1748046875,0.0003560826158360541,-0.06585587346731794
OFDM,Classical OFDM,-0.174560546875,0.0003562975407108803,-0.06323534314695499
OFDM,Classical OFDM,-0.17431640625,0.0003565066546578294,-0.06068718093229834
OFDM,Classical OFDM,-0.174072265625,0.0003567087499361941,-0.05822596469955309
OFDM,Classical OFDM,-0.173828125,0.00035690266647924227,-0.055865663708531035
OFDM,Classical OFDM,-0.173583984375,0.00035708731837975904,-0.053619321183961455
OFDM,Classical OFDM,-0.17333984375,0.00035726183691197233,-0.05149732141741848
OFDM,Classical OFDM,-0.173095703125,0.00035742523681372626,-0.04951145432899323
OFDM,Classical OFDM,-0.1728515625,0.00035757677119274125,-0.04767060507617326
OFDM,Classical OFDM,-0.172607421875,0.0003577157355336046,-0.045983143048819286
OFDM,Classical OFDM,-0.17236328125,0.00035784153656017944,-0.04445609009714618
OFDM,Classical OFDM,-0.172119140625,0.00035795364456162916,-0.043095704107159044
OFDM,Classical OFDM,-0.171875,0.0003580517681969937,-0.041905362445195764
OFDM,Classical OFDM,-0.171630859375,0.0003581355578571209,-0.040889164981878265
OFDM,Classical OFDM,-0.17138671875,0.0003582048970056267,-0.04004840247947946
OFDM,Classical OFDM,-0.171142578125,0.0003582597326714275,-0.039383615241454985
OFDM,Classical OFDM,-0.1708984375,0.0003583001178256069,-0.038894080428212525
OFDM,Classical OFDM,-0.170654296875,0.00035832617959876567,-0.03857819795733085
OFDM,Classical OFDM,-0.17041015625,0.00035833823052029744,-0.038432142184232895
OFDM,Classical OFDM,-0.170166015625,0.0003583365778224874,-0.03845217239963315
OFDM,Classical OFDM,-0.169921875,0.00035832169824508836,-0.03863251269776911
OFDM,Classical OFDM,-0.169677734375,0.00035829408971628686,-0.03896714757239277
OFDM,Classical OFDM,-0.16943359375,0.0003582543719977615,-0.03944859961447147
OFDM,Classical OFDM,-0.169189453125,0.00035820321252516644,-0.04006882549142042
OFDM,Classical OFDM,-0.1689453125,0.00035814136878499795,-0.040818699109868774
OFDM,Classical OFDM,-0.168701171875,0.00035806959296664397,-0.0416891644787137
OFDM,Classical OFDM,-0.16845703125,0.0003579887537958764,-0.04266975512733488
OFDM,Classical OFDM,-0.168212890625,0.0003578997094042506,-0.04375013259155878
OFDM,Classical OFDM,-0.16796875,0.0003578033550030801,-0.044919505396267795
OFDM,Classical OFDM,-0.167724609375,0.0003577005911007873,-0.04616701203140252
OFDM,Classical OFDM,-0.16748046875,0.0003575923340971194,-0.047481590102095295
OFDM,Classical OFDM,-0.167236328125,0.00035747954806579886,-0.048851588074782876
OFDM,Classical OFDM,-0.1669921875,0.00035736312821813953,-0.050266178992390595
OFDM,Classical OFDM,-0.166748046875,0.0003572439273885882,-0.05171503854636256
OFDM,Classical OFDM,-0.16650390625,0.0003571228778682174,-0.05318686335262121
OFDM,Classical OFDM,-0.166259765625,0.000357000763629065,-0.054672139505401424
OFDM,Classical OFDM,-0.166015625,0.0003568784269113613,-0.056160631190184655
OFDM,Classical OFDM,-0.165771484375,0.0003567565616363021,-0.05764389414274791
OFDM,Classical OFDM,-0.16552734375,0.0003566358935077335,-0.05911308553945647
OFDM,Classical OFDM,-0.165283203125,0.00035651706877287616,-0.06056031859797712
OFDM,Classical OFDM,-0.1650390625,0.0003564005959541332,-0.06197937455421265
OFDM,Classical OFDM,-0.164794921875,0.00035628702065366617,-0.06336357502413743
OFDM,Classical OFDM,-0.16455078125,0.00035617678782857786,-0.06470746105659256
OFDM,Classical OFDM,-0.164306640625,0.0003560702258995869,-0.06600698937177125
OFDM,Classical OFDM,-0.1640625,0.00035596762620765344,-0.06725856554088036
OFDM,Classical OFDM,-0.163818359375,0.0003558692483110874,-0.06845898039493771
OFDM,Classical OFDM,-0.16357421875,0.0003557751663694058,-0.06960728613623844
OFDM,Classical OFDM,-0.163330078125,0.00035568545983923424,-0.07070247116308262
OFDM,Classical OFDM,-0.1630859375,0.0003556001393147894,-0.07174436581640581
OFDM,Classical OFDM,-0.162841796875,0.000355519157122096,-0.07273351404364195
OFDM,Classical OFDM,-0.16259765625,0.00035544234905079465,-0.07367188613191829
OFDM,Classical OFDM,-0.162353515625,0.0003553695297020926,-0.07456171485800034
OFDM,Classical OFDM,-0.162109375,0.00035530044481478837,-0.0754060782477451
OFDM,Classical OFDM,-0.161865234375,0.00035523478715659664,-0.07620870582891104
OFDM,Classical OFDM,-0.16162109375,0.0003551722389010155,-0.07697346071801998
OFDM,Classical OFDM,-0.161376953125,0.0003551124398446762,-0.07770472808249157
OFDM,Classical OFDM,-0.1611328125,0.0003550549397333675,-0.07840799837687212
OFDM,Classical OFDM,-0.160888671875,0.0003549993518781788,-0.07908798860026219
OFDM,Classical OFDM,-0.16064453125,0.0003549452313220074,-0.07975013208313377
OFDM,Classical OFDM,-0.160400390625,0.0003548921172164254,-0.08040006021261409
OFDM,Classical OFDM,-0.16015625,0.0003548395699014386,-0.08104314856257817
OFDM,Classical OFDM,-0.159912109375,0.0003547871285286191,-0.0816850353160166
OFDM,Classical OFDM,-0.15966796875,0.00035473439051773105,-0.08233064863548822
OFDM,Classical OFDM,-0.159423828125,0.0003546809691798639,-0.08298472503736698
OFDM,Classical OFDM,-0.1591796875,0.0003546264778261069,-0.08365200392734808
OFDM,Classical OFDM,-0.158935546875,0.00035457056684730793,-0.08433677354963821
OFDM,Classical OFDM,-0.15869140625,0.0003545129449025068,-0.0850426112204927
OFDM,Classical OFDM,-0.158447265625,0.00035445336832471883,-0.08577251272814336
OFDM,Classical OFDM,-0.158203125,0.00035439164641804275,-0.08652882709848375
OFDM,Classical OFDM,-0.157958984375,0.0003543276096750109,-0.0873136457406856
OFDM,Classical OFDM,-0.15771484375,0.0003542612263129731,-0.08812737371502924
OFDM,Classical OFDM,-0.157470703125,0.00035419243276662893,-0.08897080665602217
OFDM,Classical OFDM,-0.1572265625,0.0003541212926012788,-0.08984318227859196
OFDM,Classical OFDM,-0.156982421875,0.000354047954135957,-0.09074269863181211
OFDM,Classical OFDM,-0.15673828125,0.00035397251801572236,-0.09166813771632057
OFDM,Classical OFDM,-0.156494140625,0.00035389529147286013,-0.09261574576135456
OFDM,Classical OFDM,-0.15625,0.000353816544659897,-0.09358222123152254
OFDM,Classical OFDM,-0.156005859375,0.00035373663248309346,-0.0945632193724779
OFDM,Classical OFDM,-0.15576171875,0.00035365605816774416,-0.09555257029886294
OFDM,Classical OFDM,-0.155517578125,0.00035357523488830175,-0.09654520466808861
OFDM,Classical OFDM,-0.1552734375,0.0003534947241382528,-0.09753422631113479
OFDM,Classical OFDM,-0.155029296875,0.00035341510330240937,-0.09851253750317876
OFDM,Classical OFDM,-0.15478515625,0.00035333701862799195,-0.09947218777677283
OFDM,Classical OFDM,-0.154541015625,0.0003532610739853542,-0.10040574080216286
OFDM,Classical OFDM,-0.154296875,0.00035318798448412555,-0.10130438641011873
OFDM,Classical OFDM,-0.154052734375,0.00035311846523393534,-0.1021593078639215
OFDM,Classical OFDM,-0.15380859375,0.000353053204858871,-0.1029620084552475
OFDM,Classical OFDM,-0.153564453125,0.00035299296614253734,-0.10370307449989512
OFDM,Classical OFDM,-0.1533203125,0.00035293839003504643,-0.10437458744989718
OFDM,Classical OFDM,-0.153076171875,0.0003528902340228947,-0.10496719278404086
OFDM,Classical OFDM,-0.15283203125,0.0003528491708388445,-0.10547257803360051
OFDM,Classical OFDM,-0.152587890625,0.00035281585202722484,-0.10588269262258727
OFDM,Classical OFDM,-0.15234375,0.000352790876161281,-0.10619014095977998
OFDM,Classical OFDM,-0.152099609375,0.0003527748206258248,-0.10638779315533262
OFDM,Classical OFDM,-0.15185546875,0.0003527682204288013,-0.10646904770622714
OFDM,Classical OFDM,-0.151611328125,0.00035277149404177124,-0.10642874630236339
OFDM,Classical OFDM,-0.1513671875,0.00035278502815364537,-0.10626213200796693
OFDM,Classical OFDM,-0.151123046875,0.0003528091723735758,-0.1059649158040381
OFDM,Classical OFDM,-0.15087890625,0.00035284415977433065,-0.10553425575032127
OFDM,Classical OFDM,-0.150634765625,0.0003528900857038605,-0.10496901811513408
OFDM,Classical OFDM,-0.150390625,0.0003529470243216824,-0.10426834292450789
OFDM,Classical OFDM,-0.150146484375,0.00035301497033068805,-0.10343236090017427
OFDM,Classical OFDM,-0.14990234375,0.0003530937807089516,-0.10246290931107274
OFDM,Classical OFDM,-0.149658203125,0.0003531832488692467,-0.10136261787010012
OFDM,Classical OFDM,-0.1494140625,0.00035328301990531294,-0.10013594895126923
OFDM,Classical OFDM,-0.149169921875,0.0003533927071282396,-0.09878776182066351
OFDM,Classical OFDM,-0.14892578125,0.000353511764935865,-0.09732487252199684
OFDM,Classical OFDM,-0.148681640625,0.00035363959475494386,-0.09575474796824954
OFDM,Classical OFDM,-0.1484375,0.0003537755238527137,-0.09408576306065361
OFDM,Classical OFDM,-0.148193359375,0.0003539187576629198,-0.09232778208302975
OFDM,Classical OFDM,-0.14794921875,0.00035406839567713984,-0.09049195880516858
OFDM,Classical OFDM,-0.147705078125,0.00035422354268406015,-0.08858936789829419
OFDM,Classical OFDM,-0.1474609375,0.00035438316045044107,-0.08663282088797764
OFDM,Classical OFDM,-0.147216796875,0.0003545461683661759,-0.08463562774953107
OFDM,Classical OFDM,-0.14697265625,0.00035471147522694147,-0.08261120518885216
OFDM,Classical OFDM,-0.146728515625,0.00035487789977757214,-0.08057404770416077
OFDM,Classical OFDM,-0.146484375,0.00035504421308892714,-0.07853920603911511
OFDM,Classical OFDM,-0.146240234375,0.00035520920212319074,-0.07652150849878964
OFDM,Classical OFDM,-0.14599609375,0.00035537160616857193,-0.07453633858840429
OFDM,Classical OFDM,-0.145751953125,0.00035553018570171313,-0.07259879339957769
OFDM,Classical OFDM,-0.1455078125,0.0003556836800108234,-0.07072420304922346
OFDM,Classical OFDM,-0.145263671875,0.00035583087605808693,-0.06892729161708937
OFDM,Classical OFDM,-0.14501953125,0.00035597057139990476,-0.06722263318756082
OFDM,Classical OFDM,-0.144775390625,0.0003561015741868946,-0.06562465499116259
OFDM,Classical OFDM,-0.14453125,0.00035622280910605825,-0.06414634937226055
OFDM,Classical OFDM,-0.144287109375,0.0003563331743588557,-0.06280102291990204
OFDM,Classical OFDM,-0.14404296875,0.00035643173235710626,-0.06159997627304465
OFDM,Classical OFDM,-0.143798828125,0.00035651753491841234,-0.06055464020780954
OFDM,Classical OFDM,-0.1435546875,0.0003565897503967607,-0.059675031080045314
OFDM,Classical OFDM,-0.143310546875,0.0003566477166536056,-0.05896911119493788
OFDM,Classical OFDM,-0.14306640625,0.0003566907026879925,-0.05844569630378524
OFDM,Classical OFDM,-0.142822265625,0.00035671831121679404,-0.05810955724514479
OFDM,Classical OFDM,-0.142578125,0.0003567300813915824,-0.05796626105119289
OFDM,Classical OFDM,-0.142333984375,0.00035672568479163893,-0.058019786979081486
OFDM,Classical OFDM,-0.14208984375,0.00035670507374298835,-0.058270722745183544
OFDM,Classical OFDM,-0.141845703125,0.00035666811581792153,-0.05872071506808942
OFDM,Classical OFDM,-0.1416015625,0.00035661496992968935,-0.05936789054439004
OFDM,Classical OFDM,-0.141357421875,0.00035654583207130145,-0.06020995001816635
OFDM,Classical OFDM,-0.14111328125,0.00035646105714901824,-0.06124268284814327
OFDM,Classical OFDM,-0.140869140625,0.00035636112719970105,-0.06246035050222414
OFDM,Classical OFDM,-0.140625,0.0003562466302023784,-0.06385594054578175
OFDM,Classical OFDM,-0.140380859375,0.00035611829186089645,-0.06542077431002173
OFDM,Classical OFDM,-0.14013671875,0.0003559769332270518,-0.0671450177339803
OFDM,Classical OFDM,-0.139892578125,0.00035582355015721727,-0.06901670575422045
OFDM,Classical OFDM,-0.1396484375,0.0003556591120222237,-0.07102419180300146
OFDM,Classical OFDM,-0.139404296875,0.00035548477888880316,-0.07315349138194065
OFDM,Classical OFDM,-0.13916015625,0.00035530175320055464,-0.07539008548217027
OFDM,Classical OFDM,-0.138916015625,0.0003551113698287863,-0.07771781415452123
OFDM,Classical OFDM,-0.138671875,0.0003549149530505896,-0.08012061873658446
OFDM,Classical OFDM,-0.138427734375,0.0003547139065996813,-0.08258143653970561
OFDM,Classical OFDM,-0.13818359375,0.0003545096977750787,-0.08508239019056227
OFDM,Classical OFDM,-0.137939453125,0.0003543038097671242,-0.08760536773847769
OFDM,Classical OFDM,-0.1376953125,0.0003540977416574853,-0.0901320207435906
OFDM,Classical OFDM,-0.137451171875,0.0003538929925278295,-0.09264395812834564
OFDM,Classical OFDM,-0.13720703125,0.0003536910614598241,-0.09512274634993137
OFDM,Classical OFDM,-0.136962890625,0.00035349339456405306,-0.0975505611468404
OFDM,Classical OFDM,-0.13671875,0.0003533014803279671,-0.0999090189891347
OFDM,Classical OFDM,-0.136474609375,0.00035311672778239137,-0.10218067654182311
OFDM,Classical OFDM,-0.13623046875,0.00035294044001598393,-0.10434936228741121
OFDM,Classical OFDM,-0.135986328125,0.0003527739148202943,-0.10639894437207566
OFDM,Classical OFDM,-0.1357421875,0.00035261835993602984,-0.10831437870221738
OFDM,Classical OFDM,-0.135498046875,0.0003524748665675139,-0.11008204222965035
OFDM,Classical OFDM,-0.13525390625,0.00035234447824509445,-0.11168889170091274
OFDM,Classical OFDM,-0.135009765625,0.0003522280901800853,-0.11312371040143648
OFDM,Classical OFDM,-0.134765625,0.0003521264757503078,-0.114376789136916
OFDM,Classical OFDM,-0.134521484375,0.0003520403288769579,-0.1154394098588782
OFDM,Classical OFDM,-0.13427734375,0.00035197020045930563,-0.1163046351259049
OFDM,Classical OFDM,-0.134033203125,0.00035191649307758676,-0.11696737871169524
OFDM,Classical OFDM,-0.1337890625,0.0003518795033698697,-0.1174238867351739
OFDM,Classical OFDM,-0.133544921875,0.00035185937965518874,-0.11767226346849168
OFDM,Classical OFDM,-0.13330078125,0.00035185610074511044,-0.11771273472692886
OFDM,Classical OFDM,-0.133056640625,0.00035186957658879254,-0.1175464061492073
OFDM,Classical OFDM,-0.1328125,0.00035189948406262475,-0.11717728930145108
OFDM,Classical OFDM,-0.132568359375,0.0003519454841516717,-0.11660961926697509
OFDM,Classical OFDM,-0.13232421875,0.00035200703125377175,-0.11585020534906593
OFDM,Classical OFDM,-0.132080078125,0.0003520834685274875,-0.11490725025090227
OFDM,Classical OFDM,-0.1318359375,0.0003521740120007808,-0.1137905413162435
OFDM,Classical OFDM,-0.131591796875,0.00035227780354209654,-0.1125107917863743
OFDM,Classical OFDM,-0.13134765625,0.0003523938102153034,-0.11108087585080306
OFDM,Classical OFDM,-0.131103515625,0.00035252100438137835,-0.10951360207779401
OFDM,Classical OFDM,-0.130859375,0.00035265815711118067,-0.10782425339210368
OFDM,Classical OFDM,-0.130615234375,0.00035280408185243647,-0.10602757860770909
OFDM,Classical OFDM,-0.13037109375,0.00035295744373383753,-0.10414013596708677
OFDM,Classical OFDM,-0.130126953125,0.0003531168655072089,-0.10217898267937146
OFDM,Classical OFDM,-0.1298828125,0.0003532809646272671,-0.10016121477102838
OFDM,Classical OFDM,-0.129638671875,0.0003534483214689701,-0.09810435493377903
OFDM,Classical OFDM,-0.12939453125,0.00035361746873330074,-0.09602647969367942
OFDM,Classical OFDM,-0.129150390625,0.00035378698149810857,-0.09394511139713556
OFDM,Classical OFDM,-0.12890625,0.0003539554136528098,-0.09187799892107176
OFDM,Classical OFDM,-0.128662109375,0.0003541213614636876,-0.08984233774984285
OFDM,Classical OFDM,-0.12841796875,0.00035428343179124176,-0.08785516175004052
OFDM,Classical OFDM,-0.128173828125,0.0003544403215468143,-0.08593237149772033
OFDM,Classical OFDM,-0.1279296875,0.0003545907382359641,-0.08408971204965852
OFDM,Classical OFDM,-0.127685546875,0.0003547335006035256,-0.08234154369736799
OFDM,Classical OFDM,-0.12744140625,0.00035486746447409187,-0.0807017553285304
OFDM,Classical OFDM,-0.127197265625,0.00035499162869418176,-0.07918247251018623
OFDM,Classical OFDM,-0.126953125,0.0003551050450813978,-0.07779516530644232
OFDM,Classical OFDM,-0.126708984375,0.00035520691377237683,-0.0765494869781315
OFDM,Classical OFDM,-0.12646484375,0.0003552965196574894,-0.07545405689783188
OFDM,Classical OFDM,-0.126220703125,0.00035537323767794853,-0.07451640019488456
OFDM,Classical OFDM,-0.1259765625,0.00035543664936219324,-0.07374152789412383
OFDM,Classical OFDM,-0.125732421875,0.00035548642628950485,-0.07313336519317228
OFDM,Classical OFDM,-0.12548828125,0.00035552231419868187,-0.07269494805289453
OFDM,Classical OFDM,-0.125244140625,0.00035554426011864056,-0.07242687211498311
OFDM,Classical OFDM,-0.125,0.00035555233291178974,-0.07232826470910483
OFDM,Classical OFDM,-0.124755859375,0.0003555467232740306,-0.07239678497229803
OFDM,Classical OFDM,-0.12451171875,0.0003555276801694562,-0.07262939959594078
OFDM,Classical OFDM,-0.124267578125,0.00035549574390312,-0.0730195342604868
OFDM,Classical OFDM,-0.1240234375,0.00035545140180899147,-0.07356127711541394
OFDM,Classical OFDM,-0.123779296875,0.00035539532132272477,-0.07424652880149611
OFDM,Classical OFDM,-0.12353515625,0.0003553283023076831,-0.07506558103315776
OFDM,Classical OFDM,-0.123291015625,0.00035525118700409657,-0.07600821310889785
OFDM,Classical OFDM,-0.123046875,0.0003551650136452048,-0.07706180998360565
OFDM,Classical OFDM,-0.122802734375,0.00035507071452208026,-0.07821504932197687
OFDM,Classical OFDM,-0.12255859375,0.000354969507969647,-0.07945310446757538
OFDM,Classical OFDM,-0.122314453125,0.0003548625063806617,-0.08076243397268937
OFDM,Classical OFDM,-0.1220703125,0.0003547509174958318,-0.08212831673905818
OFDM,Classical OFDM,-0.121826171875,0.00035463603910670683,-0.08353491296862428
OFDM,Classical OFDM,-0.12158203125,0.0003545191107366444,-0.08496707760473987
OFDM,Classical OFDM,-0.121337890625,0.0003544014195829773,-0.08640906205546443
OFDM,Classical OFDM,-0.12109375,0.00035428424754593006,-0.08784516192165293
OFDM,Classical OFDM,-0.120849609375,0.00035416891360548567,-0.08925919737523846
OFDM,Classical OFDM,-0.12060546875,0.000354056604313918,-0.09063659213916755
OFDM,Classical OFDM,-0.120361328125,0.00035394850622350103,-0.0919627521862762
OFDM,Classical OFDM,-0.1201171875,0.00035384582177783375,-0.09322287215839796
OFDM,Classical OFDM,-0.119873046875,0.0003537496051014808,-0.09440395304946579
OFDM,Classical OFDM,-0.11962890625,0.0003536609156161154,-0.09549292057739431
OFDM,Classical OFDM,-0.119384765625,0.0003535806061561845,-0.09647923018645521
OFDM,Classical OFDM,-0.119140625,0.00035350958252721836,-0.09735168382086093
OFDM,Classical OFDM,-0.118896484375,0.00035344858102728,-0.09810116564998633
OFDM,Classical OFDM,-0.11865234375,0.0003533982161209398,-0.09872006074947245
OFDM,Classical OFDM,-0.118408203125,0.00035335898573638413,-0.09920219349628333
OFDM,Classical OFDM,-0.1181640625,0.0003533313295336073,-0.09954211427920563
OFDM,Classical OFDM,-0.117919921875,0.00035331551766513595,-0.09973646899129535
OFDM,Classical OFDM,-0.11767578125,0.00035331168255867926,-0.0997836102723313
OFDM,Classical OFDM,-0.117431640625,0.000353319850699779,-0.09968320777286122
OFDM,Classical OFDM,-0.1171875,0.00035333993203759303,-0.09943637855129608
OFDM,Classical OFDM,-0.116943359375,0.0003533716564195947,-0.0990464677509244
OFDM,Classical OFDM,-0.11669921875,0.0003534147007221736,-0.09851748461700803
OFDM,Classical OFDM,-0.116455078125,0.0003534685511258184,-0.09785579308208199
OFDM,Classical OFDM,-0.1162109375,0.0003535326196515004,-0.09706867678316716
OFDM,Classical OFDM,-0.115966796875,0.0003536062070809154,-0.09616479162117098
OFDM,Classical OFDM,-0.11572265625,0.00035368845528250826,-0.09515474751480416
OFDM,Classical OFDM,-0.115478515625,0.00035377846904496505,-0.09404960806030749
OFDM,Classical OFDM,-0.115234375,0.0003538752101350461,-0.09286218762872217
OFDM,Classical OFDM,-0.114990234375,0.0003539775767542115,-0.09160607169704889
OFDM,Classical OFDM,-0.11474609375,0.0003540844353212709,-0.09029522361937073
OFDM,Classical OFDM,-0.114501953125,0.00035419454101575846,-0.08894495635110919
OFDM,Classical OFDM,-0.1142578125,0.00035430659604612454,-0.08757121453990888
OFDM,Classical OFDM,-0.114013671875,0.0003544193026208196,-0.08618992329687743
OFDM,Classical OFDM,-0.11376953125,0.000354531304680102,-0.08481770141817649
OFDM,Classical OFDM,-0.113525390625,0.00035464127264977206,-0.0834708224123243
OFDM,Classical OFDM,-0.11328125,0.0003547477869047877,-0.08216664234577496
OFDM,Classical OFDM,-0.113037109375,0.00035484957084203284,-0.080920746990824
OFDM,Classical OFDM,-0.11279296875,0.0003549452789959827,-0.07974954876657764
OFDM,Classical OFDM,-0.112548828125,0.0003550336400606294,-0.07866853855742177
OFDM,Classical OFDM,-0.1123046875,0.000355113393324182,-0.07769306725945098
OFDM,Classical OFDM,-0.112060546875,0.00035518338401701677,-0.07683718355701045
OFDM,Classical OFDM,-0.11181640625,0.00035524252093481045,-0.07611415707515337
OFDM,Classical OFDM,-0.111572265625,0.0003552897817356484,-0.07553641824562041
OFDM,Classical OFDM,-0.111328125,0.00035532426591110847,-0.0751149155416801
OFDM,Classical OFDM,-0.111083984375,0.0003553451312209606,-0.07485989713308791
OFDM,Classical OFDM,-0.11083984375,0.0003553516837440089,-0.07477981447216728
OFDM,Classical OFDM,-0.110595703125,0.0003553433037185745,-0.07488223249589762
OFDM,Classical OFDM,-0.1103515625,0.0003553195991586384,-0.07517195521924058
OFDM,Classical OFDM,-0.110107421875,0.0003552801515926397,-0.0756541355250234
OFDM,Classical OFDM,-0.10986328125,0.0003552248444841944,-0.07633026228525669
OFDM,Classical OFDM,-0.109619140625,0.0003551535030287264,-0.07720256366249688
OFDM,Classical OFDM,-0.109375,0.00035506632321924517,-0.07826876060552665
OFDM,Classical OFDM,-0.109130859375,0.0003549634321863516,-0.07952744047902748
OFDM,Classical OFDM,-0.10888671875,0.00035484521132184794,-0.08097410276030803
OFDM,Classical OFDM,-0.108642578125,0.0003547121744452457,-0.08260264424924098
OFDM,Classical OFDM,-0.1083984375,0.00035456488834713996,-0.08440632701140416
OFDM,Classical OFDM,-0.108154296875,0.00035440411581113537,-0.08637602176577869
OFDM,Classical OFDM,-0.10791015625,0.00035423075204854575,-0.08850097864756866
OFDM,Classical OFDM,-0.107666015625,0.0003540457929157438,-0.09076920941563649
OFDM,Classical OFDM,-0.107421875,0.00035385029783440266,-0.09316793539628468
OFDM,Classical OFDM,-0.107177734375,0.00035364546924812135,-0.09568260562845277
OFDM,Classical OFDM,-0.10693359375,0.00035343261024555774,-0.09829740859605628
OFDM,Classical OFDM,-0.106689453125,0.000353213113966212,-0.10099539494813554
OFDM,Classical OFDM,-0.1064453125,0.0003529883735495843,-0.10375957847995858
OFDM,Classical OFDM,-0.106201171875,0.0003527599198599924,-0.10657123757009451
OFDM,Classical OFDM,-0.10595703125,0.00035252927316753706,-0.10941173449996884
OFDM,Classical OFDM,-0.105712890625,0.0003522980490902699,-0.11226120815888072
OFDM,Classical OFDM,-0.10546875,0.00035206781557226707,-0.11510033353377944
OFDM,Classical OFDM,-0.105224609375,0.0003518402253113387,-0.11790868894839482
OFDM,Classical OFDM,-0.10498046875,0.00035161681446891084,-0.12066723975787219
OFDM,Classical OFDM,-0.104736328125,0.0003513992569312269,-0.12335520223760847
OFDM,Classical OFDM,-0.1044921875,0.0003511890411857377,-0.12595403689637275
OFDM,Classical OFDM,-0.104248046875,0.00035098776166206136,-0.12844385394793265
OFDM,Classical OFDM,-0.10400390625,0.00035079681679680625,-0.13080715191485323
OFDM,Classical OFDM,-0.103759765625,0.0003506176368092312,-0.13302600786126192
OFDM,Classical OFDM,-0.103515625,0.0003504515618677527,-0.1350835916818542
OFDM,Classical OFDM,-0.103271484375,0.00035029981560440307,-0.1369645031711766
OFDM,Classical OFDM,-0.10302734375,0.00035016351041193924,-0.13865471567739418
OFDM,Classical OFDM,-0.102783203125,0.0003500437480889012,-0.1401403362821819
OFDM,Classical OFDM,-0.1025390625,0.000349941413252386,-0.14141017620383026
OFDM,Classical OFDM,-0.102294921875,0.0003498573163599736,-0.14245398537210263
OFDM,Classical OFDM,-0.10205078125,0.0003497921513328599,-0.1432629851091775
OFDM,Classical OFDM,-0.101806640625,0.00034974645847609813,-0.1438303349395944
OFDM,Classical OFDM,-0.1015625,0.00034972067215257435,-0.14415054606974295
OFDM,Classical OFDM,-0.101318359375,0.0003497151048916821,-0.14421968267282279
OFDM,Classical OFDM,-0.10107421875,0.0003497298361500469,-0.14403674606566852
OFDM,Classical OFDM,-0.100830078125,0.0003497649347900774,-0.14360091305208209
OFDM,Classical OFDM,-0.1005859375,0.0003498202630869562,-0.14291396958470784
OFDM,Classical OFDM,-0.100341796875,0.00034989558796791516,-0.1419789277322889
OFDM,Classical OFDM,-0.10009765625,0.00034999048036717665,-0.1408012718968359
OFDM,Classical OFDM,-0.099853515625,0.00035010444235655433,-0.1393873760960198
OFDM,Classical OFDM,-0.099609375,0.0003502368435801527,-0.1377452875130468
OFDM,Classical OFDM,-0.099365234375,0.0003503869424428006,-0.13588445691934772
OFDM,Classical OFDM,-0.09912109375,0.0003505539072984846,-0.13381546873315453
OFDM,Classical OFDM,-0.098876953125,0.000350736758182157,-0.13155075495615945
OFDM,Classical OFDM,-0.0986328125,0.0003509344356721448,-0.1291037328717021
OFDM,Classical OFDM,-0.098388671875,0.0003511458485641246,-0.12648820706285435
OFDM,Classical OFDM,-0.09814453125,0.00035136979441449743,-0.12371934486516363
OFDM,Classical OFDM,-0.097900390625,0.0003516050072143639,-0.12081307782314676
OFDM,Classical OFDM,-0.09765625,0.0003518501785779577,-0.11778583239824336
OFDM,Classical OFDM,-0.097412109375,0.0003521039948224042,-0.11465406606110254
OFDM,Classical OFDM,-0.09716796875,0.0003523650469168781,-0.11143537275901365
OFDM,Classical OFDM,-0.096923828125,0.0003526319417218793,-0.10814710490919197
OFDM,Classical OFDM,-0.0966796875,0.0003529032966921243,-0.10480643627610736
OFDM,Classical OFDM,-0.096435546875,0.00035317777165919665,-0.10142996932443761
OFDM,Classical OFDM,-0.09619140625,0.0003534538940269707,-0.09803588347798971
OFDM,Classical OFDM,-0.095947265625,0.0003537303871923304,-0.09463989560588296
OFDM,Classical OFDM,-0.095703125,0.0003540059480666177,-0.09125799850051325
OFDM,Classical OFDM,-0.095458984375,0.0003542792682640664,-0.08790620019384796
OFDM,Classical OFDM,-0.09521484375,0.0003545491930150527,-0.0845985780552744
OFDM,Classical OFDM,-0.094970703125,0.00035481454636151946,-0.08134942693284447
OFDM,Classical OFDM,-0.0947265625,0.00035507426358468526,-0.0781716402054494
OFDM,Classical OFDM,-0.094482421875,0.000355327359422394,-0.0750771053170039
OFDM,Classical OFDM,-0.09423828125,0.00035557295455465707,-0.07207638600740697
OFDM,Classical OFDM,-0.093994140625,0.00035581017495859413,-0.06917995757189209
OFDM,Classical OFDM,-0.09375,0.0003560383214159009,-0.06639614187595945
OFDM,Classical OFDM,-0.093505859375,0.0003562567582735735,-0.06373247262959235
OFDM,Classical OFDM,-0.09326171875,0.0003564649929005339,-0.06119473186738457
OFDM,Classical OFDM,-0.093017578125,0.00035666253796281253,-0.05878863396886619
OFDM,Classical OFDM,-0.0927734375,0.00035684910211944925,-0.05651750674281519
OFDM,Classical OFDM,-0.092529296875,0.00035702441521791745,-0.05438442543494741
OFDM,Classical OFDM,-0.09228515625,0.0003571883660189414,-0.05239053982243593
OFDM,Classical OFDM,-0.092041015625,0.00035734091214565414,-0.050536173763601686
OFDM,Classical OFDM,-0.091796875,0.0003574821118662478,-0.04882044110704799
OFDM,Classical OFDM,-0.091552734375,0.0003576120923113231,-0.0472416339976226
OFDM,Classical OFDM,-0.09130859375,0.00035773104417678123,-0.04579728829493437
OFDM,Classical OFDM,-0.091064453125,0.00035783930118044917,-0.04448321987429313
OFDM,Classical OFDM,-0.0908203125,0.00035793720233726235,-0.043295197293722484
OFDM,Classical OFDM,-0.090576171875,0.0003580251873072151,-0.04222778404168755
OFDM,Classical OFDM,-0.09033203125,0.00035810373283006033,-0.04127510956290378
OFDM,Classical OFDM,-0.090087890625,0.0003581733421310928,-0.040430996677555814
OFDM,Classical OFDM,-0.08984375,0.0003582346296748829,-0.03968793285945557
OFDM,Classical OFDM,-0.089599609375,0.0003582881198751588,-0.03903950965521068
OFDM,Classical OFDM,-0.08935546875,0.0003583344907617913,-0.038477467098510576
OFDM,Classical OFDM,-0.089111328125,0.0003583743462051342,-0.03799445368378299
OFDM,Classical OFDM,-0.0888671875,0.00035840832715529954,-0.037582676454611996
OFDM,Classical OFDM,-0.088623046875,0.0003584370586710746,-0.03723454172399299
OFDM,Classical OFDM,-0.08837890625,0.00035846116051413814,-0.03694252544692575
OFDM,Classical OFDM,-0.088134765625,0.00035848122596062707,-0.03669942885077654
OFDM,Classical OFDM,-0.087890625,0.0003584978376924616,-0.03649818494178066
OFDM,Classical OFDM,-0.087646484375,0.0003585115519060202,-0.03633205023394425
OFDM,Classical OFDM,-0.08740234375,0.0003585228029641887,-0.03619575906615339
OFDM,Classical OFDM,-0.087158203125,0.0003585321205778038,-0.0360828921700502
OFDM,Classical OFDM,-0.0869140625,0.0003585398437618009,-0.0359893412753121
OFDM,Classical OFDM,-0.086669921875,0.0003585463750964157,-0.03591022881970648
OFDM,Classical OFDM,-0.08642578125,0.00035855194235730794,-0.03584279509057853
OFDM,Classical OFDM,-0.086181640625,0.00035855680510278755,-0.03578389569669408
OFDM,Classical OFDM,-0.0859375,0.0003585611222461055,-0.0357316055098474
OFDM,Classical OFDM,-0.085693359375,0.0003585649891352124,-0.03568476943528232
OFDM,Classical OFDM,-0.08544921875,0.00035856840577010824,-0.035643387296548014
OFDM,Classical OFDM,-0.085205078125,0.00035857137744790135,-0.03560739478022805
OFDM,Classical OFDM,-0.0849609375,0.00035857379292931606,-0.03557813905090346
OFDM,Classical OFDM,-0.084716796875,0.00035857547211266794,-0.035557801302560935
OFDM,Classical OFDM,-0.08447265625,0.0003585762295991642,-0.035548626892051356
OFDM,Classical OFDM,-0.084228515625,0.00035857580583049497,-0.035553759427010806
OFDM,Classical OFDM,-0.083984375,0.0003585738194148579,-0.035577818265489905
OFDM,Classical OFDM,-0.083740234375,0.0003585699631199677,-0.03562452487111649
OFDM,Classical OFDM,-0.08349609375,0.0003585638184742636,-0.03569894852235404
OFDM,Classical OFDM,-0.083251953125,0.00035855495641196793,-0.0358062876379448
OFDM,Classical OFDM,-0.0830078125,0.00035854287900489437,-0.03595257594029877
OFDM,Classical OFDM,-0.082763671875,0.0003585271518901569,-0.03614307892755409
OFDM,Classical OFDM,-0.08251953125,0.00035850725595113565,-0.03638409097486851
OFDM,Classical OFDM,-0.082275390625,0.00035848267207121083,-0.03668190947920236
OFDM,Classical OFDM,-0.08203125,0.00035845297648171324,-0.037041680420683044
OFDM,Classical OFDM,-0.081787109375,0.00035841767125445646,-0.037469452584064825
OFDM,Classical OFDM,-0.08154296875,0.00035837624786703743,-0.037971408533130226
OFDM,Classical OFDM,-0.081298828125,0.00035832838319584576,-0.03855149024898975
OFDM,Classical OFDM,-0.0810546875,0.00035827353693582825,-0.03921627853537251
OFDM,Classical OFDM,-0.080810546875,0.00035821148660843355,-0.039968509607052824
OFDM,Classical OFDM,-0.08056640625,0.0003581418720102927,-0.04081259683199271
OFDM,Classical OFDM,-0.080322265625,0.00035806445477152936,-0.04175148492814054
OFDM,Classical OFDM,-0.080078125,0.00035797905479045903,-0.04278742032072683
OFDM,Classical OFDM,-0.079833984375,0.00035788554493648093,-0.043922015154239664
OFDM,Classical OFDM,-0.07958984375,0.0003577839252095951,-0.04515534670676817
OFDM,Classical OFDM,-0.079345703125,0.00035767414793582623,-0.046488077900945377
OFDM,Classical OFDM,-0.0791015625,0.0003575564038110755,-0.04791798393593885
OFDM,Classical OFDM,-0.078857421875,0.00035743085174859385,-0.04944322982147849
OFDM,Classical OFDM,-0.07861328125,0.0003572977142269326,-0.05106121165159104
OFDM,Classical OFDM,-0.078369140625,0.00035715742560897784,-0.05276675116100292
OFDM,Classical OFDM,-0.078125,0.00035701037788074856,-0.054555182886342576
OFDM,Classical OFDM,-0.077880859375,0.0003568571007530813,-0.056420162417227485
OFDM,Classical OFDM,-0.07763671875,0.00035669819279922143,-0.05835450021154806
OFDM,Classical OFDM,-0.077392578125,0.0003565343320490397,-0.06035002953409671
OFDM,Classical OFDM,-0.0771484375,0.0003563662442063822,-0.062397990394988105
OFDM,Classical OFDM,-0.076904296875,0.0003561947132432871,-0.06448889788600048
OFDM,Classical OFDM,-0.07666015625,0.00035602067145082666,-0.06661144095976784
OFDM,Classical OFDM,-0.076416015625,0.00035584500874320633,-0.06875480446967518
OFDM,Classical OFDM,-0.076171875,0.00035566871567969054,-0.07090692335709607
OFDM,Classical OFDM,-0.075927734375,0.0003554927775224352,-0.07305577346052446
OFDM,Classical OFDM,-0.07568359375,0.00035531827488154697,-0.07518814141629855
OFDM,Classical OFDM,-0.075439453125,0.0003551462459902655,-0.07729130624653952
OFDM,Classical OFDM,-0.0751953125,0.0003549777714586973,-0.07935200434929968
OFDM,Classical OFDM,-0.074951171875,0.0003548139265998407,-0.08135701284821967
OFDM,Classical OFDM,-0.07470703125,0.0003546558344006691,-0.08329250255173354
OFDM,Classical OFDM,-0.074462890625,0.00035450448542044695,-0.08514624495984538
OFDM,Classical OFDM,-0.07421875,0.00035436097616060587,-0.08690469656682509
OFDM,Classical OFDM,-0.073974609375,0.000354226249506435,-0.088556181128142
OFDM,Classical OFDM,-0.07373046875,0.00035410129601719866,-0.09008842738273855
OFDM,Classical OFDM,-0.073486328125,0.00035398699501288554,-0.09149052078010689
OFDM,Classical OFDM,-0.0732421875,0.0003538841728424007,-0.09275219390936365
OFDM,Classical OFDM,-0.072998046875,0.0003537935816951321,-0.09386409082376287
OFDM,Classical OFDM,-0.07275390625,0.00035371591019516717,-0.09481764139398333
OFDM,Classical OFDM,-0.072509765625,0.000353651709241776,-0.09560597603360038
OFDM,Classical OFDM,-0.072265625,0.00035360148735736165,-0.09622275903050938
OFDM,Classical OFDM,-0.072021484375,0.00035356560474529303,-0.09666349278650793
OFDM,Classical OFDM,-0.07177734375,0.0003535443580436386,-0.09692447978359553
OFDM,Classical OFDM,-0.071533203125,0.00035353787968010747,-0.09700406083890412
OFDM,Classical OFDM,-0.0712890625,0.0003535462014373498,-0.09690183556338838
OFDM,Classical OFDM,-0.071044921875,0.0003535692809384988,-0.09661833731600278
OFDM,Classical OFDM,-0.07080078125,0.0003536068586252444,-0.09615678944698855
OFDM,Classical OFDM,-0.070556640625,0.00035365864845373496,-0.09552076134870718
OFDM,Classical OFDM,-0.0703125,0.0003537241842784343,-0.09471605289952417
OFDM,Classical OFDM,-0.070068359375,0.0003538028993087472,-0.09374971523579924
OFDM,Classical OFDM,-0.06982421875,0.00035389410492058627,-0.09263030696014167
OFDM,Classical OFDM,-0.069580078125,0.0003539970330332384,-0.09136736950335254
OFDM,Classical OFDM,-0.0693359375,0.0003541107301671978,-0.08997272194044671
OFDM,Classical OFDM,-0.069091796875,0.0003542341845747667,-0.08845889534549728
OFDM,Classical OFDM,-0.06884765625,0.00035436630505162166,-0.08683938772309316
OFDM,Classical OFDM,-0.068603515625,0.0003545058944512722,-0.08512898331376498
OFDM,Classical OFDM,-0.068359375,0.0003546516920619272,-0.08334322793644162
OFDM,Classical OFDM,-0.068115234375,0.00035480229944697815,-0.08149933226380073
OFDM,Classical OFDM,-0.06787109375,0.0003549563499524668,-0.07961409182114244
OFDM,Classical OFDM,-0.067626953125,0.0003551123603880507,-0.0777056998191581
OFDM,Classical OFDM,-0.0673828125,0.00035526886875182097,-0.07579205916907585
OFDM,Classical OFDM,-0.067138671875,0.0003554243653678934,-0.0738916239278108
OFDM,Classical OFDM,-0.06689453125,0.00035557726110375834,-0.07202378641678406
OFDM,Classical OFDM,-0.066650390625,0.000355726067471965,-0.07020667737396846
OFDM,Classical OFDM,-0.06640625,0.00035586922712265394,-0.06845923897361654
OFDM,Classical OFDM,-0.066162109375,0.0003560052621625911,-0.06679941638414139
OFDM,Classical OFDM,-0.06591796875,0.0003561327317783011,-0.06524467975232533
OFDM,Classical OFDM,-0.065673828125,0.00035625017926498335,-0.06381267471540086
OFDM,Classical OFDM,-0.0654296875,0.0003563562697513298,-0.06251954824407299
OFDM,Classical OFDM,-0.065185546875,0.0003564497743081995,-0.06138014956324904
OFDM,Classical OFDM,-0.06494140625,0.00035652947460066846,-0.060409198517408474
OFDM,Classical OFDM,-0.064697265625,0.00035659425293887146,-0.059620194482922946
OFDM,Classical OFDM,-0.064453125,0.0003566431505461944,-0.05902471362428774
OFDM,Classical OFDM,-0.064208984375,0.0003566752986968653,-0.05863325411657328
OFDM,Classical OFDM,-0.06396484375,0.00035668991341884597,-0.058455306187410495
OFDM,Classical OFDM,-0.063720703125,0.00035668642262443306,-0.058497809216300246
OFDM,Classical OFDM,-0.0634765625,0.00035666434957387356,-0.058766574722231284
OFDM,Classical OFDM,-0.063232421875,0.0003566233287666903,-0.05926609576440048
OFDM,Classical OFDM,-0.06298828125,0.0003565631853983072,-0.059998581097619776
OFDM,Classical OFDM,-0.062744140625,0.000356483887686074,-0.060964535809233014
OFDM,Classical OFDM,-0.0625,0.0003563855521663749,-0.06216269556931864
OFDM,Classical OFDM,-0.062255859375,0.00035626843310041125,-0.06359015308960574
OFDM,Classical OFDM,-0.06201171875,0.0003561329595539608,-0.06524190208906445
OFDM,Classical OFDM,-0.061767578125,0.00035597971420894375,-0.0671110896824818
OFDM,Classical OFDM,-0.0615234375,0.00035580941747209786,-0.06918920330399218
OFDM,Classical OFDM,-0.061279296875,0.0003556229168807615,-0.07146619229179652
OFDM,Classical OFDM,-0.06103515625,0.0003554212400739577,-0.07392981218979676
OFDM,Classical OFDM,-0.060791015625,0.00035520551003865995,-0.07656664979192476
OFDM,Classical OFDM,-0.060546875,0.00035497699808087593,-0.07936146618362104
OFDM,Classical OFDM,-0.060302734375,0.00035473702847769713,-0.08229835271979438
OFDM,Classical OFDM,-0.06005859375,0.0003544871426876579,-0.08535871159144728
OFDM,Classical OFDM,-0.059814453125,0.00035422885568375085,-0.08852422854797558
OFDM,Classical OFDM,-0.0595703125,0.00035396384664932785,-0.09177452938551163
OFDM,Classical OFDM,-0.059326171875,0.00035369386892725787,-0.09508827381419475
OFDM,Classical OFDM,-0.05908203125,0.0003534206705633016,-0.09844412470421579
OFDM,Classical OFDM,-0.058837890625,0.0003531461055453871,-0.101819377609896
OFDM,Classical OFDM,-0.05859375,0.0003528720437527672,-0.10519106232740487
OFDM,Classical OFDM,-0.058349609375,0.0003526003497675868,-0.10853620256102972
OFDM,Classical OFDM,-0.05810546875,0.0003523328881719905,-0.11183175154101063
OFDM,Classical OFDM,-0.057861328125,0.00035207158181631504,-0.11505387514745372
OFDM,Classical OFDM,-0.0576171875,0.00035181825820294654,-0.11817984872788205
OFDM,Classical OFDM,-0.057373046875,0.0003515747024574042,-0.12118741139819522
OFDM,Classical OFDM,-0.05712890625,0.0003513427261907491,-0.12405392208899069
OFDM,Classical OFDM,-0.056884765625,0.0003511240032892248,-0.12675839614537437
OFDM,Classical OFDM,-0.056640625,0.0003509201228853409,-0.1292808625705738
OFDM,Classical OFDM,-0.056396484375,0.0003507326423289569,-0.1316017191844447
OFDM,Classical OFDM,-0.05615234375,0.00035056297065089815,-0.13370318605776105
OFDM,Classical OFDM,-0.055908203125,0.0003504124533166894,-0.13556826852562612
OFDM,Classical OFDM,-0.0556640625,0.000350282239798846,-0.13718240984780852
OFDM,Classical OFDM,-0.055419921875,0.00035017341600458295,-0.1385318621175388
OFDM,Classical OFDM,-0.05517578125,0.00035008688244232233,-0.1396052072397415
OFDM,Classical OFDM,-0.054931640625,0.00035002342838121075,-0.1403924474287382
OFDM,Classical OFDM,-0.0546875,0.00034998366828581845,-0.1408858021427008
OFDM,Classical OFDM,-0.054443359375,0.00034996809478722357,-0.14107905787435576
OFDM,Classical OFDM,-0.05419921875,0.0003499769939292778,-0.14096862497468024
OFDM,Classical OFDM,-0.053955078125,0.0003500105405165572,-0.14055235762601068
OFDM,Classical OFDM,-0.0537109375,0.0003500686815779781,-0.13983100091641937
OFDM,Classical OFDM,-0.053466796875,0.00035015130587426487,-0.1388060865535611
OFDM,Classical OFDM,-0.05322265625,0.0003502580214193984,-0.13748268976435818
OFDM,Classical OFDM,-0.052978515625,0.0003503883620678426,-0.13586686111315588
OFDM,Classical OFDM,-0.052734375,0.0003505417504347855,-0.13396608038690105
OFDM,Classical OFDM,-0.052490234375,0.00035071731249734686,-0.13179154487997752
OFDM,Classical OFDM,-0.05224609375,0.00035091415834132125,-0.12935467967025588
OFDM,Classical OFDM,-0.052001953125,0.0003511312444363606,-0.12666883354676045
OFDM,Classical OFDM,-0.0517578125,0.00035136736833886597,-0.12374933136126168
OFDM,Classical OFDM,-0.051513671875,0.0003516212375543961,-0.12061260899340351
OFDM,Classical OFDM,-0.05126953125,0.0003518914695376676,-0.1172762011714123
OFDM,Classical OFDM,-0.051025390625,0.00035217651753303774,-0.11375964366549171
OFDM,Classical OFDM,-0.05078125,0.00035247486127040555,-0.11008210749685535
OFDM,Classical OFDM,-0.050537109375,0.000352784805675094,-0.10626487082140734
OFDM,Classical OFDM,-0.05029296875,0.00035310467686085965,-0.10232889206429732
OFDM,Classical OFDM,-0.050048828125,0.0003534326897021832,-0.09829643224104222
OFDM,Classical OFDM,-0.0498046875,0.0003537670855590873,-0.09418935270486864
OFDM,Classical OFDM,-0.049560546875,0.0003541059892552106,-0.09003086662578916
OFDM,Classical OFDM,-0.04931640625,0.0003544476686361174,-0.08584234880339628
OFDM,Classical OFDM,-0.049072265625,0.0003547902697138799,-0.08164658427660074
OFDM,Classical OFDM,-0.048828125,0.0003551320179571955,-0.07746529879467486
OFDM,Classical OFDM,-0.048583984375,0.00035547110175500313,-0.07332058765050128
OFDM,Classical OFDM,-0.04833984375,0.00035580588430081795,-0.06923232876199362
OFDM,Classical OFDM,-0.048095703125,0.0003561346440344211,-0.0652213603554494
OFDM,Classical OFDM,-0.0478515625,0.0003564558077146279,-0.06130663982549161
OFDM,Classical OFDM,-0.047607421875,0.0003567677968031455,-0.057507125974820675
OFDM,Classical OFDM,-0.04736328125,0.0003570692605373407,-0.05383894868724481
OFDM,Classical OFDM,-0.047119140625,0.0003573587792921714,-0.05031903072480158
OFDM,Classical OFDM,-0.046875,0.00035763516121825535,-0.04696148754649712
OFDM,Classical OFDM,-0.046630859375,0.00035789723565464383,-0.043780150484516944
OFDM,Classical OFDM,-0.04638671875,0.0003581439855565306,-0.04078696735854558
OFDM,Classical OFDM,-0.046142578125,0.0003583745369010353,-0.03799214274393979
OFDM,Classical OFDM,-0.0458984375,0.0003585880739334697,-0.03540517499390708
OFDM,Classical OFDM,-0.045654296875,0.0003587839610008299,-0.03303338823885295
OFDM,Classical OFDM,-0.04541015625,0.00035896162601541245,-0.03088335239238804
OFDM,Classical OFDM,-0.045166015625,0.00035912070347674,-0.028959158969364816
OFDM,Classical OFDM,-0.044921875,0.0003592609444207195,-0.027263517966865006
OFDM,Classical OFDM,-0.044677734375,0.00035938216344855807,-0.02579840253432879
OFDM,Classical OFDM,-0.04443359375,0.0003594843287776056,-0.024563963610670505
OFDM,Classical OFDM,-0.044189453125,0.00035956756753846277,-0.023558469157003745
OFDM,Classical OFDM,-0.0439453125,0.00035963208631835587,-0.022779265496056043
OFDM,Classical OFDM,-0.043701171875,0.00035967817116113664,-0.022222777033995646
OFDM,Classical OFDM,-0.04345703125,0.00035970630940077475,-0.021883034308325597
OFDM,Classical OFDM,-0.043212890625,0.00035971694069726455,-0.021754678339827457
OFDM,Classical OFDM,-0.04296875,0.00035971079075445205,-0.021828928639358362
OFDM,Classical OFDM,-0.042724609375,0.0003596884846311245,-0.022098248517995196
OFDM,Classical OFDM,-0.04248046875,0.0003596508062993199,-0.02255320744520326
OFDM,Classical OFDM,-0.042236328125,0.00035959863507902705,-0.02318324403122159
OFDM,Classical OFDM,-0.0419921875,0.00035953282380469273,-0.023978132726942936
OFDM,Classical OFDM,-0.041748046875,0.0003594543683326897,-0.024925932050042905
OFDM,Classical OFDM,-0.04150390625,0.00035936422743963216,-0.026015155197139126
OFDM,Classical OFDM,-0.041259765625,0.0003592634393587597,-0.027233357881890748
OFDM,Classical OFDM,-0.041015625,0.0003591530423233121,-0.028568094066631352
OFDM,Classical OFDM,-0.040771484375,0.0003590340374867703,-0.030007360958388324
OFDM,Classical OFDM,-0.04052734375,0.0003589075213505661,-0.0315379941893975
OFDM,Classical OFDM,-0.040283203125,0.00035877451625661403,-0.03314771481783414
OFDM,Classical OFDM,-0.0400390625,0.0003586361028150207,-0.034823524822678004
OFDM,Classical OFDM,-0.039794921875,0.00035849320801975006,-0.0365542704765636
OFDM,Classical OFDM,-0.03955078125,0.0003583468542127167,-0.038327627046098246
OFDM,Classical OFDM,-0.039306640625,0.0003581979419023427,-0.04013272830325805
OFDM,Classical OFDM,-0.0390625,0.0003580473927854837,-0.041958433784429386
OFDM,Classical OFDM,-0.038818359375,0.00035789600142839464,-0.04379512736950783
OFDM,Classical OFDM,-0.03857421875,0.00035774461007130555,-0.04563259804727282
OFDM,Classical OFDM,-0.038330078125,0.00035759389674408726,-0.04746261185765901
OFDM,Classical OFDM,-0.0380859375,0.00035744455536793567,-0.04927672790509621
OFDM,Classical OFDM,-0.037841796875,0.0003572971633276626,-0.05106790782366183
OFDM,Classical OFDM,-0.03759765625,0.0003571522768196465,-0.052829359600662026
OFDM,Classical OFDM,-0.037353515625,0.0003570102984241231,-0.05455614945706352
OFDM,Classical OFDM,-0.037109375,0.00035687166250397836,-0.05624294977321282
OFDM,Classical OFDM,-0.036865234375,0.0003567366551030641,-0.05788623134620011
OFDM,Classical OFDM,-0.03662109375,0.00035660556226523206,-0.05948246090733433
OFDM,Classical OFDM,-0.036376953125,0.00035647855349794986,-0.061029521237187245
OFDM,Classical OFDM,-0.0361328125,0.0003563557347433849,-0.06252606843727276
OFDM,Classical OFDM,-0.035888671875,0.00035623715897262074,-0.06397140430463003
OFDM,Classical OFDM,-0.03564453125,0.0003561228579683076,-0.06536508993253402
OFDM,Classical OFDM,-0.035400390625,0.00035601275757092847,-0.06670798008926038
OFDM,Classical OFDM,-0.03515625,0.00035590675713542425,-0.06800125562415023
OFDM,Classical OFDM,-0.034912109375,0.0003558047136398692,-0.06924661780129988
OFDM,Classical OFDM,-0.03466796875,0.0003557064310912537,-0.07044641822940709
OFDM,Classical OFDM,-0.034423828125,0.00035561169760524314,-0.07160320669884995
OFDM,Classical OFDM,-0.0341796875,0.0003555202695148527,-0.07271992531655143
OFDM,Classical OFDM,-0.033935546875,0.00035543190315309763,-0.0737995203995713
OFDM,Classical OFDM,-0.03369140625,0.0003553462648021509,-0.07484604279185067
OFDM,Classical OFDM,-0.033447265625,0.000355263073715269,-0.07586290052740444
OFDM,Classical OFDM,-0.033203125,0.00035518206503703376,-0.07685331119185329
OFDM,Classical OFDM,-0.032958984375,0.00035510295802070177,-0.07782069019322875
OFDM,Classical OFDM,-0.03271484375,0.00035502543483977104,-0.07876890998474906
OFDM,Classical OFDM,-0.032470703125,0.00035494924123304013,-0.0797010689532805
OFDM,Classical OFDM,-0.0322265625,0.0003548740858595489,-0.08062072213651106
OFDM,Classical OFDM,-0.031982421875,0.00035479982040026307,-0.08152967705220074
OFDM,Classical OFDM,-0.03173828125,0.00035472618529687277,-0.08243110473588855
OFDM,Classical OFDM,-0.031494140625,0.0003546530481216688,-0.08332662211867305
OFDM,Classical OFDM,-0.03125,0.00035458023936718353,-0.08421830165419585
OFDM,Classical OFDM,-0.031005859375,0.00035450771665654997,-0.08510666008372726
OFDM,Classical OFDM,-0.03076171875,0.0003544353687504925,-0.08599305836121493
OFDM,Classical OFDM,-0.030517578125,0.0003543632221345529,-0.08687717065211711
OFDM,Classical OFDM,-0.0302734375,0.0003542912874029479,-0.08775886565807761
OFDM,Classical OFDM,-0.030029296875,0.0003542196704978449,-0.08863684295557213
OFDM,Classical OFDM,-0.02978515625,0.0003541484561729777,-0.08951006091279017
OFDM,Classical OFDM,-0.029541015625,0.00035407779274738044,-0.09037669741370732
OFDM,Classical OFDM,-0.029296875,0.00035400793977936315,-0.09123356423814234
OFDM,Classical OFDM,-0.029052734375,0.0003539390402908517,-0.09207890064336252
OFDM,Classical OFDM,-0.02880859375,0.00035387144918810654,-0.09290834421543523
OFDM,Classical OFDM,-0.028564453125,0.00035380545251497943,-0.09371837463969225
OFDM,Classical OFDM,-0.0283203125,0.0003537414263661643,-0.09450436364010419
OFDM,Classical OFDM,-0.028076171875,0.0003536796514884046,-0.09526285075447906
OFDM,Classical OFDM,-0.02783203125,0.0003536205834330197,-0.09598822674909901
OFDM,Classical OFDM,-0.027587890625,0.0003535646300773538,-0.09667546492082943
OFDM,Classical OFDM,-0.02734375,0.0003535121940016426,-0.09731960138804958
OFDM,Classical OFDM,-0.027099609375,0.0003534636830832304,-0.09791560543555469
OFDM,Classical OFDM,-0.02685546875,0.00035341953168500304,-0.09845811962298401
OFDM,Classical OFDM,-0.026611328125,0.0003533802165467135,-0.0989412648893696
OFDM,Classical OFDM,-0.0263671875,0.00035334611906016406,-0.09936033375720693
OFDM,Classical OFDM,-0.026123046875,0.00035331763650848217,-0.09971042430409553
OFDM,Classical OFDM,-0.02587890625,0.00035329519795744546,-0.09998624547306095
OFDM,Classical OFDM,-0.025634765625,0.00035327911593644747,-0.10018394111076381
OFDM,Classical OFDM,-0.025390625,0.00035326978772861565,-0.10029861651869715
OFDM,Classical OFDM,-0.025146484375,0.0003532674834864766,-0.10032694395977453
OFDM,Classical OFDM,-0.02490234375,0.0003532724892538821,-0.10026540527135432
OFDM,Classical OFDM,-0.024658203125,0.00035328500632095006,-0.10011152980638996
OFDM,Classical OFDM,-0.0244140625,0.000353305246572015,-0.09986272282621224
OFDM,Classical OFDM,-0.024169921875,0.0003533333424347862,-0.099517372929898
OFDM,Classical OFDM,-0.02392578125,0.0003533693680687807,-0.09907459171986735
OFDM,Classical OFDM,-0.023681640625,0.00035341338703929895,-0.09853362786975384
OFDM,Classical OFDM,-0.0234375,0.00035346533048393207,-0.09789536416604952
OFDM,Classical OFDM,-0.023193359375,0.00035352518780846343,-0.09715997365839842
OFDM,Classical OFDM,-0.02294921875,0.00035359278950542535,-0.09632958764109384
OFDM,Classical OFDM,-0.022705078125,0.0003536680031471086,-0.09540588679384271
OFDM,Classical OFDM,-0.0224609375,0.0003537505320954448,-0.09439257246189639
OFDM,Classical OFDM,-0.022216796875,0.0003538401326834491,-0.09329269811107568
OFDM,Classical OFDM,-0.02197265625,0.00035393646059907766,-0.0921105543988906
OFDM,Classical OFDM,-0.021728515625,0.0003540391132620948,-0.09085114695435728
OFDM,Classical OFDM,-0.021484375,0.00035414768279515627,-0.08951954490406983
OFDM,Classical OFDM,-0.021240234375,0.00035426171364694273,-0.0881213994143567
OFDM,Classical OFDM,-0.02099609375,0.00035438066551240084,-0.08666339631476636
OFDM,Classical OFDM,-0.020751953125,0.0003545040298691275,-0.08515182580746508
OFDM,Classical OFDM,-0.0205078125,0.00035463121344098575,-0.08359400945127382
OFDM,Classical OFDM,-0.020263671875,0.00035476163884316374,-0.08199706544706653
OFDM,Classical OFDM,-0.02001953125,0.0003548946651255493,-0.08036888062740868
OFDM,Classical OFDM,-0.019775390625,0.00035502969371489703,-0.0787168124533894
OFDM,Classical OFDM,-0.01953125,0.0003551661260379616,-0.07704820770689308
OFDM,Classical OFDM,-0.019287109375,0.0003553032893619807,-0.07537130862609162
OFDM,Classical OFDM,-0.01904296875,0.00035544055862816705,-0.07369376232725347
OFDM,Classical OFDM,-0.018798828125,0.00035557734585749216,-0.07202275125288149
OFDM,Classical OFDM,-0.0185546875,0.0003557130100998438,-0.07036609354436998
OFDM,Classical OFDM,-0.018310546875,0.0003558470163472769,-0.06873030254078036
OFDM,Classical OFDM,-0.01806640625,0.0003559788031063049,-0.06712220512920751
OFDM,Classical OFDM,-0.017822265625,0.00035610780358633255,-0.06554868312429404
OFDM,Classical OFDM,-0.017578125,0.0003562335728302572,-0.06401512376622452
OFDM,Classical OFDM,-0.017333984375,0.00035635566058386776,-0.06252697222720138
OFDM,Classical OFDM,-0.01708984375,0.0003564736642669284,-0.06108908668913463
OFDM,Classical OFDM,-0.016845703125,0.00035658723427028704,-0.059705675362370376
OFDM,Classical OFDM,-0.0166015625,0.0003566960527674417,-0.058380556042494244
OFDM,Classical OFDM,-0.016357421875,0.00035679990257694947,-0.05711631903605922
OFDM,Classical OFDM,-0.01611328125,0.0003568985559231506,-0.05591568300724206
OFDM,Classical OFDM,-0.015869140625,0.0003569918432985773,-0.05478065744438709
OFDM,Classical OFDM,-0.015625,0.00035707976470322967,-0.053711191003016905
OFDM,Classical OFDM,-0.015380859375,0.0003571622247891571,-0.05270839472440285
OFDM,Classical OFDM,-0.01513671875,0.0003572392818245516,-0.05177151413040512
OFDM,Classical OFDM,-0.014892578125,0.0003573109834833885,-0.050899927164657806
OFDM,Classical OFDM,-0.0146484375,0.0003573774886789187,-0.05009166340652981
OFDM,Classical OFDM,-0.014404296875,0.0003574389510272848,-0.0493448210754558
OFDM,Classical OFDM,-0.01416015625,0.0003574956565723387,-0.048655893581945914
OFDM,Classical OFDM,-0.013916015625,0.0003575478224955232,-0.048022215399127356
OFDM,Classical OFDM,-0.013671875,0.0003575957825146654,-0.04743970940870089
OFDM,Classical OFDM,-0.013427734375,0.00035763988623891747,-0.04690410960754195
OFDM,Classical OFDM,-0.01318359375,0.0003576804938716482,-0.0464110250729076
OFDM,Classical OFDM,-0.012939453125,0.00035771800799309347,-0.04595555372624994
OFDM,Classical OFDM,-0.0126953125,0.0003577528523719224,-0.045532539392584476
OFDM,Classical OFDM,-0.012451171875,0.00035778545607391274,-0.04513676441571204
OFDM,Classical OFDM,-0.01220703125,0.0003578162587590588,-0.044762885037904446
OFDM,Classical OFDM,-0.011962890625,0.0003578456683047046,-0.044405945457539606
OFDM,Classical OFDM,-0.01171875,0.0003578741614506032,-0.04406015607102563
OFDM,Classical OFDM,-0.011474609375,0.0003579021248856653,-0.043720821958383595
OFDM,Classical OFDM,-0.01123046875,0.00035792998767566835,-0.04338273553441574
OFDM,Classical OFDM,-0.010986328125,0.00035795811002398137,-0.04304152632208096
OFDM,Classical OFDM,-0.0107421875,0.0003579868468368648,-0.04269288948485295
OFDM,Classical OFDM,-0.010498046875,0.00035801650004949547,-0.042333164165702625
OFDM,Classical OFDM,-0.01025390625,0.00035804737159705023,-0.04195869079007139
OFDM,Classical OFDM,-0.010009765625,0.0003580796521754303,-0.041567160332283595
OFDM,Classical OFDM,-0.009765625,0.0003581135642631869,-0.041155879346776406
OFDM,Classical OFDM,-0.009521484375,0.0003581492138024874,-0.04072356878457714
OFDM,Classical OFDM,-0.00927734375,0.0003581866431701988,-0.04026972111759955
OFDM,Classical OFDM,-0.009033203125,0.0003582259265258382,-0.0397934440302455
OFDM,Classical OFDM,-0.0087890625,0.00035826698970988836,-0.03929564387457663
OFDM,Classical OFDM,-0.008544921875,0.00035830972148307377,-0.03877767634846306
OFDM,Classical OFDM,-0.00830078125,0.0003583539311494931,-0.03824185974533159
OFDM,Classical OFDM,-0.008056640625,0.00035839942271613696,-0.037690575644977485
OFDM,Classical OFDM,-0.0078125,0.0003584458836536117,-0.03712761656250107
OFDM,Classical OFDM,-0.007568359375,0.0003584929855411987,-0.036556965680685234
OFDM,Classical OFDM,-0.00732421875,0.0003585402569362534,-0.03598433655172252
OFDM,Classical OFDM,-0.007080078125,0.0003585872899614316,-0.03541466987472008
OFDM,Classical OFDM,-0.0068359375,0.00035863352312324667,-0.03485476400699524
OFDM,Classical OFDM,-0.006591796875,0.00035867845319640377,-0.03431070832374072
OFDM,Classical OFDM,-0.00634765625,0.00035872140744814044,-0.03379064146704954
OFDM,Classical OFDM,-0.006103515625,0.00035876179260231985,-0.033301736650094275
OFDM,Classical OFDM,-0.005859375,0.00035879892533196276,-0.03285225441971964
OFDM,Classical OFDM,-0.005615234375,0.00035883207463611474,-0.032451029838200224
OFDM,Classical OFDM,-0.00537109375,0.0003588605942675552,-0.03210587043770207
OFDM,Classical OFDM,-0.005126953125,0.00035888373203689616,-0.0318258652831217
OFDM,Classical OFDM,-0.0048828125,0.0003589007463489665,-0.03161997557473636
OFDM,Classical OFDM,-0.004638671875,0.00035891094857967866,-0.0314965233509012
OFDM,Classical OFDM,-0.00439453125,0.00035891358653964475,-0.03146460325342049
OFDM,Classical OFDM,-0.004150390625,0.00035890804576429433,-0.03153164854857188
OFDM,Classical OFDM,-0.00390625,0.0003588936376295399,-0.0317059968000174
OFDM,Classical OFDM,-0.003662109375,0.00035886971588816076,-0.03199548163457736
OFDM,Classical OFDM,-0.00341796875,0.0003588357720177539,-0.03240628065650331
OFDM,Classical OFDM,-0.003173828125,0.00035879126571326613,-0.032944968344047795
OFDM,Classical OFDM,-0.0029296875,0.00035873570434361924,-0.033617556199273466
OFDM,Classical OFDM,-0.002685546875,0.0003586687435967696,-0.034428275536987775
OFDM,Classical OFDM,-0.00244140625,0.00035859006034910684,-0.03538111711180679
OFDM,Classical OFDM,-0.002197265625,0.00035849935266545416,-0.03647983216663046
OFDM,Classical OFDM,-0.001953125,0.0003583965622776195,-0.03772523746479738
OFDM,Classical OFDM,-0.001708984375,0.0003582815567578938,-0.03911906439232272
OFDM,Classical OFDM,-0.00146484375,0.00035815436259181883,-0.040661134619263836
OFDM,Classical OFDM,-0.001220703125,0.0003580151386926455,-0.04234967823396049
OFDM,Classical OFDM,-0.0009765625,0.00035786406516205837,-0.044182680263250826
OFDM,Classical OFDM,-0.000732421875,0.00035770146512366765,-0.04615640028348606
OFDM,Classical OFDM,-0.00048828125,0.00035752775704903425,-0.048265946633660635
OFDM,Classical OFDM,-0.000244140625,0.00035734345475766966,-0.05050527222387028
OFDM,Classical OFDM,0.0,0.00035714919919968606,-0.05286678338910697
OFDM,Classical OFDM,0.000244140625,0.0003569456048396539,-0.05534320273858884
OFDM,Classical OFDM,0.00048828125,0.00035673355629467024,-0.05792395668818186
OFDM,Classical OFDM,0.000732421875,0.0003565139116962903,-0.06059877698135051
OFDM,Classical OFDM,0.0009765625,0.00035628762982112825,-0.06335614961075317
OFDM,Classical OFDM,0.001220703125,0.00035605577538796556,-0.06618324406398417
OFDM,Classical OFDM,0.00146484375,0.0003558194343040172,-0.0690669414024926
OFDM,Classical OFDM,0.001708984375,0.0003555798196070989,-0.07199253751515937
OFDM,Classical OFDM,0.001953125,0.00035533814433502637,-0.07494529005315201
OFDM,Classical OFDM,0.002197265625,0.000355095716873566,-0.07790925105246421
OFDM,Classical OFDM,0.00244140625,0.00035485385090559227,-0.0808683643214125
OFDM,Classical OFDM,0.002685546875,0.0003546138918966302,-0.08380614066167014
OFDM,Classical OFDM,0.0029296875,0.0003543772223919632,-0.0867055920555726
OFDM,Classical OFDM,0.003173828125,0.0003541452249368747,-0.08954968594536399
OFDM,Classical OFDM,0.00341796875,0.00035391922910556434,-0.09232199700387697
OFDM,Classical OFDM,0.003662109375,0.00035370068100861607,-0.09500463027058807
OFDM,Classical OFDM,0.00390625,0.00035349087843757944,-0.0975814738526814
OFDM,Classical OFDM,0.004150390625,0.00035329115096665415,-0.10003599412081439
OFDM,Classical OFDM,0.00439453125,0.00035310271163365597,-0.10235306307536754
OFDM,Classical OFDM,0.004638671875,0.00035292684763591777,-0.10451662023412883
OFDM,Classical OFDM,0.0048828125,0.00035276465017776285,-0.10651300144359685
OFDM,Classical OFDM,0.005126953125,0.0003526171786808643,-0.10832892739047884
OFDM,Classical OFDM,0.00537109375,0.0003524854766755702,-0.10995131398583449
OFDM,Classical OFDM,0.005615234375,0.0003523703652136772,-0.11136982455714246
OFDM,Classical OFDM,0.005859375,0.0003522727236151739,-0.11257341850073938
OFDM,Classical OFDM,0.006103515625,0.00035219315575041413,-0.11355447055055777
OFDM,Classical OFDM,0.00634765625,0.0003521322548955347,-0.1143055127501853
OFDM,Classical OFDM,0.006591796875,0.00035209049779028864,-0.11482054525490613
OFDM,Classical OFDM,0.0068359375,0.0003520681545872025,-0.1150961516052321
OFDM,Classical OFDM,0.007080078125,0.00035206543717061095,-0.1151296724894671
OFDM,Classical OFDM,0.00732421875,0.00035208245148268125,-0.11491979550294121
OFDM,Classical OFDM,0.007568359375,0.0003521190703928127,-0.11446812392531161
OFDM,Classical OFDM,0.0078125,0.0003521751190964292,-0.1137768888388055
OFDM,Classical OFDM,0.008056640625,0.0003522502214988368,-0.11285084154359236
OFDM,Classical OFDM,0.00830078125,0.0003523439326429328,-0.11169561671595346
OFDM,Classical OFDM,0.008544921875,0.00035245564865836346,-0.11031883810440823
OFDM,Classical OFDM,0.0087890625,0.00035258463324706603,-0.1087297857569978
OFDM,Classical OFDM,0.009033203125,0.0003527300176832685,-0.10693938882682429
OFDM,Classical OFDM,0.00927734375,0.0003528908167048149,-0.1049600218478878
OFDM,Classical OFDM,0.009521484375,0.0003530659708900321,-0.10280497499460563
OFDM,Classical OFDM,0.009765625,0.0003532542724982128,-0.10048935818850911
OFDM,Classical OFDM,0.010009765625,0.0003534544290349157,-0.09802930975433438
OFDM,Classical OFDM,0.01025390625,0.00035366508973750754,-0.09544166280166727
OFDM,Classical OFDM,0.010498046875,0.00035388478730697114,-0.09274465307083325
OFDM,Classical OFDM,0.0107421875,0.00035411195909633864,-0.08995764992559536
OFDM,Classical OFDM,0.010986328125,0.00035434511661815924,-0.08709907084528574
OFDM,Classical OFDM,0.01123046875,0.0003545825595006476,-0.08418988445119671
OFDM,Classical OFDM,0.011474609375,0.00035482264034310214,-0.0812503573912813
OFDM,Classical OFDM,0.01171875,0.0003550637064477126,-0.07830076740398681
OFDM,Classical OFDM,0.011962890625,0.0003553040415513686,-0.07536211447099897
OFDM,Classical OFDM,0.01220703125,0.00035554195057939316,-0.07245508304456649
OFDM,Classical OFDM,0.012451171875,0.0003557757808339762,-0.06959978537825857
OFDM,Classical OFDM,0.0126953125,0.00035600385842887424,-0.06681654070993065
OFDM,Classical OFDM,0.012939453125,0.0003562245889344691,-0.06412465037638541
OFDM,Classical OFDM,0.01318359375,0.00035643636202981776,-0.061543566361379864
OFDM,Classical OFDM,0.013427734375,0.0003566377157130113,-0.05909089563401762
OFDM,Classical OFDM,0.013671875,0.0003568272250618993,-0.05678376428885809
OFDM,Classical OFDM,0.013916015625,0.00035700348104565654,-0.05463908202599381
OFDM,Classical OFDM,0.01416015625,0.0003571652335467088,-0.05267180963203784
OFDM,Classical OFDM,0.014404296875,0.00035731137546940754,-0.050895162763910165
OFDM,Classical OFDM,0.0146484375,0.0003574407891238877,-0.04932248794256667
OFDM,Classical OFDM,0.014892578125,0.00035755252632775186,-0.04796508080580479
OFDM,Classical OFDM,0.01513671875,0.00035764577132631165,-0.04683264554409123
OFDM,Classical OFDM,0.015380859375,0.00035771983019837125,-0.04593343094619033
OFDM,Classical OFDM,0.015625,0.00035777411496490196,-0.045274429573493896
OFDM,Classical OFDM,0.015869140625,0.00035780820715434304,-0.044860611364077464
OFDM,Classical OFDM,0.01611328125,0.000357821767751759,-0.044696020923869935
OFDM,Classical OFDM,0.016357421875,0.00035781466962654906,-0.04478217295441598
OFDM,Classical OFDM,0.0166015625,0.0003577868174307627,-0.04512023974616509
OFDM,Classical OFDM,0.016845703125,0.00035773839126608433,-0.045708093699485725
OFDM,Classical OFDM,0.01708984375,0.0003576695712341983,-0.04654364940340204
OFDM,Classical OFDM,0.017333984375,0.0003575807016471485,-0.04762286804690943
OFDM,Classical OFDM,0.017578125,0.0003574723175128798,-0.04893943144956517
OFDM,Classical OFDM,0.017822265625,0.00035734499621620404,-0.05048653827246372
OFDM,Classical OFDM,0.01806640625,0.0003571994528667506,-0.05225574030042999
OFDM,Classical OFDM,0.018310546875,0.00035703656678450814,-0.05423661289651324
OFDM,Classical OFDM,0.0185546875,0.0003568572225865737,-0.05641867970595973
OFDM,Classical OFDM,0.018798828125,0.00035666250088305394,-0.05878908547508477
OFDM,Classical OFDM,0.01904296875,0.0003564534716898387,-0.06133510130593141
OFDM,Classical OFDM,0.019287109375,0.00035623132155920183,-0.06404256973877205
OFDM,Classical OFDM,0.01953125,0.0003559973376884762,-0.06689608893508328
OFDM,Classical OFDM,0.019775390625,0.0003557528019778862,-0.06988029667871447
OFDM,Classical OFDM,0.02001953125,0.00035549908637849865,-0.07297870080991725
OFDM,Classical OFDM,0.020263671875,0.0003552375628413802,-0.07617477165582101
OFDM,Classical OFDM,0.0205078125,0.00035496969336843977,-0.07945083616988159
OFDM,Classical OFDM,0.020751953125,0.00035469687639628583,-0.08278995108555262
OFDM,Classical OFDM,0.02099609375,0.00035442055803550223,-0.08617453985981556
OFDM,Classical OFDM,0.021240234375,0.00035414214731691425,-0.08958742750108176
OFDM,Classical OFDM,0.021484375,0.0003538631221337558,-0.09301054054444745
OFDM,Classical OFDM,0.021728515625,0.00035358479616890163,-0.09642776558153554
OFDM,Classical OFDM,0.02197265625,0.0003533085943445021,-0.09982157109570192
OFDM,Classical OFDM,0.022216796875,0.00035303579326367325,-0.10317619561117708
OFDM,Classical OFDM,0.0224609375,0.00035276763774688105,-0.1064762211344725
OFDM,Classical OFDM,0.022705078125,0.0003525053991001333,-0.1097058583536131
OFDM,Classical OFDM,0.02294921875,0.0003522501632306448,-0.11285155994076648
OFDM,Classical OFDM,0.023193359375,0.00035200299485719713,-0.11590000534321783
OFDM,Classical OFDM,0.0234375,0.0003517649110245965,-0.11883843142969308
OFDM,Classical OFDM,0.023681640625,0.0003515367857557232,-0.12165581547362408
OFDM,Classical OFDM,0.02392578125,0.00035131948247924086,-0.12434124693800384
OFDM,Classical OFDM,0.024169921875,0.00035111372160188714,-0.12688556903619036
OFDM,Classical OFDM,0.0244140625,0.00035092014937088275,-0.12928053478873724
OFDM,Classical OFDM,0.024658203125,0.0003507393113883892,-0.13151914038152396
OFDM,Classical OFDM,0.02490234375,0.0003505716737999428,-0.13359536854694817
OFDM,Classical OFDM,0.025146484375,0.0003504176074031291,-0.13550439023542377
OFDM,Classical OFDM,0.025390625,0.00035027743002445,-0.13724204383958358
OFDM,Classical OFDM,0.025634765625,0.0003501512740916147,-0.13880648075543905
OFDM,Classical OFDM,0.02587890625,0.0003500392932207657,-0.14019560757243474
OFDM,Classical OFDM,0.026123046875,0.0003499414927090115,-0.14140919010819392
OFDM,Classical OFDM,0.0263671875,0.00034985782488237673,-0.14244767284688864
OFDM,Classical OFDM,0.026611328125,0.0003497881626102606,-0.14331250852143473
OFDM,Classical OFDM,0.02685546875,0.00034973230989965363,-0.14400602715371943
OFDM,Classical OFDM,0.027099609375,0.0003496900495691128,-0.1445308439008867
OFDM,Classical OFDM,0.02734375,0.0003496610426037027,-0.14489110829920065
OFDM,Classical OFDM,0.027587890625,0.0003496448864231876,-0.1450917798438377
OFDM,Classical OFDM,0.02783203125,0.0003496412420126321,-0.14513704736251748
OFDM,Classical OFDM,0.028076171875,0.000349649600849633,-0.14503322227108736
OFDM,Classical OFDM,0.0283203125,0.0003496695497597379,-0.14478544694351841
OFDM,Classical OFDM,0.028564453125,0.0003497005537350018,-0.14440039029566581
OFDM,Classical OFDM,0.02880859375,0.00034974210425302163,-0.14388440344495335
OFDM,Classical OFDM,0.029052734375,0.00034979368219717754,-0.1432439782655901
OFDM,Classical OFDM,0.029296875,0.00034985472077687447,-0.14248620569582038
OFDM,Classical OFDM,0.029541015625,0.00034992470617260086,-0.14161752421966964
OFDM,Classical OFDM,0.02978515625,0.0003500031351590621,-0.14064424457075234
OFDM,Classical OFDM,0.030029296875,0.00035008943564855455,-0.13957353397833086
OFDM,Classical OFDM,0.0302734375,0.00035018313090132543,-0.1384113770284386
OFDM,Classical OFDM,0.030517578125,0.000350283775960272,-0.13716336392163958
OFDM,Classical OFDM,0.03076171875,0.00035039085170877443,-0.13583600296846876
OFDM,Classical OFDM,0.031005859375,0.0003505039608637052,-0.13443428957626047
OFDM,Classical OFDM,0.03125,0.00035062272733037055,-0.13296295429635274
OFDM,Classical OFDM,0.031494140625,0.0003507467273401011,-0.1314273151211812
OFDM,Classical OFDM,0.03173828125,0.00035087563247217815,-0.12983150542677685
OFDM,Classical OFDM,0.031982421875,0.0003510091354943166,-0.1281793930237873
OFDM,Classical OFDM,0.0322265625,0.00035114698744242317,-0.126474121526586
OFDM,Classical OFDM,0.032470703125,0.00035128889697553785,-0.12471935559372928
OFDM,Classical OFDM,0.03271484375,0.00035143467869486775,-0.122917446582346
OFDM,Classical OFDM,0.032958984375,0.00035158414190451174,-0.12107080901669495
OFDM,Classical OFDM,0.033203125,0.0003517370959085687,-0.11918185479712086
OFDM,Classical OFDM,0.033447265625,0.00035189338709089594,-0.1172525353372303
OFDM,Classical OFDM,0.03369140625,0.00035205294129197644,-0.11528381961313448
OFDM,Classical OFDM,0.033935546875,0.00035221559430145084,-0.11327778634129088
OFDM,Classical OFDM,0.0341796875,0.0003523812666626936,-0.11123546689300072
OFDM,Classical OFDM,0.034423828125,0.00035254985243353746,-0.10915821794151155
OFDM,Classical OFDM,0.03466796875,0.00035272123507759835,-0.10704752492168709
OFDM,Classical OFDM,0.034912109375,0.0003528953510295759,-0.10490421933112223
OFDM,Classical OFDM,0.03515625,0.00035307202548489404,-0.10273050011427724
OFDM,Classical OFDM,0.035400390625,0.00035325116839271054,-0.1005275205525298
OFDM,Classical OFDM,0.03564453125,0.0003534325678686908,-0.09829792931882027
OFDM,Classical OFDM,0.035888671875,0.00035361611267355913,-0.09604313414217831
OFDM,Classical OFDM,0.0361328125,0.00035380153265478887,-0.09376649100050502
OFDM,Classical OFDM,0.036376953125,0.00035398860003672036,-0.0914708293387731
OFDM,Classical OFDM,0.03662109375,0.00035417701288417664,-0.08915988228323343
OFDM,Classical OFDM,0.036865234375,0.00035436646396487265,-0.08683744015834037
OFDM,Classical OFDM,0.037109375,0.00035455652951013904,-0.08450871277196313
OFDM,Classical OFDM,0.037353515625,0.00035474679104841494,-0.08217883398023967
OFDM,Classical OFDM,0.03759765625,0.00035493676124573076,-0.07985376923485579
OFDM,Classical OFDM,0.037841796875,0.00035512587860859975,-0.07754037814910582
OFDM,Classical OFDM,0.0380859375,0.00035531353396955976,-0.07524608849633709
OFDM,Classical OFDM,0.038330078125,0.0003554991128640405,-0.07297837725003532
OFDM,Classical OFDM,0.03857421875,0.00035568185250843727,-0.07074651715261158
OFDM,Classical OFDM,0.038818359375,0.0003558610219017956,-0.06855937472439026
OFDM,Classical OFDM,0.0390625,0.00035603577880388536,-0.0664271566921878
OFDM,Classical OFDM,0.039306640625,0.00035620523859760956,-0.06436056819448825
OFDM,Classical OFDM,0.03955078125,0.0003563685166658711,-0.06237029659722385
OFDM,Classical OFDM,0.039794921875,0.00035652463834073063,-0.060468110203519214
OFDM,Classical OFDM,0.0400390625,0.0003566726024687072,-0.05866608401651742
OFDM,Classical OFDM,0.040283203125,0.00035681133373680247,-0.056977181943095444
OFDM,Classical OFDM,0.04052734375,0.00035693983099153537,-0.055413453516974805
OFDM,Classical OFDM,0.040771484375,0.0003570570189199077,-0.0539878429949929
OFDM,Classical OFDM,0.041015625,0.00035716177453494604,-0.05271386963269353
OFDM,Classical OFDM,0.041259765625,0.00035725303841497707,-0.05160427898614717
OFDM,Classical OFDM,0.04150390625,0.0003573297405441111,-0.05067195000924139
OFDM,Classical OFDM,0.041748046875,0.0003573907738266996,-0.04993022181277561
OFDM,Classical OFDM,0.0419921875,0.00035743510002950304,-0.04939161161384485
OFDM,Classical OFDM,0.042236328125,0.0003574617391874737,-0.049067949829936716
OFDM,Classical OFDM,0.04248046875,0.0003574696901471305,-0.04897135153356227
OFDM,Classical OFDM,0.042724609375,0.0003574580735884847,-0.04911248487807379
OFDM,Classical OFDM,0.04296875,0.0003574260207857644,-0.049501928578663826
OFDM,Classical OFDM,0.043212890625,0.00035737274776693144,-0.05014927659251564
OFDM,Classical OFDM,0.04345703125,0.0003572975659078984,-0.05106301446613243
OFDM,Classical OFDM,0.043701171875,0.0003571998819325282,-0.05225052358505815
OFDM,Classical OFDM,0.0439453125,0.0003570791767242011,-0.053718342241565714
OFDM,Classical OFDM,0.044189453125,0.0003569350424055729,-0.055471717409910574
OFDM,Classical OFDM,0.04443359375,0.0003567672194183337,-0.05751415450270003
OFDM,Classical OFDM,0.044677734375,0.00035657549587814885,-0.05984864186123494
OFDM,Classical OFDM,0.044921875,0.00035635992475610204,-0.06247500461180633
OFDM,Classical OFDM,0.045166015625,0.0003561205484290602,-0.06539325502727204
OFDM,Classical OFDM,0.04541015625,0.0003558575999697914,-0.06860113634594173
OFDM,Classical OFDM,0.045654296875,0.00035557148195853146,-0.07209437223744958
OFDM,Classical OFDM,0.0458984375,0.00035526269232346664,-0.07586756288767688
OFDM,Classical OFDM,0.046142578125,0.0003549319567684432,-0.07991255638581772
OFDM,Classical OFDM,0.04638671875,0.0003545800062944154,-0.08422115636066582
OFDM,Classical OFDM,0.046630859375,0.0003542078526490812,-0.088781739260101
OFDM,Classical OFDM,0.046875,0.0003538165923338723,-0.09358163605416664
OFDM,Classical OFDM,0.047119140625,0.00035340745957503783,-0.09860646853461766
OFDM,Classical OFDM,0.04736328125,0.00035298181572942773,-0.10384026248476921
OFDM,Classical OFDM,0.047607421875,0.00035254120225557643,-0.10926477792496773
OFDM,Classical OFDM,0.0478515625,0.00035208724536575214,-0.11486066325189628
OFDM,Classical OFDM,0.048095703125,0.00035162169310571555,-0.12060698239082795
OFDM,Classical OFDM,0.04833984375,0.00035114636238363605,-0.12648185218734687
OFDM,Classical OFDM,0.048583984375,0.00035066326610069256,-0.13246085488360174
OFDM,Classical OFDM,0.048828125,0.0003501744224551724,-0.13851937986476975
OFDM,Classical OFDM,0.049072265625,0.00034968193969620503,-0.1446315649222314
OFDM,Classical OFDM,0.04931640625,0.0003491880585006292,-0.15076975698122688
OFDM,Classical OFDM,0.049560546875,0.0003486949559799831,-0.15690693856964133
OFDM,Classical OFDM,0.0498046875,0.0003482049310792974,-0.1630144196982242
OFDM,Classical OFDM,0.050048828125,0.0003477203198233613,-0.16906288619852813
OFDM,Classical OFDM,0.05029296875,0.00034724341586009724,-0.17502339266871914
OFDM,Classical OFDM,0.050537109375,0.00034677652343164414,-0.1808667070874902
OFDM,Classical OFDM,0.05078125,0.0003463219785627913,-0.18656305056690276
OFDM,Classical OFDM,0.051025390625,0.00034588196895929364,-0.19208436460176032
OFDM,Classical OFDM,0.05126953125,0.00034545879356618194,-0.19740107008249408
OFDM,Classical OFDM,0.051513671875,0.0003450545553354773,-0.20248593783498595
OFDM,Classical OFDM,0.0517578125,0.00034467136251630913,-0.20731158059204782
OFDM,Classical OFDM,0.052001953125,0.00034431116444455615,-0.2118525389787978
OFDM,Classical OFDM,0.05224609375,0.00034397590515898845,-0.21608336869140043
OFDM,Classical OFDM,0.052490234375,0.00034366730092271646,-0.2199814694714988
OFDM,Classical OFDM,0.052734375,0.00034338702562198377,-0.2235247707381156
OFDM,Classical OFDM,0.052978515625,0.0003431365412586992,-0.22669389666044895
OFDM,Classical OFDM,0.05322265625,0.0003429172303781463,-0.22947051599926815
OFDM,Classical OFDM,0.053466796875,0.0003427302901268156,-0.23183870429375686
OFDM,Classical OFDM,0.0537109375,0.00034257668457842973,-0.23378557031535369
OFDM,Classical OFDM,0.053955078125,0.0003424573460240609,-0.23529872364350043
OFDM,Classical OFDM,0.05419921875,0.00034237286244273785,-0.2363702521161799
OFDM,Classical OFDM,0.054443359375,0.000342323763545297,-0.23699310841350368
OFDM,Classical OFDM,0.0546875,0.0003423102929987233,-0.23716400800548343
OFDM,Classical OFDM,0.054931640625,0.00034233256733940065,-0.23688141911693925
OFDM,Classical OFDM,0.05517578125,0.00034239048062516183,-0.23614677404928164
OFDM,Classical OFDM,0.055419921875,0.0003424837627034802,-0.23496372789097486
OFDM,Classical OFDM,0.0556640625,0.0003426118944577359,-0.23333922731512105
OFDM,Classical OFDM,0.055908203125,0.00034277424023492506,-0.23128182133786795
OFDM,Classical OFDM,0.05615234375,0.00034296992071505903,-0.22880325980181992
OFDM,Classical OFDM,0.056396484375,0.0003431978976648981,-0.22591740207701055
OFDM,Classical OFDM,0.056640625,0.0003434569739379516,-0.2226401981781823
OFDM,Classical OFDM,0.056884765625,0.0003437457722860446,-0.2189899352235451
OFDM,Classical OFDM,0.05712890625,0.0003440627777361844,-0.2149866779952711
OFDM,Classical OFDM,0.057373046875,0.00034440630051080245,-0.21065271260685525
OFDM,Classical OFDM,0.0576171875,0.0003447745554843796,-0.20601151815730762
OFDM,Classical OFDM,0.057861328125,0.0003451655880239288,-0.20108867683687487
OFDM,Classical OFDM,0.05810546875,0.000345577411713813,-0.195910114700356
OFDM,Classical OFDM,0.058349609375,0.0003460078918193609,-0.19050354641156605
OFDM,Classical OFDM,0.05859375,0.00034645479825795057,-0.18489778512116428
OFDM,Classical OFDM,0.058837890625,0.00034691583738165967,-0.17912232343920062
OFDM,Classical OFDM,0.05908203125,0.0003473887261367826,-0.17320638915179526
OFDM,Classical OFDM,0.059326171875,0.0003478710755274465,-0.1671803910480021
OFDM,Classical OFDM,0.0595703125,0.00034836053363753713,-0.16107411869392196
OFDM,Classical OFDM,0.059814453125,0.0003488546690943145,-0.15491819044447616
OFDM,Classical OFDM,0.06005859375,0.00034935112998166445,-0.14874206700123296
OFDM,Classical OFDM,0.060302734375,0.00034984756438347255,-0.14257504296935256
OFDM,Classical OFDM,0.060546875,0.0003503416256807328,-0.1364461814051614
OFDM,Classical OFDM,0.060791015625,0.0003508311102763652,-0.13038261154595118
OFDM,Classical OFDM,0.06103515625,0.000351313761602206,-0.12441196791082618
OFDM,Classical OFDM,0.061279296875,0.00035178749789466744,-0.11855957933809902
OFDM,Classical OFDM,0.0615234375,0.00035225029036124554,-0.11284999252890424
OFDM,Classical OFDM,0.061767578125,0.0003527002161516036,-0.10730633200961578
OFDM,Classical OFDM,0.06201171875,0.00035313547954600563,-0.1019500567326097
OFDM,Classical OFDM,0.062255859375,0.0003535543642813412,-0.09680156473137023
OFDM,Classical OFDM,0.0625,0.00035395535538461777,-0.09187871385734248
OFDM,Classical OFDM,0.062744140625,0.0003543370332307933,-0.08719814404838598
OFDM,Classical OFDM,0.06298828125,0.00035469809473120993,-0.0827750336937979
OFDM,Classical OFDM,0.063232421875,0.0003550374645728694,-0.07862175550848507
OFDM,Classical OFDM,0.0634765625,0.00035535415219650724,-0.07474964628598785
OFDM,Classical OFDM,0.063720703125,0.00035564737363008553,-0.07116753139107819
OFDM,Classical OFDM,0.06396484375,0.0003559164402495166,-0.06788309923268507
OFDM,Classical OFDM,0.064208984375,0.00035616089650348105,-0.06490123193107047
OFDM,Classical OFDM,0.064453125,0.0003563803715943933,-0.06222582692141459
OFDM,Classical OFDM,0.064697265625,0.0003565746907176773,-0.059858448400065475
OFDM,Classical OFDM,0.06494140625,0.00035674380090224933,-0.057799238601580094
OFDM,Classical OFDM,0.065185546875,0.00035688787165557716,-0.05604569720396506
OFDM,Classical OFDM,0.0654296875,0.00035700711486199535,-0.05459487690093702
OFDM,Classical OFDM,0.065673828125,0.00035710190661619794,-0.05344190068067588
OFDM,Classical OFDM,0.06591796875,0.00035717279781745484,-0.052579832979514476
OFDM,Classical OFDM,0.066162109375,0.0003572203976332282,-0.05200109461828052
OFDM,Classical OFDM,0.06640625,0.0003572454423615808,-0.05169662135392307
OFDM,Classical OFDM,0.066650390625,0.0003572487848369595,-0.051655987894404454
OFDM,Classical OFDM,0.06689453125,0.0003572313679446534,-0.05186772394312435
OFDM,Classical OFDM,0.067138671875,0.0003571942246207937,-0.05231930744668851
OFDM,Classical OFDM,0.0673828125,0.0003571383507217533,-0.05299870320498867
OFDM,Classical OFDM,0.067626953125,0.00035706498047378125,-0.05389100635033763
OFDM,Classical OFDM,0.06787109375,0.00035697527924071805,-0.05498217033483833
OFDM,Classical OFDM,0.068115234375,0.00035687043357483756,-0.05625790523534486
OFDM,Classical OFDM,0.068359375,0.00035675176245612286,-0.0577023169361246
OFDM,Classical OFDM,0.068603515625,0.0003566204683281729,-0.05930093021144367
OFDM,Classical OFDM,0.06884765625,0.00035647785957675397,-0.06103797522233227
OFDM,Classical OFDM,0.069091796875,0.0003563251651310069,-0.06289863949902424
OFDM,Classical OFDM,0.0693359375,0.00035616365629693954,-0.06486757976884981
OFDM,Classical OFDM,0.069580078125,0.00035599451962682567,-0.06693046766039921
OFDM,Classical OFDM,0.06982421875,0.00035581898404980615,-0.06907243697199147
OFDM,Classical OFDM,0.070068359375,0.0003556381460673126,-0.07128021411785768
OFDM,Classical OFDM,0.0703125,0.00035545312866631863,-0.07354017823149701
OFDM,Classical OFDM,0.070556640625,0.00035526495418873876,-0.0758399125742423
OFDM,Classical OFDM,0.07080078125,0.0003550746131938374,-0.07816736410699889
OFDM,Classical OFDM,0.071044921875,0.00035488300619003656,-0.0805115566106951
OFDM,Classical OFDM,0.0712890625,0.0003546909489320247,-0.08286252817042551
OFDM,Classical OFDM,0.071533203125,0.0003544992571744901,-0.08521029535147918
OFDM,Classical OFDM,0.07177734375,0.00035430854008489473,-0.087547385376024
OFDM,Classical OFDM,0.072021484375,0.00035411950217865127,-0.08986514008371008
OFDM,Classical OFDM,0.072265625,0.00035393262019551257,-0.09215767797362716
OFDM,Classical OFDM,0.072509765625,0.0003537483602810149,-0.09441923559968488
OFDM,Classical OFDM,0.07275390625,0.00035356714090671907,-0.09664462372876027
OFDM,Classical OFDM,0.072998046875,0.00035338925871069356,-0.09883014062442314
OFDM,Classical OFDM,0.0732421875,0.00035321495735992324,-0.10097272949218158
OFDM,Classical OFDM,0.073486328125,0.0003530444116589841,-0.10307017588422676
OFDM,Classical OFDM,0.07373046875,0.00035287776462980205,-0.10512065365570772
OFDM,Classical OFDM,0.073974609375,0.000352715058649244,-0.10712357399305139
OFDM,Classical OFDM,0.07421875,0.0003525563572826104,-0.10907808760031912
OFDM,Classical OFDM,0.074462890625,0.0003524015598848422,-0.11098536901689865
OFDM,Classical OFDM,0.07470703125,0.0003522506717530479,-0.11284529029671114
OFDM,Classical OFDM,0.074951171875,0.0003521035763508433,-0.11465922760429395
OFDM,Classical OFDM,0.0751953125,0.0003519601253591943,-0.11642895312224041
OFDM,Classical OFDM,0.075439453125,0.00035182026050990876,-0.11815513175058068
OFDM,Classical OFDM,0.07568359375,0.0003516838017013023,-0.11983993533627295
OFDM,Classical OFDM,0.075927734375,0.00035155061120855746,-0.12148501685307034
OFDM,Classical OFDM,0.076171875,0.00035142055660396503,-0.12309196747497941
OFDM,Classical OFDM,0.076416015625,0.0003512935107569243,-0.12466231631193628
OFDM,Classical OFDM,0.07666015625,0.0003511693942108097,-0.12619700608046902
OFDM,Classical OFDM,0.076904296875,0.00035104811161767074,-0.12769717835010683
OFDM,Classical OFDM,0.0771484375,0.0003509296100064237,-0.12916345269941254
OFDM,Classical OFDM,0.077392578125,0.0003508138999712854,-0.13059566345739887
OFDM,Classical OFDM,0.07763671875,0.0003507009974035808,-0.13199357995934743
OFDM,Classical OFDM,0.077880859375,0.000350590960571502,-0.13335644713119052
OFDM,Classical OFDM,0.078125,0.0003504839324969749,-0.13468245960137126
OFDM,Classical OFDM,0.078369140625,0.00035038008268746713,-0.13596948243515555
OFDM,Classical OFDM,0.07861328125,0.0003502796389186385,-0.137214656761508
OFDM,Classical OFDM,0.078857421875,0.0003501828501545821,-0.13841485882980367
OFDM,Classical OFDM,0.0791015625,0.0003500900607073417,-0.1395657799785769
OFDM,Classical OFDM,0.079345703125,0.0003500016254831779,-0.1406629771263812
OFDM,Classical OFDM,0.07958984375,0.00034991802122184346,-0.14170049249560288
OFDM,Classical OFDM,0.079833984375,0.00034983965580068265,-0.14267321980512687
OFDM,Classical OFDM,0.080078125,0.0003497671066045073,-0.14357394625236977
OFDM,Classical OFDM,0.080322265625,0.0003497009033441539,-0.14439604848813758
OFDM,Classical OFDM,0.08056640625,0.0003496416763755181,-0.14513165208116374
OFDM,Classical OFDM,0.080810546875,0.0003495899977863032,-0.14577360601428102
OFDM,Classical OFDM,0.0810546875,0.0003495465562005968,-0.1463133129105693
OFDM,Classical OFDM,0.081298828125,0.00034951203494537814,-0.14674224378566098
OFDM,Classical OFDM,0.08154296875,0.00034948708556497616,-0.14705226930421003
OFDM,Classical OFDM,0.081787109375,0.00034947240198058665,-0.14723474052863733
OFDM,Classical OFDM,0.08203125,0.00034946868870762237,-0.14728088616178667
OFDM,Classical OFDM,0.082275390625,0.00034947659729041227,-0.1471826051107723
OFDM,Classical OFDM,0.08251953125,0.0003494968110559354,-0.14693141596043283
OFDM,Classical OFDM,0.082763671875,0.00034952992857743717,-0.1465199079010744
OFDM,Classical OFDM,0.0830078125,0.00034957653783394615,-0.14594082177013468
OFDM,Classical OFDM,0.083251953125,0.0003496372162102742,-0.14518705272815427
OFDM,Classical OFDM,0.08349609375,0.0003497124139606324,-0.14425310018856463
OFDM,Classical OFDM,0.083740234375,0.00034980258133923177,-0.1431334903030474
OFDM,Classical OFDM,0.083984375,0.00034990810503498306,-0.14182356721584277
OFDM,Classical OFDM,0.084228515625,0.0003500292552004129,-0.14032015128629197
OFDM,Classical OFDM,0.08447265625,0.000350166259611181,-0.13862061853883334
OFDM,Classical OFDM,0.084716796875,0.00035031922950656304,-0.13672382028819532
OFDM,Classical OFDM,0.0849609375,0.0003504882284518594,-0.1346292275443848
OFDM,Classical OFDM,0.085205078125,0.00035067314520779443,-0.1323385044214963
OFDM,Classical OFDM,0.08544921875,0.0003508738208611171,-0.12985392860597383
OFDM,Classical OFDM,0.085693359375,0.0003510900117448427,-0.12717884745657015
OFDM,Classical OFDM,0.0859375,0.00035132133117006043,-0.12431839383280163
OFDM,Classical OFDM,0.086181640625,0.00035156733417966767,-0.12127843148220373
OFDM,Classical OFDM,0.08642578125,0.00035182735863511865,-0.11806751185315602
OFDM,Classical OFDM,0.086669921875,0.0003521007529920844,-0.1146940518471546
OFDM,Classical OFDM,0.0869140625,0.00035238669090166,-0.1111686160372998
OFDM,Classical OFDM,0.087158203125,0.0003526843195293984,-0.1075020781581793
OFDM,Classical OFDM,0.08740234375,0.0003529925794536266,-0.10370783201543277
OFDM,Classical OFDM,0.087646484375,0.0003533103529844795,-0.09979995357070573
OFDM,Classical OFDM,0.087890625,0.0003536365277292002,-0.0957924133810632
OFDM,Classical OFDM,0.088134765625,0.0003539697582222639,-0.09170199819083782
OFDM,Classical OFDM,0.08837890625,0.00035430875196922935,-0.08754478819985123
OFDM,Classical OFDM,0.088623046875,0.00035465205756240445,-0.08333875214337004
OFDM,Classical OFDM,0.0888671875,0.00035499817062301325,-0.07910243970984646
OFDM,Classical OFDM,0.089111328125,0.0003553455867722801,-0.07485432949531609
OFDM,Classical OFDM,0.08935546875,0.0003556927327690202,-0.07061366907985164
OFDM,Classical OFDM,0.089599609375,0.0003560380088865073,-0.06639995410184857
OFDM,Classical OFDM,0.08984375,0.0003563797518327145,-0.06223337950659266
OFDM,Classical OFDM,0.090087890625,0.0003567163883664573,-0.058132967468708725
OFDM,Classical OFDM,0.09033203125,0.00035704622341305864,-0.05411915255294838
OFDM,Classical OFDM,0.090576171875,0.00035736764665157537,-0.05021126794680411
OFDM,Classical OFDM,0.0908203125,0.0003576790901379313,-0.046428069195078435
OFDM,Classical OFDM,0.091064453125,0.0003579789753338335,-0.04278838427594651
OFDM,Classical OFDM,0.09130859375,0.0003582657554836392,-0.0393106053024536
OFDM,Classical OFDM,0.091552734375,0.00035853802685363145,-0.03601134929492793
OFDM,Classical OFDM,0.091796875,0.00035879435392744324,-0.0329075875956227
OFDM,Classical OFDM,0.092041015625,0.0003590334283193083,-0.03001472957150364
OFDM,Classical OFDM,0.09228515625,0.0003592540475856275,-0.027346891520833635
OFDM,Classical OFDM,0.092529296875,0.00035945505695677725,-0.0249176120689488
OFDM,Classical OFDM,0.0927734375,0.0003596354605763847,-0.022738517886941964
OFDM,Classical OFDM,0.093017578125,0.00035979434734181116,-0.020820230770268087
OFDM,Classical OFDM,0.09326171875,0.00035993093857812674,-0.019171801235252348
OFDM,Classical OFDM,0.093505859375,0.00036004452976991886,-0.017801420427399725
OFDM,Classical OFDM,0.09375,0.0003601346547716513,-0.01671444674145078
OFDM,Classical OFDM,0.093994140625,0.0003602008898146549,-0.015915776899810035
OFDM,Classical OFDM,0.09423828125,0.000360242980637728,-0.01540831718032499
OFDM,Classical OFDM,0.094482421875,0.00036026082129870336,-0.01519324265619699
OFDM,Classical OFDM,0.0947265625,0.0003602544541744479,-0.015269999028308456
OFDM,Classical OFDM,0.094970703125,0.00036022404347532097,-0.015636622012133023
OFDM,Classical OFDM,0.09521484375,0.00036016990173071606,-0.01628941653166727
OFDM,Classical OFDM,0.095458984375,0.0003600924686006276,-0.017223209066962286
OFDM,Classical OFDM,0.095703125,0.0003599923638467343,-0.01843070408835954
OFDM,Classical OFDM,0.095947265625,0.0003598702866873405,-0.01990369166897848
OFDM,Classical OFDM,0.09619140625,0.0003597270740655679,-0.0216323375920488
OFDM,Classical OFDM,0.096435546875,0.00035956369005513914,-0.023605302599253798
OFDM,Classical OFDM,0.0966796875,0.0003593812682372443,-0.02580922070666679
OFDM,Classical OFDM,0.096923828125,0.0003591809157075319,-0.028231057042852482
OFDM,Classical OFDM,0.09716796875,0.0003589639620402017,-0.030855089778756423
OFDM,Classical OFDM,0.097412109375,0.0003587317897805371,-0.03366494714477518
OFDM,Classical OFDM,0.09765625,0.0003584858079593633,-0.036643918996819486
OFDM,Classical OFDM,0.097900390625,0.0003582275262525646,-0.03977404981874062
OFDM,Classical OFDM,0.09814453125,0.0003579585337926506,-0.04303638493037723
OFDM,Classical OFDM,0.098388671875,0.00035768047268321476,-0.04641128234217851
OFDM,Classical OFDM,0.0986328125,0.00035739493205676665,-0.04987969208455809
OFDM,Classical OFDM,0.098876953125,0.00035710360698798326,-0.05342122142044974
OFDM,Classical OFDM,0.09912109375,0.0003568081766602166,-0.05701560860941385
OFDM,Classical OFDM,0.099365234375,0.00035651030966260165,-0.060642656089738345
OFDM,Classical OFDM,0.099609375,0.00035621169577270724,-0.06428184138779991
OFDM,Classical OFDM,0.099853515625,0.0003559139559056931,-0.06791341366768337
OFDM,Classical OFDM,0.10009765625,0.000355618679194069,-0.07151794415661303
OFDM,Classical OFDM,0.100341796875,0.0003553274547703446,-0.07507593993859572
OFDM,Classical OFDM,0.1005859375,0.000355041776419079,-0.07856901178897974
OFDM,Classical OFDM,0.100830078125,0.00035476309025085596,-0.08197929754340123
OFDM,Classical OFDM,0.10107421875,0.00035449272583987527,-0.08529031099765569
OFDM,Classical OFDM,0.101318359375,0.0003542319915719033,-0.08848578185255805
OFDM,Classical OFDM,0.1015625,0.00035398206340499715,-0.09155102540435292
OFDM,Classical OFDM,0.101806640625,0.0003537440537319137,-0.09447210713508765
OFDM,Classical OFDM,0.10205078125,0.0003535189107350502,-0.09723708619923024
OFDM,Classical OFDM,0.102294921875,0.00035330758259680427,-0.0998340077326369
OFDM,Classical OFDM,0.1025390625,0.0003531107950210219,-0.10225364355152114
OFDM,Classical OFDM,0.102783203125,0.0003529291889578154,-0.10448780916989489
OFDM,Classical OFDM,0.10302734375,0.0003527633576833217,-0.10652891358875456
OFDM,Classical OFDM,0.103271484375,0.00035261370907488485,-0.10837166036651363
OFDM,Classical OFDM,0.103515625,0.0003524805291763567,-0.11001227214806725
OFDM,Classical OFDM,0.103759765625,0.0003523640298720719,-0.11144790798600279
OFDM,Classical OFDM,0.10400390625,0.00035226425883600566,-0.11267777659619892
OFDM,Classical OFDM,0.104248046875,0.0003521812213652664,-0.11370163767598024
OFDM,Classical OFDM,0.1044921875,0.0003521147320610613,-0.11452163210778625
OFDM,Classical OFDM,0.104736328125,0.00035206455255351387,-0.11514058480195088
OFDM,Classical OFDM,0.10498046875,0.0003520303385305804,-0.11556265749594608
OFDM,Classical OFDM,0.105224609375,0.00035201164503515815,-0.11579328243311715
OFDM,Classical OFDM,0.10546875,0.00035200793176219387,-0.11583909519206141
OFDM,Classical OFDM,0.105712890625,0.0003520185895442255,-0.11570760537496137
OFDM,Classical OFDM,0.10595703125,0.00035204292446005706,-0.1154073895711652
OFDM,Classical OFDM,0.106201171875,0.0003520802108058426,-0.11494743438920613
OFDM,Classical OFDM,0.1064453125,0.0003521295957471352,-0.11433830888916156
OFDM,Classical OFDM,0.106689453125,0.00035219025293502975,-0.11359026573505232
OFDM,Classical OFDM,0.10693359375,0.00035226127126688746,-0.11271460946390674
OFDM,Classical OFDM,0.107177734375,0.0003523417290458527,-0.11172277804771459
OFDM,Classical OFDM,0.107421875,0.0003524306304155527,-0.11062712286258133
OFDM,Classical OFDM,0.107666015625,0.0003525270483820235,-0.10943914258191748
OFDM,Classical OFDM,0.10791015625,0.0003526299764946756,-0.10817130832378719
OFDM,Classical OFDM,0.108154296875,0.0003527384506797866,-0.10683555983890719
OFDM,Classical OFDM,0.1083984375,0.0003528514697838752,-0.10544428220719557
OFDM,Classical OFDM,0.108642578125,0.00035296812800141096,-0.10400867399329099
OFDM,Classical OFDM,0.10888671875,0.00035308742947602124,-0.10254102822376077
OFDM,Classical OFDM,0.109130859375,0.0003532085372645841,-0.10105166831571655
OFDM,Classical OFDM,0.109375,0.0003533305455615692,-0.09955175042181102
OFDM,Classical OFDM,0.109619140625,0.00035345263331517973,-0.09805137407407023
OFDM,Classical OFDM,0.10986328125,0.0003535740059591609,-0.09656029956216994
OFDM,Classical OFDM,0.110107421875,0.0003536939589781001,-0.0950871680958794
OFDM,Classical OFDM,0.1103515625,0.0003538118037479098,-0.09364041426236668
OFDM,Classical OFDM,0.110595703125,0.0003539268993184777,-0.09222787679866075
OFDM,Classical OFDM,0.11083984375,0.0003540386577107753,-0.09085673513781317
OFDM,Classical OFDM,0.111083984375,0.0003541466021850497,-0.08953279654300919
OFDM,Classical OFDM,0.111328125,0.0003542502665957647,-0.08826173271286818
OFDM,Classical OFDM,0.111572265625,0.00035434924836268443,-0.0870484314177243
OFDM,Classical OFDM,0.11181640625,0.0003544432349564154,-0.08589667373885225
OFDM,Classical OFDM,0.112060546875,0.00035453194033310587,-0.0848099147900041
OFDM,Classical OFDM,0.1123046875,0.000354615120825771,-0.08379109003246793
OFDM,Classical OFDM,0.112548828125,0.0003546925963327264,-0.08284235693755695
OFDM,Classical OFDM,0.11279296875,0.00035476426091180473,-0.0819649665499762
OFDM,Classical OFDM,0.113037109375,0.00035482999802662193,-0.08116030202673863
OFDM,Classical OFDM,0.11328125,0.0003548897970829613,-0.08042845262838133
OFDM,Classical OFDM,0.113525390625,0.0003549436421894977,-0.0797695760131837
OFDM,Classical OFDM,0.11376953125,0.000354991559831773,-0.07918331496856092
OFDM,Classical OFDM,0.114013671875,0.0003550336241693043,-0.07866873294787301
OFDM,Classical OFDM,0.1142578125,0.00035506987228185017,-0.07822535095213765
OFDM,Classical OFDM,0.114501953125,0.0003551004101115779,-0.07785185148934579
OFDM,Classical OFDM,0.11474609375,0.0003551253436006548,-0.07754692093258882
OFDM,Classical OFDM,0.114990234375,0.00035514478928546495,-0.07730911975748694
OFDM,Classical OFDM,0.115234375,0.0003551588637023924,-0.0771370119108588
OFDM,Classical OFDM,0.115478515625,0.00035516766219938765,-0.07702942368051856
OFDM,Classical OFDM,0.11572265625,0.00035517131190705156,-0.07698479575056427
OFDM,Classical OFDM,0.115966796875,0.0003551698763906845,-0.0770023489164844
OFDM,Classical OFDM,0.1162109375,0.00035516347748377884,-0.07708059415005666
OFDM,Classical OFDM,0.116455078125,0.0003551521575632015,-0.07721901653019798
OFDM,Classical OFDM,0.11669921875,0.0003551359431144944,-0.077417297920386
OFDM,Classical OFDM,0.116943359375,0.0003551148871087411,-0.0776747986996361
OFDM,Classical OFDM,0.1171875,0.00035508895246618306,-0.0779919829087449
OFDM,Classical OFDM,0.117431640625,0.0003550581179983869,-0.07836912279375369
OFDM,Classical OFDM,0.11767578125,0.0003550223413284855,-0.0788067523645469
OFDM,Classical OFDM,0.117919921875,0.000354981548296962,-0.07930579719427588
OFDM,Classical OFDM,0.1181640625,0.00035493559588189034,-0.07986802844864872
OFDM,Classical OFDM,0.118408203125,0.0003548844099237535,-0.08049437820003574
OFDM,Classical OFDM,0.11865234375,0.000354827767944,-0.08118759722798496
OFDM,Classical OFDM,0.118896484375,0.0003547655269207041,-0.08194946837954026
OFDM,Classical OFDM,0.119140625,0.0003546975332377232,-0.08278190865928432
OFDM,Classical OFDM,0.119384765625,0.0003546235114454222,-0.08368833195786174
OFDM,Classical OFDM,0.11962890625,0.0003545433079276585,-0.08467066628008245
OFDM,Classical OFDM,0.119873046875,0.0003544566790174473,-0.0857319486089393
OFDM,Classical OFDM,0.1201171875,0.00035436335456226205,-0.08687554766730958
OFDM,Classical OFDM,0.120361328125,0.0003542632021343935,-0.08810315187296906
OFDM,Classical OFDM,0.12060546875,0.0003541559568784234,-0.08941808026363579
OFDM,Classical OFDM,0.120849609375,0.0003540414228013422,-0.09082281627444679
OFDM,Classical OFDM,0.12109375,0.0003539194515841157,-0.09231926696919993
OFDM,Classical OFDM,0.121337890625,0.00035378987901638455,-0.09390954278915224
OFDM,Classical OFDM,0.12158203125,0.0003536525885617647,-0.09559517774437461
OFDM,Classical OFDM,0.121826171875,0.0003535074848723056,-0.09737745406023886
OFDM,Classical OFDM,0.1220703125,0.00035335454675957377,-0.09925675091015496
OFDM,Classical OFDM,0.122314453125,0.0003531937848177859,-0.10123306370584115
OFDM,Classical OFDM,0.12255859375,0.0003530252202353755,-0.1033062639129039
OFDM,Classical OFDM,0.122802734375,0.00035284901192559357,-0.10547453397311324
OFDM,Classical OFDM,0.123046875,0.0003526653293959077,-0.10773592842521185
OFDM,Classical OFDM,0.123291015625,0.000352474389827761,-0.11008791628206238
OFDM,Classical OFDM,0.12353515625,0.0003522765322360888,-0.11252646470628766
OFDM,Classical OFDM,0.123779296875,0.0003520721115271516,-0.11504734095576835
OFDM,Classical OFDM,0.1240234375,0.00035186158854937723,-0.11764499952154338
OFDM,Classical OFDM,0.124267578125,0.0003516454824193855,-0.12031316609970476
OFDM,Classical OFDM,0.12451171875,0.0003514243917104217,-0.12304457251039541
OFDM,Classical OFDM,0.124755859375,0.00035119894677838144,-0.12583154208441308
OFDM,Classical OFDM,0.125,0.0003509699368924111,-0.12866441422151903
OFDM,Classical OFDM,0.125244140625,0.0003507381619158739,-0.131533373470668
OFDM,Classical OFDM,0.12548828125,0.00035050448527743343,-0.13442779179468162
OFDM,Classical OFDM,0.125732421875,0.0003502698286739454,-0.13733629085970428
OFDM,Classical OFDM,0.1259765625,0.0003500352144473242,-0.14024621329451686
OFDM,Classical OFDM,0.126220703125,0.00034980170731635144,-0.14314434167489098
OFDM,Classical OFDM,0.12646484375,0.0003495703667027002,-0.1460174891551979
OFDM,Classical OFDM,0.126708984375,0.0003493423685644277,-0.14885098558048657
OFDM,Classical OFDM,0.126953125,0.0003491188464827241,-0.15163065058950911
OFDM,Classical OFDM,0.127197265625,0.00034890106116938053,-0.15434068684655394
OFDM,Classical OFDM,0.12744140625,0.00034869020447377913,-0.15696611828960516
OFDM,Classical OFDM,0.127685546875,0.00034848750532506074,-0.1594914751109169
OFDM,Classical OFDM,0.1279296875,0.00034829419265236625,-0.1619012579577082
OFDM,Classical OFDM,0.128173828125,0.0003481115059790531,-0.16417980955810543
OFDM,Classical OFDM,0.12841796875,0.0003479406477487204,-0.1663119138182299
OFDM,Classical OFDM,0.128662109375,0.00034778280451364205,-0.16828253725929798
OFDM,Classical OFDM,0.12890625,0.00034763911515211653,-0.1700772318451915
OFDM,Classical OFDM,0.129150390625,0.0003475106655713589,-0.17168220810520413
OFDM,Classical OFDM,0.12939453125,0.00034739849930171717,-0.17308420982993444
OFDM,Classical OFDM,0.129638671875,0.0003473036016053473,-0.17427071973342562
OFDM,Classical OFDM,0.1298828125,0.0003472268782877798,-0.1752302316498367
OFDM,Classical OFDM,0.130126953125,0.0003471690709441859,-0.17595331796455602
OFDM,Classical OFDM,0.13037109375,0.00034713099532925393,-0.17642965464605362
OFDM,Classical OFDM,0.130615234375,0.0003471131864509287,-0.17665246667070422
OFDM,Classical OFDM,0.130859375,0.00034711623758534735,-0.1766142922345397
OFDM,Classical OFDM,0.131103515625,0.0003471404877474451,-0.17631089692832838
OFDM,Classical OFDM,0.13134765625,0.0003471862335752905,-0.1757386256899621
OFDM,Classical OFDM,0.131591796875,0.0003472536498734596,-0.17489539859212475
OFDM,Classical OFDM,0.1318359375,0.0003473427048593022,-0.17378177083160345
OFDM,Classical OFDM,0.132080078125,0.00034745335615595137,-0.1723984800891022
OFDM,Classical OFDM,0.13232421875,0.00034758531242244704,-0.17074942424024186
OFDM,Classical OFDM,0.132568359375,0.0003477382505351789,-0.16883894160908383
OFDM,Classical OFDM,0.1328125,0.00034791163018909363,-0.16667412190264863
OFDM,Classical OFDM,0.133056640625,0.0003481048369196208,-0.16426301173342248
OFDM,Classical OFDM,0.13330078125,0.00034831707616050564,-0.16161592862813756
OFDM,Classical OFDM,0.133544921875,0.0003485474738888678,-0.15874419506931287
OFDM,Classical OFDM,0.1337890625,0.00034879501835700943,-0.15566085503910468
OFDM,Classical OFDM,0.134033203125,0.0003490585494981984,-0.1523807936869735
OFDM,Classical OFDM,0.13427734375,0.00034933683308618565,-0.148919801931384
OFDM,Classical OFDM,0.134521484375,0.00034962855543809644,-0.1452946320125557
OFDM,Classical OFDM,0.134765625,0.0003499322333635884,-0.14152410462701945
OFDM,Classical OFDM,0.135009765625,0.0003502463677809941,-0.1376271888119464
OFDM,Classical OFDM,0.13525390625,0.00035056935896358706,-0.1336240452498889
OFDM,Classical OFDM,0.135498046875,0.0003508995224309071,-0.12953581877613443
OFDM,Classical OFDM,0.1357421875,0.00035123517370249383,-0.1253835811214254
OFDM,Classical OFDM,0.135986328125,0.0003515745329499365,-0.12118950529673447
OFDM,Classical OFDM,0.13623046875,0.0003519158362361494,-0.1169754846937552
OFDM,Classical OFDM,0.136474609375,0.0003522572772471798,-0.11276385105515613
OFDM,Classical OFDM,0.13671875,0.00035259704437196667,-0.1085769149938968
OFDM,Classical OFDM,0.136962890625,0.0003529333471878824,-0.10443664066951103
OFDM,Classical OFDM,0.13720703125,0.00035326445354049146,-0.10036419319800023
OFDM,Classical OFDM,0.137451171875,0.00035358856771005795,-0.09638144145237186
OFDM,Classical OFDM,0.1376953125,0.00035390411645539724,-0.09250744837720773
OFDM,Classical OFDM,0.137939453125,0.00035420937291918216,-0.08876309925836126
OFDM,Classical OFDM,0.13818359375,0.00035450283801974526,-0.0851664268962113
OFDM,Classical OFDM,0.138427734375,0.00035478308153782777,-0.08173457476240446
OFDM,Classical OFDM,0.138671875,0.0003550487209281463,-0.0784840659411245
OFDM,Classical OFDM,0.138916015625,0.0003552984795875847,-0.07543009988079102
OFDM,Classical OFDM,0.13916015625,0.0003555312822031448,-0.0725853992123611
OFDM,Classical OFDM,0.139404296875,0.0003557460746502619,-0.0699624230561768
OFDM,Classical OFDM,0.1396484375,0.0003559419723118388,-0.06757156442218787
OFDM,Classical OFDM,0.139892578125,0.0003561182653753546,-0.0654210973073336
OFDM,Classical OFDM,0.14013671875,0.000356274355267564,-0.06351796192979288
OFDM,Classical OFDM,0.140380859375,0.0003564098023284726,-0.061867191073618266
OFDM,Classical OFDM,0.140625,0.0003565243046229036,-0.06047217533291085
OFDM,Classical OFDM,0.140869140625,0.0003566177403173646,-0.05933415221290855
OFDM,Classical OFDM,0.14111328125,0.000356690130600289,-0.058452661854895935
OFDM,Classical OFDM,0.141357421875,0.0003567416343849278,-0.057825613534302156
OFDM,Classical OFDM,0.1416015625,0.00035677258538910806,-0.05744883476912086
OFDM,Classical OFDM,0.141845703125,0.00035678347094679936,-0.05731632835715318
OFDM,Classical OFDM,0.14208984375,0.00035677491081968055,-0.05742052770698283
OFDM,Classical OFDM,0.142333984375,0.0003567476519000311,-0.057752357392845295
OFDM,Classical OFDM,0.142578125,0.00035670260529049,-0.05830077667732864
OFDM,Classical OFDM,0.142822265625,0.0003566408039271884,-0.059053289163638
OFDM,Classical OFDM,0.14306640625,0.00035656334431155817,-0.05999664553232725
OFDM,Classical OFDM,0.143310546875,0.0003564715083438236,-0.0611153525380051
OFDM,Classical OFDM,0.1435546875,0.0003563666414895096,-0.06239314880921463
OFDM,Classical OFDM,0.143798828125,0.00035625014748233316,-0.06381306216868537
OFDM,Classical OFDM,0.14404296875,0.0003561235465923951,-0.06535669211853576
OFDM,Classical OFDM,0.144287109375,0.00035598840146666336,-0.06700510661926266
OFDM,Classical OFDM,0.14453125,0.00035584631712897265,-0.06873883617842723
OFDM,Classical OFDM,0.144775390625,0.0003556989462771331,-0.0705378039167854
OFDM,Classical OFDM,0.14501953125,0.0003555479363118463,-0.07238196793992124
OFDM,Classical OFDM,0.145263671875,0.0003553950299817647,-0.07425008900095825
OFDM,Classical OFDM,0.1455078125,0.0003552418111222894,-0.07612283475169493
OFDM,Classical OFDM,0.145751953125,0.000355089980105206,-0.07797941430281825
OFDM,Classical OFDM,0.14599609375,0.00035494114195434916,-0.07980016797268852
OFDM,Classical OFDM,0.146240234375,0.0003547968381282532,-0.08156618185424144
OFDM,Classical OFDM,0.146484375,0.00035465863657099453,-0.08325818865685336
OFDM,Classical OFDM,0.146728515625,0.00035452794101628984,-0.08485890589132855
OFDM,Classical OFDM,0.14697265625,0.00035440612341520593,-0.0863514202202186
OFDM,Classical OFDM,0.147216796875,0.00035429442329110037,-0.08772042573754493
OFDM,Classical OFDM,0.1474609375,0.00035419398481938006,-0.08895177614022762
OFDM,Classical OFDM,0.147705078125,0.00035410591509569346,-0.09003177615777741
OFDM,Classical OFDM,0.14794921875,0.0003540311199255711,-0.09094920112417476
OFDM,Classical OFDM,0.148193359375,0.0003539703726868343,-0.09169445917558457
OFDM,Classical OFDM,0.1484375,0.00035392437259778735,-0.0922588816409679
OFDM,Classical OFDM,0.148681640625,0.000353893622883725,-0.09263622246109508
OFDM,Classical OFDM,0.14892578125,0.000353878526124883,-0.09282149222820524
OFDM,Classical OFDM,0.149169921875,0.0003538793471766797,-0.09281141594991556
OFDM,Classical OFDM,0.1494140625,0.000353896144307307,-0.09260527992988106
OFDM,Classical OFDM,0.149658203125,0.0003539289281109818,-0.09220298208549185
OFDM,Classical OFDM,0.14990234375,0.0003539774867033693,-0.09160717652942843
OFDM,Classical OFDM,0.150146484375,0.0003540414863666426,-0.09082203653357682
OFDM,Classical OFDM,0.150390625,0.00035412050333213235,-0.08985286188905879
OFDM,Classical OFDM,0.150634765625,0.00035421391783815984,-0.08870737457345972
OFDM,Classical OFDM,0.15087890625,0.00035432104655774594,-0.0873940897121031
OFDM,Classical OFDM,0.151123046875,0.00035444105784487715,-0.08592334967277132
OFDM,Classical OFDM,0.1513671875,0.00035457299822004774,-0.08430699307030011
OFDM,Classical OFDM,0.151611328125,0.0003547158400442347,-0.08255776444801259
OFDM,Classical OFDM,0.15185546875,0.0003548684815188981,-0.08068930853195255
OFDM,Classical OFDM,0.152099609375,0.0003550296672293552,-0.07871713644108122
OFDM,Classical OFDM,0.15234375,0.00035519817884068194,-0.0766562861177924
OFDM,Classical OFDM,0.152587890625,0.00035537264969891995,-0.07452358577420709
OFDM,Classical OFDM,0.15283203125,0.00035555171844721937,-0.07233577018096148
OFDM,Classical OFDM,0.153076171875,0.0003557339919460799,-0.07010993110312155
OFDM,Classical OFDM,0.1533203125,0.0003559180187878095,-0.06786383771868065
OFDM,Classical OFDM,0.153564453125,0.000356102405832908,-0.0656145124116588
OFDM,Classical OFDM,0.15380859375,0.00035628571756500825,-0.06337945899452249
OFDM,Classical OFDM,0.154052734375,0.00035646652376485153,-0.0611760808213822
OFDM,Classical OFDM,0.154296875,0.00035664351074956327,-0.05902032732789543
OFDM,Classical OFDM,0.154541015625,0.0003568152641912097,-0.05692934250814679
OFDM,Classical OFDM,0.15478515625,0.0003569805657548669,-0.054917855323217135
OFDM,Classical OFDM,0.155029296875,0.0003571381759171772,-0.05300082889888921
OFDM,Classical OFDM,0.1552734375,0.00035728695579984206,-0.05119198203376447
OFDM,Classical OFDM,0.155517578125,0.00035742586187251344,-0.04950385947231217
OFDM,Classical OFDM,0.15576171875,0.0003575538876846018,-0.04794854537118286
OFDM,Classical OFDM,0.156005859375,0.00035767024396696077,-0.046535480862511816
OFDM,Classical OFDM,0.15625,0.0003577740778851434,-0.045274879676915895
OFDM,Classical OFDM,0.156494140625,0.0003578648173514463,-0.04417355189890733
OFDM,Classical OFDM,0.15673828125,0.0003579418743868408,-0.04323851047559669
OFDM,Classical OFDM,0.156982421875,0.0003580048517081995,-0.04247446750354862
OFDM,Classical OFDM,0.1572265625,0.0003580534950543209,-0.04188441679246252
OFDM,Classical OFDM,0.157470703125,0.0003580875607582201,-0.04147124268055598
OFDM,Classical OFDM,0.15771484375,0.00035810705411700556,-0.04123483045459063
OFDM,Classical OFDM,0.157958984375,0.0003581120228046525,-0.041174573092089974
OFDM,Classical OFDM,0.158203125,0.0003581026628141705,-0.04128808632489178
OFDM,Classical OFDM,0.158447265625,0.00035807928137784466,-0.041571657528026155
OFDM,Classical OFDM,0.15869140625,0.00035804232345277784,-0.04201992281775026
OFDM,Classical OFDM,0.158935546875,0.0003579923028584814,-0.04262669984560755
OFDM,Classical OFDM,0.1591796875,0.00035792980757398397,-0.04338492079941375
OFDM,Classical OFDM,0.159423828125,0.0003578555738973483,-0.04428572925637286
OFDM,Classical OFDM,0.15966796875,0.000357770449365913,-0.04531892573748224
OFDM,Classical OFDM,0.159912109375,0.0003576752497343663,-0.04647469968247873
OFDM,Classical OFDM,0.16015625,0.0003575709549677558,-0.04774124654853884
OFDM,Classical OFDM,0.160400390625,0.00035745858740799616,-0.04910624222097272
OFDM,Classical OFDM,0.16064453125,0.0003573391746941102,-0.0505572899422107
OFDM,Classical OFDM,0.160888671875,0.00035721386100150506,-0.0520805651378803
OFDM,Classical OFDM,0.1611328125,0.00035708366867209513,-0.053663709654726825
OFDM,Classical OFDM,0.161376953125,0.00035694984782345474,-0.055291578808371586
OFDM,Classical OFDM,0.16162109375,0.0003568134684714738,-0.05695119900401598
OFDM,Classical OFDM,0.161865234375,0.00035667573835685963,-0.05862790073795515
OFDM,Classical OFDM,0.162109375,0.00035653771690128533,-0.060308798843467196
OFDM,Classical OFDM,0.162353515625,0.00035640055357726626,-0.061979890940570756
OFDM,Classical OFDM,0.16259765625,0.0003562652866180421,-0.06362850916715007
OFDM,Classical OFDM,0.162841796875,0.0003561329648510692,-0.06524183749226546
OFDM,Classical OFDM,0.1630859375,0.0003560046000240454,-0.06680749388789305
OFDM,Classical OFDM,0.163330078125,0.0003558810926453929,-0.06831443732315642
OFDM,Classical OFDM,0.16357421875,0.0003557632637669083,-0.06975258354721373
OFDM,Classical OFDM,0.163818359375,0.0003556519344403883,-0.07111183796567885
OFDM,Classical OFDM,0.1640625,0.0003555477826957037,-0.07238384432987222
OFDM,Classical OFDM,0.164306640625,0.00035545146537429185,-0.07356050046756309
OFDM,Classical OFDM,0.16455078125,0.0003553634962956642,-0.0746354492990108
OFDM,Classical OFDM,0.164794921875,0.0003552843469024653,-0.07560285235759834
OFDM,Classical OFDM,0.1650390625,0.00035521436150673884,-0.07645842805158248
OFDM,Classical OFDM,0.165283203125,0.000355153831449445,-0.07719854761764065
OFDM,Classical OFDM,0.16552734375,0.00035510289975250974,-0.077821402819124
OFDM,Classical OFDM,0.165771484375,0.0003550616776552086,-0.07832558255379404
OFDM,Classical OFDM,0.166015625,0.00035503016515754155,-0.07871104547652122
OFDM,Classical OFDM,0.166259765625,0.0003550082880999916,-0.07897866719006791
OFDM,Classical OFDM,0.16650390625,0.00035499586638087425,-0.07913062923239995
OFDM,Classical OFDM,0.166748046875,0.00035499268811585487,-0.07916951163272057
OFDM,Classical OFDM,0.1669921875,0.00035499839839867297,-0.07909965316927886
OFDM,Classical OFDM,0.167236328125,0.00035501265821439324,-0.07892520632867214
OFDM,Classical OFDM,0.16748046875,0.0003550350014174793,-0.0786518858077209
OFDM,Classical OFDM,0.167724609375,0.0003550649989421538,-0.0782849583485451
OFDM,Classical OFDM,0.16796875,0.0003551020416209545,-0.07783189786858008
OFDM,Classical OFDM,0.168212890625,0.0003551456103372616,-0.07729907940596797
OFDM,Classical OFDM,0.16845703125,0.0003551951012207215,-0.0766939157914878
OFDM,Classical OFDM,0.168701171875,0.0003552499051038721,-0.07602388436401686
OFDM,Classical OFDM,0.1689453125,0.00035530938103660114,-0.0752968494788379
OFDM,Classical OFDM,0.169189453125,0.00035537289866301316,-0.07452054323015961
OFDM,Classical OFDM,0.16943359375,0.00035543980643877913,-0.07370295295106508
OFDM,Classical OFDM,0.169677734375,0.00035550955876173746,-0.07285076711222185
OFDM,Classical OFDM,0.169921875,0.00035558149349334243,-0.07197209322086183
OFDM,Classical OFDM,0.170166015625,0.00035565510211119094,-0.07107315700571692
OFDM,Classical OFDM,0.17041015625,0.00035572978074492926,-0.07016134345866643
OFDM,Classical OFDM,0.170654296875,0.0003558051109229966,-0.06924176857454589
OFDM,Classical OFDM,0.1708984375,0.00035588058942009817,-0.0683205783665465
OFDM,Classical OFDM,0.171142578125,0.00035595585603286507,-0.06740216866929548
OFDM,Classical OFDM,0.17138671875,0.00035603055055792853,-0.06649093160403206
OFDM,Classical OFDM,0.171630859375,0.0003561043922485451,-0.06559028660105723
OFDM,Classical OFDM,0.171875,0.0003561771639232718,-0.0647028752506221
OFDM,Classical OFDM,0.172119140625,0.0003562487331543996,-0.06383030387485072
OFDM,Classical OFDM,0.17236328125,0.0003563189463257857,-0.06297443589580236
OFDM,Classical OFDM,0.172607421875,0.0003563878405171888,-0.062134809620113626
OFDM,Classical OFDM,0.1728515625,0.000356455389243067,-0.06131173835362553
OFDM,Classical OFDM,0.173095703125,0.0003565216984455877,-0.06050392218857771
OFDM,Classical OFDM,0.17333984375,0.00035658694292932695,-0.0597092236616601
OFDM,Classical OFDM,0.173583984375,0.00035665129220175236,-0.05892557150651384
OFDM,Classical OFDM,0.173828125,0.0003567149846327404,-0.05815005765650776
OFDM,Classical OFDM,0.174072265625,0.0003567783751285516,-0.0573783576194515
OFDM,Classical OFDM,0.17431640625,0.0003568417285446043,-0.056607245961244064
OFDM,Classical OFDM,0.174560546875,0.0003569054686495677,-0.05583156583124988
OFDM,Classical OFDM,0.1748046875,0.00035696996094391895,-0.05504687297092352
OFDM,Classical OFDM,0.175048828125,0.0003570356027107856,-0.05424833977555295
OFDM,Classical OFDM,0.17529296875,0.00035710286009570374,-0.05343030482169334
OFDM,Classical OFDM,0.175537109375,0.0003571720985991506,-0.05258833494131711
OFDM,Classical OFDM,0.17578125,0.00035724380025798746,-0.05171658404858023
OFDM,Classical OFDM,0.176025390625,0.000357318293492933,-0.05081107838920941
OFDM,Classical OFDM,0.17626953125,0.0003573959861813314,-0.049866882730940566
OFDM,Classical OFDM,0.176513671875,0.000357477217338118,-0.04887990369384123
OFDM,Classical OFDM,0.1767578125,0.0003575623259782282,-0.04784605281713984
OFDM,Classical OFDM,0.177001953125,0.0003576515451744302,-0.046762533429326306
OFDM,Classical OFDM,0.17724609375,0.0003577450338399748,-0.04562745358721753
OFDM,Classical OFDM,0.177490234375,0.0003578430091563051,-0.044438217966882146
OFDM,Classical OFDM,0.177734375,0.00035794548701474616,-0.04319467831849788
OFDM,Classical OFDM,0.177978515625,0.00035805247271240636,-0.04189681712068419
OFDM,Classical OFDM,0.17822265625,0.0003581638709013351,-0.04054583931719569
OFDM,Classical OFDM,0.178466796875,0.00035827949618273957,-0.039144041926766564
OFDM,Classical OFDM,0.1787109375,0.00035839912607806847,-0.03769417019121344
OFDM,Classical OFDM,0.178955078125,0.00035852241627527804,-0.036200443201982485
OFDM,Classical OFDM,0.17919921875,0.0003586488900346153,-0.034668679288064885
OFDM,Classical OFDM,0.179443359375,0.00035877801234813534,-0.03310539503787566
OFDM,Classical OFDM,0.1796875,0.0003589091846425929,-0.03151786764335876
OFDM,Classical OFDM,0.179931640625,0.0003590416653228168,-0.029915094165597365
OFDM,Classical OFDM,0.18017578125,0.0003591746333370103,-0.028307019394768297
OFDM,Classical OFDM,0.180419921875,0.0003593072464449433,-0.026703829578072356
OFDM,Classical OFDM,0.1806640625,0.0003594384981960263,-0.025117680030916672
OFDM,Classical OFDM,0.180908203125,0.00035956733446569465,-0.023561284267681726
OFDM,Classical OFDM,0.18115234375,0.00035969267464384166,-0.022047657829631123
OFDM,Classical OFDM,0.181396484375,0.0003598133374753019,-0.02059101392443513
OFDM,Classical OFDM,0.181640625,0.00035992809403093443,-0.019206123820458127
OFDM,Classical OFDM,0.181884765625,0.00036003567300473157,-0.017908254200463616
OFDM,Classical OFDM,0.18212890625,0.00036013480309068555,-0.016712658129218422
OFDM,Classical OFDM,0.182373046875,0.000360224160011705,-0.015635217022620693
OFDM,Classical OFDM,0.1826171875,0.0003603023877080483,-0.014692188425134148
OFDM,Classical OFDM,0.182861328125,0.0003603682201708161,-0.013898742013496791
OFDM,Classical OFDM,0.18310546875,0.00036042029074605003,-0.013271263545389957
OFDM,Classical OFDM,0.183349609375,0.0003604573493161758,-0.012824743036704557
OFDM,Classical OFDM,0.18359375,0.00036047814046651083,-0.0125742495600098
OFDM,Classical OFDM,0.183837890625,0.0003604814670505644,-0.012534171944481377
OFDM,Classical OFDM,0.18408203125,0.00036046621667557986,-0.01271790659966483
OFDM,Classical OFDM,0.184326171875,0.0003604313246227756,-0.013138311029945338
OFDM,Classical OFDM,0.1845703125,0.0003603758215213207,-0.013807135995595417
OFDM,Classical OFDM,0.184814453125,0.00036029883864544335,-0.014734967655834779
OFDM,Classical OFDM,0.18505859375,0.00036019963439997224,-0.015930913470393798
OFDM,Classical OFDM,0.185302734375,0.0003600775519434701,-0.017403117191657484
OFDM,Classical OFDM,0.185546875,0.0003599321198332923,-0.019157548174364797
OFDM,Classical OFDM,0.185791015625,0.00035976287722101107,-0.021200111601158703
OFDM,Classical OFDM,0.18603515625,0.00035956964400494205,-0.023533389160603907
OFDM,Classical OFDM,0.186279296875,0.00035935236191689317,-0.026158553335632575
OFDM,Classical OFDM,0.1865234375,0.00035911107333373135,-0.02907562048231585
OFDM,Classical OFDM,0.186767578125,0.00035884602721954976,-0.032282164995334615
OFDM,Classical OFDM,0.18701171875,0.00035855760496615076,-0.0357742075286683
OFDM,Classical OFDM,0.187255859375,0.0003582463150959374,-0.039546270644426104
OFDM,Classical OFDM,0.1875,0.00035791295217516456,-0.043589440761352516
OFDM,Classical OFDM,0.187744140625,0.00035755834784984567,-0.04789437135324363
OFDM,Classical OFDM,0.18798828125,0.00035718351386767846,-0.05244953605614059
OFDM,Classical OFDM,0.188232421875,0.00035678970564334566,-0.057240437211148715
OFDM,Classical OFDM,0.1884765625,0.0003563781732944216,-0.06225261606492224
OFDM,Classical OFDM,0.188720703125,0.0003559504159025736,-0.06746854309693025
OFDM,Classical OFDM,0.18896484375,0.00035550805968007,-0.0728690801013574
OFDM,Classical OFDM,0.189208984375,0.00035505277321604595,-0.07843449876549023
OFDM,Classical OFDM,0.189453125,0.0003545864316868629,-0.08414245798085992
OFDM,Classical OFDM,0.189697265625,0.00035411093675442407,-0.08997018827912012
OFDM,Classical OFDM,0.18994140625,0.0003536283436967753,-0.09589292113326757
OFDM,Classical OFDM,0.190185546875,0.0003531407183861792,-0.10188562869763781
OFDM,Classical OFDM,0.1904296875,0.00035265021144863224,-0.10792210441879838
OFDM,Classical OFDM,0.190673828125,0.0003521589999956727,-0.11397567053411946
OFDM,Classical OFDM,0.19091796875,0.00035166933000124745,-0.12001865010116636
OFDM,Classical OFDM,0.191162109375,0.0003511834103595451,-0.1260236705142257
OFDM,Classical OFDM,0.19140625,0.00035070348174740424,-0.1319628149201794
OFDM,Classical OFDM,0.191650390625,0.00035023172657347153,-0.13780873897568827
OFDM,Classical OFDM,0.19189453125,0.00034977032724639356,-0.14353395676984276
OFDM,Classical OFDM,0.192138671875,0.0003493214026095166,-0.14911163738194358
OFDM,Classical OFDM,0.1923828125,0.00034888696026691126,-0.1545162113309236
OFDM,Classical OFDM,0.192626953125,0.0003484689972284313,-0.15972213410352665
OFDM,Classical OFDM,0.19287109375,0.00034806933040224615,-0.16470601250261496
OFDM,Classical OFDM,0.193115234375,0.00034768974491387503,-0.16944477639990577
OFDM,Classical OFDM,0.193359375,0.00034733185108426105,-0.17391748141919464
OFDM,Classical OFDM,0.193603515625,0.0003469970738355546,-0.17810546546619468
OFDM,Classical OFDM,0.19384765625,0.00034668678511882235,-0.18199071332720948
OFDM,Classical OFDM,0.194091796875,0.0003464021238123629,-0.18555812985819195
OFDM,Classical OFDM,0.1943359375,0.00034614411755519924,-0.18879403505191078
OFDM,Classical OFDM,0.194580078125,0.00034591355031936944,-0.19168784250703075
OFDM,Classical OFDM,0.19482421875,0.0003457110842434191,-0.19423054841065088
OFDM,Classical OFDM,0.195068359375,0.000345537148393126,-0.1964161418925643
OFDM,Classical OFDM,0.1953125,0.0003453919917325832,-0.1982409523963229
OFDM,Classical OFDM,0.195556640625,0.00034527570431263304,-0.19970339187526595
OFDM,Classical OFDM,0.19580078125,0.0003451881325171328,-0.2008050266237171
OFDM,Classical OFDM,0.196044921875,0.0003451289955993392,-0.20154911469835135
OFDM,Classical OFDM,0.1962890625,0.00034509777973974065,-0.2019419385082967
OFDM,Classical OFDM,0.196533203125,0.00034509380161135806,-0.20199200226600003
OFDM,Classical OFDM,0.19677734375,0.0003451162083797446,-0.20171002617958841
OFDM,Classical OFDM,0.197021484375,0.000345163983000094,-0.20110887162568425
OFDM,Classical OFDM,0.197265625,0.0003452359442172408,-0.20020353086885545
OFDM,Classical OFDM,0.197509765625,0.00034533076245698516,-0.1990109150602581
OFDM,Classical OFDM,0.19775390625,0.0003454470180942852,-0.19754910827759206
OFDM,Classical OFDM,0.197998046875,0.0003455830902139809,-0.1958387523675377
OFDM,Classical OFDM,0.1982421875,0.0003457373473066958,-0.19390063505937305
OFDM,Classical OFDM,0.198486328125,0.0003459079300873935,-0.19175840509588798
OFDM,Classical OFDM,0.19873046875,0.00034609309051031334,-0.18943430008833795
OFDM,Classical OFDM,0.198974609375,0.000346290852754035,-0.1869533917903264
OFDM,Classical OFDM,0.19921875,0.0003464993151566551,-0.18433978443652563
OFDM,Classical OFDM,0.199462890625,0.0003467164436285614,-0.18161919711283397
OFDM,Classical OFDM,0.19970703125,0.0003469402888338753,-0.17881623315982004
OFDM,Classical OFDM,0.199951171875,0.000347168869654068,-0.17595583602333809
OFDM,Classical OFDM,0.2001953125,0.0003474002526445862,-0.1730622907596781
OFDM,Classical OFDM,0.200439453125,0.000347632514955093,-0.17015968678863402
OFDM,Classical OFDM,0.20068359375,0.0003478637973005522,-0.16727125594213949
OFDM,Classical OFDM,0.200927734375,0.00034809239401207003,-0.16441825182483924
OFDM,Classical OFDM,0.201171875,0.0003483165464496691,-0.16162253326178863
OFDM,Classical OFDM,0.201416015625,0.0003485347396403569,-0.15890286828612304
OFDM,Classical OFDM,0.20166015625,0.0003487454745024659,-0.15627778331486583
OFDM,Classical OFDM,0.201904296875,0.00034894743735312144,-0.15376345781295434
OFDM,Classical OFDM,0.2021484375,0.000349139446937158,-0.15137439402163902
OFDM,Classical OFDM,0.202392578125,0.0003493204703184443,-0.14912322812346399
OFDM,Classical OFDM,0.20263671875,0.0003494896334741,-0.14702060750939644
OFDM,Classical OFDM,0.202880859375,0.0003496461736205205,-0.1450757915742677
OFDM,Classical OFDM,0.203125,0.0003497896087208444,-0.14329455375293057
OFDM,Classical OFDM,0.203369140625,0.00034991947792664403,-0.14168241290262862
OFDM,Classical OFDM,0.20361328125,0.0003500356647015353,-0.1402406269196183
OFDM,Classical OFDM,0.203857421875,0.00035013806840045923,-0.1389702747317628
OFDM,Classical OFDM,0.2041015625,0.00035022688501642536,-0.1378687756851876
OFDM,Classical OFDM,0.204345703125,0.0003503023899990688,-0.13693258647469375
OFDM,Classical OFDM,0.20458984375,0.0003503650388997088,-0.13615595348747098
OFDM,Classical OFDM,0.204833984375,0.0003504154673713494,-0.13553091307021783
OFDM,Classical OFDM,0.205078125,0.00035045447527735376,-0.1350474876209323
OFDM,Classical OFDM,0.205322265625,0.00035048290485795196,-0.1346951933837205
OFDM,Classical OFDM,0.20556640625,0.00035050188439722594,-0.13446001826140352
OFDM,Classical OFDM,0.205810546875,0.0003505124892081739,-0.1343286197894156
OFDM,Classical OFDM,0.2060546875,0.00035051600648812865,-0.13428503995535596
OFDM,Classical OFDM,0.206298828125,0.0003505137499199649,-0.13431299925644422
OFDM,Classical OFDM,0.20654296875,0.00035050718150559155,-0.13439438416206959
OFDM,Classical OFDM,0.206787109375,0.0003504977049787255,-0.1345118042658419
OFDM,Classical OFDM,0.20703125,0.0003504868565007927,-0.13464622760017841
OFDM,Classical OFDM,0.207275390625,0.0003504761881245444,-0.13477842335490225
OFDM,Classical OFDM,0.20751953125,0.00035046719893164793,-0.13488981485795362
OFDM,Classical OFDM,0.207763671875,0.0003504614250835294,-0.13496136423663116
OFDM,Classical OFDM,0.2080078125,0.00035046035506763954,-0.1349746239757253
OFDM,Classical OFDM,0.208251953125,0.00035046547207432077,-0.13491121390637095
OFDM,Classical OFDM,0.20849609375,0.00035047813216331457,-0.13475433375915907
OFDM,Classical OFDM,0.208740234375,0.00035049964372038726,-0.13448778178395618
OFDM,Classical OFDM,0.208984375,0.00035053121978335466,-0.1340965490827967
OFDM,Classical OFDM,0.209228515625,0.00035057399923051535,-0.13356656079116896
OFDM,Classical OFDM,0.20947265625,0.00035062895143270017,-0.13288586091095356
OFDM,Classical OFDM,0.209716796875,0.000350696929224356,-0.13204395900159033
OFDM,Classical OFDM,0.2099609375,0.00035077869009197916,-0.13103157046441627
OFDM,Classical OFDM,0.210205078125,0.0003508747372608644,-0.12984258587220246
OFDM,Classical OFDM,0.21044921875,0.000350985510391006,-0.12847171012524164
OFDM,Classical OFDM,0.210693359375,0.00035111121077252187,-0.1269166257329291
OFDM,Classical OFDM,0.2109375,0.00035125197083312116,-0.12517589330246987
OFDM,Classical OFDM,0.211181640625,0.00035140758928268605,-0.12325222389356819
OFDM,Classical OFDM,0.21142578125,0.00035157783834555666,-0.12114867445730532
OFDM,Classical OFDM,0.211669921875,0.0003517622465790886,-0.11887132721683931
OFDM,Classical OFDM,0.2119140625,0.0003519601677360612,-0.11642843022100725
OFDM,Classical OFDM,0.212158203125,0.0003521708284386531,-0.11382980059338982
OFDM,Classical OFDM,0.21240234375,0.0003523932063449497,-0.11108831802996438
OFDM,Classical OFDM,0.212646484375,0.00035262619965641096,-0.10821782362057887
OFDM,Classical OFDM,0.212890625,0.0003528685476612459,-0.10523409041093627
OFDM,Classical OFDM,0.213134765625,0.00035311875657489543,-0.10215572471176204
OFDM,Classical OFDM,0.21337890625,0.00035337538028677566,-0.09900070158894408
OFDM,Classical OFDM,0.213623046875,0.00035363673431642646,-0.09578987632227073
OFDM,Classical OFDM,0.2138671875,0.0003539010388354368,-0.09254521564567791
OFDM,Classical OFDM,0.214111328125,0.0003541664875298542,-0.08928894687689413
OFDM,Classical OFDM,0.21435546875,0.00035443115754934184,-0.08604465908868872
OFDM,Classical OFDM,0.214599609375,0.0003546930465869375,-0.08283684391593675
OFDM,Classical OFDM,0.21484375,0.0003549502635749547,-0.07968856021227981
OFDM,Classical OFDM,0.215087890625,0.0003552006737787221,-0.07662578106222966
OFDM,Classical OFDM,0.21533203125,0.0003554423702392281,-0.07367162724269291
OFDM,Classical OFDM,0.215576171875,0.00035567333475818535,-0.07085052179049227
OFDM,Classical OFDM,0.2158203125,0.00035589160210839027,-0.06818618846445432
OFDM,Classical OFDM,0.216064453125,0.00035609529711348134,-0.06570120961968724
OFDM,Classical OFDM,0.21630859375,0.0003562826187566144,-0.06341723208426951
OFDM,Classical OFDM,0.216552734375,0.000356451824289137,-0.06135517289295053
OFDM,Classical OFDM,0.216796875,0.0003566013298756479,-0.05953400565436165
OFDM,Classical OFDM,0.217041015625,0.00035672959935472115,-0.057972129524340894
OFDM,Classical OFDM,0.21728515625,0.00035683532963769866,-0.056685124601941334
OFDM,Classical OFDM,0.217529296875,0.00035691730238965644,-0.05568757132085294
OFDM,Classical OFDM,0.2177734375,0.0003569744899715716,-0.05499177255756685
OFDM,Classical OFDM,0.218017578125,0.00035700601836056366,-0.05460821571780252
OFDM,Classical OFDM,0.21826171875,0.00035701120952676195,-0.054545066125704436
OFDM,Classical OFDM,0.218505859375,0.0003569895973246303,-0.05480798067819142
OFDM,Classical OFDM,0.21875,0.0003569408798189918,-0.05540069228194268
OFDM,Classical OFDM,0.218994140625,0.0003568649510676792,-0.056324625273531694
OFDM,Classical OFDM,0.21923828125,0.0003567619276070764,-0.05757857245781598
OFDM,Classical OFDM,0.219482421875,0.00035663214845211904,-0.059158691311539904
OFDM,Classical OFDM,0.2197265625,0.0003564760956396682,-0.061059465197587086
OFDM,Classical OFDM,0.219970703125,0.000356294478982245,-0.06327266301062677
OFDM,Classical OFDM,0.22021484375,0.0003560882572564635,-0.06578706869457285
OFDM,Classical OFDM,0.220458984375,0.0003558584686955634,-0.06859053428633766
OFDM,Classical OFDM,0.220703125,0.0003556063740113357,-0.0716682221294249
OFDM,Classical OFDM,0.220947265625,0.0003553333981259308,-0.0750032986350928
OFDM,Classical OFDM,0.22119140625,0.00035504116195450857,-0.07857652805385092
OFDM,Classical OFDM,0.221435546875,0.00035473137116596266,-0.08236761413496017
OFDM,Classical OFDM,0.2216796875,0.00035440585326267934,-0.08635473071031839
OFDM,Classical OFDM,0.221923828125,0.0003540666211458374,-0.09051372496936949
OFDM,Classical OFDM,0.22216796875,0.0003537156930137242,-0.09482030796137499
OFDM,Classical OFDM,0.222412109375,0.0003533552141952278,-0.0992485477230027
OFDM,Classical OFDM,0.22265625,0.0003529873459105614,-0.10377222191640387
OFDM,Classical OFDM,0.222900390625,0.0003526143288365636,-0.10836402711704773
OFDM,Classical OFDM,0.22314453125,0.0003522384248385066,-0.11299628674028687
OFDM,Classical OFDM,0.223388671875,0.0003518618639990122,-0.11764159971282329
OFDM,Classical OFDM,0.2236328125,0.00035148689229202757,-0.12227225149645057
OFDM,Classical OFDM,0.223876953125,0.00035111567093776573,-0.1268614576610631
OFDM,Classical OFDM,0.22412109375,0.0003507503346708981,-0.13138264939285904
OFDM,Classical OFDM,0.224365234375,0.00035039295995790395,-0.13580987220037194
OFDM,Classical OFDM,0.224609375,0.00035004551202598693,-0.1401184514115971
OFDM,Classical OFDM,0.224853515625,0.00034970980248620815,-0.1442855312124988
OFDM,Classical OFDM,0.22509765625,0.0003493876111669784,-0.1482885762598014
OFDM,Classical OFDM,0.225341796875,0.00034908049012104877,-0.15210781965470144
OFDM,Classical OFDM,0.2255859375,0.00034878988016189477,-0.15572483262204892
OFDM,Classical OFDM,0.225830078125,0.00034851706318974083,-0.15912313268921802
OFDM,Classical OFDM,0.22607421875,0.00034826312511180196,-0.16228866215541682
OFDM,Classical OFDM,0.226318359375,0.00034802900351625876,-0.16520920991662624
OFDM,Classical OFDM,0.2265625,0.000347815402918524,-0.16787548309446054
OFDM,Classical OFDM,0.226806640625,0.0003476228901091927,-0.1702799308725632
OFDM,Classical OFDM,0.22705078125,0.00034745176172633335,-0.1724184094857082
OFDM,Classical OFDM,0.227294921875,0.000347302192574522,-0.17428833934781346
OFDM,Classical OFDM,0.2275390625,0.00034717411379135,-0.17589023444203752
OFDM,Classical OFDM,0.227783203125,0.0003470672817098324,-0.17722684686994006
OFDM,Classical OFDM,0.22802734375,0.0003469812619670833,-0.17830336810587688
OFDM,Classical OFDM,0.228271484375,0.00034691542950431546,-0.17912742954751054
OFDM,Classical OFDM,0.228515625,0.0003468690480234662,-0.17970810616619562
OFDM,Classical OFDM,0.228759765625,0.00034684107929129583,-0.18005830044982327
OFDM,Classical OFDM,0.22900390625,0.00034683047448034787,-0.18019108983268414
OFDM,Classical OFDM,0.229248046875,0.00034683600466148154,-0.18012184251505986
OFDM,Classical OFDM,0.2294921875,0.0003468562713980884,-0.17986807777871164
OFDM,Classical OFDM,0.229736328125,0.00034688979679693433,-0.17944833065793572
OFDM,Classical OFDM,0.22998046875,0.00034693507647924355,-0.17888148109821075
OFDM,Classical OFDM,0.230224609375,0.0003469904312616641,-0.17818860336609005
OFDM,Classical OFDM,0.23046875,0.0003470541713666275,-0.17739090316542516
OFDM,Classical OFDM,0.230712890625,0.0003471245805310232,-0.17650991072381722
OFDM,Classical OFDM,0.23095703125,0.00034719992660041556,-0.17556734332305396
OFDM,Classical OFDM,0.231201171875,0.00034727843504350227,-0.17458543270801602
OFDM,Classical OFDM,0.2314453125,0.00034735842667693134,-0.17358520000904346
OFDM,Classical OFDM,0.231689453125,0.00034743819583180904,-0.1725879785828194
OFDM,Classical OFDM,0.23193359375,0.0003475161480785173,-0.17161369211246386
OFDM,Classical OFDM,0.232177734375,0.00034759073136430505,-0.1706817171732976
OFDM,Classical OFDM,0.232421875,0.0003476605048756969,-0.16981002505675857
OFDM,Classical OFDM,0.232666015625,0.00034772411785005946,-0.16901544999952195
OFDM,Classical OFDM,0.23291015625,0.00034778038373511894,-0.1683127668853698
OFDM,Classical OFDM,0.233154296875,0.0003478282484063106,-0.16771509280115146
OFDM,Classical OFDM,0.2333984375,0.0003478667477899118,-0.16723442038110653
OFDM,Classical OFDM,0.233642578125,0.0003478951773705101,-0.1668795055880709
OFDM,Classical OFDM,0.23388671875,0.00034791291738642645,-0.16665805398148303
OFDM,Classical OFDM,0.234130859375,0.00034791959174296715,-0.1665747397879687
OFDM,Classical OFDM,0.234375,0.0003479149620702556,-0.1666325305746047
OFDM,Classical OFDM,0.234619140625,0.00034789901247696676,-0.16683163035151463
OFDM,Classical OFDM,0.23486328125,0.0003478718965792432,-0.16717014076078485
OFDM,Classical OFDM,0.235107421875,0.00034783396398623706,-0.16764372929228857
OFDM,Classical OFDM,0.2353515625,0.0003477857338145682,-0.16824595770867212
OFDM,Classical OFDM,0.235595703125,0.0003477279264709743,-0.1689678820022606
OFDM,Classical OFDM,0.23583984375,0.0003476614106812274,-0.16979870982751627
OFDM,Classical OFDM,0.236083984375,0.0003475872617583256,-0.17072506810633004
OFDM,Classical OFDM,0.236328125,0.0003475066662545429,-0.1717321890522994
OFDM,Classical OFDM,0.236572265625,0.00034742096963540406,-0.17280330975829192
OFDM,Classical OFDM,0.23681640625,0.0003473316391999264,-0.17392013076520502
OFDM,Classical OFDM,0.237060546875,0.00034724029056616153,-0.1750624806386182
OFDM,Classical OFDM,0.2373046875,0.00034714857643191937,-0.17620970360080984
OFDM,Classical OFDM,0.237548828125,0.0003470582660313941,-0.1773396639074147
OFDM,Classical OFDM,0.23779296875,0.00034697116038143004,-0.178429805099731
OFDM,Classical OFDM,0.238037109375,0.0003468891505497137,-0.1794564214656182
OFDM,Classical OFDM,0.23828125,0.00034681407463284795,-0.18039645043945896
OFDM,Classical OFDM,0.238525390625,0.0003467478236985193,-0.1812261504375877
OFDM,Classical OFDM,0.23876953125,0.0003466921828722469,-0.18192309620482133
OFDM,Classical OFDM,0.239013671875,0.00034664904851882576,-0.18246346538661223
OFDM,Classical OFDM,0.2392578125,0.0003466200362563073,-0.18282695672939236
OFDM,Classical OFDM,0.239501953125,0.0003466068888333439,-0.1829916893166098
OFDM,Classical OFDM,0.23974609375,0.00034661106825184437,-0.18293932199479462
OFDM,Classical OFDM,0.239990234375,0.00034663402591950094,-0.18265167802967772
OFDM,Classical OFDM,0.240234375,0.00034667695898280416,-0.18211380706228616
OFDM,Classical OFDM,0.240478515625,0.0003467409851316193,-0.18131180291910076
OFDM,Classical OFDM,0.24072265625,0.0003468269889830433,-0.1802347347821244
OFDM,Classical OFDM,0.240966796875,0.00034693573861778926,-0.17887319243379624
OFDM,Classical OFDM,0.2412109375,0.00034706765780452635,-0.17722214069997358
OFDM,Classical OFDM,0.241455078125,0.0003472231014495151,-0.17527747076180356
OFDM,Classical OFDM,0.24169921875,0.00034740210663251414,-0.17303911361538984
OFDM,Classical OFDM,0.241943359375,0.00034760448795473055,-0.17050983994668972
OFDM,Classical OFDM,0.2421875,0.000347829848133037,-0.16769511883712274
OFDM,Classical OFDM,0.242431640625,0.0003480775356231045,-0.16460363519358318
OFDM,Classical OFDM,0.24267578125,0.00034834665521361923,-0.16124714182393435
OFDM,Classical OFDM,0.242919921875,0.0003486360786204993,-0.15764030941146112
OFDM,Classical OFDM,0.2431640625,0.0003489444550811116,-0.1538005748590601
OFDM,Classical OFDM,0.243408203125,0.00034927019546294633,-0.14974831784849
OFDM,Classical OFDM,0.24365234375,0.0003496115146404843,-0.14550631108211537
OFDM,Classical OFDM,0.243896484375,0.00034996638911832985,-0.14110022450081994
OFDM,Classical OFDM,0.244140625,0.00035033262589361967,-0.13655774702564713
OFDM,Classical OFDM,0.244384765625,0.0003507078730502393,-0.1319084354586374
OFDM,Classical OFDM,0.24462890625,0.0003510896144617153,-0.12718376180792826
OFDM,Classical OFDM,0.244873046875,0.000351475206870973,-0.12241663805411072
OFDM,Classical OFDM,0.2451171875,0.00035186188518744567,-0.11764133818918632
OFDM,Classical OFDM,0.245361328125,0.0003522467730812908,-0.11289335779910742
OFDM,Classical OFDM,0.24560546875,0.0003526269783313407,-0.10820823346953114
OFDM,Classical OFDM,0.245849609375,0.00035299950807136883,-0.10362258855432564
OFDM,Classical OFDM,0.24609375,0.00035336140121779885,-0.0991725062177236
OFDM,Classical OFDM,0.246337890625,0.0003537097125783794,-0.09489373676529299
OFDM,Classical OFDM,0.24658203125,0.00035404146517820914,-0.09082229644718426
OFDM,Classical OFDM,0.246826171875,0.0003543538303614207,-0.08699227428148426
OFDM,Classical OFDM,0.2470703125,0.00035464404833455564,-0.08343683144848052
OFDM,Classical OFDM,0.247314453125,0.00035490945465210604,-0.0801879008445213
OFDM,Classical OFDM,0.24755859375,0.00035514751199916485,-0.07727582474546081
OFDM,Classical OFDM,0.247802734375,0.0003553559320249181,-0.07472789424743578
OFDM,Classical OFDM,0.248046875,0.0003555325482120442,-0.07256993447753633
OFDM,Classical OFDM,0.248291015625,0.0003556754112246647,-0.07082516719645005
OFDM,Classical OFDM,0.24853515625,0.0003557828259881025,-0.06951378623407141
OFDM,Classical OFDM,0.248779296875,0.00035585335698599057,-0.06865291872848132
OFDM,Classical OFDM,0.2490234375,0.00035588582826027174,-0.06825664729808098
OFDM,Classical OFDM,0.249267578125,0.0003558793340054155,-0.06833589869159545
OFDM,Classical OFDM,0.24951171875,0.00035583327564817655,-0.06889800452338778
OFDM,Classical OFDM,0.249755859375,0.00035574740952157004,-0.06994612699005412
OFDM,Classical OFDM,0.25,0.0003556217303284876,-0.07148068275178301
OFDM,Classical OFDM,0.250244140625,0.0003554565664896479,-0.07349817493032232
OFDM,Classical OFDM,0.25048828125,0.0003552525854407051,-0.07599111725871525
OFDM,Classical OFDM,0.250732421875,0.0003550107671467067,-0.0789483402206495
OFDM,Classical OFDM,0.2509765625,0.00035473241469631073,-0.0823548383039479
OFDM,Classical OFDM,0.251220703125,0.00035441912251913516,-0.08619213020792972
OFDM,Classical OFDM,0.25146484375,0.00035407277108864983,-0.09043829105743545
OFDM,Classical OFDM,0.251708984375,0.0003536955745961516,-0.09506733025629252
OFDM,Classical OFDM,0.251953125,0.000353289975008597,-0.10005044998657134
OFDM,Classical OFDM,0.252197265625,0.0003528586314743855,-0.10535613602183512
OFDM,Classical OFDM,0.25244140625,0.00035240451567131024,-0.11094894249342599
OFDM,Classical OFDM,0.252685546875,0.0003519307740817404,-0.11679114271305745
OFDM,Classical OFDM,0.2529296875,0.0003514407226955129,-0.12284275692544004
OFDM,Classical OFDM,0.253173828125,0.00035093784700993225,-0.1290615164966279
OFDM,Classical OFDM,0.25341796875,0.00035042576495001215,-0.13540328982591449
OFDM,Classical OFDM,0.253662109375,0.0003499082374626922,-0.14182192356679255
OFDM,Classical OFDM,0.25390625,0.000349389025494912,-0.1482709959691927
OFDM,Classical OFDM,0.254150390625,0.0003488719270733697,-0.15470334855324924
OFDM,Classical OFDM,0.25439453125,0.00034836086205825576,-0.16107002433693185
OFDM,Classical OFDM,0.254638671875,0.00034785959669361824,-0.1673236992099047
OFDM,Classical OFDM,0.2548828125,0.00034737191311483013,-0.173416585361741
OFDM,Classical OFDM,0.255126953125,0.0003469014716237721,-0.1793021681706261
OFDM,Classical OFDM,0.25537109375,0.00034645186895702434,-0.1849345051958382
OFDM,Classical OFDM,0.255615234375,0.0003460264634812907,-0.19027044901586435
OFDM,Classical OFDM,0.255859375,0.00034562850762110764,-0.19526802903512708
OFDM,Classical OFDM,0.256103515625,0.00034526101543113524,-0.1998881554077006
OFDM,Classical OFDM,0.25634765625,0.0003449267731903737,-0.2040945344402662
OFDM,Classical OFDM,0.256591796875,0.00034462829702529675,-0.20785425038369995
OFDM,Classical OFDM,0.2568359375,0.0003443678488011765,-0.21113761365444292
OFDM,Classical OFDM,0.257080078125,0.0003441473513683497,-0.21391927545655515
OFDM,Classical OFDM,0.25732421875,0.0003439684415333013,-0.2161776033912459
OFDM,Classical OFDM,0.257568359375,0.0003438324011962557,-0.21789558815646182
OFDM,Classical OFDM,0.2578125,0.0003437401626482854,-0.21906080895638985
OFDM,Classical OFDM,0.258056640625,0.0003436923032742021,-0.2196655247106102
OFDM,Classical OFDM,0.25830078125,0.00034368904555255727,-0.21970668993967435
OFDM,Classical OFDM,0.258544921875,0.0003437302623527501,-0.21918589488195497
OFDM,Classical OFDM,0.2587890625,0.0003438154133697272,-0.21811016658355986
OFDM,Classical OFDM,0.259033203125,0.0003439436404719335,-0.21649075282948957
OFDM,Classical OFDM,0.25927734375,0.0003441137041360114,-0.2143439052458085
OFDM,Classical OFDM,0.259521484375,0.00034432404171499297,-0.21169011546506175
OFDM,Classical OFDM,0.259765625,0.0003445727091701081,-0.20855481520019373
OFDM,Classical OFDM,0.260009765625,0.0003448575240927101,-0.20496653170699405
OFDM,Classical OFDM,0.26025390625,0.00034517591208813335,-0.20095877926836836
OFDM,Classical OFDM,0.260498046875,0.0003455250921744859,-0.1965676752544289
OFDM,Classical OFDM,0.2607421875,0.0003459020291086742,-0.19183249372273115
OFDM,Classical OFDM,0.260986328125,0.0003463034016037531,-0.18679601548657832
OFDM,Classical OFDM,0.26123046875,0.0003467257347566347,-0.18150281868132512
OFDM,Classical OFDM,0.261474609375,0.00034716536826543835,-0.1759996372267884
OFDM,Classical OFDM,0.26171875,0.0003476185305890078,-0.17033439585418525
OFDM,Classical OFDM,0.261962890625,0.00034808129657004405,-0.1645567103130225
OFDM,Classical OFDM,0.26220703125,0.0003485497092685981,-0.15871634204952495
OFDM,Classical OFDM,0.262451171875,0.0003490197958533956,-0.1528629886790073
OFDM,Classical OFDM,0.2626953125,0.00034948749873942866,-0.14704713494342472
OFDM,Classical OFDM,0.262939453125,0.00034994892455204846,-0.14131695828613008
OFDM,Classical OFDM,0.26318359375,0.0003504001269455226,-0.13572104189559522
OFDM,Classical OFDM,0.263427734375,0.000350837307893153,-0.13030589181046792
OFDM,Classical OFDM,0.263671875,0.0003512568229843841,-0.1251159008144777
OFDM,Classical OFDM,0.263916015625,0.00035165519731612804,-0.12019318538109103
OFDM,Classical OFDM,0.26416015625,0.0003520291572754149,-0.11557723048596093
OFDM,Classical OFDM,0.264404296875,0.0003523756252422842,-0.11130499548596898
OFDM,Classical OFDM,0.2646484375,0.0003526918202348441,-0.1074097156638466
OFDM,Classical OFDM,0.264892578125,0.000352975242017946,-0.10392114351261353
OFDM,Classical OFDM,0.26513671875,0.0003532236658060763,-0.10086565635131987
OFDM,Classical OFDM,0.265380859375,0.000353435221719982,-0.09826531917620168
OFDM,Classical OFDM,0.265625,0.00035360834711269513,-0.09613850811250932
OFDM,Classical OFDM,0.265869140625,0.00035374188721459213,-0.09449870572774478
OFDM,Classical OFDM,0.26611328125,0.0003538349838941177,-0.09335589351650325
OFDM,Classical OFDM,0.266357421875,0.00035388723986814444,-0.09271455485436808
OFDM,Classical OFDM,0.2666015625,0.0003538985333031799,-0.0925759627350024
OFDM,Classical OFDM,0.266845703125,0.0003538691767286177,-0.09293623343304455
OFDM,Classical OFDM,0.26708984375,0.00035379986406565374,-0.09378697312666595
OFDM,Classical OFDM,0.267333984375,0.00035369162825041924,-0.09511578677821882
OFDM,Classical OFDM,0.267578125,0.0003535458518281977,-0.09690613014780294
OFDM,Classical OFDM,0.267822265625,0.000353364272250533,-0.0991372202865453
OFDM,Classical OFDM,0.26806640625,0.0003531489818752296,-0.10178400502410338
OFDM,Classical OFDM,0.268310546875,0.0003529023114299683,-0.10481856125535582
OFDM,Classical OFDM,0.2685546875,0.0003526269200631487,-0.10820895109914894
OFDM,Classical OFDM,0.268798828125,0.0003523257264814802,-0.11192002925748644
OFDM,Classical OFDM,0.26904296875,0.000352001935435524,-0.11591307630243525
OFDM,Classical OFDM,0.269287109375,0.00035165875167584134,-0.12014928922881318
OFDM,Classical OFDM,0.26953125,0.00035129978783033755,-0.12458471527727108
OFDM,Classical OFDM,0.269775390625,0.00035092866182402627,-0.1291751869882164
OFDM,Classical OFDM,0.27001953125,0.00035054909222698025,-0.13387512213602812
OFDM,Classical OFDM,0.270263671875,0.0003501649300369812,-0.13863710864370876
OFDM,Classical OFDM,0.2705078125,0.00034977998387494407,-0.1434140563015884
OFDM,Classical OFDM,0.270751953125,0.000349398110035759,-0.1481580755744088
OFDM,Classical OFDM,0.27099609375,0.0003490230641692572,-0.15282232035833215
OFDM,Classical OFDM,0.271240234375,0.00034865858073683645,-0.15736001054989357
OFDM,Classical OFDM,0.271484375,0.0003483081823155598,-0.16172682175858555
OFDM,Classical OFDM,0.271728515625,0.0003479753861853821,-0.16587833532229068
OFDM,Classical OFDM,0.27197265625,0.00034766338650264777,-0.16977402817245216
OFDM,Classical OFDM,0.272216796875,0.000347375229104667,-0.17337512808899505
OFDM,Classical OFDM,0.2724609375,0.0003471136843791151,-0.17664623679189043
OFDM,Classical OFDM,0.272705078125,0.00034688125785824897,-0.17955523664450446
OFDM,Classical OFDM,0.27294921875,0.00034668022200155736,-0.18207293026522603
OFDM,Classical OFDM,0.273193359375,0.00034651240431142656,-0.18417573100045811
OFDM,Classical OFDM,0.2734375,0.0003463793515434992,-0.18584364184323487
OFDM,Classical OFDM,0.273681640625,0.00034628231381534963,-0.18706048268357908
OFDM,Classical OFDM,0.27392578125,0.0003462220750990159,-0.18781604012366074
OFDM,Classical OFDM,0.274169921875,0.00034619913861979283,-0.18810376055068223
OFDM,Classical OFDM,0.2744140625,0.00034621350437768036,-0.18792355097643815
OFDM,Classical OFDM,0.274658203125,0.00034626493400280206,-0.1872784593403716
OFDM,Classical OFDM,0.27490234375,0.00034635268060287833,-0.18617805809099036
OFDM,Classical OFDM,0.275146484375,0.0003464756794591278,-0.18463603908051088
OFDM,Classical OFDM,0.275390625,0.0003466325056494,-0.18267072539128504
OFDM,Classical OFDM,0.275634765625,0.00034682137404817577,-0.1803050451975804
OFDM,Classical OFDM,0.27587890625,0.0003470401552178921,-0.1775663011141188
OFDM,Classical OFDM,0.276123046875,0.00034728638600315905,-0.1744860018759241
OFDM,Classical OFDM,0.2763671875,0.0003475573436902766,-0.17109889685416338
OFDM,Classical OFDM,0.276611328125,0.00034785001952169326,-0.1674432695830193
OFDM,Classical OFDM,0.27685546875,0.00034816116107287237,-0.163560370240691
OFDM,Classical OFDM,0.277099609375,0.0003484873623031349,-0.15949325748890716
OFDM,Classical OFDM,0.27734375,0.00034882489404819146,-0.15528888034054403
OFDM,Classical OFDM,0.277587890625,0.00034917007481772796,-0.15099343059158257
OFDM,Classical OFDM,0.27783203125,0.00034951896356312035,-0.14665615145329852
OFDM,Classical OFDM,0.278076171875,0.00034986765631550326,-0.14232563249617758
OFDM,Classical OFDM,0.2783203125,0.00035021218024360246,-0.13805112421519675
OFDM,Classical OFDM,0.278564453125,0.00035054856781325204,-0.13388161909077145
OFDM,Classical OFDM,0.27880859375,0.00035087290975847825,-0.12986520580417774
OFDM,Classical OFDM,0.279052734375,0.0003511813762699327,-0.12604882536000364
OFDM,Classical OFDM,0.279296875,0.000351470338828385,-0.12247678962763174
OFDM,Classical OFDM,0.279541015625,0.00035173619540014654,-0.11919297350890368
OFDM,Classical OFDM,0.27978515625,0.00035197566177803057,-0.11623724867721752
OFDM,Classical OFDM,0.280029296875,0.00035218566563918513,-0.1136468331792158
OFDM,Classical OFDM,0.2802734375,0.0003523633677335262,-0.11145606896051992
OFDM,Classical OFDM,0.280517578125,0.0003525062148548216,-0.10969580808627882
OFDM,Classical OFDM,0.28076171875,0.00035261209345683334,-0.10839155907135696
OFDM,Classical OFDM,0.281005859375,0.00035267904890657465,-0.10756698094477214
OFDM,Classical OFDM,0.28125,0.00035270570925297875,-0.10723869368875988
OFDM,Classical OFDM,0.281494140625,0.0003526908985379885,-0.10742106518653063
OFDM,Classical OFDM,0.28173828125,0.00035263392813751637,-0.10812264067841533
OFDM,Classical OFDM,0.281982421875,0.00035253454908746923,-0.10934673888280017
OFDM,Classical OFDM,0.2822265625,0.00035239284614158083,-0.11109275723062405
OFDM,Classical OFDM,0.282470703125,0.00035220942846731325,-0.11335381395688665
OFDM,Classical OFDM,0.28271484375,0.00035198520187019707,-0.1161195373214037
OFDM,Classical OFDM,0.282958984375,0.00035172157538105746,-0.11937349304768334
OFDM,Classical OFDM,0.283203125,0.00035142028115433004,-0.1230953715531172
OFDM,Classical OFDM,0.283447265625,0.0003510834804102279,-0.12725964009868596
OFDM,Classical OFDM,0.28369140625,0.0003507137263549833,-0.1318359524340647
OFDM,Classical OFDM,0.283935546875,0.000350313868832897,-0.13679027763935406
OFDM,Classical OFDM,0.2841796875,0.00034988707021766323,-0.14208465232804865
OFDM,Classical OFDM,0.284423828125,0.00034943684249212837,-0.14767666599327206
OFDM,Classical OFDM,0.28466796875,0.0003489668777408232,-0.1535215125504908
OFDM,Classical OFDM,0.284912109375,0.00034848116998345547,-0.1595704285559625
OFDM,Classical OFDM,0.28515625,0.00034798386155876704,-0.16577255878709085
OFDM,Classical OFDM,0.285400390625,0.00034747923253031736,-0.17207505399606915
OFDM,Classical OFDM,0.28564453125,0.0003469717112807001,-0.17842290964701185
OFDM,Classical OFDM,0.285888671875,0.000346465757975159,-0.1847604030024087
OFDM,Classical OFDM,0.2861328125,0.0003459658751558049,-0.19103095383721297
OFDM,Classical OFDM,0.286376953125,0.00034547652828498997,-0.19717812329501466
OFDM,Classical OFDM,0.28662109375,0.00034500209807133265,-0.20314622855996206
OFDM,Classical OFDM,0.286865234375,0.00034454692814369264,-0.20887976770216835
OFDM,Classical OFDM,0.287109375,0.0003441151449494868,-0.2143257212553334
OFDM,Classical OFDM,0.287353515625,0.0003437107266170977,-0.2194327309691875
OFDM,Classical OFDM,0.28759765625,0.0003433373440426227,-0.22415315781041137
OFDM,Classical OFDM,0.287841796875,0.0003429984933175831,-0.2284414669447981
OFDM,Classical OFDM,0.2880859375,0.00034269728384458953,-0.23225696719400574
OFDM,Classical OFDM,0.288330078125,0.00034243652838818406,-0.2355627348933638
OFDM,Classical OFDM,0.28857421875,0.0003422186954008652,-0.2383262767250537
OFDM,Classical OFDM,0.288818359375,0.0003420457130300779,-0.24052207384015156
OFDM,Classical OFDM,0.2890625,0.00034191927635049917,-0.24212773359552628
OFDM,Classical OFDM,0.289306640625,0.0003418405030519942,-0.24312840108267422
OFDM,Classical OFDM,0.28955078125,0.00034181011354130066,-0.24351450464172286
OFDM,Classical OFDM,0.289794921875,0.00034182833029697,-0.2432830537472169
OFDM,Classical OFDM,0.2900390625,0.00034189494143466756,-0.2424368385948911
OFDM,Classical OFDM,0.290283203125,0.0003420092212505472,-0.2409854336583715
OFDM,Classical OFDM,0.29052734375,0.0003421699567067932,-0.23894484180094222
OFDM,Classical OFDM,0.290771484375,0.00034237551099692063,-0.23633665576133694
OFDM,Classical OFDM,0.291015625,0.0003426237440891498,-0.23318902410773776
OFDM,Classical OFDM,0.291259765625,0.00034291212396568186,-0.22953518767718953
OFDM,Classical OFDM,0.29150390625,0.00034323769484004887,-0.225413824064116
OFDM,Classical OFDM,0.291748046875,0.0003435970718600052,-0.22086904914880362
OFDM,Classical OFDM,0.2919921875,0.00034398650996993635,-0.21594947733991385
OFDM,Classical OFDM,0.292236328125,0.00034440197807037614,-0.21070721868884892
OFDM,Classical OFDM,0.29248046875,0.00034483912193824796,-0.2051982844401971
OFDM,Classical OFDM,0.292724609375,0.0003452933489805989,-0.19948145948783214
OFDM,Classical OFDM,0.29296875,0.0003457598017490576,-0.1936185850052637
OFDM,Classical OFDM,0.293212890625,0.0003462335380415191,-0.18767225350163047
OFDM,Classical OFDM,0.29345703125,0.0003467094620397355,-0.18170664886441473
OFDM,Classical OFDM,0.293701171875,0.00034718238787461705,-0.1757867317399751
OFDM,Classical OFDM,0.2939453125,0.00034764712437996534,-0.16997717626343442
OFDM,Classical OFDM,0.294189453125,0.0003480985916288578,-0.16434092848031273
OFDM,Classical OFDM,0.29443359375,0.00034853167261461316,-0.15894108537227003
OFDM,Classical OFDM,0.294677734375,0.00034894146221488504,-0.1538378240785976
OFDM,Classical OFDM,0.294921875,0.0003493232142205777,-0.14908911455221763
OFDM,Classical OFDM,0.295166015625,0.00034967247906066406,-0.1447490647678262
OFDM,Classical OFDM,0.29541015625,0.0003499849978600182,-0.14086930349737087
OFDM,Classical OFDM,0.295654296875,0.0003502569302150751,-0.13749621992570935
OFDM,Classical OFDM,0.2958984375,0.0003504847482516632,-0.13467235136773834
OFDM,Classical OFDM,0.296142578125,0.00035066542202379737,-0.1324341539793418
OFDM,Classical OFDM,0.29638671875,0.00035079626589753626,-0.13081397217916127
OFDM,Classical OFDM,0.296630859375,0.0003508751769208587,-0.1298371439931059
OFDM,Classical OFDM,0.296875,0.00035090049180173797,-0.12952382127273615
OFDM,Classical OFDM,0.297119140625,0.00035087112463295906,-0.1298873013297395
OFDM,Classical OFDM,0.29736328125,0.00035078655629790207,-0.13093418109561378
OFDM,Classical OFDM,0.297607421875,0.00035064676560813367,-0.13266521736365566
OFDM,Classical OFDM,0.2978515625,0.00035045242529641626,-0.135072891719777
OFDM,Classical OFDM,0.298095703125,0.00035020471132080695,-0.13814374653756065
OFDM,Classical OFDM,0.29833984375,0.0003499053558357413,-0.14185768951062885
OFDM,Classical OFDM,0.298583984375,0.0003495567372428755,-0.14618682028713414
OFDM,Classical OFDM,0.298828125,0.0003491617212778354,-0.15109733238440276
OFDM,Classical OFDM,0.299072265625,0.00034872375635816685,-0.15654824887268382
OFDM,Classical OFDM,0.29931640625,0.00034824679942381916,-0.16249225311530846
OFDM,Classical OFDM,0.299560546875,0.00034773526826316906,-0.16887618772248453
OFDM,Classical OFDM,0.2998046875,0.00034719402032458793,-0.17564122250970182
OFDM,Classical OFDM,0.300048828125,0.0003466283368251162,-0.1827229567383208
OFDM,Classical OFDM,0.30029296875,0.00034604389096781356,-0.19005172381883034
OFDM,Classical OFDM,0.300537109375,0.0003454465837313992,-0.19755456907225075
OFDM,Classical OFDM,0.30078125,0.0003448426762979613,-0.2051535206429164
OFDM,Classical OFDM,0.301025390625,0.00034423855168308037,-0.2127685315644588
OFDM,Classical OFDM,0.30126953125,0.0003436407835982382,-0.22031658346072164
OFDM,Classical OFDM,0.301513671875,0.00034305599872600016,-0.22771341161090672
OFDM,Classical OFDM,0.3017578125,0.0003424908608286901,-0.23487371940001142
OFDM,Classical OFDM,0.302001953125,0.0003419519859946568,-0.24171228645640225
OFDM,Classical OFDM,0.30224609375,0.00034144590026140655,-0.24814456510164784
OFDM,Classical OFDM,0.302490234375,0.0003409788754052443,-0.254088849566096
OFDM,Classical OFDM,0.302734375,0.00034055706666609095,-0.25946462565990663
OFDM,Classical OFDM,0.302978515625,0.00034018620551519793,-0.26419659948619933
OFDM,Classical OFDM,0.30322265625,0.0003398717267857485,-0.26821320984022995
OFDM,Classical OFDM,0.303466796875,0.00033961863094803977,-0.27144852082122906
OFDM,Classical OFDM,0.3037109375,0.0003394314046528573,-0.2738433767129139
OFDM,Classical OFDM,0.303955078125,0.00033931403662280056,-0.27534533268090466
OFDM,Classical OFDM,0.30419921875,0.00033926990641300667,-0.27591020035342867
OFDM,Classical OFDM,0.304443359375,0.00033930178441115086,-0.27550215389686306
OFDM,Classical OFDM,0.3046875,0.00033941174708371257,-0.2740948979601338
OFDM,Classical OFDM,0.304931640625,0.00033960118227308343,-0.27167165516166575
OFDM,Classical OFDM,0.30517578125,0.00033987075211780926,-0.2682256643482485
OFDM,Classical OFDM,0.305419921875,0.00034022034008150594,-0.26376084665877253
OFDM,Classical OFDM,0.3056640625,0.00034064912511237684,-0.2582908114473976
OFDM,Classical OFDM,0.305908203125,0.00034115541213574496,-0.25184093647854944
OFDM,Classical OFDM,0.30615234375,0.0003417368174528458,-0.2444458843448477
OFDM,Classical OFDM,0.306396484375,0.0003423901310160097,-0.23615120855934224
OFDM,Classical OFDM,0.306640625,0.00034311141177661276,-0.22701196232053106
OFDM,Classical OFDM,0.306884765625,0.000343895966496643,-0.21709276946890468
OFDM,Classical OFDM,0.30712890625,0.0003447383868284592,-0.20646713970505673
OFDM,Classical OFDM,0.307373046875,0.00034563259169165754,-0.19521671154292886
OFDM,Classical OFDM,0.3076171875,0.0003465718802441556,-0.18343036510400754
OFDM,Classical OFDM,0.307861328125,0.0003475489212879753,-0.1712041412758664
OFDM,Classical OFDM,0.30810546875,0.0003485558751027357,-0.15863951616253189
OFDM,Classical OFDM,0.308349609375,0.0003495844199311942,-0.14584290007405656
OFDM,Classical OFDM,0.30859375,0.00035062585262430625,-0.1329242434041126
OFDM,Classical OFDM,0.308837890625,0.00035167103567014117,-0.11999758597276805
OFDM,Classical OFDM,0.30908203125,0.00035271069383195077,-0.10717731787916071
OFDM,Classical OFDM,0.309326171875,0.00035373526053202677,-0.09458006331450837
OFDM,Classical OFDM,0.3095703125,0.0003547351480042274,-0.08232137488411166
OFDM,Classical OFDM,0.309814453125,0.00035570062546048497,-0.07051730179413043
OFDM,Classical OFDM,0.31005859375,0.0003566221210259829,-0.059280803607960765
OFDM,Classical OFDM,0.310302734375,0.00035749020584783045,-0.04872211082345458
OFDM,Classical OFDM,0.310546875,0.0003582956735516882,-0.03894794967115854
OFDM,Classical OFDM,0.310791015625,0.0003590296038070683,-0.030060991932536522
OFDM,Classical OFDM,0.31103515625,0.0003596835106463692,-0.022158305738640863
OFDM,Classical OFDM,0.311279296875,0.0003602494325157173,-0.015330536624760763
OFDM,Classical OFDM,0.3115234375,0.0003607199110865339,-0.00966243775270879
OFDM,Classical OFDM,0.311767578125,0.00036108822962541143,-0.005230270425179951
OFDM,Classical OFDM,0.31201171875,0.00036134824348664566,-0.0021041107078605156
OFDM,Classical OFDM,0.312255859375,0.0003614947615040384,-0.0003435080075449911
OFDM,Classical OFDM,0.3125,0.00036152335529499594,0.0
OFDM,Classical OFDM,0.312744140625,0.00036143052876799704,-0.00111525920422044
OFDM,Classical OFDM,0.31298828125,0.0003612136969341592,-0.003721489723015968
OFDM,Classical OFDM,0.313232421875,0.0003608713342262732,-0.007839737285825876
OFDM,Classical OFDM,0.3134765625,0.00036040294271615265,-0.01348030657585912
OFDM,Classical OFDM,0.313720703125,0.00035980899914355043,-0.020643377878261093
OFDM,Classical OFDM,0.31396484375,0.0003590911350178432,-0.029316753145797427
OFDM,Classical OFDM,0.314208984375,0.00035825202008164716,-0.039477110851820985
OFDM,Classical OFDM,0.314453125,0.0003572954258761187,-0.05108902658782153
OFDM,Classical OFDM,0.314697265625,0.000356226209849629,-0.06410488888518405
OFDM,Classical OFDM,0.31494140625,0.0003550501935242719,-0.07846605322885587
OFDM,Classical OFDM,0.315185546875,0.00035377427373513943,-0.09410110951870075
OFDM,Classical OFDM,0.3154296875,0.0003524063113910462,-0.11092681255039967
OFDM,Classical OFDM,0.315673828125,0.0003509550890976623,-0.12884814653166693
OFDM,Classical OFDM,0.31591796875,0.00034943028996908007,-0.14775810420864424
OFDM,Classical OFDM,0.316162109375,0.00034784233341745473,-0.1675392324793816
OFDM,Classical OFDM,0.31640625,0.00034620240163854603,-0.18806282733616814
OFDM,Classical OFDM,0.316650390625,0.00034452230188690094,-0.20919018781593965
OFDM,Classical OFDM,0.31689453125,0.0003428144823671786,-0.23077198401348933
OFDM,Classical OFDM,0.317138671875,0.00034109170911054016,-0.25265195851281924
OFDM,Classical OFDM,0.3173828125,0.00033936717721392434,-0.27466522941395777
OFDM,Classical OFDM,0.317626953125,0.0003376543466296881,-0.2966401425316688
OFDM,Classical OFDM,0.31787109375,0.00033596678325235587,-0.31840017835530304
OFDM,Classical OFDM,0.318115234375,0.0003343180529764519,-0.33976530154955326
OFDM,Classical OFDM,0.318359375,0.0003327216634283085,-0.360552804252619
OFDM,Classical OFDM,0.318603515625,0.00033119089445859826,-0.3805797095065653
OFDM,Classical OFDM,0.31884765625,0.0003297386763088416,-0.39966468835501207
OFDM,Classical OFDM,0.319091796875,0.0003283775154518898,-0.4176294641645018
OFDM,Classical OFDM,0.3193359375,0.00032711926151915665,-0.43430241909516687
OFDM,Classical OFDM,0.319580078125,0.0003259751390832689,-0.4495187972598048
OFDM,Classical OFDM,0.31982421875,0.0003249555675563817,-0.463123767670074
OFDM,Classical OFDM,0.320068359375,0.000324070007574036,-0.47497519747906497
OFDM,Classical OFDM,0.3203125,0.0003233269186182917,-0.4849449567321848
OFDM,Classical OFDM,0.320556640625,0.0003227336424813436,-0.4929211942696604
OFDM,Classical OFDM,0.32080078125,0.0003222962973233539,-0.4988104284334304
OFDM,Classical OFDM,0.321044921875,0.0003220197299984771,-0.5025387749389427
OFDM,Classical OFDM,0.3212890625,0.00032190736243871746,-0.5040544934796606
OFDM,Classical OFDM,0.321533203125,0.0003219612552192291,-0.5033274713324895
OFDM,Classical OFDM,0.32177734375,0.00032218193805084875,-0.5003516938726236
OFDM,Classical OFDM,0.322021484375,0.00032256838329455334,-0.4951456148234178
OFDM,Classical OFDM,0.322265625,0.0003231180377441107,-0.4877515627176211
OFDM,Classical OFDM,0.322509765625,0.0003238266849012618,-0.47823725145474627
OFDM,Classical OFDM,0.32275390625,0.00032468859859186337,-0.4666932033919053
OFDM,Classical OFDM,0.322998046875,0.00032569636286420363,-0.45323450312232777
OFDM,Classical OFDM,0.3232421875,0.0003268410097138196,-0.43799815525057995
OFDM,Classical OFDM,0.323486328125,0.0003281120137863888,-0.4211422670170778
OFDM,Classical OFDM,0.32373046875,0.00032949731356616267,-0.4028448093913679
OFDM,Classical OFDM,0.323974609375,0.0003309833378615086,-0.38330227656976557
OFDM,Classical OFDM,0.32421875,0.0003325551806094858,-0.3627264127797649
OFDM,Classical OFDM,0.324462890625,0.0003341965479047616,-0.34134399504913804
OFDM,Classical OFDM,0.32470703125,0.0003358899010215374,-0.31939412630664876
OFDM,Classical OFDM,0.324951171875,0.0003376165517614995,-0.297126291209328
OFDM,Classical OFDM,0.3251953125,0.0003393567789902026,-0.2747982994534935
OFDM,Classical OFDM,0.325439453125,0.0003410899080936958,-0.2526748899919911
OFDM,Classical OFDM,0.32568359375,0.0003427944857830984,-0.23102531810125082
OFDM,Classical OFDM,0.325927734375,0.00034444836484833375,-0.21012231597557343
OFDM,Classical OFDM,0.326171875,0.00034602894252800585,-0.19023933485074357
OFDM,Classical OFDM,0.326416015625,0.0003475131128354238,-0.17165162402125875
OFDM,Classical OFDM,0.32666015625,0.0003488776426532962,-0.15463219853236215
OFDM,Classical OFDM,0.326904296875,0.0003500992141105975,-0.13945223146625807
OFDM,Classical OFDM,0.3271484375,0.00035115455701027764,-0.1263805030068577
OFDM,Classical OFDM,0.327392578125,0.0003520207030904634,-0.11568153008405152
OFDM,Classical OFDM,0.32763671875,0.0003526750442926502,-0.10761629466525158
OFDM,Classical OFDM,0.327880859375,0.000353095597617121,-0.102440561957337
OFDM,Classical OFDM,0.328125,0.0003532611110651128,-0.10040528494854957
OFDM,Classical OFDM,0.328369140625,0.0003531511960665264,-0.1017567754950128
OFDM,Classical OFDM,0.32861328125,0.0003527464969873939,-0.10673649416769009
OFDM,Classical OFDM,0.328857421875,0.00035202891360843006,-0.11558023657967091
OFDM,Classical OFDM,0.3291015625,0.00035098163290768236,-0.12851968871304914
OFDM,Classical OFDM,0.329345703125,0.0003495893303506491,-0.14578189755294474
OFDM,Classical OFDM,0.32958984375,0.00034783827583244667,-0.16758989327847376
OFDM,Classical OFDM,0.329833984375,0.0003457164343228684,-0.19416333934187002
OFDM,Classical OFDM,0.330078125,0.0003432135982940937,-0.22571872543294488
OFDM,Classical OFDM,0.330322265625,0.00034032146717731374,-0.2624701415313271
OFDM,Classical OFDM,0.33056640625,0.0003370337321164651,-0.3046298949221921
OFDM,Classical OFDM,0.330810546875,0.000333346181910397,-0.35240873868943284
OFDM,Classical OFDM,0.3310546875,0.0003292566394475713,-0.40601817771237925
OFDM,Classical OFDM,0.331298828125,0.0003247652106701552,-0.46566858231711594
OFDM,Classical OFDM,0.33154296875,0.0003198740567983619,-0.5315734071709809
OFDM,Classical OFDM,0.331787109375,0.0003145876485916521,-0.603946917669648
OFDM,Classical OFDM,0.33203125,0.00030891261802969936,-0.6830071090889611
OFDM,Classical OFDM,0.332275390625,0.0003028577583123907,-0.7689765555399894
OFDM,Classical OFDM,0.33251953125,0.00029643405564247635,-0.8620826319953105
OFDM,Classical OFDM,0.332763671875,0.00028965459917472777,-0.9625593034893055
OFDM,Classical OFDM,0.3330078125,0.0002825345121535287,-1.0706485369304384
OFDM,Classical OFDM,0.333251953125,0.00027509090423890014,-1.1866012815608769
OFDM,Classical OFDM,0.33349609375,0.0002673427602672244,-1.3106793127153236
OFDM,Classical OFDM,0.333740234375,0.00025931085549751133,-1.4431566106019384
OFDM,Classical OFDM,0.333984375,0.00025101769204609813,-1.5843202683794402
OFDM,Classical OFDM,0.334228515625,0.000242487223437014,-1.734474983010902
OFDM,Classical OFDM,0.33447265625,0.00023374490757306412,-1.8939420102916071
OFDM,Classical OFDM,0.334716796875,0.00022481739420643584,-2.063064493004615
OFDM,Classical OFDM,0.3349609375,0.00021573251964159045,-2.242207431928423
OFDM,Classical OFDM,0.335205078125,0.00020651901539430297,-2.4317631319912465
OFDM,Classical OFDM,0.33544921875,0.00019720643403214514,-2.6321527895190213
OFDM,Classical OFDM,0.335693359375,0.00018782488431906712,-2.8438322899415267
OFDM,Classical OFDM,0.3359375,0.0001784049941356388,-3.0672935150065097
OFDM,Classical OFDM,0.336181640625,0.00016897753173580185,-3.303073969667321
OFDM,Classical OFDM,0.33642578125,0.00015957341634108632,-3.5517581598264396
OFDM,Classical OFDM,0.336669921875,0.00015022338707133785,-3.8139880927718672
OFDM,Classical OFDM,0.3369140625,0.00014095790494821284,-4.090469228108453
OFDM,Classical OFDM,0.337158203125,0.00013180696219927736,-4.381980082141373
OFDM,Classical OFDM,0.33740234375,0.00012279983859102235,-4.689385630592339
OFDM,Classical OFDM,0.337646484375,0.00011396501667512969,-5.013648006410368
OFDM,Classical OFDM,0.337890625,0.00010532995930992081,-5.355844426125281
OFDM,Classical OFDM,0.338134765625,9.692095339566012e-05,-5.717186814543278
OFDM,Classical OFDM,0.33837890625,8.876298539250814e-05,-6.099044584608878
OFDM,Classical OFDM,0.338623046875,8.087956651594566e-05,-6.502975440908991
OFDM,Classical OFDM,0.3388671875,7.329260957900407e-05,-6.930761740274358
OFDM,Classical OFDM,0.339111328125,6.602231245588147e-05,-7.384456274396738
OFDM,Classical OFDM,0.33935546875,5.9087045518389776e-05,-7.866440841771633
OFDM,Classical OFDM,0.339599609375,5.2503250990895834e-05,-8.379501633582201
OFDM,Classical OFDM,0.33984375,4.628534495381666e-05,-8.92692854252769
OFDM,Classical OFDM,0.340087890625,4.0445683574553566e-05,-9.512641791775755
OFDM,Classical OFDM,0.34033203125,3.499446643526454e-05,-10.141369828640192
OFDM,Classical OFDM,0.340576171875,2.9939716006569294e-05,-10.818886825024435
OFDM,Classical OFDM,0.3408203125,2.5287241892067805e-05,-11.552348960854125
OFDM,Classical OFDM,0.341064453125,2.104064248368669e-05,-12.350773620005517
OFDM,Classical OFDM,0.34130859375,1.7201286752869185e-05,-13.225754232355856
OFDM,Classical OFDM,0.341552734375,1.3768346033225344e-05,-14.19254586653808
OFDM,Classical OFDM,0.341796875,1.07388292794096e-05,-15.271794207904865
OFDM,Classical OFDM,0.342041015625,8.107613856563138e-06,-16.492433027678985
OFDM,Classical OFDM,0.34228515625,5.867522017315919e-06,-17.896816311027663
OFDM,Classical OFDM,0.342529296875,4.009387032873941e-06,-19.550583775740982
OFDM,Classical OFDM,0.3427734375,2.522140222854334e-06,-21.563671307455348
OFDM,Classical OFDM,0.343017578125,1.3929127797785905e-06,-24.142124360301892
OFDM,Classical OFDM,0.34326171875,6.071426734099545e-07,-27.748456004146973
OFDM,Classical OFDM,0.343505859375,1.486966730587733e-07,-33.858351073045405
OFDM,Classical OFDM,0.34375,7.448723315440766e-15,-106.86054516420677
OFDM,Classical OFDM,0.343994140625,1.4217427731434514e-07,-34.053153296562144
OFDM,Classical OFDM,0.34423828125,5.551831822629802e-07,-28.137000571275852
OFDM,Classical OFDM,0.344482421875,1.2179843217299791e-06,-24.724946610647585
OFDM,Classical OFDM,0.3447265625,2.1086863892542533e-06,-22.341243641806695
OFDM,Classical OFDM,0.344970703125,3.2047093430686013e-06,-20.52347712510466
OFDM,Classical OFDM,0.34521484375,4.4829481896900575e-06,-19.065726393565765
OFDM,Classical OFDM,0.345458984375,5.919938063336068e-06,-17.85819196033866
OFDM,Classical OFDM,0.345703125,7.492019512258963e-06,-16.83537459241281
OFDM,Classical OFDM,0.345947265625,9.175500308853057e-06,-15.955066048529078
OFDM,Classical OFDM,0.34619140625,1.0946821232593032e-05,-15.188483331424322
OFDM,Classical OFDM,0.346435546875,1.2782712086428775e-05,-14.515133518997365
OFDM,Classical OFDM,0.3466796875,1.4660346637205056e-05,-13.919921199036976
OFDM,Classical OFDM,0.346923828125,1.6557490107022604e-05,-13.391418547937395
OFDM,Classical OFDM,0.34716796875,1.845264087088686e-05,-12.92077829528386
OFDM,Classical OFDM,0.347412109375,2.032516967133724e-05,-12.501021793213722
OFDM,Classical OFDM,0.34765625,2.215543714803898e-05,-12.126560355258958
OFDM,Classical OFDM,0.347900390625,2.392491633341409e-05,-11.792859313222197
OFDM,Classical OFDM,0.34814453125,2.5616293628769577e-05,-11.49620066286787
OFDM,Classical OFDM,0.348388671875,2.721357441539549e-05,-11.23350770316561
OFDM,Classical OFDM,0.3486328125,2.8702155889804934e-05,-11.00221840134875
OFDM,Classical OFDM,0.348876953125,3.0068905858221022e-05,-10.800187336641812
OFDM,Classical OFDM,0.34912109375,3.1302215045521984e-05,-10.625612883153046
OFDM,Classical OFDM,0.349365234375,3.2392059998402985e-05,-10.476977908391449
OFDM,Classical OFDM,0.349609375,3.333002228739399e-05,-10.35300754956774
OFDM,Classical OFDM,0.349853515625,3.410931499240156e-05,-10.252633613416663
OFDM,Classical OFDM,0.35009765625,3.472479793189542e-05,-10.17496631823947
OFDM,Classical OFDM,0.350341796875,3.517296309586045e-05,-10.119274026507693
OFDM,Classical OFDM,0.3505859375,3.5451930010826843e-05,-10.08496475775718
OFDM,Classical OFDM,0.350830078125,3.556141064652724e-05,-10.071573788345006
OFDM,Classical OFDM,0.35107421875,3.5502665714752644e-05,-10.078753957799709
OFDM,Classical OFDM,0.351318359375,3.527846361676263e-05,-10.106266957537569
OFDM,Classical OFDM,0.3515625,3.48930102565995e-05,-10.153979209200983
OFDM,Classical OFDM,0.351806640625,3.435187554370968e-05,-10.221859053718852
OFDM,Classical OFDM,0.35205078125,3.366192320625791e-05,-10.309974341349095
OFDM,Classical OFDM,0.352294921875,3.283120153826719e-05,-10.418495819341011
OFDM,Classical OFDM,0.3525390625,3.186886526727039e-05,-10.547697589003985
OFDM,Classical OFDM,0.352783203125,3.0785052396540724e-05,-10.697964619222944
OFDM,Classical OFDM,0.35302734375,2.959078753286412e-05,-10.869798353437371
OFDM,Classical OFDM,0.353271484375,2.8297860053046786e-05,-11.063827645711438
OFDM,Classical OFDM,0.353515625,2.6918704256838443e-05,-11.280822079176717
OFDM,Classical OFDM,0.353759765625,2.5466273560608637e-05,-11.521709590345424
OFDM,Classical OFDM,0.35400390625,2.3953925285239798e-05,-11.787596684127848
OFDM,Classical OFDM,0.354248046875,2.2395284586656092e-05,-12.079797734397053
OFDM,Classical OFDM,0.3544921875,2.0804127588370095e-05,-12.39986850455811
OFDM,Classical OFDM,0.354736328125,1.9194252595535677e-05,-12.749651532230207
OFDM,Classical OFDM,0.35498046875,1.7579358592524844e-05,-13.131333338395294
OFDM,Classical OFDM,0.355224609375,1.5972932017236438e-05,-13.547517157713427
OFDM,Classical OFDM,0.35546875,1.4388122279049531e-05,-14.001322389631392
OFDM,Classical OFDM,0.355712890625,1.2837644424457225e-05,-14.496510165468852
OFDM,Classical OFDM,0.35595703125,1.1333664587098229e-05,-15.037660032100842
OFDM,Classical OFDM,0.356201171875,9.887710433518563e-06,-15.630406196223497
OFDM,Classical OFDM,0.3564453125,8.51057631182488e-06,-16.28177388767597
OFDM,Classical OFDM,0.356689453125,7.212247271286354e-06,-17.000657509698982
OFDM,Classical OFDM,0.35693359375,6.00181861250137e-06,-17.798534930245033
OFDM,Classical OFDM,0.357177734375,4.88743695706696e-06,-18.690551905391526
OFDM,Classical OFDM,0.357421875,3.876243634733147e-06,-19.697252929437827
OFDM,Classical OFDM,0.357666015625,2.9743290786106077e-06,-20.847473420084587
OFDM,Classical OFDM,0.35791015625,2.1866974421421364e-06,-22.183476620861875
OFDM,Classical OFDM,0.358154296875,1.5172416447562055e-06,-23.770816044566878
OFDM,Classical OFDM,0.3583984375,9.687280185294355e-07,-25.719344980032197
OFDM,Classical OFDM,0.358642578125,5.427921077451968e-07,-28.235028346792262
OFDM,Classical OFDM,0.35888671875,2.399421037373148e-07,-31.780298967329813
OFDM,Classical OFDM,0.359130859375,5.957488235121346e-08,-37.83073165652669
OFDM,Classical OFDM,0.359375,7.007262550236786e-15,-107.12587968949323
OFDM,Classical OFDM,0.359619140625,5.8473006216806095e-08,-37.91180936646456
OFDM,Classical OFDM,0.35986328125,2.3123773387467656e-07,-31.94077654378612
OFDM,Classical OFDM,0.360107421875,5.135768894165875e-07,-28.47530886457735
OFDM,Classical OFDM,0.3603515625,8.99870265438176e-07,-26.039564574363684
OFDM,Classical OFDM,0.360595703125,1.3836595384452252e-06,-24.1710711772237
OFDM,Classical OFDM,0.36083984375,1.957720911401029e-06,-22.6638557925839
OFDM,Classical OFDM,0.361083984375,2.614141518307016e-06,-21.408072643205852
OFDM,Classical OFDM,0.361328125,3.344402781238107e-06,-20.33817783100391
OFDM,Classical OFDM,0.361572265625,4.139464646780821e-06,-19.411921811850043
OFDM,Classical OFDM,0.36181640625,4.989857788825771e-06,-18.600481906377627
OFDM,Classical OFDM,0.362060546875,5.88577519060526e-06,-17.883326889855418
OFDM,Classical OFDM,0.3623046875,6.8171657545301814e-06,-17.245325053371566
OFDM,Classical OFDM,0.362548828125,7.773827994794239e-06,-16.675014319062708
OFDM,Classical OFDM,0.36279296875,8.745505716393795e-06,-16.163514310320497
OFDM,Classical OFDM,0.363037109375,9.721983776915048e-06,-15.703814669935632
OFDM,Classical OFDM,0.36328125,1.0693174495614241e-05,-15.290297051478806
OFDM,Classical OFDM,0.363525390625,1.1649213994576067e-05,-14.918397357517572
OFDM,Classical OFDM,0.36376953125,1.2580543641754784e-05,-14.5843695038692
OFDM,Classical OFDM,0.364013671875,1.3477993977034888e-05,-14.28511101064201
OFDM,Classical OFDM,0.3642578125,1.433286118923314e-05,-14.018034641851822
OFDM,Classical OFDM,0.364501953125,1.5136984751843046e-05,-13.780969855817363
OFDM,Classical OFDM,0.36474609375,1.588280171839561e-05,-13.572092448436436
OFDM,Classical OFDM,0.364990234375,1.656342452373845e-05,-13.38986225971932
OFDM,Classical OFDM,0.365234375,1.71726787259329e-05,-13.232983140008548
OFDM,Classical OFDM,0.365478515625,1.7705154984129857e-05,-13.100366262670736
OFDM,Classical OFDM,0.36572265625,1.8156249449021064e-05,-12.991102181339148
OFDM,Classical OFDM,0.365966796875,1.8522192565865844e-05,-12.904439639957832
OFDM,Classical OFDM,0.3662109375,1.8800070262924564e-05,-12.83976886636686
OFDM,Classical OFDM,0.366455078125,1.8987843815615017e-05,-12.79660708250418
OFDM,Classical OFDM,0.36669921875,1.9084348522235305e-05,-12.774590198919771
OFDM,Classical OFDM,0.366943359375,1.908929900107224e-05,-12.773463785389389
OFDM,Classical OFDM,0.3671875,1.900327660976894e-05,-12.793078690798422
OFDM,Classical OFDM,0.367431640625,1.882771653362322e-05,-12.833387079930652
OFDM,Classical OFDM,0.36767578125,1.8564874016521735e-05,-12.894443526276671
OFDM,Classical OFDM,0.367919921875,1.8217801848229435e-05,-12.97640385003598
OFDM,Classical OFDM,0.3681640625,1.7790306001107012e-05,-13.079529408202744
OFDM,Classical OFDM,0.368408203125,1.7286905239659606e-05,-13.20419107661938
OFDM,Classical OFDM,0.36865234375,1.6712775169829684e-05,-13.350877881937286
OFDM,Classical OFDM,0.368896484375,1.6073692950428494e-05,-13.520206911143015
OFDM,Classical OFDM,0.369140625,1.5375979356013293e-05,-13.712935717894839
OFDM,Classical OFDM,0.369384765625,1.462642726592443e-05,-13.929981031787532
OFDM,Classical OFDM,0.36962890625,1.3832240416469858e-05,-14.172438302745597
OFDM,Classical OFDM,0.369873046875,1.3000954937507478e-05,-14.441611060367418
OFDM,Classical OFDM,0.3701171875,1.2140367841482187e-05,-14.739045133808546
OFDM,Classical OFDM,0.370361328125,1.1258460877493141e-05,-15.066573360140989
OFDM,Classical OFDM,0.37060546875,1.0363326537311263e-05,-15.426371765013425
OFDM,Classical OFDM,0.370849609375,9.463086777872756e-06,-15.82103536372493
OFDM,Classical OFDM,0.37109375,8.565820186039082e-06,-16.253674055919035
OFDM,Classical OFDM,0.371337890625,7.679488812287663e-06,-16.72804046987184
OFDM,Classical OFDM,0.37158203125,6.8118613626405705e-06,-17.248705585560725
OFDM,Classical OFDM,0.371826171875,5.970446157136781e-06,-17.82129572896878
OFDM,Classical OFDM,0.3720703125,5.162422598492695e-06,-18.452828057987194
OFDM,Classical OFDM,0.372314453125,4.394580172588614e-06,-19.15218967086679
OFDM,Classical OFDM,0.37255859375,3.673256952351306e-06,-19.930850497689924
OFDM,Classical OFDM,0.372802734375,3.004286957739624e-06,-20.803949466013847
OFDM,Classical OFDM,0.373046875,2.392951612712376e-06,-21.792024420849877
OFDM,Classical OFDM,0.373291015625,1.8439365406882145e-06,-22.923903883503378
OFDM,Classical OFDM,0.37353515625,1.3612939467995125e-06,-24.24184445659202
OFDM,Classical OFDM,0.373779296875,9.484119112173041e-07,-25.81139359328877
OFDM,Classical OFDM,0.3740234375,6.079899934842415e-07,-27.74239927466653
OFDM,Classical OFDM,0.374267578125,3.4202223417661854e-07,-30.240820194415583
OFDM,Classical OFDM,0.37451171875,1.5178461306918142e-07,-33.769086111667946
OFDM,Classical OFDM,0.374755859375,3.7831971872102983e-08,-39.802773809134735
OFDM,Classical OFDM,0.375,7.908097878220115e-15,-106.60064323104191
OFDM,Classical OFDM,0.375244140625,3.741444825566133e-08,-39.85097013883668
OFDM,Classical OFDM,0.37548828125,1.4850657204771104e-07,-33.86390685567747
OFDM,Classical OFDM,0.375732421875,3.310350123537412e-07,-30.38262429092571
OFDM,Classical OFDM,0.3759765625,5.821140329548357e-07,-27.93128290127713
OFDM,Classical OFDM,0.376220703125,8.98246287887526e-07,-26.047409279195996
OFDM,Classical OFDM,0.37646484375,1.2753626409299082e-06,-24.5250266793221
OFDM,Classical OFDM,0.376708984375,1.7088652847879527e-06,-23.254285317514803
OFDM,Classical OFDM,0.376953125,2.1936771687033487e-06,-22.169636437930347
OFDM,Classical OFDM,0.377197265625,2.7242924451339552e-06,-21.228826329903047
OFDM,Classical OFDM,0.37744140625,3.2948340964991076e-06,-20.403028074057335
OFDM,Classical OFDM,0.377685546875,3.899111334314797e-06,-19.67170722916731
OFDM,Classical OFDM,0.3779296875,4.530682254053555e-06,-19.019727537317305
OFDM,Classical OFDM,0.378173828125,5.182913551764551e-06,-18.435623939255436
OFDM,Classical OFDM,0.37841796875,5.849048682960133e-06,-17.910511229150757
OFDM,Classical OFDM,0.378662109375,6.522268944896669e-06,-17.437376561103687
OFDM,Classical OFDM,0.37890625,7.195759690429125e-06,-17.010597078066493
OFDM,Classical OFDM,0.379150390625,7.86277306563826e-06,-16.62560617730277
OFDM,Classical OFDM,0.37939453125,8.516692154502248e-06,-16.278654095624248
OFDM,Classical OFDM,0.379638671875,9.151090074761878e-06,-15.966635288649707
OFDM,Classical OFDM,0.3798828125,9.759790894666758e-06,-15.6869584609861
OFDM,Classical OFDM,0.380126953125,1.0336920783177978e-05,-15.437451709473297
OFDM,Classical OFDM,0.38037109375,1.0876966443694755e-05,-15.216285703231831
OFDM,Classical OFDM,0.380615234375,1.1374816828782821e-05,-15.021919471806441
OFDM,Classical OFDM,0.380859375,1.1825815283584903e-05,-14.853052678852078
OFDM,Classical OFDM,0.381103515625,1.2225791328470898e-05,-14.70859380107407
OFDM,Classical OFDM,0.38134765625,1.2571098566469631e-05,-14.587631274402003
OFDM,Classical OFDM,0.381591796875,1.2858647459126863e-05,-14.489410694360068
OFDM,Classical OFDM,0.3818359375,1.3085923866384564e-05,-14.413319697710046
OFDM,Classical OFDM,0.382080078125,1.3251010235014387e-05,-14.35887369599934
OFDM,Classical OFDM,0.38232421875,1.3352599834596388e-05,-14.325705252426882
OFDM,Classical OFDM,0.382568359375,1.3389999737142494e-05,-14.313557905385894
OFDM,Classical OFDM,0.3828125,1.336313545206631e-05,-14.322279884778393
OFDM,Classical OFDM,0.383056640625,1.3272544304797677e-05,-14.351821753002332
OFDM,Classical OFDM,0.38330078125,1.311936583577374e-05,-14.402235164152867
OFDM,Classical OFDM,0.383544921875,1.2905325909113876e-05,-14.473673824006465
OFDM,Classical OFDM,0.3837890625,1.2632714199909115e-05,-14.566396881685858
OFDM,Classical OFDM,0.384033203125,1.2304358701888147e-05,-14.680773756460129
OFDM,Classical OFDM,0.38427734375,1.1923596262252032e-05,-14.817290968006683
OFDM,Classical OFDM,0.384521484375,1.149423285336146e-05,-14.976563680799861
OFDM,Classical OFDM,0.384765625,1.102050798278992e-05,-15.159347455402868
OFDM,Classical OFDM,0.385009765625,1.050704718488304e-05,-15.366556764402466
OFDM,Classical OFDM,0.38525390625,9.958817160872126e-06,-15.599286000201811
OFDM,Classical OFDM,0.385498046875,9.381077608294952e-06,-15.858836301922741
OFDM,Classical OFDM,0.3857421875,8.779326263496477e-06,-16.146751701431374
OFDM,Classical OFDM,0.385986328125,8.159245930545178e-06,-16.464863354838744
OFDM,Classical OFDM,0.38623046875,7.526651013545492e-06,-16.81534579353853
OFDM,Classical OFDM,0.386474609375,6.8874295795150665e-06,-17.200791875839563
OFDM,Classical OFDM,0.38671875,6.2474867455391005e-06,-17.62431015610334
OFDM,Classical OFDM,0.386962890625,5.612691707686686e-06,-18.089651709524194
OFDM,Classical OFDM,0.38720703125,4.988819721120748e-06,-18.601385487192438
OFDM,Classical OFDM,0.387451171875,4.3814987979451084e-06,-19.165136621435362
OFDM,Classical OFDM,0.3876953125,3.7961585570018326e-06,-19.787920153875493
OFDM,Classical OFDM,0.387939453125,3.237979570272487e-06,-20.478622547391964
OFDM,Classical OFDM,0.38818359375,2.711847137330913e-06,-21.248711536547372
OFDM,Classical OFDM,0.388427734375,2.222306632375052e-06,-22.113323766250407
OFDM,Classical OFDM,0.388671875,1.773522782706387e-06,-23.09299587226292
OFDM,Classical OFDM,0.388916015625,1.369244202934086e-06,-24.21655448123529
OFDM,Classical OFDM,0.38916015625,1.0127703708150362e-06,-25.526253717029974
OFDM,Classical OFDM,0.389404296875,7.069237760512659e-07,-27.08763770440219
OFDM,Classical OFDM,0.3896484375,4.540269730509693e-07,-29.010547046277644
OFDM,Classical OFDM,0.389892578125,2.558839117252922e-07,-31.500933778215877
OFDM,Classical OFDM,0.39013671875,1.1376713183231795e-07,-35.02119549739734
OFDM,Classical OFDM,0.390380859375,2.8409269627654742e-08,-41.046762904114296
OFDM,Classical OFDM,0.390625,8.78315554779982e-15,-106.14485784942708
OFDM,Classical OFDM,0.390869140625,2.8188346196614044e-08,-41.080667623571614
OFDM,Classical OFDM,0.39111328125,1.1208968918058126e-07,-35.08570694136798
OFDM,Classical OFDM,0.391357421875,2.502979505920792e-07,-31.59679065350451
OFDM,Classical OFDM,0.3916015625,4.4090279735803227e-07,-29.13793504759129
OFDM,Classical OFDM,0.391845703125,6.815108469376858e-07,-27.24663586561301
OFDM,Classical OFDM,0.39208984375,9.69272192954854e-07,-25.716906054020086
OFDM,Classical OFDM,0.392333984375,1.3009100979733283e-06,-24.438890742260497
OFDM,Classical OFDM,0.392578125,1.6727556833491232e-06,-23.347038449135585
OFDM,Classical OFDM,0.392822265625,2.080784160624025e-06,-22.399093257674963
OFDM,Classical OFDM,0.39306640625,2.5206570325119635e-06,-21.56622600623564
OFDM,Classical OFDM,0.393310546875,2.9877632903316545e-06,-20.827901720981767
OFDM,Classical OFDM,0.3935546875,3.4772672535165243e-06,-20.16898288339717
OFDM,Classical OFDM,0.393798828125,3.984154008872411e-06,-19.57800241143158
OFDM,Classical OFDM,0.39404296875,4.503279153735808e-06,-19.046074897504294
OFDM,Classical OFDM,0.394287109375,5.029417670075271e-06,-18.56618655741161
OFDM,Classical OFDM,0.39453125,5.557315240228707e-06,-18.132713260674777
OFDM,Classical OFDM,0.394775390625,6.081737079621122e-06,-17.741087178531824
OFDM,Classical OFDM,0.39501953125,6.5975171833189555e-06,-17.387558290058514
OFDM,Classical OFDM,0.395263671875,7.099607903653693e-06,-17.069019948104092
OFDM,Classical OFDM,0.3955078125,7.583126134385426e-06,-16.78288079114942
OFDM,Classical OFDM,0.395751953125,8.043400653608869e-06,-16.526966569371965
OFDM,Classical OFDM,0.39599609375,8.476011189927558e-06,-16.299448376355517
OFDM,Classical OFDM,0.396240234375,8.876831626993958e-06,-16.098783766304592
OFDM,Classical OFDM,0.396484375,9.242067414337292e-06,-15.923672269600623
OFDM,Classical OFDM,0.396728515625,9.568287515548374e-06,-15.773021421570109
OFDM,Classical OFDM,0.39697265625,9.852455694325893e-06,-15.6459186846916
OFDM,Classical OFDM,0.397216796875,1.0091957827691419e-05,-15.54160932006982
OFDM,Classical OFDM,0.3974609375,1.0284622597818963e-05,-15.459479994737986
OFDM,Classical OFDM,0.397705078125,1.0428739204241069e-05,-15.399045520115573
OFDM,Classical OFDM,0.39794921875,1.0523072758570006e-05,-15.359937858197974
OFDM,Classical OFDM,0.398193359375,1.0566869416071492e-05,-15.341900185203352
OFDM,Classical OFDM,0.3984375,1.0559867135416067e-05,-15.344779050998206
OFDM,Classical OFDM,0.398681640625,1.0502285415531631e-05,-15.368525423024952
OFDM,Classical OFDM,0.39892578125,1.039482959950399e-05,-15.41318984607329
OFDM,Classical OFDM,0.399169921875,1.0238675148786403e-05,-15.478925950410293
OFDM,Classical OFDM,0.3994140625,1.0035457545586749e-05,-15.56599181006333
OFDM,Classical OFDM,0.399658203125,9.787252097641891e-06,-15.674755841112155
OFDM,Classical OFDM,0.39990234375,9.496549770160759e-06,-15.805705103619843
OFDM,Classical OFDM,0.400146484375,9.16623599739088e-06,-15.959453244617425
OFDM,Classical OFDM,0.400390625,8.799556416948644e-06,-16.136755789801864
OFDM,Classical OFDM,0.400634765625,8.40008558377302e-06,-16.338526481570593
OFDM,Classical OFDM,0.40087890625,7.971691214644082e-06,-16.565858911708503
OFDM,Classical OFDM,0.401123046875,7.518495453078092e-06,-16.82005417608914
OFDM,Classical OFDM,0.4013671875,7.044834478876211e-06,-17.102655653773933
OFDM,Classical OFDM,0.401611328125,6.555215800188299e-06,-17.41549365624649
OFDM,Classical OFDM,0.40185546875,6.054274386834261e-06,-17.7607425922183
OFDM,Classical OFDM,0.402099609375,5.546727562115629e-06,-18.14099523806988
OFDM,Classical OFDM,0.40234375,5.037331467206172e-06,-18.55935829719375
OFDM,Classical OFDM,0.402587890625,4.530832228434156e-06,-19.01958377978968
OFDM,Classical OFDM,0.40283203125,4.0319244908559226e-06,-19.526239688989733
OFDM,Classical OFDM,0.403076171875,3.545204654721089e-06,-20.08495048179947
OFDM,Classical OFDM,0.4033203125,3.0751281675363605e-06,-20.70273137679819
OFDM,Classical OFDM,0.403564453125,2.625969216381556e-06,-21.388467283736045
OFDM,Classical OFDM,0.40380859375,2.2017786407282966e-06,-22.153627046720263
OFDM,Classical OFDM,0.404052734375,1.8063491701663577e-06,-23.01334655118865
OFDM,Classical OFDM,0.404296875,1.443178965399997e-06,-23.98816168703315
OFDM,Classical OFDM,0.404541015625,1.115440497736304e-06,-25.1068995087223
OFDM,Classical OFDM,0.40478515625,8.259523254296918e-07,-26.411813787752724
OFDM,Classical OFDM,0.405029296875,5.77153632385631e-07,-27.968449257371915
OFDM,Classical OFDM,0.4052734375,3.710833087209715e-07,-29.88664938746303
OFDM,Classical OFDM,0.405517578125,2.0936280758315792e-07,-32.372368254072455
OFDM,Classical OFDM,0.40576171875,9.318255320469161e-08,-35.88801753068238
OFDM,Classical OFDM,0.406005859375,2.3293056348816473e-08,-41.90909881725246
OFDM,Classical OFDM,0.40625,6.9888403127192194e-15,-107.13731241586984
OFDM,Classical OFDM,0.406494140625,2.316360115031551e-08,-41.93330280734166
OFDM,Classical OFDM,0.40673828125,9.220225450130252e-08,-35.933948186058274
OFDM,Classical OFDM,0.406982421875,2.06100306125682e-07,-32.44057722177409
OFDM,Classical OFDM,0.4072265625,3.634198206521754e-07,-29.977277493025145
OFDM,Classical OFDM,0.407470703125,5.623166905014313e-07,-28.081553847364983
OFDM,Classical OFDM,0.40771484375,8.005599536487727e-07,-26.547424973932607
OFDM,Classical OFDM,0.407958984375,1.075554927089637e-06,-25.2650376492188
OFDM,Classical OFDM,0.408203125,1.3843701993312285e-06,-24.16884117149894
OFDM,Classical OFDM,0.408447265625,1.7237662161550455e-06,-23.216579942408025
OFDM,Classical OFDM,0.40869140625,2.0902291945255184e-06,-22.379424497272005
OFDM,Classical OFDM,0.408935546875,2.4800040846744885e-06,-21.63683962896327
OFDM,Classical OFDM,0.4091796875,2.889133450048936e-06,-20.973687565088465
OFDM,Classical OFDM,0.409423828125,3.313494650528691e-06,-20.378500852440418
OFDM,Classical OFDM,0.40966796875,3.7488397362738078e-06,-19.842394843915827
OFDM,Classical OFDM,0.409912109375,4.190838403962719e-06,-19.358354439846146
OFDM,Classical OFDM,0.41015625,4.635117807872299e-06,-18.920755822146894
OFDM,Classical OFDM,0.410400390625,5.0773050195120985e-06,-18.525031045603594
OFDM,Classical OFDM,0.41064453125,5.513069404491281e-06,-18.16742899141818
OFDM,Classical OFDM,0.410888671875,5.9381612748562166e-06,-17.844843705765424
OFDM,Classical OFDM,0.4111328125,6.348456417907689e-06,-17.554682165166934
OFDM,Classical OFDM,0.411376953125,6.739989037593541e-06,-17.294771688571288
OFDM,Classical OFDM,0.41162109375,7.1089940486082785e-06,-17.06328208372198
OFDM,Classical OFDM,0.411865234375,7.451939107345224e-06,-16.858670615732205
OFDM,Classical OFDM,0.412109375,7.765558380962342e-06,-16.67963669977564
OFDM,Classical OFDM,0.412353515625,8.046881184874347e-06,-16.525087701666056
OFDM,Classical OFDM,0.41259765625,8.293260454710159e-06,-16.394110541555136
OFDM,Classical OFDM,0.412841796875,8.502395093488835e-06,-16.285950769148137
OFDM,Classical OFDM,0.4130859375,8.672352484330108e-06,-16.199994377448515
OFDM,Classical OFDM,0.413330078125,8.801583554106309e-06,-16.135755429044575
OFDM,Classical OFDM,0.41357421875,8.888933202124463e-06,-16.092867164160033
OFDM,Classical OFDM,0.413818359375,8.933657019124567e-06,-16.071070839987648
OFDM,Classical OFDM,0.4140625,8.93541979746786e-06,-16.070213979929736
OFDM,Classical OFDM,0.414306640625,8.89429851076028e-06,-16.090246578607793
OFDM,Classical OFDM,0.41455078125,8.810781155110005e-06,-16.13121944788393
OFDM,Classical OFDM,0.414794921875,8.685760127742007e-06,-16.19328527624925
OFDM,Classical OFDM,0.4150390625,8.520519811900309e-06,-16.27670268418693
OFDM,Classical OFDM,0.415283203125,8.316726479235169e-06,-16.38183940397488
OFDM,Classical OFDM,0.41552734375,8.076405446023247e-06,-16.509182460601572
OFDM,Classical OFDM,0.415771484375,7.801925181842516e-06,-16.659345777850458
OFDM,Classical OFDM,0.416015625,7.49597330704998e-06,-16.833083276529692
OFDM,Classical OFDM,0.416259765625,7.1615223271119246e-06,-17.03131008785568
OFDM,Classical OFDM,0.41650390625,6.801810265051465e-06,-17.255118458050298
OFDM,Classical OFDM,0.416748046875,6.420301264205072e-06,-17.50580951779818
OFDM,Classical OFDM,0.4169921875,6.020654136641654e-06,-17.784926796441965
OFDM,Classical OFDM,0.417236328125,5.60668693875036e-06,-18.094300520024923
OFDM,Classical OFDM,0.41748046875,5.1823405536205655e-06,-18.436104101014706
OFDM,Classical OFDM,0.417724609375,4.751637472917404e-06,-18.812930603678392
OFDM,Classical OFDM,0.41796875,4.318646703538846e-06,-19.22788681946587
OFDM,Classical OFDM,0.418212890625,3.887442632258543e-06,-19.68472365910349
OFDM,Classical OFDM,0.41845703125,3.462066042318956e-06,-20.188010108117155
OFDM,Classical OFDM,0.418701171875,3.0464873647420617e-06,-20.743369777902544
OFDM,Classical OFDM,0.4189453125,2.6445669500166156e-06,-21.357817929055074
OFDM,Classical OFDM,0.419189453125,2.260020885195729e-06,-22.040239064779023
OFDM,Classical OFDM,0.41943359375,1.896383955521967e-06,-22.80210086738859
OFDM,Classical OFDM,0.419677734375,1.556977241022271e-06,-23.658540946718468
OFDM,Classical OFDM,0.419921875,1.2448784444243778e-06,-24.630094120053286
OFDM,Classical OFDM,0.420166015625,9.628923846078766e-07,-25.74558607084885
OFDM,Classical OFDM,0.42041015625,7.13524945590803e-07,-27.047271979120477
OFDM,Classical OFDM,0.420654296875,4.989612983790328e-07,-28.60069497875086
OFDM,Classical OFDM,0.4208984375,3.210454729575564e-07,-30.515698086890698
OFDM,Classical OFDM,0.421142578125,1.8126457559748724e-07,-32.998234204879225
OFDM,Classical OFDM,0.42138671875,8.073565730373115e-08,-36.510709736206294
OFDM,Classical OFDM,0.421630859375,2.019647361985188e-08,-42.52860812406776
OFDM,Classical OFDM,0.421875,5.329884801874356e-15,-108.31418536574606
OFDM,Classical OFDM,0.422119140625,2.011235001687401e-08,-42.54673540554939
OFDM,Classical OFDM,0.42236328125,8.011461402476203e-08,-36.544246143339635
OFDM,Classical OFDM,0.422607421875,1.792082319224092e-07,-33.047784039424016
OFDM,Classical OFDM,0.4228515625,3.162241266559064e-07,-30.581413572055517
OFDM,Classical OFDM,0.423095703125,4.896351286924074e-07,-28.682637904716994
OFDM,Classical OFDM,0.42333984375,6.975718139991026e-07,-27.14547434795398
OFDM,Classical OFDM,0.423583984375,9.37841883234835e-07,-25.86006734960423
OFDM,Classical OFDM,0.423828125,1.2079517226364941e-06,-24.760867815375377
OFDM,Classical OFDM,0.424072265625,1.5051322067304701e-06,-23.80561710170383
OFDM,Classical OFDM,0.42431640625,1.8263649148806957e-06,-22.965488034140943
OFDM,Classical OFDM,0.424560546875,2.168412775888216e-06,-22.219944016259173
OFDM,Classical OFDM,0.4248046875,2.527851623031256e-06,-21.553847803916938
OFDM,Classical OFDM,0.425048828125,2.9011033423761653e-06,-20.955731596176157
OFDM,Classical OFDM,0.42529296875,3.2844706350510676e-06,-20.416709756321044
OFDM,Classical OFDM,0.425537109375,3.6741731037966017e-06,-19.92976745364241
OFDM,Classical OFDM,0.42578125,4.0663825118434774e-06,-19.489281300822384
OFDM,Classical OFDM,0.426025390625,4.457261352482767e-06,-19.090682592414257
OFDM,Classical OFDM,0.42626953125,4.84299819071078e-06,-18.7302205222594
OFDM,Classical OFDM,0.426513671875,5.2198437497797995e-06,-18.404788559507324
OFDM,Classical OFDM,0.4267578125,5.584147990956651e-06,-18.11179439595409
OFDM,Classical OFDM,0.427001953125,5.932393882588524e-06,-17.849063806343192
OFDM,Classical OFDM,0.42724609375,6.261228934451216e-06,-17.6147677548408
OFDM,Classical OFDM,0.427490234375,6.567500125557417e-06,-17.40736269264068
OFDM,Classical OFDM,0.427734375,6.848280472465856e-06,-17.225548203889367
OFDM,Classical OFDM,0.427978515625,7.100896756332901e-06,-17.06823160765915
OFDM,Classical OFDM,0.42822265625,7.32295633952366e-06,-16.93449914204083
OFDM,Classical OFDM,0.428466796875,7.512365043352719e-06,-16.82359675871612
OFDM,Classical OFDM,0.4287109375,7.667350985071781e-06,-16.734910147995656
OFDM,Classical OFDM,0.428955078125,7.78647666189813e-06,-16.66795372782393
OFDM,Classical OFDM,0.42919921875,7.868653186993358e-06,-16.622359549393316
OFDM,Classical OFDM,0.429443359375,7.913149559403014e-06,-16.597869850061326
OFDM,Classical OFDM,0.4296875,7.919599119907416e-06,-16.594331603166324
OFDM,Classical OFDM,0.429931640625,7.887999551021651e-06,-16.611694818115385
OFDM,Classical OFDM,0.43017578125,7.818715028945858e-06,-16.650009744680702
OFDM,Classical OFDM,0.430419921875,7.712468112368031e-06,-16.709429775948976
OFDM,Classical OFDM,0.4306640625,7.5703351074942096e-06,-16.79021254674954
OFDM,Classical OFDM,0.430908203125,7.393732328673645e-06,-16.892726350335597
OFDM,Classical OFDM,0.43115234375,7.184401696885442e-06,-17.017457522555823
OFDM,Classical OFDM,0.431396484375,6.944393689671e-06,-17.16502025254461
OFDM,Classical OFDM,0.431640625,6.676048470185464e-06,-17.336168778935296
OFDM,Classical OFDM,0.431884765625,6.381968739517347e-06,-17.5318168644555
OFDM,Classical OFDM,0.43212890625,6.064996727374072e-06,-17.753057881643464
OFDM,Classical OFDM,0.432373046875,5.7281852235205915e-06,-18.001193063850724
OFDM,Classical OFDM,0.4326171875,5.374770264564385e-06,-18.27776453221421
OFDM,Classical OFDM,0.432861328125,5.008135875077894e-06,-18.584602558761446
OFDM,Classical OFDM,0.43310546875,4.631782698784921e-06,-18.9238818285925
OFDM,Classical OFDM,0.433349609375,4.249295719306527e-06,-19.29819403225203
OFDM,Classical OFDM,0.43359375,3.864308173610294e-06,-19.710646054736994
OFDM,Classical OFDM,0.433837890625,3.4804662103654426e-06,-20.164989371968662
OFDM,Classical OFDM,0.43408203125,3.1013957002482303e-06,-20.6657917857588
OFDM,Classical OFDM,0.434326171875,2.7306660666238964e-06,-21.218677655457682
OFDM,Classical OFDM,0.4345703125,2.3717569303174173e-06,-21.830661807539688
OFDM,Classical OFDM,0.434814453125,2.028025913126725e-06,-22.51062859125035
OFDM,Classical OFDM,0.43505859375,1.702675158442489e-06,-23.270045591849062
OFDM,Classical OFDM,0.435302734375,1.3987218660828328e-06,-24.124049948079005
OFDM,Classical OFDM,0.435546875,1.1189706687008796e-06,-25.093176564004253
OFDM,Classical OFDM,0.435791015625,8.659868565573118e-07,-26.20625058425624
OFDM,Classical OFDM,0.43603515625,6.420719818533273e-07,-27.505526400382507
OFDM,Classical OFDM,0.436279296875,4.492434462407851e-07,-29.05654608874997
OFDM,Classical OFDM,0.4365234375,2.8921521603706166e-07,-30.9691522093124
OFDM,Classical OFDM,0.436767578125,1.6338317499620672e-07,-33.44929027651909
OFDM,Classical OFDM,0.43701171875,7.281164358198857e-08,-36.9593552450505
OFDM,Classical OFDM,0.437255859375,1.8224683873144453e-08,-42.974763552772345
OFDM,Classical OFDM,0.4375,5.733629744998539e-15,-107.99706714519158
OFDM,Classical OFDM,0.437744140625,1.8166159296422204e-08,-42.98873240890486
OFDM,Classical OFDM,0.43798828125,7.240328644603897e-08,-36.983780793888286
OFDM,Classical OFDM,0.438232421875,1.6204705959182155e-07,-33.48495204030944
OFDM,Classical OFDM,0.4384765625,2.8609597963445444e-07,-31.016246041027987
OFDM,Classical OFDM,0.438720703125,4.432217824256285e-07,-29.115152630925692
OFDM,Classical OFDM,0.43896484375,6.317829696080197e-07,-27.575684441746994
OFDM,Classical OFDM,0.439208984375,8.498416220200398e-07,-26.287983616537627
OFDM,Classical OFDM,0.439453125,1.0951820792449666e-06,-25.186500303168124
OFDM,Classical OFDM,0.439697265625,1.3653338196014712e-06,-24.228975111014645
OFDM,Classical OFDM,0.43994140625,1.6575943246152745e-06,-23.38658107924456
OFDM,Classical OFDM,0.440185546875,1.969057137140022e-06,-22.63878040558509
OFDM,Classical OFDM,0.4404296875,2.296639133188634e-06,-21.970435983867993
OFDM,Classical OFDM,0.440673828125,2.6371104837024988e-06,-21.37008033760518
OFDM,Classical OFDM,0.44091796875,2.987126726887281e-06,-20.828827113722127
OFDM,Classical OFDM,0.441162109375,3.3432600956428633e-06,-20.3396619430548
OFDM,Classical OFDM,0.44140625,3.702033328012837e-06,-19.89696034800751
OFDM,Classical OFDM,0.441650390625,4.059952153356902e-06,-19.49615443589574
OFDM,Classical OFDM,0.44189453125,4.413539930473536e-06,-19.13349298905811
OFDM,Classical OFDM,0.442138671875,4.7593694302501915e-06,-18.805869422506163
OFDM,Classical OFDM,0.4423828125,5.094097018565714e-06,-18.51069147053387
OFDM,Classical OFDM,0.442626953125,5.414494356173219e-06,-18.24578453664282
OFDM,Classical OFDM,0.44287109375,5.717476622355605e-06,-18.009319614878493
OFDM,Classical OFDM,0.443115234375,6.000134628645015e-06,-17.799753640044237
OFDM,Classical OFDM,0.443359375,6.259762297572488e-06,-17.615785169987085
OFDM,Classical OFDM,0.443603515625,6.493878430472646e-06,-17.456322049273773
OFDM,Classical OFDM,0.44384765625,6.700254931139203e-06,-17.32045031983778
OFDM,Classical OFDM,0.444091796875,6.8769322005461585e-06,-17.207416163572436
OFDM,Classical OFDM,0.4443359375,7.0222434704393465e-06,-17.11660476072376
OFDM,Classical OFDM,0.444580078125,7.134825563087804e-06,-17.04752999361942
OFDM,Classical OFDM,0.44482421875,7.213629485500505e-06,-16.9998252718836
OFDM,Classical OFDM,0.445068359375,7.257937148424636e-06,-16.973231560051374
OFDM,Classical OFDM,0.4453125,7.267360704207054e-06,-16.967596427619775
OFDM,Classical OFDM,0.445556640625,7.241848506041192e-06,-16.982869235590062
OFDM,Classical OFDM,0.44580078125,7.18168361815534e-06,-17.019100902199003
OFDM,Classical OFDM,0.446044921875,7.08748166386236e-06,-17.07644410692827
OFDM,Classical OFDM,0.4462890625,6.960183045431788e-06,-17.15515697780023
OFDM,Classical OFDM,0.446533203125,6.801044336288725e-06,-17.255607529859546
OFDM,Classical OFDM,0.44677734375,6.611624707173662e-06,-17.378281650979712
OFDM,Classical OFDM,0.447021484375,6.3937695382134675e-06,-17.52379380840673
OFDM,Classical OFDM,0.447265625,6.149594527596293e-06,-17.69289877433784
OFDM,Classical OFDM,0.447509765625,5.881463675464927e-06,-17.88650939909007
OFDM,Classical OFDM,0.44775390625,5.591964950325243e-06,-18.10571918377526
OFDM,Classical OFDM,0.447998046875,5.283886120989278e-06,-18.351829099536282
OFDM,Classical OFDM,0.4482421875,4.960188188266089e-06,-18.626382052011255
OFDM,Classical OFDM,0.448486328125,4.6239762508657415e-06,-18.931207641801123
OFDM,Classical OFDM,0.44873046875,4.278468302120342e-06,-19.26848040244454
OFDM,Classical OFDM,0.448974609375,3.926966013120712e-06,-19.640792164452012
OFDM,Classical OFDM,0.44921875,3.572821543021779e-06,-20.051250346267846
OFDM,Classical OFDM,0.449462890625,3.219406666832891e-06,-20.50360519957799
OFDM,Classical OFDM,0.44970703125,2.870078758050024e-06,-21.00242544619515
OFDM,Classical OFDM,0.449951171875,2.528150206131708e-06,-21.553334857136264
OFDM,Classical OFDM,0.4501953125,2.196855516490032e-06,-22.163348639863834
OFDM,Classical OFDM,0.450439453125,1.8793224246965927e-06,-22.841350630894546
OFDM,Classical OFDM,0.45068359375,1.5785394103100937e-06,-23.598809299291545
OFDM,Classical OFDM,0.450927734375,1.297329438944643e-06,-24.450860858334018
OFDM,Classical OFDM,0.451171875,1.0383227111302307e-06,-25.41804005626975
OFDM,Classical OFDM,0.451416015625,8.039314596643347e-07,-26.529173351004843
OFDM,Classical OFDM,0.45166015625,5.963276955492351e-07,-27.82651379052259
OFDM,Classical OFDM,0.451904296875,4.1742247477880234e-07,-29.37560530467968
OFDM,Classical OFDM,0.4521484375,2.688483775318232e-07,-31.286289391198267
OFDM,Classical OFDM,0.452392578125,1.519444781443091e-07,-33.764514371364044
OFDM,Classical OFDM,0.45263671875,6.774359894249103e-08,-37.27268093800167
OFDM,Classical OFDM,0.452880859375,1.6963428274984216e-08,-43.28622732186393
OFDM,Classical OFDM,0.453125,7.01066376370094e-15,-107.12377220478379
OFDM,Classical OFDM,0.453369140625,1.6924566109294853e-08,-43.296188154199406
OFDM,Classical OFDM,0.45361328125,6.748341599797159e-08,-37.289393006455654
OFDM,Classical OFDM,0.453857421875,1.5110091622356467e-07,-33.788692612668505
OFDM,Classical OFDM,0.4541015625,2.668857212880045e-07,-31.3181101990109
OFDM,Classical OFDM,0.454345703125,4.1363961519172355e-07,-29.415142335927204
OFDM,Classical OFDM,0.45458984375,5.898697031242911e-07,-27.87380268507398
OFDM,Classical OFDM,0.454833984375,7.938032643183141e-07,-26.584234785222552
OFDM,Classical OFDM,0.455078125,1.0234050814566885e-06,-25.480887900051744
OFDM,Classical OFDM,0.455322265625,1.276397335866714e-06,-24.52150469974548
OFDM,Classical OFDM,0.45556640625,1.550282027117415e-06,-23.677256468681843
OFDM,Classical OFDM,0.455810546875,1.842365285919266e-06,-22.9276061702354
OFDM,Classical OFDM,0.4560546875,2.149783176835644e-06,-22.25741699040725
OFDM,Classical OFDM,0.456298828125,2.4695300460893164e-06,-21.655220445544117
OFDM,Classical OFDM,0.45654296875,2.798486683142463e-06,-21.112131144077818
OFDM,Classical OFDM,0.456787109375,3.133450985988073e-06,-20.621134532494043
OFDM,Classical OFDM,0.45703125,3.4711688747432992e-06,-20.176606161156123
OFDM,Classical OFDM,0.457275390625,3.80836516385915e-06,-19.77397775130418
OFDM,Classical OFDM,0.45751953125,4.141775179236045e-06,-19.409498378782818
OFDM,Classical OFDM,0.457763671875,4.4681752993642395e-06,-19.08006155625955
OFDM,Classical OFDM,0.4580078125,4.784416062251107e-06,-18.783074192982507
OFDM,Classical OFDM,0.458251953125,5.087449230334193e-06,-18.51636270766328
OFDM,Classical OFDM,0.45849609375,5.374358910992868e-06,-18.27809692860352
OFDM,Classical OFDM,0.458740234375,5.6423874627189235e-06,-18.066734531817414
OFDM,Classical OFDM,0.458984375,5.888964380910629e-06,-17.880974315045897
OFDM,Classical OFDM,0.459228515625,6.111728313979378e-06,-17.7197231881767
OFDM,Classical OFDM,0.45947265625,6.308550155431469e-06,-17.582067988054504
OFDM,Classical OFDM,0.459716796875,6.477553073559114e-06,-17.46725378978973
OFDM,Classical OFDM,0.4599609375,6.617129727042621e-06,-17.374667100718383
OFDM,Classical OFDM,0.460205078125,6.725959646087227e-06,-17.30382101686335
OFDM,Classical OFDM,0.46044921875,6.803015522739277e-06,-17.25434897114525
OFDM,Classical OFDM,0.460693359375,6.847581585230868e-06,-17.225991436843398
OFDM,Classical OFDM,0.4609375,6.859250783891031e-06,-17.218596774569527
OFDM,Classical OFDM,0.461181640625,6.8379345576892765e-06,-17.23211418950872
OFDM,Classical OFDM,0.46142578125,6.78386150995851e-06,-17.26659385648223
OFDM,Classical OFDM,0.461669921875,6.697572607890568e-06,-17.32218928564807
OFDM,Classical OFDM,0.4619140625,6.57991853398204e-06,-17.399158423808288
OFDM,Classical OFDM,0.462158203125,6.432051740371719e-06,-17.497868297417792
OFDM,Classical OFDM,0.46240234375,6.255409564307686e-06,-17.61880609232868
OFDM,Classical OFDM,0.462646484375,6.0517059514154876e-06,-17.762585412568356
OFDM,Classical OFDM,0.462890625,5.8229122536803115e-06,-17.929961133149924
OFDM,Classical OFDM,0.463134765625,5.5712382757311175e-06,-18.12184625871215
OFDM,Classical OFDM,0.46337890625,5.2991098448974e-06,-18.339334369557946
OFDM,Classical OFDM,0.463623046875,5.009147126171816e-06,-18.58372571267185
OFDM,Classical OFDM,0.4638671875,4.704137143460539e-06,-18.85656384439092
OFDM,Classical OFDM,0.464111328125,4.387009280457069e-06,-19.159678058949655
OFDM,Classical OFDM,0.46435546875,4.060804408432537e-06,-19.495242871375694
OFDM,Classical OFDM,0.464599609375,3.7286474902533813e-06,-19.86585032320807
OFDM,Classical OFDM,0.46484375,3.39371703924092e-06,-20.274607300649254
OFDM,Classical OFDM,0.465087890625,3.0592144124963e-06,-20.725264423866218
OFDM,Classical OFDM,0.46533203125,2.7283329800744597e-06,-21.222389862282583
OFDM,Classical OFDM,0.465576171875,2.4042273769254144e-06,-21.77160820871368
OFDM,Classical OFDM,0.4658203125,2.0899840377289726e-06,-22.379933898291277
OFDM,Classical OFDM,0.466064453125,1.7885920214150653e-06,-23.05625069913414
OFDM,Classical OFDM,0.46630859375,1.5029121803377118e-06,-23.81202754824679
OFDM,Classical OFDM,0.466552734375,1.2356525576896818e-06,-24.66239986565261
OFDM,Classical OFDM,0.466796875,9.89341136362973e-07,-25.62790291801417
OFDM,Classical OFDM,0.467041015625,7.663022088794624e-07,-26.737362816051167
OFDM,Classical OFDM,0.46728515625,5.68634433705664e-07,-28.033032041356446
OFDM,Classical OFDM,0.467529296875,3.9819051587610853e-07,-29.58045447260604
OFDM,Classical OFDM,0.4677734375,2.5656025003902415e-07,-31.489469888488017
OFDM,Classical OFDM,0.468017578125,1.4505534817231685e-07,-33.9660261320859
OFDM,Classical OFDM,0.46826171875,6.469708138836965e-08,-37.47251669786237
OFDM,Classical OFDM,0.468505859375,1.6206961497927383e-08,-43.48434758635244
OFDM,Classical OFDM,0.46875,7.12658791635602e-15,-107.052547118917
OFDM,Classical OFDM,0.468994140625,1.6181192087387783e-08,-43.49125845586612
OFDM,Classical OFDM,0.46923828125,6.454468606371065e-08,-37.48275866229015
OFDM,Classical OFDM,0.469482421875,1.4457624437788564e-07,-33.980394200301994
OFDM,Classical OFDM,0.4697265625,2.554583532127872e-07,-31.508162508131242
OFDM,Classical OFDM,0.469970703125,3.9607827322349263e-07,-29.60355339084599
OFDM,Classical OFDM,0.47021484375,5.650394248931836e-07,-28.060576078140503
OFDM,Classical OFDM,0.470458984375,7.606745485367423e-07,-26.769374736165396
OFDM,Classical OFDM,0.470703125,9.81062045673141e-07,-25.664398845284786
OFDM,Classical OFDM,0.470947265625,1.2240453517508605e-06,-24.70338849997937
OFDM,Classical OFDM,0.47119140625,1.487252520964564e-06,-23.857516452773506
OFDM,Classical OFDM,0.471435546875,1.768120311544694e-06,-23.10624545824072
OFDM,Classical OFDM,0.4716796875,2.063918581424519e-06,-22.434437980153305
OFDM,Classical OFDM,0.471923828125,2.371776339253538e-06,-21.830626267812747
OFDM,Classical OFDM,0.47216796875,2.6887097404428677e-06,-21.28592438515375
OFDM,Classical OFDM,0.472412109375,3.0116506832736834e-06,-20.793317617235854
OFDM,Classical OFDM,0.47265625,3.337476232678846e-06,-20.347181774023998
OFDM,Classical OFDM,0.472900390625,3.6630389130813655e-06,-19.942948267522944
OFDM,Classical OFDM,0.47314453125,3.985196214943344e-06,-19.57686649862694
OFDM,Classical OFDM,0.473388671875,4.30084154974299e-06,-19.24582916317441
OFDM,Classical OFDM,0.4736328125,4.606933218535988e-06,-18.947244421991904
OFDM,Classical OFDM,0.473876953125,4.9005247875612865e-06,-18.67893768764203
OFDM,Classical OFDM,0.47412109375,5.178791656550244e-06,-18.439079193781584
OFDM,Classical OFDM,0.474365234375,5.439058371941636e-06,-18.226126393390732
OFDM,Classical OFDM,0.474609375,5.67882643670058e-06,-18.03877763582457
OFDM,Classical OFDM,0.474853515625,5.895794008940262e-06,-17.87594057570113
OFDM,Classical OFDM,0.47509765625,6.087881890859864e-06,-17.736701407955785
OFDM,Classical OFDM,0.475341796875,6.253249999440882e-06,-17.620305672854478
OFDM,Classical OFDM,0.4755859375,6.390316816766909e-06,-17.526139690414425
OFDM,Classical OFDM,0.475830078125,6.497775281348732e-06,-17.453716713693595
OFDM,Classical OFDM,0.47607421875,6.5746010648561514e-06,-17.40266953283435
OFDM,Classical OFDM,0.476318359375,6.620067801304533e-06,-17.372739216122582
OFDM,Classical OFDM,0.4765625,6.6337480802626256e-06,-17.363773840678395
OFDM,Classical OFDM,0.476806640625,6.615522220188295e-06,-17.375722265416545
OFDM,Classical OFDM,0.47705078125,6.565576116478246e-06,-17.40863518435061
OFDM,Classical OFDM,0.477294921875,6.484399089517753e-06,-17.462666228914774
OFDM,Classical OFDM,0.4775390625,6.372782560403563e-06,-17.538072584374895
OFDM,Classical OFDM,0.477783203125,6.231810284400355e-06,-17.635221354279306
OFDM,Classical OFDM,0.47802734375,6.062842625150269e-06,-17.754600637433505
OFDM,Classical OFDM,0.478271484375,5.8675130784455516e-06,-17.89682292728751
OFDM,Classical OFDM,0.478515625,5.647705262914085e-06,-18.062643349384217
OFDM,Classical OFDM,0.478759765625,5.405536780392339e-06,-18.25297532301397
OFDM,Classical OFDM,0.47900390625,5.143339103467046e-06,-18.468912004613426
OFDM,Classical OFDM,0.479248046875,4.863635145531962e-06,-18.71175370931674
OFDM,Classical OFDM,0.4794921875,4.569113354617272e-06,-18.983044264728964
OFDM,Classical OFDM,0.479736328125,4.262605366213664e-06,-19.28461231681445
OFDM,Classical OFDM,0.47998046875,3.947054303389463e-06,-19.618632575851215
OFDM,Classical OFDM,0.480224609375,3.6254892016892955e-06,-19.987697430808492
OFDM,Classical OFDM,0.48046875,3.3009961233400383e-06,-20.394913447259114
OFDM,Classical OFDM,0.480712890625,2.9766872022738036e-06,-20.84403158729558
OFDM,Classical OFDM,0.48095703125,2.655671882484864e-06,-21.339619436110524
OFDM,Classical OFDM,0.481201171875,2.3410258802853175e-06,-21.887301441310495
OFDM,Classical OFDM,0.4814453125,2.0357625054293325e-06,-22.49409247736354
OFDM,Classical OFDM,0.481689453125,1.7428047271432468e-06,-23.168876297893895
OFDM,Classical OFDM,0.48193359375,1.4649548812871038e-06,-23.923121098364465
OFDM,Classical OFDM,0.482177734375,1.2048694470144264e-06,-24.77196367311542
OFDM,Classical OFDM,0.482421875,9.650339889666284e-07,-25.735937493488898
OFDM,Classical OFDM,0.482666015625,7.477378925491308e-07,-26.84386969406812
OFDM,Classical OFDM,0.48291015625,5.550538893660173e-07,-28.138012088426358
OFDM,Classical OFDM,0.483154296875,3.8881726193133493e-07,-29.683908214047534
OFDM,Classical OFDM,0.4833984375,2.5060889706068924e-07,-31.591398738681875
OFDM,Classical OFDM,0.483642578125,1.417404213781893e-07,-34.06642639489383
OFDM,Classical OFDM,0.48388671875,6.324089647004488e-08,-37.57138341388591
OFDM,Classical OFDM,0.484130859375,1.5847866111876616e-08,-43.58165565545433
OFDM,Classical OFDM,0.484375,7.180140301389846e-15,-107.0200342849802
OFDM,Classical OFDM,0.484619140625,1.5833111867475706e-08,-43.58570078777025
OFDM,Classical OFDM,0.48486328125,6.317887659067733e-08,-37.57564459754198
OFDM,Classical OFDM,0.485107421875,1.415666410476871e-07,-34.07175431347234
OFDM,Classical OFDM,0.4853515625,2.5022801738114687e-07,-31.598004241200282
OFDM,Classical OFDM,0.485595703125,3.8810416975535923e-07,-29.69188050240127
OFDM,Classical OFDM,0.48583984375,5.538564221520317e-07,-28.147391631569505
OFDM,Classical OFDM,0.486083984375,7.458787937392682e-07,-26.85468099229217
OFDM,Classical OFDM,0.486328125,9.623137582862523e-07,-25.748196640392894
OFDM,Classical OFDM,0.486572265625,1.2010701581146823e-06,-24.78567982436306
OFDM,Classical OFDM,0.48681640625,1.4598427578777006e-06,-23.938302793115966
OFDM,Classical OFDM,0.487060546875,1.736135336641673e-06,-23.185527823863026
OFDM,Classical OFDM,0.4873046875,2.027283986886267e-06,-22.512217690400593
OFDM,Classical OFDM,0.487548828125,2.3304828551404153e-06,-21.90690446755466
OFDM,Classical OFDM,0.48779296875,2.6428112482790305e-06,-21.36070212449534
OFDM,Classical OFDM,0.488037109375,2.9612613605746063e-06,-20.866596191648902
OFDM,Classical OFDM,0.48828125,3.2827679457807973e-06,-20.41896174872833
OFDM,Classical OFDM,0.488525390625,3.6042362924859742e-06,-20.01323103588462
OFDM,Classical OFDM,0.48876953125,3.922573468775849e-06,-19.645652724677266
OFDM,Classical OFDM,0.489013671875,4.234716256203373e-06,-19.313120429399813
OFDM,Classical OFDM,0.4892578125,4.5376631807408815e-06,-19.01304102860507
OFDM,Classical OFDM,0.489501953125,4.828500584485337e-06,-18.743240707127885
OFDM,Classical OFDM,0.48974609375,5.104431511452379e-06,-18.50188977966844
OFDM,Classical OFDM,0.489990234375,5.362803186325976e-06,-18.287445002795547
OFDM,Classical OFDM,0.490234375,5.601131844653883e-06,-18.098605634082766
OFDM,Classical OFDM,0.490478515625,5.817126818137248e-06,-17.934278271474216
OFDM,Classical OFDM,0.49072265625,6.008711309227481e-06,-17.793550203506545
OFDM,Classical OFDM,0.490966796875,6.174044490000213e-06,-17.675666043531887
OFDM,Classical OFDM,0.4912109375,6.311537227945763e-06,-17.58001210825777
OFDM,Classical OFDM,0.491455078125,6.419868722200093e-06,-17.506102116114597
OFDM,Classical OFDM,0.49169921875,6.497997263296179e-06,-17.453568349239635
OFDM,Classical OFDM,0.491943359375,6.545171986123195e-06,-17.422152961225155
OFDM,Classical OFDM,0.4921875,6.560940981123703e-06,-17.41170227941635
OFDM,Classical OFDM,0.492431640625,6.545150632155097e-06,-17.422167130334323
OFDM,Classical OFDM,0.49267578125,6.497955383033163e-06,-17.45359634005743
OFDM,Classical OFDM,0.492919921875,6.419807474384615e-06,-17.506143549539996
OFDM,Classical OFDM,0.4931640625,6.3114562815085516e-06,-17.58006780755126
OFDM,Classical OFDM,0.493408203125,6.17394599689154e-06,-17.67573532608219
OFDM,Classical OFDM,0.49365234375,6.0085967592590745e-06,-17.79363299812061
OFDM,Classical OFDM,0.493896484375,5.816997866655473e-06,-17.934374545011742
OFDM,Classical OFDM,0.494140625,5.600991554049512e-06,-18.098714412451255
OFDM,Classical OFDM,0.494384765625,5.362652880876101e-06,-18.287566725969043
OFDM,Classical OFDM,0.49462890625,5.104273260339957e-06,-18.50202442473149
OFDM,Classical OFDM,0.494873046875,4.828337698403095e-06,-18.743387215797974
OFDM,Classical OFDM,0.4951171875,4.5374975633371385e-06,-19.013199541994727
OFDM,Classical OFDM,0.495361328125,4.2345513009381746e-06,-19.313289603796445
OFDM,Classical OFDM,0.49560546875,3.922411162064834e-06,-19.645832429067514
OFDM,Classical OFDM,0.495849609375,3.604079613952598e-06,-20.013419830669342
OFDM,Classical OFDM,0.49609375,3.28261871630606e-06,-20.41915917666598
OFDM,Classical OFDM,0.496337890625,2.9611221459453727e-06,-20.86680036669167
OFDM,Classical OFDM,0.49658203125,2.6426832900050736e-06,-21.360912404051597
OFDM,Classical OFDM,0.496826171875,2.3303678913354177e-06,-21.907118712330366
OFDM,Classical OFDM,0.4970703125,2.0271829693743883e-06,-22.512434100342848
OFDM,Classical OFDM,0.497314453125,1.736049300014391e-06,-23.185743049931844
OFDM,Classical OFDM,0.49755859375,1.459772033204288e-06,-23.93851319988262
OFDM,Classical OFDM,0.497802734375,1.2010147040114798e-06,-24.785880345263912
OFDM,Classical OFDM,0.498046875,9.622730781493506e-07,-25.748380234696334
OFDM,Classical OFDM,0.498291015625,7.4585185297719e-07,-26.854837860079744
OFDM,Classical OFDM,0.49853515625,5.538417206071342e-07,-28.147506912070185
OFDM,Classical OFDM,0.498779296875,3.8809982447115306e-07,-29.6919291270661
OFDM,Classical OFDM,0.4990234375,2.502312866902163e-07,-31.59794749960803
OFDM,Classical OFDM,0.499267578125,1.4157480138796712e-07,-34.07150397987761
OFDM,Classical OFDM,0.49951171875,6.318833534326182e-08,-37.57499444723828
OFDM,Classical OFDM,0.499755859375,1.5840004509885763e-08,-43.583810581213996
Learned,Learned Basis,-0.5,6.001791978610034e-15,-107.79855420269968
Learned,Learned Basis,-0.499755859375,2.2621934058624687e-08,-42.03606626911192
Learned,Learned Basis,-0.49951171875,9.031097905357958e-08,-36.023958085725916
Learned,Learned Basis,-0.499267578125,2.024643984818211e-07,-32.51787691485184
Learned,Learned Basis,-0.4990234375,3.5805362654915494e-07,-30.041882821850056
Learned,Learned Basis,-0.498779296875,5.556335959580132e-07,-28.13347861883721
Learned,Learned Basis,-0.49853515625,7.933567942576438e-07,-26.58667813663819
Learned,Learned Basis,-0.498291015625,1.0689900776601251e-06,-25.29162684908336
Learned,Learned Basis,-0.498046875,1.3799356650297184e-06,-24.182775197063066
Learned,Learned Basis,-0.497802734375,1.7232565914135732e-06,-23.21786410690029
Learned,Learned Basis,-0.49755859375,2.0957027927372203e-06,-22.368066668900205
Learned,Learned Basis,-0.497314453125,2.49374419539449e-06,-21.612844568858513
Learned,Learned Basis,-0.4970703125,2.9136017571386198e-06,-20.937061686592276
Learned,Learned Basis,-0.496826171875,3.3512852748876166e-06,-20.329249607223545
Learned,Learned Basis,-0.49658203125,3.802630344078604e-06,-19.780522495823206
Learned,Learned Basis,-0.496337890625,4.263338670438403e-06,-19.28386525589597
Learned,Learned Basis,-0.49609375,4.729017595384875e-06,-18.833654291152467
Learned,Learned Basis,-0.495849609375,5.195224049928723e-06,-18.425320772859052
Learned,Learned Basis,-0.49560546875,5.657505694201175e-06,-18.055113592866437
Learned,Learned Basis,-0.495361328125,6.111443050290176e-06,-17.719925898982982
Learned,Learned Basis,-0.4951171875,6.552693373366484e-06,-17.417165129627538
Learned,Learned Basis,-0.494873046875,6.977030466799994e-06,-17.14465739595501
Learned,Learned Basis,-0.49462890625,7.380386401117387e-06,-16.900572590610384
Learned,Learned Basis,-0.494384765625,7.758890584137064e-06,-16.68336731533854
Learned,Learned Basis,-0.494140625,8.108905354524283e-06,-16.49174127572926
Learned,Learned Basis,-0.493896484375,8.427063561963326e-06,-16.324600893821856
Learned,Learned Basis,-0.49365234375,8.71029935972147e-06,-16.18103277721027
Learned,Learned Basis,-0.493408203125,8.955877507250199e-06,-16.06028214078843
Learned,Learned Basis,-0.4931640625,9.161421017272207e-06,-15.961735172244563
Learned,Learned Basis,-0.492919921875,9.324935657391449e-06,-15.884905151916087
Learned,Learned Basis,-0.49267578125,9.444824849720871e-06,-15.829424504998293
Learned,Learned Basis,-0.492431640625,9.519910364809812e-06,-15.795034997426145
Learned,Learned Basis,-0.4921875,9.549441592523483e-06,-15.781583822450482
Learned,Learned Basis,-0.491943359375,9.533104812922445e-06,-15.78901991071189
Learned,Learned Basis,-0.49169921875,9.471024189571119e-06,-15.817394131972293
Learned,Learned Basis,-0.491455078125,9.36376408725766e-06,-15.866858955737772
Learned,Learned Basis,-0.4912109375,9.212320794422995e-06,-15.937673063261784
Learned,Learned Basis,-0.490966796875,9.018120702095209e-06,-16.03020315246402
Learned,Learned Basis,-0.49072265625,8.782997457793695e-06,-16.144936019778076
Learned,Learned Basis,-0.490478515625,8.50918335685535e-06,-16.282484770402796
Learned,Learned Basis,-0.490234375,8.19928301975892e-06,-16.443604815408296
Learned,Learned Basis,-0.489990234375,7.856252863749017e-06,-16.62920905686607
Learned,Learned Basis,-0.48974609375,7.483372131337745e-06,-16.840390167729684
Learned,Learned Basis,-0.489501953125,7.084210773329384e-06,-17.078448849468234
Learned,Learned Basis,-0.4892578125,6.662596172985112e-06,-17.344928680079786
Learned,Learned Basis,-0.489013671875,6.222580201290583e-06,-17.641658561946084
Learned,Learned Basis,-0.48876953125,5.7683965046897674e-06,-17.97081254005668
Learned,Learned Basis,-0.488525390625,5.304422262707107e-06,-18.334982698982625
Learned,Learned Basis,-0.48828125,4.835136386214162e-06,-18.737276301520488
Learned,Learned Basis,-0.488037109375,4.3650778812476695e-06,-19.181443622791036
Learned,Learned Basis,-0.48779296875,3.898801564004907e-06,-19.672052274150673
Learned,Learned Basis,-0.487548828125,3.4408332791847835e-06,-20.214727290324493
Learned,Learned Basis,-0.4873046875,2.9956300020958104e-06,-20.81648187504659
Learned,Learned Basis,-0.487060546875,2.5675342706279568e-06,-21.48620109892882
Learned,Learned Basis,-0.48681640625,2.160733004337113e-06,-22.23535253366618
Learned,Learned Basis,-0.486572265625,1.779217896268045e-06,-23.07907220748855
Learned,Learned Basis,-0.486328125,1.4267466325344356e-06,-24.0378950284235
Learned,Learned Basis,-0.486083984375,1.1068063261491638e-06,-25.14064726261357
Learned,Learned Basis,-0.48583984375,8.225800963315477e-07,-26.429581621887852
Learned,Learned Basis,-0.485595703125,5.76915458533235e-07,-27.970241829274443
Learned,Learned Basis,-0.4853515625,3.722969049843927e-07,-29.872469332116367
Learned,Learned Basis,-0.485107421875,2.1082168245168182e-07,-32.34221084150215
Learned,Learned Basis,-0.48486328125,9.41780506807781e-08,-35.84186661953593
Learned,Learned Basis,-0.484619140625,2.3629210975002394e-08,-41.84687139082179
Learned,Learned Basis,-0.484375,6.4576652384881236e-15,-107.48060831327092
Learned,Learned Basis,-0.484130859375,2.3668103271502055e-08,-41.83972903450223
Learned,Learned Basis,-0.48388671875,9.455953547224351e-08,-35.82431028972784
Learned,Learned Basis,-0.483642578125,2.1214841152539125e-07,-32.31496574717524
Learned,Learned Basis,-0.4833984375,3.754609444026444e-07,-29.835715908208225
Learned,Learned Basis,-0.483154296875,5.830837078214355e-07,-27.924054522328486
Learned,Learned Basis,-0.48291015625,8.331763804707849e-07,-26.373994092910735
Learned,Learned Basis,-0.482666015625,1.1234883632350065e-06,-25.075677805422274
Learned,Learned Basis,-0.482421875,1.4513789868138168e-06,-23.963555279857538
Learned,Learned Basis,-0.482177734375,1.8138422720064738e-06,-22.99536840013987
Learned,Learned Basis,-0.48193359375,2.2075348044319903e-06,-22.142287995484086
Learned,Learned Basis,-0.481689453125,2.628806465011328e-06,-21.38377744874346
Learned,Learned Basis,-0.4814453125,3.0737351750715075e-06,-20.704699119183925
Learned,Learned Basis,-0.481201171875,3.538163027942858e-06,-20.093585190028143
Learned,Learned Basis,-0.48095703125,4.017736021299628e-06,-19.541549602760725
Learned,Learned Basis,-0.480712890625,4.50794552779051e-06,-19.04157699459936
Learned,Learned Basis,-0.48046875,5.004169682893437e-06,-18.58804331565805
Learned,Learned Basis,-0.480224609375,5.501718497677333e-06,-18.176379936243826
Learned,Learned Basis,-0.47998046875,5.995878226582462e-06,-17.802835550723078
Learned,Learned Basis,-0.479736328125,6.481955569649362e-06,-17.464303091758218
Learned,Learned Basis,-0.4794921875,6.955323530261972e-06,-17.158190228077235
Learned,Learned Basis,-0.479248046875,7.4114657001522785e-06,-16.882322559657787
Learned,Learned Basis,-0.47900390625,7.846018971666473e-06,-16.634870051065803
Learned,Learned Basis,-0.478759765625,8.254816415582538e-06,-16.414289398860497
Learned,Learned Basis,-0.478515625,8.633927344553693e-06,-16.219279693251245
Learned,Learned Basis,-0.478271484375,8.979695721037661e-06,-16.048747382723192
Learned,Learned Basis,-0.47802734375,9.288774426440454e-06,-15.901779426574308
Learned,Learned Basis,-0.477783203125,9.558160523568652e-06,-15.777620390638562
Learned,Learned Basis,-0.4775390625,9.785222738165018e-06,-15.675656432001306
Learned,Learned Basis,-0.477294921875,9.96772927154691e-06,-15.595401252024931
Learned,Learned Basis,-0.47705078125,1.0103869487842209e-05,-15.53648631243776
Learned,Learned Basis,-0.476806640625,1.0192271462439755e-05,-15.498653768173341
Learned,Learned Basis,-0.4765625,1.0232018702682692e-05,-15.481750337248172
Learned,Learned Basis,-0.476318359375,1.0222656935476654e-05,-15.485725725755191
Learned,Learned Basis,-0.47607421875,1.0164204868132012e-05,-15.510629489864527
Learned,Learned Basis,-0.475830078125,1.0057148559615626e-05,-15.556614936491155
Learned,Learned Basis,-0.4755859375,9.902444234924966e-06,-15.62393953647504
Learned,Learned Basis,-0.475341796875,9.701509345311485e-06,-15.712970526611851
Learned,Learned Basis,-0.47509765625,9.456204688727323e-06,-15.824194946605646
Learned,Learned Basis,-0.474853515625,9.1688272911143e-06,-15.958225668192018
Learned,Learned Basis,-0.474609375,8.842084911485344e-06,-16.115816778588613
Learned,Learned Basis,-0.474365234375,8.479067898183217e-06,-16.297882460283166
Learned,Learned Basis,-0.47412109375,8.083228991607383e-06,-16.505514768263886
Learned,Learned Basis,-0.473876953125,7.658344254079058e-06,-16.740014743851713
Learned,Learned Basis,-0.4736328125,7.20848293948292e-06,-17.00292484088613
Learned,Learned Basis,-0.473388671875,6.737967760926483e-06,-17.2960743033854
Learned,Learned Basis,-0.47314453125,6.2513326751281966e-06,-17.621637477996984
Learned,Learned Basis,-0.472900390625,5.753283315628258e-06,-17.982205980041428
Learned,Learned Basis,-0.47265625,5.248650803942638e-06,-18.38088679182292
Learned,Learned Basis,-0.472412109375,4.74234721623131e-06,-18.821430108647366
Learned,Learned Basis,-0.47216796875,4.239318235592351e-06,-19.308403397735898
Learned,Learned Basis,-0.471923828125,3.7444948110475294e-06,-19.84743125927834
Learned,Learned Basis,-0.4716796875,3.2627482931076874e-06,-20.445527878822105
Learned,Learned Basis,-0.471435546875,2.7988434585575396e-06,-21.111577503001328
Learned,Learned Basis,-0.47119140625,2.357390831646933e-06,-21.857047688822874
Learned,Learned Basis,-0.470947265625,1.9428036821097012e-06,-22.69707441124155
Learned,Learned Basis,-0.470703125,1.5592548576311017e-06,-23.652192533186188
Learned,Learned Basis,-0.470458984375,1.210635768483701e-06,-24.75122857938803
Learned,Learned Basis,-0.47021484375,9.00518869436991e-07,-26.03643541584617
Learned,Learned Basis,-0.469970703125,6.321215798949617e-07,-27.573357421360672
Learned,Learned Basis,-0.4697265625,4.0827480843251886e-07,-29.471837753211467
Learned,Learned Basis,-0.469482421875,2.3139485561555268e-07,-31.937826595631872
Learned,Learned Basis,-0.46923828125,1.0345770955636076e-07,-35.433734996633824
Learned,Learned Basis,-0.468994140625,2.5979530893421257e-08,-41.43505054175531
Learned,Learned Basis,-0.46875,8.055393915075164e-15,-106.52049576409993
Learned,Learned Basis,-0.468505859375,2.607074843204654e-08,-41.41982860068336
Learned,Learned Basis,-0.46826171875,1.0424806496546954e-07,-35.400683566033756
Learned,Learned Basis,-0.468017578125,2.340906587119215e-07,-31.887522753190318
Learned,Learned Basis,-0.4677734375,4.1466178218641336e-07,-29.404423491020513
Learned,Learned Basis,-0.467529296875,6.445361152716022e-07,-27.488891018449305
Learned,Learned Basis,-0.46728515625,9.218116997937367e-07,-25.934941430607555
Learned,Learned Basis,-0.467041015625,1.2441262204700411e-06,-24.632719159106667
Learned,Learned Basis,-0.466796875,1.6086770469774067e-06,-23.51667493790768
Learned,Learned Basis,-0.466552734375,2.0122473703827023e-06,-22.544549904997172
Learned,Learned Basis,-0.46630859375,2.451234233067442e-06,-21.687515458275335
Learned,Learned Basis,-0.466064453125,2.921681411378432e-06,-20.925035015758567
Learned,Learned Basis,-0.4658203125,3.419316230124618e-06,-20.241970913236997
Learned,Learned Basis,-0.465576171875,3.939588632712028e-06,-19.62685483359422
Learned,Learned Basis,-0.46533203125,4.477713355367818e-06,-19.07080070623126
Learned,Learned Basis,-0.465087890625,5.028714832962739e-06,-18.566793505629985
Learned,Learned Basis,-0.46484375,5.587473801735649e-06,-18.109208591782327
Learned,Learned Basis,-0.464599609375,6.148775723083644e-06,-17.69347706605435
Learned,Learned Basis,-0.46435546875,6.707359124576462e-06,-17.31584799121452
Learned,Learned Basis,-0.464111328125,7.257967086447872e-06,-16.97321364601987
Learned,Learned Basis,-0.4638671875,7.795396824245734e-06,-16.662981312007712
Learned,Learned Basis,-0.463623046875,8.314548526500667e-06,-16.382976866808633
Learned,Learned Basis,-0.46337890625,8.810475847908915e-06,-16.131369940249723
Learned,Learned Basis,-0.463134765625,9.278433422589668e-06,-15.906617032110494
Learned,Learned Basis,-0.462890625,9.713923218482448e-06,-15.70741692657317
Learned,Learned Basis,-0.462646484375,1.01127384084732e-05,-15.532675857630183
Learned,Learned Basis,-0.46240234375,1.0471003599389167e-05,-15.381480501457354
Learned,Learned Basis,-0.462158203125,1.078521423323667e-05,-15.25307582846677
Learned,Learned Basis,-0.4619140625,1.1052276153990299e-05,-15.146846312915972
Learned,Learned Basis,-0.461669921875,1.1269526467071738e-05,-15.062306911650955
Learned,Learned Basis,-0.46142578125,1.1434772609484706e-05,-14.999088263243053
Learned,Learned Basis,-0.461181640625,1.1546306918339846e-05,-14.956932615033336
Learned,Learned Basis,-0.4609375,1.1602932787978963e-05,-14.935685825005784
Learned,Learned Basis,-0.460693359375,1.1603970795377535e-05,-14.935297319159622
Learned,Learned Basis,-0.46044921875,1.1549271944258257e-05,-14.955817514684648
Learned,Learned Basis,-0.460205078125,1.143922263163361e-05,-14.997398466539307
Learned,Learned Basis,-0.4599609375,1.1274741502328903e-05,-15.060297654948906
Learned,Learned Basis,-0.459716796875,1.1057274482439691e-05,-15.14488268503679
Learned,Learned Basis,-0.45947265625,1.0788782859629593e-05,-15.25163906664847
Learned,Learned Basis,-0.459228515625,1.0471727886848297e-05,-15.381180106977157
Learned,Learned Basis,-0.458984375,1.0109050419507012e-05,-15.534259964049964
Learned,Learned Basis,-0.458740234375,9.7041421095315e-06,-15.71179211218698
Learned,Learned Basis,-0.45849609375,9.260821897060558e-06,-15.914868270387402
Learned,Learned Basis,-0.458251953125,8.78329329817986e-06,-16.14478973750479
Learned,Learned Basis,-0.4580078125,8.276115598974996e-06,-16.403098108584885
Learned,Learned Basis,-0.457763671875,7.744155514517075e-06,-16.691622933379946
Learned,Learned Basis,-0.45751953125,7.192544973250807e-06,-17.012537729154012
Learned,Learned Basis,-0.457275390625,6.626633769288611e-06,-17.368433896972494
Learned,Learned Basis,-0.45703125,6.051938572573488e-06,-17.762418477584262
Learned,Learned Basis,-0.456787109375,5.474093760107515e-06,-18.19824127304839
Learned,Learned Basis,-0.45654296875,4.898796701207782e-06,-18.680469423030484
Learned,Learned Basis,-0.456298828125,4.331752380556665e-06,-19.21472736286756
Learned,Learned Basis,-0.4560546875,3.7786224083647037e-06,-19.808028632860303
Learned,Learned Basis,-0.455810546875,3.244969395093736e-06,-20.46925753914694
Learned,Learned Basis,-0.45556640625,2.7362025264278294e-06,-21.20988119465669
Learned,Learned Basis,-0.455322265625,2.2575261595576083e-06,-22.045035675319653
Learned,Learned Basis,-0.455078125,1.813889785263793e-06,-22.995254639006767
Learned,Learned Basis,-0.454833984375,1.4099372657132776e-06,-24.089365696041515
Learned,Learned Basis,-0.45458984375,1.0499635220690742e-06,-25.369621479925094
Learned,Learned Basis,-0.454345703125,7.378698769949756e-07,-26.901565780768564
Learned,Learned Basis,-0.4541015625,4.771249224388343e-07,-28.795042566665266
Learned,Learned Basis,-0.453857421875,2.7072959863006944e-07,-31.25600619623187
Learned,Learned Basis,-0.45361328125,1.2118506675737206e-07,-34.7468725259774
Learned,Learned Basis,-0.453369140625,3.046625048914883e-08,-40.7431735055463
Learned,Learned Basis,-0.453125,5.967639944762698e-15,-107.82333746758779
Learned,Learned Basis,-0.452880859375,3.064793605821625e-08,-40.71735126131722
Learned,Learned Basis,-0.45263671875,1.2269489828749085e-07,-34.69309854094703
Learned,Learned Basis,-0.452392578125,2.7584277320307145e-07,-31.17474748650926
Learned,Learned Basis,-0.4521484375,4.892096380005139e-07,-28.68641354468601
Learned,Learned Basis,-0.451904296875,7.613341625420519e-07,-26.76561041157853
Learned,Learned Basis,-0.45166015625,1.0901863708455323e-06,-25.20635610707376
Learned,Learned Basis,-0.451416015625,1.4731835986891847e-06,-23.89879483921174
Learned,Learned Basis,-0.451171875,1.90721008558739e-06,-22.777378243502703
Learned,Learned Basis,-0.450927734375,2.3886452013076604e-06,-21.79984712647849
Learned,Learned Basis,-0.45068359375,2.9133925829204228e-06,-20.937373487851918
Learned,Learned Basis,-0.450439453125,3.476917859828676e-06,-20.169419281762465
Learned,Learned Basis,-0.4501953125,4.074287723902929e-06,-19.48084663646324
Learned,Learned Basis,-0.449951171875,4.700213717831591e-06,-18.860187533521188
Learned,Learned Basis,-0.44970703125,5.349101279728908e-06,-18.29855538132992
Learned,Learned Basis,-0.449462890625,6.0151013951777764e-06,-17.788934064854686
Learned,Learned Basis,-0.44921875,6.692162663151079e-06,-17.325698704210946
Learned,Learned Basis,-0.448974609375,7.374087335167103e-06,-16.904280821481173
Learned,Learned Basis,-0.44873046875,8.05459223821181e-06,-16.520927997666124
Learned,Learned Basis,-0.448486328125,8.72736473111854e-06,-16.17253232788762
Learned,Learned Basis,-0.4482421875,9.386124124144544e-06,-15.85650065905985
Learned,Learned Basis,-0.447998046875,1.0024679621967716e-05,-15.570658570978699
Learned,Learned Basis,-0.44775390625,1.0636993564328736e-05,-15.313174625437169
Learned,Learned Basis,-0.447509765625,1.1217235892447998e-05,-15.082505060753297
Learned,Learned Basis,-0.447265625,1.1759842423125184e-05,-14.877348566068086
Learned,Learned Basis,-0.447021484375,1.225957163287605e-05,-14.696610634534121
Learned,Learned Basis,-0.44677734375,1.2711553826703943e-05,-14.539377182178459
Learned,Learned Basis,-0.446533203125,1.311134196238551e-05,-14.404892144720453
Learned,Learned Basis,-0.4462890625,1.3454956183802459e-05,-14.29254071207203
Learned,Learned Basis,-0.446044921875,1.3738923553282181e-05,-14.20183652006234
Learned,Learned Basis,-0.44580078125,1.3960321094966752e-05,-14.132409516140541
Learned,Learned Basis,-0.445556640625,1.4116798640908784e-05,-14.084001389539475
Learned,Learned Basis,-0.4453125,1.4206613927972298e-05,-14.056457805790556
Learned,Learned Basis,-0.445068359375,1.4228648490768976e-05,-14.049727084752545
Learned,Learned Basis,-0.44482421875,1.4182422230183052e-05,-14.063859482509905
Learned,Learned Basis,-0.444580078125,1.4068109306307556e-05,-14.099006249884559
Learned,Learned Basis,-0.4443359375,1.3886538138444314e-05,-14.155423677697279
Learned,Learned Basis,-0.444091796875,1.363918511415002e-05,-14.233479352587974
Learned,Learned Basis,-0.44384765625,1.3328170284899332e-05,-14.333658262438373
Learned,Learned Basis,-0.443603515625,1.2956243128662826e-05,-14.456572699148824
Learned,Learned Basis,-0.443359375,1.2526759372708293e-05,-14.602976239109843
Learned,Learned Basis,-0.443115234375,1.2043653512065153e-05,-14.773781063691736
Learned,Learned Basis,-0.44287109375,1.1511406858100545e-05,-14.970079551717234
Learned,Learned Basis,-0.442626953125,1.0935012110515606e-05,-15.19317090670363
Learned,Learned Basis,-0.4423828125,1.0319928989565127e-05,-15.44459650061935
Learned,Learned Basis,-0.442138671875,9.67203457063177e-06,-15.726185188762095
Learned,Learned Basis,-0.44189453125,8.997572625491797e-06,-16.04010998201534
Learned,Learned Basis,-0.441650390625,8.303099321449557e-06,-16.38896126051844
Learned,Learned Basis,-0.44140625,7.595421636209529e-06,-16.775844716495715
Learned,Learned Basis,-0.441162109375,6.881535607196956e-06,-17.204509976329877
Learned,Learned Basis,-0.44091796875,6.168561932055759e-06,-17.67952429637926
Learned,Learned Basis,-0.440673828125,5.4636817346978805e-06,-18.206509657326094
Learned,Learned Basis,-0.4404296875,4.774066288725816e-06,-18.792479140593557
Learned,Learned Basis,-0.440185546875,4.106810300210669e-06,-19.446317164281076
Learned,Learned Basis,-0.43994140625,3.4688651076944888e-06,-20.1794894708234
Learned,Learned Basis,-0.439697265625,2.866970143902711e-06,-21.007131887174623
Learned,Learned Basis,-0.439453125,2.3075901503684134e-06,-21.949776824612954
Learned,Learned Basis,-0.439208984375,1.7968476738411248e-06,-23.03625097282908
Learned,Learned Basis,-0.43896484375,1.3404652888415156e-06,-24.308807865545084
Learned,Learned Basis,-0.438720703125,9.437069924589878e-07,-25.832991860310443
Learned,Learned Basis,-0.4384765625,6.113243690995359e-07,-27.71864650697179
Learned,Learned Basis,-0.438232421875,3.4750660430410233e-07,-30.17173296327448
Learned,Learned Basis,-0.43798828125,1.5583610920800156e-07,-33.65468262474234
Learned,Learned Basis,-0.437744140625,3.924863946270115e-08,-39.64311752315269
Learned,Learned Basis,-0.4375,4.4762884435028535e-15,-109.07218295157648
Learned,Learned Basis,-0.437255859375,3.9637802994603825e-08,-39.600267841946874
Learned,Learned Basis,-0.43701171875,1.5898023072112714e-07,-33.56793236104067
Learned,Learned Basis,-0.436767578125,3.5810123292914727e-07,-30.041305427508853
Learned,Learned Basis,-0.4365234375,6.363224471579236e-07,-27.544591151776487
Learned,Learned Basis,-0.436279296875,9.922122752698873e-07,-25.61531763366776
Learned,Learned Basis,-0.43603515625,1.4235917605260237e-06,-24.047508932984588
Learned,Learned Basis,-0.435791015625,1.9275482016033636e-06,-22.73131111898069
Learned,Learned Basis,-0.435546875,2.500453746088755e-06,-21.601175337362942
Learned,Learned Basis,-0.435302734375,3.1379941239970626e-06,-20.6148423300483
Learned,Learned Basis,-0.43505859375,3.83520093029792e-06,-19.743482369893776
Learned,Learned Basis,-0.434814453125,4.586492309177003e-06,-18.96655689424022
Learned,Learned Basis,-0.4345703125,5.385718356512754e-06,-18.268927205716086
Learned,Learned Basis,-0.434326171875,6.226213723839844e-06,-17.63912334633031
Learned,Learned Basis,-0.43408203125,7.1008546508130945e-06,-17.06825735968703
Learned,Learned Basis,-0.433837890625,8.002122371401045e-06,-16.54931170540165
Learned,Learned Basis,-0.43359375,8.922165443995293e-06,-16.076660869084726
Learned,Learned Basis,-0.433349609375,9.852875325633368e-06,-15.645733715902075
Learned,Learned Basis,-0.43310546875,1.078595606914624e-05,-15.252777119367897
Learned,Learned Basis,-0.432861328125,1.1713002960082432e-05,-14.894681059852257
Learned,Learned Basis,-0.4326171875,1.2625577014846697e-05,-14.568851236293677
Learned,Learned Basis,-0.432373046875,1.3515286100895426e-05,-14.27311115447909
Learned,Learned Basis,-0.43212890625,1.4373864566969302e-05,-14.0056281048251
Learned,Learned Basis,-0.431884765625,1.5193251383363178e-05,-13.7648563540904
Learned,Learned Basis,-0.431640625,1.596566761999027e-05,-13.549492753217677
Learned,Learned Basis,-0.431396484375,1.6683696573269073e-05,-13.358440763020244
Learned,Learned Basis,-0.43115234375,1.734035064889673e-05,-13.19078483685215
Learned,Learned Basis,-0.430908203125,1.792914883991322e-05,-13.045766864680278
Learned,Learned Basis,-0.4306640625,1.844417930513784e-05,-12.922770234621694
Learned,Learned Basis,-0.430419921875,1.8880164596428378e-05,-12.821305828866409
Learned,Learned Basis,-0.43017578125,1.9232514966238094e-05,-12.74100279958537
Learned,Learned Basis,-0.429931640625,1.949738631061247e-05,-12.681599623782764
Learned,Learned Basis,-0.4296875,1.967171857711846e-05,-12.642940562507778
Learned,Learned Basis,-0.429443359375,1.9753279470419163e-05,-12.624971508260058
Learned,Learned Basis,-0.42919921875,1.974069160270659e-05,-12.627739951910101
Learned,Learned Basis,-0.428955078125,1.9633460637442916e-05,-12.651395029664174
Learned,Learned Basis,-0.4287109375,1.9431987209062677e-05,-12.696191430984287
Learned,Learned Basis,-0.428466796875,1.9137578511572116e-05,-12.762493736297309
Learned,Learned Basis,-0.42822265625,1.8752446974137823e-05,-12.85078412933171
Learned,Learned Basis,-0.427978515625,1.8279700990207262e-05,-12.961672715312005
Learned,Learned Basis,-0.427734375,1.772332836236684e-05,-13.095910752396176
Learned,Learned Basis,-0.427490234375,1.7088171138526205e-05,-13.254407741830253
Learned,Learned Basis,-0.42724609375,1.637989515045708e-05,-13.438252415593244
Learned,Learned Basis,-0.427001953125,1.560494299719022e-05,-13.648741724415391
Learned,Learned Basis,-0.4267578125,1.4770489346132221e-05,-13.887414753038216
Learned,Learned Basis,-0.426513671875,1.3884386963302838e-05,-14.156096498996531
Learned,Learned Basis,-0.42626953125,1.29550961884304e-05,-14.456957171605648
Learned,Learned Basis,-0.426025390625,1.1991622356515348e-05,-14.792584158912614
Learned,Learned Basis,-0.42578125,1.1003435670943313e-05,-15.166080502335756
Learned,Learned Basis,-0.425537109375,1.0000395712037959e-05,-15.581191738095814
Learned,Learned Basis,-0.42529296875,8.992660880434662e-06,-16.042481428530618
Learned,Learned Basis,-0.425048828125,7.99060082037973e-06,-16.55556923495079
Learned,Learned Basis,-0.4248046875,7.004705697552678e-06,-17.1274646588629
Learned,Learned Basis,-0.424560546875,6.0454916692058325e-06,-17.767047319854115
Learned,Learned Basis,-0.42431640625,5.123400973882839e-06,-18.485780125318247
Learned,Learned Basis,-0.424072265625,4.2487083948667885e-06,-19.298794342066532
Learned,Learned Basis,-0.423828125,3.4314236676185868e-06,-20.226620166174285
Learned,Learned Basis,-0.423583984375,2.681195708280928e-06,-21.298078434664628
Learned,Learned Basis,-0.42333984375,2.007217669939365e-06,-22.55541887520282
Learned,Learned Basis,-0.423095703125,1.4181370482016683e-06,-24.064181561034346
Learned,Learned Basis,-0.4228515625,9.219677113124336e-07,-25.934206473470738
Learned,Learned Basis,-0.422607421875,5.260069071572279e-07,-28.371449119804495
Learned,Learned Basis,-0.42236328125,2.3675684362469373e-07,-31.83833817577859
Learned,Learned Basis,-0.422119140625,5.98531639265887e-08,-37.81049246228448
Learned,Learned Basis,-0.421875,3.74274182612362e-15,-109.84946488457994
Learned,Learned Basis,-0.421630859375,6.091159493813803e-08,-37.73436387601683
Learned,Learned Basis,-0.42138671875,2.452627617281319e-07,-31.685047447919374
Learned,Learned Basis,-0.421142578125,5.5464740615366e-07,-28.14119372702985
Learned,Learned Basis,-0.4208984375,9.895464628478084e-07,-25.627001682797896
Learned,Learned Basis,-0.420654296875,1.5493045551297e-06,-23.67999561271469
Learned,Learned Basis,-0.42041015625,2.232117410509893e-06,-22.09419324048241
Learned,Learned Basis,-0.420166015625,3.035029170479817e-06,-20.75973489472869
Learned,Learned Basis,-0.419921875,3.953938381403758e-06,-19.61106462086018
Learned,Learned Basis,-0.419677734375,4.983615646438933e-06,-18.605918183649386
Learned,Learned Basis,-0.41943359375,6.1177336731180785e-06,-17.71545792360795
Learned,Learned Basis,-0.419189453125,7.348901335553962e-06,-16.919139423314633
Learned,Learned Basis,-0.4189453125,8.668715492033595e-06,-16.201816094208308
Learned,Learned Basis,-0.418701171875,1.0067815865313712e-05,-15.552010950777191
Learned,Learned Basis,-0.41845703125,1.1535952670375523e-05,-14.960828934663137
Learned,Learned Basis,-0.418212890625,1.306206790017156e-05,-14.421244220139053
Learned,Learned Basis,-0.41796875,1.4634370982624262e-05,-13.927622987838088
Learned,Learned Basis,-0.417724609375,1.6240436952617572e-05,-13.475386491717183
Learned,Learned Basis,-0.41748046875,1.786730611395133e-05,-13.060772809479298
Learned,Learned Basis,-0.417236328125,1.950159131666091e-05,-12.680663080805799
Learned,Learned Basis,-0.4169921875,2.1129585234336917e-05,-12.332453869233257
Learned,Learned Basis,-0.416748046875,2.2737383534381052e-05,-12.013958714946593
Learned,Learned Basis,-0.41650390625,2.4310997452971214e-05,-11.723335812004112
Learned,Learned Basis,-0.416259765625,2.5836488222813917e-05,-11.459028763699322
Learned,Learned Basis,-0.416015625,2.7300085276857603e-05,-11.219723553831287
Learned,Learned Basis,-0.415771484375,2.8688305445314502e-05,-11.004314628349178
Learned,Learned Basis,-0.41552734375,2.9988109236200382e-05,-10.811872748650572
Learned,Learned Basis,-0.415283203125,3.118698228663281e-05,-10.64163005417863
Learned,Learned Basis,-0.4150390625,3.227309892763333e-05,-10.4929568979237
Learned,Learned Basis,-0.414794921875,3.3235417541745004e-05,-10.36535219771129
Learned,Learned Basis,-0.41455078125,3.406381035534499e-05,-10.258431327870515
Learned,Learned Basis,-0.414306640625,3.474916210729049e-05,-10.171920219425461
Learned,Learned Basis,-0.4140625,3.5283488583734886e-05,-10.105648404517583
Learned,Learned Basis,-0.413818359375,3.566001740722031e-05,-10.059548081874208
Learned,Learned Basis,-0.41357421875,3.587329001635191e-05,-10.033651504442753
Learned,Learned Basis,-0.413330078125,3.5919241130479075e-05,-10.02809206317244
Learned,Learned Basis,-0.4130859375,3.579526364585177e-05,-10.043107935138792
Learned,Learned Basis,-0.412841796875,3.550026889633714e-05,-10.079047163994094
Learned,Learned Basis,-0.41259765625,3.5034738305462296e-05,-10.136374811776708
Learned,Learned Basis,-0.412353515625,3.4400767754194695e-05,-10.21568223788094
Learned,Learned Basis,-0.412109375,3.360208347387838e-05,-10.317701526721956
Learned,Learned Basis,-0.411865234375,3.264404800608503e-05,-10.44332351170538
Learned,Learned Basis,-0.41162109375,3.153368933966381e-05,-10.593615742547634
Learned,Learned Basis,-0.411376953125,3.027965919178368e-05,-10.769853763066457
Learned,Learned Basis,-0.4111328125,2.8892220426025543e-05,-10.973554394821507
Learned,Learned Basis,-0.410888671875,2.7383210631070032e-05,-11.206519920126201
Learned,Learned Basis,-0.41064453125,2.5765983846597908e-05,-11.470896288399606
Learned,Learned Basis,-0.410400390625,2.405535824904162e-05,-11.769245299243085
Learned,Learned Basis,-0.41015625,2.2267526091613214e-05,-12.104643891594433
Learned,Learned Basis,-0.409912109375,2.041998119278273e-05,-12.480810212679746
Learned,Learned Basis,-0.40966796875,1.853140934123866e-05,-12.902279097089181
Learned,Learned Basis,-0.409423828125,1.6621583998493836e-05,-13.374639503455448
Learned,Learned Basis,-0.4091796875,1.4711241142012502e-05,-13.904870446666976
Learned,Learned Basis,-0.408935546875,1.2821962717011158e-05,-14.501818492927645
Learned,Learned Basis,-0.40869140625,1.0976026315769913e-05,-15.176912194105196
Learned,Learned Basis,-0.408447265625,9.196270418777224e-06,-15.945246256952768
Learned,Learned Basis,-0.408203125,7.505938114190152e-06,-16.827313796535897
Learned,Learned Basis,-0.407958984375,5.928527439351367e-06,-17.851895247470555
Learned,Learned Basis,-0.40771484375,4.487624256631443e-06,-19.061198722080494
Learned,Learned Basis,-0.407470703125,3.2067448140291666e-06,-20.520719579579772
Learned,Learned Basis,-0.4072265625,2.10916891072881e-06,-22.34024997844079
Learned,Learned Basis,-0.406982421875,1.217775276907633e-06,-24.725692061989246
Learned,Learned Basis,-0.40673828125,5.548753808049035e-07,-28.139409029399374
Learned,Learned Basis,-0.406494140625,1.4205238340535987e-07,-34.05687834157808
Learned,Learned Basis,-0.40625,5.366466706168436e-15,-108.28447919705164
Learned,Learned Basis,-0.406005859375,1.483675544046452e-07,-33.86797420909793
Learned,Learned Basis,-0.40576171875,6.056097100060983e-07,-27.759435292432677
Learned,Learned Basis,-0.405517578125,1.3888429315081888e-06,-24.15483226200569
Learned,Learned Basis,-0.4052734375,2.5137099448807608e-06,-21.57821195701014
Learned,Learned Basis,-0.405029296875,3.994252138603301e-06,-19.567008826295833
Learned,Learned Basis,-0.40478515625,5.842792829220454e-06,-17.915158714348326
Learned,Learned Basis,-0.404541015625,8.069830915249095e-06,-16.512719238498576
Learned,Learned Basis,-0.404296875,1.0683946264542242e-05,-15.294046639766412
Learned,Learned Basis,-0.404052734375,1.3691713586163192e-05,-14.216785533714656
Learned,Learned Basis,-0.40380859375,1.7097639355294807e-05,-13.25200206863321
Learned,Learned Basis,-0.403564453125,2.0904099897008717e-05,-12.37904886884009
Learned,Learned Basis,-0.4033203125,2.5111301488373282e-05,-11.58267136771234
Learned,Learned Basis,-0.403076171875,2.9717253208020842e-05,-10.851276943042077
Learned,Learned Basis,-0.40283203125,3.471775435423985e-05,-10.175847330477197
Learned,Learned Basis,-0.402587890625,4.010639742490043e-05,-9.549227059876152
Learned,Learned Basis,-0.40234375,4.5874579043848035e-05,-8.965642669370263
Learned,Learned Basis,-0.402099609375,5.20115476397122e-05,-8.42036582324072
Learned,Learned Basis,-0.40185546875,5.850442529869384e-05,-7.909476414878655
Learned,Learned Basis,-0.401611328125,6.533830047336008e-05,-7.429685252529184
Learned,Learned Basis,-0.4013671875,7.249627499924727e-05,-6.978206667827492
Learned,Learned Basis,-0.401123046875,7.995956607453525e-05,-6.552659304066772
Learned,Learned Basis,-0.40087890625,8.77076108885443e-05,-6.150990778199745
Learned,Learned Basis,-0.400634765625,9.571817787228885e-05,-5.771419364001878
Learned,Learned Basis,-0.400390625,0.00010396748854432205,-5.412388058148526
Learned,Learned Basis,-0.400146484375,0.00011243036849363012,-5.072527249465236
Learned,Learned Basis,-0.39990234375,0.00012108036657665415,-4.7506263189098235
Learned,Learned Basis,-0.399658203125,0.0001298899456325251,-4.445608240051788
Learned,Learned Basis,-0.3994140625,0.00013883062551949,-4.156510785906723
Learned,Learned Basis,-0.399169921875,0.00014787313939545164,-3.8824706583786615
Learned,Learned Basis,-0.39892578125,0.0001569876376773172,-3.622709047043881
Learned,Learned Basis,-0.398681640625,0.00016614384167271522,-3.376521107748606
Learned,Learned Basis,-0.3984375,0.00017531126872992567,-3.143265262744381
Learned,Learned Basis,-0.398193359375,0.00018445934613725654,-2.9223569418701585
Learned,Learned Basis,-0.39794921875,0.0001935576336241511,-2.7132605510617718
Learned,Learned Basis,-0.397705078125,0.00020257602732053664,-2.5154830900968506
Learned,Learned Basis,-0.3974609375,0.00021148489749560497,-2.328569999310153
Learned,Learned Basis,-0.397216796875,0.00022025530841009744,-2.15209974810708
Learned,Learned Basis,-0.39697265625,0.0002288591348645039,-1.9856810714231456
Learned,Learned Basis,-0.396728515625,0.00023726926350958852,-1.828948768243369
Learned,Learned Basis,-0.396484375,0.0002454597782639793,-1.681560214626165
Learned,Learned Basis,-0.396240234375,0.0002534060450764949,-1.5431938813011783
Learned,Learned Basis,-0.39599609375,0.00026108489734373396,-1.4135460857311568
Learned,Learned Basis,-0.395751953125,0.00026847475245827423,-1.2923290840697716
Learned,Learned Basis,-0.3955078125,0.00027555572835687186,-1.1792691529146548
Learned,Learned Basis,-0.395263671875,0.00028230978655688756,-1.0741042535566296
Learned,Learned Basis,-0.39501953125,0.00028872073215628657,-0.9765838866076266
Learned,Learned Basis,-0.394775390625,0.00029477444163239155,-0.8864653363450881
Learned,Learned Basis,-0.39453125,0.0003004587674842651,-0.8035147763704386
Learned,Learned Basis,-0.394287109375,0.0003057637289479446,-0.7275039283435268
Learned,Learned Basis,-0.39404296875,0.00031068145901998835,-0.6582102300716934
Learned,Learned Basis,-0.393798828125,0.00031520628921980187,-0.595414847690259
Learned,Learned Basis,-0.3935546875,0.00031933471250612013,-0.5389022899023255
Learned,Learned Basis,-0.393310546875,0.0003230653885746531,-0.4884592640572568
Learned,Learned Basis,-0.39306640625,0.0003263991544533764,-0.443873339943813
Learned,Learned Basis,-0.392822265625,0.000329338955633141,-0.4049325504893167
Learned,Learned Basis,-0.392578125,0.000331889819579446,-0.3714242800321119
Learned,Learned Basis,-0.392333984375,0.0003340587285889489,-0.34313535147567553
Learned,Learned Basis,-0.39208984375,0.0003358546992541467,-0.3198492973147598
Learned,Learned Basis,-0.391845703125,0.0003372884751999416,-0.3013485697776388
Learned,Learned Basis,-0.3916015625,0.0003383726277389044,-0.28741134985321193
Learned,Learned Basis,-0.391357421875,0.00033912135456074823,-0.27781220748279306
Learned,Learned Basis,-0.39111328125,0.00033955035788648416,-0.2723216647510482
Learned,Learned Basis,-0.390869140625,0.0003396766855390588,-0.2707061989480123
Learned,Learned Basis,-0.390625,0.00033951870445512734,-0.2727265399351456
Learned,Learned Basis,-0.390380859375,0.00033909581461220075,-0.2781392961862841
Learned,Learned Basis,-0.39013671875,0.0003384284543262915,-0.2866948859011541
Learned,Learned Basis,-0.389892578125,0.00033753778239318854,-0.29813966253570723
Learned,Learned Basis,-0.3896484375,0.0003364456516002302,-0.31221439399380935
Learned,Learned Basis,-0.389404296875,0.0003351743809275515,-0.3286554312107691
Learned,Learned Basis,-0.38916015625,0.00033374661251165755,-0.3471949266724661
Learned,Learned Basis,-0.388916015625,0.00033218511563254367,-0.3675619010130931
Learned,Learned Basis,-0.388671875,0.0003305127125466592,-0.38948190565877694
Learned,Learned Basis,-0.388427734375,0.000328752040092864,-0.4126790247526327
Learned,Learned Basis,-0.38818359375,0.00032692544903716546,-0.4368763010502671
Learned,Learned Basis,-0.387939453125,0.0003250548080598382,-0.46179764719618244
Learned,Learned Basis,-0.3876953125,0.00032316139250487027,-0.48716888183659424
Learned,Learned Basis,-0.387451171875,0.0003212657466411825,-0.5127193548947845
Learned,Learned Basis,-0.38720703125,0.0003193875406262021,-0.538183888093692
Learned,Learned Basis,-0.386962890625,0.00031754545925530904,-0.563304521041095
Learned,Learned Basis,-0.38671875,0.00031575713839009106,-0.5878318149714621
Learned,Learned Basis,-0.386474609375,0.0003140389159690092,-0.6115288947612206
Learned,Learned Basis,-0.38623046875,0.0003124059644485329,-0.634170421988876
Learned,Learned Basis,-0.385986328125,0.00031087199943264266,-0.6555475258018619
Learned,Learned Basis,-0.3857421875,0.0003094493591375108,-0.6754677140911104
Learned,Learned Basis,-0.385498046875,0.00030814890373623884,-0.693757319920673
Learned,Learned Basis,-0.38525390625,0.0003069799147035945,-0.7102639794116756
Learned,Learned Basis,-0.385009765625,0.00030595017957833824,-0.7248564658187653
Learned,Learned Basis,-0.384765625,0.0003050658648197337,-0.737427438106625
Learned,Learned Basis,-0.384521484375,0.00030433158997458305,-0.7478932405239513
Learned,Learned Basis,-0.38427734375,0.0003037504223795817,-0.7561946851084671
Learned,Learned Basis,-0.384033203125,0.0003033238400778006,-0.7622981351042996
Learned,Learned Basis,-0.3837890625,0.00030305177419984934,-0.76619528118521
Learned,Learned Basis,-0.383544921875,0.0003029327943814657,-0.7679006803628431
Learned,Learned Basis,-0.38330078125,0.00030296392334592636,-0.7674544281515681
Learned,Learned Basis,-0.383056640625,0.0003031408911910265,-0.7649183598365848
Learned,Learned Basis,-0.3828125,0.0003034581459843708,-0.7603755890695523
Learned,Learned Basis,-0.382568359375,0.00030390891203747303,-0.7539292320322708
Learned,Learned Basis,-0.38232421875,0.00030448527466808267,-0.7457006463422272
Learned,Learned Basis,-0.382080078125,0.0003051783603201289,-0.7358262373544898
Learned,Learned Basis,-0.3818359375,0.000305978363051948,-0.724456421492491
Learned,Learned Basis,-0.381591796875,0.00030687462400096413,-0.7117538167823667
Learned,Learned Basis,-0.38134765625,0.00030785586977773356,-0.6978892048105463
Learned,Learned Basis,-0.381103515625,0.00030891019127536243,-0.6830412265090888
Learned,Learned Basis,-0.380859375,0.0003100252873611963,-0.6673924030837222
Learned,Learned Basis,-0.380615234375,0.0003111884330909476,-0.6511291318208696
Learned,Learned Basis,-0.38037109375,0.0003123867922697747,-0.6344369542542978
Learned,Learned Basis,-0.380126953125,0.0003136073220946651,-0.6175016499926534
Learned,Learned Basis,-0.3798828125,0.00031483712809667784,-0.6005041686051903
Learned,Learned Basis,-0.379638671875,0.00031606335818803517,-0.5836220883282173
Learned,Learned Basis,-0.37939453125,0.00031727347284203904,-0.5670259666278971
Learned,Learned Basis,-0.379150390625,0.0003184552556883615,-0.5508793828058727
Learned,Learned Basis,-0.37890625,0.0003195969512518259,-0.5353373125172181
Learned,Learned Basis,-0.378662109375,0.0003206874238817692,-0.5205443010949631
Learned,Learned Basis,-0.37841796875,0.00032171613656146027,-0.5066351433739722
Learned,Learned Basis,-0.378173828125,0.00032267330453981686,-0.4937332225644208
Learned,Learned Basis,-0.3779296875,0.0003235499694984416,-0.4819499580840215
Learned,Learned Basis,-0.377685546875,0.00032433800484926733,-0.4713851818655712
Learned,Learned Basis,-0.37744140625,0.0003250302587709834,-0.46212565413660694
Learned,Learned Basis,-0.377197265625,0.00032562057010197164,-0.45424526691144745
Learned,Learned Basis,-0.376953125,0.00032610380012617924,-0.4478049930457091
Learned,Learned Basis,-0.376708984375,0.000326475790191955,-0.44285377321646047
Learned,Learned Basis,-0.37646484375,0.0003267335683202211,-0.4394260322322253
Learned,Learned Basis,-0.376220703125,0.00032687520087040073,-0.4375438593219735
Learned,Learned Basis,-0.3759765625,0.0003268998190286459,-0.43721678869491865
Learned,Learned Basis,-0.375732421875,0.0003268076241054824,-0.43844179376639025
Learned,Learned Basis,-0.37548828125,0.0003265999246193278,-0.44120278861394624
Learned,Learned Basis,-0.375244140625,0.00032627900915300145,-0.4454722425723463
Learned,Learned Basis,-0.375,0.00032584822581840597,-0.4512099833778447
Learned,Learned Basis,-0.374755859375,0.00032531177564835566,-0.4583657485001508
Learned,Learned Basis,-0.37451171875,0.00032467480795419433,-0.46687766706146605
Learned,Learned Basis,-0.374267578125,0.0003239433461587592,-0.47667295120924463
Learned,Learned Basis,-0.3740234375,0.0003231241182717278,-0.4876698367092925
Learned,Learned Basis,-0.373779296875,0.00032222462046136287,-0.4997763820561047
Learned,Learned Basis,-0.37353515625,0.00032125289455340483,-0.5128930958711758
Learned,Learned Basis,-0.373291015625,0.0003202176021981079,-0.5269115783962377
Learned,Learned Basis,-0.373046875,0.0003191278288573595,-0.5417168146199549
Learned,Learned Basis,-0.372802734375,0.0003179930308282258,-0.5571875698401343
Learned,Learned Basis,-0.37255859375,0.00031682293988533506,-0.5731973943795855
Learned,Learned Basis,-0.372314453125,0.00031562752619735887,-0.5896148757278854
Learned,Learned Basis,-0.3720703125,0.00031441674933767815,-0.6063068568062555
Learned,Learned Basis,-0.371826171875,0.00031320071191609993,-0.6231361847154064
Learned,Learned Basis,-0.37158203125,0.0003119893576130689,-0.6399657913717367
Learned,Learned Basis,-0.371337890625,0.0003107924605843764,-0.6566588418029891
Learned,Learned Basis,-0.37109375,0.00030961957248470636,-0.6730795238421694
Learned,Learned Basis,-0.370849609375,0.0003084798794312089,-0.6890951654544086
Learned,Learned Basis,-0.37060546875,0.0003073821967058553,-0.7045764906985663
Learned,Learned Basis,-0.370361328125,0.00030633479923078427,-0.7194002413337303
Learned,Learned Basis,-0.3701171875,0.00030534547454475646,-0.7334487122433881
Learned,Learned Basis,-0.369873046875,0.0003044213426832101,-0.7466126189685091
Learned,Learned Basis,-0.36962890625,0.0003035688773688427,-0.7587911446236552
Learned,Learned Basis,-0.369384765625,0.00030279384773751163,-0.7698931224187364
Learned,Learned Basis,-0.369140625,0.00030210123357590735,-0.7798386038491603
Learned,Learned Basis,-0.368896484375,0.0003014952624050713,-0.7885586685232872
Learned,Learned Basis,-0.36865234375,0.00030097930352748764,-0.795997261316258
Learned,Learned Basis,-0.368408203125,0.00030055594749176445,-0.8021103268511688
Learned,Learned Basis,-0.3681640625,0.00030022685775856227,-0.8068681817107382
Learned,Learned Basis,-0.367919921875,0.0002999929455228924,-0.8102531682702789
Learned,Learned Basis,-0.36767578125,0.00029985418429652786,-0.8122624547364936
Learned,Learned Basis,-0.367431640625,0.00029980976353972006,-0.8129058714257403
Learned,Learned Basis,-0.3671875,0.00029985807276826273,-0.8122061363338722
Learned,Learned Basis,-0.366943359375,0.0002999966697676194,-0.8101992533726537
Learned,Learned Basis,-0.36669921875,0.0003002223918434771,-0.8069327840823609
Learned,Learned Basis,-0.366455078125,0.000300531377012328,-0.8024653775470623
Learned,Learned Basis,-0.3662109375,0.0003009190534061787,-0.7968667202541153
Learned,Learned Basis,-0.365966796875,0.0003013802717136855,-0.7902153893725656
Learned,Learned Basis,-0.36572265625,0.0003019092945848634,-0.7825987559853209
Learned,Learned Basis,-0.365478515625,0.0003024998972863495,-0.7741112750092104
Learned,Learned Basis,-0.365234375,0.0003031454418684383,-0.7648531650934034
Learned,Learned Basis,-0.364990234375,0.0003038388877603728,-0.7549300141754087
Learned,Learned Basis,-0.36474609375,0.0003045729242114798,-0.7444506602695821
Learned,Learned Basis,-0.364501953125,0.0003053399596958791,-0.733527150938721
Learned,Learned Basis,-0.3642578125,0.0003061323391159454,-0.7222714913446303
Learned,Learned Basis,-0.364013671875,0.00030694226433762746,-0.710796664066501
Learned,Learned Basis,-0.36376953125,0.0003077619319292284,-0.6992145949942346
Learned,Learned Basis,-0.363525390625,0.00030858362322137796,-0.687634850403106
Learned,Learned Basis,-0.36328125,0.00030939975198584135,-0.6761639779102507
Learned,Learned Basis,-0.363037109375,0.0003102029174119734,-0.6649048105367157
Learned,Learned Basis,-0.36279296875,0.0003109860259525629,-0.6539548442917593
Learned,Learned Basis,-0.362548828125,0.00031174227543089646,-0.643406579948817
Learned,Learned Basis,-0.3623046875,0.00031246526629131246,-0.6333461093338449
Learned,Learned Basis,-0.362060546875,0.00031314905987330014,-0.6238524681157732
Learned,Learned Basis,-0.36181640625,0.0003137881625185639,-0.6149980297943745
Learned,Learned Basis,-0.361572265625,0.0003143776950956761,-0.6068463349129208
Learned,Learned Basis,-0.361328125,0.0003149132870471691,-0.5994537393776184
Learned,Learned Basis,-0.361083984375,0.0003153911876400888,-0.5928680450501873
Learned,Learned Basis,-0.36083984375,0.0003158083189424489,-0.5871279312723026
Learned,Learned Basis,-0.360595703125,0.000316162201656195,-0.5822641181394033
Learned,Learned Basis,-0.3603515625,0.0003164510504748221,-0.5782981735016934
Learned,Learned Basis,-0.360107421875,0.0003166738005716018,-0.5752422472746164
Learned,Learned Basis,-0.35986328125,0.00031682996986080123,-0.5731010299660071
Learned,Learned Basis,-0.359619140625,0.0003169197967364641,-0.5718699031476822
Learned,Learned Basis,-0.359375,0.00031694420298889267,-0.5715354622971688
Learned,Learned Basis,-0.359130859375,0.000316904719637612,-0.5720765187223933
Learned,Learned Basis,-0.35888671875,0.00031680348693136984,-0.573464059727144
Learned,Learned Basis,-0.358642578125,0.0003166432278599098,-0.5756615494376373
Learned,Learned Basis,-0.3583984375,0.00031642726934455256,-0.5786245557881743
Learned,Learned Basis,-0.358154296875,0.00031615938860647945,-0.5823027596151202
Learned,Learned Basis,-0.35791015625,0.00031584386614318593,-0.5866391194385744
Learned,Learned Basis,-0.357666015625,0.0003154853638826377,-0.5915714293281273
Learned,Learned Basis,-0.357421875,0.0003150889675644333,-0.5970316184837672
Learned,Learned Basis,-0.357177734375,0.00031466002251279694,-0.6029478962614215
Learned,Learned Basis,-0.35693359375,0.00031420418661303216,-0.609243915265846
Learned,Learned Basis,-0.356689453125,0.0003137272290009964,-0.6158414542229481
Learned,Learned Basis,-0.3564453125,0.0003132351572065906,-0.6226585811700129
Learned,Learned Basis,-0.356201171875,0.0003127339363785525,-0.6296134768216741
Learned,Learned Basis,-0.35595703125,0.00031222967470204594,-0.636621824417732
Learned,Learned Basis,-0.355712890625,0.000311728316135227,-0.6436010540800284
Learned,Learned Basis,-0.35546875,0.0003112357622550884,-0.650468656376221
Learned,Learned Basis,-0.355224609375,0.00031075774511396954,-0.6571439751715197
Learned,Learned Basis,-0.35498046875,0.00031029974247722997,-0.6635494386870717
Learned,Learned Basis,-0.354736328125,0.00030986695133502205,-0.669610997208857
Learned,Learned Basis,-0.3544921875,0.0003094642561164188,-0.6752586485421043
Learned,Learned Basis,-0.354248046875,0.0003090962022011866,-0.6804269001218108
Learned,Learned Basis,-0.35400390625,0.0003087668475857136,-0.6850569522243427
Learned,Learned Basis,-0.353759765625,0.0003084798317524002,-0.6890958367022436
Learned,Learned Basis,-0.353515625,0.0003082382962049776,-0.6924976358723068
Learned,Learned Basis,-0.353271484375,0.0003080448367896995,-0.6952242514419726
Learned,Learned Basis,-0.35302734375,0.00030790157256473187,-0.6972445201710262
Learned,Learned Basis,-0.352783203125,0.00030780995508491863,-0.6985369749793457
Learned,Learned Basis,-0.3525390625,0.0003077709432240799,-0.6990874350719267
Learned,Learned Basis,-0.352294921875,0.0003077848813291677,-0.6988907594208359
Learned,Learned Basis,-0.35205078125,0.00030785152041084754,-0.6979505620743537
Learned,Learned Basis,-0.351806640625,0.00030797002873878915,-0.6962790546842333
Learned,Learned Basis,-0.3515625,0.0003081390289251846,-0.6938964943462546
Learned,Learned Basis,-0.351318359375,0.00030835653435300306,-0.6908320307351097
Learned,Learned Basis,-0.35107421875,0.000308620076319481,-0.6871218470175258
Learned,Learned Basis,-0.350830078125,0.0003089266722502496,-0.6828095279208646
Learned,Learned Basis,-0.3505859375,0.00030927279391346224,-0.6779464132682361
Learned,Learned Basis,-0.350341796875,0.00030965457402796565,-0.6725885949959585
Learned,Learned Basis,-0.35009765625,0.00031006764203629216,-0.6667991242110405
Learned,Learned Basis,-0.349853515625,0.0003105072989269584,-0.6606454566718163
Learned,Learned Basis,-0.349609375,0.000310968554317983,-0.6541988439255125
Learned,Learned Basis,-0.349365234375,0.00031144614764746863,-0.647533956748449
Learned,Learned Basis,-0.34912109375,0.0003119345481736016,-0.6407288150981023
Learned,Learned Basis,-0.348876953125,0.00031242813509459617,-0.6338622253249424
Learned,Learned Basis,-0.3486328125,0.00031292115516753135,-0.6270143422349783
Learned,Learned Basis,-0.348388671875,0.0003134078074706772,-0.6202654781395553
Learned,Learned Basis,-0.34814453125,0.00031388226989172233,-0.6136957440385065
Learned,Learned Basis,-0.347900390625,0.0003143388209736182,-0.6073833914809791
Learned,Learned Basis,-0.34765625,0.00031477190348632394,-0.6014039869699652
Learned,Learned Basis,-0.347412109375,0.0003151760237715439,-0.5958318681843301
Learned,Learned Basis,-0.34716796875,0.00031554600073206186,-0.5907367877980014
Learned,Learned Basis,-0.346923828125,0.0003158769181529324,-0.5861846684906673
Learned,Learned Basis,-0.3466796875,0.00031616416178499866,-0.5822371930205889
Learned,Learned Basis,-0.346435546875,0.00031640352529780096,-0.5789504535976496
Learned,Learned Basis,-0.34619140625,0.0003165912208748672,-0.5763749138706789
Learned,Learned Basis,-0.345947265625,0.0003167238527254861,-0.5745558735827837
Learned,Learned Basis,-0.345703125,0.0003167986077999423,-0.5735309464963996
Learned,Learned Basis,-0.345458984375,0.0003168130597766354,-0.5733328310243309
Learned,Learned Basis,-0.34521484375,0.0003167654604325784,-0.5739853825817368
Learned,Learned Basis,-0.344970703125,0.00031665453303522613,-0.5755064951942619
Learned,Learned Basis,-0.3447265625,0.00031647961008125634,-0.5779062418017109
Learned,Learned Basis,-0.344482421875,0.0003162405856177607,-0.5811875345810424
Learned,Learned Basis,-0.34423828125,0.00031593791524224486,-0.5853461095337495
Learned,Learned Basis,-0.343994140625,0.0003155727008649553,-0.5903693222052604
Learned,Learned Basis,-0.34375,0.0003151466112441978,-0.5962371748518962
Learned,Learned Basis,-0.343505859375,0.0003146618025216565,-0.6029233286079669
Learned,Learned Basis,-0.34326171875,0.00031412106125881974,-0.6103930297721818
Learned,Learned Basis,-0.343017578125,0.00031352766140055436,-0.6186049595184633
Learned,Learned Basis,-0.3427734375,0.00031288535367981433,-0.6275112494533146
Learned,Learned Basis,-0.342529296875,0.00031219837091528657,-0.6370572648806991
Learned,Learned Basis,-0.34228515625,0.0003114714015231637,-0.6471818196516006
Learned,Learned Basis,-0.342041015625,0.00031070945177836314,-0.6578189433537069
Learned,Learned Basis,-0.341796875,0.0003099179411721449,-0.6688964071885689
Learned,Learned Basis,-0.341552734375,0.0003091025011015855,-0.6803383985552186
Learned,Learned Basis,-0.34130859375,0.00030826910201306793,-0.6920636169938964
Learned,Learned Basis,-0.341064453125,0.0003074238520917563,-0.7039879895183516
Learned,Learned Basis,-0.3408203125,0.00030657298136865894,-0.7160248169502161
Learned,Learned Basis,-0.340576171875,0.0003057228523159197,-0.728084562368789
Learned,Learned Basis,-0.34033203125,0.00030487985389390955,-0.740076313856876
Learned,Learned Basis,-0.340087890625,0.00030405028500302735,-0.7519094418806922
Learned,Learned Basis,-0.33984375,0.0003032404127577995,-0.763492799141145
Learned,Learned Basis,-0.339599609375,0.0003024563718316169,-0.774736208274978
Learned,Learned Basis,-0.33935546875,0.000301704084992054,-0.7855516857989946
Learned,Learned Basis,-0.339111328125,0.0003009892472079323,-0.7958537825400989
Learned,Learned Basis,-0.3388671875,0.0003003172091011212,-0.805561397014416
Learned,Learned Basis,-0.338623046875,0.0002996930299229926,-0.8145971651708535
Learned,Learned Basis,-0.33837890625,0.00029912137160151183,-0.8228891544530568
Learned,Learned Basis,-0.338134765625,0.000298606456360075,-0.8303716537733292
Learned,Learned Basis,-0.337890625,0.0002981520561222178,-0.8369855034257156
Learned,Learned Basis,-0.337646484375,0.0002977614130469345,-0.8426794225958101
Learned,Learned Basis,-0.33740234375,0.0002974372872074865,-0.8474094758492614
Learned,Learned Basis,-0.337158203125,0.00029718185593613944,-0.8511406842960189
Learned,Learned Basis,-0.3369140625,0.0002969967456100359,-0.8538466853388628
Learned,Learned Basis,-0.336669921875,0.00029688295218651393,-0.8555109906417935
Learned,Learned Basis,-0.33642578125,0.00029684092066778846,-0.8561258911877733
Learned,Learned Basis,-0.336181640625,0.00029687049742214245,-0.8556931886717768
Learned,Learned Basis,-0.3359375,0.0002969709089933452,-0.8542245072616537
Learned,Learned Basis,-0.335693359375,0.0002971408044818158,-0.8517406419049947
Learned,Learned Basis,-0.33544921875,0.0002973782502469777,-0.8482715725715908
Learned,Learned Basis,-0.335205078125,0.0002976807616931311,-0.8438559075548857
Learned,Learned Basis,-0.3349609375,0.0002980452608882895,-0.8385413836674196
Learned,Learned Basis,-0.334716796875,0.00029846825138647905,-0.8323821780074837
Learned,Learned Basis,-0.33447265625,0.0002989456540007297,-0.8254411489059188
Learned,Learned Basis,-0.334228515625,0.00029947297632772934,-0.8177872015028784
Learned,Learned Basis,-0.333984375,0.000300045360426632,-0.809494433259671
Learned,Learned Basis,-0.333740234375,0.0003006575086520224,-0.8006430459230883
Learned,Learned Basis,-0.33349609375,0.00030130381609505096,-0.7913172685870082
Learned,Learned Basis,-0.333251953125,0.0003019784394528247,-0.7816042256100146
Learned,Learned Basis,-0.3330078125,0.0003026752652425342,-0.7715942735682653
Learned,Learned Basis,-0.332763671875,0.00030338801575436225,-0.7613793746733254
Learned,Learned Basis,-0.33251953125,0.00030411031792087427,-0.7510520379346686
Learned,Learned Basis,-0.332275390625,0.0003048357192099542,-0.7407050479939512
Learned,Learned Basis,-0.33203125,0.0003055577194106775,-0.7304309909840263
Learned,Learned Basis,-0.331787109375,0.00030626989777680073,-0.7203204544361008
Learned,Learned Basis,-0.33154296875,0.00030696595011027954,-0.7104615455544687
Learned,Learned Basis,-0.331298828125,0.0003076396675706873,-0.7009402563181444
Learned,Learned Basis,-0.3310546875,0.0003082850903069315,-0.6918383771727078
Learned,Learned Basis,-0.330810546875,0.0003088964915643183,-0.6832338339727622
Learned,Learned Basis,-0.33056640625,0.0003094684624468786,-0.6751996183421163
Learned,Learned Basis,-0.330322265625,0.00030999587483385025,-0.6678044438047058
Learned,Learned Basis,-0.330078125,0.00031047407739255865,-0.6611101382108807
Learned,Learned Basis,-0.329833984375,0.00031089876313728106,-0.6551736475191684
Learned,Learned Basis,-0.32958984375,0.00031126619193035424,-0.6500440652572458
Learned,Learned Basis,-0.329345703125,0.0003115729785763578,-0.6457657293861212
Learned,Learned Basis,-0.3291015625,0.00031181631532322155,-0.6423752376722325
Learned,Learned Basis,-0.328857421875,0.00031199397715987113,-0.6399014869721376
Learned,Learned Basis,-0.32861328125,0.00031210422645861017,-0.6383670918305866
Learned,Learned Basis,-0.328369140625,0.00031214590833273824,-0.6377871253412831
Learned,Learned Basis,-0.328125,0.00031211849301771374,-0.6381685765346133
Learned,Learned Basis,-0.327880859375,0.00031202195932295506,-0.6395119937455476
Learned,Learned Basis,-0.32763671875,0.0003118568846918124,-0.6418102285316212
Learned,Learned Basis,-0.327392578125,0.00031162438692746846,-0.6450492191921573
Learned,Learned Basis,-0.3271484375,0.0003113262301458465,-0.6492064622011251
Learned,Learned Basis,-0.326904296875,0.00031096464465566647,-0.6542534460844908
Learned,Learned Basis,-0.32666015625,0.0003105423269584447,-0.6601555608513048
Learned,Learned Basis,-0.326416015625,0.0003100625827849205,-0.6668699869061773
Learned,Learned Basis,-0.326171875,0.000309529088701012,-0.6743488993800153
Learned,Learned Basis,-0.325927734375,0.0003089459715724978,-0.68253822317082
Learned,Learned Basis,-0.32568359375,0.00030831780326737136,-0.6913775600611718
Learned,Learned Basis,-0.325439453125,0.0003076493940476699,-0.7008029499512427
Learned,Learned Basis,-0.3251953125,0.00030694598858235447,-0.7107439698203892
Learned,Learned Basis,-0.324951171875,0.0003062129639815218,-0.721127857703636
Learned,Learned Basis,-0.32470703125,0.00030545604170222046,-0.7318763943753553
Learned,Learned Basis,-0.324462890625,0.00030468102796382565,-0.7429094683432294
Learned,Learned Basis,-0.32421875,0.000303893861426848,-0.7541443148660592
Learned,Learned Basis,-0.323974609375,0.0003031005443235431,-0.7654964272832985
Learned,Learned Basis,-0.32373046875,0.0003023071159696845,-0.7768798892296831
Learned,Learned Basis,-0.323486328125,0.00030151959978810946,-0.7882081102924422
Learned,Learned Basis,-0.3232421875,0.0003007438337840657,-0.7993962735563492
Learned,Learned Basis,-0.322998046875,0.0002999856347722192,-0.8103590060045035
Learned,Learned Basis,-0.32275390625,0.0002992505917684833,-0.8210134112774348
Learned,Learned Basis,-0.322509765625,0.00029854409777589077,-0.831278694348654
Learned,Learned Basis,-0.322265625,0.00029787121734345867,-0.8410781872646068
Learned,Learned Basis,-0.322021484375,0.00029723676603086963,-0.8503383153819692
Learned,Learned Basis,-0.32177734375,0.0002966451726696909,-0.8589907360242222
Learned,Learned Basis,-0.321533203125,0.00029610052704218305,-0.866971786154247
Learned,Learned Basis,-0.3212890625,0.0002956064686307465,-0.8742242571663394
Learned,Learned Basis,-0.321044921875,0.00029516623429673,-0.8806968438803078
Learned,Learned Basis,-0.32080078125,0.0002947825523275225,-0.8863458422104724
Learned,Learned Basis,-0.320556640625,0.00029445776958004295,-0.8911334089837495
Learned,Learned Basis,-0.3203125,0.0002941935918961151,-0.895031503019808
Learned,Learned Basis,-0.320068359375,0.0002939913754729654,-0.8980176888306088
Learned,Learned Basis,-0.31982421875,0.0002938518725762427,-0.9000789641653034
Learned,Learned Basis,-0.319580078125,0.00029377533749292697,-0.9012102516201528
Learned,Learned Basis,-0.3193359375,0.0002937615795077833,-0.9014136436746161
Learned,Learned Basis,-0.319091796875,0.00029380981986693554,-0.9007005210871587
Learned,Learned Basis,-0.31884765625,0.0002939188930883924,-0.8990885563251249
Learned,Learned Basis,-0.318603515625,0.0002940870562468122,-0.896604488473947
Learned,Learned Basis,-0.318359375,0.00029431224326048296,-0.8932803008928236
Learned,Learned Basis,-0.318115234375,0.0002945918423902149,-0.889156424992819
Learned,Learned Basis,-0.31787109375,0.00029492294522867493,-0.8842779671890083
Learned,Learned Basis,-0.317626953125,0.00029530219306866983,-0.8786968674979377
Learned,Learned Basis,-0.3173828125,0.00029572594642779913,-0.8724692866166229
Learned,Learned Basis,-0.317138671875,0.0002961902850484555,-0.8656554933354685
Learned,Learned Basis,-0.31689453125,0.00029669098140959753,-0.8583201386615922
Learned,Learned Basis,-0.316650390625,0.0002972235960843671,-0.8505307465500828
Learned,Learned Basis,-0.31640625,0.00029778356780006156,-0.842356300502773
Learned,Learned Basis,-0.316162109375,0.00029836613927109796,-0.8338682427977284
Learned,Learned Basis,-0.31591796875,0.0002989665055330846,-0.8251382380083823
Learned,Learned Basis,-0.315673828125,0.00029957978215694843,-0.8162385838861664
Learned,Learned Basis,-0.3154296875,0.00030020115358300693,-0.8072400225110177
Learned,Learned Basis,-0.315185546875,0.0003008257512751234,-0.7982134905353584
Learned,Learned Basis,-0.31494140625,0.0003014488550312327,-0.7892272036606135
Learned,Learned Basis,-0.314697265625,0.0003020658664951144,-0.7803470634473462
Learned,Learned Basis,-0.314453125,0.0003026723144540378,-0.7716366132489452
Learned,Learned Basis,-0.314208984375,0.0003032639925775433,-0.7631551070975561
Learned,Learned Basis,-0.31396484375,0.0003038368852504058,-0.7549586373019925
Learned,Learned Basis,-0.313720703125,0.0003043872841208347,-0.7470985334271875
Learned,Learned Basis,-0.3134765625,0.0003049117351240192,-0.7396221966609393
Learned,Learned Basis,-0.313232421875,0.0003054071762209092,-0.732571214698846
Learned,Learned Basis,-0.31298828125,0.0003058708685288249,-0.7259824274527138
Learned,Learned Basis,-0.312744140625,0.00030630044400026566,-0.7198873268293572
Learned,Learned Basis,-0.3125,0.0003066939213158462,-0.7143119068891624
Learned,Learned Basis,-0.312255859375,0.0003070497323725235,-0.7092763584187711
Learned,Learned Basis,-0.31201171875,0.000307366722283597,-0.7047951313823073
Learned,Learned Basis,-0.311767578125,0.00030764415467635407,-0.7008769123731101
Learned,Learned Basis,-0.3115234375,0.00030788171169206967,-0.6975246663726684
Learned,Learned Basis,-0.311279296875,0.0003080794516048434,-0.6947362647318853
Learned,Learned Basis,-0.31103515625,0.0003082379041792169,-0.6925031593499216
Learned,Learned Basis,-0.310791015625,0.0003083579382290381,-0.6908122583560787
Learned,Learned Basis,-0.310546875,0.0003084408569750794,-0.6896445792247641
Learned,Learned Basis,-0.310302734375,0.00030848825500861063,-0.6889772511944818
Learned,Learned Basis,-0.31005859375,0.0003085021507325351,-0.6887816294743603
Learned,Learned Basis,-0.309814453125,0.00030848485392025393,-0.6890251325003092
Learned,Learned Basis,-0.3095703125,0.0003084389127392119,-0.6896719547669752
Learned,Learned Basis,-0.309326171875,0.0003083672355967421,-0.6906813152500815
Learned,Learned Basis,-0.30908203125,0.000308272852746022,-0.6920107763846721
Learned,Learned Basis,-0.308837890625,0.00030815908051308173,-0.6936138942912866
Learned,Learned Basis,-0.30859375,0.00030802930939098703,-0.6954431687142641
Learned,Learned Basis,-0.308349609375,0.00030788712588568416,-0.697448295037606
Learned,Learned Basis,-0.30810546875,0.00030773618537250974,-0.6995779295748973
Learned,Learned Basis,-0.307861328125,0.00030758018031031817,-0.7017801183314181
Learned,Learned Basis,-0.3076171875,0.0003074227819673824,-0.7040031070805137
Learned,Learned Basis,-0.307373046875,0.00030726768280255686,-0.7061947373959843
Learned,Learned Basis,-0.30712890625,0.0003071184693217878,-0.7083042443363219
Learned,Learned Basis,-0.306884765625,0.0003069786326734039,-0.7102821167481381
Learned,Learned Basis,-0.306640625,0.0003068515315645986,-0.7120806373879749
Learned,Learned Basis,-0.306396484375,0.00030674032339203934,-0.7136548791522266
Learned,Learned Basis,-0.30615234375,0.00030664799073009503,-0.7149623564862901
Learned,Learned Basis,-0.305908203125,0.0003065772565685091,-0.715964254445658
Learned,Learned Basis,-0.3056640625,0.0003065305790147544,-0.7166255346605587
Learned,Learned Basis,-0.305419921875,0.0003065101142105148,-0.7169154909931805
Learned,Learned Basis,-0.30517578125,0.0003065177110340405,-0.7168078528599181
Learned,Learned Basis,-0.304931640625,0.0003065549111001471,-0.7162808098026003
Learned,Learned Basis,-0.3046875,0.0003066228534025991,-0.715318381975903
Learned,Learned Basis,-0.304443359375,0.00030672233258820876,-0.7139096071867597
Learned,Learned Basis,-0.30419921875,0.0003068538095521272,-0.7120483965926865
Learned,Learned Basis,-0.303955078125,0.0003070173372708086,-0.7097345824344871
Learned,Learned Basis,-0.3037109375,0.00030721257669494626,-0.7069736811667143
Learned,Learned Basis,-0.303466796875,0.0003074388285353455,-0.703776424008993
Learned,Learned Basis,-0.30322265625,0.0003076950332629232,-0.7001587299502301
Learned,Learned Basis,-0.302978515625,0.00030797973932283554,-0.696142119716922
Learned,Learned Basis,-0.302734375,0.0003082911984920954,-0.6917523293904817
Learned,Learned Basis,-0.302490234375,0.000308627244033728,-0.6870209831128047
Learned,Learned Basis,-0.30224609375,0.00030898544432848764,-0.681983378419636
Learned,Learned Basis,-0.302001953125,0.00030936315055366665,-0.6766777708340517
Learned,Learned Basis,-0.3017578125,0.00030975729537256947,-0.6711481539663973
Learned,Learned Basis,-0.301513671875,0.00031016468430501075,-0.6654401198389731
Learned,Learned Basis,-0.30126953125,0.00031058187388147043,-0.659602531024217
Learned,Learned Basis,-0.301025390625,0.0003110052405124844,-0.653686519709127
Learned,Learned Basis,-0.30078125,0.00031143104406038943,-0.6477445730501552
Learned,Learned Basis,-0.300537109375,0.00031185541194638693,-0.6418307381548871
Learned,Learned Basis,-0.30029296875,0.00031227438682935156,-0.6359999475912292
Learned,Learned Basis,-0.300048828125,0.0003126840431540306,-0.6303064006853711
Learned,Learned Basis,-0.2998046875,0.0003130803811981354,-0.6248050509172789
Learned,Learned Basis,-0.299560546875,0.0003134594542158316,-0.6195498594479932
Learned,Learned Basis,-0.29931640625,0.0003138174690930017,-0.614592434849715
Learned,Learned Basis,-0.299072265625,0.00031415061682259205,-0.6099844225179275
Learned,Learned Basis,-0.298828125,0.0003144553585774653,-0.6057735916288034
Learned,Learned Basis,-0.298583984375,0.0003147283091622009,-0.6020055046202786
Learned,Learned Basis,-0.29833984375,0.00031496627939425894,-0.598722987494094
Learned,Learned Basis,-0.298095703125,0.00031516633967572464,-0.5959653115199119
Learned,Learned Basis,-0.2978515625,0.00031532583058859945,-0.5937681066022474
Learned,Learned Basis,-0.297607421875,0.000315442437061837,-0.5921623965164564
Learned,Learned Basis,-0.29736328125,0.00031551413539488847,-0.5911753811845235
Learned,Learned Basis,-0.297119140625,0.0003155392886153206,-0.5908291694558194
Learned,Learned Basis,-0.296875,0.000315516577609425,-0.5911417650617269
Learned,Learned Basis,-0.296630859375,0.00031544513886099884,-0.5921251988758
Learned,Learned Basis,-0.29638671875,0.00031532444260550066,-0.5937872231689535
Learned,Learned Basis,-0.296142578125,0.00031515441467589464,-0.5961296393351625
Learned,Learned Basis,-0.2958984375,0.00031493535174032406,-0.5991494575582761
Learned,Learned Basis,-0.295654296875,0.0003146679848738562,-0.6028380009626086
Learned,Learned Basis,-0.29541015625,0.00031435346896319165,-0.6071810177237149
Learned,Learned Basis,-0.295166015625,0.0003139932926466921,-0.6121598801435452
Learned,Learned Basis,-0.294921875,0.00031358945843432454,-0.61774903930827
Learned,Learned Basis,-0.294677734375,0.00031314423901597217,-0.62391932726114
Learned,Learned Basis,-0.29443359375,0.00031266032559550605,-0.6306358321254263
Learned,Learned Basis,-0.294189453125,0.00031214073253316746,-0.6378591378126686
Learned,Learned Basis,-0.2939453125,0.00031158882383379514,-0.6455448715657524
Learned,Learned Basis,-0.293701171875,0.0003110082336821441,-0.6536447226381453
Learned,Learned Basis,-0.29345703125,0.00031040291941933953,-0.6621056176828687
Learned,Learned Basis,-0.293212890625,0.0003097770026135146,-0.670871857850856
Learned,Learned Basis,-0.29296875,0.0003091348803103641,-0.6798834887701871
Learned,Learned Basis,-0.292724609375,0.0003084810502108457,-0.6890786826234429
Learned,Learned Basis,-0.29248046875,0.00030782023781466986,-0.6983918965591587
Learned,Learned Basis,-0.292236328125,0.0003071572057050649,-0.7077565098837828
Learned,Learned Basis,-0.2919921875,0.00030649684360874933,-0.7171035263505501
Learned,Learned Basis,-0.291748046875,0.0003058439988712782,-0.7263639563195944
Learned,Learned Basis,-0.29150390625,0.000305203513540561,-0.735468300616531
Learned,Learned Basis,-0.291259765625,0.0003045802667480255,-0.7443459633508931
Learned,Learned Basis,-0.291015625,0.0003039789469098641,-0.7529285290800027
Learned,Learned Basis,-0.290771484375,0.0003034041788705245,-0.7611480087387108
Learned,Learned Basis,-0.29052734375,0.0003028603755686377,-0.7689390245538014
Learned,Learned Basis,-0.290283203125,0.00030235179631111765,-0.7762380587571581
Learned,Learned Basis,-0.2900390625,0.0003018824726061254,-0.7829846054784827
Learned,Learned Basis,-0.289794921875,0.0003014561392936788,-0.7891222612562541
Learned,Learned Basis,-0.28955078125,0.0003010763034150429,-0.794597838545697
Learned,Learned Basis,-0.289306640625,0.0003007460481998493,-0.7993642960091195
Learned,Learned Basis,-0.2890625,0.00030046826086484944,-0.8033775576198008
Learned,Learned Basis,-0.288818359375,0.000300245335945771,-0.8066008929061269
Learned,Learned Basis,-0.28857421875,0.0003000793713101986,-0.8090021776237232
Learned,Learned Basis,-0.288330078125,0.00029997202512114715,-0.8105560397872973
Learned,Learned Basis,-0.2880859375,0.00029992456881351633,-0.8112431586270087
Learned,Learned Basis,-0.287841796875,0.000299937828819991,-0.8110511563389634
Learned,Learned Basis,-0.28759765625,0.0003000122554404314,-0.8099736310055143
Learned,Learned Basis,-0.287353515625,0.00030014784867483756,-0.8080112415003085
Learned,Learned Basis,-0.287109375,0.00030034417411628543,-0.8051714682583709
Learned,Learned Basis,-0.286865234375,0.00030060036295092684,-0.8014685839791252
Learned,Learned Basis,-0.28662109375,0.0003009152073156072,-0.7969222284237609
Learned,Learned Basis,-0.286376953125,0.0003012870384520205,-0.7915591055725639
Learned,Learned Basis,-0.2861328125,0.0003017138114690366,-0.7854116781755196
Learned,Learned Basis,-0.285888671875,0.00030219314242621847,-0.778517542180507
Learned,Learned Basis,-0.28564453125,0.00030272226595265926,-0.7709199348720509
Learned,Learned Basis,-0.285400390625,0.00030329809352108196,-0.7626667860513993
Learned,Learned Basis,-0.28515625,0.00030391725582900225,-0.7538099985141667
Learned,Learned Basis,-0.284912109375,0.00030457609220343817,-0.7444054876963963
Learned,Learned Basis,-0.28466796875,0.00030527072476794576,-0.7345120124241269
Learned,Learned Basis,-0.284423828125,0.00030599702135910087,-0.7241916003886663
Learned,Learned Basis,-0.2841796875,0.00030675067499118095,-0.713508319792811
Learned,Learned Basis,-0.283935546875,0.00030752727802320037,-0.702527147850267
Learned,Learned Basis,-0.28369140625,0.00030832224799187485,-0.6913149524079215
Learned,Learned Basis,-0.283447265625,0.00030913096005275677,-0.6799385636630697
Learned,Learned Basis,-0.283203125,0.0003099487045990719,-0.6684653342582556
Learned,Learned Basis,-0.282958984375,0.00031077080910756386,-0.6569614052705253
Learned,Learned Basis,-0.28271484375,0.00031159263284084876,-0.6454917817079842
Learned,Learned Basis,-0.282470703125,0.00031240950327567036,-0.6341212268847976
Learned,Learned Basis,-0.2822265625,0.0003132169386040072,-0.6229111859142578
Learned,Learned Basis,-0.281982421875,0.0003140105205895828,-0.6119216013186023
Learned,Learned Basis,-0.28173828125,0.0003147860005207742,-0.6012094928897543
Learned,Learned Basis,-0.281494140625,0.0003155393098059023,-0.5908288777979271
Learned,Learned Basis,-0.28125,0.00031626659175910466,-0.5808304058687811
Learned,Learned Basis,-0.281005859375,0.0003169642227909173,-0.5712611485572847
Learned,Learned Basis,-0.28076171875,0.0003176288230035652,-0.5621645373522867
Learned,Learned Basis,-0.280517578125,0.0003182573038697711,-0.5535797971129507
Learned,Learned Basis,-0.2802734375,0.0003188468417445287,-0.5455423947284535
Learned,Learned Basis,-0.280029296875,0.00031939493613920194,-0.5380833270857234
Learned,Learned Basis,-0.27978515625,0.0003198994150191705,-0.5312291310839293
Learned,Learned Basis,-0.279541015625,0.0003203584136132482,-0.5250022461683688
Learned,Learned Basis,-0.279296875,0.0003207704273901371,-0.519420362373424
Learned,Learned Basis,-0.279052734375,0.000321134243189037,-0.5144974129682557
Learned,Learned Basis,-0.27880859375,0.00032144909285136274,-0.5102415453087493
Learned,Learned Basis,-0.278564453125,0.00032171437244553694,-0.5066589577812846
Learned,Learned Basis,-0.2783203125,0.0003219299760186513,-0.5037494178837372
Learned,Learned Basis,-0.278076171875,0.00032209602011890493,-0.5015100039928995
Learned,Learned Basis,-0.27783203125,0.0003222129762367399,-0.4999333258013569
Learned,Learned Basis,-0.277587890625,0.0003222816178283867,-0.4990082392337267
Learned,Learned Basis,-0.27734375,0.000322302972637056,-0.49872047946696335
Learned,Learned Basis,-0.277099609375,0.0003222783703717471,-0.4990520009479077
Learned,Learned Basis,-0.27685546875,0.00032220938443314824,-0.49998173816489827
Learned,Learned Basis,-0.276611328125,0.00032209781072305534,-0.5014858606539053
Learned,Learned Basis,-0.2763671875,0.0003219456782396624,-0.5035375947500308
Learned,Learned Basis,-0.276123046875,0.0003217551590175898,-0.5061083992129014
Learned,Learned Basis,-0.27587890625,0.0003215286158066927,-0.5091672816011437
Learned,Learned Basis,-0.275634765625,0.00032126855439325265,-0.5126813992174406
Learned,Learned Basis,-0.275390625,0.0003209775388376506,-0.5166171634027867
Learned,Learned Basis,-0.275146484375,0.00032065831861785723,-0.520938480230564
Learned,Learned Basis,-0.27490234375,0.00032031357964009804,-0.5256100812970382
Learned,Learned Basis,-0.274658203125,0.0003199461667399611,-0.5305944775058229
Learned,Learned Basis,-0.2744140625,0.0003195587976095445,-0.5358558063696638
Learned,Learned Basis,-0.274169921875,0.0003191542905962092,-0.5413567172015774
Learned,Learned Basis,-0.27392578125,0.00031873535279676246,-0.5470612274598604
Learned,Learned Basis,-0.273681640625,0.00031830469130801153,-0.5529331954266021
Learned,Learned Basis,-0.2734375,0.00031786484899975576,-0.5589385479534809
Learned,Learned Basis,-0.273193359375,0.0003174183422535675,-0.5650433985336002
Learned,Learned Basis,-0.27294921875,0.00031696750203342945,-0.5712162176326414
Learned,Learned Basis,-0.272705078125,0.00031651459043393395,-0.5774262445396188
Learned,Learned Basis,-0.2724609375,0.00031606165234621147,-0.5836455279225601
Learned,Learned Basis,-0.272216796875,0.0003156105684343843,-0.5898482159825275
Learned,Learned Basis,-0.27197265625,0.00031516311340966667,-0.5960097692091184
Learned,Learned Basis,-0.271728515625,0.00031472080769629276,-0.60210901879364
Learned,Learned Basis,-0.271484375,0.00031428501808677977,-0.6081268025789854
Learned,Learned Basis,-0.271240234375,0.00031385691536076445,-0.6140465691311864
Learned,Learned Basis,-0.27099609375,0.0003134374424991308,-0.6198548399688539
Learned,Learned Basis,-0.270751953125,0.00031302737825575474,-0.6255403519931075
Learned,Learned Basis,-0.2705078125,0.00031262734245515,-0.6310940019118355
Learned,Learned Basis,-0.270263671875,0.0003122377377183681,-0.636509673697718
Learned,Learned Basis,-0.27001953125,0.0003118587070818353,-0.6417848498512974
Learned,Learned Basis,-0.269775390625,0.0003114903829866869,-0.6469171631325622
Learned,Learned Basis,-0.26953125,0.0003111326065035605,-0.6519083173977075
Learned,Learned Basis,-0.269287109375,0.00031078512864312155,-0.6567612979302361
Learned,Learned Basis,-0.26904296875,0.0003104475732725456,-0.6614808965203723
Learned,Learned Basis,-0.268798828125,0.0003101194265202273,-0.6660738683386196
Learned,Learned Basis,-0.2685546875,0.0003098000367757806,-0.6705489404754201
Learned,Learned Basis,-0.268310546875,0.0003094887736194011,-0.6749145895990414
Learned,Learned Basis,-0.26806640625,0.00030918481061840394,-0.6791820892311888
Learned,Learned Basis,-0.267822265625,0.0003088873531259768,-0.6833623181789883
Learned,Learned Basis,-0.267578125,0.0003085955641141442,-0.6874667998938072
Learned,Learned Basis,-0.267333984375,0.000308308564173767,-0.6915077032915733
Learned,Learned Basis,-0.26708984375,0.00030802551627686964,-0.6954966486469522
Learned,Learned Basis,-0.266845703125,0.00030774557809783116,-0.6994453762152514
Learned,Learned Basis,-0.2666015625,0.00030746796558513,-0.7033648474881021
Learned,Learned Basis,-0.266357421875,0.00030719197415192596,-0.7072649410780514
Learned,Learned Basis,-0.26611328125,0.00030691690450902417,-0.7111554966518764
Learned,Learned Basis,-0.265869140625,0.00030664220570130146,-0.7150442885340351
Learned,Learned Basis,-0.265625,0.0003063674698100608,-0.718937091349447
Learned,Learned Basis,-0.265380859375,0.0003060922783213145,-0.7228398507858603
Learned,Learned Basis,-0.26513671875,0.0003058164458174729,-0.7267552237078729
Learned,Learned Basis,-0.264892578125,0.00030553991402443645,-0.7306840693980718
Learned,Learned Basis,-0.2646484375,0.00030526270413278685,-0.734626119774394
Learned,Learned Basis,-0.264404296875,0.00030498504923892237,-0.7385780883292427
Learned,Learned Basis,-0.26416015625,0.0003047072883921496,-0.7425351664797222
Learned,Learned Basis,-0.263916015625,0.0003044299407617192,-0.7464899585371925
Learned,Learned Basis,-0.263671875,0.0003041536844462444,-0.7504327725293121
Learned,Learned Basis,-0.263427734375,0.0003038793034972466,-0.7543523671085703
Learned,Learned Basis,-0.26318359375,0.0003036077726814823,-0.7582347325919024
Learned,Learned Basis,-0.262939453125,0.00030334020980213403,-0.7620637621939079
Learned,Learned Basis,-0.2626953125,0.0003030777909364841,-0.7658224590754024
Learned,Learned Basis,-0.262451171875,0.00030282189347234054,-0.7694908836043526
Learned,Learned Basis,-0.26220703125,0.00030257399545277413,-0.7730475892232467
Learned,Learned Basis,-0.261962890625,0.000302335564325565,-0.7764712193031345
Learned,Learned Basis,-0.26171875,0.0003021082847419552,-0.7797372389281233
Learned,Learned Basis,-0.261474609375,0.0003018938466508322,-0.7828209791587306
Learned,Learned Basis,-0.26123046875,0.00030169394000108355,-0.7856977225248486
Learned,Learned Basis,-0.260986328125,0.0003015103289086326,-0.7883416456812485
Learned,Learned Basis,-0.2607421875,0.00030134481987056585,-0.7907262869632876
Learned,Learned Basis,-0.260498046875,0.0003011991081334164,-0.7928267746351415
Learned,Learned Basis,-0.26025390625,0.0003010749048366532,-0.7946180127102197
Learned,Learned Basis,-0.260009765625,0.00030097389463151856,-0.7960753090342474
Learned,Learned Basis,-0.259765625,0.0003008976615139915,-0.7971754647774215
Learned,Learned Basis,-0.259521484375,0.0003008476888247884,-0.7978967952606381
Learned,Learned Basis,-0.25927734375,0.0003008253327611356,-0.798219532519502
Learned,Learned Basis,-0.259033203125,0.00030083181707912397,-0.798125920949454
Learned,Learned Basis,-0.2587890625,0.0003008682330937092,-0.7976002346310956
Learned,Learned Basis,-0.258544921875,0.00030093550259519344,-0.7966293276165941
Learned,Learned Basis,-0.25830078125,0.0003010343195751262,-0.7952034863897406
Learned,Learned Basis,-0.258056640625,0.0003011652190956943,-0.7933154430847797
Learned,Learned Basis,-0.2578125,0.0003013285190156228,-0.7909612192523738
Learned,Learned Basis,-0.257568359375,0.0003015242034419754,-0.7881418019592866
Learned,Learned Basis,-0.25732421875,0.00030175221410065254,-0.7848589361712575
Learned,Learned Basis,-0.257080078125,0.00030201209539414847,-0.7811202249917268
Learned,Learned Basis,-0.2568359375,0.0003023031798191409,-0.7769364363468255
Learned,Learned Basis,-0.256591796875,0.00030262458796649085,-0.7723214788130127
Learned,Learned Basis,-0.25634765625,0.0003029751384612707,-0.7672936640412631
Learned,Learned Basis,-0.256103515625,0.0003033533956415729,-0.7618749836323052
Learned,Learned Basis,-0.255859375,0.0003037577437255457,-0.7560900076628021
Learned,Learned Basis,-0.255615234375,0.0003041862172867401,-0.7499682679626664
Learned,Learned Basis,-0.25537109375,0.0003046366972669899,-0.7435414071906132
Learned,Learned Basis,-0.255126953125,0.0003051068209164399,-0.7368444226015952
Learned,Learned Basis,-0.2548828125,0.00030559401357941815,-0.7299151663081883
Learned,Learned Basis,-0.254638671875,0.0003060954780991454,-0.722794451450748
Learned,Learned Basis,-0.25439453125,0.00030660830077064314,-0.7155245074381806
Learned,Learned Basis,-0.254150390625,0.00030712934538782555,-0.7081504492278201
Learned,Learned Basis,-0.25390625,0.0003076553803869892,-0.7007184443780278
Learned,Learned Basis,-0.253662109375,0.0003081830311680046,-0.6932763662503147
Learned,Learned Basis,-0.25341796875,0.00030870882777312455,-0.6858731037110548
Learned,Learned Basis,-0.253173828125,0.00030922927375637505,-0.6785575854887894
Learned,Learned Basis,-0.2529296875,0.0003097407985047461,-0.6713794540700418
Learned,Learned Basis,-0.252685546875,0.000310239810214646,-0.6643883296456323
Learned,Learned Basis,-0.25244140625,0.0003107227594636465,-0.657632939017858
Learned,Learned Basis,-0.252197265625,0.00031118610742461025,-0.6511615889344347
Learned,Learned Basis,-0.251953125,0.0003116264371162442,-0.6450206468858616
Learned,Learned Basis,-0.251708984375,0.00031204034745019175,-0.6392560621788732
Learned,Learned Basis,-0.25146484375,0.00031242464394626746,-0.6339107547227634
Learned,Learned Basis,-0.251220703125,0.0003127762221842579,-0.629026292365682
Learned,Learned Basis,-0.2509765625,0.0003130922055427025,-0.6246410307187921
Learned,Learned Basis,-0.250732421875,0.00031336991341302114,-0.6207906142319424
Learned,Learned Basis,-0.25048828125,0.00031360685590186855,-0.6175081059997446
Learned,Learned Basis,-0.250244140625,0.00031380080799817036,-0.6148230151821731
Learned,Learned Basis,-0.25,0.00031394988903780404,-0.6127602512731178
Learned,Learned Basis,-0.249755859375,0.00031405236139307334,-0.6113429576629275
Learned,Learned Basis,-0.24951171875,0.0003141069377361424,-0.6105883018063681
Learned,Learned Basis,-0.249267578125,0.00031411257972850974,-0.6105102944830035
Learned,Learned Basis,-0.2490234375,0.0003140686198668531,-0.6111181294639356
Learned,Learned Basis,-0.248779296875,0.0003139746767207025,-0.6124173707905061
Learned,Learned Basis,-0.24853515625,0.00031383078207593046,-0.6144081993320113
Learned,Learned Basis,-0.248291015625,0.000313637280279489,-0.6170867982962814
Learned,Learned Basis,-0.248046875,0.0003133949077040908,-0.6204442360584819
Learned,Learned Basis,-0.247802734375,0.000313104723878819,-0.6244673906371085
Learned,Learned Basis,-0.24755859375,0.00031276816976322653,-0.6291381028803342
Learned,Learned Basis,-0.247314453125,0.0003123870359614638,-0.6344335663417094
Learned,Learned Basis,-0.2470703125,0.00031196339385288825,-0.6403272263603942
Learned,Learned Basis,-0.246826171875,0.00031149970684261793,-0.6467871675115301
Learned,Learned Basis,-0.24658203125,0.00031099868732510557,-0.6537780308070551
Learned,Learned Basis,-0.246337890625,0.00031046340263704667,-0.6612594604072076
Learned,Learned Basis,-0.24609375,0.00030989716910447126,-0.6691875002652682
Learned,Learned Basis,-0.245849609375,0.0003093035096615805,-0.6775151106189381
Learned,Learned Basis,-0.24560546875,0.0003086862545060097,-0.6861906781664485
Learned,Learned Basis,-0.245361328125,0.00030804935568123877,-0.695160542688219
Learned,Learned Basis,-0.2451171875,0.0003073969930295004,-0.7043674412765931
Learned,Learned Basis,-0.244873046875,0.0003067334682388719,-0.713751938072557
Learned,Learned Basis,-0.24462890625,0.00030606320484327497,-0.7232523751016285
Learned,Learned Basis,-0.244384765625,0.0003053907005436674,-0.7328055081037725
Learned,Learned Basis,-0.244140625,0.00030472051661275173,-0.742346630834757
Learned,Learned Basis,-0.243896484375,0.00030405719843029443,-0.7518106940969511
Learned,Learned Basis,-0.24365234375,0.00030340532316193425,-0.7611316293167254
Learned,Learned Basis,-0.243408203125,0.0003027693726156927,-0.7702441810695402
Learned,Learned Basis,-0.2431640625,0.0003021537862184277,-0.7790831836386232
Learned,Learned Basis,-0.242919921875,0.00030156284446763504,-0.7875852791720638
Learned,Learned Basis,-0.24267578125,0.00030100075899141984,-0.7956876833027481
Learned,Learned Basis,-0.242431640625,0.00030047143945209864,-0.8033316148105017
Learned,Learned Basis,-0.2421875,0.00029997869485672506,-0.8104594775444027
Learned,Learned Basis,-0.241943359375,0.0002995260587347912,-0.8170174708294038
Learned,Learned Basis,-0.24169921875,0.0002991167891382275,-0.8229556877720106
Learned,Learned Basis,-0.241455078125,0.0002987538792366936,-0.8282280583818593
Learned,Learned Basis,-0.2412109375,0.0002984400202340606,-0.8327929826253843
Learned,Learned Basis,-0.240966796875,0.00029817752720137484,-0.8366145022397237
Learned,Learned Basis,-0.24072265625,0.0002979684503274122,-0.8396607674097012
Learned,Learned Basis,-0.240478515625,0.0002978143789057973,-0.8419069674152997
Learned,Learned Basis,-0.240234375,0.0002977165790737843,-0.8433333895747865
Learned,Learned Basis,-0.239990234375,0.0002976759514310939,-0.8439260863305087
Learned,Learned Basis,-0.23974609375,0.00029769293038465014,-0.8436783788649298
Learned,Learned Basis,-0.239501953125,0.000297767643077943,-0.8425885565646279
Learned,Learned Basis,-0.2392578125,0.00029789975575931127,-0.8406621187719787
Learned,Learned Basis,-0.239013671875,0.00029808856913956014,-0.8379103664819021
Learned,Learned Basis,-0.23876953125,0.0002983330024990249,-0.8343506003634364
Learned,Learned Basis,-0.238525390625,0.00029863151952053504,-0.830007149413833
Learned,Learned Basis,-0.23828125,0.0002989823401952311,-0.8249082214628611
Learned,Learned Basis,-0.238037109375,0.00029938318123793895,-0.8190896014798195
Learned,Learned Basis,-0.23779296875,0.00029983154745766803,-0.8125903282772052
Learned,Learned Basis,-0.237548828125,0.00030032455163766695,-0.8054552164817398
Learned,Learned Basis,-0.2373046875,0.00030085896221423227,-0.7977340591226898
Learned,Learned Basis,-0.237060546875,0.00030143138339665287,-0.7894789231234962
Learned,Learned Basis,-0.23681640625,0.0003020380485590383,-0.780747033579744
Learned,Learned Basis,-0.236572265625,0.00030267503214613593,-0.7715976181599815
Learned,Learned Basis,-0.236328125,0.00030333823378039413,-0.7620920531393616
Learned,Learned Basis,-0.236083984375,0.0003040232564161182,-0.7522955256470936
Learned,Learned Basis,-0.23583984375,0.00030472573479348587,-0.7422722607949634
Learned,Learned Basis,-0.235595703125,0.0003054410546633404,-0.7320894838899628
Learned,Learned Basis,-0.2353515625,0.00030616461766946125,-0.7218135959547095
Learned,Learned Basis,-0.235107421875,0.0003068917353956558,-0.7115116600013569
Learned,Learned Basis,-0.23486328125,0.0003076177829974764,-0.7012492115166397
Learned,Learned Basis,-0.234619140625,0.0003083380932493122,-0.6910917660795439
Learned,Learned Basis,-0.234375,0.00030904806779494265,-0.6811032634912817
Learned,Learned Basis,-0.234130859375,0.0003097432248263463,-0.6713454342069748
Learned,Learned Basis,-0.23388671875,0.0003104191884884101,-0.6618779979884454
Learned,Learned Basis,-0.233642578125,0.00031107178423654675,-0.6527573880702446
Learned,Learned Basis,-0.2333984375,0.00031169694877672264,-0.6440380806648826
Learned,Learned Basis,-0.233154296875,0.0003122908678042388,-0.6357707450732063
Learned,Learned Basis,-0.23291015625,0.00031284999189666677,-0.6280021096042125
Learned,Learned Basis,-0.232666015625,0.0003133709676444588,-0.6207760038272326
Learned,Learned Basis,-0.232421875,0.0003138507700920826,-0.6141316041352262
Learned,Learned Basis,-0.232177734375,0.00031428667095214936,-0.6081039625331528
Learned,Learned Basis,-0.23193359375,0.0003146762492007042,-0.6027239409187534
Learned,Learned Basis,-0.231689453125,0.00031501743345838963,-0.598017701710526
Learned,Learned Basis,-0.2314453125,0.0003153084966928004,-0.5940068508307689
Learned,Learned Basis,-0.231201171875,0.00031554802973025593,-0.5907088622377218
Learned,Learned Basis,-0.23095703125,0.0003157350366134182,-0.5881358149269058
Learned,Learned Basis,-0.230712890625,0.00031586882864838317,-0.5862958913110833
Learned,Learned Basis,-0.23046875,0.0003159491939293342,-0.5851910732465573
Learned,Learned Basis,-0.230224609375,0.0003159761483492075,-0.584820581511607
Learned,Learned Basis,-0.22998046875,0.00031595012101728187,-0.5851783297866292
Learned,Learned Basis,-0.229736328125,0.0003158719595568236,-0.586252844026994
Learned,Learned Basis,-0.2294921875,0.0003157427658780792,-0.5880294999629159
Learned,Learned Basis,-0.229248046875,0.00031556402861941034,-0.5904886722037681
Learned,Learned Basis,-0.22900390625,0.00031533751189674033,-0.593607224327163
Learned,Learned Basis,-0.228759765625,0.000315065292387072,-0.5973579512420889
Learned,Learned Basis,-0.228515625,0.00031474977522142396,-0.601709303964412
Learned,Learned Basis,-0.228271484375,0.00031439355094840425,-0.6066273010626774
Learned,Learned Basis,-0.22802734375,0.0003139994802965372,-0.6120742975604466
Learned,Learned Basis,-0.227783203125,0.00031357067298368163,-0.6180092094673098
Learned,Learned Basis,-0.2275390625,0.0003131103711688318,-0.6243890601430109
Learned,Learned Basis,-0.227294921875,0.0003126220024285713,-0.6311681849268318
Learned,Learned Basis,-0.22705078125,0.0003121091426735556,-0.6382986830098764
Learned,Learned Basis,-0.226806640625,0.0003115754737673484,-0.6457309496261954
Learned,Learned Basis,-0.2265625,0.0003110247252523221,-0.6534144390872488
Learned,Learned Basis,-0.226318359375,0.0003104606955402394,-0.6612973290358799
Learned,Learned Basis,-0.22607421875,0.00030988720423344494,-0.6693271516887682
Learned,Learned Basis,-0.225830078125,0.00030930806033899227,-0.6774512148179304
Learned,Learned Basis,-0.2255859375,0.00030872707286393506,-0.6856164376424003
Learned,Learned Basis,-0.225341796875,0.00030814790248125535,-0.6937714312874665
Learned,Learned Basis,-0.22509765625,0.00030757420986393506,-0.701864420157437
Learned,Learned Basis,-0.224853515625,0.0003070094808626576,-0.7098457174731199
Learned,Learned Basis,-0.224609375,0.00030645710597048873,-0.7176666302201468
Learned,Learned Basis,-0.224365234375,0.0003059202637746777,-0.7252811396562735
Learned,Learned Basis,-0.22412109375,0.0003054020110166292,-0.7326446654511797
Learned,Learned Basis,-0.223876953125,0.0003049051554484133,-0.7397159138686009
Learned,Learned Basis,-0.2236328125,0.00030443229821392907,-0.7464563276624052
Learned,Learned Basis,-0.223388671875,0.0003039858285512587,-0.7528302122364993
Learned,Learned Basis,-0.22314453125,0.0003035678443279867,-0.7588059236323142
Learned,Learned Basis,-0.222900390625,0.0003031802103152993,-0.7643550913411798
Learned,Learned Basis,-0.22265625,0.0003028245687832753,-0.769452515584435
Learned,Learned Basis,-0.222412109375,0.0003025021911668144,-0.7740783422426281
Learned,Learned Basis,-0.22216796875,0.000302214168780872,-0.7782153741016323
Learned,Learned Basis,-0.221923828125,0.00030196124859345187,-0.7818514653763222
Learned,Learned Basis,-0.2216796875,0.0003017439285832229,-0.7849781864611977
Learned,Learned Basis,-0.221435546875,0.0003015624206560018,-0.7875913826820419
Learned,Learned Basis,-0.22119140625,0.00030141667713297983,-0.7896908123069252
Learned,Learned Basis,-0.220947265625,0.00030130636956014116,-0.7912804635072129
Learned,Learned Basis,-0.220703125,0.000301230925791781,-0.7923680248155928
Learned,Learned Basis,-0.220458984375,0.0003011895405857962,-0.7929647298620852
Learned,Learned Basis,-0.22021484375,0.00030118116500839456,-0.7930855015734171
Learned,Learned Basis,-0.219970703125,0.0003012045382199671,-0.7927484797363783
Learned,Learned Basis,-0.2197265625,0.00030125820866567013,-0.7919746965077129
Learned,Learned Basis,-0.219482421875,0.0003013405499683611,-0.7907878247094693
Learned,Learned Basis,-0.21923828125,0.00030144972914272625,-0.7892146104381981
Learned,Learned Basis,-0.218994140625,0.0003015838284411253,-0.7872830898603014
Learned,Learned Basis,-0.21875,0.00030174077118655536,-0.7850236305279791
Learned,Learned Basis,-0.218505859375,0.0003019183747491053,-0.7824681403999272
Learned,Learned Basis,-0.21826171875,0.00030211445120121867,-0.7796485941595044
Learned,Learned Basis,-0.218017578125,0.0003023266536859764,-0.7765992194158773
Learned,Learned Basis,-0.2177734375,0.0003025526618346865,-0.7733538085083087
Learned,Learned Basis,-0.217529296875,0.0003027901605763025,-0.7699460073610414
Learned,Learned Basis,-0.21728515625,0.00030303678186332383,-0.7664101372144173
Learned,Learned Basis,-0.217041015625,0.0003032902212199947,-0.7627795114976095
Learned,Learned Basis,-0.216796875,0.00030354828012346777,-0.7590858248151732
Learned,Learned Basis,-0.216552734375,0.00030380872826502313,-0.7553611226689727
Learned,Learned Basis,-0.21630859375,0.00030406949956294886,-0.7516349966953629
Learned,Learned Basis,-0.216064453125,0.0003043286285907959,-0.7479355009706954
Learned,Learned Basis,-0.2158203125,0.00030458425057737785,-0.7442891591525076
Learned,Learned Basis,-0.215576171875,0.0003048346755738074,-0.7407199165335278
Learned,Learned Basis,-0.21533203125,0.00030507833547704146,-0.737249908347182
Learned,Learned Basis,-0.215087890625,0.0003053138423039814,-0.7338986425810446
Learned,Learned Basis,-0.21484375,0.0003055399934891177,-0.7306829398871139
Learned,Learned Basis,-0.214599609375,0.00030575572420572203,-0.7276176259653634
Learned,Learned Basis,-0.21435546875,0.0003059602715928545,-0.7247132126284428
Learned,Learned Basis,-0.214111328125,0.00030615293106367496,-0.7219793736109694
Learned,Learned Basis,-0.2138671875,0.00030633326821125924,-0.7194219468335508
Learned,Learned Basis,-0.213623046875,0.0003065010711297908,-0.7170436243829802
Learned,Learned Basis,-0.21337890625,0.0003066562709498792,-0.7148450883051893
Learned,Learned Basis,-0.213134765625,0.0003067990001126599,-0.712824191530973
Learned,Learned Basis,-0.212890625,0.00030692964004860266,-0.7109752895752764
Learned,Learned Basis,-0.212646484375,0.00030704868873637667,-0.7092911197470573
Learned,Learned Basis,-0.21240234375,0.00030715686665575833,-0.7077613037587591
Learned,Learned Basis,-0.212158203125,0.00030725504791824125,-0.7063733234844793
Learned,Learned Basis,-0.2119140625,0.00030734421258822716,-0.7051131942615647
Learned,Learned Basis,-0.211669921875,0.00030742557382651626,-0.7039636668183855
Learned,Learned Basis,-0.21142578125,0.0003075003818774266,-0.7029069957323396
Learned,Learned Basis,-0.211181640625,0.00030757009889109275,-0.7019224674414736
Learned,Learned Basis,-0.2109375,0.0003076361923152948,-0.7009893167262825
Learned,Learned Basis,-0.210693359375,0.0003077002408483665,-0.7000852283905901
Learned,Learned Basis,-0.21044921875,0.00030776392914154995,-0.699186411668551
Learned,Learned Basis,-0.210205078125,0.00030782893125079643,-0.6982692451684478
Learned,Learned Basis,-0.2099609375,0.0003078969848038022,-0.6973092309187943
Learned,Learned Basis,-0.209716796875,0.0003079698115353271,-0.6962821176543108
Learned,Learned Basis,-0.20947265625,0.00030804914377542214,-0.6951635301821644
Learned,Learned Basis,-0.209228515625,0.00030813667147297475,-0.6939297206599139
Learned,Learned Basis,-0.208984375,0.00030823406338629074,-0.6925572748737979
Learned,Learned Basis,-0.208740234375,0.0003083428770231223,-0.691024387105047
Learned,Learned Basis,-0.20849609375,0.00030846460631947644,-0.6893101938176229
Learned,Learned Basis,-0.208251953125,0.00030860073461606955,-0.6873940346986971
Learned,Learned Basis,-0.2080078125,0.0003087525015619288,-0.6852587401999489
Learned,Learned Basis,-0.207763671875,0.00030892108853198185,-0.6828880255115712
Learned,Learned Basis,-0.20751953125,0.00030910757094824797,-0.6802671668969452
Learned,Learned Basis,-0.207275390625,0.00030931280173163904,-0.6773846421952036
Learned,Learned Basis,-0.20703125,0.0003095375119572224,-0.6742307158537784
Learned,Learned Basis,-0.206787109375,0.00030978224728247584,-0.6707983303943714
Learned,Learned Basis,-0.20654296875,0.00031004743151903256,-0.6670822108992912
Learned,Learned Basis,-0.206298828125,0.0003103332077033188,-0.6630810857568615
Learned,Learned Basis,-0.2060546875,0.0003106396394070795,-0.6587948561915871
Learned,Learned Basis,-0.205810546875,0.00031096653061743435,-0.6542271067459453
Learned,Learned Basis,-0.20556640625,0.00031131350520155883,-0.6493839765091175
Learned,Learned Basis,-0.205322265625,0.0003116800016090389,-0.644274215844606
Learned,Learned Basis,-0.205078125,0.0003120653205506798,-0.6389085030939345
Learned,Learned Basis,-0.204833984375,0.00031246850845030664,-0.6333010469026708
Learned,Learned Basis,-0.20458984375,0.00031288846869531855,-0.6274680122964961
Learned,Learned Basis,-0.204345703125,0.0003133239351484612,-0.6214278665894538
Learned,Learned Basis,-0.2041015625,0.00031377347744547253,-0.6152012814211454
Learned,Learned Basis,-0.203857421875,0.0003142355327809549,-0.6088106686918687
Learned,Learned Basis,-0.20361328125,0.0003147083635272121,-0.6022807437219211
Learned,Learned Basis,-0.203369140625,0.0003151901472942213,-0.5956372585035954
Learned,Learned Basis,-0.203125,0.0003156789292508241,-0.5889076419484872
Learned,Learned Basis,-0.202880859375,0.00031617264861295407,-0.5821206164591893
Learned,Learned Basis,-0.20263671875,0.00031666918102479964,-0.575305601373214
Learned,Learned Basis,-0.202392578125,0.0003171663173682225,-0.5684929941424023
Learned,Learned Basis,-0.2021484375,0.0003176618273345029,-0.5617132919637253
Learned,Learned Basis,-0.201904296875,0.00031815343293611215,-0.5549974530734767
Learned,Learned Basis,-0.20166015625,0.00031863883499494,-0.5483765348526045
Learned,Learned Basis,-0.201416015625,0.00031911575552345784,-0.5418811212395777
Learned,Learned Basis,-0.201171875,0.00031958193772471877,-0.5355413333974496
Learned,Learned Basis,-0.200927734375,0.0003200351512900029,-0.5293867703988152
Learned,Learned Basis,-0.20068359375,0.0003204732453752716,-0.5234458061757985
Learned,Learned Basis,-0.200439453125,0.00032089412211294037,-0.5177459692263806
Learned,Learned Basis,-0.2001953125,0.0003212958054812693,-0.5123130315363921
Learned,Learned Basis,-0.199951171875,0.0003216763512443909,-0.5071722507854977
Learned,Learned Basis,-0.19970703125,0.00032203404296519066,-0.5023457462594956
Learned,Learned Basis,-0.199462890625,0.0003223672171830081,-0.497854887965066
Learned,Learned Basis,-0.19921875,0.0003226744276406449,-0.4937181064814805
Learned,Learned Basis,-0.198974609375,0.0003229543022479384,-0.48995284636962233
Learned,Learned Basis,-0.19873046875,0.0003232057126064152,-0.4865733077296721
Learned,Learned Basis,-0.198486328125,0.00032342766805638256,-0.48359189557813553
Learned,Learned Basis,-0.1982421875,0.00032361941103454617,-0.48101795861161123
Learned,Learned Basis,-0.197998046875,0.00032378030582345604,-0.4788593008732889
Learned,Learned Basis,-0.19775390625,0.00032390999748086954,-0.4771200631039724
Learned,Learned Basis,-0.197509765625,0.0003240082793986153,-0.4758025112954087
Learned,Learned Basis,-0.197265625,0.0003240751515766934,-0.474906261934688
Learned,Learned Basis,-0.197021484375,0.0003241108630044383,-0.4744277179464715
Learned,Learned Basis,-0.19677734375,0.00032411580040996545,-0.47436155936039637
Learned,Learned Basis,-0.196533203125,0.0003240905995107246,-0.47469924845097455
Learned,Learned Basis,-0.1962890625,0.00032403604965588264,-0.47543030004506925
Learned,Learned Basis,-0.196044921875,0.00032395319977923177,-0.47654085070569446
Learned,Learned Basis,-0.19580078125,0.000323843183576891,-0.4780159879952356
Learned,Learned Basis,-0.195556640625,0.0003237074102225407,-0.4798371775675264
Learned,Learned Basis,-0.1953125,0.000323547347163961,-0.4819851572840594
Learned,Learned Basis,-0.195068359375,0.00032336472673120264,-0.48443714578564845
Learned,Learned Basis,-0.19482421875,0.0003231613183378345,-0.48716987856265204
Learned,Learned Basis,-0.194580078125,0.0003229390980055963,-0.4901573110242944
Learned,Learned Basis,-0.1943359375,0.0003227000841373915,-0.49337280387765836
Learned,Learned Basis,-0.194091796875,0.00032244647525606735,-0.4967872510847434
Learned,Learned Basis,-0.19384765625,0.0003221804910750529,-0.5003711988460725
Learned,Learned Basis,-0.193603515625,0.0003219043883912951,-0.5040946173942299
Learned,Learned Basis,-0.193359375,0.0003216205988240396,-0.5079250281325491
Learned,Learned Basis,-0.193115234375,0.0003213314480396238,-0.5118312789700219
Learned,Learned Basis,-0.19287109375,0.0003210393517643571,-0.515780892162736
Learned,Learned Basis,-0.192626953125,0.0003207467045339671,-0.5197415605151926
Learned,Learned Basis,-0.1923828125,0.0003204558955865363,-0.5236809309978797
Learned,Learned Basis,-0.192138671875,0.00032016925058840195,-0.5275673956490424
Learned,Learned Basis,-0.19189453125,0.0003198890687176743,-0.5313695944327556
Learned,Learned Basis,-0.191650390625,0.00031961756439013707,-0.5350572133640451
Learned,Learned Basis,-0.19140625,0.0003193568672592472,-0.5386009962156793
Learned,Learned Basis,-0.191162109375,0.00031910904340671657,-0.5419724694688419
Learned,Learned Basis,-0.19091796875,0.00031887599998489484,-0.5451452547148543
Learned,Learned Basis,-0.190673828125,0.00031865954349086863,-0.5480942938861407
Learned,Learned Basis,-0.1904296875,0.00031846134268294373,-0.5507963719951858
Learned,Learned Basis,-0.190185546875,0.0003182828967947727,-0.5532305696455154
Learned,Learned Basis,-0.18994140625,0.00031812554613064564,-0.5553781378403235
Learned,Learned Basis,-0.189697265625,0.0003179904985537173,-0.5572221541585924
Learned,Learned Basis,-0.189453125,0.00031787874472368025,-0.5587486966900785
Learned,Learned Basis,-0.189208984375,0.00031779111637086476,-0.5599460638347654
Learned,Learned Basis,-0.18896484375,0.0003177282598080115,-0.560805148844941
Learned,Learned Basis,-0.188720703125,0.0003176905935491083,-0.5613200296461119
Learned,Learned Basis,-0.1884765625,0.00031767841426229835,-0.5614865280742908
Learned,Learned Basis,-0.188232421875,0.0003176917590310997,-0.5613040971168068
Learned,Learned Basis,-0.18798828125,0.0003177304742237951,-0.5607748806779005
Learned,Learned Basis,-0.187744140625,0.00031779425257695066,-0.559903204541151
Learned,Learned Basis,-0.1875,0.00031788257492131554,-0.5586963678161373
Learned,Learned Basis,-0.187255859375,0.00031799475786063123,-0.5571639832035009
Learned,Learned Basis,-0.18701171875,0.00031812988490224084,-0.5553189067683304
Learned,Learned Basis,-0.186767578125,0.0003182869283029338,-0.5531755603856002
Learned,Learned Basis,-0.1865234375,0.00031846465900897377,-0.5507511465815199
Learned,Learned Basis,-0.186279296875,0.0003186617367160706,-0.5480644029776656
Learned,Learned Basis,-0.18603515625,0.0003188766039164722,-0.5451370294516441
Learned,Learned Basis,-0.185791015625,0.0003191076342330361,-0.5419916477941631
Learned,Learned Basis,-0.185546875,0.00031935302646632103,-0.5386532276024282
Learned,Learned Basis,-0.185302734375,0.00031961093173807706,-0.535147338388433
Learned,Learned Basis,-0.18505859375,0.00031987934753833716,-0.5315015751444246
Learned,Learned Basis,-0.184814453125,0.0003201562077853893,-0.5277443187216347
Learned,Learned Basis,-0.1845703125,0.0003204393775281312,-0.5239047960166936
Learned,Learned Basis,-0.184326171875,0.0003207266900295879,-0.5200125675089788
Learned,Learned Basis,-0.18408203125,0.00032101586200458535,-0.5160986677320604
Learned,Learned Basis,-0.183837890625,0.00032130469493027626,-0.5121928748091977
Learned,Learned Basis,-0.18359375,0.0003215908896285503,-0.5083262193395968
Learned,Learned Basis,-0.183349609375,0.00032187218930246055,-0.5045290503046327
Learned,Learned Basis,-0.18310546875,0.00032214636364328713,-0.5008312558870832
Learned,Learned Basis,-0.182861328125,0.0003224111558540831,-0.4972629846625506
Learned,Learned Basis,-0.1826171875,0.0003226644521743278,-0.4938523705127298
Learned,Learned Basis,-0.182373046875,0.0003229041229505641,-0.4906276875158868
Learned,Learned Basis,-0.18212890625,0.0003231281550775343,-0.48761558042088626
Learned,Learned Basis,-0.181884765625,0.0003233345566405622,-0.48484236361192656
Learned,Learned Basis,-0.181640625,0.0003235215158449157,-0.4823319024287859
Learned,Learned Basis,-0.181396484375,0.0003236872685746715,-0.4801074116863828
Learned,Learned Basis,-0.18115234375,0.000323830225536205,-0.4781897671094545
Learned,Learned Basis,-0.180908203125,0.0003239488504123458,-0.47659915908850686
Learned,Learned Basis,-0.1806640625,0.0003240418081964491,-0.47535312097278326
Learned,Learned Basis,-0.180419921875,0.00032410788043006947,-0.47446768333171796
Learned,Learned Basis,-0.18017578125,0.00032414597579825136,-0.4739572472410555
Learned,Learned Basis,-0.179931640625,0.0003241551989989195,-0.47383367550274397
Learned,Learned Basis,-0.1796875,0.0003241347712781979,-0.4741073692754988
Learned,Learned Basis,-0.179443359375,0.00032408413638331787,-0.4747858578299967
Learned,Learned Basis,-0.17919921875,0.0003240028281214829,-0.4758755797829856
Learned,Learned Basis,-0.178955078125,0.0003238906133962947,-0.4773799702676508
Learned,Learned Basis,-0.1787109375,0.00032374739155249045,-0.47930081052072054
Learned,Learned Basis,-0.178466796875,0.00032357322086416963,-0.4816378709887937
Learned,Learned Basis,-0.17822265625,0.0003233683238324397,-0.4843888352434007
Learned,Learned Basis,-0.177978515625,0.00032313310307835225,-0.48754907823080124
Learned,Learned Basis,-0.177734375,0.00032286809896173965,-0.4911122242936536
Learned,Learned Basis,-0.177490234375,0.0003225740478553146,-0.4950693498821488
Learned,Learned Basis,-0.17724609375,0.0003222517550011803,-0.499410678009616
Learned,Learned Basis,-0.177001953125,0.00032190220046373854,-0.5041241357272533
Learned,Learned Basis,-0.1767578125,0.00032152654442733534,-0.5091952601846452
Learned,Learned Basis,-0.176513671875,0.00032112601064806156,-0.5146087493648801
Learned,Learned Basis,-0.17626953125,0.0003207019659184344,-0.5203473684240825
Learned,Learned Basis,-0.176025390625,0.00032025588298387935,-0.526392427036255
Learned,Learned Basis,-0.17578125,0.00031978934584037555,-0.5327236840720361
Learned,Learned Basis,-0.175537109375,0.0003193040020556473,-0.5393199714140566
Learned,Learned Basis,-0.17529296875,0.00031880158395974526,-0.5461588851151715
Learned,Learned Basis,-0.175048828125,0.00031828392983562873,-0.5532164739080503
Learned,Learned Basis,-0.1748046875,0.0003177529097521292,-0.560468228249094
Learned,Learned Basis,-0.174560546875,0.00031721041496866,-0.5678892095585802
Learned,Learned Basis,-0.17431640625,0.00031665843739989727,-0.5754529468189342
Learned,Learned Basis,-0.174072265625,0.00031609894247229016,-0.58313316140883
Learned,Learned Basis,-0.173828125,0.0003155339379934511,-0.5909028137004095
Learned,Learned Basis,-0.173583984375,0.0003149654105804108,-0.5987349672393916
Learned,Learned Basis,-0.17333984375,0.00031439537863607256,-0.6066020539684093
Learned,Learned Basis,-0.173095703125,0.0003138258711586304,-0.614476159554325
Learned,Learned Basis,-0.1728515625,0.0003132587847051431,-0.6223310028309126
Learned,Learned Basis,-0.172607421875,0.000312696100594996,-0.6301389351804256
Learned,Learned Basis,-0.17236328125,0.0003121396624087935,-0.6378740269270572
Learned,Learned Basis,-0.172119140625,0.00031159135610830366,-0.6455095767062201
Learned,Learned Basis,-0.171875,0.00031105292991651345,-0.6530206255519494
Learned,Learned Basis,-0.171630859375,0.00031052610027053747,-0.6603824975529728
Learned,Learned Basis,-0.17138671875,0.00031001253063103615,-0.6675711075870832
Learned,Learned Basis,-0.171142578125,0.00030951373612459826,-0.6745643138538917
Learned,Learned Basis,-0.1708984375,0.0003090312212825218,-0.6813400081133651
Learned,Learned Basis,-0.170654296875,0.00030856637408790554,-0.6878776180777164
Learned,Learned Basis,-0.17041015625,0.0003081204341897767,-0.694158578467178
Learned,Learned Basis,-0.170166015625,0.00030769467302303494,-0.7001638145395248
Learned,Learned Basis,-0.169921875,0.00030729008654501843,-0.7058780927381623
Learned,Learned Basis,-0.169677734375,0.0003069076866060014,-0.7112859340594277
Learned,Learned Basis,-0.16943359375,0.00030654836321041375,-0.7163735743497353
Learned,Learned Basis,-0.169189453125,0.00030621284743332267,-0.7211295106790273
Learned,Learned Basis,-0.1689453125,0.000305901812075696,-0.7255430939520804
Learned,Learned Basis,-0.168701171875,0.00030561578160442985,-0.7296058213591057
Learned,Learned Basis,-0.16845703125,0.00030535519042644826,-0.7333105249431953
Learned,Learned Basis,-0.168212890625,0.0003051203722934124,-0.7366515341722428
Learned,Learned Basis,-0.16796875,0.0003049115232182026,-0.7396252148969802
Learned,Learned Basis,-0.167724609375,0.0003047287809395997,-0.7422288474010461
Learned,Learned Basis,-0.16748046875,0.0003045721189693767,-0.7444621423363205
Learned,Learned Basis,-0.167236328125,0.0003044414843310793,-0.7463252830977312
Learned,Learned Basis,-0.1669921875,0.00030433663863066386,-0.7478211945923935
Learned,Learned Basis,-0.166748046875,0.00030425733817644133,-0.7489529754245626
Learned,Learned Basis,-0.16650390625,0.0003042031909426509,-0.7497259374749231
Learned,Learned Basis,-0.166259765625,0.00030417377841530485,-0.7501458645589042
Learned,Learned Basis,-0.166015625,0.000304168512555762,-0.7502210503145533
Learned,Learned Basis,-0.165771484375,0.0003041868106230266,-0.7499597967562412
Learned,Learned Basis,-0.16552734375,0.00030422799451848564,-0.7493718446414243
Learned,Learned Basis,-0.165283203125,0.0003042913331670717,-0.7484677607637237
Learned,Learned Basis,-0.1650390625,0.00030437598954080917,-0.7472596855200713
Learned,Learned Basis,-0.164794921875,0.00030448117429053117,-0.7457591313818346
Learned,Learned Basis,-0.16455078125,0.00030460593913770836,-0.7439799216685503
Learned,Learned Basis,-0.164306640625,0.0003047493305061659,-0.7419359882088625
Learned,Learned Basis,-0.1640625,0.00030491041601031076,-0.7396409852144059
Learned,Learned Basis,-0.163818359375,0.0003050881414187053,-0.7371103180381069
Learned,Learned Basis,-0.16357421875,0.00030528152666694765,-0.734358341542722
Learned,Learned Basis,-0.163330078125,0.00030548947514243683,-0.7314010669292516
Learned,Learned Basis,-0.1630859375,0.00030571094850667137,-0.7282536651780833
Learned,Learned Basis,-0.162841796875,0.0003059448713376321,-0.7249318166373058
Learned,Learned Basis,-0.16259765625,0.00030619015232036327,-0.7214514020588191
Learned,Learned Basis,-0.162353515625,0.00030644573192578194,-0.7178278200384414
Learned,Learned Basis,-0.162109375,0.0003067105347318688,-0.7140766586827039
Learned,Learned Basis,-0.161865234375,0.0003069835171024769,-0.710213015400621
Learned,Learned Basis,-0.16162109375,0.0003072636248061687,-0.706252093804589
Learned,Learned Basis,-0.161376953125,0.0003075498512903152,-0.7022083765975673
Learned,Learned Basis,-0.1611328125,0.0003078411582164151,-0.6980967468194079
Learned,Learned Basis,-0.160888671875,0.00030813660790122977,-0.6939306166539143
Learned,Learned Basis,-0.16064453125,0.00030843527325681157,-0.6897232004556219
Learned,Learned Basis,-0.160400390625,0.00030873619540934034,-0.685488110296167
Learned,Learned Basis,-0.16015625,0.0003090385161402587,-0.6812374916408783
Learned,Learned Basis,-0.159912109375,0.00030934138782630035,-0.6769832941274478
Learned,Learned Basis,-0.15966796875,0.0003096440476065253,-0.672736231906052
Learned,Learned Basis,-0.159423828125,0.0003099456796435397,-0.6685077195912752
Learned,Learned Basis,-0.1591796875,0.00031024558994579416,-0.66430742184848
Learned,Learned Basis,-0.158935546875,0.00031054312160525704,-0.6601444477033007
Learned,Learned Basis,-0.15869140625,0.0003108375965233153,-0.6560281680114957
Learned,Learned Basis,-0.158447265625,0.00031112844785190945,-0.651966366329152
Learned,Learned Basis,-0.158203125,0.00031141514052885255,-0.6479663554472105
Learned,Learned Basis,-0.157958984375,0.00031169716068253926,-0.6440351281337166
Learned,Learned Basis,-0.15771484375,0.0003119740421201731,-0.6401789908656963
Learned,Learned Basis,-0.157470703125,0.00031224539281599333,-0.6364031995114773
Learned,Learned Basis,-0.1572265625,0.0003125107995536575,-0.6327132900725906
Learned,Learned Basis,-0.156982421875,0.00031276995506973154,-0.6291133130639227
Learned,Learned Basis,-0.15673828125,0.000313022573291363,-0.6256070166263673
Learned,Learned Basis,-0.156494140625,0.00031326841052686284,-0.6221975547926214
Learned,Learned Basis,-0.15625,0.00031350720189396024,-0.6188883712181814
Learned,Learned Basis,-0.156005859375,0.00031373880435622896,-0.6156812188432821
Learned,Learned Basis,-0.15576171875,0.0003139630483890158,-0.6125782185970294
Learned,Learned Basis,-0.155517578125,0.00031417984922999404,-0.6095803207300152
Learned,Learned Basis,-0.1552734375,0.00031438908503331913,-0.6066889924061447
Learned,Learned Basis,-0.155029296875,0.00031459070812018235,-0.6039046804774834
Learned,Learned Basis,-0.15478515625,0.0003147846867047112,-0.6012276189899042
Learned,Learned Basis,-0.154541015625,0.00031497100489396944,-0.5986578299458828
Learned,Learned Basis,-0.154296875,0.00031514964679502084,-0.5961953430004403
Learned,Learned Basis,-0.154052734375,0.0003153206653843195,-0.5938392469235231
Learned,Learned Basis,-0.15380859375,0.0003154840818524471,-0.5915890776830881
Learned,Learned Basis,-0.153564453125,0.0003156399809617304,-0.5894435051003994
Learned,Learned Basis,-0.1533203125,0.0003157883892003963,-0.5874020105032571
Learned,Learned Basis,-0.153076171875,0.00031592941781899864,-0.5854629183584301
Learned,Learned Basis,-0.15283203125,0.0003160631303892823,-0.5836252184530621
Learned,Learned Basis,-0.152587890625,0.00031618960637592867,-0.5818876910171995
Learned,Learned Basis,-0.15234375,0.0003163089464342005,-0.5802488341640971
Learned,Learned Basis,-0.152099609375,0.0003164212406240699,-0.5787073003944236
Learned,Learned Basis,-0.15185546875,0.00031652657900550893,-0.5772617506414996
Learned,Learned Basis,-0.151611328125,0.00031662509401965297,-0.5759102726561944
Learned,Learned Basis,-0.1513671875,0.00031671679626179286,-0.5746526335001891
Learned,Learned Basis,-0.151123046875,0.00031680184466129107,-0.5734865730740947
Learned,Learned Basis,-0.15087890625,0.0003168802710040201,-0.5724115820899731
Learned,Learned Basis,-0.150634765625,0.00031695217064759735,-0.5714262864017632
Learned,Learned Basis,-0.150390625,0.00031701759127083167,-0.570529971861833
Learned,Learned Basis,-0.150146484375,0.00031707662823134044,-0.5697212773346528
Learned,Learned Basis,-0.14990234375,0.00031712932920793243,-0.5689995009744966
Learned,Learned Basis,-0.149658203125,0.0003171757206888348,-0.568364236784107
Learned,Learned Basis,-0.1494140625,0.0003172158397575653,-0.5678149391175458
Learned,Learned Basis,-0.149169921875,0.0003172497393905782,-0.5673508501565705
Learned,Learned Basis,-0.14892578125,0.0003172774566713914,-0.5669714349890916
Learned,Learned Basis,-0.148681640625,0.00031729898100471397,-0.566676816448685
Learned,Learned Basis,-0.1484375,0.0003173143441764185,-0.5664665422413097
Learned,Learned Basis,-0.148193359375,0.00031732357267473207,-0.5663402375945907
Learned,Learned Basis,-0.14794921875,0.0003173266347137822,-0.5662983302053752
Learned,Learned Basis,-0.147705078125,0.00031732358327002294,-0.5663400925856259
Learned,Learned Basis,-0.1474609375,0.0003173143971528727,-0.5664658171754491
Learned,Learned Basis,-0.147216796875,0.00031729911344584934,-0.5666750036964954
Learned,Learned Basis,-0.14697265625,0.0003172777003630805,-0.5669680992993668
Learned,Learned Basis,-0.146728515625,0.00031725019498808393,-0.5673446133243194
Learned,Learned Basis,-0.146484375,0.0003172166185114414,-0.5678042773518446
Learned,Learned Basis,-0.146240234375,0.00031717699212373447,-0.5683468276314423
Learned,Learned Basis,-0.14599609375,0.00031713135820612655,-0.5689717148374406
Learned,Learned Basis,-0.145751953125,0.00031707975913978094,-0.5696783940242856
Learned,Learned Basis,-0.1455078125,0.0003170222531987972,-0.5704661068032518
Learned,Learned Basis,-0.145263671875,0.0003169588986572749,-0.5713340987868516
Learned,Learned Basis,-0.14501953125,0.0003168898332539948,-0.5722805303924882
Learned,Learned Basis,-0.144775390625,0.00031681512056070196,-0.5733045814238151
Learned,Learned Basis,-0.14453125,0.0003167348877208863,-0.5744045634088253
Learned,Learned Basis,-0.144287109375,0.00031664929366391037,-0.5755783542279579
Learned,Learned Basis,-0.14404296875,0.0003165585132120727,-0.5768236152351585
Learned,Learned Basis,-0.143798828125,0.000316462731782963,-0.578137863272724
Learned,Learned Basis,-0.1435546875,0.000316362150687107,-0.5795183973348923
Learned,Learned Basis,-0.143310546875,0.00031625703480677537,-0.5809616430743623
Learned,Learned Basis,-0.14306640625,0.0003161476278336573,-0.5824643152710711
Learned,Learned Basis,-0.142822265625,0.0003160342317335415,-0.5840223258445327
Learned,Learned Basis,-0.142578125,0.00031591715906750746,-0.5856314373731109
Learned,Learned Basis,-0.142333984375,0.00031579676477779797,-0.5872868251786627
Learned,Learned Basis,-0.14208984375,0.0003156734038066559,-0.5889836587710036
Learned,Learned Basis,-0.141845703125,0.0003155474893704236,-0.5907162993145616
Learned,Learned Basis,-0.1416015625,0.00031541939230428015,-0.5924796834589314
Learned,Learned Basis,-0.141357421875,0.00031528960528924923,-0.5942670619634811
Learned,Learned Basis,-0.14111328125,0.0003151586051134182,-0.596071893934508
Learned,Learned Basis,-0.140869140625,0.00031502680499312944,-0.5978885042486225
Learned,Learned Basis,-0.140625,0.0003148948088599603,-0.599708578106901
Learned,Learned Basis,-0.140380859375,0.00031476306171612567,-0.6015259796223156
Learned,Learned Basis,-0.14013671875,0.000314632130409685,-0.6033328807689147
Learned,Learned Basis,-0.139892578125,0.00031450260297927944,-0.6051211479266356
Learned,Learned Basis,-0.1396484375,0.00031437496680828715,-0.6068840247782641
Learned,Learned Basis,-0.139404296875,0.00031424986291180343,-0.6086126212337666
Learned,Learned Basis,-0.13916015625,0.0003141278316496606,-0.6102994253610698
Learned,Learned Basis,-0.138916015625,0.000314009476953436,-0.6119360354264796
Learned,Learned Basis,-0.138671875,0.00031389536567118915,-0.6135145517042374
Learned,Learned Basis,-0.138427734375,0.00031378604346039775,-0.6150273584461778
Learned,Learned Basis,-0.13818359375,0.0003136821195502846,-0.61646595194855
Learned,Learned Basis,-0.137939453125,0.00031358412370539125,-0.617822921353184
Learned,Learned Basis,-0.1376953125,0.0003134925750949684,-0.6190909977046445
Learned,Learned Basis,-0.137451171875,0.00031340802467413924,-0.620262468315611
Learned,Learned Basis,-0.13720703125,0.0003133309386357003,-0.6213307931926167
Learned,Learned Basis,-0.136962890625,0.00031326180436302986,-0.622289139218436
Learned,Learned Basis,-0.13671875,0.0003132010721559882,-0.6231311895126588
Learned,Learned Basis,-0.136474609375,0.0003131491075521089,-0.6238518068766187
Learned,Learned Basis,-0.13623046875,0.0003131063343630253,-0.6244450523409454
Learned,Learned Basis,-0.135986328125,0.00031307301747100807,-0.62490719924274
Learned,Learned Basis,-0.1357421875,0.00031304949062771844,-0.6252335755697345
Learned,Learned Basis,-0.135498046875,0.0003130359551436822,-0.6254213577987401
Learned,Learned Basis,-0.13525390625,0.00031303265471058846,-0.6254671470256066
Learned,Learned Basis,-0.135009765625,0.00031303968468605463,-0.6253696158183994
Learned,Learned Basis,-0.134765625,0.0003130571351300528,-0.6251275244581731
Learned,Learned Basis,-0.134521484375,0.0003130850643166826,-0.624740088771643
Learned,Learned Basis,-0.13427734375,0.0003131234192694898,-0.6242080824250263
Learned,Learned Basis,-0.134033203125,0.0003131721417143749,-0.6235323666665472
Learned,Learned Basis,-0.1337890625,0.0003132310727219754,-0.6227152121277592
Learned,Learned Basis,-0.133544921875,0.0003132999950888292,-0.6217597095114356
Learned,Learned Basis,-0.13330078125,0.00031337870220676524,-0.6206688134164076
Learned,Learned Basis,-0.133056640625,0.0003134668126453135,-0.6194479104473358
Learned,Learned Basis,-0.1328125,0.0003135639926528129,-0.6181017328436321
Learned,Learned Basis,-0.132568359375,0.00031366979722704846,-0.6166365584883011
Learned,Learned Basis,-0.13232421875,0.0003137837071987696,-0.615059693514346
Learned,Learned Basis,-0.132080078125,0.00031390520869637085,-0.6133783692381314
Learned,Learned Basis,-0.1318359375,0.00031403369249062964,-0.6116011325186419
Learned,Learned Basis,-0.131591796875,0.00031416852286409596,-0.6097368892333659
Learned,Learned Basis,-0.13134765625,0.000314308974039348,-0.607795780070197
Learned,Learned Basis,-0.131103515625,0.00031445434142954553,-0.6057876394874652
Learned,Learned Basis,-0.130859375,0.0003146038144949399,-0.6037237499057378
Learned,Learned Basis,-0.130615234375,0.0003147566038863644,-0.6016150824727504
Learned,Learned Basis,-0.13037109375,0.00031491187257584314,-0.599473246286235
Learned,Learned Basis,-0.130126953125,0.00031506871996365575,-0.5973107048606068
Learned,Learned Basis,-0.1298828125,0.00031522625074772694,-0.5951398244044508
Learned,Learned Basis,-0.129638671875,0.0003153835749236269,-0.5929728736181035
Learned,Learned Basis,-0.12939453125,0.00031553974421282634,-0.5908228988154587
Learned,Learned Basis,-0.129150390625,0.00031569383682502293,-0.5887025562190357
Learned,Learned Basis,-0.12890625,0.0003158448885887511,-0.5866250605380903
Learned,Learned Basis,-0.128662109375,0.0003159919936066449,-0.5846028012972583
Learned,Learned Basis,-0.12841796875,0.00031613421419546565,-0.5826485833826168
Learned,Learned Basis,-0.128173828125,0.00031627065505313826,-0.5807746094335174
Learned,Learned Basis,-0.1279296875,0.00031640038909171506,-0.5789935012769148
Learned,Learned Basis,-0.127685546875,0.0003165225580926387,-0.577316920459116
Learned,Learned Basis,-0.12744140625,0.00031663636211145147,-0.5757557181655394
Learned,Learned Basis,-0.127197265625,0.00031674092703665987,-0.5743217554640263
Learned,Learned Basis,-0.126953125,0.00031683551649555115,-0.5730250001705721
Learned,Learned Basis,-0.126708984375,0.0003169194206036396,-0.5718750575277105
Learned,Learned Basis,-0.12646484375,0.0003169919453693759,-0.5708813190529417
Learned,Learned Basis,-0.126220703125,0.0003170524762658918,-0.5700520953101139
Learned,Learned Basis,-0.1259765625,0.00031710042525454627,-0.5693953457730472
Learned,Learned Basis,-0.125732421875,0.0003171353102496064,-0.5689175940468981
Learned,Learned Basis,-0.12548828125,0.00031715667565356654,-0.5686250197355955
Learned,Learned Basis,-0.125244140625,0.00031716412414302056,-0.5685230259851279
Learned,Learned Basis,-0.125,0.00031715733256159804,-0.5686160244578777
Learned,Learned Basis,-0.124755859375,0.0003171360625152554,-0.5689072923106289
Learned,Learned Basis,-0.12451171875,0.00031710014977698466,-0.5693991186609819
Learned,Learned Basis,-0.124267578125,0.0003170494354174234,-0.5700937486685351
Learned,Learned Basis,-0.1240234375,0.00031698391943657165,-0.5709912796531065
Learned,Learned Basis,-0.123779296875,0.00031690361242972016,-0.5720916922142336
Learned,Learned Basis,-0.12353515625,0.0003168086203497773,-0.5733936881145408
Learned,Learned Basis,-0.123291015625,0.00031669909682846016,-0.5748953418475814
Learned,Learned Basis,-0.123046875,0.00031657527496216695,-0.5765936627129385
Learned,Learned Basis,-0.122802734375,0.0003164374620143317,-0.5784846642751231
Learned,Learned Basis,-0.12255859375,0.000316286007629552,-0.580563797039494
Learned,Learned Basis,-0.122314453125,0.00031612134621475174,-0.5828253629435408
Learned,Learned Basis,-0.1220703125,0.00031594391747450046,-0.5852636024505316
Learned,Learned Basis,-0.121826171875,0.00031575429885214844,-0.5878708703420195
Learned,Learned Basis,-0.12158203125,0.00031555303070752804,-0.5906400334250455
Learned,Learned Basis,-0.121337890625,0.0003153407381627983,-0.5935627912253075
Learned,Learned Basis,-0.12109375,0.0003151180887212815,-0.5966302533258027
Learned,Learned Basis,-0.120849609375,0.0003148858028627542,-0.5998327881831756
Learned,Learned Basis,-0.12060546875,0.00031464454279289325,-0.6031615529646323
Learned,Learned Basis,-0.120361328125,0.0003143951561349651,-0.6066051275198652
Learned,Learned Basis,-0.1201171875,0.00031413833688051924,-0.6101541887074989
Learned,Learned Basis,-0.119873046875,0.00031387494324811293,-0.6137971182903343
Learned,Learned Basis,-0.11962890625,0.0003136057222057497,-0.6175238058752182
Learned,Learned Basis,-0.119384765625,0.000313331521376696,-0.6213227160788601
Learned,Learned Basis,-0.119140625,0.00031305314070540966,-0.6251829382294489
Learned,Learned Basis,-0.118896484375,0.000312771364243412,-0.6290937461277488
Learned,Learned Basis,-0.11865234375,0.00031248701842338794,-0.6330437876633788
Learned,Learned Basis,-0.118408203125,0.0003122008661062772,-0.6370225547909271
Learned,Learned Basis,-0.1181640625,0.00031191369664124673,-0.6410191326719541
Learned,Learned Basis,-0.117919921875,0.0003116262358057184,-0.645023452426995
Learned,Learned Basis,-0.11767578125,0.0003113391881865325,-0.6490257036299465
Learned,Learned Basis,-0.117431640625,0.0003110532530728838,-0.6530161136203119
Learned,Learned Basis,-0.1171875,0.0003107690979680947,-0.6569853180851577
Learned,Learned Basis,-0.116943359375,0.00031048733210138786,-0.6609247338744239
Learned,Learned Basis,-0.11669921875,0.00031020855410669534,-0.664825895638254
Learned,Learned Basis,-0.116455078125,0.0003099332725579769,-0.6686815705916356
Learned,Learned Basis,-0.1162109375,0.0003096620172197742,-0.6724842045379587
Learned,Learned Basis,-0.115966796875,0.0003093952542848837,-0.6762271111510625
Learned,Learned Basis,-0.11572265625,0.0003091333757790662,-0.6799046255383817
Learned,Learned Basis,-0.115478515625,0.0003088767631327915,-0.6835112156459391
Learned,Learned Basis,-0.115234375,0.0003086257659906571,-0.6870417819080896
Learned,Learned Basis,-0.114990234375,0.0003083806492349338,-0.6904924059990537
Learned,Learned Basis,-0.11474609375,0.00030814166715260145,-0.6938593110427231
Learned,Learned Basis,-0.114501953125,0.0003079090051612496,-0.6971396848281209
Learned,Learned Basis,-0.1142578125,0.0003076828539761133,-0.7003306372340451
Learned,Learned Basis,-0.114013671875,0.00030746334603832783,-0.7034300984729586
Learned,Learned Basis,-0.11376953125,0.00030725057140786527,-0.7064365978856678
Learned,Learned Basis,-0.113525390625,0.0003070445936564706,-0.7093490415858783
Learned,Learned Basis,-0.11328125,0.00030684544457001636,-0.7121667889664028
Learned,Learned Basis,-0.113037109375,0.0003066531453390842,-0.7148893542331146
Learned,Learned Basis,-0.11279296875,0.0003064676800707378,-0.7175167823597142
Learned,Learned Basis,-0.112548828125,0.00030628901697910476,-0.7200493502578178
Learned,Learned Basis,-0.1123046875,0.0003061171454688942,-0.7224870412876462
Learned,Learned Basis,-0.112060546875,0.00030595199667071574,-0.7248306723758493
Learned,Learned Basis,-0.11181640625,0.00030579350171517896,-0.7270810685396436
Learned,Learned Basis,-0.111572265625,0.00030564161292347515,-0.7292387616088674
Learned,Learned Basis,-0.111328125,0.0003054962667238593,-0.7313045165146288
Learned,Learned Basis,-0.111083984375,0.0003053574154375227,-0.7332788796153428
Learned,Learned Basis,-0.11083984375,0.000305225016683302,-0.7351623288023884
Learned,Learned Basis,-0.110595703125,0.00030509905456826096,-0.7369549715915124
Learned,Learned Basis,-0.1103515625,0.0003049794708183,-0.7386575249920134
Learned,Learned Basis,-0.110107421875,0.00030486627073106457,-0.7402698072612003
Learned,Learned Basis,-0.10986328125,0.00030475951787829964,-0.7417908116617153
Learned,Learned Basis,-0.109619140625,0.0003046592069623598,-0.743220517572776
Learned,Learned Basis,-0.109375,0.00030456541744792624,-0.7445577015035827
Learned,Learned Basis,-0.109130859375,0.0003044782605855527,-0.745800690997191
Learned,Learned Basis,-0.10888671875,0.00030439784232814753,-0.7469478933745317
Learned,Learned Basis,-0.108642578125,0.0003043243057121369,-0.7479971913772223
Learned,Learned Basis,-0.1083984375,0.0003042578414527558,-0.748945791704795
Learned,Learned Basis,-0.108154296875,0.00030419862966994833,-0.7497910567923911
Learned,Learned Basis,-0.10791015625,0.0003041469299483398,-0.7505292196180937
Learned,Learned Basis,-0.107666015625,0.0003041029594913923,-0.7511571236155744
Learned,Learned Basis,-0.107421875,0.0003040670149672491,-0.7516704836683165
Learned,Learned Basis,-0.107177734375,0.00030403941423463507,-0.7520647187989902
Learned,Learned Basis,-0.10693359375,0.0003040204380687572,-0.7523357856717622
Learned,Learned Basis,-0.106689453125,0.0003040104308165676,-0.7524787420454516
Learned,Learned Basis,-0.1064453125,0.0003040097580155999,-0.7524883533627423
Learned,Learned Basis,-0.106201171875,0.00030401875871516055,-0.752359775375191
Learned,Learned Basis,-0.10595703125,0.0003040377984527834,-0.7520877989318255
Learned,Learned Basis,-0.105712890625,0.00030406723746835654,-0.7516673057186187
Learned,Learned Basis,-0.10546875,0.0003041074148111866,-0.7510934969204843
Learned,Learned Basis,-0.105224609375,0.00030415870661409814,-0.7503610626704249
Learned,Learned Basis,-0.10498046875,0.000304221430735816,-0.7494655455958709
Learned,Learned Basis,-0.104736328125,0.0003042958732491927,-0.748402963719298
Learned,Learned Basis,-0.1044921875,0.00030438234671530763,-0.7471689800416952
Learned,Learned Basis,-0.104248046875,0.0003044811266117224,-0.7457598114450676
Learned,Learned Basis,-0.10400390625,0.00030459238776073586,-0.7441731358644024
Learned,Learned Basis,-0.103759765625,0.00030471633147287363,-0.7424062787920737
Learned,Learned Basis,-0.103515625,0.00030485309018927115,-0.7404575735332642
Learned,Learned Basis,-0.103271484375,0.00030500273277931885,-0.7383262844655178
Learned,Learned Basis,-0.10302734375,0.00030516528043359836,-0.7360123791331769
Learned,Learned Basis,-0.102783203125,0.0003053407225568189,-0.7335163005448497
Learned,Learned Basis,-0.1025390625,0.00030552893730313583,-0.7308400953346057
Learned,Learned Basis,-0.102294921875,0.0003057297551478959,-0.7279865053223296
Learned,Learned Basis,-0.10205078125,0.0003059429535899917,-0.7249590395099943
Learned,Learned Basis,-0.101806640625,0.00030616820947305284,-0.7217626465229375
Learned,Learned Basis,-0.1015625,0.0003064051254736732,-0.7184033322660371
Learned,Learned Basis,-0.101318359375,0.00030665324599434706,-0.7148879287131505
Learned,Learned Basis,-0.10107421875,0.00030691200948466035,-0.7112247629253142
Learned,Learned Basis,-0.100830078125,0.0003071808226083266,-0.707422599551082
Learned,Learned Basis,-0.1005859375,0.00030745895429027845,-0.7034921327150983
Learned,Learned Basis,-0.100341796875,0.00030774563107428533,-0.6994446286048426
Learned,Learned Basis,-0.10009765625,0.00030804000003943524,-0.6952924425034821
Learned,Learned Basis,-0.099853515625,0.00030834111290719895,-0.6910492343792894
Learned,Learned Basis,-0.099609375,0.0003086480002084654,-0.6867289159274979
Learned,Learned Basis,-0.099365234375,0.00030895955473534277,-0.6823472848341274
Learned,Learned Basis,-0.09912109375,0.00030927467457758466,-0.6779200042344176
Learned,Learned Basis,-0.098876953125,0.00030959216246732727,-0.6734640133029614
Learned,Learned Basis,-0.0986328125,0.00030991078935083415,-0.6689966283102432
Learned,Learned Basis,-0.098388671875,0.00031022927319791484,-0.6645358363738431
Learned,Learned Basis,-0.09814453125,0.00031054626840663376,-0.6601004399164812
Learned,Learned Basis,-0.097900390625,0.00031086045056563714,-0.6557088688108461
Learned,Learned Basis,-0.09765625,0.00031117041050124453,-0.6513806623113715
Learned,Learned Basis,-0.097412109375,0.0003114747973138749,-0.6471344713197433
Learned,Learned Basis,-0.09716796875,0.00031177217004397536,-0.6429901320027278
Learned,Learned Basis,-0.096923828125,0.0003120611883872558,-0.6389660098893581
Learned,Learned Basis,-0.0966796875,0.0003123404378723903,-0.6350814422183765
Learned,Learned Basis,-0.096435546875,0.0003126085728974434,-0.6313547519788758
Learned,Learned Basis,-0.09619140625,0.00031286425315812493,-0.6278041410520725
Learned,Learned Basis,-0.095947265625,0.00031310622311247154,-0.6244465954432362
Learned,Learned Basis,-0.095703125,0.0003133332113255835,-0.6212992925339176
Learned,Learned Basis,-0.095458984375,0.00031354407350605115,-0.6183776270951205
Learned,Learned Basis,-0.09521484375,0.0003137376865530463,-0.6156966921163405
Learned,Learned Basis,-0.094970703125,0.0003139130492115856,-0.6132698954099068
Learned,Learned Basis,-0.0947265625,0.0003140692026078488,-0.6111100713216053
Learned,Learned Basis,-0.094482421875,0.0003142053203091511,-0.6092282452938553
Learned,Learned Basis,-0.09423828125,0.00031432064475219807,-0.6076345237106575
Learned,Learned Basis,-0.093994140625,0.0003144145402195399,-0.6063373708036743
Learned,Learned Basis,-0.09375,0.00031448649813721675,-0.6053435442775063
Learned,Learned Basis,-0.093505859375,0.0003145361688606312,-0.6046576637117446
Learned,Learned Basis,-0.09326171875,0.0003145632504239945,-0.6042837522701909
Learned,Learned Basis,-0.093017578125,0.0003145676262791076,-0.6042233384580691
Learned,Learned Basis,-0.0927734375,0.0003145492752353888,-0.6044767017680457
Learned,Learned Basis,-0.092529296875,0.0003145083827104276,-0.6050413367499882
Learned,Learned Basis,-0.09228515625,0.00031444518709826776,-0.6059140722602496
Learned,Learned Basis,-0.092041015625,0.0003143601122105425,-0.6070892390266134
Learned,Learned Basis,-0.091796875,0.0003142537566811837,-0.6085588095291729
Learned,Learned Basis,-0.091552734375,0.0003141267880135138,-0.6103138540785191
Learned,Learned Basis,-0.09130859375,0.00031398003793786287,-0.6123432142637777
Learned,Learned Basis,-0.091064453125,0.0003138144865186328,-0.6146337111288683
Learned,Learned Basis,-0.0908203125,0.0003136311985825522,-0.6171710125525164
Learned,Learned Basis,-0.090576171875,0.0003134314296715843,-0.6199381536550196
Learned,Learned Basis,-0.09033203125,0.0003132164671135652,-0.6229177234231243
Learned,Learned Basis,-0.090087890625,0.0003129877677609841,-0.6260899431471474
Learned,Learned Basis,-0.08984375,0.0003127468732286568,-0.629433826142452
Learned,Learned Basis,-0.089599609375,0.0003124954257866621,-0.6329269436940365
Learned,Learned Basis,-0.08935546875,0.00031223509949095124,-0.6365463692124271
Learned,Learned Basis,-0.089111328125,0.00031196771143390177,-0.6402671203136369
Learned,Learned Basis,-0.0888671875,0.00031169508400553643,-0.6440640630256954
Learned,Learned Basis,-0.088623046875,0.0003114191084652686,-0.6479110196048785
Learned,Learned Basis,-0.08837890625,0.00031114171315602953,-0.6517812040397801
Learned,Learned Basis,-0.088134765625,0.00031086483171839565,-0.6556476613765782
Learned,Learned Basis,-0.087890625,0.00031059044547175244,-0.659482673965399
Learned,Learned Basis,-0.087646484375,0.0003103204880566765,-0.6632590939565068
Learned,Learned Basis,-0.08740234375,0.0003100568984113898,-0.6669496067901637
Learned,Learned Basis,-0.087158203125,0.0003098016207717598,-0.6705267352180667
Learned,Learned Basis,-0.0869140625,0.0003095564510395823,-0.6739650004872784
Learned,Learned Basis,-0.086669921875,0.00030932325928368894,-0.6772378141185326
Learned,Learned Basis,-0.08642578125,0.0003091037566435489,-0.6803207580043606
Learned,Learned Basis,-0.086181640625,0.0003088996012821771,-0.6831901129676599
Learned,Learned Basis,-0.0859375,0.000308712366600262,-0.6858233194434518
Learned,Learned Basis,-0.085693359375,0.0003085434776644203,-0.6881998877790114
Learned,Learned Basis,-0.08544921875,0.00030839431186246,-0.6902999985857134
Learned,Learned Basis,-0.085205078125,0.00030826606646224496,-0.6921063825339456
Learned,Learned Basis,-0.0849609375,0.0003081598380763761,-0.6936032178201119
Learned,Learned Basis,-0.084716796875,0.0003080765326022196,-0.6947774136216047
Learned,Learned Basis,-0.08447265625,0.00030801696587716925,-0.6956172049889499
Learned,Learned Basis,-0.084228515625,0.0003079817418328025,-0.6961138816190787
Learned,Learned Basis,-0.083984375,0.0003079713266619159,-0.6962607516153794
Learned,Learned Basis,-0.083740234375,0.00030798600113971647,-0.6960538202437684
Learned,Learned Basis,-0.08349609375,0.0003080259083026304,-0.6954911213608241
Learned,Learned Basis,-0.083251953125,0.0003080909898765581,-0.6945736146792494
Learned,Learned Basis,-0.0830078125,0.00030818104455097384,-0.6933043619381917
Learned,Learned Basis,-0.082763671875,0.0003082956485142443,-0.6916896417067263
Learned,Learned Basis,-0.08251953125,0.0003084342243230193,-0.6897379700676592
Learned,Learned Basis,-0.082275390625,0.0003085960885810403,-0.6874594189424305
Learned,Learned Basis,-0.08203125,0.00030878029300977777,-0.6848678403948161
Learned,Learned Basis,-0.081787109375,0.00030898582575895753,-0.6819780172270912
Learned,Learned Basis,-0.08154296875,0.0003092114630724886,-0.6788077333614084
Learned,Learned Basis,-0.081298828125,0.00030945586994372625,-0.67537633960987
Learned,Learned Basis,-0.0810546875,0.00030971755773430887,-0.6717053303217426
Learned,Learned Basis,-0.080810546875,0.00030999491596003006,-0.6678178773464662
Learned,Learned Basis,-0.08056640625,0.00031028622288612997,-0.6637386625542218
Learned,Learned Basis,-0.080322265625,0.0003105896561225856,-0.659493711343659
Learned,Learned Basis,-0.080078125,0.0003109033561958562,-0.6551094875579121
Learned,Learned Basis,-0.079833984375,0.000311225272917166,-0.650615025749452
Learned,Learned Basis,-0.07958984375,0.00031155340907419347,-0.6460385127884869
Learned,Learned Basis,-0.079345703125,0.0003118856773946449,-0.6414092774749449
Learned,Learned Basis,-0.0791015625,0.0003122199376297725,-0.6367572639047642
Learned,Learned Basis,-0.078857421875,0.0003125540283402468,-0.6321125836284825
Learned,Learned Basis,-0.07861328125,0.00031288587284906505,-0.6275040432306183
Learned,Learned Basis,-0.078369140625,0.000313213288526316,-0.6229617967734133
Learned,Learned Basis,-0.078125,0.0003135341986949969,-0.6185144067011498
Learned,Learned Basis,-0.077880859375,0.00031384655846397743,-0.6141898833969888
Learned,Learned Basis,-0.07763671875,0.00031414838651387217,-0.6100152553145689
Learned,Learned Basis,-0.077392578125,0.0003144377703946863,-0.606016508918808
Learned,Learned Basis,-0.0771484375,0.0003147128241446518,-0.6022191880711764
Learned,Learned Basis,-0.076904296875,0.0003149718843031084,-0.5986457043217056
Learned,Learned Basis,-0.07666015625,0.00031521331389762264,-0.5953180620319527
Learned,Learned Basis,-0.076416015625,0.0003154356401827691,-0.5922559755194351
Learned,Learned Basis,-0.076171875,0.0003156374963660306,-0.5894776912147769
Learned,Learned Basis,-0.075927734375,0.0003158177063701249,-0.5869988388069554
Learned,Learned Basis,-0.07568359375,0.0003159752053683236,-0.584833542363483
Learned,Learned Basis,-0.075439453125,0.0003161091245467785,-0.5829932701611318
Learned,Learned Basis,-0.0751953125,0.000316218754021004,-0.5814873591361435
Learned,Learned Basis,-0.074951171875,0.0003163035746217493,-0.5803225901656865
Learned,Learned Basis,-0.07470703125,0.0003163631943232538,-0.579504070568208
Learned,Learned Basis,-0.074462890625,0.0003163975071726091,-0.5790330589800112
Learned,Learned Basis,-0.07421875,0.00031640649197923354,-0.578909733212682
Learned,Learned Basis,-0.073974609375,0.00031639036064894376,-0.5791311549123324
Learned,Learned Basis,-0.07373046875,0.00031634948931456424,-0.5796922131423387
Learned,Learned Basis,-0.073486328125,0.0003162844660147361,-0.5805849651096353
Learned,Learned Basis,-0.0732421875,0.00031619601122923584,-0.5817997196158465
Learned,Learned Basis,-0.072998046875,0.00031608506264130194,-0.5833238632918305
Learned,Learned Basis,-0.07275390625,0.0003159526956729537,-0.5851429395740353
Learned,Learned Basis,-0.072509765625,0.0003158001287826367,-0.5872405624831533
Learned,Learned Basis,-0.072265625,0.0003156287764416769,-0.589597672756412
Learned,Learned Basis,-0.072021484375,0.00031544014847901755,-0.5921939053554274
Learned,Learned Basis,-0.07177734375,0.0003152358818670921,-0.5950071362768449
Learned,Learned Basis,-0.071533203125,0.00031501777780534163,-0.5980129544209007
Learned,Learned Basis,-0.0712890625,0.00031478766927908004,-0.6011864699280701
Learned,Learned Basis,-0.071044921875,0.00031454754290533796,-0.604500619911016
Learned,Learned Basis,-0.07080078125,0.0003142994064917279,-0.6079279810801027
Learned,Learned Basis,-0.070556640625,0.000314045342012898,-0.6114400278499423
Learned,Learned Basis,-0.0703125,0.0003137875109081778,-0.6150070483337163
Learned,Learned Basis,-0.070068359375,0.00031352803753337884,-0.6185997493781069
Learned,Learned Basis,-0.06982421875,0.00031326914160193013,-0.622187419666115
Learned,Learned Basis,-0.069580078125,0.0003130129580649341,-0.6257404224658597
Learned,Learned Basis,-0.0693359375,0.0003127616483617202,-0.6292286567949998
Learned,Learned Basis,-0.069091796875,0.00031251734214574544,-0.6326223689939486
Learned,Learned Basis,-0.06884765625,0.0003122820843081401,-0.6358928965008284
Learned,Learned Basis,-0.068603515625,0.0003120578826565166,-0.6390120158739634
Learned,Learned Basis,-0.068359375,0.0003118466973196787,-0.6419521010374318
Learned,Learned Basis,-0.068115234375,0.00031165032419942204,-0.6446877601471974
Learned,Learned Basis,-0.06787109375,0.0003114704956257976,-0.6471944508850774
Learned,Learned Basis,-0.067626953125,0.0003113088432735933,-0.6494490127094867
Learned,Learned Basis,-0.0673828125,0.0003111668134000075,-0.6514308666429814
Learned,Learned Basis,-0.067138671875,0.0003110457727975573,-0.653120554944361
Learned,Learned Basis,-0.06689453125,0.0003109469187341067,-0.6545010140788912
Learned,Learned Basis,-0.066650390625,0.0003108713001434478,-0.6555572950245874
Learned,Learned Basis,-0.06640625,0.0003108198070300105,-0.6562767254560324
Learned,Learned Basis,-0.066162109375,0.0003107931174924079,-0.6566496623257536
Learned,Learned Basis,-0.06591796875,0.0003107918195692812,-0.6566677992148018
Learned,Learned Basis,-0.065673828125,0.00031081625760758224,-0.656326320216126
Learned,Learned Basis,-0.0654296875,0.00031086665410841855,-0.6556222017063227
Learned,Learned Basis,-0.065185546875,0.0003109430408576626,-0.6545551760834454
Learned,Learned Basis,-0.06494140625,0.00031104525892595205,-0.6531277298300675
Learned,Learned Basis,-0.064697265625,0.00031117301164514344,-0.6513443588042805
Learned,Learned Basis,-0.064453125,0.0003113258063342133,-0.6492123743010746
Learned,Learned Basis,-0.064208984375,0.0003115030125733571,-0.6467410790893144
Learned,Learned Basis,-0.06396484375,0.0003117038569063443,-0.6439418291827624
Learned,Learned Basis,-0.063720703125,0.0003119274122452271,-0.6408281670225042
Learned,Learned Basis,-0.0634765625,0.00031217260316798625,-0.6374157309508549
Learned,Learned Basis,-0.063232421875,0.00031243825889498494,-0.6337215005016071
Learned,Learned Basis,-0.06298828125,0.00031272307090780555,-0.6297643685355461
Learned,Learned Basis,-0.062744140625,0.0003130256565209947,-0.6255642394232143
Learned,Learned Basis,-0.0625,0.0003133445059056091,-0.6211427471950235
Learned,Learned Basis,-0.062255859375,0.0003136780774468327,-0.6165219154359651
Learned,Learned Basis,-0.06201171875,0.0003140247394698777,-0.6117249505365627
Learned,Learned Basis,-0.061767578125,0.0003143828391093744,-0.6067752739400214
Learned,Learned Basis,-0.0615234375,0.00031475066522585377,-0.6016970236231162
Learned,Learned Basis,-0.061279296875,0.0003151264960845557,-0.5965143849291333
Learned,Learned Basis,-0.06103515625,0.00031550864173659273,-0.5912510001818027
Learned,Learned Basis,-0.060791015625,0.00031589538044720495,-0.5859308405673511
Learned,Learned Basis,-0.060546875,0.0003162850434580864,-0.5805770361640601
Learned,Learned Basis,-0.060302734375,0.0003166759673085767,-0.5752125321958503
Learned,Learned Basis,-0.06005859375,0.00031706659978856914,-0.5698586373872585
Learned,Learned Basis,-0.059814453125,0.0003174554310691204,-0.5645359758417166
Learned,Learned Basis,-0.0595703125,0.00031784102019067744,-0.5592641299812531
Learned,Learned Basis,-0.059326171875,0.0003182220268489502,-0.5540612146470874
Learned,Learned Basis,-0.05908203125,0.0003185972219902023,-0.548943743759275
Learned,Learned Basis,-0.058837890625,0.00031896546662066945,-0.5439269310867918
Learned,Learned Basis,-0.05859375,0.0003193257753783044,-0.539023836337977
Learned,Learned Basis,-0.058349609375,0.0003196772741516136,-0.5342459563841024
Learned,Learned Basis,-0.05810546875,0.0003200192106749481,-0.5296030933104076
Learned,Learned Basis,-0.057861328125,0.0003203509863143759,-0.5251029356515013
Learned,Learned Basis,-0.0576171875,0.0003206721772582638,-0.5207507850844608
Learned,Learned Basis,-0.057373046875,0.0003209824232667236,-0.5165510757736853
Learned,Learned Basis,-0.05712890625,0.0003212815760056836,-0.5125053751484231
Learned,Learned Basis,-0.056884765625,0.00032156965666572555,-0.5086129707159283
Learned,Learned Basis,-0.056640625,0.00032184673941388514,-0.5048724531683999
Learned,Learned Basis,-0.056396484375,0.00032211312091830576,-0.5012794334422953
Learned,Learned Basis,-0.05615234375,0.0003223691720141664,-0.49782855247666136
Learned,Learned Basis,-0.055908203125,0.0003226154595495265,-0.49451184328600045
Learned,Learned Basis,-0.0556640625,0.00032285261394419056,-0.4913205204669255
Learned,Learned Basis,-0.055419921875,0.00032308140335674375,-0.4882439838274667
Learned,Learned Basis,-0.05517578125,0.00032330271249397043,-0.48527010688677386
Learned,Learned Basis,-0.054931640625,0.00032351749493204543,-0.48238587939903677
Learned,Learned Basis,-0.0546875,0.0003237267837118247,-0.4795772654537519
Learned,Learned Basis,-0.054443359375,0.0003239317125294271,-0.4768289202022232
Learned,Learned Basis,-0.05419921875,0.00032413345216448944,-0.47412504355857704
Learned,Learned Basis,-0.053955078125,0.00032433321048016644,-0.4714493798134858
Learned,Learned Basis,-0.0537109375,0.0003245322165301945,-0.4687854304488029
Learned,Learned Basis,-0.053466796875,0.00032473173645182783,-0.4661162416443193
Learned,Learned Basis,-0.05322265625,0.00032493301519173905,-0.46342518449080633
Learned,Learned Basis,-0.052978515625,0.0003251372765060191,-0.4606959545687337
Learned,Learned Basis,-0.052734375,0.00032534572825782275,-0.4579125014120091
Learned,Learned Basis,-0.052490234375,0.0003255595041432688,-0.45505980685280734
Learned,Learned Basis,-0.05224609375,0.0003257796795843766,-0.4521236720353495
Learned,Learned Basis,-0.052001953125,0.00032600727702671137,-0.44909064670962956
Learned,Learned Basis,-0.0517578125,0.00032624317587941193,-0.44594922843921997
Learned,Learned Basis,-0.051513671875,0.00032648824495632654,-0.4426880968499391
Learned,Learned Basis,-0.05126953125,0.00032674309878432333,-0.43929935508587103
Learned,Learned Basis,-0.051025390625,0.0003270083359973342,-0.4357753532038766
Learned,Learned Basis,-0.05078125,0.00032728436981170156,-0.4321109391443479
Learned,Learned Basis,-0.050537109375,0.00032757141743088746,-0.4283035907947194
Learned,Learned Basis,-0.05029296875,0.00032786965367719067,-0.42435137080970053
Learned,Learned Basis,-0.050048828125,0.0003281789725977027,-0.4202560795492425
Learned,Learned Basis,-0.0498046875,0.0003284991463936709,-0.41602113643675104
Learned,Learned Basis,-0.049560546875,0.0003288298148252069,-0.41165171121005545
Learned,Learned Basis,-0.04931640625,0.00032917032628192465,-0.4071568106579215
Learned,Learned Basis,-0.049072265625,0.000329519939093466,-0.4025466034909253
Learned,Learned Basis,-0.048828125,0.00032987774206481944,-0.39783345766834655
Learned,Learned Basis,-0.048583984375,0.00033024258560692993,-0.3930328312798428
Learned,Learned Basis,-0.04833984375,0.0003306131929872524,-0.3881617909617258
Learned,Learned Basis,-0.048095703125,0.0003309881338415245,-0.3832393473425919
Learned,Learned Basis,-0.0478515625,0.0003313657341137952,-0.37828762167715074
Learned,Learned Basis,-0.047607421875,0.00033174428796224067,-0.37332905191136356
Learned,Learned Basis,-0.04736328125,0.00033212186704392965,-0.3683888835323966
Learned,Learned Basis,-0.047119140625,0.0003324964158724411,-0.36349390815096444
Learned,Learned Basis,-0.046875,0.0003328658153896088,-0.35867162696730437
Learned,Learned Basis,-0.046630859375,0.00033322778760790415,-0.35395149298688244
Learned,Learned Basis,-0.04638671875,0.00033358000686098985,-0.34936345746808234
Learned,Learned Basis,-0.046142578125,0.0003339200680178473,-0.3449383884001364
Learned,Learned Basis,-0.0458984375,0.0003342454970780675,-0.3407079382343984
Learned,Learned Basis,-0.045654296875,0.000334553788255369,-0.33670407131824487
Learned,Learned Basis,-0.04541015625,0.00033484244635876117,-0.33295852801375875
Learned,Learned Basis,-0.045166015625,0.00033510892851844467,-0.3295035985391845
Learned,Learned Basis,-0.044921875,0.0003353507978175284,-0.32637015137257464
Learned,Learned Basis,-0.044677734375,0.0003355655537673763,-0.3235898546354357
Learned,Learned Basis,-0.04443359375,0.000335750870701651,-0.3211921142832096
Learned,Learned Basis,-0.044189453125,0.0003359044282516607,-0.3192062981096563
Learned,Learned Basis,-0.0439453125,0.0003360240067039762,-0.31766053044031106
Learned,Learned Basis,-0.043701171875,0.0003361075664651127,-0.31658069593152305
Learned,Learned Basis,-0.04345703125,0.00033615317919213894,-0.31599136044494547
Learned,Learned Basis,-0.043212890625,0.0003361590542809046,-0.31591545765738216
Learned,Learned Basis,-0.04296875,0.0003361236183307212,-0.3163732900028179
Learned,Learned Basis,-0.042724609375,0.00033604547276319923,-0.3173831010566905
Learned,Learned Basis,-0.04248046875,0.00033592340441753854,-0.31896096013079106
Learned,Learned Basis,-0.042236328125,0.00033575648620579133,-0.32111947822237724
Learned,Learned Basis,-0.0419921875,0.0003355439393740816,-0.3238696006928754
Learned,Learned Basis,-0.041748046875,0.0003352852924319675,-0.3272185586679214
Learned,Learned Basis,-0.04150390625,0.0003349803228783414,-0.33117062186205776
Learned,Learned Basis,-0.041259765625,0.00033462905190378506,-0.3357271608127377
Learned,Learned Basis,-0.041015625,0.0003342317655811509,-0.34088635906254394
Learned,Learned Basis,-0.040771484375,0.0003337890201632075,-0.34664312364707245
Learned,Learned Basis,-0.04052734375,0.0003333016685708668,-0.3529887119914943
Learned,Learned Basis,-0.040283203125,0.0003327708339049568,-0.3599110399410651
Learned,Learned Basis,-0.0400390625,0.00033219787236270383,-0.36739512439128097
Learned,Learned Basis,-0.039794921875,0.00033158444210712294,-0.37542213701470883
Learned,Learned Basis,-0.03955078125,0.00033093245029056366,-0.3839700410104382
Learned,Learned Basis,-0.039306640625,0.00033024406894764625,-0.3930133242486732
Learned,Learned Basis,-0.0390625,0.00032952169261409844,-0.40252349283150834
Learned,Learned Basis,-0.038818359375,0.00032876794892204635,-0.41246886789522264
Learned,Learned Basis,-0.03857421875,0.00032798569860001414,-0.42281451760003885
Learned,Learned Basis,-0.038330078125,0.0003271779613058886,-0.43352317099061555
Learned,Learned Basis,-0.0380859375,0.00032634798979395486,-0.4445541710894279
Learned,Learned Basis,-0.037841796875,0.0003254991851525695,-0.4558645332260309
Learned,Learned Basis,-0.03759765625,0.0003246350703159337,-0.46740924181859
Learned,Learned Basis,-0.037353515625,0.0003237593483381929,-0.47914041787204087
Learned,Learned Basis,-0.037109375,0.00032287572227349235,-0.49100968325123706
Learned,Learned Basis,-0.036865234375,0.0003219880858912124,-0.5029655666902781
Learned,Learned Basis,-0.03662109375,0.00032110029587721536,-0.5149565327855967
Learned,Learned Basis,-0.036376953125,0.00032021629897733574,-0.5269292533378367
Learned,Learned Basis,-0.0361328125,0.00031934001544918093,-0.538830170596256
Learned,Learned Basis,-0.035888671875,0.0003184753284668403,-0.5506056482059156
Learned,Learned Basis,-0.03564453125,0.00031762608941853085,-0.5622019138722634
Learned,Learned Basis,-0.035400390625,0.0003167960967160154,-0.5735653707075012
Learned,Learned Basis,-0.03515625,0.00031598900043698516,-0.5846439391504177
Learned,Learned Basis,-0.034912109375,0.00031520835530151383,-0.5953863810962652
Learned,Learned Basis,-0.03466796875,0.0003144575412073764,-0.6057434474187938
Learned,Learned Basis,-0.034423828125,0.00031373982680179413,-0.6156670656133566
Learned,Learned Basis,-0.0341796875,0.0003130581946591359,-0.625112825963749
Learned,Learned Basis,-0.033935546875,0.00031241548961498974,-0.6340380088905474
Learned,Learned Basis,-0.03369140625,0.0003118142651344458,-0.6424037925795794
Learned,Learned Basis,-0.033447265625,0.0003112568415861961,-0.6501745279920667
Learned,Learned Basis,-0.033203125,0.0003107453009448889,-0.6573178901345624
Learned,Learned Basis,-0.032958984375,0.0003102813490523478,-0.6638068800767948
Learned,Learned Basis,-0.03271484375,0.0003098664586539984,-0.6696179023924876
Learned,Learned Basis,-0.032470703125,0.00030950182172005913,-0.6747314941478787
Learned,Learned Basis,-0.0322265625,0.0003091882117067606,-0.6791343163222019
Learned,Learned Basis,-0.031982421875,0.00030892615308099894,-0.6828168264985026
Learned,Learned Basis,-0.03173828125,0.0003087158047721366,-0.6857749517420015
Learned,Learned Basis,-0.031494140625,0.0003085570343390382,-0.6880090731915673
Learned,Learned Basis,-0.03125,0.0003084493067195169,-0.6895256057802547
Learned,Learned Basis,-0.031005859375,0.00030839182196911477,-0.6903350625043408
Learned,Learned Basis,-0.03076171875,0.0003083833775223227,-0.6904539835195754
Learned,Learned Basis,-0.030517578125,0.0003084225800983964,-0.6899019310538766
Learned,Learned Basis,-0.0302734375,0.0003085075967120221,-0.6887049642725669
Learned,Learned Basis,-0.030029296875,0.0003086363771744241,-0.6868924651677722
Learned,Learned Basis,-0.02978515625,0.0003088065110569384,-0.684499103461319
Learned,Learned Basis,-0.029541015625,0.00030901541310860233,-0.6815621726660595
Learned,Learned Basis,-0.029296875,0.00030926021730324615,-0.6781230231603391
Learned,Learned Basis,-0.029052734375,0.00030953776624420234,-0.6742271480992225
Learned,Learned Basis,-0.02880859375,0.0003098447700936679,-0.6699218898511254
Learned,Learned Basis,-0.028564453125,0.0003101777165127325,-0.6652576459054181
Learned,Learned Basis,-0.0283203125,0.0003105329607213504,-0.6602865499654189
Learned,Learned Basis,-0.028076171875,0.00031090668311717704,-0.6550630147292337
Learned,Learned Basis,-0.02783203125,0.0003112949528473142,-0.6496427967989149
Learned,Learned Basis,-0.027587890625,0.0003116938337612184,-0.6440814831046499
Learned,Learned Basis,-0.02734375,0.0003120992307789835,-0.6384366075011618
Learned,Learned Basis,-0.027099609375,0.0003125071123924484,-0.6327645306446259
Learned,Learned Basis,-0.02685546875,0.00031291339411699783,-0.6271220570111762
Learned,Learned Basis,-0.026611328125,0.0003133140232538891,-0.6215652563233672
Learned,Learned Basis,-0.0263671875,0.00031370507424786936,-0.6161481546266471
Learned,Learned Basis,-0.026123046875,0.0003140826215436859,-0.6109245184165943
Learned,Learned Basis,-0.02587890625,0.00031444292500367544,-0.605945315185027
Learned,Learned Basis,-0.025634765625,0.00031478236103837384,-0.6012597052962213
Learned,Learned Basis,-0.025390625,0.0003150974596900341,-0.5969145711108378
Learned,Learned Basis,-0.025146484375,0.00031538498939495284,-0.5929533958848614
Learned,Learned Basis,-0.02490234375,0.0003156419093046616,-0.5894169727791927
Learned,Learned Basis,-0.024658203125,0.0003158654063694448,-0.5863429451757023
Learned,Learned Basis,-0.0244140625,0.00031605297480302106,-0.5837647660785036
Learned,Learned Basis,-0.024169921875,0.0003162023472131526,-0.5817126958968302
Learned,Learned Basis,-0.02392578125,0.0003163115316851632,-0.5802133386255784
Learned,Learned Basis,-0.023681640625,0.0003163789283301374,-0.5792880839245325
Learned,Learned Basis,-0.0234375,0.0003164031809508489,-0.5789551800956358
Learned,Learned Basis,-0.023193359375,0.000316383272399378,-0.5792284531407073
Learned,Learned Basis,-0.02294921875,0.0003163185722559202,-0.5801166729433637
Learned,Learned Basis,-0.022705078125,0.0003162087626617506,-0.5816245825198948
Learned,Learned Basis,-0.0224609375,0.0003160538436168692,-0.5837528275564361
Learned,Learned Basis,-0.022216796875,0.00031585420184939133,-0.5864970028040803
Learned,Learned Basis,-0.02197265625,0.00031561058432732055,-0.5898479972885089
Learned,Learned Basis,-0.021728515625,0.0003153239870079949,-0.5937934980908722
Learned,Learned Basis,-0.021484375,0.0003149958243627404,-0.5983156227744586
Learned,Learned Basis,-0.021240234375,0.00031462782342396236,-0.6033923315609637
Learned,Learned Basis,-0.02099609375,0.0003142219284275282,-0.6089986940074604
Learned,Learned Basis,-0.020751953125,0.0003137805233138749,-0.6151037605141381
Learned,Learned Basis,-0.0205078125,0.0003133061244645748,-0.6216747453216255
Learned,Learned Basis,-0.020263671875,0.00031280159260815203,-0.6286740345059467
Learned,Learned Basis,-0.02001953125,0.00031227000567659306,-0.6360608787432896
Learned,Learned Basis,-0.019775390625,0.0003117146111265375,-0.6437919940807553
Learned,Learned Basis,-0.01953125,0.00031113894248747725,-0.6518198774599658
Learned,Learned Basis,-0.019287109375,0.00031054659686064953,-0.660095846536825
Learned,Learned Basis,-0.01904296875,0.00030994135676488076,-0.6685682919935765
Learned,Learned Basis,-0.018798828125,0.0003093271159695513,-0.6771836660098274
Learned,Learned Basis,-0.0185546875,0.0003087078371134319,-0.6858870404271313
Learned,Learned Basis,-0.018310546875,0.0003080875464070381,-0.6946221551500092
Learned,Learned Basis,-0.01806640625,0.00030747026476324026,-0.7033323720192854
Learned,Learned Basis,-0.017822265625,0.0003068600501784265,-0.7119600730352981
Learned,Learned Basis,-0.017578125,0.0003062608811843038,-0.7204483127087549
Learned,Learned Basis,-0.017333984375,0.00030567666214554315,-0.728740766231448
Learned,Learned Basis,-0.01708984375,0.0003051113027244613,-0.7367806282166935
Learned,Learned Basis,-0.016845703125,0.000304568437105813,-0.7445146429624208
Learned,Learned Basis,-0.0166015625,0.0003040516570931899,-0.7518898434829557
Learned,Learned Basis,-0.016357421875,0.0003035643319890763,-0.758856172637947
Learned,Learned Basis,-0.01611328125,0.0003031096456783667,-0.7653660214193512
Learned,Learned Basis,-0.015869140625,0.0003026905436519121,-0.771375056401091
Learned,Learned Basis,-0.015625,0.0003023097277088743,-0.7768423691397239
Learned,Learned Basis,-0.015380859375,0.00030196962417085353,-0.7817310056610609
Learned,Learned Basis,-0.01513671875,0.0003016723891795339,-0.78600796200726
Learned,Learned Basis,-0.014892578125,0.00030141986631551984,-0.7896448613972147
Learned,Learned Basis,-0.0146484375,0.0003012135601101095,-0.7926183987472333
Learned,Learned Basis,-0.014404296875,0.0003010547208076207,-0.7949091730206026
Learned,Learned Basis,-0.01416015625,0.00030094416954309293,-0.7965042525285927
Learned,Learned Basis,-0.013916015625,0.0003008824572716494,-0.7973949176422126
Learned,Learned Basis,-0.013671875,0.00030086972173207086,-0.797578746625533
Learned,Learned Basis,-0.013427734375,0.0003009058092926403,-0.7970578670738913
Learned,Learned Basis,-0.01318359375,0.0003009901901888162,-0.7958401763811839
Learned,Learned Basis,-0.012939453125,0.0003011220062020412,-0.7939386381486815
Learned,Learned Basis,-0.0126953125,0.000301300028278579,-0.7913718659085358
Learned,Learned Basis,-0.012451171875,0.00030152276248242245,-0.7881625565876273
Learned,Learned Basis,-0.01220703125,0.0003017883175541582,-0.78433935116142
Learned,Learned Basis,-0.011962890625,0.00030209454794739317,-0.7799347161247068
Learned,Learned Basis,-0.01171875,0.00030243901144759076,-0.7749854916782494
Learned,Learned Basis,-0.011474609375,0.00030281899036265294,-0.7695325189876743
Learned,Learned Basis,-0.01123046875,0.00030323150741585624,-0.7636203414308054
Learned,Learned Basis,-0.010986328125,0.00030367338931759695,-0.7572962235493118
Learned,Learned Basis,-0.0107421875,0.0003041412137889366,-0.7506108420041989
Learned,Learned Basis,-0.010498046875,0.0003046313784309929,-0.74361723394786
Learned,Learned Basis,-0.01025390625,0.00030514016429668414,-0.736369832921896
Learned,Learned Basis,-0.010009765625,0.00030566373059308426,-0.7289244969956143
Learned,Learned Basis,-0.009765625,0.00030619806170496843,-0.7213392182508749
Learned,Learned Basis,-0.009521484375,0.0003067391420171117,-0.7136716055348049
Learned,Learned Basis,-0.00927734375,0.0003072829188307714,-0.7059793955522536
Learned,Learned Basis,-0.009033203125,0.00030782527057781445,-0.6983208913708588
Learned,Learned Basis,-0.0087890625,0.0003083621233689163,-0.6907533148169178
Learned,Learned Basis,-0.008544921875,0.0003088894933747246,-0.683332226464598
Learned,Learned Basis,-0.00830078125,0.0003094034285517596,-0.6761123714434164
Learned,Learned Basis,-0.008056640625,0.0003099000828094497,-0.6691466673641816
Learned,Learned Basis,-0.0078125,0.00031037578487952205,-0.6624852821538829
Learned,Learned Basis,-0.007568359375,0.00031082696944661207,-0.6561766493959613
Learned,Learned Basis,-0.00732421875,0.0003112503201846898,-0.6502655216018599
Learned,Learned Basis,-0.007080078125,0.00031164267969708767,-0.6447942899866188
Learned,Learned Basis,-0.0068359375,0.0003120011766599906,-0.6398012713484953
Learned,Learned Basis,-0.006591796875,0.00031232314635775457,-0.6353218791377535
Learned,Learned Basis,-0.00634765625,0.0003126062578263969,-0.6313869144462803
Learned,Learned Basis,-0.006103515625,0.0003128484449842055,-0.6280235837043957
Learned,Learned Basis,-0.005859375,0.00031304789073880303,-0.6252557709325745
Learned,Learned Basis,-0.005615234375,0.00031320322829767223,-0.6231012918751457
Learned,Learned Basis,-0.00537109375,0.0003133133239646943,-0.6215749494029913
Learned,Learned Basis,-0.005126953125,0.00031337742017657473,-0.620686580411176
Learned,Learned Basis,-0.0048828125,0.00031339509841932575,-0.6204415931773465
Learned,Learned Basis,-0.004638671875,0.0003133663110141387,-0.6208405396039028
Learned,Learned Basis,-0.00439453125,0.000313291306950348,-0.6218801456103202
Learned,Learned Basis,-0.004150390625,0.00031317073783833984,-0.6235518350962272
Learned,Learned Basis,-0.00390625,0.00031300558904016136,-0.6258426662990744
Learned,Learned Basis,-0.003662109375,0.0003127971266930669,-0.6287360398208015
Learned,Learned Basis,-0.00341796875,0.0003125470460435894,-0.6322096038715673
Learned,Learned Basis,-0.003173828125,0.0003122572330534966,-0.6362385196654783
Learned,Learned Basis,-0.0029296875,0.00031193001868677145,-0.6407918778601416
Learned,Learned Basis,-0.002685546875,0.0003115678875391136,-0.6458366927750623
Learned,Learned Basis,-0.00244140625,0.0003111736897437566,-0.6513348948034197
Learned,Learned Basis,-0.002197265625,0.00031075042376800554,-0.6572462946682412
Learned,Learned Basis,-0.001953125,0.00031030139534259955,-0.6635263053002444
Learned,Learned Basis,-0.001708984375,0.00030983006382999487,-0.6701280253536236
Learned,Learned Basis,-0.00146484375,0.000309340095200819,-0.6770014417568542
Learned,Learned Basis,-0.001220703125,0.0003088352931644801,-0.6840943410114169
Learned,Learned Basis,-0.0009765625,0.0003083195779785855,-0.6913525616646843
Learned,Learned Basis,-0.000732421875,0.0003077969440677785,-0.6987205535895444
Learned,Learned Basis,-0.00048828125,0.00030727151300019215,-0.70614060142845
Learned,Learned Basis,-0.000244140625,0.0003067473798557326,-0.713554972235506
Learned,Learned Basis,0.0,0.00030622866620253294,-0.7209051625893869
Learned,Learned Basis,0.000244140625,0.00030571948301343554,-0.728132425246192
Learned,Learned Basis,0.00048828125,0.00030522386709424686,-0.7351786859519017
Learned,Learned Basis,0.000732421875,0.0003047458128696101,-0.7419861178993821
Learned,Learned Basis,0.0009765625,0.00030428917172774223,-0.7484986096379882
Learned,Learned Basis,0.001220703125,0.0003038576414251432,-0.7546619654788418
Learned,Learned Basis,0.00146484375,0.0003034548349559862,-0.7604229751496667
Learned,Learned Basis,0.001708984375,0.0003030841004321738,-0.7657320482725869
Learned,Learned Basis,0.001953125,0.0003027485952503736,-0.7705422232611496
Learned,Learned Basis,0.002197265625,0.00030245125960379107,-0.7748096149314544
Learned,Learned Basis,0.00244140625,0.0003021947793986518,-0.7784940166245141
Learned,Learned Basis,0.002685546875,0.00030198154917068353,-0.7815595030015037
Learned,Learned Basis,0.0029296875,0.0003018137197639249,-0.7839738109924255
Learned,Learned Basis,0.003173828125,0.0003016930923778171,-0.7857099242490352
Learned,Learned Basis,0.00341796875,0.00030162113975778566,-0.7867458230998108
Learned,Learned Basis,0.003662109375,0.00030159908565992154,-0.7870633845013165
Learned,Learned Basis,0.00390625,0.0003016277671122003,-0.7866503990246326
Learned,Learned Basis,0.004150390625,0.00030170766090270937,-0.7855002118833477
Learned,Learned Basis,0.00439453125,0.0003018390054254924,-0.7836099785159628
Learned,Learned Basis,0.004638671875,0.00030202154639356947,-0.7809843214057879
Learned,Learned Basis,0.0048828125,0.0003022548441023711,-0.7776308919420223
Learned,Learned Basis,0.005126953125,0.0003025380085474676,-0.7735641519194248
Learned,Learned Basis,0.00537109375,0.0003028699166280308,-0.7688022102158154
Learned,Learned Basis,0.005615234375,0.00030324904262218113,-0.7633692058140874
Learned,Learned Basis,0.005859375,0.0003036736224139952,-0.757292889953277
Learned,Learned Basis,0.006103515625,0.00030414155813588865,-0.7506059249495645
Learned,Learned Basis,0.00634765625,0.00030465047644271526,-0.7433449737109038
Learned,Learned Basis,0.006591796875,0.00030519778148822163,-0.735549866587027
Learned,Learned Basis,0.0068359375,0.00030578058075801087,-0.7272645786183295
Learned,Learned Basis,0.007080078125,0.0003063958175106784,-0.7185352640789038
Learned,Learned Basis,0.00732421875,0.00030704019661077585,-0.7094112353647241
Learned,Learned Basis,0.007568359375,0.0003077102375052653,-0.6999441358001414
Learned,Learned Basis,0.0078125,0.0003084023695811368,-0.6901865277171584
Learned,Learned Basis,0.008056640625,0.00030911281561720914,-0.6801934802040184
Learned,Learned Basis,0.00830078125,0.0003098377930946559,-0.6700196841849116
Learned,Learned Basis,0.008544921875,0.00031057334996999707,-0.6597217246677762
Learned,Learned Basis,0.0087890625,0.00031131557658091625,-0.6493550800553161
Learned,Learned Basis,0.009033203125,0.00031206047850277014,-0.6389758893385512
Learned,Learned Basis,0.00927734375,0.0003128040930967881,-0.6286393178004713
Learned,Learned Basis,0.009521484375,0.00031354252129594444,-0.618399127037543
Learned,Learned Basis,0.009765625,0.00031427189052144047,-0.6083082095163823
Learned,Learned Basis,0.010009765625,0.00031498842355209513,-0.5984176612376622
Learned,Learned Basis,0.01025390625,0.00031568846501257175,-0.5887764559307835
Learned,Learned Basis,0.010498046875,0.0003163684919686692,-0.5794313465930733
Learned,Learned Basis,0.0107421875,0.0003170251510108394,-0.5704264093367477
Learned,Learned Basis,0.010986328125,0.0003176552370636062,-0.5618033924330873
Learned,Learned Basis,0.01123046875,0.0003182557834455369,-0.5536005448986041
Learned,Learned Basis,0.011474609375,0.0003188240353810156,-0.5458530464513266
Learned,Learned Basis,0.01171875,0.0003193574711908245,-0.5385927833375366
Learned,Learned Basis,0.011962890625,0.00031985382348272595,-0.5318481245189375
Learned,Learned Basis,0.01220703125,0.00032031107915146196,-0.5256439840949344
Learned,Learned Basis,0.012451171875,0.00032072750586698186,-0.5200015203077728
Learned,Learned Basis,0.0126953125,0.0003211016520744417,-0.5149381899894203
Learned,Learned Basis,0.012939453125,0.0003214323893753681,-0.510467223840648
Learned,Learned Basis,0.01318359375,0.00032171883306297665,-0.5065987426253556
Learned,Learned Basis,0.013427734375,0.00032196047456330753,-0.5033380016358889
Learned,Learned Basis,0.013671875,0.00032215699601763576,-0.5006879202536328
Learned,Learned Basis,0.013916015625,0.000322308482188288,-0.4986462403984533
Learned,Learned Basis,0.01416015625,0.00032241526152928,-0.49720768072231347
Learned,Learned Basis,0.014404296875,0.00032247793797218917,-0.49636350889952097
Learned,Learned Basis,0.0146484375,0.0003224974492002539,-0.496100751006591
Learned,Learned Basis,0.014892578125,0.00032247494480252946,-0.4964038193501396
Learned,Learned Basis,0.01513671875,0.00032241185514327795,-0.4972535651029692
Learned,Learned Basis,0.015380859375,0.00032230987546903224,-0.4986274666812055
Learned,Learned Basis,0.015625,0.0003221709129321419,-0.5005003126987796
Learned,Learned Basis,0.015869140625,0.0003219971183766456,-0.5028437390906447
Learned,Learned Basis,0.01611328125,0.0003217907909806535,-0.5056274773780642
Learned,Learned Basis,0.016357421875,0.0003215544365304472,-0.5088185304465114
Learned,Learned Basis,0.0166015625,0.0003212907144440251,-0.5123818474643266
Learned,Learned Basis,0.016845703125,0.000321002427175812,-0.516280428037047
Learned,Learned Basis,0.01708984375,0.0003206924778354955,-0.5204758579083499
Learned,Learned Basis,0.017333984375,0.00032036387018802607,-0.5249282746404206
Learned,Learned Basis,0.017578125,0.00032001968746303545,-0.5295966228775641
Learned,Learned Basis,0.017822265625,0.0003196630605689642,-0.5344390579351381
Learned,Learned Basis,0.01806640625,0.00031929709392602566,-0.5394139318721244
Learned,Learned Basis,0.018310546875,0.00031892496612146907,-0.544478409599021
Learned,Learned Basis,0.0185546875,0.00031854979746844404,-0.5495902572801906
Learned,Learned Basis,0.018798828125,0.0003181746764942277,-0.5547074781397188
Learned,Learned Basis,0.01904296875,0.0003178025751778982,-0.5597894701891539
Learned,Learned Basis,0.019287109375,0.00031743647079617883,-0.5647953693508214
Learned,Learned Basis,0.01953125,0.00031707914991055815,-0.5696867384592811
Learned,Learned Basis,0.019775390625,0.0003167333302131342,-0.574425919398064
Learned,Learned Basis,0.02001953125,0.000316401549276061,-0.5789775764944867
Learned,Learned Basis,0.020263671875,0.00031608618574213,-0.5833084321410626
Learned,Learned Basis,0.0205078125,0.0003157894911106427,-0.5873868562822353
Learned,Learned Basis,0.020751953125,0.0003155134625939207,-0.5911846420710092
Learned,Learned Basis,0.02099609375,0.0003152599331772778,-0.5946757985882498
Learned,Learned Basis,0.021240234375,0.000315030523940211,-0.5978372353204832
Learned,Learned Basis,0.021484375,0.00031482661227052837,-0.6006492290549832
Learned,Learned Basis,0.021728515625,0.00031464935835257577,-0.603095085738631
Learned,Learned Basis,0.02197265625,0.00031449972635781893,-0.6051608711762508
Learned,Learned Basis,0.022216796875,0.00031437837319428925,-0.6068369673854889
Learned,Learned Basis,0.0224609375,0.00031428575445949247,-0.60811662703091
Learned,Learned Basis,0.022705078125,0.00031422212444040857,-0.6089959848621695
Learned,Learned Basis,0.02294921875,0.00031418740897000175,-0.6094758228165007
Learned,Learned Basis,0.023193359375,0.00031418138024951907,-0.6095591573195366
Learned,Learned Basis,0.0234375,0.00031420355619322775,-0.6092526289663209
Learned,Learned Basis,0.023681640625,0.0003142532004284151,-0.6085664968747219
Learned,Learned Basis,0.02392578125,0.000314329444141233,-0.6075129449128576
Learned,Learned Basis,0.024169921875,0.0003144311324449808,-0.606108191777201
Learned,Learned Basis,0.0244140625,0.0003145569409283048,-0.6043708637379007
Learned,Learned Basis,0.024658203125,0.00031470540744107033,-0.6023215376148615
Learned,Learned Basis,0.02490234375,0.0003148747837602902,-0.5999847676972249
Learned,Learned Basis,0.025146484375,0.00031506334815120456,-0.5973847511954459
Learned,Learned Basis,0.025390625,0.00031526909810384636,-0.59454954660496
Learned,Learned Basis,0.025634765625,0.00031548996223885816,-0.5915081292068785
Learned,Learned Basis,0.02587890625,0.0003157238003074922,-0.5882903733993134
Learned,Learned Basis,0.026123046875,0.00031596829723870193,-0.5849284927051737
Learned,Learned Basis,0.0263671875,0.00031622111677085925,-0.5814549092773775
Learned,Learned Basis,0.026611328125,0.00031647992793998125,-0.5779018799339468
Learned,Learned Basis,0.02685546875,0.00031674228323388617,-0.5743031602128115
Learned,Learned Basis,0.027099609375,0.00031700576692626455,-0.5706919610861043
Learned,Learned Basis,0.02734375,0.0003172679473978708,-0.5671016014039996
Learned,Learned Basis,0.027587890625,0.00031752644600591335,-0.5635645655881661
Learned,Learned Basis,0.02783203125,0.0003177788523217282,-0.5601136680051579
Learned,Learned Basis,0.028076171875,0.00031802293603659556,-0.5567791628924676
Learned,Learned Basis,0.0283203125,0.0003182564403535684,-0.5535915806863699
Learned,Learned Basis,0.028564453125,0.0003184772091309627,-0.5505800022746264
Learned,Learned Basis,0.02880859375,0.0003186832504541024,-0.5477712086196976
Learned,Learned Basis,0.029052734375,0.0003188725988965382,-0.5451915762248777
Learned,Learned Basis,0.029296875,0.00031904350093763775,-0.542864567541743
Learned,Learned Basis,0.029541015625,0.0003191943037120314,-0.5408122662359756
Learned,Learned Basis,0.02978515625,0.00031932350798606667,-0.5390546737933006
Learned,Learned Basis,0.030029296875,0.00031942978934838964,-0.5376094394655997
Learned,Learned Basis,0.0302734375,0.00031951198231700896,-0.5364920934255537
Learned,Learned Basis,0.030517578125,0.00031956909093458654,-0.5357159178012973
Learned,Learned Basis,0.03076171875,0.0003196003311496009,-0.5352913839441933
Learned,Learned Basis,0.031005859375,0.0003196050460540206,-0.5352273151160751
Learned,Learned Basis,0.03125,0.00031958282243150317,-0.5355293107297898
Learned,Learned Basis,0.031494140625,0.00031953341129271407,-0.5362008313024519
Learned,Learned Basis,0.03173828125,0.0003194567278753267,-0.537243200601861
Learned,Learned Basis,0.031982421875,0.00031935293110870355,-0.538654524389677
Learned,Learned Basis,0.0322265625,0.0003192222964704062,-0.5404314145945942
Learned,Learned Basis,0.032470703125,0.00031906530074852195,-0.5425678301341973
Learned,Learned Basis,0.03271484375,0.00031888261144637323,-0.5450552105763352
Learned,Learned Basis,0.032958984375,0.00031867503910370853,-0.5478831125275516
Learned,Learned Basis,0.033203125,0.0003184435690825752,-0.5510387622303065
Learned,Learned Basis,0.033447265625,0.0003181892874002833,-0.5545080502576683
Learned,Learned Basis,0.03369140625,0.00031791351317054123,-0.5582737068032521
Learned,Learned Basis,0.033935546875,0.00031761756550705754,-0.5623184640397024
Learned,Learned Basis,0.0341796875,0.0003173030231081659,-0.5666214915926936
Learned,Learned Basis,0.034423828125,0.00031697144877926384,-0.5711621414495901
Learned,Learned Basis,0.03466796875,0.0003166245536598206,-0.5759176844342913
Learned,Learned Basis,0.034912109375,0.00031626412835398653,-0.5808642332613639
Learned,Learned Basis,0.03515625,0.0003158919952517845,-0.5859773806454792
Learned,Learned Basis,0.035400390625,0.00031551005620791866,-0.5912315301694672
Learned,Learned Basis,0.03564453125,0.00031512027664883807,-0.5966000995009378
Learned,Learned Basis,0.035888671875,0.00031472459551276476,-0.6020567496759729
Learned,Learned Basis,0.0361328125,0.0003143249835237932,-0.6075745756420705
Learned,Learned Basis,0.036376953125,0.00031392340081072724,-0.6131266847891685
Learned,Learned Basis,0.03662109375,0.0003135218233953066,-0.6186858275687833
Learned,Learned Basis,0.036865234375,0.0003131221372392993,-0.6242258639048814
Learned,Learned Basis,0.037109375,0.00031272623889976394,-0.629720373237936
Learned,Learned Basis,0.037353515625,0.0003123359666596597,-0.6351436127438597
Learned,Learned Basis,0.03759765625,0.00031195305284903744,-0.6404711892558713
Learned,Learned Basis,0.037841796875,0.0003115792086073663,-0.6456788912703348
Learned,Learned Basis,0.0380859375,0.00031121602322827077,-0.6507441010171664
Learned,Learned Basis,0.038330078125,0.00031086500124304897,-0.6556452930288621
Learned,Learned Basis,0.03857421875,0.0003105275518253813,-0.6603621964966401
Learned,Learned Basis,0.038818359375,0.00031020493051723126,-0.6648766264797957
Learned,Learned Basis,0.0390625,0.0003098983451817535,-0.6691710185753499
Learned,Learned Basis,0.039306640625,0.0003096088235621586,-0.6732302985088088
Learned,Learned Basis,0.03955078125,0.00030933729804403967,-0.6770407122964778
Learned,Learned Basis,0.039794921875,0.0003090845579765636,-0.6805905099533089
Learned,Learned Basis,0.0400390625,0.00030885122848188946,-0.6838702590482438
Learned,Learned Basis,0.040283203125,0.00030863789230101287,-0.6868711452732161
Learned,Learned Basis,0.04052734375,0.0003084448725903042,-0.6895880384604038
Learned,Learned Basis,0.040771484375,0.00030827244482732505,-0.6920165231429352
Learned,Learned Basis,0.041015625,0.0003081207202626291,-0.6941545462839871
Learned,Learned Basis,0.041259765625,0.0003079896777056347,-0.69600197688873
Learned,Learned Basis,0.04150390625,0.0003078791635246249,-0.6975606106849752
Learned,Learned Basis,0.041748046875,0.0003077889128373288,-0.6988338739015125
Learned,Learned Basis,0.0419921875,0.0003077185177250495,-0.6998272724351822
Learned,Learned Basis,0.042236328125,0.00030766745372089085,-0.7005480173435776
Learned,Learned Basis,0.04248046875,0.0003076351380838571,-0.7010041994901428
Learned,Learned Basis,0.042724609375,0.00030762082384594485,-0.7012062810602127
Learned,Learned Basis,0.04296875,0.00030762370046740536,-0.7011656695382091
Learned,Learned Basis,0.043212890625,0.00030764284086029107,-0.7008954592649033
Learned,Learned Basis,0.04345703125,0.00030767724906726384,-0.7004097512673703
Learned,Learned Basis,0.043701171875,0.00030772591853569473,-0.6997228233237557
Learned,Learned Basis,0.0439453125,0.0003077876890812379,-0.6988511413062786
Learned,Learned Basis,0.044189453125,0.0003078613740313201,-0.6978115566048562
Learned,Learned Basis,0.04443359375,0.00030794578141572304,-0.6966210000748327
Learned,Learned Basis,0.044677734375,0.00030803966099012865,-0.6952972226399567
Learned,Learned Basis,0.044921875,0.0003081417201290556,-0.6938585643933017
Learned,Learned Basis,0.045166015625,0.00030825061852821377,-0.6923240231159861
Learned,Learned Basis,0.04541015625,0.0003083651324315122,-0.6907109356527463
Learned,Learned Basis,0.045654296875,0.00030848391093937,-0.6890384080960198
Learned,Learned Basis,0.0458984375,0.00030860566672395127,-0.687324625592357
Learned,Learned Basis,0.046142578125,0.0003087291336480017,-0.6855874481484386
Learned,Learned Basis,0.04638671875,0.00030885305087191236,-0.6838446333902298
Learned,Learned Basis,0.046630859375,0.00030897623172311035,-0.6821128681221421
Learned,Learned Basis,0.046875,0.0003090974736360863,-0.6804090359092634
Learned,Learned Basis,0.047119140625,0.0003092156694029484,-0.678748654902142
Learned,Learned Basis,0.04736328125,0.00030932973300638655,-0.6771469230348368
Learned,Learned Basis,0.047607421875,0.0003094386631914172,-0.675617828173143
Learned,Learned Basis,0.0478515625,0.00030954152757244725,-0.6741743754053939
Learned,Learned Basis,0.048095703125,0.0003096374467403378,-0.6728288140286343
Learned,Learned Basis,0.04833984375,0.0003097256101553402,-0.671592418526074
Learned,Learned Basis,0.048583984375,0.0003098052761470964,-0.6704754927497893
Learned,Learned Basis,0.048828125,0.00030987586197461065,-0.6694861118041144
Learned,Learned Basis,0.049072265625,0.0003099367372180786,-0.6686330222592394
Learned,Learned Basis,0.04931640625,0.0003099874621729307,-0.6679223041405448
Learned,Learned Basis,0.049560546875,0.00031002763951576076,-0.6673594533885057
Learned,Learned Basis,0.0498046875,0.00031005695138784395,-0.666948864752819
Learned,Learned Basis,0.050048828125,0.00031007515939513656,-0.666693834027643
Learned,Learned Basis,0.05029296875,0.00031008216288237565,-0.6665957435672744
Learned,Learned Basis,0.050537109375,0.0003100778770872346,-0.6666557699172613
Learned,Learned Basis,0.05078125,0.00031006232320029514,-0.6668736228243376
Learned,Learned Basis,0.051025390625,0.0003100356124721109,-0.6672477676552707
Learned,Learned Basis,0.05126953125,0.00030999790383204437,-0.6677760182704561
Learned,Learned Basis,0.051513671875,0.00030994947275765714,-0.6684545709733486
Learned,Learned Basis,0.0517578125,0.00030989061061944704,-0.669279412818208
Learned,Learned Basis,0.052001953125,0.0003098217200384657,-0.6702449833843702
Learned,Learned Basis,0.05224609375,0.00030974324601692793,-0.6713451370914408
Learned,Learned Basis,0.052490234375,0.0003096556600452758,-0.6725733634916462
Learned,Learned Basis,0.052734375,0.00030955953956685945,-0.6739216699846251
Learned,Learned Basis,0.052978515625,0.00030945547262032014,-0.6753819157029523
Learned,Learned Basis,0.05322265625,0.0003093440896254622,-0.6769453628518652
Learned,Learned Basis,0.053466796875,0.00030922606868089876,-0.6786025991380515
Learned,Learned Basis,0.0537109375,0.00030910211967111553,-0.6803437577241006
Learned,Learned Basis,0.053955078125,0.0003089729683735345,-0.682158737740975
Learned,Learned Basis,0.05419921875,0.0003088393511608682,-0.6840372764886888
Learned,Learned Basis,0.054443359375,0.0003087020361917021,-0.6859686493681676
Learned,Learned Basis,0.0546875,0.0003085617969222666,-0.6879420402795587
Learned,Learned Basis,0.054931640625,0.000308419412106438,-0.6899465402550542
Learned,Learned Basis,0.05517578125,0.0003082756446051559,-0.6919714448796461
Learned,Learned Basis,0.055419921875,0.00030813124138642404,-0.6940062541472523
Learned,Learned Basis,0.0556640625,0.00030798698650176374,-0.6960399255662941
Learned,Learned Basis,0.055908203125,0.00030784359513330616,-0.6980623675513524
Learned,Learned Basis,0.05615234375,0.0003077017665702461,-0.7000636940899136
Learned,Learned Basis,0.056396484375,0.00030756220539942386,-0.7020339263861928
Learned,Learned Basis,0.056640625,0.00030742555263593463,-0.703963966173864
Learned,Learned Basis,0.056884765625,0.0003072924334019374,-0.7058449246288632
Learned,Learned Basis,0.05712890625,0.00030716340924784633,-0.7076687978867331
Learned,Learned Basis,0.057373046875,0.0003070390417240753,-0.7094275707458921
Learned,Learned Basis,0.0576171875,0.00030691980232106636,-0.7111144921382816
Learned,Learned Basis,0.057861328125,0.00030680617312455225,-0.7127226539423248
Learned,Learned Basis,0.05810546875,0.0003066984878861942,-0.7142472423685825
Learned,Learned Basis,0.058349609375,0.000306597138631753,-0.7156826161246099
Learned,Learned Basis,0.05859375,0.00030650236905291757,-0.7170252335937954
Learned,Learned Basis,0.058837890625,0.0003064144387343134,-0.7182713293751017
Learned,Learned Basis,0.05908203125,0.00030633350130765755,-0.7194186421829782
Learned,Learned Basis,0.059326171875,0.0003062596415352766,-0.7204658916375264
Learned,Learned Basis,0.0595703125,0.0003061929229889155,-0.7214121035833405
Learned,Learned Basis,0.059814453125,0.0003061333880497377,-0.7222566106763962
Learned,Learned Basis,0.06005859375,0.0003060808671930898,-0.7230017589014702
Learned,Learned Basis,0.060302734375,0.0003060352703589998,-0.7236487751214105
Learned,Learned Basis,0.060546875,0.00030599639623694186,-0.7242004726116795
Learned,Learned Basis,0.060791015625,0.0003059639852422907,-0.7246604996516365
Learned,Learned Basis,0.06103515625,0.0003059377089210305,-0.7250334896741812
Learned,Learned Basis,0.061279296875,0.0003059171911403368,-0.7253247600044054
Learned,Learned Basis,0.0615234375,0.0003059020345768035,-0.7255399350636972
Learned,Learned Basis,0.061767578125,0.00030589168297766187,-0.7256869010183162
Learned,Learned Basis,0.06201171875,0.0003058856224713067,-0.725772946853761
Learned,Learned Basis,0.062255859375,0.00030588325972145144,-0.7258064931570831
Learned,Learned Basis,0.0625,0.00030588396430829165,-0.7257964894117137
Learned,Learned Basis,0.062744140625,0.00030588699985911467,-0.7257533908323698
Learned,Learned Basis,0.06298828125,0.0003058916935729527,-0.7256867505900267
Learned,Learned Basis,0.063232421875,0.00030589722961241173,-0.7256081525213921
Learned,Learned Basis,0.0634765625,0.00030590278684245245,-0.7255292550295155
Learned,Learned Basis,0.063720703125,0.00030590757061626253,-0.7254613396520425
Learned,Learned Basis,0.06396484375,0.00030591065384589426,-0.7254175675131301
Learned,Learned Basis,0.064208984375,0.0003059111836104358,-0.7254100465714762
Learned,Learned Basis,0.064453125,0.00030590820633371235,-0.7254523144326572
Learned,Learned Basis,0.064697265625,0.0003059007949277763,-0.7255575346139463
Learned,Learned Basis,0.06494140625,0.000305888011709389,-0.7257390247342997
Learned,Learned Basis,0.065185546875,0.00030586886072121245,-0.7260109356474613
Learned,Learned Basis,0.0654296875,0.00030584244136352604,-0.7263860727824683
Learned,Learned Basis,0.065673828125,0.00030580773119076463,-0.7268789831808882
Learned,Learned Basis,0.06591796875,0.00030576384019849836,-0.7275023481857699
Learned,Learned Basis,0.066162109375,0.00030570978302468,-0.7282702221043212
Learned,Learned Basis,0.06640625,0.0003056446431766527,-0.7291957041306185
Learned,Learned Basis,0.066650390625,0.00030556753064998676,-0.7302915443781928
Learned,Learned Basis,0.06689453125,0.0003054775819284793,-0.731570148294105
Learned,Learned Basis,0.067138671875,0.000305373949388864,-0.7330437319138523
Learned,Learned Basis,0.0673828125,0.0003052558224913923,-0.7347240253662436
Learned,Learned Basis,0.067626953125,0.00030512245956570603,-0.7366218249878971
Learned,Learned Basis,0.06787109375,0.00030497312953673783,-0.7387478265527953
Learned,Learned Basis,0.068115234375,0.0003048071966870379,-0.7411114227421368
Learned,Learned Basis,0.068359375,0.00030462405178738344,-0.743721686718662
Learned,Learned Basis,0.068603515625,0.0003044231703708784,-0.7465865448345725
Learned,Learned Basis,0.06884765625,0.0003042040756494353,-0.7497133070118877
Learned,Learned Basis,0.069091796875,0.00030396639678787515,-0.7531078362754374
Learned,Learned Basis,0.0693359375,0.0003037098053321821,-0.7567754559566122
Learned,Learned Basis,0.069580078125,0.0003034340628883126,-0.7607202682589633
Learned,Learned Basis,0.06982421875,0.0003031390211221949,-0.7649451514408538
Learned,Learned Basis,0.070068359375,0.00030282461646208406,-0.7694518318010152
Learned,Learned Basis,0.0703125,0.0003024908912891434,-0.7742405746602067
Learned,Learned Basis,0.070556640625,0.0003021379568539266,-0.7793107096882583
Learned,Learned Basis,0.07080078125,0.00030176604095518664,-0.7846599388227276
Learned,Learned Basis,0.071044921875,0.00030137548264223,-0.7902844013161782
Learned,Learned Basis,0.0712890625,0.0003009666739408174,-0.7961795022483598
Learned,Learned Basis,0.071533203125,0.00030054014461549045,-0.8023386797569921
Learned,Learned Basis,0.07177734375,0.00030009649859782646,-0.808754307394955
Learned,Learned Basis,0.072021484375,0.00029963652523699234,-0.8154160693344482
Learned,Learned Basis,0.072265625,0.00029916097679863707,-0.8223141644458369
Learned,Learned Basis,0.072509765625,0.00029867083334716245,-0.8294354530892006
Learned,Learned Basis,0.07275390625,0.00029816710143519743,-0.8367663557990079
Learned,Learned Basis,0.072998046875,0.0002976509041635701,-0.8442915289433033
Learned,Learned Basis,0.0732421875,0.0002971234546930805,-0.8519942300148543
Learned,Learned Basis,0.073486328125,0.0002965861039233096,-0.8598556004271387
Learned,Learned Basis,0.07373046875,0.0002960401921585475,-0.8678568158868836
Learned,Learned Basis,0.073974609375,0.0002954872451206738,-0.8759761997783239
Learned,Learned Basis,0.07421875,0.00029492880972214976,-0.8841916093157298
Learned,Learned Basis,0.074462890625,0.00029436651763776334,-0.8924794884907443
Learned,Learned Basis,0.07470703125,0.0002938020694116929,-0.9008150858196201
Learned,Learned Basis,0.074951171875,0.00029323725035044335,-0.9091722049770574
Learned,Learned Basis,0.0751953125,0.00029267386695110137,-0.9175241331010376
Learned,Learned Basis,0.075439453125,0.00029211377338956234,-0.9258432424913441
Learned,Learned Basis,0.07568359375,0.00029155886092523955,-0.9341011418560421
Learned,Learned Basis,0.075927734375,0.0002910110896869366,-0.9422681987390082
Learned,Learned Basis,0.076171875,0.0002904724198034573,-0.9503145636337811
Learned,Learned Basis,0.076416015625,0.00028994479551066904,-0.9582104142718635
Learned,Learned Basis,0.07666015625,0.00028943020872324797,-0.9659250122220431
Learned,Learned Basis,0.076904296875,0.00028893064076057943,-0.9734275831057192
Learned,Learned Basis,0.0771484375,0.0002884480093703038,-0.9806881286198782
Learned,Learned Basis,0.077392578125,0.0002879842852765156,-0.987675691959881
Learned,Learned Basis,0.07763671875,0.0002875413491433373,-0.9943605290879096
Learned,Learned Basis,0.077880859375,0.0002871210498490188,-1.0007132571291948
Learned,Learned Basis,0.078125,0.00028672518859300134,-1.0067051195774153
Learned,Learned Basis,0.078369140625,0.00028635548711004497,-1.0123084959633233
Learned,Learned Basis,0.07861328125,0.00028601364064668257,-1.0174961290186104
Learned,Learned Basis,0.078857421875,0.0002857011696271483,-1.0222434068785582
Learned,Learned Basis,0.0791015625,0.00028541962096390353,-1.0265253396239307
Learned,Learned Basis,0.079345703125,0.00028517035085417455,-1.0303198907163973
Learned,Learned Basis,0.07958984375,0.0002849546572210881,-1.0336059966676725
Learned,Learned Basis,0.079833984375,0.00028477367905840856,-1.0363651299259427
Learned,Learned Basis,0.080078125,0.00028462844940699186,-1.038580521630104
Learned,Learned Basis,0.080322265625,0.00028451990595007657,-1.0402370255807107
Learned,Learned Basis,0.08056640625,0.0002844487744650845,-1.041322920556865
Learned,Learned Basis,0.080810546875,0.000284415695967111,-1.041827990214136
Learned,Learned Basis,0.0810546875,0.00028442113664895255,-1.0417449133820402
Learned,Learned Basis,0.081298828125,0.000284465424964625,-1.0410687092863193
Learned,Learned Basis,0.08154296875,0.00028454872514113613,-1.0397971483856958
Learned,Learned Basis,0.081787109375,0.0002846710424761314,-1.037930672642256
Learned,Learned Basis,0.08203125,0.00028483222333789375,-1.0354723913672312
Learned,Learned Basis,0.082275390625,0.0002850319021888895,-1.0324288789647205
Learned,Learned Basis,0.08251953125,0.0002852696552174855,-1.0288078180359579
Learned,Learned Basis,0.082763671875,0.0002855447831344869,-1.0246212895462756
Learned,Learned Basis,0.0830078125,0.00028585652307895376,-1.0198825201514172
Learned,Learned Basis,0.083251953125,0.0002862038843911936,-1.0146083526787837
Learned,Learned Basis,0.08349609375,0.0002865857227797965,-1.0088180824770305
Learned,Learned Basis,0.083740234375,0.00028700078800044466,-1.0025326987368772
Learned,Learned Basis,0.083984375,0.0002874476602841666,-0.9957758102236037
Learned,Learned Basis,0.084228515625,0.0002879247556349832,-0.9885735210642256
Learned,Learned Basis,0.08447265625,0.0002884303894016523,-0.9809534273440224
Learned,Learned Basis,0.084716796875,0.00028896272859886026,-0.9729452944395127
Learned,Learned Basis,0.0849609375,0.00028951980780015795,-0.964580772343445
Learned,Learned Basis,0.085205078125,0.0002900995927097059,-0.9558923995710217
Learned,Learned Basis,0.08544921875,0.0002906999165905292,-0.9469145186510676
Learned,Learned Basis,0.085693359375,0.00029131851734803544,-0.9376826805860423
Learned,Learned Basis,0.0859375,0.00029195309050646903,-0.9282328213405454
Learned,Learned Basis,0.086181640625,0.0002926012097442297,-0.9186024166443975
Learned,Learned Basis,0.08642578125,0.0002932603957632631,-0.9088294269577147
Learned,Learned Basis,0.086669921875,0.00029392816926551474,-0.8989514937183449
Learned,Learned Basis,0.0869140625,0.0002946019926788307,-0.8890067895393021
Learned,Learned Basis,0.087158203125,0.0002952792542640213,-0.8790342365883591
Learned,Learned Basis,0.08740234375,0.00029595743234186875,-0.8690710819735549
Learned,Learned Basis,0.087646484375,0.0002966338939826016,-0.8591558614042306
Learned,Learned Basis,0.087890625,0.000297306128102293,-0.849324980085005
Learned,Learned Basis,0.088134765625,0.0002979715653429165,-0.8396153657246661
Learned,Learned Basis,0.08837890625,0.00029862773170406305,-0.830062235301206
Learned,Learned Basis,0.088623046875,0.00029927220086413257,-0.8206998155006664
Learned,Learned Basis,0.0888671875,0.0002999025676921063,-0.8115617492691056
Learned,Learned Basis,0.089111328125,0.0003005165383075196,-0.8026798152800264
Learned,Learned Basis,0.08935546875,0.0003011118665087162,-0.7940848807650204
Learned,Learned Basis,0.089599609375,0.0003016864544281117,-0.7858054801870378
Learned,Learned Basis,0.08984375,0.00030223831544867524,-0.7778683901827148
Learned,Learned Basis,0.090087890625,0.00030276550533453944,-0.7702996539721259
Learned,Learned Basis,0.09033203125,0.00030326626526742647,-0.7631225607682484
Learned,Learned Basis,0.090576171875,0.00030373898476312994,-0.7563582202632636
Learned,Learned Basis,0.0908203125,0.0003041821169091886,-0.7500268105015946
Learned,Learned Basis,0.091064453125,0.00030459433199660327,-0.744145414613057
Learned,Learned Basis,0.09130859375,0.00030497440626928293,-0.7387296453858374
Learned,Learned Basis,0.091552734375,0.0003053213490675349,-0.7337918637371627
Learned,Learned Basis,0.091796875,0.0003056342544939932,-0.7293433207936799
Learned,Learned Basis,0.092041015625,0.00030591234909242715,-0.7253935005456846
Learned,Learned Basis,0.09228515625,0.0003061551560747494,-0.7219478107408357
Learned,Learned Basis,0.092529296875,0.00030636227811755375,-0.7190106873651534
Learned,Learned Basis,0.0927734375,0.00030653346623150577,-0.7165846285818899
Learned,Learned Basis,0.093017578125,0.00030666874160718697,-0.7146684792465557
Learned,Learned Basis,0.09326171875,0.0003067681731139879,-0.7132605902176152
Learned,Learned Basis,0.093505859375,0.0003068320574200517,-0.7123562684679369
Learned,Learned Basis,0.09375,0.0003068608713134659,-0.7119484516483121
Learned,Learned Basis,0.093994140625,0.00030685519753522605,-0.7120287523184836
Learned,Learned Basis,0.09423828125,0.0003068158042439174,-0.7125863243404057
Learned,Learned Basis,0.094482421875,0.000306743597336906,-0.7136085256573222
Learned,Learned Basis,0.0947265625,0.0003066396257479842,-0.7150808283247745
Learned,Learned Basis,0.094970703125,0.0003065050814473702,-0.716986800849052
Learned,Learned Basis,0.09521484375,0.00030634126765583647,-0.7193085386719582
Learned,Learned Basis,0.095458984375,0.0003061496094399995,-0.7220264928939312
Learned,Learned Basis,0.095703125,0.0003059316643076116,-0.7251192969516171
Learned,Learned Basis,0.095947265625,0.0003056890639334605,-0.7285645696332668
Learned,Learned Basis,0.09619140625,0.0003054235300523064,-0.732338666509551
Learned,Learned Basis,0.096435546875,0.00030513690624475373,-0.7364162037932082
Learned,Learned Basis,0.0966796875,0.0003048310572819887,-0.7407714662298976
Learned,Learned Basis,0.096923828125,0.00030450792739987876,-0.7453775571389254
Learned,Learned Basis,0.09716796875,0.0003041695297036817,-0.7502065274112286
Learned,Learned Basis,0.097412109375,0.0003038179196798188,-0.7552297334107676
Learned,Learned Basis,0.09765625,0.00030345513162412946,-0.7604187293358011
Learned,Learned Basis,0.097900390625,0.00030308328459477987,-0.7657437385643142
Learned,Learned Basis,0.09814453125,0.0003027044499711274,-0.7711755358314308
Learned,Learned Basis,0.098388671875,0.0003023207732995653,-0.7766836924246391
Learned,Learned Basis,0.0986328125,0.00030193429947122393,-0.7822390772777849
Learned,Learned Basis,0.098876953125,0.00030154708927016975,-0.7878121829234119
Learned,Learned Basis,0.09912109375,0.0003011611769922424,-0.793373732518412
Learned,Learned Basis,0.099365234375,0.00030077855984976336,-0.7988948345779473
Learned,Learned Basis,0.099609375,0.00030040118737624554,-0.8043471408192437
Learned,Learned Basis,0.099853515625,0.0003000309190452297,-0.8097034670931962
Learned,Learned Basis,0.10009765625,0.00029966959843732044,-0.8149367313851579
Learned,Learned Basis,0.100341796875,0.0002993189472872777,-0.8200214989660961
Learned,Learned Basis,0.1005859375,0.0002989806290557619,-0.8249330771300994
Learned,Learned Basis,0.100830078125,0.0002986562277387523,-0.8296478370761945
Learned,Learned Basis,0.10107421875,0.00029834722667696514,-0.8341435386346183
Learned,Learned Basis,0.101318359375,0.00029805498736527213,-0.8383996573287826
Learned,Learned Basis,0.1015625,0.00029778080242915474,-0.8423966315025873
Learned,Learned Basis,0.101806640625,0.0002975258267553134,-0.8461168835378096
Learned,Learned Basis,0.10205078125,0.00029729116755163997,-0.8495435241195546
Learned,Learned Basis,0.102294921875,0.0002970777360131459,-0.8526625346485451
Learned,Learned Basis,0.1025390625,0.00029688635857251603,-0.8554611606954774
Learned,Learned Basis,0.102783203125,0.00029671775570952675,-0.8579282357455541
Learned,Learned Basis,0.10302734375,0.0002965725472486917,-0.8600541169275354
Learned,Learned Basis,0.103271484375,0.0002964511464063533,-0.8618322488041074
Learned,Learned Basis,0.103515625,0.0002963539769941447,-0.8632559929063116
Learned,Learned Basis,0.103759765625,0.0002962812350249464,-0.8643221271941014
Learned,Learned Basis,0.10400390625,0.0002962330370469575,-0.8650286794886969
Learned,Learned Basis,0.104248046875,0.0002962093830601779,-0.8653754742349945
Learned,Learned Basis,0.1044921875,0.00029621016181405395,-0.8653640563635195
Learned,Learned Basis,0.104736328125,0.00029623517199805984,-0.8649973800039741
Learned,Learned Basis,0.10498046875,0.0002962840321817257,-0.8642811261492709
Learned,Learned Basis,0.105224609375,0.0002963563450416454,-0.8632212902893944
Learned,Learned Basis,0.10546875,0.00029645153843211404,-0.8618265057157721
Learned,Learned Basis,0.105712890625,0.00029656897663568176,-0.8601064045339439
Learned,Learned Basis,0.10595703125,0.00029670793917257207,-0.8580719190362497
Learned,Learned Basis,0.106201171875,0.0002968675678242277,-0.8557360462307932
Learned,Learned Basis,0.1064453125,0.0002970469619909281,-0.8531124397978185
Learned,Learned Basis,0.106689453125,0.000297245162798853,-0.8502156314171793
Learned,Learned Basis,0.10693359375,0.00029746104184952895,-0.8470626431398653
Learned,Learned Basis,0.107177734375,0.00029769349723270957,-0.8436701093118165
Learned,Learned Basis,0.107421875,0.0002979413422758218,-0.8400558902076518
Learned,Learned Basis,0.107666015625,0.00029820327905573894,-0.8362394436148081
Learned,Learned Basis,0.10791015625,0.00029847800964933414,-0.8322401900267246
Learned,Learned Basis,0.108154296875,0.00029876419904996274,-0.828078043240214
Learned,Learned Basis,0.1083984375,0.0002990604062980718,-0.823774400240924
Learned,Learned Basis,0.108642578125,0.0002993652010293992,-0.8193504357663378
Learned,Learned Basis,0.10888671875,0.00029967712109381026,-0.8148277110769963
Learned,Learned Basis,0.109130859375,0.00029999467785294325,-0.8102280897069015
Learned,Learned Basis,0.109375,0.0003003163296919823,-0.8055741143374328
Learned,Learned Basis,0.109619140625,0.00030064057737727486,-0.8008876220947811
Learned,Learned Basis,0.10986328125,0.0003009658686987143,-0.7961911218959841
Learned,Learned Basis,0.110107421875,0.0003012906885297117,-0.7915064913278329
Learned,Learned Basis,0.1103515625,0.0003016134846601605,-0.7868560477627413
Learned,Learned Basis,0.110595703125,0.00030193273136818095,-0.7822616325246798
Learned,Learned Basis,0.11083984375,0.000302246934717766,-0.7777445393194096
Learned,Learned Basis,0.111083984375,0.00030255457958232686,-0.7733262805872759
Learned,Learned Basis,0.111328125,0.0003028542197046651,-0.7690272990571936
Learned,Learned Basis,0.111572265625,0.0003031444035299369,-0.7648680406412935
Learned,Learned Basis,0.11181640625,0.0003034237483726889,-0.7608678987956785
Learned,Learned Basis,0.112060546875,0.0003036908874404039,-0.7570459836695023
Learned,Learned Basis,0.1123046875,0.0003039445228099551,-0.7534203737741328
Learned,Learned Basis,0.112548828125,0.0003041833618558612,-0.7500090358746948
Learned,Learned Basis,0.11279296875,0.00030440619141732216,-0.7468287757880276
Learned,Learned Basis,0.113037109375,0.0003046118672029281,-0.7438954026020822
Learned,Learned Basis,0.11328125,0.0003047992978977236,-0.7412239674949762
Learned,Learned Basis,0.113525390625,0.00030496745046085255,-0.7388286997197969
Learned,Learned Basis,0.11376953125,0.00030511539250672196,-0.7367224147730044
Learned,Learned Basis,0.114013671875,0.00030524224992383814,-0.7349171297006006
Learned,Learned Basis,0.1142578125,0.00030534715919599854,-0.7334247514258527
Learned,Learned Basis,0.114501953125,0.0003054294740104624,-0.7322541477068035
Learned,Learned Basis,0.11474609375,0.00030548853745919827,-0.7314143973813426
Learned,Learned Basis,0.114990234375,0.0003055238197776646,-0.7309128390722761
Learned,Learned Basis,0.115234375,0.0003055348229871923,-0.7307564340123629
Learned,Learned Basis,0.115478515625,0.00030552125041963816,-0.7309493620087126
Learned,Learned Basis,0.11572265625,0.00030548280010921346,-0.731495962564061
Learned,Learned Basis,0.115966796875,0.0003054193131265558,-0.7323986291531197
Learned,Learned Basis,0.1162109375,0.00030533071000698385,-0.7336587141215013
Learned,Learned Basis,0.116455078125,0.0003052170755128244,-0.7352753225347198
Learned,Learned Basis,0.11669921875,0.000305078520894631,-0.7372472688345668
Learned,Learned Basis,0.116943359375,0.0003049152739511567,-0.7395717924290718
Learned,Learned Basis,0.1171875,0.0003047277055175804,-0.7422441741670769
Learned,Learned Basis,0.117431640625,0.00030451625000082626,-0.7452588603843159
Learned,Learned Basis,0.11767578125,0.00030428147424895374,-0.7486084727273337
Learned,Learned Basis,0.117919921875,0.00030402404046763967,-0.752284325556211
Learned,Learned Basis,0.1181640625,0.00030374469032724225,-0.7562766412805916
Learned,Learned Basis,0.118408203125,0.0003034443032369005,-0.7605737042312066
Learned,Learned Basis,0.11865234375,0.0003031238168798528,-0.7651629816668936
Learned,Learned Basis,0.118896484375,0.000302784248404019,-0.7700308069747903
Learned,Learned Basis,0.119140625,0.00030242679507726293,-0.7751609190925866
Learned,Learned Basis,0.119384765625,0.0003020526594650939,-0.7805369513588956
Learned,Learned Basis,0.11962890625,0.0003016631553835749,-0.7861408958835565
Learned,Learned Basis,0.119873046875,0.00030125969200638645,-0.7919533126886709
Learned,Learned Basis,0.1201171875,0.0003008437155907269,-0.7979541520257704
Learned,Learned Basis,0.120361328125,0.0003004167465608304,-0.8041222051897308
Learned,Learned Basis,0.12060546875,0.0002999803848056126,-0.81043501135991
Learned,Learned Basis,0.120849609375,0.00029953630967866996,-0.8168688409505797
Learned,Learned Basis,0.12109375,0.00029908616874772673,-0.8234002949563954
Learned,Learned Basis,0.121337890625,0.00029863175261693334,-0.8300037595358933
Learned,Learned Basis,0.12158203125,0.0002981748095092768,-0.8366540855064959
Learned,Learned Basis,0.121826171875,0.00029771711943361667,-0.8433255070752228
Learned,Learned Basis,0.1220703125,0.00029726053126820297,-0.8499910939063668
Learned,Learned Basis,0.122314453125,0.00029680683561718606,-0.8566246027301507
Learned,Learned Basis,0.12255859375,0.00029635787606117046,-0.8631988540694503
Learned,Learned Basis,0.122802734375,0.0002959154379066612,-0.8696873613277424
Learned,Learned Basis,0.123046875,0.00029548133294839027,-0.8760630952206254
Learned,Learned Basis,0.123291015625,0.00029505733589757185,-0.8822994221834267
Learned,Learned Basis,0.12353515625,0.0002946450890242847,-0.8883715210539612
Learned,Learned Basis,0.123779296875,0.0002942463458491613,-0.8942528083970159
Learned,Learned Basis,0.1240234375,0.00029386268507053544,-0.8999191652783647
Learned,Learned Basis,0.124267578125,0.00029349566419615923,-0.9053466921511724
Learned,Learned Basis,0.12451171875,0.0002931467241855857,-0.9105131356943063
Learned,Learned Basis,0.124755859375,0.00029281729010543144,-0.9153964191296857
Learned,Learned Basis,0.125,0.0002925086227953054,-0.9199768594964397
Learned,Learned Basis,0.125244140625,0.0002922219142254261,-0.9242357771314269
Learned,Learned Basis,0.12548828125,0.0002919582292225219,-0.9281563811020883
Learned,Learned Basis,0.125732421875,0.000291718563743931,-0.9317229234748102
Learned,Learned Basis,0.1259765625,0.0002915037018411748,-0.9349228473620161
Learned,Learned Basis,0.126220703125,0.00029131438518461146,-0.9377442828665034
Learned,Learned Basis,0.12646484375,0.00029115115413407336,-0.9401784301797569
Learned,Learned Basis,0.126708984375,0.00029101444309648455,-0.9422181539495547
Learned,Learned Basis,0.126953125,0.00029090455933527913,-0.9438583104493448
Learned,Learned Basis,0.127197265625,0.00029082160880336544,-0.9450968642740931
Learned,Learned Basis,0.12744140625,0.00029076556501251633,-0.9459338672302052
Learned,Learned Basis,0.127685546875,0.0002907363114145327,-0.946370828027955
Learned,Learned Basis,0.1279296875,0.00029073347717423545,-0.9464131653925316
Learned,Learned Basis,0.128173828125,0.0002907566172894098,-0.9460675146434715
Learned,Learned Basis,0.12841796875,0.00029080513312612367,-0.9453429085219864
Learned,Learned Basis,0.128662109375,0.000290878219442274,-0.9442515592910483
Learned,Learned Basis,0.12890625,0.0002909750021263672,-0.9428067899067767
Learned,Learned Basis,0.129150390625,0.00029109442164932026,-0.9410247605316104
Learned,Learned Basis,0.12939453125,0.0002912352860409147,-0.9389236611595035
Learned,Learned Basis,0.129638671875,0.0002913963079733146,-0.936523141201246
Learned,Learned Basis,0.1298828125,0.000291576072975194,-0.9338447655738101
Learned,Learned Basis,0.130126953125,0.0002917730288364463,-0.9309121529511131
Learned,Learned Basis,0.13037109375,0.0002919855332869927,-0.9277502459465083
Learned,Learned Basis,0.130615234375,0.0002922118698897186,-0.9243850566457589
Learned,Learned Basis,0.130859375,0.00029245024274282815,-0.9208437284755076
Learned,Learned Basis,0.131103515625,0.0002926987393963265,-0.9171550701964162
Learned,Learned Basis,0.13134765625,0.0002929554579955095,-0.9133476535104429
Learned,Learned Basis,0.131591796875,0.00029321842251863714,-0.9094510606123841
Learned,Learned Basis,0.1318359375,0.0002934856092651609,-0.9054954805792316
Learned,Learned Basis,0.132080078125,0.0002937550104274682,-0.9015107614541317
Learned,Learned Basis,0.13232421875,0.00029402459170971973,-0.8975270345235004
Learned,Learned Basis,0.132568359375,0.00029429234000665747,-0.8935740081984528
Learned,Learned Basis,0.1328125,0.0002945562687012508,-0.8896808926621874
Learned,Learned Basis,0.133056640625,0.00029481445474821376,-0.8858758586416
Learned,Learned Basis,0.13330078125,0.0002950649803999062,-0.8821869043175805
Learned,Learned Basis,0.133544921875,0.00029530602856395053,-0.8786404600733608
Learned,Learned Basis,0.1337890625,0.0002955358775055868,-0.8752614806531795
Learned,Learned Basis,0.134033203125,0.0002957528690618,-0.872073926678558
Learned,Learned Basis,0.13427734375,0.0002959554934036467,-0.8690995344750623
Learned,Learned Basis,0.134521484375,0.00029614236784567357,-0.8663581450194551
Learned,Learned Basis,0.134765625,0.00029631218386946297,-0.8638684970328986
Learned,Learned Basis,0.135009765625,0.00029646383426712306,-0.8616463783808621
Learned,Learned Basis,0.13525390625,0.0002965963495695429,-0.85970557482888
Learned,Learned Basis,0.135498046875,0.00029670895632049184,-0.8580570309623787
Learned,Learned Basis,0.1357421875,0.0002968010029095837,-0.8567099490669717
Learned,Learned Basis,0.135986328125,0.0002968720655251854,-0.8556702488139631
Learned,Learned Basis,0.13623046875,0.00029692188988031685,-0.85494142891434
Learned,Learned Basis,0.136474609375,0.0002969504071055877,-0.8545243401345902
Learned,Learned Basis,0.13671875,0.00029695779202329676,-0.8544163359341022
Learned,Learned Basis,0.136962890625,0.00029694434130158714,-0.8546130543457503
Learned,Learned Basis,0.13720703125,0.00029691060589558213,-0.855106477891606
Learned,Learned Basis,0.137451171875,0.00029685732217799444,-0.855885934763277
Learned,Learned Basis,0.1376953125,0.0002967854384273534,-0.8569377025423591
Learned,Learned Basis,0.137939453125,0.00029669605655390543,-0.8582458496385158
Learned,Learned Basis,0.13818359375,0.0002965905168619406,-0.8597909817341793
Learned,Learned Basis,0.138427734375,0.00029647030798982067,-0.8615515448455775
Learned,Learned Basis,0.138671875,0.00029633711988643306,-0.863503033865777
Learned,Learned Basis,0.138916015625,0.00029619278023944616,-0.8656189072903214
Learned,Learned Basis,0.13916015625,0.0002960392809635361,-0.8678701832466171
Learned,Learned Basis,0.139404296875,0.00029587877820038685,-0.870225423638261
Learned,Learned Basis,0.1396484375,0.0002957135499375272,-0.8726513416654982
Learned,Learned Basis,0.139892578125,0.0002955459801153939,-0.8751130237978084
Learned,Learned Basis,0.14013671875,0.0002953785533296868,-0.8775739989980476
Learned,Learned Basis,0.140380859375,0.0002952138548313687,-0.8799962330079374
Learned,Learned Basis,0.140625,0.00029505454403843794,-0.8823405157135635
Learned,Learned Basis,0.140869140625,0.00029490332804770186,-0.8845668533860546
Learned,Learned Basis,0.14111328125,0.0002947629616347765,-0.8866344757275763
Learned,Learned Basis,0.141357421875,0.00029463616778940523,-0.8885030182986275
Learned,Learned Basis,0.1416015625,0.0002945257171801404,-0.890131368397718
Learned,Learned Basis,0.141845703125,0.0002944343380943708,-0.8914790126963129
Learned,Learned Basis,0.14208984375,0.0002943647164383221,-0.892506062619408
Learned,Learned Basis,0.142333984375,0.0002943194586535387,-0.8931738300595728
Learned,Learned Basis,0.142578125,0.00029430116058627406,-0.8934438426750111
Learned,Learned Basis,0.142822265625,0.00029431222736754674,-0.8932805354129578
Learned,Learned Basis,0.14306640625,0.00029435500055663037,-0.8926494094000279
Learned,Learned Basis,0.143310546875,0.00029443171046224475,-0.8915177707852061
Learned,Learned Basis,0.1435546875,0.00029454433840377537,-0.8898567968218251
Learned,Learned Basis,0.143798828125,0.0002946947915335716,-0.8876389887314993
Learned,Learned Basis,0.14404296875,0.0002948847492052302,-0.8848404665389633
Learned,Learned Basis,0.144287109375,0.00029511569475946744,-0.8814405238448901
Learned,Learned Basis,0.14453125,0.000295388899631183,-0.8774218802032205
Learned,Learned Basis,0.144775390625,0.00029570541275416917,-0.872770848615859
Learned,Learned Basis,0.14501953125,0.0002960660340728836,-0.867477728476283
Learned,Learned Basis,0.145263671875,0.00029647137281654915,-0.8615359464018404
Learned,Learned Basis,0.1455078125,0.00029692168327214564,-0.8549444508814954
Learned,Learned Basis,0.145751953125,0.0002974170449043544,-0.8477050480618218
Learned,Learned Basis,0.14599609375,0.00029795724050971333,-0.8398241556322662
Learned,Learned Basis,0.146240234375,0.0002985417880024897,-0.8313122949366571
Learned,Learned Basis,0.146484375,0.0002991699616052615,-0.8221837332183066
Learned,Learned Basis,0.146728515625,0.00029984070178894575,-0.8124577333283899
Learned,Learned Basis,0.14697265625,0.00030055276360686984,-0.8021563332927735
Learned,Learned Basis,0.147216796875,0.0003013045895512816,-0.7913061201274173
Learned,Learned Basis,0.1474609375,0.00030209441020861234,-0.7799366962731903
Learned,Learned Basis,0.147705078125,0.00030292014360421384,-0.768082049880381
Learned,Learned Basis,0.14794921875,0.00030377951704820287,-0.7557787169981041
Learned,Learned Basis,0.148193359375,0.0003046700459448796,-0.7430660096355367
Learned,Learned Basis,0.1484375,0.00030558895432804647,-0.7299870663796466
Learned,Learned Basis,0.148681640625,0.00030653336557624284,-0.7165860546588849
Learned,Learned Basis,0.14892578125,0.00030750016997160997,-0.7029099885597954
Learned,Learned Basis,0.149169921875,0.00030848606708105405,-0.6890080532823679
Learned,Learned Basis,0.1494140625,0.0003094876028397643,-0.6749310187603187
Learned,Learned Basis,0.149658203125,0.0003105012702064757,-0.6607297788589417
Learned,Learned Basis,0.14990234375,0.0003115233608293975,-0.6464573949406134
Learned,Learned Basis,0.150146484375,0.00031255009748734863,-0.6321672032559127
Learned,Learned Basis,0.150390625,0.000313577692363857,-0.6179119923415028
Learned,Learned Basis,0.150634765625,0.0003146022304989607,-0.6037456162154655
Learned,Learned Basis,0.15087890625,0.0003156198234209249,-0.5897208650299484
Learned,Learned Basis,0.151123046875,0.0003166265667650785,-0.5758900719918726
Learned,Learned Basis,0.1513671875,0.00031761856146439563,-0.5623048458351395
Learned,Learned Basis,0.151611328125,0.00031859198791653196,-0.5490150924035275
Learned,Learned Basis,0.15185546875,0.0003195430689003063,-0.5360695717172227
Learned,Learned Basis,0.152099609375,0.0003204681066592187,-0.5235154448726558
Learned,Learned Basis,0.15234375,0.0003213635199849684,-0.5113978332580867
Learned,Learned Basis,0.152587890625,0.00032222592897978046,-0.49975874587505953
Learned,Learned Basis,0.15283203125,0.0003230520067223339,-0.4886391590628093
Learned,Learned Basis,0.153076171875,0.0003238386593877063,-0.4780766606980253
Learned,Learned Basis,0.1533203125,0.00032458292559211035,-0.4681068862464494
Learned,Learned Basis,0.153564453125,0.00032528214061990215,-0.45876139712260156
Learned,Learned Basis,0.15380859375,0.0003259337933871549,-0.4500696781206876
Learned,Learned Basis,0.154052734375,0.0003265356429898578,-0.44205765423269994
Learned,Learned Basis,0.154296875,0.0003270857028109801,-0.43474797859374364
Learned,Learned Basis,0.154541015625,0.00032758223522282563,-0.4281601707793834
Learned,Learned Basis,0.15478515625,0.00032802377807525975,-0.42231032653025913
Learned,Learned Basis,0.155029296875,0.00032840916058864556,-0.41721096273065483
Learned,Learned Basis,0.1552734375,0.00032873748216326256,-0.41287134503397166
Learned,Learned Basis,0.155517578125,0.0003290081812486967,-0.4092966160091379
Learned,Learned Basis,0.15576171875,0.00032922095587915927,-0.40648887487750995
Learned,Learned Basis,0.156005859375,0.000329375790161714,-0.4044468460892995
Learned,Learned Basis,0.15625,0.0003294729542762771,-0.4031658892853014
Learned,Learned Basis,0.156494140625,0.0003295130892379439,-0.4026368828647138
Learned,Learned Basis,0.15673828125,0.0003294970161817537,-0.4028487290732833
Learned,Learned Basis,0.156982421875,0.00032942591648263414,-0.4037859618081522
Learned,Learned Basis,0.1572265625,0.00032930120990955653,-0.4054303263719225
Learned,Learned Basis,0.157470703125,0.00032912460230434467,-0.40776011687594826
Learned,Learned Basis,0.15771484375,0.0003288979743311209,-0.4107516033568772
Learned,Learned Basis,0.157958984375,0.0003286235721915415,-0.4143764683545467
Learned,Learned Basis,0.158203125,0.0003283037533378161,-0.41860511188807675
Learned,Learned Basis,0.158447265625,0.00032794108183032593,-0.4234053401577974
Learned,Learned Basis,0.15869140625,0.0003275384078023044,-0.42874125480167663
Learned,Learned Basis,0.158935546875,0.000327098697935184,-0.434575436701039
Learned,Learned Basis,0.1591796875,0.0003266250089703695,-0.4408692436224826
Learned,Learned Basis,0.159423828125,0.00032612060955508214,-0.44758113628384244
Learned,Learned Basis,0.15966796875,0.0003255888372059336,-0.4546685231328831
Learned,Learned Basis,0.159912109375,0.0003250331247971531,-0.4620873594292919
Learned,Learned Basis,0.16015625,0.00032445699526294176,-0.46979217080264224
Learned,Learned Basis,0.160400390625,0.0003238639397516284,-0.4777376432980016
Learned,Learned Basis,0.16064453125,0.00032325755536444993,-0.4858767476958725
Learned,Learned Basis,0.160888671875,0.0003226413968214801,-0.494162698167125
Learned,Learned Basis,0.1611328125,0.00032201897646162936,-0.5025489375857402
Learned,Learned Basis,0.161376953125,0.0003213938013261626,-0.5109886268917345
Learned,Learned Basis,0.16162109375,0.0003207692566105003,-0.5194362137119611
Learned,Learned Basis,0.161865234375,0.000320148653343027,-0.527846796551529
Learned,Learned Basis,0.162109375,0.0003195352495756732,-0.5361758463143214
Learned,Learned Basis,0.162353515625,0.0003189321179427798,-0.5443810211209892
Learned,Learned Basis,0.16259765625,0.00031834215095874355,-0.5524221265405053
Learned,Learned Basis,0.162841796875,0.0003177681298874075,-0.5602602093054503
Learned,Learned Basis,0.1630859375,0.00031721267176560694,-0.5678583117403471
Learned,Learned Basis,0.163330078125,0.0003166781340455516,-0.5751828173203986
Learned,Learned Basis,0.16357421875,0.00031616669405950724,-0.5822024089250293
Learned,Learned Basis,0.163818359375,0.00031568029074569584,-0.5888889112579005
Learned,Learned Basis,0.1640625,0.0003152206935176862,-0.5952163883203637
Learned,Learned Basis,0.164306640625,0.0003147893433350313,-0.6011633740002499
Learned,Learned Basis,0.16455078125,0.00031438747454911285,-0.6067112395587564
Learned,Learned Basis,0.164794921875,0.0003140160990102052,-0.611844449261078
Learned,Learned Basis,0.1650390625,0.000313675900114567,-0.6165520612044497
Learned,Learned Basis,0.165283203125,0.0003133673811385126,-0.6208257087717207
Learned,Learned Basis,0.16552734375,0.00031309072220198623,-0.6246616063895527
Learned,Learned Basis,0.165771484375,0.00031284588092382446,-0.6280591779947274
Learned,Learned Basis,0.166015625,0.00031263256593352956,-0.6310214391965165
Learned,Learned Basis,0.166259765625,0.000312450210383042,-0.6335553759667646
Learned,Learned Basis,0.16650390625,0.00031229800903025866,-0.6356714351056542
Learned,Learned Basis,0.166748046875,0.0003121749765131323,-0.6373827131020113
Learned,Learned Basis,0.1669921875,0.0003120798202061816,-0.6387067192470741
Learned,Learned Basis,0.167236328125,0.0003120111256380806,-0.6396627873388204
Learned,Learned Basis,0.16748046875,0.00031196719756229645,-0.640274273995836
Learned,Learned Basis,0.167724609375,0.0003119462082911608,-0.6405664787970572
Learned,Learned Basis,0.16796875,0.00031194615001706123,-0.6405672900946966
Learned,Learned Basis,0.168212890625,0.0003119648348124412,-0.6403071663357387
Learned,Learned Basis,0.16845703125,0.00031199994760625424,-0.6398183793707378
Learned,Learned Basis,0.168701171875,0.00031204909386277254,-0.6391343322321994
Learned,Learned Basis,0.1689453125,0.0003121097201169059,-0.6382906479928145
Learned,Learned Basis,0.169189453125,0.0003121792411176917,-0.6373233847856365
Learned,Learned Basis,0.16943359375,0.0003122549656612589,-0.6362700551883772
Learned,Learned Basis,0.169677734375,0.00031233421313902726,-0.6351679950293987
Learned,Learned Basis,0.169921875,0.0003124142075847992,-0.6340558306631001
Learned,Learned Basis,0.170166015625,0.0003124922154135404,-0.6329715604909045
Learned,Learned Basis,0.17041015625,0.0003125655454213798,-0.6319525564914609
Learned,Learned Basis,0.170654296875,0.0003126315117020919,-0.6310360841093594
Learned,Learned Basis,0.1708984375,0.00031268746013532353,-0.6302589416594163
Learned,Learned Basis,0.171142578125,0.0003127308319583391,-0.6296565882049666
Learned,Learned Basis,0.17138671875,0.0003127591955518929,-0.6292627161483699
Learned,Learned Basis,0.171630859375,0.0003127701828684844,-0.629110149981801
Learned,Learned Basis,0.171875,0.0003127615900876207,-0.6292294659774027
Learned,Learned Basis,0.172119140625,0.00031273130874642644,-0.6296499669749385
Learned,Learned Basis,0.17236328125,0.00031267743699019764,-0.6303981562728328
Learned,Learned Basis,0.172607421875,0.0003125982318935926,-0.6314984177507688
Learned,Learned Basis,0.1728515625,0.00031249207237711417,-0.6329735483786586
Learned,Learned Basis,0.173095703125,0.0003123576499223448,-0.6348421234669528
Learned,Learned Basis,0.17333984375,0.00031219375666612976,-0.6371214534845726
Learned,Learned Basis,0.173583984375,0.0003119994231393581,-0.6398256797972963
Learned,Learned Basis,0.173828125,0.0003117739182669624,-0.6429657795575551
Learned,Learned Basis,0.174072265625,0.0003115167334749829,-0.6465497878212096
Learned,Learned Basis,0.17431640625,0.0003112275879882125,-0.6505827205696112
Learned,Learned Basis,0.174560546875,0.00031090639704432456,-0.6550670107809478
Learned,Learned Basis,0.1748046875,0.0003105533407632633,-0.6600015351542489
Learned,Learned Basis,0.175048828125,0.00031016883236137095,-0.665382038889307
Learned,Learned Basis,0.17529296875,0.00030975352344903375,-0.6712010384529301
Learned,Learned Basis,0.175537109375,0.0003093082086730639,-0.6774491320835432
Learned,Learned Basis,0.17578125,0.0003088340111342895,-0.6841123693846423
Learned,Learned Basis,0.176025390625,0.000308332223458192,-0.6911744429272673
Learned,Learned Basis,0.17626953125,0.00030780431309255124,-0.6986165795719889
Learned,Learned Basis,0.176513671875,0.0003072520070697728,-0.706416305048301
Learned,Learned Basis,0.1767578125,0.0003066771489704612,-0.7145494184838224
Learned,Learned Basis,0.177001953125,0.0003060818313645554,-0.7229880784094012
Learned,Learned Basis,0.17724609375,0.0003054682262866758,-0.731703158572778
Learned,Learned Basis,0.177490234375,0.0003048387229749047,-0.740662254055
Learned,Learned Basis,0.177734375,0.00030419581662023275,-0.7498312179732257
Learned,Learned Basis,0.177978515625,0.00030354214015243134,-0.7591736718788458
Learned,Learned Basis,0.17822265625,0.0003028803635847899,-0.768652410675582
Learned,Learned Basis,0.178466796875,0.00030221334764583265,-0.778227174173826
Learned,Learned Basis,0.1787109375,0.00030154395306408385,-0.7878573514602207
Learned,Learned Basis,0.178955078125,0.0003008751094374583,-0.7975009777574428
Learned,Learned Basis,0.17919921875,0.0003002097834473885,-0.8071151779337588
Learned,Learned Basis,0.179443359375,0.0002995509258823709,-0.8166569273514181
Learned,Learned Basis,0.1796875,0.00029890156169793764,-0.8260817488227169
Learned,Learned Basis,0.179931640625,0.0002982646098967126,-0.8353463311307143
Learned,Learned Basis,0.18017578125,0.000297643021267192,-0.8444065477013442
Learned,Learned Basis,0.180419921875,0.0002970396565379003,-0.8532192497423272
Learned,Learned Basis,0.1806640625,0.0002964572969726805,-0.8617421452798136
Learned,Learned Basis,0.180908203125,0.0002958986549659853,-0.8699336798461885
Learned,Learned Basis,0.18115234375,0.00029536637934052235,-0.8777529966000659
Learned,Learned Basis,0.181396484375,0.0002948628593343739,-0.8851628637810772
Learned,Learned Basis,0.181640625,0.0002943905371620766,-0.8921251302104338
Learned,Learned Basis,0.181884765625,0.00029395155837002354,-0.8986059210254047
Learned,Learned Basis,0.18212890625,0.0002935479678493451,-0.904572808004164
Learned,Learned Basis,0.182373046875,0.0002931816409665183,-0.9099958772362797
Learned,Learned Basis,0.1826171875,0.000292854246479849,-0.914848332070664
Learned,Learned Basis,0.182861328125,0.0002925672836229897,-0.919105995611154
Learned,Learned Basis,0.18310546875,0.00029232201853319475,-0.9227483012902697
Learned,Learned Basis,0.183349609375,0.0002921195372277743,-0.9257575505910488
Learned,Learned Basis,0.18359375,0.00029196064494883134,-0.9281204467744828
Learned,Learned Basis,0.183837890625,0.00029184603039027,-0.9298256849319446
Learned,Learned Basis,0.18408203125,0.000291776085577851,-0.9308666546068647
Learned,Learned Basis,0.184326171875,0.0002917509535480005,-0.9312407487330323
Learned,Learned Basis,0.1845703125,0.0002917706025148461,-0.9309482680940331
Learned,Learned Basis,0.184814453125,0.0002918347570008261,-0.9299934468639532
Learned,Learned Basis,0.18505859375,0.00029194288194375366,-0.9283846813520915
Learned,Learned Basis,0.185302734375,0.0002920942409709159,-0.9261336466429819
Learned,Learned Basis,0.185546875,0.0002922878858037836,-0.9232554311196639
Learned,Learned Basis,0.185791015625,0.0002925226456627199,-0.9197686636522833
Learned,Learned Basis,0.18603515625,0.00029279711667168975,-0.9156956334542355
Learned,Learned Basis,0.186279296875,0.00029310971483471394,-0.9110614608235148
Learned,Learned Basis,0.1865234375,0.00029345868663116005,-0.9058938949253564
Learned,Learned Basis,0.186767578125,0.0002938420507416426,-0.9002241270945132
Learned,Learned Basis,0.18701171875,0.0002942576510244777,-0.8940859522572602
Learned,Learned Basis,0.187255859375,0.00029470322538507286,-0.8875147000483585
Learned,Learned Basis,0.1875,0.0002951762998230192,-0.880548746724077
Learned,Learned Basis,0.187744140625,0.0002956743473614535,-0.8732271215408688
Learned,Learned Basis,0.18798828125,0.0002961946238200507,-0.8655918757606839
Learned,Learned Basis,0.188232421875,0.00029673434263732226,-0.8576854659841779
Learned,Learned Basis,0.1884765625,0.00029729063778709844,-0.8495512631325891
Learned,Learned Basis,0.188720703125,0.00029786053729030133,-0.8412339046027235
Learned,Learned Basis,0.18896484375,0.000298440995000817,-0.8327787976936258
Learned,Learned Basis,0.189208984375,0.000299029007153695,-0.8242304014623192
Learned,Learned Basis,0.189453125,0.0002996214481381402,-0.8156346029585928
Learned,Learned Basis,0.189697265625,0.00030021526651039345,-0.807035858657949
Learned,Learned Basis,0.18994140625,0.0003008073684455321,-0.7984788868772168
Learned,Learned Basis,0.190185546875,0.000301394728988024,-0.7900070624027183
Learned,Learned Basis,0.1904296875,0.00030197431788469154,-0.7816635009183998
Learned,Learned Basis,0.190673828125,0.000302543242621138,-0.7734890172392949
Learned,Learned Basis,0.19091796875,0.0003030986106829665,-0.765524133340803
Learned,Learned Basis,0.191162109375,0.0003036376672945612,-0.75780712738799
Learned,Learned Basis,0.19140625,0.00030415777422850503,-0.7503743758036656
Learned,Learned Basis,0.191650390625,0.0003046563833173534,-0.7432607690767484
Learned,Learned Basis,0.19189453125,0.0003051311000253785,-0.7364988431912938
Learned,Learned Basis,0.192138671875,0.000305579688746215,-0.7301187482356104
Learned,Learned Basis,0.1923828125,0.0003060000622075693,-0.7241484425454148
Learned,Learned Basis,0.192626953125,0.00030639030266180103,-0.7186134338793351
Learned,Learned Basis,0.19287109375,0.0003067486936717956,-0.713536371201497
Learned,Learned Basis,0.193115234375,0.000307073704218028,-0.7089373112628208
Learned,Learned Basis,0.193359375,0.00030736403107972605,-0.7048331569726797
Learned,Learned Basis,0.193603515625,0.0003076184928819621,-0.7012391893860532
Learned,Learned Basis,0.19384765625,0.000307836220810888,-0.6981664030402935
Learned,Learned Basis,0.194091796875,0.0003080164996843727,-0.6956237781694785
Learned,Learned Basis,0.1943359375,0.0003081588686072651,-0.693616880721488
Learned,Learned Basis,0.194580078125,0.00030826306269729443,-0.6921487006818241
Learned,Learned Basis,0.19482421875,0.0003083290925497515,-0.6912185428642594
Learned,Learned Basis,0.195068359375,0.0003083570959034171,-0.6908241217726951
Learned,Learned Basis,0.1953125,0.0003083475124628607,-0.6909590983982998
Learned,Learned Basis,0.195556640625,0.0003083009832431776,-0.6916144923069761
Learned,Learned Basis,0.19580078125,0.00030821829229588923,-0.6927794914805911
Learned,Learned Basis,0.196044921875,0.0003081005362335966,-0.6944390483955942
Learned,Learned Basis,0.1962890625,0.0003079489388123906,-0.6965764716869477
Learned,Learned Basis,0.196533203125,0.00030776491450359723,-0.6991725069651655
Learned,Learned Basis,0.19677734375,0.00030755010027964973,-0.7022048605935828
Learned,Learned Basis,0.197021484375,0.0003073062178753082,-0.7056501138947544
Learned,Learned Basis,0.197265625,0.0003070352539076033,-0.709481148230049
Learned,Learned Basis,0.197509765625,0.00030673925326766546,-0.7136700304018591
Learned,Learned Basis,0.19775390625,0.0003064204356689236,-0.7181863330500421
Learned,Learned Basis,0.197998046875,0.00030608110028948807,-0.7229984515258115
Learned,Learned Basis,0.1982421875,0.0003057236999391862,-0.7280725214763839
Learned,Learned Basis,0.198486328125,0.0003053507245113631,-0.7333740423328496
Learned,Learned Basis,0.19873046875,0.0003049647433640453,-0.7388672507986638
Learned,Learned Basis,0.198974609375,0.0003045683947246497,-0.7445152472898693
Learned,Learned Basis,0.19921875,0.0003041643115229476,-0.7502810334454112
Learned,Learned Basis,0.199462890625,0.0003037552008557464,-0.7561263642320539
Learned,Learned Basis,0.19970703125,0.0003033437221410444,-0.7620134760621328
Learned,Learned Basis,0.199951171875,0.0003029325400944858,-0.767904325906693
Learned,Learned Basis,0.2001953125,0.00030252426115761477,-0.7737615007165197
Learned,Learned Basis,0.200439453125,0.00030212148117668484,-0.7795475382841612
Learned,Learned Basis,0.20068359375,0.00030172670064033215,-0.7852261521507181
Learned,Learned Basis,0.200927734375,0.00030134230878663896,-0.7907624765495982
Learned,Learned Basis,0.201171875,0.0003009706683654606,-0.7961218631401328
Learned,Learned Basis,0.201416015625,0.0003006139302208356,-0.801272574319216
Learned,Learned Basis,0.20166015625,0.00030027418692270307,-0.8061835935640875
Learned,Learned Basis,0.201904296875,0.00029995337211163967,-0.8108261033365306
Learned,Learned Basis,0.2021484375,0.0002996532393082778,-0.8151738216152061
Learned,Learned Basis,0.202392578125,0.00029937542018740543,-0.8192021871332913
Learned,Learned Basis,0.20263671875,0.00029912131862505766,-0.8228899236185503
Learned,Learned Basis,0.202880859375,0.0002988921742702616,-0.826218147309151
Learned,Learned Basis,0.203125,0.00029868904135445506,-0.8291707002180768
Learned,Learned Basis,0.203369140625,0.00029851274631032264,-0.8317347905694139
Learned,Learned Basis,0.20361328125,0.000298363946045896,-0.8339001669666696
Learned,Learned Basis,0.203857421875,0.0002982430590751629,-0.8356601377545158
Learned,Learned Basis,0.2041015625,0.00029815031849452156,-0.8370108141456523
Learned,Learned Basis,0.204345703125,0.00029808572430397207,-0.8379518139717189
Learned,Learned Basis,0.20458984375,0.0002980490751929886,-0.838485804159853
Learned,Learned Basis,0.204833984375,0.0002980399367546471,-0.8386189645860876
Learned,Learned Basis,0.205078125,0.00029805771565266106,-0.8383599037670125
Learned,Learned Basis,0.205322265625,0.0002981016013472819,-0.8377205003559018
Learned,Learned Basis,0.20556640625,0.00029817054490471743,-0.8367162003268412
Learned,Learned Basis,0.205810546875,0.0002982634179264941,-0.8353636870993983
Learned,Learned Basis,0.2060546875,0.00029837880594128606,-0.833683873746537
Learned,Learned Basis,0.206298828125,0.00029851518852485915,-0.8316992598937138
Learned,Learned Basis,0.20654296875,0.00029867091281184365,-0.8294342976008131
Learned,Learned Basis,0.206787109375,0.00029884412462634433,-0.8269163714355479
Learned,Learned Basis,0.20703125,0.00029903292741130234,-0.8241734660130571
Learned,Learned Basis,0.207275390625,0.00029923523389442414,-0.8212363017678403
Learned,Learned Basis,0.20751953125,0.0002994489356128344,-0.8181358529586804
Learned,Learned Basis,0.207763671875,0.00029967179696016783,-0.8149048695331885
Learned,Learned Basis,0.2080078125,0.0002999015876277045,-0.8115759417870415
Learned,Learned Basis,0.208251953125,0.00030013598724675254,-0.8081828720676244
Learned,Learned Basis,0.20849609375,0.0003003726648533292,-0.8047595147691371
Learned,Learned Basis,0.208740234375,0.0003006092947810972,-0.8013395426536353
Learned,Learned Basis,0.208984375,0.0003008435884472369,-0.797955987454762
Learned,Learned Basis,0.209228515625,0.0003010732678642199,-0.7946416257718227
Learned,Learned Basis,0.20947265625,0.0003012961345091987,-0.7914279911433154
Learned,Learned Basis,0.209716796875,0.0003015100322404893,-0.788345918881488
Learned,Learned Basis,0.2099609375,0.0003017129585481247,-0.7854239553519378
Learned,Learned Basis,0.210205078125,0.0003019029109221379,-0.7826905855134696
Learned,Learned Basis,0.21044921875,0.0003020781676277689,-0.7801702078059097
Learned,Learned Basis,0.210693359375,0.00030223700693025765,-0.7778871926815825
Learned,Learned Basis,0.2109375,0.0003023779507865333,-0.7758623952674195
Learned,Learned Basis,0.211181640625,0.0003024996535946604,-0.774114773654977
Learned,Learned Basis,0.21142578125,0.00030260098695616543,-0.7726601885100763
Learned,Learned Basis,0.211669921875,0.00030268094961606487,-0.7715127119357277
Learned,Learned Basis,0.2119140625,0.0003027388263922277,-0.7706823603155621
Learned,Learned Basis,0.212158203125,0.0003027740610318853,-0.7701769306241313
Learned,Learned Basis,0.21240234375,0.000302786314485731,-0.7700011725129557
Learned,Learned Basis,0.212646484375,0.00030277551788437446,-0.7701560338051415
Learned,Learned Basis,0.212890625,0.00030274176658543324,-0.7706401819303348
Learned,Learned Basis,0.213134765625,0.00030268542082879544,-0.7714485582889068
Learned,Learned Basis,0.21337890625,0.0003026070474625206,-0.7725732086843637
Learned,Learned Basis,0.213623046875,0.0003025074464310664,-0.7740028944439874
Learned,Learned Basis,0.2138671875,0.00030238762958470717,-0.7757233844250317
Learned,Learned Basis,0.214111328125,0.0003022488312748247,-0.7777172880362229
Learned,Learned Basis,0.21435546875,0.0003020924871633266,-0.7799643422866895
Learned,Learned Basis,0.214599609375,0.0003019202236273553,-0.7824415452924322
Learned,Learned Basis,0.21484375,0.00030173384186635207,-0.7851233651468901
Learned,Learned Basis,0.215087890625,0.00030153532319970226,-0.7879816436595468
Learned,Learned Basis,0.21533203125,0.00030132680787615365,-0.7909858813899528
Learned,Learned Basis,0.215576171875,0.0003011105844785257,-0.7941033715614515
Learned,Learned Basis,0.2158203125,0.0003008890263519645,-0.7973001004097657
Learned,Learned Basis,0.216064453125,0.0003006646551756877,-0.8005398168728556
Learned,Learned Basis,0.21630859375,0.0003004400509030126,-0.8037853213511224
Learned,Learned Basis,0.216552734375,0.0003002178411660653,-0.8069986135847907
Learned,Learned Basis,0.216796875,0.00030000074365694383,-0.8101402775299611
Learned,Learned Basis,0.217041015625,0.00029979147606774625,-0.8131707857602688
Learned,Learned Basis,0.21728515625,0.00029959273489998895,-0.8160508147656297
Learned,Learned Basis,0.217529296875,0.00029940718486931594,-0.8187414113535816
Learned,Learned Basis,0.2177734375,0.0002992375224772436,-0.8212030865920688
Learned,Learned Basis,0.218017578125,0.0002990862588076988,-0.8233989872214647
Learned,Learned Basis,0.21826171875,0.000298955899646963,-0.8252923074253794
Learned,Learned Basis,0.218505859375,0.00029884881834018234,-0.8268481606914355
Learned,Learned Basis,0.21875,0.00029876721870784954,-0.8280341486191609
Learned,Learned Basis,0.218994140625,0.0002987131827246128,-0.8288196983828567
Learned,Learned Basis,0.21923828125,0.0002986886175428218,-0.8291768624523334
Learned,Learned Basis,0.219482421875,0.0002986951972184277,-0.829081194751339
Learned,Learned Basis,0.2197265625,0.00029873444217566467,-0.828510621506518
Learned,Learned Basis,0.219970703125,0.0002988076344447233,-0.8274466964718524
Learned,Learned Basis,0.22021484375,0.0002989157540900054,-0.8258755427661703
Learned,Learned Basis,0.220458984375,0.00029905962754419576,-0.8237857092923515
Learned,Learned Basis,0.220703125,0.0002992397262977364,-0.8211711018480841
Learned,Learned Basis,0.220947265625,0.00029945633642347965,-0.818028519416129
Learned,Learned Basis,0.22119140625,0.00029970936256380813,-0.8143604902469039
Learned,Learned Basis,0.221435546875,0.0002999985610270327,-0.8101718743707921
Learned,Learned Basis,0.2216796875,0.0003003232590121856,-0.8054739089702089
Learned,Learned Basis,0.221923828125,0.0003006826406818728,-0.8002800333452144
Learned,Learned Basis,0.22216796875,0.0003010755087682306,-0.7946093011276789
Learned,Learned Basis,0.222412109375,0.00030150042231170585,-0.7884843423204511
Learned,Learned Basis,0.22265625,0.0003019556807681203,-0.781931545125712
Learned,Learned Basis,0.222900390625,0.00030243931871102485,-0.7749810794582286
Learned,Learned Basis,0.22314453125,0.0003029491641057992,-0.7676660049165636
Learned,Learned Basis,0.223388671875,0.0003034826899755802,-0.7600243416556236
Learned,Learned Basis,0.2236328125,0.0003040372898788235,-0.7520950635236059
Learned,Learned Basis,0.223876953125,0.00030461008189642315,-0.7439208563390908
Learned,Learned Basis,0.22412109375,0.00030519801988226534,-0.7355464742564287
Learned,Learned Basis,0.224365234375,0.00030579788286793746,-0.7270188469153569
Learned,Learned Basis,0.224609375,0.000306406359825055,-0.7183858367716899
Learned,Learned Basis,0.224853515625,0.00030701994900999836,-0.7096976379705712
Learned,Learned Basis,0.22509765625,0.00030763510100033923,-0.7010047230053782
Learned,Learned Basis,0.225341796875,0.00030824824518306765,-0.6923574613187565
Learned,Learned Basis,0.2255859375,0.0003088557155875563,-0.6838071635868905
Learned,Learned Basis,0.225830078125,0.0003094538780290501,-0.6754042944952181
Learned,Learned Basis,0.22607421875,0.00031003904534634004,-0.6671996805962048
Learned,Learned Basis,0.226318359375,0.00031060768930757946,-0.6592415623995661
Learned,Learned Basis,0.2265625,0.00031115627638327633,-0.651577933923551
Learned,Learned Basis,0.226806640625,0.00031168144256859187,-0.6442541375805961
Learned,Learned Basis,0.22705078125,0.00031217987153749614,-0.637314614581541
Learned,Learned Basis,0.227294921875,0.0003126484800603573,-0.6308003732450901
Learned,Learned Basis,0.2275390625,0.00031308435972984236,-0.6247498624260246
Learned,Learned Basis,0.227783203125,0.00031348475577033536,-0.6191993234565765
Learned,Learned Basis,0.22802734375,0.00031384722596729974,-0.6141806466316514
Learned,Learned Basis,0.228271484375,0.00031416951352378864,-0.6097231947564106
Learned,Learned Basis,0.228515625,0.0003144496900968708,-0.60585187975348
Learned,Learned Basis,0.228759765625,0.0003146860922258859,-0.6025880963903916
Learned,Learned Basis,0.22900390625,0.0003148773637136075,-0.5999491835553125
Learned,Learned Basis,0.229248046875,0.0003150224980074067,-0.5979478805585118
Learned,Learned Basis,0.2294921875,0.0003151207746275071,-0.5965932364320332
Learned,Learned Basis,0.229736328125,0.0003151718439293112,-0.5958894643946111
Learned,Learned Basis,0.22998046875,0.0003151757218057552,-0.5958360291016804
Learned,Learned Basis,0.230224609375,0.00031513275790143663,-0.5964280879806642
Learned,Learned Basis,0.23046875,0.0003150436462079049,-0.5976563382540632
Learned,Learned Basis,0.230712890625,0.0003149094197660159,-0.5995070730807908
Learned,Learned Basis,0.23095703125,0.00031473151953532265,-0.601961204816921
Learned,Learned Basis,0.231201171875,0.0003145116513576489,-0.6049962012892838
Learned,Learned Basis,0.2314453125,0.0003142519289935154,-0.6085840680013581
Learned,Learned Basis,0.231689453125,0.00031395466221632325,-0.6126942232410573
Learned,Learned Basis,0.23193359375,0.00031362260050404303,-0.6172900743440011
Learned,Learned Basis,0.232177734375,0.00031325868404988023,-0.6223323982916116
Learned,Learned Basis,0.232421875,0.0003128661444175382,-0.6277778880993559
Learned,Learned Basis,0.232666015625,0.0003124484462671187,-0.6335798966087215
Learned,Learned Basis,0.23291015625,0.0003120092979504123,-0.6396882273609407
Learned,Learned Basis,0.233154296875,0.00031155253496269994,-0.6460506976120096
Learned,Learned Basis,0.2333984375,0.00031108220470507875,-0.6526119079459294
Learned,Learned Basis,0.233642578125,0.0003106024605315545,-0.6593146722344707
Learned,Learned Basis,0.23388671875,0.0003101175882372682,-0.6660996119213571
Learned,Learned Basis,0.234130859375,0.0003096319054032333,-0.6729065369812912
Learned,Learned Basis,0.234375,0.0003091497666939813,-0.6796743593896338
Learned,Learned Basis,0.234619140625,0.0003086755373693344,-0.686341461495822
Learned,Learned Basis,0.23486328125,0.00030821354030795164,-0.6928464498052671
Learned,Learned Basis,0.235107421875,0.00030776809838849184,-0.6991275786311267
Learned,Learned Basis,0.2353515625,0.00030734331728615196,-0.7051258453967189
Learned,Learned Basis,0.235595703125,0.0003069432708902564,-0.7107824223153141
Learned,Learned Basis,0.23583984375,0.0003065718052913767,-0.7160414774155767
Learned,Learned Basis,0.236083984375,0.0003062326023530766,-0.7208493403342063
Learned,Learned Basis,0.236328125,0.0003059291373307484,-0.7251551695587402
Learned,Learned Basis,0.236572265625,0.00030566458351399616,-0.7289123785042244
Learned,Learned Basis,0.23681640625,0.0003054419128818977,-0.7320772812389308
Learned,Learned Basis,0.237060546875,0.0003052637053877704,-0.7346118750338699
Learned,Learned Basis,0.2373046875,0.0003051322443167882,-0.7364825564701747
Learned,Learned Basis,0.237548828125,0.0003050495003930457,-0.7376604097909013
Learned,Learned Basis,0.23779296875,0.0003050170841007491,-0.7381219402939404
Learned,Learned Basis,0.238037109375,0.00030503618211247144,-0.7378500243296002
Learned,Learned Basis,0.23828125,0.0003051076526467701,-0.736832583620106
Learned,Learned Basis,0.238525390625,0.0003052319089199874,-0.7350642625757632
Learned,Learned Basis,0.23876953125,0.0003054089986109321,-0.732545300063202
Learned,Learned Basis,0.239013671875,0.0003056385667773613,-0.7292820453433068
Learned,Learned Basis,0.2392578125,0.00030591982407010825,-0.7252873818516435
Learned,Learned Basis,0.239501953125,0.00030625164209069935,-0.7205793300257246
Learned,Learned Basis,0.23974609375,0.00030663244743844636,-0.7151824960953488
Learned,Learned Basis,0.239990234375,0.00030706032766335424,-0.7091265000581336
Learned,Learned Basis,0.240234375,0.00030753299948024895,-0.7024463493556934
Learned,Learned Basis,0.240478515625,0.00030804781406642293,-0.6951822767535778
Learned,Learned Basis,0.24072265625,0.000308601799442798,-0.6873790493949488
Learned,Learned Basis,0.240966796875,0.0003091917081527347,-0.6790852045336697
Learned,Learned Basis,0.2412109375,0.00030981398547615926,-0.6703534044356395
Learned,Learned Basis,0.241455078125,0.000310464822406018,-0.661239599888553
Learned,Learned Basis,0.24169921875,0.00031114020332708613,-0.6518022784229937
Learned,Learned Basis,0.241943359375,0.00031183590071832214,-0.6421024629172624
Learned,Learned Basis,0.2421875,0.00031254754402225844,-0.6322026842983857
Learned,Learned Basis,0.242431640625,0.00031327060904971023,-0.6221670760415419
Learned,Learned Basis,0.24267578125,0.0003140005345279749,-0.6120597164494526
Learned,Learned Basis,0.242919921875,0.0003147326532314415,-0.6019455610999352
Learned,Learned Basis,0.2431640625,0.0003154623297203717,-0.5918885272325417
Learned,Learned Basis,0.243408203125,0.00031618488617386357,-0.5819525246793575
Learned,Learned Basis,0.24365234375,0.00031689574542627836,-0.5721995053933321
Learned,Learned Basis,0.243896484375,0.0003175904150743038,-0.5626897214386613
Learned,Learned Basis,0.244140625,0.0003182645563463447,-0.5534808308164869
Learned,Learned Basis,0.244384765625,0.00031891393112606887,-0.5446286806982373
Learned,Learned Basis,0.24462890625,0.0003195345820723509,-0.5361849186565029
Learned,Learned Basis,0.244873046875,0.00032012272666636423,-0.5281985165554662
Learned,Learned Basis,0.2451171875,0.0003206748260809715,-0.5207149115532987
Learned,Learned Basis,0.245361328125,0.0003211877229195051,-0.513774225747045
Learned,Learned Basis,0.24560546875,0.0003216584822864049,-0.5074135058660004
Learned,Learned Basis,0.245849609375,0.0003220845507165807,-0.501664653119749
Learned,Learned Basis,0.24609375,0.0003224637137942489,-0.4965550760582911
Learned,Learned Basis,0.246337890625,0.0003227941756176137,-0.4921066915822658
Learned,Learned Basis,0.24658203125,0.00032307450052476754,-0.48833677449358526
Learned,Learned Basis,0.246826171875,0.00032330364487956353,-0.4852575821129772
Learned,Learned Basis,0.2470703125,0.000323480999452779,-0.48287582753382163
Learned,Learned Basis,0.247314453125,0.00032360637352917893,-0.48119292434303246
Learned,Learned Basis,0.24755859375,0.00032368001609809786,-0.48020471998820036
Learned,Learned Basis,0.247802734375,0.0003237025151981769,-0.47990285101448865
Learned,Learned Basis,0.248046875,0.00032367495154908077,-0.48027267360874615
Learned,Learned Basis,0.248291015625,0.00032359876081271705,-0.4812950916645323
Learned,Learned Basis,0.24853515625,0.0003234757918673357,-0.48294574335053375
Learned,Learned Basis,0.248779296875,0.00032330825383107494,-0.48519567040944095
Learned,Learned Basis,0.2490234375,0.0003230987001690249,-0.4880114817714912
Learned,Learned Basis,0.249267578125,0.0003228500445861641,-0.4913550830631357
Learned,Learned Basis,0.24951171875,0.0003225654921579688,-0.4951845402220948
Learned,Learned Basis,0.249755859375,0.00032224848635395903,-0.49945472936477187
Learned,Learned Basis,0.25,0.00032190282028825214,-0.5041157733704119
Learned,Learned Basis,0.250244140625,0.0003215323612420014,-0.509116691627721
Learned,Learned Basis,0.25048828125,0.0003211413102480211,-0.5144018407577367
Learned,Learned Basis,0.250732421875,0.0003207339372085161,-0.5199144349133255
Learned,Learned Basis,0.2509765625,0.0003203145702997907,-0.5255966495414086
Learned,Learned Basis,0.251220703125,0.0003198877337110297,-0.5313877190667491
Learned,Learned Basis,0.25146484375,0.00031945787216673644,-0.5372276442365849
Learned,Learned Basis,0.251708984375,0.0003190294992608049,-0.5430551680211543
Learned,Learned Basis,0.251953125,0.00031860705971773867,-0.5488096432547275
Learned,Learned Basis,0.252197265625,0.0003181948711185511,-0.5544318391201087
Learned,Learned Basis,0.25244140625,0.000317797203365447,-0.5598628795446692
Learned,Learned Basis,0.252685546875,0.00031741811445481463,-0.5650465152966753
Learned,Learned Basis,0.2529296875,0.00031706146107251626,-0.5699290243063572
Learned,Learned Basis,0.253173828125,0.00031673092508211566,-0.5744588979006674
Learned,Learned Basis,0.25341796875,0.0003164298651908061,-0.5785889281040645
Learned,Learned Basis,0.253662109375,0.00031616133813999227,-0.582275979798768
Learned,Learned Basis,0.25390625,0.00031592816227703517,-0.5854801777840888
Learned,Learned Basis,0.254150390625,0.0003157327162447263,-0.588167731784554
Learned,Learned Basis,0.25439453125,0.0003155770555294867,-0.590309393265816
Learned,Learned Basis,0.254638671875,0.00031546287008020403,-0.5918810881480507
Learned,Learned Basis,0.2548828125,0.00031539135186709665,-0.5928657836406263
Learned,Learned Basis,0.255126953125,0.0003153633961922398,-0.5932507508683327
Learned,Learned Basis,0.25537109375,0.00031537937389081253,-0.5930307237303531
Learned,Learned Basis,0.255615234375,0.0003154393008557511,-0.5922055753538003
Learned,Learned Basis,0.255859375,0.0003155427161919044,-0.5907819940464331
Learned,Learned Basis,0.256103515625,0.00031568869810897005,-0.5887732492110778
Learned,Learned Basis,0.25634765625,0.0003158759910649847,-0.5861974149038316
Learned,Learned Basis,0.256591796875,0.0003161028468369613,-0.5830795189149075
Learned,Learned Basis,0.2568359375,0.00031636715166437904,-0.579449745643708
Learned,Learned Basis,0.257080078125,0.00031666641035624736,-0.5753435997450034
Learned,Learned Basis,0.25732421875,0.00031699776218404197,-0.5708016265758655
Learned,Learned Basis,0.257568359375,0.00031735798088170484,-0.5658693465043627
Learned,Learned Basis,0.2578125,0.00031774357000326187,-0.5605958828160331
Learned,Learned Basis,0.258056640625,0.00031815072583930485,-0.5550344063823363
Learned,Learned Basis,0.25830078125,0.00031857539039344563,-0.5492413504618232
Learned,Learned Basis,0.258544921875,0.00031901333084699725,-0.5432752740255783
Learned,Learned Basis,0.2587890625,0.00031946007598722924,-0.5371976839863869
Learned,Learned Basis,0.259033203125,0.0003199110751367297,-0.5310708365641372
Learned,Learned Basis,0.25927734375,0.0003203615974981429,-0.524959083987797
Learned,Learned Basis,0.259521484375,0.00032080697054821225,-0.5189256288628142
Learned,Learned Basis,0.259765625,0.00032124238932254616,-0.5130351160200528
Learned,Learned Basis,0.260009765625,0.0003216631495120158,-0.5073504907199686
Learned,Learned Basis,0.26025390625,0.0003220645732957194,-0.5019340343335734
Learned,Learned Basis,0.260498046875,0.00032244214178211755,-0.49684561787163234
Learned,Learned Basis,0.2607421875,0.0003227914049490615,-0.4921439689347855
Learned,Learned Basis,0.260986328125,0.00032310817235902756,-0.4878841627959467
Learned,Learned Basis,0.26123046875,0.0003233884548850181,-0.48411847688488907
Learned,Learned Basis,0.261474609375,0.00032362854947288767,-0.48089532328211315
Learned,Learned Basis,0.26171875,0.00032382503384369794,-0.4782593943802888
Learned,Learned Basis,0.261962890625,0.0003239748035772356,-0.47625123796427604
Learned,Learned Basis,0.26220703125,0.00032407514098140255,-0.47490640392263145
Learned,Learned Basis,0.262451171875,0.0003241237362827977,-0.474255225032259
Learned,Learned Basis,0.2626953125,0.00032411862405497184,-0.4743237244846518
Learned,Learned Basis,0.262939453125,0.00032405834214779047,-0.4751315316449814
Learned,Learned Basis,0.26318359375,0.00032394184692510666,-0.47669305072407586
Learned,Learned Basis,0.263427734375,0.00032376850796711606,-0.479017551303162
Learned,Learned Basis,0.263671875,0.0003235382828926553,-0.4821068278274285
Learned,Learned Basis,0.263916015625,0.0003232514736675131,-0.48595845567833695
Learned,Learned Basis,0.26416015625,0.0003229089120220196,-0.490563276697462
Learned,Learned Basis,0.264404296875,0.000322511901176947,-0.49590613634781744
Learned,Learned Basis,0.2646484375,0.00032206222114115494,-0.5019657525529284
Learned,Learned Basis,0.264892578125,0.0003215620704374907,-0.5087154273953973
Learned,Learned Basis,0.26513671875,0.0003210140819957258,-0.5161227491018677
Learned,Learned Basis,0.265380859375,0.00032042132315255565,-0.5241494955490699
Learned,Learned Basis,0.265625,0.0003197872373775003,-0.5327523184472165
Learned,Learned Basis,0.265869140625,0.00031911564427290415,-0.5418826352829669
Learned,Learned Basis,0.26611328125,0.0003184106918951275,-0.5514871656398967
Learned,Learned Basis,0.266357421875,0.0003176768355639646,-0.5615081103300484
Learned,Learned Basis,0.2666015625,0.00031691874780267185,-0.5718842773494972
Learned,Learned Basis,0.266845703125,0.00031614143488616677,-0.5825493891108868
Learned,Learned Basis,0.26708984375,0.0003153499507681756,-0.5934359149688537
Learned,Learned Basis,0.267333984375,0.0003145495613082412,-0.6044727519956408
Learned,Learned Basis,0.267578125,0.0003137456754023327,-0.615586107091386
Learned,Learned Basis,0.267822265625,0.00031294368075583743,-0.6267017271735256
Learned,Learned Basis,0.26806640625,0.0003121489968600154,-0.637744154292103
Learned,Learned Basis,0.268310546875,0.0003113670485037719,-0.6486370907869615
Learned,Learned Basis,0.2685546875,0.000310603053867841,-0.6593063760210865
Learned,Learned Basis,0.268798828125,0.00030986225762118404,-0.6696767825225091
Learned,Learned Basis,0.26904296875,0.0003091496289552005,-0.6796762943484208
Learned,Learned Basis,0.269287109375,0.00030846996223899136,-0.6892347872377538
Learned,Learned Basis,0.26953125,0.000307827739280578,-0.6982860618818285
Learned,Learned Basis,0.269775390625,0.0003072271823033564,-0.7067672122640865
Learned,Learned Basis,0.27001953125,0.00030667221686257946,-0.7146192640679726
Learned,Learned Basis,0.270263671875,0.0003061663341065758,-0.7217892483640735
Learned,Learned Basis,0.2705078125,0.0003057126119673318,-0.7282300340381536
Learned,Learned Basis,0.270751953125,0.0003053137787322364,-0.7338995468591053
Learned,Learned Basis,0.27099609375,0.0003049720011382644,-0.738763895448365
Learned,Learned Basis,0.271240234375,0.0003046890591942753,-0.7427949921278426
Learned,Learned Basis,0.271484375,0.0003044662190375236,-0.7459724497712105
Learned,Learned Basis,0.271728515625,0.00030430418525484936,-0.7482843354628586
Learned,Learned Basis,0.27197265625,0.0003042032386214597,-0.7497252567903495
Learned,Learned Basis,0.272216796875,0.00030416304538569334,-0.7502991117519886
Learned,Learned Basis,0.2724609375,0.00030418285857954677,-0.7500162213534047
Learned,Learned Basis,0.272705078125,0.00030426135379166616,-0.7488956572334653
Learned,Learned Basis,0.27294921875,0.0003043967033343832,-0.7469641438061526
Learned,Learned Basis,0.273193359375,0.00030458659743429683,-0.7442556963887172
Learned,Learned Basis,0.2734375,0.0003048282919110819,-0.7408108647998317
Learned,Learned Basis,0.273681640625,0.0003051185552010349,-0.7366773979169862
Learned,Learned Basis,0.27392578125,0.0003054537478217556,-0.7319090086711195
Learned,Learned Basis,0.274169921875,0.0003058298329674375,-0.7265651149616701
Learned,Learned Basis,0.2744140625,0.0003062424453782583,-0.7207097502713016
Learned,Learned Basis,0.274658203125,0.0003066868754474438,-0.7144116811821842
Learned,Learned Basis,0.27490234375,0.0003071580904118493,-0.707744000891186
Learned,Learned Basis,0.275146484375,0.0003076509462577766,-0.7007810381712571
Learned,Learned Basis,0.275390625,0.00030815997581515694,-0.693601276646354
Learned,Learned Basis,0.275634765625,0.00030867961125865883,-0.6862841438349121
Learned,Learned Basis,0.27587890625,0.0003092042000006241,-0.6789097460438454
Learned,Learned Basis,0.276123046875,0.00030972804177458585,-0.6715583227122162
Learned,Learned Basis,0.2763671875,0.00031024542042114083,-0.6643097949246491
Learned,Learned Basis,0.276611328125,0.0003107506833526309,-0.6572426668011602
Learned,Learned Basis,0.27685546875,0.000311238257446079,-0.6504338389334288
Learned,Learned Basis,0.277099609375,0.00031170277088903416,-0.6439569606011344
Learned,Learned Basis,0.27734375,0.00031213897371488953,-0.6378836090573726
Learned,Learned Basis,0.277587890625,0.0003125419497086998,-0.6322804197117299
Learned,Learned Basis,0.27783203125,0.00031290697866839985,-0.6272110983414463
Learned,Learned Basis,0.278076171875,0.00031322975890591233,-0.6227334282088806
Learned,Learned Basis,0.2783203125,0.00031350630129423963,-0.618900847041655
Learned,Learned Basis,0.278564453125,0.0003137330299227262,-0.615761152458448
Learned,Learned Basis,0.27880859375,0.0003139068615617405,-0.6133555015570733
Learned,Learned Basis,0.279052734375,0.0003140251050074113,-0.6117198951755854
Learned,Learned Basis,0.279296875,0.00031408565179686347,-0.6108826181077235
Learned,Learned Basis,0.279541015625,0.0003140868013859186,-0.6108667224669464
Learned,Learned Basis,0.27978515625,0.0003140275101384299,-0.611686632512412
Learned,Learned Basis,0.280029296875,0.0003139072059086925,-0.6133507374720084
Learned,Learned Basis,0.2802734375,0.00031372585691083384,-0.6158604481907738
Learned,Learned Basis,0.280517578125,0.0003134840405882043,-0.6192092314346095
Learned,Learned Basis,0.28076171875,0.000313182869446341,-0.6233836013588971
Learned,Learned Basis,0.281005859375,0.0003128239592670957,-0.6283635063782872
Learned,Learned Basis,0.28125,0.00031240954035918826,-0.6341207113701902
Learned,Learned Basis,0.281494140625,0.00031194228803355345,-0.6406210573397475
Learned,Learned Basis,0.28173828125,0.00031142543915154,-0.6478227349076798
Learned,Learned Basis,0.281982421875,0.00031086262789790285,-0.6556784500144068
Learned,Learned Basis,0.2822265625,0.00031025798643606606,-0.6641338941678775
Learned,Learned Basis,0.282470703125,0.0003096160230622781,-0.6731293108565356
Learned,Learned Basis,0.28271484375,0.00030894162750325717,-0.6825992894651768
Learned,Learned Basis,0.282958984375,0.00030824002853502844,-0.6924732281566838
Learned,Learned Basis,0.283203125,0.0003075166933276605,-0.7026766290282044
Learned,Learned Basis,0.283447265625,0.0003067773751240744,-0.7131303184809936
Learned,Learned Basis,0.28369140625,0.00030602801258478073,-0.7237517713762822
Learned,Learned Basis,0.283935546875,0.00030527460264438976,-0.7344568440274314
Learned,Learned Basis,0.2841796875,0.0003045233117621649,-0.7451581482409813
Learned,Learned Basis,0.284423828125,0.0003037803328855968,-0.7557670534993272
Learned,Learned Basis,0.28466796875,0.0003030517265210406,-0.766195964456088
Learned,Learned Basis,0.284912109375,0.00030234361674659634,-0.7763555506269322
Learned,Learned Basis,0.28515625,0.0003016618786510298,-0.7861592766192437
Learned,Learned Basis,0.285400390625,0.000301012265477262,-0.7955216668511151
Learned,Learned Basis,0.28564453125,0.0003004002443953616,-0.8043607736560766
Learned,Learned Basis,0.285888671875,0.0002998310388837081,-0.8125976947819518
Learned,Learned Basis,0.2861328125,0.00029930947509727504,-0.8201589371396352
Learned,Learned Basis,0.286376953125,0.00029884004543937446,-0.8269756525234675
Learned,Learned Basis,0.28662109375,0.0002984267973111038,-0.8329854088855444
Learned,Learned Basis,0.286865234375,0.000298073338408991,-0.8381322733887084
Learned,Learned Basis,0.287109375,0.0002977827307720859,-0.8423685079306237
Learned,Learned Basis,0.287353515625,0.0002975575331631243,-0.8456540939895295
Learned,Learned Basis,0.28759765625,0.0002973997269014916,-0.8479579364617302
Learned,Learned Basis,0.287841796875,0.0002973107635420314,-0.8492572677166575
Learned,Learned Basis,0.2880859375,0.00029729146421978326,-0.8495391902782784
Learned,Learned Basis,0.288330078125,0.0002973420567335,-0.8488001788094802
Learned,Learned Basis,0.28857421875,0.00029746213846212996,-0.8470466325752356
Learned,Learned Basis,0.288818359375,0.0002976507081506897,-0.8442943889158133
Learned,Learned Basis,0.2890625,0.000297906155314973,-0.8405688235676527
Learned,Learned Basis,0.289306640625,0.00029822628143213244,-0.8359044566924579
Learned,Learned Basis,0.28955078125,0.0002986082840477433,-0.8303450718886136
Learned,Learned Basis,0.289794921875,0.0002990487938593214,-0.8239430389467008
Learned,Learned Basis,0.2900390625,0.00029954393828806805,-0.816758235969774
Learned,Learned Basis,0.290283203125,0.0003000893308835795,-0.8088580385592892
Learned,Learned Basis,0.29052734375,0.00030068007132384635,-0.8003171443263463
Learned,Learned Basis,0.290771484375,0.0003013108301775809,-0.7912161699045462
Learned,Learned Basis,0.291015625,0.000301975917773607,-0.7816404916409254
Learned,Learned Basis,0.291259765625,0.0003026693000937965,-0.7716798655213097
Learned,Learned Basis,0.29150390625,0.00030338462526129643,-0.7614279092422853
Learned,Learned Basis,0.291748046875,0.0003041153030052101,-0.7509808474242913
Learned,Learned Basis,0.2919921875,0.00030485455763705125,-0.7404366682854571
Learned,Learned Basis,0.292236328125,0.00030559550221777987,-0.7298940105975836
Learned,Learned Basis,0.29248046875,0.0003063311332601569,-0.7194522145455535
Learned,Learned Basis,0.292724609375,0.0003070544949557519,-0.709208996445878
Learned,Learned Basis,0.29296875,0.00030775863679378,-0.6992610941435745
Learned,Learned Basis,0.293212890625,0.0003084367512998825,-0.6897023888148222
Learned,Learned Basis,0.29345703125,0.0003090821687384813,-0.6806240812495388
Learned,Learned Basis,0.293701171875,0.0003096884577680423,-0.6721133972266852
Learned,Learned Basis,0.2939453125,0.00031024946252459275,-0.6642532122428989
Learned,Learned Basis,0.294189453125,0.0003107593714911121,-0.6571212460591707
Learned,Learned Basis,0.29443359375,0.0003112128181527945,-0.6507888273055679
Learned,Learned Basis,0.294677734375,0.00031160479623472246,-0.645322252932839
Learned,Learned Basis,0.294921875,0.0003119307815477113,-0.6407812566992508
Learned,Learned Basis,0.295166015625,0.0003121868909176715,-0.6372169643458149
Learned,Learned Basis,0.29541015625,0.0003123696914703739,-0.6346747039379279
Learned,Learned Basis,0.295654296875,0.00031247640194197553,-0.6331913380365632
Learned,Learned Basis,0.2958984375,0.0003125048661907923,-0.6327957464618554
Learned,Learned Basis,0.296142578125,0.0003124535478996537,-0.6335089859417887
Learned,Learned Basis,0.29638671875,0.00031232162063587495,-0.6353430947991419
Learned,Learned Basis,0.296630859375,0.00031210893606538445,-0.6383015579278485
Learned,Learned Basis,0.296875,0.0003118160504409508,-0.6423789269261857
Learned,Learned Basis,0.297119140625,0.00031144411864927456,-0.6475622501017785
Learned,Learned Basis,0.29736328125,0.0003109950478427052,-0.6538288546991332
Learned,Learned Basis,0.297607421875,0.0003104714497604326,-0.6611468939674785
Learned,Learned Basis,0.2978515625,0.00030987651358499674,-0.6694769794213697
Learned,Learned Basis,0.298095703125,0.0003092141224904871,-0.6787703813957464
Learned,Learned Basis,0.29833984375,0.0003084887212014072,-0.6889706880659746
Learned,Learned Basis,0.298583984375,0.00030770535307619233,-0.7000130739494553
Learned,Learned Basis,0.298828125,0.0003068695912378196,-0.7118250419347406
Learned,Learned Basis,0.299072265625,0.00030598749619264407,-0.7243267909731693
Learned,Learned Basis,0.29931640625,0.0003050655416633634,-0.7374320385919282
Learned,Learned Basis,0.299560546875,0.00030411066226782626,-0.7510471203804908
Learned,Learned Basis,0.2998046875,0.0003031300839943792,-0.7650731917866984
Learned,Learned Basis,0.300048828125,0.0003021313030112849,-0.7794063533800623
Learned,Learned Basis,0.30029296875,0.00030112204328555913,-0.7939381033101146
Learned,Learned Basis,0.300537109375,0.0003001102300947431,-0.8085555920838755
Learned,Learned Basis,0.30078125,0.0002991038099069599,-0.8231441402769475
Learned,Learned Basis,0.301025390625,0.0002981108033573684,-0.8375864413470064
Learned,Learned Basis,0.30126953125,0.0002971391781046733,-0.8517644127416093
Learned,Learned Basis,0.301513671875,0.0002961967905570256,-0.86556010616075
Learned,Learned Basis,0.3017578125,0.00029529134349085917,-0.8788564327990454
Learned,Learned Basis,0.302001953125,0.00029443028539562807,-0.8915387909417907
Learned,Learned Basis,0.30224609375,0.0002936207945808701,-0.9034954942973641
Learned,Learned Basis,0.302490234375,0.0002928696573303623,-0.9146197995727627
Learned,Learned Basis,0.302734375,0.00029218326260447566,-0.9248102479398794
Learned,Learned Basis,0.302978515625,0.0002915675543613661,-0.9339716498200147
Learned,Learned Basis,0.30322265625,0.00029102793090171207,-0.9420168737800673
Learned,Learned Basis,0.303466796875,0.0002905692236781322,-0.9488674594732177
Learned,Learned Basis,0.3037109375,0.00029019564431873176,-0.9544546940205701
Learned,Learned Basis,0.303955078125,0.00028991080581768406,-0.9587195595172673
Learned,Learned Basis,0.30419921875,0.00028971759539174046,-0.9616148705395094
Learned,Learned Basis,0.304443359375,0.0002896182486472662,-0.9631043604023269
Learned,Learned Basis,0.3046875,0.00028961423832968676,-0.9631644971810683
Learned,Learned Basis,0.304931640625,0.00028970628491877865,-0.9617844208864167
Learned,Learned Basis,0.30517578125,0.00028989441490276895,-0.9589651069407291
Learned,Learned Basis,0.305419921875,0.00029017786542071786,-0.9547207736115436
Learned,Learned Basis,0.3056640625,0.00029055516902484524,-0.9490775301033758
Learned,Learned Basis,0.305908203125,0.0002910240742158497,-0.9420744266232421
Learned,Learned Basis,0.30615234375,0.00029158163550288015,-0.9337619140554482
Learned,Learned Basis,0.306396484375,0.00029222423459411806,-0.924201292403589
Learned,Learned Basis,0.306640625,0.0002929475380156135,-0.91346506555951
Learned,Learned Basis,0.306884765625,0.0002937466242547757,-0.9016347464206369
Learned,Learned Basis,0.30712890625,0.0002946159201886277,-0.888801478718958
Learned,Learned Basis,0.307373046875,0.0002955493706084597,-0.8750632019737108
Learned,Learned Basis,0.3076171875,0.00029654037464808423,-0.8605252711516359
Learned,Learned Basis,0.307861328125,0.0002975818758438079,-0.8452988195196652
Learned,Learned Basis,0.30810546875,0.00029866642570617686,-0.8294995446598931
Learned,Learned Basis,0.308349609375,0.0002997862843752392,-0.8132459961351814
Learned,Learned Basis,0.30859375,0.0003009334259181906,-0.7966592972435443
Learned,Learned Basis,0.308837890625,0.0003020995436270199,-0.7798628982726112
Learned,Learned Basis,0.30908203125,0.0003032762831149069,-0.7629791018833507
Learned,Learned Basis,0.309326171875,0.000304455178744478,-0.7461299327687296
Learned,Learned Basis,0.3095703125,0.00030562778077129565,-0.7294353108693865
Learned,Learned Basis,0.309814453125,0.00030678567653444024,-0.7130127997775979
Learned,Learned Basis,0.31005859375,0.000307920591111773,-0.6969762722733831
Learned,Learned Basis,0.310302734375,0.00030902450916578053,-0.6814343373176464
Learned,Learned Basis,0.310546875,0.0003100895848836026,-0.6664917938407899
Learned,Learned Basis,0.310791015625,0.00031110837507343064,-0.652246565012729
Learned,Learned Basis,0.31103515625,0.0003120738126762806,-0.6387903216471403
Learned,Learned Basis,0.311279296875,0.0003129792491471562,-0.6262081470422164
Learned,Learned Basis,0.3115234375,0.00031381856570560264,-0.6145772587675603
Learned,Learned Basis,0.311767578125,0.0003145861415498343,-0.6039677227303715
Learned,Learned Basis,0.31201171875,0.00031527705516726023,-0.594439936587833
Learned,Learned Basis,0.312255859375,0.00031588686713102245,-0.5860478836230921
Learned,Learned Basis,0.3125,0.0003164119379587205,-0.5788349832140119
Learned,Learned Basis,0.312744140625,0.0003168492479924677,-0.5728367831366694
Learned,Learned Basis,0.31298828125,0.0003171965298400263,-0.5680793157608035
Learned,Learned Basis,0.313232421875,0.0003174522206959987,-0.564579895530753
Learned,Learned Basis,0.3134765625,0.0003176155365088635,-0.5623462076417499
Learned,Learned Basis,0.313720703125,0.0003176863660280668,-0.5613778217656649
Learned,Learned Basis,0.31396484375,0.0003176654562216124,-0.5616636795611756
Learned,Learned Basis,0.314208984375,0.00031755417917966275,-0.5631852636899494
Learned,Learned Basis,0.314453125,0.0003173547122344836,-0.5659140771507447
Learned,Learned Basis,0.314697265625,0.00031706987373343587,-0.5698137935326925
Learned,Learned Basis,0.31494140625,0.00031670321839659334,-0.5748388224994826
Learned,Learned Basis,0.315185546875,0.000316258841303862,-0.5809368357376317
Learned,Learned Basis,0.3154296875,0.0003157415527172791,-0.5880461866493668
Learned,Learned Basis,0.315673828125,0.00031515666617519615,-0.5960986129498629
Learned,Learned Basis,0.31591796875,0.0003145099984922793,-0.6050190249968469
Learned,Learned Basis,0.316162109375,0.00031380783267599113,-0.614725796035809
Learned,Learned Basis,0.31640625,0.00031305690733129997,-0.6251306846409719
Learned,Learned Basis,0.316650390625,0.00031226423654073576,-0.6361411146598778
Learned,Learned Basis,0.31689453125,0.0003114371575431988,-0.6476593206053347
Learned,Learned Basis,0.317138671875,0.00031058323537634213,-0.6595834929391375
Learned,Learned Basis,0.3173828125,0.00030971010924485485,-0.671809776346388
Learned,Learned Basis,0.317626953125,0.0003088256514498241,-0.6842299281327342
Learned,Learned Basis,0.31787109375,0.0003079376442323651,-0.6967357599038404
Learned,Learned Basis,0.318115234375,0.0003070538486430112,-0.7092181378314266
Learned,Learned Basis,0.318359375,0.0003061819144817424,-0.7215682476188968
Learned,Learned Basis,0.318603515625,0.0003053293167262396,-0.7336785318306187
Learned,Learned Basis,0.31884765625,0.00030450328136484946,-0.7454438202009822
Learned,Learned Basis,0.319091796875,0.0003037107695036477,-0.7567616686611384
Learned,Learned Basis,0.3193359375,0.00030295832373472233,-0.767534698524821
Learned,Learned Basis,0.319580078125,0.00030225208402910977,-0.77767055020006
Learned,Learned Basis,0.31982421875,0.00030159774005798605,-0.7870827608464993
Learned,Learned Basis,0.320068359375,0.0003010004358350495,-0.7956923459190224
Learned,Learned Basis,0.3203125,0.00030046481739532944,-0.8034273295450033
Learned,Learned Basis,0.320556640625,0.0002999948844611144,-0.8102250986952475
Learned,Learned Basis,0.32080078125,0.00029959400633488865,-0.816032383878461
Learned,Learned Basis,0.321044921875,0.000299264911304041,-0.8208056006110319
Learned,Learned Basis,0.3212890625,0.0002990096707479289,-0.8245112426398976
Learned,Learned Basis,0.321533203125,0.00029882964086377873,-0.8271268614561533
Learned,Learned Basis,0.32177734375,0.0002987255156431398,-0.8286403956869509
Learned,Learned Basis,0.322021484375,0.00029869725270484886,-0.8290513086551741
Learned,Learned Basis,0.322265625,0.0002987441315691294,-0.8283697612213131
Learned,Learned Basis,0.322509765625,0.0002988647536575917,-0.8266165908980051
Learned,Learned Basis,0.32275390625,0.0002990570475908785,-0.8238231755438656
Learned,Learned Basis,0.322998046875,0.00029931831156982785,-0.8200307228684327
Learned,Learned Basis,0.3232421875,0.000299645181589601,-0.8152906055958165
Learned,Learned Basis,0.323486328125,0.00030003376917846317,-0.8096622116365668
Learned,Learned Basis,0.32373046875,0.0003004795978260383,-0.8032136971578572
Learned,Learned Basis,0.323974609375,0.00030097774072209007,-0.7960198116881474
Learned,Learned Basis,0.32421875,0.0003015227095059683,-0.7881633196273248
Learned,Learned Basis,0.324462890625,0.0003021087350418155,-0.7797307656664272
Learned,Learned Basis,0.32470703125,0.0003027296508703683,-0.7708139899102334
Learned,Learned Basis,0.324951171875,0.0003033789779712837,-0.7615087508378342
Learned,Learned Basis,0.3251953125,0.0003040500625019199,-0.7519126200075779
Learned,Learned Basis,0.325439453125,0.0003047360228208825,-0.7421256385180898
Learned,Learned Basis,0.32568359375,0.00030542992431032274,-0.7322477448342247
Learned,Learned Basis,0.325927734375,0.0003061247634830015,-0.7223789643513356
Learned,Learned Basis,0.326171875,0.00030681357923284297,-0.7126178192478471
Learned,Learned Basis,0.326416015625,0.00030748947932316177,-0.7030609793816671
Learned,Learned Basis,0.32666015625,0.00030814576223250754,-0.6938015954210376
Learned,Learned Basis,0.326904296875,0.00030877590655937386,-0.6849295355476436
Learned,Learned Basis,0.3271484375,0.00030937367697510693,-0.6765299998741626
Learned,Learned Basis,0.327392578125,0.0003099331930932957,-0.668682684091864
Learned,Learned Basis,0.32763671875,0.00031044890298154485,-0.6614622948596127
Learned,Learned Basis,0.327880859375,0.00031091576857906437,-0.6549361049995281
Learned,Learned Basis,0.328125,0.0003113291544461158,-0.649165668930825
Learned,Learned Basis,0.328369140625,0.00031168497609808393,-0.644204901936387
Learned,Learned Basis,0.32861328125,0.00031197974768428546,-0.6400995652719838
Learned,Learned Basis,0.328857421875,0.00031221050252328773,-0.6368885071760505
Learned,Learned Basis,0.3291015625,0.0003123749679252076,-0.6346013448404507
Learned,Learned Basis,0.329345703125,0.0003124714327505759,-0.6332604027579565
Learned,Learned Basis,0.32958984375,0.00031249889044676377,-0.6328787934077136
Learned,Learned Basis,0.329833984375,0.0003124569383927195,-0.633461860074589
Learned,Learned Basis,0.330078125,0.00031234590504245895,-0.6350054244914184
Learned,Learned Basis,0.330322265625,0.00031216673867451143,-0.6374973185422386
Learned,Learned Basis,0.33056640625,0.0003119209967966291,-0.6409174898094111
Learned,Learned Basis,0.330810546875,0.0003116109150151772,-0.6452369741909978
Learned,Learned Basis,0.3310546875,0.0003112393487610346,-0.650418611010095
Learned,Learned Basis,0.331298828125,0.00031080967263433094,-0.6564183310994404
Learned,Learned Basis,0.33154296875,0.0003103258863573548,-0.6631835452288275
Learned,Learned Basis,0.331787109375,0.0003097924081663825,-0.6706558837731768
Learned,Learned Basis,0.33203125,0.00030921420195516834,-0.6787692653060978
Learned,Learned Basis,0.332275390625,0.00030859662364322724,-0.6874518888938523
Learned,Learned Basis,0.33251953125,0.0003079454158781894,-0.696626155236474
Learned,Learned Basis,0.332763671875,0.0003072665967852467,-0.7062100872744439
Learned,Learned Basis,0.3330078125,0.00030656644407421634,-0.7161174259322939
Learned,Learned Basis,0.333251953125,0.00030585150563483174,-0.7262573625661861
Learned,Learned Basis,0.33349609375,0.00030512838763092584,-0.7365374489964429
Learned,Learned Basis,0.333740234375,0.0003044038233698215,-0.7468625607106617
Learned,Learned Basis,0.333984375,0.00030368450377767835,-0.7571372744770071
Learned,Learned Basis,0.334228515625,0.00030297709329242897,-0.7672656429418891
Learned,Learned Basis,0.33447265625,0.0003022882192684879,-0.7771513677734367
Learned,Learned Basis,0.334716796875,0.00030162420179683576,-0.7867017340179319
Learned,Learned Basis,0.3349609375,0.0003009912179320268,-0.7958253472452959
Learned,Learned Basis,0.335205078125,0.0003003950950840179,-0.8044352188907616
Learned,Learned Basis,0.33544921875,0.00029984138518520433,-0.8124478349095277
Learned,Learned Basis,0.335693359375,0.00029933517397518497,-0.819786065490601
Learned,Learned Basis,0.3359375,0.0002988811021913435,-0.826379029133991
Learned,Learned Basis,0.336181640625,0.00029848338146178533,-0.8321620292431238
Learned,Learned Basis,0.33642578125,0.00029814563537597437,-0.8370790303570819
Learned,Learned Basis,0.336669921875,0.00029787095775883333,-0.8410819719948166
Learned,Learned Basis,0.3369140625,0.0002976618173131257,-0.8441323010127805
Learned,Learned Basis,0.337158203125,0.0002975201052982648,-0.8462003996864255
Learned,Learned Basis,0.33740234375,0.00029744704017269617,-0.8472670730735223
Learned,Learned Basis,0.337646484375,0.0002974432364632879,-0.8473226103741534
Learned,Learned Basis,0.337890625,0.0002975086517888768,-0.8463675914689063
Learned,Learned Basis,0.338134765625,0.0002976425603720409,-0.844413272682665
Learned,Learned Basis,0.33837890625,0.0002978436219084901,-0.8414805457204143
Learned,Learned Basis,0.338623046875,0.000298109892162357,-0.8375997158598968
Learned,Learned Basis,0.3388671875,0.000298438775287388,-0.8328110993175584
Learned,Learned Basis,0.339111328125,0.00029882714037514265,-0.8271632016584503
Learned,Learned Basis,0.33935546875,0.00029927127377618487,-0.8207132691325908
Learned,Learned Basis,0.339599609375,0.00029976690029066437,-0.8135268186271918
Learned,Learned Basis,0.33984375,0.0003003093791811973,-0.8056746284658112
Learned,Learned Basis,0.340087890625,0.0003008935505411492,-0.7972348000679654
Learned,Learned Basis,0.34033203125,0.00030151391541457877,-0.7882899860753065
Learned,Learned Basis,0.340576171875,0.0003021646463915292,-0.7789270899967117
Learned,Learned Basis,0.3408203125,0.0003028395929056733,-0.7692370531593168
Learned,Learned Basis,0.341064453125,0.00030353249314013,-0.7593116991980559
Learned,Learned Basis,0.34130859375,0.00030423685747926554,-0.7492453250915216
Learned,Learned Basis,0.341552734375,0.0003049461327357011,-0.7391322892990038
Learned,Learned Basis,0.341796875,0.0003056537604244126,-0.7290661578936503
Learned,Learned Basis,0.342041015625,0.0003063531714650848,-0.7191397837970734
Learned,Learned Basis,0.34228515625,0.00030703800338557387,-0.7094422576548103
Learned,Learned Basis,0.342529296875,0.00030770195198783564,-0.7000610770814831
Learned,Learned Basis,0.3427734375,0.0003083390256349053,-0.6910786334399276
Learned,Learned Basis,0.343017578125,0.00030894348167915256,-0.6825732244784057
Learned,Learned Basis,0.34326171875,0.00030950996420106255,-0.6746172399559742
Learned,Learned Basis,0.343505859375,0.0003100334669257177,-0.6672778223375704
Learned,Learned Basis,0.34375,0.0003105094868545149,-0.6606148550878861
Learned,Learned Basis,0.343994140625,0.0003109339818840024,-0.6546817047098059
Learned,Learned Basis,0.34423828125,0.000311303482056433,-0.6495238055439473
Learned,Learned Basis,0.344482421875,0.0003116150683691828,-0.6451790889688104
Learned,Learned Basis,0.3447265625,0.0003118664628347234,-0.641676844568043
Learned,Learned Basis,0.344970703125,0.00031205595961123086,-0.6390387791949949
Learned,Learned Basis,0.34521484375,0.0003121825839319488,-0.6372768807961986
Learned,Learned Basis,0.345458984375,0.0003122459490687619,-0.6363954627346247
Learned,Learned Basis,0.345703125,0.00031224638347568596,-0.6363894206899051
Learned,Learned Basis,0.345947265625,0.00031218487251476824,-0.6372450431698261
Learned,Learned Basis,0.34619140625,0.000312063053158442,-0.6389400580104766
Learned,Learned Basis,0.346435546875,0.0003118832510730447,-0.6414430636426814
Learned,Learned Basis,0.3466796875,0.00031164837466590923,-0.6447149275919055
Learned,Learned Basis,0.346923828125,0.00031136195746652774,-0.6487081011096272
Learned,Learned Basis,0.34716796875,0.0003110281051500971,-0.6533672446728402
Learned,Learned Basis,0.347412109375,0.00031065146375164657,-0.6586295472865629
Learned,Learned Basis,0.34765625,0.00031023715079664746,-0.6644255581209644
Learned,Learned Basis,0.347900390625,0.00030979073940807665,-0.6706792779706049
Learned,Learned Basis,0.34814453125,0.0003093182000323173,-0.6773088473452976
Learned,Learned Basis,0.348388671875,0.00030882580508154113,-0.6842277676454158
Learned,Learned Basis,0.3486328125,0.0003083201395289995,-0.6913446517542716
Learned,Learned Basis,0.348876953125,0.0003078079472773062,-0.698565303582639
Learned,Learned Basis,0.34912109375,0.0003072961629443098,-0.705792215558698
Learned,Learned Basis,0.349365234375,0.0003067917529337317,-0.712926781402232
Learned,Learned Basis,0.349609375,0.00030630174722103785,-0.7198688488807579
Learned,Learned Basis,0.349853515625,0.00030583299036410504,-0.7265202784962975
Learned,Learned Basis,0.35009765625,0.0003053923216231645,-0.7327824548801316
Learned,Learned Basis,0.350341796875,0.00030498628888794957,-0.7385604359348317
Learned,Learned Basis,0.3505859375,0.00030462120165415,-0.7437623205070742
Learned,Learned Basis,0.350830078125,0.0003043030144752126,-0.7483010445368221
Learned,Learned Basis,0.35107421875,0.00030403730047411434,-0.7520949121778195
Learned,Learned Basis,0.351318359375,0.00030382911360458145,-0.7550697240800373
Learned,Learned Basis,0.3515625,0.0003036830628181254,-0.7571578814641734
Learned,Learned Basis,0.351806640625,0.00030360313724174385,-0.7583010405539871
Learned,Learned Basis,0.35205078125,0.0003035927167732118,-0.7584501045488367
Learned,Learned Basis,0.352294921875,0.00030365452440227284,-0.757566026021564
Learned,Learned Basis,0.3525390625,0.00030379062091299346,-0.7556199749235488
Learned,Learned Basis,0.352783203125,0.0003040022936332096,-0.7525949874360081
Learned,Learned Basis,0.35302734375,0.0003042901676850803,-0.7484843949334088
Learned,Learned Basis,0.353271484375,0.00030465397818633483,-0.7432950548921757
Learned,Learned Basis,0.353515625,0.000305092856323125,-0.7370432016585481
Learned,Learned Basis,0.353759765625,0.00030560502738423667,-0.7297586466038898
Learned,Learned Basis,0.35400390625,0.0003061880809410059,-0.7214807822221226
Learned,Learned Basis,0.354248046875,0.00030683879072737467,-0.7122609653188865
Learned,Learned Basis,0.3544921875,0.00030755324178338104,-0.7021604993410226
Learned,Learned Basis,0.354736328125,0.0003083267668834142,-0.6912513009753384
Learned,Learned Basis,0.35498046875,0.0003091541478467398,-0.6796128132657074
Learned,Learned Basis,0.355224609375,0.0003100295148822378,-0.667333182864676
Learned,Learned Basis,0.35546875,0.00031094641016014683,-0.6545081172541191
Learned,Learned Basis,0.355712890625,0.00031189789906261814,-0.6412390965608767
Learned,Learned Basis,0.35595703125,0.00031287657018371564,-0.6276331687885206
Learned,Learned Basis,0.356201171875,0.0003138747207470055,-0.6138001969380414
Learned,Learned Basis,0.3564453125,0.0003148842559502929,-0.5998541234478977
Learned,Learned Basis,0.356689453125,0.0003158968849785029,-0.58591015624827
Learned,Learned Basis,0.35693359375,0.00031690415808719797,-0.5720842143623469
Learned,Learned Basis,0.357177734375,0.0003178975619601956,-0.5584916181579046
Learned,Learned Basis,0.357421875,0.0003188686309601221,-0.5452456186110183
Learned,Learned Basis,0.357666015625,0.0003198089365331216,-0.5324576380242776
Learned,Learned Basis,0.35791015625,0.00032071024084057316,-0.520235310905208
Learned,Learned Basis,0.358154296875,0.0003215646027119993,-0.5086812272015113
Learned,Learned Basis,0.3583984375,0.00032236440943093794,-0.49789271428474086
Learned,Learned Basis,0.358642578125,0.00032310248268785146,-0.48796063918259847
Learned,Learned Basis,0.35888671875,0.0003237721103659985,-0.4789692299496595
Learned,Learned Basis,0.359130859375,0.00032436720547079684,-0.4709941978375343
Learned,Learned Basis,0.359375,0.00032488231142746864,-0.464102926740858
Learned,Learned Basis,0.359619140625,0.0003253126762480763,-0.4583537254202335
Learned,Learned Basis,0.35986328125,0.0003256543266985583,-0.45379506366515066
Learned,Learned Basis,0.360107421875,0.00032590411597753803,-0.45046513641047176
Learned,Learned Basis,0.3603515625,0.00032605976609748673,-0.44839146357845994
Learned,Learned Basis,0.360595703125,0.00032611989437295106,-0.4475906603674041
Learned,Learned Basis,0.36083984375,0.0003260840346111345,-0.44806823175276
Learned,Learned Basis,0.361083984375,0.0003259527377671602,-0.4498172587406728
Learned,Learned Basis,0.361328125,0.0003257274924793899,-0.45281943020172294
Learned,Learned Basis,0.361572265625,0.00032541073566471463,-0.45704482326342133
Learned,Learned Basis,0.36181640625,0.000325005905495009,-0.4624510665969689
Learned,Learned Basis,0.362060546875,0.0003245174255041948,-0.46898337096239295
Learned,Learned Basis,0.3623046875,0.00032395056684946037,-0.4765761481350306
Learned,Learned Basis,0.362548828125,0.0003233115648594595,-0.48515119415568864
Learned,Learned Basis,0.36279296875,0.00032260750248611265,-0.49461896001731065
Learned,Learned Basis,0.363037109375,0.0003218462414352161,-0.5048791728125317
Learned,Learned Basis,0.36328125,0.0003210364380593786,-0.5158203082570385
Learned,Learned Basis,0.363525390625,0.0003201873473451408,-0.5273219286195943
Learned,Learned Basis,0.36376953125,0.0003193089553541106,-0.539252600711194
Learned,Learned Basis,0.364013671875,0.00031841161898307513,-0.5514745206941079
Learned,Learned Basis,0.3642578125,0.00031750625138159,-0.5638407848740956
Learned,Learned Basis,0.364501953125,0.00031660400939089985,-0.5761994867139348
Learned,Learned Basis,0.36474609375,0.0003157163518180382,-0.5883928324481292
Learned,Learned Basis,0.364990234375,0.0003148548487205922,-0.6002597326121246
Learned,Learned Basis,0.365234375,0.0003140311019420215,-0.6116369587892941
Learned,Learned Basis,0.365478515625,0.0003132565808846503,-0.622361556178259
Learned,Learned Basis,0.36572265625,0.0003125426066167313,-0.6322712916176082
Learned,Learned Basis,0.365966796875,0.0003119001770501467,-0.6412073774052269
Learned,Learned Basis,0.3662109375,0.00031133981860633695,-0.6490169097621791
Learned,Learned Basis,0.366455078125,0.0003108715862163003,-0.6555532985217247
Learned,Learned Basis,0.36669921875,0.00031050484081948567,-0.6606798374010486
Learned,Learned Basis,0.366943359375,0.00031024814870852976,-0.6642716033875561
Learned,Learned Basis,0.3671875,0.0003101093186127748,-0.6662154228365381
Learned,Learned Basis,0.367431640625,0.00031009507854189833,-0.6664148533543808
Learned,Learned Basis,0.36767578125,0.0003102111923341122,-0.6647889603983382
Learned,Learned Basis,0.367919921875,0.0003104622530479916,-0.6612755415653464
Learned,Learned Basis,0.3681640625,0.0003108515982001481,-0.6558325445057784
Learned,Learned Basis,0.368408203125,0.00031138130976523,-0.6484381793944198
Learned,Learned Basis,0.36865234375,0.0003120521400088864,-0.639091937685401
Learned,Learned Basis,0.368896484375,0.0003128633896419222,-0.6278161277471211
Learned,Learned Basis,0.369140625,0.0003138129766896894,-0.6146546060200954
Learned,Learned Basis,0.369384765625,0.0003148972616697876,-0.599674749742811
Learned,Learned Basis,0.36962890625,0.0003161111641402634,-0.5829652487827718
Learned,Learned Basis,0.369873046875,0.00031744812561609263,-0.5646359191450581
Learned,Learned Basis,0.3701171875,0.0003189000406997898,-0.5448178435498434
Learned,Learned Basis,0.370361328125,0.0003204573524390255,-0.5236611872026324
Learned,Learned Basis,0.37060546875,0.00032210902054075427,-0.5013347178303889
Learned,Learned Basis,0.370849609375,0.0003238426326217678,-0.4780233766631291
Learned,Learned Basis,0.37109375,0.00032564439891104996,-0.45392746322815286
Learned,Learned Basis,0.371337890625,0.00032749923171445776,-0.42926073514198737
Learned,Learned Basis,0.37158203125,0.00032939081428411197,-0.40424875185046116
Learned,Learned Basis,0.371826171875,0.00033130173325953224,-0.37912651054067376
Learned,Learned Basis,0.3720703125,0.00033321353164409144,-0.3541372943842501
Learned,Learned Basis,0.372314453125,0.00033510674059088815,-0.3295319537361279
Learned,Learned Basis,0.37255859375,0.00033696122904734396,-0.30556425451762437
Learned,Learned Basis,0.372802734375,0.000338756055421132,-0.2824929185848373
Learned,Learned Basis,0.373046875,0.00034046977484361086,-0.2605779549654581
Learned,Learned Basis,0.373291015625,0.0003420805080392151,-0.24008030505498515
Learned,Learned Basis,0.37353515625,0.0003435661108501085,-0.22126040293782234
Learned,Learned Basis,0.373779296875,0.00034490435435612825,-0.20437681732424026
Learned,Learned Basis,0.3740234375,0.00034607296725594814,-0.18968682383558452
Learned,Learned Basis,0.374267578125,0.00034704991134464026,-0.17744421228974658
Learned,Learned Basis,0.37451171875,0.0003478135245501012,-0.16789893712314677
Learned,Learned Basis,0.374755859375,0.00034834257920715166,-0.16129795894668125
Learned,Learned Basis,0.375,0.00034861654693980703,-0.15788362154362692
Learned,Learned Basis,0.375244140625,0.000348615704614186,-0.15789411495865113
Learned,Learned Basis,0.37548828125,0.00034832127207729105,-0.16156361271670172
Learned,Learned Basis,0.375732421875,0.00034771566644398866,-0.16912100619874892
Learned,Learned Basis,0.3759765625,0.00034678241733468245,-0.18079289390692185
Learned,Learned Basis,0.376220703125,0.00034550654300813773,-0.19680082812849992
Learned,Learned Basis,0.37646484375,0.0003438745397661908,-0.21736336876674867
Learned,Learned Basis,0.376708984375,0.0003418745514784021,-0.24269585118865972
Learned,Learned Basis,0.376953125,0.0003394964384514466,-0.2730113642910404
Learned,Learned Basis,0.377197265625,0.00033673190457260383,-0.30852092285285193
Learned,Learned Basis,0.37744140625,0.00033357459266737536,-0.34943394650952647
Learned,Learned Basis,0.377685546875,0.00033002011628535725,-0.395959460396743
Learned,Learned Basis,0.3779296875,0.0003260661444625668,-0.44830650793682436
Learned,Learned Basis,0.378173828125,0.00032171247059083283,-0.5066846317180288
Learned,Learned Basis,0.37841796875,0.00031696099122721394,-0.5713054266599146
Learned,Learned Basis,0.378662109375,0.00031181578555868,-0.6423826161832737
Learned,Learned Basis,0.37890625,0.00030628309950917577,-0.7201332562818729
Learned,Learned Basis,0.379150390625,0.0003003713033584575,-0.8047792000174694
Learned,Learned Basis,0.37939453125,0.0002940909023373838,-0.8965476915169114
Learned,Learned Basis,0.379638671875,0.0002874544942467524,-0.9956725595324284
Learned,Learned Basis,0.3798828125,0.0002804767217784914,-1.102395362943759
Learned,Learned Basis,0.380126953125,0.00027317417715804176,-1.2169671543502936
Learned,Learned Basis,0.38037109375,0.0002655653067867396,-1.3396502046461445
Learned,Learned Basis,0.380615234375,0.0002576704112418168,-1.4707180842981389
Learned,Learned Basis,0.380859375,0.0002495114333705836,-1.6104590791936828
Learned,Learned Basis,0.381103515625,0.0002411118841233935,-1.7591774225181247
Learned,Learned Basis,0.38134765625,0.00023249671011250732,-1.9171954713277486
Learned,Learned Basis,0.381591796875,0.00022369216646860368,-2.084855833281495
Learned,Learned Basis,0.3818359375,0.00021472561023260748,-2.2625251338059473
Learned,Learned Basis,0.382080078125,0.00020562542089100878,-2.4505955478042165
Learned,Learned Basis,0.38232421875,0.00019642078847004625,-2.6494890897505585
Learned,Learned Basis,0.382568359375,0.00018714154930869918,-2.85966138429308
Learned,Learned Basis,0.3828125,0.00017781801388521158,-3.0816060388317252
Learned,Learned Basis,0.383056640625,0.00016848076285774362,-3.3158603875341304
Learned,Learned Basis,0.38330078125,0.00015916053846264062,-3.5630095926844514
Learned,Learned Basis,0.383544921875,0.00014988795314393525,-3.82369630068377
Learned,Learned Basis,0.3837890625,0.00014069341538631167,-4.098625865960045
Learned,Learned Basis,0.384033203125,0.0001316068462910759,-4.388578768208048
Learned,Learned Basis,0.38427734375,0.00012265760540911978,-4.694418771323449
Learned,Learned Basis,0.384521484375,0.00011387421261453695,-5.017109719712396
Learned,Learned Basis,0.384765625,0.00010528426069347334,-5.357729071641134
Learned,Learned Basis,0.385009765625,9.691421403360135e-05,-5.717488810078316
Learned,Learned Basis,0.38525390625,8.878926558769374e-05,-6.097758952489568
Learned,Learned Basis,0.385498046875,8.09331726466157e-05,-6.5000979359957975
Learned,Learned Basis,0.3857421875,7.336814293994842e-05,-6.92628832469525
Learned,Learned Basis,0.385986328125,6.611470616808777e-05,-7.378382868725705
Learned,Learned Basis,0.38623046875,5.919157626346354e-05,-7.858764536973704
Learned,Learned Basis,0.386474609375,5.2615585169971646e-05,-8.37021954210276
Learned,Learned Basis,0.38671875,4.640156099712971e-05,-8.916037681029701
Learned,Learned Basis,0.386962890625,4.0562279679062545e-05,-9.500140038186842
Learned,Learned Basis,0.38720703125,3.51083815365869e-05,-10.127255496659153
Learned,Learned Basis,0.387451171875,3.0048346113395744e-05,-10.803157859672135
Learned,Learned Basis,0.3876953125,2.5388437212987058e-05,-11.535003903554948
Learned,Learned Basis,0.387939453125,2.1132709520720626e-05,-12.331811755336382
Learned,Learned Basis,0.38818359375,1.728299237977894e-05,-13.205174205629826
Learned,Learned Basis,0.388427734375,1.3838903035280742e-05,-14.170346926474464
Learned,Learned Basis,0.388671875,1.079788669772447e-05,-15.247975929199086
Learned,Learned Basis,0.388916015625,8.15524286566393e-06,-16.466994600316593
Learned,Learned Basis,0.38916015625,5.904193863995841e-06,-17.869757499320208
Learned,Learned Basis,0.389404296875,4.03595131285467e-06,-19.52190440480482
Learned,Learned Basis,0.3896484375,2.539798986097947e-06,-21.53337013540128
Learned,Learned Basis,0.389892578125,1.4031896588865177e-06,-24.11019983619548
Learned,Learned Basis,0.39013671875,6.11851567594074e-07,-27.714902819668026
Learned,Learned Basis,0.390380859375,1.4990687478131435e-07,-33.82314808824327
Learned,Learned Basis,0.390625,6.7888298039297614e-15,-107.26341437983658
Learned,Learned Basis,0.390869140625,1.4343359182970063e-07,-34.014854849748474
Learned,Learned Basis,0.39111328125,5.603132689662796e-07,-28.097054517625118
Learned,Learned Basis,0.391357421875,1.2296986419173455e-06,-24.683376656246384
Learned,Learned Basis,0.3916015625,2.1297600307012217e-06,-22.298056866723684
Learned,Learned Basis,0.391845703125,3.237938757421875e-06,-20.478677288032333
Learned,Learned Basis,0.39208984375,4.531112131191883e-06,-19.019315492503054
Learned,Learned Basis,0.392333984375,5.985757571670673e-06,-17.810172354646657
Learned,Learned Basis,0.392578125,7.578121512899991e-06,-16.78574794248768
Learned,Learned Basis,0.392822265625,9.284380691774087e-06,-15.903834192976678
Learned,Learned Basis,0.39306640625,1.1080812417674398e-05,-15.135647560713746
Learned,Learned Basis,0.393310546875,1.2943947624756613e-05,-14.46069612043994
Learned,Learned Basis,0.3935546875,1.4850737416678432e-05,-13.863883398470037
Learned,Learned Basis,0.393798828125,1.6778692295343134e-05,-13.333782494362428
Learned,Learned Basis,0.39404296875,1.87060399314021e-05,-12.861545019350428
Learned,Learned Basis,0.394287109375,2.0611852969950462e-05,-12.44019323167616
Learned,Learned Basis,0.39453125,2.2476180809456813e-05,-12.064138419096126
Learned,Learned Basis,0.394775390625,2.4280175089738967e-05,-11.728845448164694
Learned,Learned Basis,0.39501953125,2.600619034722688e-05,-11.430596220677531
Learned,Learned Basis,0.395263671875,2.7637892947796478e-05,-11.166314287174297
Learned,Learned Basis,0.3955078125,2.9160340220348054e-05,-10.933437723366279
Learned,Learned Basis,0.395751953125,3.056006223920738e-05,-10.729821246280117
Learned,Learned Basis,0.39599609375,3.182512605807635e-05,-10.553662264725022
Learned,Learned Basis,0.396240234375,3.2945181402224714e-05,-10.403444558296275
Learned,Learned Basis,0.396484375,3.391150569847607e-05,-10.277892857900678
Learned,Learned Basis,0.396728515625,3.471701930593847e-05,-10.175939280779447
Learned,Learned Basis,0.39697265625,3.535631465305418e-05,-10.096693687828072
Learned,Learned Basis,0.397216796875,3.5825640344663447e-05,-10.039423973410205
Learned,Learned Basis,0.3974609375,3.612288725568529e-05,-10.00353903399644
Learned,Learned Basis,0.397705078125,3.624757992244367e-05,-9.988573429156219
Learned,Learned Basis,0.39794921875,3.620081363312822e-05,-9.99418027375636
Learned,Learned Basis,0.398193359375,3.598522661515578e-05,-10.020121170452217
Learned,Learned Basis,0.3984375,3.560492917916301e-05,-10.066262327621768
Learned,Learned Basis,0.398681640625,3.506542888976483e-05,-10.132572038461355
Learned,Learned Basis,0.39892578125,3.4373563020575465e-05,-10.21911807394815
Learned,Learned Basis,0.399169921875,3.353738465483193e-05,-10.326071670119937
Learned,Learned Basis,0.3994140625,3.256609646482638e-05,-10.453706540488536
Learned,Learned Basis,0.399658203125,3.1469920257387756e-05,-10.602407165827302
Learned,Learned Basis,0.39990234375,3.0259993007590505e-05,-10.77267535693604
Learned,Learned Basis,0.400146484375,2.894825494599517e-05,-10.965139702419492
Learned,Learned Basis,0.400390625,2.7547318441924375e-05,-11.180570296141932
Learned,Learned Basis,0.400634765625,2.6070355428497733e-05,-11.419894068907082
Learned,Learned Basis,0.40087890625,2.4530959001645386e-05,-11.684218323848087
Learned,Learned Basis,0.401123046875,2.2943024885291826e-05,-11.974856828448523
Learned,Learned Basis,0.4013671875,2.132061700360348e-05,-12.2933659031293
Learned,Learned Basis,0.401611328125,1.9677849608378223e-05,-12.641587219541732
Learned,Learned Basis,0.40185546875,1.802875020247026e-05,-13.021707376261658
Learned,Learned Basis,0.402099609375,1.6387145971516515e-05,-13.436330367389344
Learned,Learned Basis,0.40234375,1.4766546242429e-05,-13.888574292684584
Learned,Learned Basis,0.402587890625,1.3180023286372956e-05,-14.382201814578927
Learned,Learned Basis,0.40283203125,1.1640115636738028e-05,-14.921790642654598
Learned,Learned Basis,0.403076171875,1.0158714024210409e-05,-15.512976242599015
Learned,Learned Basis,0.4033203125,8.74697793885756e-06,-16.162783278517058
Learned,Learned Basis,0.403564453125,7.415248881184523e-06,-16.88010627003679
Learned,Learned Basis,0.40380859375,6.172968579732824e-06,-17.67642292601139
Learned,Learned Basis,0.404052734375,5.028616164316878e-06,-18.566878719586747
Learned,Learned Basis,0.404296875,3.989647243101708e-06,-19.57201861119475
Learned,Learned Basis,0.404541015625,3.0624464721213406e-06,-20.720678525309538
Learned,Learned Basis,0.40478515625,2.2522897681673624e-06,-22.055120951279005
Learned,Learned Basis,0.405029296875,1.5633145095334604e-06,-23.640900003184836
Learned,Learned Basis,0.4052734375,9.985029187917173e-07,-25.587870203007334
Learned,Learned Basis,0.405517578125,5.596758442674255e-07,-28.101997959591827
Learned,Learned Basis,0.40576171875,2.4749370678626654e-07,-31.64572198756421
Learned,Learned Basis,0.406005859375,6.147119106939709e-08,-37.69464730907325
Learned,Learned Basis,0.40625,5.57854620319808e-15,-108.11615324637899
Learned,Learned Basis,0.406494140625,6.038115396384992e-08,-37.77234950315687
Learned,Learned Basis,0.40673828125,2.3886674472796194e-07,-31.799806679877744
Learned,Learned Basis,0.406982421875,5.307104092228997e-07,-28.33278753167379
Learned,Learned Basis,0.4072265625,9.302256644307563e-07,-25.89548041730723
Learned,Learned Basis,0.407470703125,1.4308511902592606e-06,-24.025418899121878
Learned,Learned Basis,0.40771484375,2.025224283930467e-06,-22.51663232768353
Learned,Learned Basis,0.407958984375,2.705258772617432e-06,-21.259275449818343
Learned,Learned Basis,0.408203125,3.4622295584846205e-06,-20.187804992181736
Learned,Learned Basis,0.408447265625,4.2868593055498e-06,-19.259971287978065
Learned,Learned Basis,0.40869140625,5.16941267982944e-06,-18.44695155273133
Learned,Learned Basis,0.408935546875,6.099790051441994e-06,-17.728214717305363
Learned,Learned Basis,0.4091796875,7.06762367998247e-06,-17.088629418544127
Learned,Learned Basis,0.409423828125,8.062375472635492e-06,-16.516733392222992
Learned,Learned Basis,0.40966796875,9.073436066699701e-06,-16.003645755796168
Learned,Learned Basis,0.409912109375,1.0090220766635207e-05,-15.542356906391861
Learned,Learned Basis,0.41015625,1.1102265067232483e-05,-15.127247670990545
Learned,Learned Basis,0.410400390625,1.2099318521267058e-05,-14.75375449104263
Learned,Learned Basis,0.41064453125,1.3071434799471596e-05,-14.418130980479214
Learned,Learned Basis,0.410888671875,1.4009056452862527e-05,-14.117274736403612
Learned,Learned Basis,0.4111328125,1.4903097688449667e-05,-13.848598108022825
Learned,Learned Basis,0.411376953125,1.5745020357337648e-05,-13.609931325361808
Learned,Learned Basis,0.41162109375,1.652690381742483e-05,-13.399448594133162
Learned,Learned Basis,0.411865234375,1.7241506849634088e-05,-13.215611400024802
Learned,Learned Basis,0.412109375,1.7882329574143613e-05,-13.057122642914461
Learned,Learned Basis,0.412353515625,1.844365483824172e-05,-12.922893729581066
Learned,Learned Basis,0.41259765625,1.8920599537266795e-05,-12.812014652466955
Learned,Learned Basis,0.412841796875,1.9309137791806005e-05,-12.72373477302635
Learned,Learned Basis,0.4130859375,1.9606134720184808e-05,-12.65744376532945
Learned,Learned Basis,0.413330078125,1.98093596825805e-05,-12.612659213873428
Learned,Learned Basis,0.41357421875,1.991749389638749e-05,-12.589016662746769
Learned,Learned Basis,0.413818359375,1.9930132753937187e-05,-12.586261674941028
Learned,Learned Basis,0.4140625,1.984777721382418e-05,-12.604244825769555
Learned,Learned Basis,0.414306640625,1.9671816252455806e-05,-12.642918998680221
Learned,Learned Basis,0.41455078125,1.9404505011264817e-05,-12.702337902080954
Learned,Learned Basis,0.414794921875,1.9048930693117013e-05,-12.782657573395088
Learned,Learned Basis,0.4150390625,1.8608974485484828e-05,-12.884139185953131
Learned,Learned Basis,0.415283203125,1.80892675237698e-05,-13.007153773960095
Learned,Learned Basis,0.41552734375,1.7495135266025717e-05,-13.152190543860575
Learned,Learned Basis,0.415771484375,1.6832544185401633e-05,-13.319865958612132
Learned,Learned Basis,0.416015625,1.610803422516281e-05,-13.510938153317637
Learned,Learned Basis,0.416259765625,1.532865555804858e-05,-13.726322934938985
Learned,Learned Basis,0.41650390625,1.4501894088133684e-05,-13.96711630010515
Learned,Learned Basis,0.416748046875,1.3635597283792465e-05,-14.234621928108869
Learned,Learned Basis,0.4169921875,1.2737899348457372e-05,-14.530385461430013
Learned,Learned Basis,0.417236328125,1.1817142418143405e-05,-14.856238894231723
Learned,Learned Basis,0.41748046875,1.0881791799121472e-05,-15.214359467142424
Learned,Learned Basis,0.417724609375,9.940362959742509e-06,-15.607341166261486
Learned,Learned Basis,0.41796875,9.001335112596639e-06,-16.038294285823724
Learned,Learned Basis,0.418212890625,8.073079199645808e-06,-16.51097145944493
Learned,Learned Basis,0.41845703125,7.163776440925528e-06,-17.029943346100744
Learned,Learned Basis,0.418701171875,6.281345657471828e-06,-17.600836660823084
Learned,Learned Basis,0.4189453125,5.433373325846633e-06,-18.230668126909176
Learned,Learned Basis,0.419189453125,4.627046529812977e-06,-18.928324922159725
Learned,Learned Basis,0.41943359375,3.869088229730082e-06,-19.705277256470065
Learned,Learned Basis,0.419677734375,3.165701720052206e-06,-20.5766636683034
Learned,Learned Basis,0.419921875,2.5225172389959435e-06,-21.56302216117958
Learned,Learned Basis,0.420166015625,1.944546152184952e-06,-22.693181038010415
Learned,Learned Basis,0.42041015625,1.436139233692306e-06,-24.00939812229484
Learned,Learned Basis,0.420654296875,1.0009544869833852e-06,-25.577220283002827
Learned,Learned Basis,0.4208984375,6.419285976430197e-07,-27.506496352773212
Learned,Learned Basis,0.421142578125,3.612581329424447e-07,-30.003187259530986
Learned,Learned Basis,0.42138671875,1.6038494227351672e-07,-33.529727668629775
Learned,Learned Basis,0.421630859375,3.9991145338170606e-08,-39.56172516608812
Learned,Learned Basis,0.421875,4.1854100337866865e-15,-109.36398347905325
Learned,Learned Basis,0.422119140625,3.958389984051367e-08,-39.606177799737054
Learned,Learned Basis,0.42236328125,1.5717927702029235e-07,-33.61741072213449
Learned,Learned Basis,0.422607421875,3.505083515966901e-07,-30.13437988622063
Learned,Learned Basis,0.4228515625,6.166073735612587e-07,-27.681276451901212
Learned,Learned Basis,0.423095703125,9.518601929167927e-07,-25.795631941526942
Learned,Learned Basis,0.42333984375,1.3520387816206129e-06,-24.271472100212662
Learned,Learned Basis,0.423583984375,1.8123485015507614e-06,-22.998946459560088
Learned,Learned Basis,0.423828125,2.3274776354212426e-06,-21.912508424585553
Learned,Learned Basis,0.424072265625,2.8916518738928773e-06,-20.969903519888994
Learned,Learned Basis,0.42431640625,3.4986929207757113e-06,-20.142305327653297
Learned,Learned Basis,0.424560546875,4.142079622890563e-06,-19.409179159766005
Learned,Learned Basis,0.4248046875,4.815012783449656e-06,-18.75538914547997
Learned,Learned Basis,0.425048828125,5.510479892661535e-06,-18.169469370045523
Learned,Learned Basis,0.42529296875,6.2213233349157885e-06,-17.64253585922074
Learned,Learned Basis,0.425537109375,6.9403103342576774e-06,-17.16757468765785
Learned,Learned Basis,0.42578125,7.660197933320178e-06,-16.738963674292066
Learned,Learned Basis,0.426025390625,8.37380451153709e-06,-16.352135410596894
Learned,Learned Basis,0.42626953125,9.07407277745806e-06,-16.003341008768448
Learned,Learned Basis,0.426513671875,9.754138969241806e-06,-15.68947420241793
Learned,Learned Basis,0.4267578125,1.0407393280924154e-05,-15.407943927684702
Learned,Learned Basis,0.427001953125,1.1027537474311917e-05,-15.156578167315205
Learned,Learned Basis,0.42724609375,1.1608645305250914e-05,-14.933548172176573
Learned,Learned Basis,0.427490234375,1.21452143412202e-05,-14.737311752986235
Learned,Learned Basis,0.427734375,1.263221165352376e-05,-14.566569653316659
Learned,Learned Basis,0.427978515625,1.3065119675033648e-05,-14.420229668546137
Learned,Learned Basis,0.42822265625,1.3439971462642271e-05,-14.297380124523084
Learned,Learned Basis,0.428466796875,1.3753386125266116e-05,-14.197267230788658
Learned,Learned Basis,0.4287109375,1.4002597298689847e-05,-14.11927759927601
Learned,Learned Basis,0.428955078125,1.4185465727474177e-05,-14.062927602007367
Learned,Learned Basis,0.42919921875,1.4300507408697123e-05,-14.027849117076656
Learned,Learned Basis,0.429443359375,1.4346889618719963e-05,-14.013786020556203
Learned,Learned Basis,0.4296875,1.43244428328894e-05,-14.020586204838434
Learned,Learned Basis,0.429931640625,1.423365079245243e-05,-14.048200523585656
Learned,Learned Basis,0.43017578125,1.4075645538013745e-05,-14.09668037407966
Learned,Learned Basis,0.430419921875,1.3852187543365436e-05,-14.166179962387437
Learned,Learned Basis,0.4306640625,1.3565650484756425e-05,-14.256957356294224
Learned,Learned Basis,0.430908203125,1.3218985150683067e-05,-14.369382442971993
Learned,Learned Basis,0.43115234375,1.2815695602484786e-05,-14.503941754948343
Learned,Learned Basis,0.431396484375,1.2359794806563717e-05,-14.661250982331255
Learned,Learned Basis,0.431640625,1.185577218630654e-05,-14.842065134623441
Learned,Learned Basis,0.431884765625,1.1308539983424649e-05,-15.047298211263001
Learned,Learned Basis,0.43212890625,1.0723384254734057e-05,-15.27804490533335
Learned,Learned Basis,0.432373046875,1.010591586893531e-05,-15.535606805798817
Learned,Learned Basis,0.4326171875,9.462014550233782e-06,-15.821527474746555
Learned,Learned Basis,0.432861328125,8.797769610931591e-06,-16.137637741974455
Learned,Learned Basis,0.43310546875,8.119420849570936e-06,-16.48611306484052
Learned,Learned Basis,0.433349609375,7.433302429002977e-06,-16.869545562940107
Learned,Learned Basis,0.43359375,6.745776986922982e-06,-17.291043795613508
Learned,Learned Basis,0.433837890625,6.063179845042046e-06,-17.75435908627593
Learned,Learned Basis,0.43408203125,5.391756927304878e-06,-18.264060540418377
Learned,Learned Basis,0.434326171875,4.737607230771625e-06,-18.825773061374612
Learned,Learned Basis,0.4345703125,4.106626041481066e-06,-19.446512021941604
Learned,Learned Basis,0.434814453125,3.5044512957907892e-06,-20.135163304070606
Learned,Learned Basis,0.43505859375,2.936410769474456e-06,-20.903195508198685
Learned,Learned Basis,0.435302734375,2.407474978343029e-06,-21.76574576966354
Learned,Learned Basis,0.435546875,1.9222120654830316e-06,-22.743350600897028
Learned,Learned Basis,0.435791015625,1.4847477792009502e-06,-23.864836746678016
Learned,Learned Basis,0.43603515625,1.0987283067296168e-06,-25.172460455603677
Learned,Learned Basis,0.436279296875,7.672901438699084e-07,-26.731767394641928
Learned,Learned Basis,0.4365234375,4.930331411503048e-07,-28.652602459649266
Learned,Learned Basis,0.436767578125,2.779993132452259e-07,-31.140926359636907
Learned,Learned Basis,0.43701171875,1.236573909582259e-07,-34.659162799253885
Learned,Learned Basis,0.437255859375,3.089208366041096e-08,-40.68289156722281
Learned,Learned Basis,0.4375,5.045907688232375e-15,-108.55197057920353
Learned,Learned Basis,0.437744140625,3.0689995818979144e-08,-40.71139529758862
Learned,Learned Basis,0.43798828125,1.220897483551638e-07,-34.71457160433943
Learned,Learned Basis,0.438232421875,2.7275749487251845e-07,-31.223596659899094
Learned,Learned Basis,0.4384765625,4.806992913966113e-07,-28.762628770935144
Learned,Learned Basis,0.438720703125,7.433909754384422e-07,-26.869190744486218
Learned,Learned Basis,0.43896484375,1.0578053823890896e-06,-25.33730586533074
Learned,Learned Basis,0.439208984375,1.4204441313922032e-06,-24.057122022087448
Learned,Learned Basis,0.439453125,1.8273734517058211e-06,-22.963090478842084
Learned,Learned Basis,0.439697265625,2.274263035551071e-06,-22.01295666359288
Learned,Learned Basis,0.43994140625,2.7564312543435465e-06,-21.17789193420158
Learned,Learned Basis,0.440185546875,3.268889257452606e-06,-20.437361511065937
Learned,Learned Basis,0.4404296875,3.8063922517534774e-06,-19.776228183755748
Learned,Learned Basis,0.440673828125,4.3634889187259e-06,-19.183024816310184
Learned,Learned Basis,0.44091796875,4.9345743495204215e-06,-18.648866621261618
Learned,Learned Basis,0.441162109375,5.513945297744567e-06,-18.166739057437482
Learned,Learned Basis,0.44140625,6.0958525764870264e-06,-17.731019036449766
Learned,Learned Basis,0.441650390625,6.674558421884416e-06,-17.337138202666864
Learned,Learned Basis,0.44189453125,7.244388559042625e-06,-16.981346229983274
Learned,Learned Basis,0.442138671875,7.799784433509588e-06,-16.66053758979529
Learned,Learned Basis,0.4423828125,8.335361485374847e-06,-16.37211920104018
Learned,Learned Basis,0.442626953125,8.845950537124364e-06,-16.11391852378724
Learned,Learned Basis,0.44287109375,9.326652094506026e-06,-15.884105821393222
Learned,Learned Basis,0.443115234375,9.772878231038711e-06,-15.68113871481305
Learned,Learned Basis,0.443359375,1.0180396293586967e-05,-15.503716748584445
Learned,Learned Basis,0.443603515625,1.0545364827018977e-05,-15.350747498551115
Learned,Learned Basis,0.44384765625,1.0864370988827315e-05,-15.22131771855742
Learned,Learned Basis,0.444091796875,1.1134455878496084e-05,-15.114673603528065
Learned,Learned Basis,0.4443359375,1.1353145826719149e-05,-15.03020142792228
Learned,Learned Basis,0.444580078125,1.151846878499064e-05,-14.96741609315269
Learned,Learned Basis,0.44482421875,1.1628974688429523e-05,-14.925949337881319
Learned,Learned Basis,0.445068359375,1.1683742077836363e-05,-14.905543978005989
Learned,Learned Basis,0.4453125,1.16823881983299e-05,-14.906047255521372
Learned,Learned Basis,0.445556640625,1.1625065026112986e-05,-14.92740968181039
Learned,Learned Basis,0.44580078125,1.1512460592883945e-05,-14.969682024061976
Learned,Learned Basis,0.446044921875,1.1345786403928697e-05,-15.033017557586355
Learned,Learned Basis,0.4462890625,1.1126765021764335e-05,-15.117674424361354
Learned,Learned Basis,0.446533203125,1.0857609703314542e-05,-15.224021329360891
Learned,Learned Basis,0.44677734375,1.054100122271091e-05,-15.352544953166847
Learned,Learned Basis,0.447021484375,1.0180063204131476e-05,-15.50385884647033
Learned,Learned Basis,0.447265625,9.778325369385636e-06,-15.67871874902906
Learned,Learned Basis,0.447509765625,9.33969158649026e-06,-15.878038237474811
Learned,Learned Basis,0.44775390625,8.868399806226214e-06,-16.10291095227137
Learned,Learned Basis,0.447998046875,8.368981005386405e-06,-16.354637768595218
Learned,Learned Basis,0.4482421875,7.84621332903265e-06,-16.634762471302725
Learned,Learned Basis,0.448486328125,7.305078881575258e-06,-16.945114491382864
Learned,Learned Basis,0.44873046875,6.750710088113198e-06,-17.287869015822178
Learned,Learned Basis,0.448974609375,6.188344498896651e-06,-17.66561876588937
Learned,Learned Basis,0.44921875,5.6232761172097555e-06,-18.081469500245195
Learned,Learned Basis,0.449462890625,5.060797373598165e-06,-18.539174098391005
Learned,Learned Basis,0.44970703125,4.506156993032858e-06,-19.04330040696202
Learned,Learned Basis,0.449951171875,3.9645060251474685e-06,-19.599472768082855
Learned,Learned Basis,0.4501953125,3.440850330980964e-06,-20.214705767972095
Learned,Learned Basis,0.450439453125,2.940003235271748e-06,-20.897885507013285
Learned,Learned Basis,0.45068359375,2.4665417794951272e-06,-21.660478828714854
Learned,Learned Basis,0.450927734375,2.024761857428703e-06,-22.51762408060251
Learned,Learned Basis,0.451171875,1.6186423318822487e-06,-23.489854648426537
Learned,Learned Basis,0.451416015625,1.2518045780696396e-06,-24.605998235134837
Learned,Learned Basis,0.45166015625,9.274819186780748e-07,-25.90830907255323
Learned,Learned Basis,0.451904296875,6.484899280822545e-07,-27.462331237279187
Learned,Learned Basis,0.4521484375,4.172013616513294e-07,-29.37790641828782
Learned,Learned Basis,0.452392578125,2.3552531696400525e-07,-31.860987620959406
Learned,Learned Basis,0.45263671875,1.0489104081034972e-07,-35.3739796418506
Learned,Learned Basis,0.452880859375,2.62361582272109e-08,-41.392361176077415
Learned,Learned Basis,0.453125,6.395401704334777e-15,-107.52268530695588
Learned,Learned Basis,0.453369140625,2.6121051489453676e-08,-41.41145703769752
Learned,Learned Basis,0.45361328125,1.040396719430319e-07,-35.40937384912518
Learned,Learned Basis,0.453857421875,2.3270526752750428e-07,-31.913301449164692
Learned,Learned Basis,0.4541015625,4.1058824465876665e-07,-29.447298478747893
Learned,Learned Basis,0.454345703125,6.356963523843231e-07,-27.548866395623183
Learned,Learned Basis,0.45458984375,9.055953381562606e-07,-26.012021808458172
Learned,Learned Basis,0.454833984375,1.2174340754325999e-06,-24.72690905730549
Learned,Learned Basis,0.455078125,1.5679727125920455e-06,-23.627978586318367
Learned,Learned Basis,0.455322265625,1.9536149347668083e-06,-22.672973923678903
Learned,Learned Basis,0.45556640625,2.3704443955018014e-06,-21.83306586676501
Learned,Learned Basis,0.455810546875,2.814261965823964e-06,-21.08771837704372
Learned,Learned Basis,0.4560546875,3.280627101403144e-06,-20.421794907257166
Learned,Learned Basis,0.456298828125,3.764901837841757e-06,-19.823827016860147
Learned,Learned Basis,0.45654296875,4.262293875431643e-06,-19.284929690015048
Learned,Learned Basis,0.456787109375,4.7679040510235264e-06,-18.798088519174797
Learned,Learned Basis,0.45703125,5.276773437405791e-06,-18.357679112372736
Learned,Learned Basis,0.457275390625,5.783929201047606e-06,-17.959133907452024
Learned,Learned Basis,0.45751953125,6.284435012506079e-06,-17.59870119482016
Learned,Learned Basis,0.457763671875,6.7734330137110355e-06,-17.273275188454754
Learned,Learned Basis,0.4580078125,7.246195056129263e-06,-16.980263386474412
Learned,Learned Basis,0.458251953125,7.698163343637942e-06,-16.7174923708224
Learned,Learned Basis,0.45849609375,8.124996124716345e-06,-16.483131965143745
Learned,Learned Basis,0.458740234375,8.522605438169424e-06,-16.275639761781303
Learned,Learned Basis,0.458984375,8.88719883208546e-06,-16.093714623369333
Learned,Learned Basis,0.459228515625,9.215309163091516e-06,-15.936264491419392
Learned,Learned Basis,0.45947265625,9.503832176525611e-06,-15.802376003117573
Learned,Learned Basis,0.459716796875,9.750052663560953e-06,-15.69129397538565
Learned,Learned Basis,0.4599609375,9.951666645096115e-06,-15.602405391682254
Learned,Learned Basis,0.460205078125,1.010680620446793e-05,-15.535224207346513
Learned,Learned Basis,0.46044921875,1.0214052566013592e-05,-15.489382704290403
Learned,Learned Basis,0.460693359375,1.0272451491352662e-05,-15.464622599149173
Learned,Learned Basis,0.4609375,1.02815170870697e-05,-15.46079157407452
Learned,Learned Basis,0.461181640625,1.0241236440154001e-05,-15.477839661821145
Learned,Learned Basis,0.46142578125,1.0152070942410966e-05,-15.51581715089079
Learned,Learned Basis,0.461669921875,1.0014946191825506e-05,-15.574877387609757
Learned,Learned Basis,0.4619140625,9.831245370505289e-06,-15.655278235651648
Learned,Learned Basis,0.462158203125,9.602793186193068e-06,-15.757387833906611
Learned,Learned Basis,0.46240234375,9.3318353438907e-06,-15.881692917698398
Learned,Learned Basis,0.462646484375,9.021020831857282e-06,-16.028806733060186
Learned,Learned Basis,0.462890625,8.67336947353099e-06,-16.199485118970053
Learned,Learned Basis,0.463134765625,8.29224726036761e-06,-16.39464115505238
Learned,Learned Basis,0.46337890625,7.881331254939658e-06,-16.615367775960404
Learned,Learned Basis,0.463623046875,7.444571348558546e-06,-16.862966624861908
Learned,Learned Basis,0.4638671875,6.9861563232336305e-06,-17.138980597791853
Learned,Learned Basis,0.464111328125,6.5104716360603145e-06,-17.445239078578823
Learned,Learned Basis,0.46435546875,6.022054223682599e-06,-17.78391697363365
Learned,Learned Basis,0.464599609375,5.525552356073913e-06,-18.15760660703231
Learned,Learned Basis,0.46484375,5.025681185981058e-06,-18.569414242234522
Learned,Learned Basis,0.465087890625,4.5271738284798196e-06,-19.023091887400057
Learned,Learned Basis,0.46533203125,4.034740718101551e-06,-19.523207278518814
Learned,Learned Basis,0.465576171875,3.5530223439029777e-06,-20.075384203780015
Learned,Learned Basis,0.4658203125,3.0865446333587214e-06,-20.686637975076472
Learned,Learned Basis,0.466064453125,2.6396785164271476e-06,-21.365853211867606
Learned,Learned Basis,0.46630859375,2.2165959716485625e-06,-22.12449819394592
Learned,Learned Basis,0.466552734375,1.82123298401516e-06,-22.97770851890259
Learned,Learned Basis,0.466796875,1.457251095653906e-06,-23.94601968503241
Learned,Learned Basis,0.467041015625,1.1280037781945056e-06,-25.058258047267362
Learned,Learned Basis,0.46728515625,8.365053297965172e-07,-26.356676466090363
Learned,Learned Basis,0.467529296875,5.854023692643528e-07,-27.90681883229339
Learned,Learned Basis,0.4677734375,3.769500587246911e-07,-29.81852543718428
Learned,Learned Basis,0.468017578125,2.1299136831121946e-07,-32.29774355449027
Learned,Learned Basis,0.46826171875,9.493999850104338e-08,-35.806871384995155
Learned,Learned Basis,0.468505859375,2.3768599449826995e-08,-41.8213276707941
Learned,Learned Basis,0.46875,6.804470311446709e-15,-107.25342035476736
Learned,Learned Basis,0.468994140625,2.3703349556667266e-08,-41.83326637859213
Learned,Learned Basis,0.46923828125,9.449447635122703e-08,-35.827299363389685
Learned,Learned Basis,0.469482421875,2.1154046015264193e-07,-32.32742914309179
Learned,Learned Basis,0.4697265625,3.735687537626274e-07,-29.85765815439049
Learned,Learned Basis,0.469970703125,5.788798916738185e-07,-27.955478951151044
Learned,Learned Basis,0.47021484375,8.253650643876175e-07,-26.4149027667986
Learned,Learned Basis,0.470458984375,1.1105266804178107e-06,-25.12607362084657
Learned,Learned Basis,0.470703125,1.4315030489724788e-06,-24.02344081658307
Learned,Learned Basis,0.470947265625,1.7850966271649033e-06,-23.064746296083282
Learned,Learned Basis,0.47119140625,2.1678050712516362e-06,-22.22116131105997
Learned,Learned Basis,0.471435546875,2.575854884958458e-06,-21.472149663453894
Learned,Learned Basis,0.4716796875,3.0052389375707597e-06,-20.80257351856573
Learned,Learned Basis,0.471923828125,3.4517542096571306e-06,-20.200964958491813
Learned,Learned Basis,0.47216796875,3.911041773737098e-06,-19.658439043598637
Learned,Learned Basis,0.472412109375,4.378630996510065e-06,-19.167980118991107
Learned,Learned Basis,0.47265625,4.8499786503781015e-06,-18.723965321842748
Learned,Learned Basis,0.472900390625,5.320517502787489e-06,-18.32182482806192
Learned,Learned Basis,0.47314453125,5.785695138036533e-06,-17.957808131137845
Learned,Learned Basis,0.473388671875,6.241017662850231e-06,-17.628809473354096
Learned,Learned Basis,0.4736328125,6.682096971310474e-06,-17.33223585148904
Learned,Learned Basis,0.473876953125,7.104688987233881e-06,-17.065912878923495
Learned,Learned Basis,0.47412109375,7.5047327343067384e-06,-16.82801128679249
Learned,Learned Basis,0.474365234375,7.87839172393981e-06,-16.61698788325434
Learned,Learned Basis,0.474609375,8.222088389963534e-06,-16.431542177571515
Learned,Learned Basis,0.474853515625,8.53253819222039e-06,-16.27058118138394
Learned,Learned Basis,0.47509765625,8.806781567988796e-06,-16.133191342264297
Learned,Learned Basis,0.475341796875,9.042208599144598e-06,-16.01861837258784
Learned,Learned Basis,0.4755859375,9.236586824799475e-06,-15.92624842025839
Learned,Learned Basis,0.475830078125,9.388081438574101e-06,-15.855595107177674
Learned,Learned Basis,0.47607421875,9.495269029365937e-06,-15.806290849162863
Learned,Learned Basis,0.476318359375,9.55715479869683e-06,-15.778077386251958
Learned,Learned Basis,0.4765625,9.573177858358427e-06,-15.770802313574201
Learned,Learned Basis,0.476806640625,9.543217852468949e-06,-15.784415210153186
Learned,Learned Basis,0.47705078125,9.46759644743596e-06,-15.818966210044373
Learned,Learned Basis,0.477294921875,9.347069716591084e-06,-15.874608770694465
Learned,Learned Basis,0.4775390625,9.18282482916162e-06,-15.951600591961043
Learned,Learned Basis,0.477783203125,8.976466143951323e-06,-16.050309618052935
Learned,Learned Basis,0.47802734375,8.729996667581459e-06,-16.171222810985128
Learned,Learned Basis,0.478271484375,8.445804479274422e-06,-16.314953357551033
Learned,Learned Basis,0.478515625,8.126635414869562e-06,-16.482255825823874
Learned,Learned Basis,0.478759765625,7.775564260876235e-06,-16.674044440923083
Learned,Learned Basis,0.47900390625,7.395970749518025e-06,-16.891411741349636
Learned,Learned Basis,0.479248046875,6.99150148190631e-06,-17.135659049844463
Learned,Learned Basis,0.4794921875,6.566037976616359e-06,-17.408329687542597
Learned,Learned Basis,0.479736328125,6.123660745029352e-06,-17.711252365420485
Learned,Learned Basis,0.47998046875,5.668604426897775e-06,-18.046602074158674
Learned,Learned Basis,0.480224609375,5.205222031238863e-06,-18.416970997442135
Learned,Learned Basis,0.48046875,4.737942720722694e-06,-18.825465530022257
Learned,Learned Basis,0.480712890625,4.271226533359037e-06,-19.275837532786404
Learned,Learned Basis,0.48095703125,3.809525477913825e-06,-19.772654765667305
Learned,Learned Basis,0.481201171875,3.357238752250257e-06,-20.32154131539947
Learned,Learned Basis,0.4814453125,2.918671024371153e-06,-20.92951212427495
Learned,Learned Basis,0.481689453125,2.4979925759147714e-06,-21.60545215717098
Learned,Learned Basis,0.48193359375,2.0991981212392788e-06,-22.360829300183678
Learned,Learned Basis,0.482177734375,1.726069599741275e-06,-23.210780553780623
Learned,Learned Basis,0.482421875,1.3821409134034995e-06,-24.17584036107092
Learned,Learned Basis,0.482666015625,1.0706626022607513e-06,-25.2848372578599
Learned,Learned Basis,0.48291015625,7.945729970650898e-07,-26.58002557209389
Learned,Learned Basis,0.483154296875,5.564693202162139e-07,-28.126951336213043
Learned,Learned Basis,0.4833984375,3.5858341178461844e-07,-30.035461639746348
Learned,Learned Basis,0.483642578125,2.0276109766597243e-07,-32.511517253739044
Learned,Learned Basis,0.48388671875,9.044422725213236e-08,-36.01755506486469
Learned,Learned Basis,0.484130859375,2.265769187180791e-08,-42.02920692614715
Learned,Learned Basis,0.484375,6.608843859882932e-15,-107.38010867646685
Learned,Learned Basis,0.484619140625,2.2637589014705625e-08,-42.03306187982548
Learned,Learned Basis,0.48486328125,9.030373100550642e-08,-36.02430664950385
Learned,Learned Basis,0.485107421875,2.0230138206869804e-07,-32.521375092608395
Learned,Learned Basis,0.4853515625,3.5751021436249607e-07,-30.048479045581335
Learned,Learned Basis,0.485595703125,5.54397340734913e-07,-28.1431522058671
Learned,Learned Basis,0.48583984375,7.910325144134364e-07,-26.599420240227563
Learned,Learned Basis,0.486083984375,1.0651069656524478e-06,-25.307431341048293
Learned,Learned Basis,0.486328125,1.3739548509889775e-06,-24.201638972538206
Learned,Learned Basis,0.486572265625,1.714579669041034e-06,-23.23978689334311
Learned,Learned Basis,0.48681640625,2.083683552761846e-06,-22.39304595321041
Learned,Learned Basis,0.487060546875,2.477697296328524e-06,-21.640881120956745
Learned,Learned Basis,0.4873046875,2.8928163625757413e-06,-20.968154937321458
Learned,Learned Basis,0.487548828125,3.3250359385087607e-06,-20.36340015307186
Learned,Learned Basis,0.48779296875,3.770190212377641e-06,-19.81773097386303
Learned,Learned Basis,0.488037109375,4.2239922301814214e-06,-19.32413248361105
Learned,Learned Basis,0.48828125,4.68207333829375e-06,-18.87698146980334
Learned,Learned Basis,0.488525390625,5.140028379000335e-06,-18.471708422069327
Learned,Learned Basis,0.48876953125,5.59345335344682e-06,-18.104563383877917
Learned,Learned Basis,0.489013671875,6.037991362157616e-06,-17.77243871631405
Learned,Learned Basis,0.4892578125,6.469371178516591e-06,-17.472742896348677
Learned,Learned Basis,0.489501953125,6.8834510371174475e-06,-17.203301314568254
Learned,Learned Basis,0.48974609375,7.276255220627375e-06,-16.96228435130793
Learned,Learned Basis,0.489990234375,7.644014123230507e-06,-16.748148782302906
Learned,Learned Basis,0.490234375,7.983199016425957e-06,-16.559594029146492
Learned,Learned Basis,0.490478515625,8.290555821517335e-06,-16.395527112098446
Learned,Learned Basis,0.49072265625,8.563137723242352e-06,-16.255034300723448
Learned,Learned Basis,0.490966796875,8.798328678074332e-06,-16.13736177195974
Learned,Learned Basis,0.4912109375,8.993876193403229e-06,-16.041894540999493
Learned,Learned Basis,0.491455078125,9.147905564957687e-06,-15.968146863466949
Learned,Learned Basis,0.49169921875,9.258939742975333e-06,-15.915751012997168
Learned,Learned Basis,0.491943359375,9.32591588734471e-06,-15.884448648941873
Learned,Learned Basis,0.4921875,9.348192651867721e-06,-15.874087050715195
Learned,Learned Basis,0.492431640625,9.3255568063164e-06,-15.884615871028549
Learned,Learned Basis,0.49267578125,9.25822654746129e-06,-15.916085553251937
Learned,Learned Basis,0.492919921875,9.146848188043064e-06,-15.968648879472216
Learned,Learned Basis,0.4931640625,8.992490528024275e-06,-16.04256369985559
Learned,Learned Basis,0.493408203125,8.79663459040135e-06,-16.138198071438495
Learned,Learned Basis,0.49365234375,8.561159218231134e-06,-16.256037850025997
Learned,Learned Basis,0.493896484375,8.288322201769084e-06,-16.39669733451741
Learned,Learned Basis,0.494140625,7.980741902261744e-06,-16.56093093102653
Learned,Learned Basis,0.494384765625,7.641368114896955e-06,-16.749652371564736
Learned,Learned Basis,0.49462890625,7.2734580638480646e-06,-16.96395419832895
Learned,Learned Basis,0.494873046875,6.880541802027318e-06,-17.205137213176723
Learned,Learned Basis,0.4951171875,6.466389597456258e-06,-17.474744918877086
Learned,Learned Basis,0.495361328125,6.034977995224791e-06,-17.774606681160662
Learned,Learned Basis,0.49560546875,5.5904494229448905e-06,-18.106896362800327
Learned,Learned Basis,0.495849609375,5.1370727895128215e-06,-18.47420639541714
Learned,Learned Basis,0.49609375,4.679204414974203e-06,-18.879643408992692
Learned,Learned Basis,0.496337890625,4.221244324949332e-06,-19.326958692476637
Learned,Learned Basis,0.49658203125,3.7675966010682742e-06,-19.820719625975883
Learned,Learned Basis,0.496826171875,3.3226245993119658e-06,-20.366550829455345
Learned,Learned Basis,0.4970703125,2.890611383223017e-06,-20.9714665042817
Learned,Learned Basis,0.497314453125,2.4757183360509028e-06,-21.644351258082267
Learned,Learned Basis,0.49755859375,2.0819438970607223e-06,-22.39667336792492
Learned,Learned Basis,0.497802734375,1.713087098833111e-06,-23.243569145761576
Learned,Learned Basis,0.498046875,1.37271100109452e-06,-24.20557244833394
Learned,Learned Basis,0.498291015625,1.0641068695288793e-06,-25.31151112160018
Learned,Learned Basis,0.49853515625,7.902647283189023e-07,-26.60363760406443
Learned,Learned Basis,0.498779296875,5.538430642363672e-07,-28.147496376026545
Learned,Learned Basis,0.4990234375,3.5714404566405037e-07,-30.052929450986902
Learned,Learned Basis,0.499267578125,2.0209125075635848e-07,-32.525888472439284
Learned,Learned Basis,0.49951171875,9.021079457753616e-08,-36.02877850918063
Learned,Learned Basis,0.499755859375,2.2616673920952743e-08,-42.03707622449176
