method,method_label,eps,stream,diag_magnitude
Learned,Learned Basis,-0.2,0,0.9792045950889587
Learned,Learned Basis,-0.2,1,0.9811063408851624
Learned,Learned Basis,-0.2,2,0.9771724343299866
Learned,Learned Basis,-0.2,3,0.9807690382003784
Learned,Learned Basis,-0.2,4,0.980699896812439
Learned,Learned Basis,-0.2,5,0.9785990715026855
Learned,Learned Basis,-0.2,6,0.9774735569953918
Learned,Learned Basis,-0.2,7,0.9803793430328369
Learned,Learned Basis,-0.2,8,0.9797468781471252
Learned,Learned Basis,-0.2,9,0.9787274599075317
Learned,Learned Basis,-0.2,10,0.9805963039398193
Learned,Learned Basis,-0.2,11,0.9803147315979004
Learned,Learned Basis,-0.2,12,0.9801753163337708
Learned,Learned Basis,-0.2,13,0.9811039566993713
Learned,Learned Basis,-0.2,14,0.9791489243507385
Learned,Learned Basis,-0.2,15,0.9851470589637756
Learned,Learned Basis,-0.2,16,0.9790797233581543
Learned,Learned Basis,-0.2,17,0.981128990650177
Learned,Learned Basis,-0.2,18,0.9809718728065491
Learned,Learned Basis,-0.2,19,0.9803169965744019
Learned,Learned Basis,-0.2,20,0.9781590700149536
Learned,Learned Basis,-0.2,21,0.9758349657058716
Learned,Learned Basis,-0.2,22,0.9633352756500244
Learned,Learned Basis,-0.2,23,0.941754162311554
Learned,Learned Basis,-0.2,24,0.9447649717330933
Learned,Learned Basis,-0.2,25,0.9431151747703552
Learned,Learned Basis,-0.2,26,0.9521655440330505
Learned,Learned Basis,-0.2,27,0.9645717740058899
Learned,Learned Basis,-0.2,28,0.9528630971908569
Learned,Learned Basis,-0.2,29,0.9547393321990967
Learned,Learned Basis,-0.2,30,0.9673668742179871
Learned,Learned Basis,-0.2,31,0.9690849781036377
Learned,Learned Basis,-0.2,32,0.9665703177452087
Learned,Learned Basis,-0.2,33,0.9712023735046387
Learned,Learned Basis,-0.2,34,0.9707200527191162
Learned,Learned Basis,-0.2,35,0.9752925634384155
Learned,Learned Basis,-0.2,36,0.9725807905197144
Learned,Learned Basis,-0.2,37,0.974300742149353
Learned,Learned Basis,-0.2,38,0.9750891327857971
Learned,Learned Basis,-0.2,39,0.9763995409011841
Learned,Learned Basis,-0.2,40,0.973905086517334
Learned,Learned Basis,-0.2,41,0.9762625694274902
Learned,Learned Basis,-0.2,42,0.9769883155822754
Learned,Learned Basis,-0.2,43,0.9763416051864624
Learned,Learned Basis,-0.2,44,0.9769415259361267
Learned,Learned Basis,-0.19,0,0.9793540239334106
Learned,Learned Basis,-0.19,1,0.9812448024749756
Learned,Learned Basis,-0.19,2,0.9773218035697937
Learned,Learned Basis,-0.19,3,0.9809104800224304
Learned,Learned Basis,-0.19,4,0.980850100517273
Learned,Learned Basis,-0.19,5,0.9787326455116272
Learned,Learned Basis,-0.19,6,0.9776079654693604
Learned,Learned Basis,-0.19,7,0.9805140495300293
Learned,Learned Basis,-0.19,8,0.9798744320869446
Learned,Learned Basis,-0.19,9,0.9788570404052734
Learned,Learned Basis,-0.19,10,0.9807406067848206
Learned,Learned Basis,-0.19,11,0.9804567694664001
Learned,Learned Basis,-0.19,12,0.9803164005279541
Learned,Learned Basis,-0.19,13,0.981263279914856
Learned,Learned Basis,-0.19,14,0.9792866110801697
Learned,Learned Basis,-0.19,15,0.9853218197822571
Learned,Learned Basis,-0.19,16,0.9792606234550476
Learned,Learned Basis,-0.19,17,0.981340229511261
Learned,Learned Basis,-0.19,18,0.9811984896659851
Learned,Learned Basis,-0.19,19,0.9805721044540405
Learned,Learned Basis,-0.19,20,0.9784914255142212
Learned,Learned Basis,-0.19,21,0.9764317870140076
Learned,Learned Basis,-0.19,22,0.9648571610450745
Learned,Learned Basis,-0.19,23,0.9454003572463989
Learned,Learned Basis,-0.19,24,0.9484032392501831
Learned,Learned Basis,-0.19,25,0.9468400478363037
Learned,Learned Basis,-0.19,26,0.9545199275016785
Learned,Learned Basis,-0.19,27,0.9652839303016663
Learned,Learned Basis,-0.19,28,0.9547639489173889
Learned,Learned Basis,-0.19,29,0.9564264416694641
Learned,Learned Basis,-0.19,30,0.9679442048072815
Learned,Learned Basis,-0.19,31,0.9694586396217346
Learned,Learned Basis,-0.19,32,0.9669671058654785
Learned,Learned Basis,-0.19,33,0.9717313647270203
Learned,Learned Basis,-0.19,34,0.9710182547569275
Learned,Learned Basis,-0.19,35,0.9755301475524902
Learned,Learned Basis,-0.19,36,0.9728147387504578
Learned,Learned Basis,-0.19,37,0.9745548963546753
Learned,Learned Basis,-0.19,38,0.9752951860427856
Learned,Learned Basis,-0.19,39,0.9765956401824951
Learned,Learned Basis,-0.19,40,0.9741126894950867
Learned,Learned Basis,-0.19,41,0.9764464497566223
Learned,Learned Basis,-0.19,42,0.9771398901939392
Learned,Learned Basis,-0.19,43,0.9765039682388306
Learned,Learned Basis,-0.19,44,0.9770937561988831
Learned,Learned Basis,-0.18000000000000002,0,0.9794967174530029
Learned,Learned Basis,-0.18000000000000002,1,0.9813758134841919
Learned,Learned Basis,-0.18000000000000002,2,0.9774638414382935
Learned,Learned Basis,-0.18000000000000002,3,0.9810450673103333
Learned,Learned Basis,-0.18000000000000002,4,0.9809932708740234
Learned,Learned Basis,-0.18000000000000002,5,0.9788591861724854
Learned,Learned Basis,-0.18000000000000002,6,0.9777364134788513
Learned,Learned Basis,-0.18000000000000002,7,0.9806433916091919
Learned,Learned Basis,-0.18000000000000002,8,0.9799957871437073
Learned,Learned Basis,-0.18000000000000002,9,0.9789814352989197
Learned,Learned Basis,-0.18000000000000002,10,0.9808787703514099
Learned,Learned Basis,-0.18000000000000002,11,0.9805930256843567
Learned,Learned Basis,-0.18000000000000002,12,0.9804506897926331
Learned,Learned Basis,-0.18000000000000002,13,0.9814156293869019
Learned,Learned Basis,-0.18000000000000002,14,0.9794185757637024
Learned,Learned Basis,-0.18000000000000002,15,0.9854892492294312
Learned,Learned Basis,-0.18000000000000002,16,0.9794344305992126
Learned,Learned Basis,-0.18000000000000002,17,0.9815429449081421
Learned,Learned Basis,-0.18000000000000002,18,0.9814165234565735
Learned,Learned Basis,-0.18000000000000002,19,0.9808191061019897
Learned,Learned Basis,-0.18000000000000002,20,0.9788122773170471
Learned,Learned Basis,-0.18000000000000002,21,0.9770103693008423
Learned,Learned Basis,-0.18000000000000002,22,0.9663304686546326
Learned,Learned Basis,-0.18000000000000002,23,0.9489139318466187
Learned,Learned Basis,-0.18000000000000002,24,0.9518742561340332
Learned,Learned Basis,-0.18000000000000002,25,0.9503948092460632
Learned,Learned Basis,-0.18000000000000002,26,0.9567590355873108
Learned,Learned Basis,-0.18000000000000002,27,0.9659667611122131
Learned,Learned Basis,-0.18000000000000002,28,0.9565845727920532
Learned,Learned Basis,-0.18000000000000002,29,0.958043098449707
Learned,Learned Basis,-0.18000000000000002,30,0.9684979915618896
Learned,Learned Basis,-0.18000000000000002,31,0.9698166251182556
Learned,Learned Basis,-0.18000000000000002,32,0.9673469066619873
Learned,Learned Basis,-0.18000000000000002,33,0.9722387194633484
Learned,Learned Basis,-0.18000000000000002,34,0.9713019728660583
Learned,Learned Basis,-0.18000000000000002,35,0.9757565259933472
Learned,Learned Basis,-0.18000000000000002,36,0.9730384349822998
Learned,Learned Basis,-0.18000000000000002,37,0.9747973084449768
Learned,Learned Basis,-0.18000000000000002,38,0.9754912853240967
Learned,Learned Basis,-0.18000000000000002,39,0.9767826199531555
Learned,Learned Basis,-0.18000000000000002,40,0.9743103981018066
Learned,Learned Basis,-0.18000000000000002,41,0.9766215085983276
Learned,Learned Basis,-0.18000000000000002,42,0.977283775806427
Learned,Learned Basis,-0.18000000000000002,43,0.976658821105957
Learned,Learned Basis,-0.18000000000000002,44,0.9772387146949768
Learned,Learned Basis,-0.17,0,0.9796320796012878
Learned,Learned Basis,-0.17,1,0.9814999103546143
Learned,Learned Basis,-0.17,2,0.9775987863540649
Learned,Learned Basis,-0.17,3,0.9811730980873108
Learned,Learned Basis,-0.17,4,0.98112952709198
Learned,Learned Basis,-0.17,5,0.9789791703224182
Learned,Learned Basis,-0.17,6,0.9778589010238647
Learned,Learned Basis,-0.17,7,0.9807668328285217
Learned,Learned Basis,-0.17,8,0.9801110625267029
Learned,Learned Basis,-0.17,9,0.979099690914154
Learned,Learned Basis,-0.17,10,0.9810101389884949
Learned,Learned Basis,-0.17,11,0.9807233810424805
Learned,Learned Basis,-0.17,12,0.9805783033370972
Learned,Learned Basis,-0.17,13,0.9815611839294434
Learned,Learned Basis,-0.17,14,0.9795446991920471
Learned,Learned Basis,-0.17,15,0.9856491684913635
Learned,Learned Basis,-0.17,16,0.9795999526977539
Learned,Learned Basis,-0.17,17,0.9817378520965576
Learned,Learned Basis,-0.17,18,0.9816262125968933
Learned,Learned Basis,-0.17,19,0.9810565710067749
Learned,Learned Basis,-0.17,20,0.979120671749115
Learned,Learned Basis,-0.17,21,0.9775688648223877
Learned,Learned Basis,-0.17,22,0.9677506685256958
Learned,Learned Basis,-0.17,23,0.9522861838340759
Learned,Learned Basis,-0.17,24,0.9551751017570496
Learned,Learned Basis,-0.17,25,0.9537769556045532
Learned,Learned Basis,-0.17,26,0.958881139755249
Learned,Learned Basis,-0.17,27,0.9666184782981873
Learned,Learned Basis,-0.17,28,0.9583224058151245
Learned,Learned Basis,-0.17,29,0.959587574005127
Learned,Learned Basis,-0.17,30,0.9690272212028503
Learned,Learned Basis,-0.17,31,0.9701586365699768
Learned,Learned Basis,-0.17,32,0.9677087664604187
Learned,Learned Basis,-0.17,33,0.9727235436439514
Learned,Learned Basis,-0.17,34,0.9715722799301147
Learned,Learned Basis,-0.17,35,0.975971519947052
Learned,Learned Basis,-0.17,36,0.9732514023780823
Learned,Learned Basis,-0.17,37,0.9750276207923889
Learned,Learned Basis,-0.17,38,0.9756781458854675
Learned,Learned Basis,-0.17,39,0.9769600033760071
Learned,Learned Basis,-0.17,40,0.9744983315467834
Learned,Learned Basis,-0.17,41,0.9767874479293823
Learned,Learned Basis,-0.17,42,0.9774207472801208
Learned,Learned Basis,-0.17,43,0.9768059253692627
Learned,Learned Basis,-0.17,44,0.9773765802383423
Learned,Learned Basis,-0.16,0,0.9797602295875549
Learned,Learned Basis,-0.16,1,0.9816169142723083
Learned,Learned Basis,-0.16,2,0.9777265191078186
Learned,Learned Basis,-0.16,3,0.9812946319580078
Learned,Learned Basis,-0.16,4,0.9812584519386292
Learned,Learned Basis,-0.16,5,0.9790914058685303
Learned,Learned Basis,-0.16,6,0.9779751300811768
Learned,Learned Basis,-0.16,7,0.9808842539787292
Learned,Learned Basis,-0.16,8,0.9802200198173523
Learned,Learned Basis,-0.16,9,0.9792122840881348
Learned,Learned Basis,-0.16,10,0.9811349511146545
Learned,Learned Basis,-0.16,11,0.9808478951454163
Learned,Learned Basis,-0.16,12,0.9806985855102539
Learned,Learned Basis,-0.16,13,0.9816991686820984
Learned,Learned Basis,-0.16,14,0.9796645641326904
Learned,Learned Basis,-0.16,15,0.9858015179634094
Learned,Learned Basis,-0.16,16,0.9797576665878296
Learned,Learned Basis,-0.16,17,0.9819237589836121
Learned,Learned Basis,-0.16,18,0.9818264245986938
Learned,Learned Basis,-0.16,19,0.9812839031219482
Learned,Learned Basis,-0.16,20,0.9794155955314636
Learned,Learned Basis,-0.16,21,0.978105902671814
Learned,Learned Basis,-0.16,22,0.969113826751709
Learned,Learned Basis,-0.16,23,0.9555093050003052
Learned,Learned Basis,-0.16,24,0.9583028554916382
Learned,Learned Basis,-0.16,25,0.9569824934005737
Learned,Learned Basis,-0.16,26,0.9608857035636902
Learned,Learned Basis,-0.16,27,0.9672388434410095
Learned,Learned Basis,-0.16,28,0.9599747061729431
Learned,Learned Basis,-0.16,29,0.9610575437545776
Learned,Learned Basis,-0.16,30,0.9695321321487427
Learned,Learned Basis,-0.16,31,0.9704843163490295
Learned,Learned Basis,-0.16,32,0.9680524468421936
Learned,Learned Basis,-0.16,33,0.9731857180595398
Learned,Learned Basis,-0.16,34,0.9718278646469116
Learned,Learned Basis,-0.16,35,0.976174533367157
Learned,Learned Basis,-0.16,36,0.97345370054245
Learned,Learned Basis,-0.16,37,0.9752458333969116
Learned,Learned Basis,-0.16,38,0.9758551716804504
Learned,Learned Basis,-0.16,39,0.9771276712417603
Learned,Learned Basis,-0.16,40,0.9746761918067932
Learned,Learned Basis,-0.16,41,0.9769442081451416
Learned,Learned Basis,-0.16,42,0.977550208568573
Learned,Learned Basis,-0.16,43,0.9769457578659058
Learned,Learned Basis,-0.16,44,0.9775070548057556
Learned,Learned Basis,-0.15000000000000002,0,0.9798811078071594
Learned,Learned Basis,-0.15000000000000002,1,0.9817268252372742
Learned,Learned Basis,-0.15000000000000002,2,0.977847158908844
Learned,Learned Basis,-0.15000000000000002,3,0.9814093708992004
Learned,Learned Basis,-0.15000000000000002,4,0.9813804626464844
Learned,Learned Basis,-0.15000000000000002,5,0.9791971445083618
Learned,Learned Basis,-0.15000000000000002,6,0.9780851602554321
Learned,Learned Basis,-0.15000000000000002,7,0.9809958338737488
Learned,Learned Basis,-0.15000000000000002,8,0.9803228378295898
Learned,Learned Basis,-0.15000000000000002,9,0.9793181419372559
Learned,Learned Basis,-0.15000000000000002,10,0.9812527298927307
Learned,Learned Basis,-0.15000000000000002,11,0.9809662699699402
Learned,Learned Basis,-0.15000000000000002,12,0.9808117151260376
Learned,Learned Basis,-0.15000000000000002,13,0.981829822063446
Learned,Learned Basis,-0.15000000000000002,14,0.9797783493995667
Learned,Learned Basis,-0.15000000000000002,15,0.9859460592269897
Learned,Learned Basis,-0.15000000000000002,16,0.9799068570137024
Learned,Learned Basis,-0.15000000000000002,17,0.9821006059646606
Learned,Learned Basis,-0.15000000000000002,18,0.982016921043396
Learned,Learned Basis,-0.15000000000000002,19,0.9815015196800232
Learned,Learned Basis,-0.15000000000000002,20,0.9796971678733826
Learned,Learned Basis,-0.15000000000000002,21,0.9786197543144226
Learned,Learned Basis,-0.15000000000000002,22,0.9704149961471558
Learned,Learned Basis,-0.15000000000000002,23,0.9585756063461304
Learned,Learned Basis,-0.15000000000000002,24,0.9612554907798767
Learned,Learned Basis,-0.15000000000000002,25,0.9600098133087158
Learned,Learned Basis,-0.15000000000000002,26,0.9627707600593567
Learned,Learned Basis,-0.15000000000000002,27,0.967826783657074
Learned,Learned Basis,-0.15000000000000002,28,0.961539626121521
Learned,Learned Basis,-0.15000000000000002,29,0.9624508023262024
Learned,Learned Basis,-0.15000000000000002,30,0.9700109362602234
Learned,Learned Basis,-0.15000000000000002,31,0.9707931876182556
Learned,Learned Basis,-0.15000000000000002,32,0.968377411365509
Learned,Learned Basis,-0.15000000000000002,33,0.9736243486404419
Learned,Learned Basis,-0.15000000000000002,34,0.972068727016449
Learned,Learned Basis,-0.15000000000000002,35,0.9763658046722412
Learned,Learned Basis,-0.15000000000000002,36,0.9736446738243103
Learned,Learned Basis,-0.15000000000000002,37,0.9754517674446106
Learned,Learned Basis,-0.15000000000000002,38,0.9760223627090454
Learned,Learned Basis,-0.15000000000000002,39,0.977285623550415
Learned,Learned Basis,-0.15000000000000002,40,0.9748440980911255
Learned,Learned Basis,-0.15000000000000002,41,0.977091908454895
Learned,Learned Basis,-0.15000000000000002,42,0.9776721596717834
Learned,Learned Basis,-0.15000000000000002,43,0.9770774841308594
Learned,Learned Basis,-0.15000000000000002,44,0.9776301383972168
Learned,Learned Basis,-0.14,0,0.9799947142601013
Learned,Learned Basis,-0.14,1,0.9818295240402222
Learned,Learned Basis,-0.14,2,0.9779604077339172
Learned,Learned Basis,-0.14,3,0.9815171360969543
Learned,Learned Basis,-0.14,4,0.9814949035644531
Learned,Learned Basis,-0.14,5,0.9792954325675964
Learned,Learned Basis,-0.14,6,0.9781889915466309
Learned,Learned Basis,-0.14,7,0.9811011552810669
Learned,Learned Basis,-0.14,8,0.980418860912323
Learned,Learned Basis,-0.14,9,0.9794186353683472
Learned,Learned Basis,-0.14,10,0.9813635945320129
Learned,Learned Basis,-0.14,11,0.9810786247253418
Learned,Learned Basis,-0.14,12,0.9809176325798035
Learned,Learned Basis,-0.14,13,0.981952965259552
Learned,Learned Basis,-0.14,14,0.9798856973648071
Learned,Learned Basis,-0.14,15,0.9860825538635254
Learned,Learned Basis,-0.14,16,0.9800471067428589
Learned,Learned Basis,-0.14,17,0.9822679758071899
Learned,Learned Basis,-0.14,18,0.9821974635124207
Learned,Learned Basis,-0.14,19,0.9817076325416565
Learned,Learned Basis,-0.14,20,0.9799638390541077
Learned,Learned Basis,-0.14,21,0.9791089296340942
Learned,Learned Basis,-0.14,22,0.9716508984565735
Learned,Learned Basis,-0.14,23,0.9614778757095337
Learned,Learned Basis,-0.14,24,0.9640303254127502
Learned,Learned Basis,-0.14,25,0.9628552198410034
Learned,Learned Basis,-0.14,26,0.9645360708236694
Learned,Learned Basis,-0.14,27,0.968380868434906
Learned,Learned Basis,-0.14,28,0.9630146622657776
Learned,Learned Basis,-0.14,29,0.963765561580658
Learned,Learned Basis,-0.14,30,0.9704633951187134
Learned,Learned Basis,-0.14,31,0.9710845947265625
Learned,Learned Basis,-0.14,32,0.9686834812164307
Learned,Learned Basis,-0.14,33,0.9740390181541443
Learned,Learned Basis,-0.14,34,0.9722946286201477
Learned,Learned Basis,-0.14,35,0.9765447378158569
Learned,Learned Basis,-0.14,36,0.9738245606422424
Learned,Learned Basis,-0.14,37,0.9756452441215515
Learned,Learned Basis,-0.14,38,0.9761796593666077
Learned,Learned Basis,-0.14,39,0.9774343967437744
Learned,Learned Basis,-0.14,40,0.9750015139579773
Learned,Learned Basis,-0.14,41,0.9772303700447083
Learned,Learned Basis,-0.14,42,0.9777864813804626
Learned,Learned Basis,-0.14,43,0.9772013425827026
Learned,Learned Basis,-0.14,44,0.9777457118034363
Learned,Learned Basis,-0.13,0,0.9801008701324463
Learned,Learned Basis,-0.13,1,0.981924831867218
Learned,Learned Basis,-0.13,2,0.9780662059783936
Learned,Learned Basis,-0.13,3,0.9816179871559143
Learned,Learned Basis,-0.13,4,0.981602132320404
Learned,Learned Basis,-0.13,5,0.9793861508369446
Learned,Learned Basis,-0.13,6,0.978286862373352
Learned,Learned Basis,-0.13,7,0.9812001585960388
Learned,Learned Basis,-0.13,8,0.9805086851119995
Learned,Learned Basis,-0.13,9,0.979512631893158
Learned,Learned Basis,-0.13,10,0.9814673066139221
Learned,Learned Basis,-0.13,11,0.9811847805976868
Learned,Learned Basis,-0.13,12,0.9810159802436829
Learned,Learned Basis,-0.13,13,0.9820683002471924
Learned,Learned Basis,-0.13,14,0.9799864888191223
Learned,Learned Basis,-0.13,15,0.9862105250358582
Learned,Learned Basis,-0.13,16,0.9801785945892334
Learned,Learned Basis,-0.13,17,0.9824256300926208
Learned,Learned Basis,-0.13,18,0.9823676347732544
Learned,Learned Basis,-0.13,19,0.9819028973579407
Learned,Learned Basis,-0.13,20,0.9802156090736389
Learned,Learned Basis,-0.13,21,0.9795715808868408
Learned,Learned Basis,-0.13,22,0.9728177189826965
Learned,Learned Basis,-0.13,23,0.9642096161842346
Learned,Learned Basis,-0.13,24,0.9666252136230469
Learned,Learned Basis,-0.13,25,0.9655168652534485
Learned,Learned Basis,-0.13,26,0.9661800861358643
Learned,Learned Basis,-0.13,27,0.9689009785652161
Learned,Learned Basis,-0.13,28,0.9643980264663696
Learned,Learned Basis,-0.13,29,0.9650004506111145
Learned,Learned Basis,-0.13,30,0.9708892107009888
Learned,Learned Basis,-0.13,31,0.9713578224182129
Learned,Learned Basis,-0.13,32,0.9689698815345764
Learned,Learned Basis,-0.13,33,0.974429190158844
Learned,Learned Basis,-0.13,34,0.9725053906440735
Learned,Learned Basis,-0.13,35,0.9767111539840698
Learned,Learned Basis,-0.13,36,0.9739932417869568
Learned,Learned Basis,-0.13,37,0.9758259057998657
Learned,Learned Basis,-0.13,38,0.976326584815979
Learned,Learned Basis,-0.13,39,0.9775726199150085
Learned,Learned Basis,-0.13,40,0.9751486778259277
Learned,Learned Basis,-0.13,41,0.9773593544960022
Learned,Learned Basis,-0.13,42,0.9778933525085449
Learned,Learned Basis,-0.13,43,0.9773175120353699
Learned,Learned Basis,-0.13,44,0.9778538942337036
Learned,Learned Basis,-0.12000000000000001,0,0.9801999926567078
Learned,Learned Basis,-0.12000000000000001,1,0.9820131063461304
Learned,Learned Basis,-0.12000000000000001,2,0.9781647324562073
Learned,Learned Basis,-0.12000000000000001,3,0.9817120432853699
Learned,Learned Basis,-0.12000000000000001,4,0.981701672077179
Learned,Learned Basis,-0.12000000000000001,5,0.9794697761535645
Learned,Learned Basis,-0.12000000000000001,6,0.978377640247345
Learned,Learned Basis,-0.12000000000000001,7,0.981293261051178
Learned,Learned Basis,-0.12000000000000001,8,0.980591893196106
Learned,Learned Basis,-0.12000000000000001,9,0.9796005487442017
Learned,Learned Basis,-0.12000000000000001,10,0.9815641045570374
Learned,Learned Basis,-0.12000000000000001,11,0.9812843203544617
Learned,Learned Basis,-0.12000000000000001,12,0.9811069965362549
Learned,Learned Basis,-0.12000000000000001,13,0.9821755886077881
Learned,Learned Basis,-0.12000000000000001,14,0.980080783367157
Learned,Learned Basis,-0.12000000000000001,15,0.9863295555114746
Learned,Learned Basis,-0.12000000000000001,16,0.9803011417388916
Learned,Learned Basis,-0.12000000000000001,17,0.9825729727745056
Learned,Learned Basis,-0.12000000000000001,18,0.9825271368026733
Learned,Learned Basis,-0.12000000000000001,19,0.9820858836174011
Learned,Learned Basis,-0.12000000000000001,20,0.9804510474205017
Learned,Learned Basis,-0.12000000000000001,21,0.9800071716308594
Learned,Learned Basis,-0.12000000000000001,22,0.9739118814468384
Learned,Learned Basis,-0.12000000000000001,23,0.9667642712593079
Learned,Learned Basis,-0.12000000000000001,24,0.969038188457489
Learned,Learned Basis,-0.12000000000000001,25,0.9679921865463257
Learned,Learned Basis,-0.12000000000000001,26,0.9677020907402039
Learned,Learned Basis,-0.12000000000000001,27,0.9693863987922668
Learned,Learned Basis,-0.12000000000000001,28,0.9656872153282166
Learned,Learned Basis,-0.12000000000000001,29,0.9661529064178467
Learned,Learned Basis,-0.12000000000000001,30,0.9712873697280884
Learned,Learned Basis,-0.12000000000000001,31,0.9716130495071411
Learned,Learned Basis,-0.12000000000000001,32,0.9692369103431702
Learned,Learned Basis,-0.12000000000000001,33,0.9747942686080933
Learned,Learned Basis,-0.12000000000000001,34,0.9727005362510681
Learned,Learned Basis,-0.12000000000000001,35,0.976865291595459
Learned,Learned Basis,-0.12000000000000001,36,0.9741503596305847
Learned,Learned Basis,-0.12000000000000001,37,0.9759939312934875
Learned,Learned Basis,-0.12000000000000001,38,0.9764634370803833
Learned,Learned Basis,-0.12000000000000001,39,0.9777007102966309
Learned,Learned Basis,-0.12000000000000001,40,0.975285530090332
Learned,Learned Basis,-0.12000000000000001,41,0.9774790406227112
Learned,Learned Basis,-0.12000000000000001,42,0.9779924154281616
Learned,Learned Basis,-0.12000000000000001,43,0.9774255156517029
Learned,Learned Basis,-0.12000000000000001,44,0.977954626083374
Learned,Learned Basis,-0.11000000000000001,0,0.9802911877632141
Learned,Learned Basis,-0.11000000000000001,1,0.9820938110351562
Learned,Learned Basis,-0.11000000000000001,2,0.9782559871673584
Learned,Learned Basis,-0.11000000000000001,3,0.9817990660667419
Learned,Learned Basis,-0.11000000000000001,4,0.981793999671936
Learned,Learned Basis,-0.11000000000000001,5,0.9795457720756531
Learned,Learned Basis,-0.11000000000000001,6,0.9784623384475708
Learned,Learned Basis,-0.11000000000000001,7,0.981380045413971
Learned,Learned Basis,-0.11000000000000001,8,0.9806683659553528
Learned,Learned Basis,-0.11000000000000001,9,0.9796820878982544
Learned,Learned Basis,-0.11000000000000001,10,0.9816532731056213
Learned,Learned Basis,-0.11000000000000001,11,0.981377363204956
Learned,Learned Basis,-0.11000000000000001,12,0.9811901450157166
Learned,Learned Basis,-0.11000000000000001,13,0.9822744727134705
Learned,Learned Basis,-0.11000000000000001,14,0.9801678657531738
Learned,Learned Basis,-0.11000000000000001,15,0.9864403009414673
Learned,Learned Basis,-0.11000000000000001,16,0.980413556098938
Learned,Learned Basis,-0.11000000000000001,17,0.9827098250389099
Learned,Learned Basis,-0.11000000000000001,18,0.9826750159263611
Learned,Learned Basis,-0.11000000000000001,19,0.9822568893432617
Learned,Learned Basis,-0.11000000000000001,20,0.9806700348854065
Learned,Learned Basis,-0.11000000000000001,21,0.9804139733314514
Learned,Learned Basis,-0.11000000000000001,22,0.9749298691749573
Learned,Learned Basis,-0.11000000000000001,23,0.9691359400749207
Learned,Learned Basis,-0.11000000000000001,24,0.9712673425674438
Learned,Learned Basis,-0.11000000000000001,25,0.9702790975570679
Learned,Learned Basis,-0.11000000000000001,26,0.9691011309623718
Learned,Learned Basis,-0.11000000000000001,27,0.9698359370231628
Learned,Learned Basis,-0.11000000000000001,28,0.966881275177002
Learned,Learned Basis,-0.11000000000000001,29,0.9672217965126038
Learned,Learned Basis,-0.11000000000000001,30,0.9716572165489197
Learned,Learned Basis,-0.11000000000000001,31,0.9718499183654785
Learned,Learned Basis,-0.11000000000000001,32,0.9694835543632507
Learned,Learned Basis,-0.11000000000000001,33,0.975134015083313
Learned,Learned Basis,-0.11000000000000001,34,0.9728800654411316
Learned,Learned Basis,-0.11000000000000001,35,0.9770065546035767
Learned,Learned Basis,-0.11000000000000001,36,0.9742957949638367
Learned,Learned Basis,-0.11000000000000001,37,0.9761489629745483
Learned,Learned Basis,-0.11000000000000001,38,0.9765899181365967
Learned,Learned Basis,-0.11000000000000001,39,0.9778191447257996
Learned,Learned Basis,-0.11000000000000001,40,0.9754118919372559
Learned,Learned Basis,-0.11000000000000001,41,0.9775891304016113
Learned,Learned Basis,-0.11000000000000001,42,0.9780839085578918
Learned,Learned Basis,-0.11000000000000001,43,0.9775256514549255
Learned,Learned Basis,-0.11000000000000001,44,0.9780474305152893
Learned,Learned Basis,-0.1,0,0.9803749918937683
Learned,Learned Basis,-0.1,1,0.9821670651435852
Learned,Learned Basis,-0.1,2,0.9783393144607544
Learned,Learned Basis,-0.1,3,0.9818791151046753
Learned,Learned Basis,-0.1,4,0.981878399848938
Learned,Learned Basis,-0.1,5,0.9796146154403687
Learned,Learned Basis,-0.1,6,0.9785404801368713
Learned,Learned Basis,-0.1,7,0.9814603328704834
Learned,Learned Basis,-0.1,8,0.9807383418083191
Learned,Learned Basis,-0.1,9,0.9797569513320923
Learned,Learned Basis,-0.1,10,0.9817350506782532
Learned,Learned Basis,-0.1,11,0.9814639091491699
Learned,Learned Basis,-0.1,12,0.9812655448913574
Learned,Learned Basis,-0.1,13,0.9823654294013977
Learned,Learned Basis,-0.1,14,0.980248212814331
Learned,Learned Basis,-0.1,15,0.9865413308143616
Learned,Learned Basis,-0.1,16,0.9805169105529785
Learned,Learned Basis,-0.1,17,0.982835590839386
Learned,Learned Basis,-0.1,18,0.9828117489814758
Learned,Learned Basis,-0.1,19,0.9824151396751404
Learned,Learned Basis,-0.1,20,0.9808722734451294
Learned,Learned Basis,-0.1,21,0.980790913105011
Learned,Learned Basis,-0.1,22,0.975868821144104
Learned,Learned Basis,-0.1,23,0.9713194370269775
Learned,Learned Basis,-0.1,24,0.9733104109764099
Learned,Learned Basis,-0.1,25,0.972375750541687
Learned,Learned Basis,-0.1,26,0.9703765511512756
Learned,Learned Basis,-0.1,27,0.9702496528625488
Learned,Learned Basis,-0.1,28,0.9679781198501587
Learned,Learned Basis,-0.1,29,0.9682055711746216
Learned,Learned Basis,-0.1,30,0.9719985723495483
Learned,Learned Basis,-0.1,31,0.9720673561096191
Learned,Learned Basis,-0.1,32,0.9697098731994629
Learned,Learned Basis,-0.1,33,0.9754481315612793
Learned,Learned Basis,-0.1,34,0.9730437994003296
Learned,Learned Basis,-0.1,35,0.9771347045898438
Learned,Learned Basis,-0.1,36,0.9744293689727783
Learned,Learned Basis,-0.1,37,0.9762904644012451
Learned,Learned Basis,-0.1,38,0.9767059087753296
Learned,Learned Basis,-0.1,39,0.9779272079467773
Learned,Learned Basis,-0.1,40,0.9755273461341858
Learned,Learned Basis,-0.1,41,0.9776898622512817
Learned,Learned Basis,-0.1,42,0.9781675934791565
Learned,Learned Basis,-0.1,43,0.9776178002357483
Learned,Learned Basis,-0.1,44,0.9781326651573181
Learned,Learned Basis,-0.09000000000000001,0,0.9804513454437256
Learned,Learned Basis,-0.09000000000000001,1,0.9822331666946411
Learned,Learned Basis,-0.09000000000000001,2,0.9784154295921326
Learned,Learned Basis,-0.09000000000000001,3,0.9819518327713013
Learned,Learned Basis,-0.09000000000000001,4,0.981955349445343
Learned,Learned Basis,-0.09000000000000001,5,0.9796755909919739
Learned,Learned Basis,-0.09000000000000001,6,0.9786117672920227
Learned,Learned Basis,-0.09000000000000001,7,0.9815341234207153
Learned,Learned Basis,-0.09000000000000001,8,0.9808014035224915
Learned,Learned Basis,-0.09000000000000001,9,0.9798253774642944
Learned,Learned Basis,-0.09000000000000001,10,0.9818093776702881
Learned,Learned Basis,-0.09000000000000001,11,0.9815437197685242
Learned,Learned Basis,-0.09000000000000001,12,0.9813327789306641
Learned,Learned Basis,-0.09000000000000001,13,0.9824481010437012
Learned,Learned Basis,-0.09000000000000001,14,0.980320930480957
Learned,Learned Basis,-0.09000000000000001,15,0.9866337180137634
Learned,Learned Basis,-0.09000000000000001,16,0.9806100130081177
Learned,Learned Basis,-0.09000000000000001,17,0.9829505085945129
Learned,Learned Basis,-0.09000000000000001,18,0.9829365015029907
Learned,Learned Basis,-0.09000000000000001,19,0.9825607538223267
Learned,Learned Basis,-0.09000000000000001,20,0.9810567498207092
Learned,Learned Basis,-0.09000000000000001,21,0.9811368584632874
Learned,Learned Basis,-0.09000000000000001,22,0.9767258167266846
Learned,Learned Basis,-0.09000000000000001,23,0.9733095765113831
Learned,Learned Basis,-0.09000000000000001,24,0.9751664400100708
Learned,Learned Basis,-0.09000000000000001,25,0.9742799997329712
Learned,Learned Basis,-0.09000000000000001,26,0.971527636051178
Learned,Learned Basis,-0.09000000000000001,27,0.9706261157989502
Learned,Learned Basis,-0.09000000000000001,28,0.9689759612083435
Learned,Learned Basis,-0.09000000000000001,29,0.9691029191017151
Learned,Learned Basis,-0.09000000000000001,30,0.9723109006881714
Learned,Learned Basis,-0.09000000000000001,31,0.9722656607627869
Learned,Learned Basis,-0.09000000000000001,32,0.9699154496192932
Learned,Learned Basis,-0.09000000000000001,33,0.975735604763031
Learned,Learned Basis,-0.09000000000000001,34,0.9731913805007935
Learned,Learned Basis,-0.09000000000000001,35,0.9772498607635498
Learned,Learned Basis,-0.09000000000000001,36,0.9745511412620544
Learned,Learned Basis,-0.09000000000000001,37,0.9764193892478943
Learned,Learned Basis,-0.09000000000000001,38,0.9768111109733582
Learned,Learned Basis,-0.09000000000000001,39,0.9780247211456299
Learned,Learned Basis,-0.09000000000000001,40,0.9756324291229248
Learned,Learned Basis,-0.09000000000000001,41,0.9777805209159851
Learned,Learned Basis,-0.09000000000000001,42,0.9782435894012451
Learned,Learned Basis,-0.09000000000000001,43,0.9777014851570129
Learned,Learned Basis,-0.09000000000000001,44,0.97821044921875
Learned,Learned Basis,-0.08000000000000002,0,0.9805200695991516
Learned,Learned Basis,-0.08000000000000002,1,0.9822916388511658
Learned,Learned Basis,-0.08000000000000002,2,0.9784838557243347
Learned,Learned Basis,-0.08000000000000002,3,0.982017457485199
Learned,Learned Basis,-0.08000000000000002,4,0.9820248484611511
Learned,Learned Basis,-0.08000000000000002,5,0.9797292351722717
Learned,Learned Basis,-0.08000000000000002,6,0.978676438331604
Learned,Learned Basis,-0.08000000000000002,7,0.9816012978553772
Learned,Learned Basis,-0.08000000000000002,8,0.9808577299118042
Learned,Learned Basis,-0.08000000000000002,9,0.9798870086669922
Learned,Learned Basis,-0.08000000000000002,10,0.9818763732910156
Learned,Learned Basis,-0.08000000000000002,11,0.981616735458374
Learned,Learned Basis,-0.08000000000000002,12,0.9813922047615051
Learned,Learned Basis,-0.08000000000000002,13,0.9825219511985779
Learned,Learned Basis,-0.08000000000000002,14,0.9803871512413025
Learned,Learned Basis,-0.08000000000000002,15,0.986716628074646
Learned,Learned Basis,-0.08000000000000002,16,0.9806931614875793
Learned,Learned Basis,-0.08000000000000002,17,0.9830541014671326
Learned,Learned Basis,-0.08000000000000002,18,0.9830492734909058
Learned,Learned Basis,-0.08000000000000002,19,0.9826925992965698
Learned,Learned Basis,-0.08000000000000002,20,0.981223464012146
Learned,Learned Basis,-0.08000000000000002,21,0.9814507961273193
Learned,Learned Basis,-0.08000000000000002,22,0.977498471736908
Learned,Learned Basis,-0.08000000000000002,23,0.9751021265983582
Learned,Learned Basis,-0.08000000000000002,24,0.9768339991569519
Learned,Learned Basis,-0.08000000000000002,25,0.9759905934333801
Learned,Learned Basis,-0.08000000000000002,26,0.9725534319877625
Learned,Learned Basis,-0.08000000000000002,27,0.9709653854370117
Learned,Learned Basis,-0.08000000000000002,28,0.9698737263679504
Learned,Learned Basis,-0.08000000000000002,29,0.9699125289916992
Learned,Learned Basis,-0.08000000000000002,30,0.9725934863090515
Learned,Learned Basis,-0.08000000000000002,31,0.9724444150924683
Learned,Learned Basis,-0.08000000000000002,32,0.9701000452041626
Learned,Learned Basis,-0.08000000000000002,33,0.9759969115257263
Learned,Learned Basis,-0.08000000000000002,34,0.9733227491378784
Learned,Learned Basis,-0.08000000000000002,35,0.9773519039154053
Learned,Learned Basis,-0.08000000000000002,36,0.9746609330177307
Learned,Learned Basis,-0.08000000000000002,37,0.9765347242355347
Learned,Learned Basis,-0.08000000000000002,38,0.9769058227539062
Learned,Learned Basis,-0.08000000000000002,39,0.9781119227409363
Learned,Learned Basis,-0.08000000000000002,40,0.9757266640663147
Learned,Learned Basis,-0.08000000000000002,41,0.9778618812561035
Learned,Learned Basis,-0.08000000000000002,42,0.9783114790916443
Learned,Learned Basis,-0.08000000000000002,43,0.977777361869812
Learned,Learned Basis,-0.08000000000000002,44,0.978280246257782
Learned,Learned Basis,-0.07,0,0.9805809855461121
Learned,Learned Basis,-0.07,1,0.9823427796363831
Learned,Learned Basis,-0.07,2,0.9785447120666504
Learned,Learned Basis,-0.07,3,0.9820760488510132
Learned,Learned Basis,-0.07,4,0.982086181640625
Learned,Learned Basis,-0.07,5,0.979775607585907
Learned,Learned Basis,-0.07,6,0.97873455286026
Learned,Learned Basis,-0.07,7,0.9816622138023376
Learned,Learned Basis,-0.07,8,0.9809072017669678
Learned,Learned Basis,-0.07,9,0.9799420833587646
Learned,Learned Basis,-0.07,10,0.9819357395172119
Learned,Learned Basis,-0.07,11,0.9816823601722717
Learned,Learned Basis,-0.07,12,0.981443464756012
Learned,Learned Basis,-0.07,13,0.9825875163078308
Learned,Learned Basis,-0.07,14,0.9804456830024719
Learned,Learned Basis,-0.07,15,0.986789882183075
Learned,Learned Basis,-0.07,16,0.9807665348052979
Learned,Learned Basis,-0.07,17,0.9831464886665344
Learned,Learned Basis,-0.07,18,0.9831497073173523
Learned,Learned Basis,-0.07,19,0.9828111529350281
Learned,Learned Basis,-0.07,20,0.9813714027404785
Learned,Learned Basis,-0.07,21,0.9817317724227905
Learned,Learned Basis,-0.07,22,0.9781846404075623
Learned,Learned Basis,-0.07,23,0.9766925573348999
Learned,Learned Basis,-0.07,24,0.9783110618591309
Learned,Learned Basis,-0.07,25,0.977505624294281
Learned,Learned Basis,-0.07,26,0.9734538793563843
Learned,Learned Basis,-0.07,27,0.9712668657302856
Learned,Learned Basis,-0.07,28,0.9706704020500183
Learned,Learned Basis,-0.07,29,0.9706332087516785
Learned,Learned Basis,-0.07,30,0.9728462100028992
Learned,Learned Basis,-0.07,31,0.9726033210754395
Learned,Learned Basis,-0.07,32,0.9702637791633606
Learned,Learned Basis,-0.07,33,0.976231038570404
Learned,Learned Basis,-0.07,34,0.9734377861022949
Learned,Learned Basis,-0.07,35,0.9774404764175415
Learned,Learned Basis,-0.07,36,0.9747587442398071
Learned,Learned Basis,-0.07,37,0.9766367077827454
Learned,Learned Basis,-0.07,38,0.9769900441169739
Learned,Learned Basis,-0.07,39,0.9781886339187622
Learned,Learned Basis,-0.07,40,0.9758100509643555
Learned,Learned Basis,-0.07,41,0.9779335856437683
Learned,Learned Basis,-0.07,42,0.978371262550354
Learned,Learned Basis,-0.07,43,0.9778448343276978
Learned,Learned Basis,-0.07,44,0.9783421754837036
Learned,Learned Basis,-0.06,0,0.9806344509124756
Learned,Learned Basis,-0.06,1,0.98238605260849
Learned,Learned Basis,-0.06,2,0.9785977602005005
Learned,Learned Basis,-0.06,3,0.9821271300315857
Learned,Learned Basis,-0.06,4,0.9821401834487915
Learned,Learned Basis,-0.06,5,0.9798138737678528
Learned,Learned Basis,-0.06,6,0.9787856340408325
Learned,Learned Basis,-0.06,7,0.9817161560058594
Learned,Learned Basis,-0.06,8,0.9809496998786926
Learned,Learned Basis,-0.06,9,0.9799901843070984
Learned,Learned Basis,-0.06,10,0.981986939907074
Learned,Learned Basis,-0.06,11,0.9817414879798889
Learned,Learned Basis,-0.06,12,0.9814867377281189
Learned,Learned Basis,-0.06,13,0.9826441407203674
Learned,Learned Basis,-0.06,14,0.9804966449737549
Learned,Learned Basis,-0.06,15,0.9868537783622742
Learned,Learned Basis,-0.06,16,0.9808290004730225
Learned,Learned Basis,-0.06,17,0.9832269549369812
Learned,Learned Basis,-0.06,18,0.9832375049591064
Learned,Learned Basis,-0.06,19,0.982915461063385
Learned,Learned Basis,-0.06,20,0.9815005660057068
Learned,Learned Basis,-0.06,21,0.9819793105125427
Learned,Learned Basis,-0.06,22,0.9787817597389221
Learned,Learned Basis,-0.06,23,0.9780776500701904
Learned,Learned Basis,-0.06,24,0.9795969128608704
Learned,Learned Basis,-0.06,25,0.9788239002227783
Learned,Learned Basis,-0.06,26,0.9742282032966614
Learned,Learned Basis,-0.06,27,0.9715300798416138
Learned,Learned Basis,-0.06,28,0.971364438533783
Learned,Learned Basis,-0.06,29,0.9712637662887573
Learned,Learned Basis,-0.06,30,0.9730685949325562
Learned,Learned Basis,-0.06,31,0.9727420806884766
Learned,Learned Basis,-0.06,32,0.9704060554504395
Learned,Learned Basis,-0.06,33,0.976438045501709
Learned,Learned Basis,-0.06,34,0.9735363125801086
Learned,Learned Basis,-0.06,35,0.977515697479248
Learned,Learned Basis,-0.06,36,0.974844217300415
Learned,Learned Basis,-0.06,37,0.976725161075592
Learned,Learned Basis,-0.06,38,0.9770631790161133
Learned,Learned Basis,-0.06,39,0.9782547354698181
Learned,Learned Basis,-0.06,40,0.9758825302124023
Learned,Learned Basis,-0.06,41,0.9779955744743347
Learned,Learned Basis,-0.06,42,0.9784234762191772
Learned,Learned Basis,-0.06,43,0.9779042601585388
Learned,Learned Basis,-0.06,44,0.9783964157104492
Learned,Learned Basis,-0.05000000000000002,0,0.9806801080703735
Learned,Learned Basis,-0.05000000000000002,1,0.9824219346046448
Learned,Learned Basis,-0.05000000000000002,2,0.9786432981491089
Learned,Learned Basis,-0.05000000000000002,3,0.9821709394454956
Learned,Learned Basis,-0.05000000000000002,4,0.9821860194206238
Learned,Learned Basis,-0.05000000000000002,5,0.9798448085784912
Learned,Learned Basis,-0.05000000000000002,6,0.9788298606872559
Learned,Learned Basis,-0.05000000000000002,7,0.9817636609077454
Learned,Learned Basis,-0.05000000000000002,8,0.9809852838516235
Learned,Learned Basis,-0.05000000000000002,9,0.980032205581665
Learned,Learned Basis,-0.05000000000000002,10,0.9820305705070496
Learned,Learned Basis,-0.05000000000000002,11,0.9817929863929749
Learned,Learned Basis,-0.05000000000000002,12,0.981521725654602
Learned,Learned Basis,-0.05000000000000002,13,0.9826919436454773
Learned,Learned Basis,-0.05000000000000002,14,0.9805402159690857
Learned,Learned Basis,-0.05000000000000002,15,0.9869074821472168
Learned,Learned Basis,-0.05000000000000002,16,0.9808812141418457
Learned,Learned Basis,-0.05000000000000002,17,0.9832955002784729
Learned,Learned Basis,-0.05000000000000002,18,0.9833126664161682
Learned,Learned Basis,-0.05000000000000002,19,0.9830058217048645
Learned,Learned Basis,-0.05000000000000002,20,0.9816101789474487
Learned,Learned Basis,-0.05000000000000002,21,0.9821921586990356
Learned,Learned Basis,-0.05000000000000002,22,0.9792885780334473
Learned,Learned Basis,-0.05000000000000002,23,0.9792543649673462
Learned,Learned Basis,-0.05000000000000002,24,0.9806907773017883
Learned,Learned Basis,-0.05000000000000002,25,0.9799445867538452
Learned,Learned Basis,-0.05000000000000002,26,0.9748759269714355
Learned,Learned Basis,-0.05000000000000002,27,0.9717546105384827
Learned,Learned Basis,-0.05000000000000002,28,0.9719551205635071
Learned,Learned Basis,-0.05000000000000002,29,0.9718036651611328
Learned,Learned Basis,-0.05000000000000002,30,0.9732600450515747
Learned,Learned Basis,-0.05000000000000002,31,0.97286057472229
Learned,Learned Basis,-0.05000000000000002,32,0.9705267548561096
Learned,Learned Basis,-0.05000000000000002,33,0.9766176342964172
Learned,Learned Basis,-0.05000000000000002,34,0.9736181497573853
Learned,Learned Basis,-0.05000000000000002,35,0.9775773286819458
Learned,Learned Basis,-0.05000000000000002,36,0.9749175906181335
Learned,Learned Basis,-0.05000000000000002,37,0.9768003821372986
Learned,Learned Basis,-0.05000000000000002,38,0.9771254062652588
Learned,Learned Basis,-0.05000000000000002,39,0.9783106446266174
Learned,Learned Basis,-0.05000000000000002,40,0.975944459438324
Learned,Learned Basis,-0.05000000000000002,41,0.9780474901199341
Learned,Learned Basis,-0.05000000000000002,42,0.9784677028656006
Learned,Learned Basis,-0.05000000000000002,43,0.9779552221298218
Learned,Learned Basis,-0.05000000000000002,44,0.978442907333374
Learned,Learned Basis,-0.04000000000000001,0,0.9807177782058716
Learned,Learned Basis,-0.04000000000000001,1,0.9824504852294922
Learned,Learned Basis,-0.04000000000000001,2,0.9786814451217651
Learned,Learned Basis,-0.04000000000000001,3,0.9822077751159668
Learned,Learned Basis,-0.04000000000000001,4,0.9822242259979248
Learned,Learned Basis,-0.04000000000000001,5,0.9798682332038879
Learned,Learned Basis,-0.04000000000000001,6,0.9788675308227539
Learned,Learned Basis,-0.04000000000000001,7,0.9818041920661926
Learned,Learned Basis,-0.04000000000000001,8,0.9810142517089844
Learned,Learned Basis,-0.04000000000000001,9,0.9800669550895691
Learned,Learned Basis,-0.04000000000000001,10,0.9820666313171387
Learned,Learned Basis,-0.04000000000000001,11,0.9818379282951355
Learned,Learned Basis,-0.04000000000000001,12,0.9815484881401062
Learned,Learned Basis,-0.04000000000000001,13,0.9827311038970947
Learned,Learned Basis,-0.04000000000000001,14,0.9805763959884644
Learned,Learned Basis,-0.04000000000000001,15,0.9869518280029297
Learned,Learned Basis,-0.04000000000000001,16,0.9809232950210571
Learned,Learned Basis,-0.04000000000000001,17,0.9833519458770752
Learned,Learned Basis,-0.04000000000000001,18,0.9833750128746033
Learned,Learned Basis,-0.04000000000000001,19,0.9830817580223083
Learned,Learned Basis,-0.04000000000000001,20,0.9817012548446655
Learned,Learned Basis,-0.04000000000000001,21,0.9823698997497559
Learned,Learned Basis,-0.04000000000000001,22,0.9797033071517944
Learned,Learned Basis,-0.04000000000000001,23,0.9802199602127075
Learned,Learned Basis,-0.04000000000000001,24,0.9815912842750549
Learned,Learned Basis,-0.04000000000000001,25,0.9808659553527832
Learned,Learned Basis,-0.04000000000000001,26,0.9753966331481934
Learned,Learned Basis,-0.04000000000000001,27,0.971940279006958
Learned,Learned Basis,-0.04000000000000001,28,0.972441554069519
Learned,Learned Basis,-0.04000000000000001,29,0.9722518920898438
Learned,Learned Basis,-0.04000000000000001,30,0.9734209179878235
Learned,Learned Basis,-0.04000000000000001,31,0.9729587435722351
Learned,Learned Basis,-0.04000000000000001,32,0.9706257581710815
Learned,Learned Basis,-0.04000000000000001,33,0.9767695069313049
Learned,Learned Basis,-0.04000000000000001,34,0.9736833572387695
Learned,Learned Basis,-0.04000000000000001,35,0.9776255488395691
Learned,Learned Basis,-0.04000000000000001,36,0.9749786257743835
Learned,Learned Basis,-0.04000000000000001,37,0.9768615961074829
Learned,Learned Basis,-0.04000000000000001,38,0.9771769046783447
Learned,Learned Basis,-0.04000000000000001,39,0.9783556461334229
Learned,Learned Basis,-0.04000000000000001,40,0.9759953022003174
Learned,Learned Basis,-0.04000000000000001,41,0.9780896902084351
Learned,Learned Basis,-0.04000000000000001,42,0.9785035848617554
Learned,Learned Basis,-0.04000000000000001,43,0.977997899055481
Learned,Learned Basis,-0.04000000000000001,44,0.9784812331199646
Learned,Learned Basis,-0.03,0,0.9807478189468384
Learned,Learned Basis,-0.03,1,0.9824713468551636
Learned,Learned Basis,-0.03,2,0.9787115454673767
Learned,Learned Basis,-0.03,3,0.9822371602058411
Learned,Learned Basis,-0.03,4,0.9822546243667603
Learned,Learned Basis,-0.03,5,0.9798839092254639
Learned,Learned Basis,-0.03,6,0.9788978099822998
Learned,Learned Basis,-0.03,7,0.9818381071090698
Learned,Learned Basis,-0.03,8,0.9810360670089722
Learned,Learned Basis,-0.03,9,0.9800946712493896
Learned,Learned Basis,-0.03,10,0.9820946455001831
Learned,Learned Basis,-0.03,11,0.981875479221344
Learned,Learned Basis,-0.03,12,0.9815667867660522
Learned,Learned Basis,-0.03,13,0.9827612638473511
Learned,Learned Basis,-0.03,14,0.9806046485900879
Learned,Learned Basis,-0.03,15,0.9869858026504517
Learned,Learned Basis,-0.03,16,0.9809542894363403
Learned,Learned Basis,-0.03,17,0.9833965301513672
Learned,Learned Basis,-0.03,18,0.9834240674972534
Learned,Learned Basis,-0.03,19,0.983143150806427
Learned,Learned Basis,-0.03,20,0.9817721247673035
Learned,Learned Basis,-0.03,21,0.9825122952461243
Learned,Learned Basis,-0.03,22,0.9800248146057129
Learned,Learned Basis,-0.03,23,0.9809719920158386
Learned,Learned Basis,-0.03,24,0.9822975397109985
Learned,Learned Basis,-0.03,25,0.9815883636474609
Learned,Learned Basis,-0.03,26,0.9757903814315796
Learned,Learned Basis,-0.03,27,0.9720867872238159
Learned,Learned Basis,-0.03,28,0.9728233218193054
Learned,Learned Basis,-0.03,29,0.9726078510284424
Learned,Learned Basis,-0.03,30,0.9735503196716309
Learned,Learned Basis,-0.03,31,0.9730361700057983
Learned,Learned Basis,-0.03,32,0.9707030653953552
Learned,Learned Basis,-0.03,33,0.9768934845924377
Learned,Learned Basis,-0.03,34,0.9737318158149719
Learned,Learned Basis,-0.03,35,0.9776600003242493
Learned,Learned Basis,-0.03,36,0.975027322769165
Learned,Learned Basis,-0.03,37,0.9769092202186584
Learned,Learned Basis,-0.03,38,0.9772173166275024
Learned,Learned Basis,-0.03,39,0.9783900380134583
Learned,Learned Basis,-0.03,40,0.976034939289093
Learned,Learned Basis,-0.03,41,0.9781220555305481
Learned,Learned Basis,-0.03,42,0.9785315990447998
Learned,Learned Basis,-0.03,43,0.978032112121582
Learned,Learned Basis,-0.03,44,0.9785118699073792
Learned,Learned Basis,-0.020000000000000018,0,0.9807702898979187
Learned,Learned Basis,-0.020000000000000018,1,0.9824845790863037
Learned,Learned Basis,-0.020000000000000018,2,0.9787338972091675
Learned,Learned Basis,-0.020000000000000018,3,0.982259213924408
Learned,Learned Basis,-0.020000000000000018,4,0.9822772741317749
Learned,Learned Basis,-0.020000000000000018,5,0.9798917770385742
Learned,Learned Basis,-0.020000000000000018,6,0.9789217114448547
Learned,Learned Basis,-0.020000000000000018,7,0.9818650484085083
Learned,Learned Basis,-0.020000000000000018,8,0.9810506701469421
Learned,Learned Basis,-0.020000000000000018,9,0.9801156520843506
Learned,Learned Basis,-0.020000000000000018,10,0.9821150898933411
Learned,Learned Basis,-0.020000000000000018,11,0.9819055199623108
Learned,Learned Basis,-0.020000000000000018,12,0.9815770387649536
Learned,Learned Basis,-0.020000000000000018,13,0.9827826619148254
Learned,Learned Basis,-0.020000000000000018,14,0.9806255102157593
Learned,Learned Basis,-0.020000000000000018,15,0.9870103597640991
Learned,Learned Basis,-0.020000000000000018,16,0.9809749126434326
Learned,Learned Basis,-0.020000000000000018,17,0.9834288954734802
Learned,Learned Basis,-0.020000000000000018,18,0.9834599494934082
Learned,Learned Basis,-0.020000000000000018,19,0.9831899404525757
Learned,Learned Basis,-0.020000000000000018,20,0.9818232655525208
Learned,Learned Basis,-0.020000000000000018,21,0.9826189279556274
Learned,Learned Basis,-0.020000000000000018,22,0.9802519083023071
Learned,Learned Basis,-0.020000000000000018,23,0.9815092086791992
Learned,Learned Basis,-0.020000000000000018,24,0.982809841632843
Learned,Learned Basis,-0.020000000000000018,25,0.9821099638938904
Learned,Learned Basis,-0.020000000000000018,26,0.9760565757751465
Learned,Learned Basis,-0.020000000000000018,27,0.9721938371658325
Learned,Learned Basis,-0.020000000000000018,28,0.9730997085571289
Learned,Learned Basis,-0.020000000000000018,29,0.9728708863258362
Learned,Learned Basis,-0.020000000000000018,30,0.9736483693122864
Learned,Learned Basis,-0.020000000000000018,31,0.9730929732322693
Learned,Learned Basis,-0.020000000000000018,32,0.9707584381103516
Learned,Learned Basis,-0.020000000000000018,33,0.9769895076751709
Learned,Learned Basis,-0.020000000000000018,34,0.9737633466720581
Learned,Learned Basis,-0.020000000000000018,35,0.9776808023452759
Learned,Learned Basis,-0.020000000000000018,36,0.9750637412071228
Learned,Learned Basis,-0.020000000000000018,37,0.97694331407547
Learned,Learned Basis,-0.020000000000000018,38,0.9772469401359558
Learned,Learned Basis,-0.020000000000000018,39,0.9784136414527893
Learned,Learned Basis,-0.020000000000000018,40,0.9760637283325195
Learned,Learned Basis,-0.020000000000000018,41,0.9781448245048523
Learned,Learned Basis,-0.020000000000000018,42,0.97855144739151
Learned,Learned Basis,-0.020000000000000018,43,0.9780582785606384
Learned,Learned Basis,-0.020000000000000018,44,0.9785344004631042
Learned,Learned Basis,-0.010000000000000009,0,0.9807847738265991
Learned,Learned Basis,-0.010000000000000009,1,0.9824903607368469
Learned,Learned Basis,-0.010000000000000009,2,0.9787485599517822
Learned,Learned Basis,-0.010000000000000009,3,0.9822738170623779
Learned,Learned Basis,-0.010000000000000009,4,0.982292115688324
Learned,Learned Basis,-0.010000000000000009,5,0.9798922538757324
Learned,Learned Basis,-0.010000000000000009,6,0.9789381623268127
Learned,Learned Basis,-0.010000000000000009,7,0.9818852543830872
Learned,Learned Basis,-0.010000000000000009,8,0.9810588359832764
Learned,Learned Basis,-0.010000000000000009,9,0.9801297783851624
Learned,Learned Basis,-0.010000000000000009,10,0.98212730884552
Learned,Learned Basis,-0.010000000000000009,11,0.9819284081459045
Learned,Learned Basis,-0.010000000000000009,12,0.9815787076950073
Learned,Learned Basis,-0.010000000000000009,13,0.9827948212623596
Learned,Learned Basis,-0.010000000000000009,14,0.9806388020515442
Learned,Learned Basis,-0.010000000000000009,15,0.9870244264602661
Learned,Learned Basis,-0.010000000000000009,16,0.9809847474098206
Learned,Learned Basis,-0.010000000000000009,17,0.98344886302948
Learned,Learned Basis,-0.010000000000000009,18,0.9834826588630676
Learned,Learned Basis,-0.010000000000000009,19,0.9832216501235962
Learned,Learned Basis,-0.010000000000000009,20,0.9818543195724487
Learned,Learned Basis,-0.010000000000000009,21,0.9826890826225281
Learned,Learned Basis,-0.010000000000000009,22,0.9803845286369324
Learned,Learned Basis,-0.010000000000000009,23,0.9818301796913147
Learned,Learned Basis,-0.010000000000000009,24,0.9831272959709167
Learned,Learned Basis,-0.010000000000000009,25,0.9824308156967163
Learned,Learned Basis,-0.010000000000000009,26,0.9761952757835388
Learned,Learned Basis,-0.010000000000000009,27,0.9722614288330078
Learned,Learned Basis,-0.010000000000000009,28,0.9732704758644104
Learned,Learned Basis,-0.010000000000000009,29,0.9730409383773804
Learned,Learned Basis,-0.010000000000000009,30,0.9737149477005005
Learned,Learned Basis,-0.010000000000000009,31,0.9731290936470032
Learned,Learned Basis,-0.010000000000000009,32,0.9707919359207153
Learned,Learned Basis,-0.010000000000000009,33,0.977057158946991
Learned,Learned Basis,-0.010000000000000009,34,0.9737778306007385
Learned,Learned Basis,-0.010000000000000009,35,0.9776877760887146
Learned,Learned Basis,-0.010000000000000009,36,0.9750877022743225
Learned,Learned Basis,-0.010000000000000009,37,0.9769636988639832
Learned,Learned Basis,-0.010000000000000009,38,0.9772653579711914
Learned,Learned Basis,-0.010000000000000009,39,0.9784265756607056
Learned,Learned Basis,-0.010000000000000009,40,0.9760814905166626
Learned,Learned Basis,-0.010000000000000009,41,0.9781575798988342
Learned,Learned Basis,-0.010000000000000009,42,0.9785632491111755
Learned,Learned Basis,-0.010000000000000009,43,0.9780759811401367
Learned,Learned Basis,-0.010000000000000009,44,0.9785491824150085
Learned,Learned Basis,0.0,0,0.980791449546814
Learned,Learned Basis,0.0,1,0.982488214969635
Learned,Learned Basis,0.0,2,0.9787557721138
Learned,Learned Basis,0.0,3,0.9822813272476196
Learned,Learned Basis,0.0,4,0.9822986721992493
Learned,Learned Basis,0.0,5,0.9798848032951355
Learned,Learned Basis,0.0,6,0.978947639465332
Learned,Learned Basis,0.0,7,0.9818984866142273
Learned,Learned Basis,0.0,8,0.9810596704483032
Learned,Learned Basis,0.0,9,0.9801366329193115
Learned,Learned Basis,0.0,10,0.9821317791938782
Learned,Learned Basis,0.0,11,0.9819443821907043
Learned,Learned Basis,0.0,12,0.9815724492073059
Learned,Learned Basis,0.0,13,0.9827980995178223
Learned,Learned Basis,0.0,14,0.9806441068649292
Learned,Learned Basis,0.0,15,0.9870285987854004
Learned,Learned Basis,0.0,16,0.9809838533401489
Learned,Learned Basis,0.0,17,0.983456552028656
Learned,Learned Basis,0.0,18,0.983491837978363
Learned,Learned Basis,0.0,19,0.9832388758659363
Learned,Learned Basis,0.0,20,0.9818653464317322
Learned,Learned Basis,0.0,21,0.9827227592468262
Learned,Learned Basis,0.0,22,0.9804215431213379
Learned,Learned Basis,0.0,23,0.9819341897964478
Learned,Learned Basis,0.0,24,0.9832495450973511
Learned,Learned Basis,0.0,25,0.9825510382652283
Learned,Learned Basis,0.0,26,0.9762062430381775
Learned,Learned Basis,0.0,27,0.9722893238067627
Learned,Learned Basis,0.0,28,0.9733353853225708
Learned,Learned Basis,0.0,29,0.9731173515319824
Learned,Learned Basis,0.0,30,0.9737496972084045
Learned,Learned Basis,0.0,31,0.9731444120407104
Learned,Learned Basis,0.0,32,0.9708033800125122
Learned,Learned Basis,0.0,33,0.977096676826477
Learned,Learned Basis,0.0,34,0.9737756848335266
Learned,Learned Basis,0.0,35,0.9776811003684998
Learned,Learned Basis,0.0,36,0.9750993847846985
Learned,Learned Basis,0.0,37,0.9769704341888428
Learned,Learned Basis,0.0,38,0.977272629737854
Learned,Learned Basis,0.0,39,0.978428840637207
Learned,Learned Basis,0.0,40,0.9760884642601013
Learned,Learned Basis,0.0,41,0.978160560131073
Learned,Learned Basis,0.0,42,0.9785670638084412
Learned,Learned Basis,0.0,43,0.9780853390693665
Learned,Learned Basis,0.0,44,0.9785559177398682
Learned,Learned Basis,0.009999999999999981,0,0.980790376663208
Learned,Learned Basis,0.009999999999999981,1,0.9824788570404053
Learned,Learned Basis,0.009999999999999981,2,0.9787549376487732
Learned,Learned Basis,0.009999999999999981,3,0.9822813868522644
Learned,Learned Basis,0.009999999999999981,4,0.9822977781295776
Learned,Learned Basis,0.009999999999999981,5,0.9798702001571655
Learned,Learned Basis,0.009999999999999981,6,0.9789504408836365
Learned,Learned Basis,0.009999999999999981,7,0.981904923915863
Learned,Learned Basis,0.009999999999999981,8,0.9810534119606018
Learned,Learned Basis,0.009999999999999981,9,0.9801368117332458
Learned,Learned Basis,0.009999999999999981,10,0.982128381729126
Learned,Learned Basis,0.009999999999999981,11,0.9819526672363281
Learned,Learned Basis,0.009999999999999981,12,0.9815574288368225
Learned,Learned Basis,0.009999999999999981,13,0.9827922582626343
Learned,Learned Basis,0.009999999999999981,14,0.9806419014930725
Learned,Learned Basis,0.009999999999999981,15,0.9870228171348572
Learned,Learned Basis,0.009999999999999981,16,0.9809719920158386
Learned,Learned Basis,0.009999999999999981,17,0.9834518432617188
Learned,Learned Basis,0.009999999999999981,18,0.9834876656532288
Learned,Learned Basis,0.009999999999999981,19,0.9832408428192139
Learned,Learned Basis,0.009999999999999981,20,0.9818564057350159
Learned,Learned Basis,0.009999999999999981,21,0.9827194809913635
Learned,Learned Basis,0.009999999999999981,22,0.9803635478019714
Learned,Learned Basis,0.009999999999999981,23,0.9818210601806641
Learned,Learned Basis,0.009999999999999981,24,0.9831770658493042
Learned,Learned Basis,0.009999999999999981,25,0.9824697971343994
Learned,Learned Basis,0.009999999999999981,26,0.9760898947715759
Learned,Learned Basis,0.009999999999999981,27,0.9722777009010315
Learned,Learned Basis,0.009999999999999981,28,0.973294198513031
Learned,Learned Basis,0.009999999999999981,29,0.9731001853942871
Learned,Learned Basis,0.009999999999999981,30,0.9737527370452881
Learned,Learned Basis,0.009999999999999981,31,0.9731389880180359
Learned,Learned Basis,0.009999999999999981,32,0.9707929491996765
Learned,Learned Basis,0.009999999999999981,33,0.9771076440811157
Learned,Learned Basis,0.009999999999999981,34,0.9737564921379089
Learned,Learned Basis,0.009999999999999981,35,0.9776607155799866
Learned,Learned Basis,0.009999999999999981,36,0.9750985503196716
Learned,Learned Basis,0.009999999999999981,37,0.9769634008407593
Learned,Learned Basis,0.009999999999999981,38,0.9772692322731018
Learned,Learned Basis,0.009999999999999981,39,0.9784204959869385
Learned,Learned Basis,0.009999999999999981,40,0.9760842323303223
Learned,Learned Basis,0.009999999999999981,41,0.9781534671783447
Learned,Learned Basis,0.009999999999999981,42,0.9785628318786621
Learned,Learned Basis,0.009999999999999981,43,0.9780863523483276
Learned,Learned Basis,0.009999999999999981,44,0.9785548448562622
Learned,Learned Basis,0.01999999999999999,0,0.9807814359664917
Learned,Learned Basis,0.01999999999999999,1,0.9824617505073547
Learned,Learned Basis,0.01999999999999999,2,0.9787467122077942
Learned,Learned Basis,0.01999999999999999,3,0.9822733998298645
Learned,Learned Basis,0.01999999999999999,4,0.9822888970375061
Learned,Learned Basis,0.01999999999999999,5,0.9798476099967957
Learned,Learned Basis,0.01999999999999999,6,0.9789460301399231
Learned,Learned Basis,0.01999999999999999,7,0.9819048047065735
Learned,Learned Basis,0.01999999999999999,8,0.9810405969619751
Learned,Learned Basis,0.01999999999999999,9,0.980130136013031
Learned,Learned Basis,0.01999999999999999,10,0.9821172952651978
Learned,Learned Basis,0.01999999999999999,11,0.981953501701355
Learned,Learned Basis,0.01999999999999999,12,0.9815341234207153
Learned,Learned Basis,0.01999999999999999,13,0.9827776551246643
Learned,Learned Basis,0.01999999999999999,14,0.9806320667266846
Learned,Learned Basis,0.01999999999999999,15,0.9870067834854126
Learned,Learned Basis,0.01999999999999999,16,0.9809498190879822
Learned,Learned Basis,0.01999999999999999,17,0.9834344387054443
Learned,Learned Basis,0.01999999999999999,18,0.9834707975387573
Learned,Learned Basis,0.01999999999999999,19,0.9832279682159424
Learned,Learned Basis,0.01999999999999999,20,0.9818273186683655
Learned,Learned Basis,0.01999999999999999,21,0.9826803803443909
Learned,Learned Basis,0.01999999999999999,22,0.9802104830741882
Learned,Learned Basis,0.01999999999999999,23,0.9814908504486084
Learned,Learned Basis,0.01999999999999999,24,0.9829090237617493
Learned,Learned Basis,0.01999999999999999,25,0.9821876287460327
Learned,Learned Basis,0.01999999999999999,26,0.9758456945419312
Learned,Learned Basis,0.01999999999999999,27,0.9722265601158142
Learned,Learned Basis,0.01999999999999999,28,0.9731475710868835
Learned,Learned Basis,0.01999999999999999,29,0.9729892611503601
Learned,Learned Basis,0.01999999999999999,30,0.9737241268157959
Learned,Learned Basis,0.01999999999999999,31,0.9731127619743347
Learned,Learned Basis,0.01999999999999999,32,0.9707606434822083
Learned,Learned Basis,0.01999999999999999,33,0.9770904183387756
Learned,Learned Basis,0.01999999999999999,34,0.9737206101417542
Learned,Learned Basis,0.01999999999999999,35,0.9776268601417542
Learned,Learned Basis,0.01999999999999999,36,0.9750853776931763
Learned,Learned Basis,0.01999999999999999,37,0.9769428968429565
Learned,Learned Basis,0.01999999999999999,38,0.9772545695304871
Learned,Learned Basis,0.01999999999999999,39,0.9784010648727417
Learned,Learned Basis,0.01999999999999999,40,0.9760690331459045
Learned,Learned Basis,0.01999999999999999,41,0.9781369566917419
Learned,Learned Basis,0.01999999999999999,42,0.9785504341125488
Learned,Learned Basis,0.01999999999999999,43,0.9780788421630859
Learned,Learned Basis,0.01999999999999999,44,0.9785456657409668
Learned,Learned Basis,0.03,0,0.980764627456665
Learned,Learned Basis,0.03,1,0.9824368953704834
Learned,Learned Basis,0.03,2,0.9787300825119019
Learned,Learned Basis,0.03,3,0.9822587966918945
Learned,Learned Basis,0.03,4,0.9822719097137451
Learned,Learned Basis,0.03,5,0.979817807674408
Learned,Learned Basis,0.03,6,0.9789344668388367
Learned,Learned Basis,0.03,7,0.9818974137306213
Learned,Learned Basis,0.03,8,0.981020450592041
Learned,Learned Basis,0.03,9,0.9801162481307983
Learned,Learned Basis,0.03,10,0.9820981025695801
Learned,Learned Basis,0.03,11,0.9819467663764954
Learned,Learned Basis,0.03,12,0.9815025329589844
Learned,Learned Basis,0.03,13,0.9827537536621094
Learned,Learned Basis,0.03,14,0.9806140661239624
Learned,Learned Basis,0.03,15,0.9869808554649353
Learned,Learned Basis,0.03,16,0.9809166193008423
Learned,Learned Basis,0.03,17,0.9834054708480835
Learned,Learned Basis,0.03,18,0.9834399819374084
Learned,Learned Basis,0.03,19,0.9832006096839905
Learned,Learned Basis,0.03,20,0.9817784428596497
Learned,Learned Basis,0.03,21,0.9826047420501709
Learned,Learned Basis,0.03,22,0.979962170124054
Learned,Learned Basis,0.03,23,0.9809444546699524
Learned,Learned Basis,0.03,24,0.9824463725090027
Learned,Learned Basis,0.03,25,0.9817052483558655
Learned,Learned Basis,0.03,26,0.9754741787910461
Learned,Learned Basis,0.03,27,0.9721358418464661
Learned,Learned Basis,0.03,28,0.9728951454162598
Learned,Learned Basis,0.03,29,0.9727850556373596
Learned,Learned Basis,0.03,30,0.9736633896827698
Learned,Learned Basis,0.03,31,0.9730658531188965
Learned,Learned Basis,0.03,32,0.9707061648368835
Learned,Learned Basis,0.03,33,0.9770445823669434
Learned,Learned Basis,0.03,34,0.9736680388450623
Learned,Learned Basis,0.03,35,0.9775791168212891
Learned,Learned Basis,0.03,36,0.9750598669052124
Learned,Learned Basis,0.03,37,0.9769086241722107
Learned,Learned Basis,0.03,38,0.9772288799285889
Learned,Learned Basis,0.03,39,0.978371262550354
Learned,Learned Basis,0.03,40,0.9760428071022034
Learned,Learned Basis,0.03,41,0.9781101942062378
Learned,Learned Basis,0.03,42,0.9785300493240356
Learned,Learned Basis,0.03,43,0.9780630469322205
Learned,Learned Basis,0.03,44,0.9785286784172058
Learned,Learned Basis,0.03999999999999998,0,0.9807400703430176
Learned,Learned Basis,0.03999999999999998,1,0.9824047684669495
Learned,Learned Basis,0.03999999999999998,2,0.9787062406539917
Learned,Learned Basis,0.03999999999999998,3,0.9822366237640381
Learned,Learned Basis,0.03999999999999998,4,0.9822475910186768
Learned,Learned Basis,0.03999999999999998,5,0.9797800779342651
Learned,Learned Basis,0.03999999999999998,6,0.9789162278175354
Learned,Learned Basis,0.03999999999999998,7,0.98188316822052
Learned,Learned Basis,0.03999999999999998,8,0.9809936881065369
Learned,Learned Basis,0.03999999999999998,9,0.9800954461097717
Learned,Learned Basis,0.03999999999999998,10,0.982071042060852
Learned,Learned Basis,0.03999999999999998,11,0.9819333553314209
Learned,Learned Basis,0.03999999999999998,12,0.981462836265564
Learned,Learned Basis,0.03999999999999998,13,0.9827209115028381
Learned,Learned Basis,0.03999999999999998,14,0.980588972568512
Learned,Learned Basis,0.03999999999999998,15,0.986944854259491
Learned,Learned Basis,0.03999999999999998,16,0.9808728098869324
Learned,Learned Basis,0.03999999999999998,17,0.983363687992096
Learned,Learned Basis,0.03999999999999998,18,0.983396053314209
Learned,Learned Basis,0.03999999999999998,19,0.9831579327583313
Learned,Learned Basis,0.03999999999999998,20,0.9817091226577759
Learned,Learned Basis,0.03999999999999998,21,0.9824929237365723
Learned,Learned Basis,0.03999999999999998,22,0.979620099067688
Learned,Learned Basis,0.03999999999999998,23,0.9801833629608154
Learned,Learned Basis,0.03999999999999998,24,0.9817895293235779
Learned,Learned Basis,0.03999999999999998,25,0.9810218811035156
Learned,Learned Basis,0.03999999999999998,26,0.9749753475189209
Learned,Learned Basis,0.03999999999999998,27,0.9720059037208557
Learned,Learned Basis,0.03999999999999998,28,0.972537636756897
Learned,Learned Basis,0.03999999999999998,29,0.9724873304367065
Learned,Learned Basis,0.03999999999999998,30,0.9735711812973022
Learned,Learned Basis,0.03999999999999998,31,0.9729982614517212
Learned,Learned Basis,0.03999999999999998,32,0.9706301093101501
Learned,Learned Basis,0.03999999999999998,33,0.9769704341888428
Learned,Learned Basis,0.03999999999999998,34,0.9735985398292542
Learned,Learned Basis,0.03999999999999998,35,0.9775179624557495
Learned,Learned Basis,0.03999999999999998,36,0.9750221967697144
Learned,Learned Basis,0.03999999999999998,37,0.976860761642456
Learned,Learned Basis,0.03999999999999998,38,0.9771923422813416
Learned,Learned Basis,0.03999999999999998,39,0.9783308506011963
Learned,Learned Basis,0.03999999999999998,40,0.9760057330131531
Learned,Learned Basis,0.03999999999999998,41,0.9780738353729248
Learned,Learned Basis,0.03999999999999998,42,0.9785016775131226
Learned,Learned Basis,0.03999999999999998,43,0.978039026260376
Learned,Learned Basis,0.03999999999999998,44,0.9785038828849792
Learned,Learned Basis,0.04999999999999999,0,0.980707585811615
Learned,Learned Basis,0.04999999999999999,1,0.9823648929595947
Learned,Learned Basis,0.04999999999999999,2,0.9786747097969055
Learned,Learned Basis,0.04999999999999999,3,0.9822070598602295
Learned,Learned Basis,0.04999999999999999,4,0.9822146892547607
Learned,Learned Basis,0.04999999999999999,5,0.9797351956367493
Learned,Learned Basis,0.04999999999999999,6,0.9788907766342163
Learned,Learned Basis,0.04999999999999999,7,0.98186194896698
Learned,Learned Basis,0.04999999999999999,8,0.980959951877594
Learned,Learned Basis,0.04999999999999999,9,0.9800677299499512
Learned,Learned Basis,0.04999999999999999,10,0.9820362329483032
Learned,Learned Basis,0.04999999999999999,11,0.9819120764732361
Learned,Learned Basis,0.04999999999999999,12,0.9814152717590332
Learned,Learned Basis,0.04999999999999999,13,0.9826796650886536
Learned,Learned Basis,0.04999999999999999,14,0.9805556535720825
Learned,Learned Basis,0.04999999999999999,15,0.9868990182876587
Learned,Learned Basis,0.04999999999999999,16,0.9808188676834106
Learned,Learned Basis,0.04999999999999999,17,0.9833099842071533
Learned,Learned Basis,0.04999999999999999,18,0.9833393096923828
Learned,Learned Basis,0.04999999999999999,19,0.983100950717926
Learned,Learned Basis,0.04999999999999999,20,0.9816204905509949
Learned,Learned Basis,0.04999999999999999,21,0.9823448657989502
Learned,Learned Basis,0.04999999999999999,22,0.979185163974762
Learned,Learned Basis,0.04999999999999999,23,0.9792090058326721
Learned,Learned Basis,0.04999999999999999,24,0.9809386730194092
Learned,Learned Basis,0.04999999999999999,25,0.9801387786865234
Learned,Learned Basis,0.04999999999999999,26,0.9743497371673584
Learned,Learned Basis,0.04999999999999999,27,0.9718369245529175
Learned,Learned Basis,0.04999999999999999,28,0.9720755815505981
Learned,Learned Basis,0.04999999999999999,29,0.9720968008041382
Learned,Learned Basis,0.04999999999999999,30,0.9734471440315247
Learned,Learned Basis,0.04999999999999999,31,0.9729102849960327
Learned,Learned Basis,0.04999999999999999,32,0.9705322980880737
Learned,Learned Basis,0.04999999999999999,33,0.9768680334091187
Learned,Learned Basis,0.04999999999999999,34,0.9735124111175537
Learned,Learned Basis,0.04999999999999999,35,0.9774433970451355
Learned,Learned Basis,0.04999999999999999,36,0.9749718308448792
Learned,Learned Basis,0.04999999999999999,37,0.9767993092536926
Learned,Learned Basis,0.04999999999999999,38,0.9771449565887451
Learned,Learned Basis,0.04999999999999999,39,0.9782797694206238
Learned,Learned Basis,0.04999999999999999,40,0.9759575128555298
Learned,Learned Basis,0.04999999999999999,41,0.9780276417732239
Learned,Learned Basis,0.04999999999999999,42,0.9784648418426514
Learned,Learned Basis,0.04999999999999999,43,0.9780067205429077
Learned,Learned Basis,0.04999999999999999,44,0.978471040725708
Learned,Learned Basis,0.06,0,0.9806673526763916
Learned,Learned Basis,0.06,1,0.9823176264762878
Learned,Learned Basis,0.06,2,0.9786354899406433
Learned,Learned Basis,0.06,3,0.982170045375824
Learned,Learned Basis,0.06,4,0.9821745157241821
Learned,Learned Basis,0.06,5,0.979682445526123
Learned,Learned Basis,0.06,6,0.9788580536842346
Learned,Learned Basis,0.06,7,0.9818341732025146
Learned,Learned Basis,0.06,8,0.9809193015098572
Learned,Learned Basis,0.06,9,0.9800330400466919
Learned,Learned Basis,0.06,10,0.9819937348365784
Learned,Learned Basis,0.06,11,0.981883704662323
Learned,Learned Basis,0.06,12,0.9813588857650757
Learned,Learned Basis,0.06,13,0.9826288819313049
Learned,Learned Basis,0.06,14,0.9805154204368591
Learned,Learned Basis,0.06,15,0.986843466758728
Learned,Learned Basis,0.06,16,0.9807541370391846
Learned,Learned Basis,0.06,17,0.9832441210746765
Learned,Learned Basis,0.06,18,0.983269214630127
Learned,Learned Basis,0.06,19,0.9830291867256165
Learned,Learned Basis,0.06,20,0.9815121293067932
Learned,Learned Basis,0.06,21,0.9821614623069763
Learned,Learned Basis,0.06,22,0.9786584377288818
Learned,Learned Basis,0.06,23,0.9780232310295105
Learned,Learned Basis,0.06,24,0.9798946976661682
Learned,Learned Basis,0.06,25,0.9790568351745605
Learned,Learned Basis,0.06,26,0.9735977053642273
Learned,Learned Basis,0.06,27,0.9716289639472961
Learned,Learned Basis,0.06,28,0.9715096354484558
Learned,Learned Basis,0.06,29,0.9716137051582336
Learned,Learned Basis,0.06,30,0.9732916951179504
Learned,Learned Basis,0.06,31,0.9728019833564758
Learned,Learned Basis,0.06,32,0.9704128503799438
Learned,Learned Basis,0.06,33,0.9767374396324158
Learned,Learned Basis,0.06,34,0.97340989112854
Learned,Learned Basis,0.06,35,0.9773551821708679
Learned,Learned Basis,0.06,36,0.9749096632003784
Learned,Learned Basis,0.06,37,0.9767244458198547
Learned,Learned Basis,0.06,38,0.9770862460136414
Learned,Learned Basis,0.06,39,0.9782178401947021
Learned,Learned Basis,0.06,40,0.9758985638618469
Learned,Learned Basis,0.06,41,0.9779716730117798
Learned,Learned Basis,0.06,42,0.9784201383590698
Learned,Learned Basis,0.06,43,0.9779659509658813
Learned,Learned Basis,0.06,44,0.9784302115440369
Learned,Learned Basis,0.07,0,0.9806194305419922
Learned,Learned Basis,0.07,1,0.9822628498077393
Learned,Learned Basis,0.07,2,0.9785887002944946
Learned,Learned Basis,0.07,3,0.9821261167526245
Learned,Learned Basis,0.07,4,0.9821265339851379
Learned,Learned Basis,0.07,5,0.9796226024627686
Learned,Learned Basis,0.07,6,0.9788187146186829
Learned,Learned Basis,0.07,7,0.9817991852760315
Learned,Learned Basis,0.07,8,0.9808717370033264
Learned,Learned Basis,0.07,9,0.9799912571907043
Learned,Learned Basis,0.07,10,0.9819434881210327
Learned,Learned Basis,0.07,11,0.981847882270813
Learned,Learned Basis,0.07,12,0.9812949895858765
Learned,Learned Basis,0.07,13,0.9825694561004639
Learned,Learned Basis,0.07,14,0.9804672002792358
Learned,Learned Basis,0.07,15,0.986778199672699
Learned,Learned Basis,0.07,16,0.9806795716285706
Learned,Learned Basis,0.07,17,0.9831663370132446
Learned,Learned Basis,0.07,18,0.9831863641738892
Learned,Learned Basis,0.07,19,0.9829431176185608
Learned,Learned Basis,0.07,20,0.9813849329948425
Learned,Learned Basis,0.07,21,0.9819437265396118
Learned,Learned Basis,0.07,22,0.97804194688797
Learned,Learned Basis,0.07,23,0.9766294360160828
Learned,Learned Basis,0.07,24,0.9786583185195923
Learned,Learned Basis,0.07,25,0.9777764678001404
Learned,Learned Basis,0.07,26,0.9727193713188171
Learned,Learned Basis,0.07,27,0.9713824987411499
Learned,Learned Basis,0.07,28,0.9708408713340759
Learned,Learned Basis,0.07,29,0.9710388779640198
Learned,Learned Basis,0.07,30,0.9731048941612244
Learned,Learned Basis,0.07,31,0.9726736545562744
Learned,Learned Basis,0.07,32,0.9702719449996948
Learned,Learned Basis,0.07,33,0.9765787720680237
Learned,Learned Basis,0.07,34,0.9732908606529236
Learned,Learned Basis,0.07,35,0.977253794670105
Learned,Learned Basis,0.07,36,0.9748353362083435
Learned,Learned Basis,0.07,37,0.9766363501548767
Learned,Learned Basis,0.07,38,0.9770171642303467
Learned,Learned Basis,0.07,39,0.9781458377838135
Learned,Learned Basis,0.07,40,0.9758287668228149
Learned,Learned Basis,0.07,41,0.9779059886932373
Learned,Learned Basis,0.07,42,0.9783674478530884
Learned,Learned Basis,0.07,43,0.977916955947876
Learned,Learned Basis,0.07,44,0.9783816933631897
Learned,Learned Basis,0.08000000000000002,0,0.9805638790130615
Learned,Learned Basis,0.08000000000000002,1,0.9822006821632385
Learned,Learned Basis,0.08000000000000002,2,0.978533923625946
Learned,Learned Basis,0.08000000000000002,3,0.9820741415023804
Learned,Learned Basis,0.08000000000000002,4,0.9820705056190491
Learned,Learned Basis,0.08000000000000002,5,0.9795554280281067
Learned,Learned Basis,0.08000000000000002,6,0.9787724018096924
Learned,Learned Basis,0.08000000000000002,7,0.9817574620246887
Learned,Learned Basis,0.08000000000000002,8,0.9808176159858704
Learned,Learned Basis,0.08000000000000002,9,0.9799429178237915
Learned,Learned Basis,0.08000000000000002,10,0.9818857908248901
Learned,Learned Basis,0.08000000000000002,11,0.9818047881126404
Learned,Learned Basis,0.08000000000000002,12,0.9812227487564087
Learned,Learned Basis,0.08000000000000002,13,0.9825014472007751
Learned,Learned Basis,0.08000000000000002,14,0.9804115891456604
Learned,Learned Basis,0.08000000000000002,15,0.9867032766342163
Learned,Learned Basis,0.08000000000000002,16,0.9805945754051208
Learned,Learned Basis,0.08000000000000002,17,0.9830769300460815
Learned,Learned Basis,0.08000000000000002,18,0.9830909967422485
Learned,Learned Basis,0.08000000000000002,19,0.9828429818153381
Learned,Learned Basis,0.08000000000000002,20,0.9812383055686951
Learned,Learned Basis,0.08000000000000002,21,0.9816914200782776
Learned,Learned Basis,0.08000000000000002,22,0.977336585521698
Learned,Learned Basis,0.08000000000000002,23,0.9750301837921143
Learned,Learned Basis,0.08000000000000002,24,0.9772309064865112
Learned,Learned Basis,0.08000000000000002,25,0.976299524307251
Learned,Learned Basis,0.08000000000000002,26,0.9717158079147339
Learned,Learned Basis,0.08000000000000002,27,0.9710980653762817
Learned,Learned Basis,0.08000000000000002,28,0.9700700044631958
Learned,Learned Basis,0.08000000000000002,29,0.9703730344772339
Learned,Learned Basis,0.08000000000000002,30,0.9728869795799255
Learned,Learned Basis,0.08000000000000002,31,0.9725252985954285
Learned,Learned Basis,0.08000000000000002,32,0.9701097011566162
Learned,Learned Basis,0.08000000000000002,33,0.9763920903205872
Learned,Learned Basis,0.08000000000000002,34,0.973155677318573
Learned,Learned Basis,0.08000000000000002,35,0.9771392345428467
Learned,Learned Basis,0.08000000000000002,36,0.9747487306594849
Learned,Learned Basis,0.08000000000000002,37,0.9765347242355347
Learned,Learned Basis,0.08000000000000002,38,0.9769372344017029
Learned,Learned Basis,0.08000000000000002,39,0.97806316614151
Learned,Learned Basis,0.08000000000000002,40,0.97574782371521
Learned,Learned Basis,0.08000000000000002,41,0.9778308272361755
Learned,Learned Basis,0.08000000000000002,42,0.978306770324707
Learned,Learned Basis,0.08000000000000002,43,0.977859616279602
Learned,Learned Basis,0.08000000000000002,44,0.9783255457878113
Learned,Learned Basis,0.08999999999999997,0,0.9805002212524414
Learned,Learned Basis,0.08999999999999997,1,0.9821311235427856
Learned,Learned Basis,0.08999999999999997,2,0.9784717559814453
Learned,Learned Basis,0.08999999999999997,3,0.9820154905319214
Learned,Learned Basis,0.08999999999999997,4,0.9820069074630737
Learned,Learned Basis,0.08999999999999997,5,0.9794806838035583
Learned,Learned Basis,0.08999999999999997,6,0.9787189364433289
Learned,Learned Basis,0.08999999999999997,7,0.9817090630531311
Learned,Learned Basis,0.08999999999999997,8,0.9807567000389099
Learned,Learned Basis,0.08999999999999997,9,0.9798876643180847
Learned,Learned Basis,0.08999999999999997,10,0.9818200469017029
Learned,Learned Basis,0.08999999999999997,11,0.98175448179245
Learned,Learned Basis,0.08999999999999997,12,0.9811425805091858
Learned,Learned Basis,0.08999999999999997,13,0.9824246764183044
Learned,Learned Basis,0.08999999999999997,14,0.9803491234779358
Learned,Learned Basis,0.08999999999999997,15,0.9866188168525696
Learned,Learned Basis,0.08999999999999997,16,0.9804994463920593
Learned,Learned Basis,0.08999999999999997,17,0.9829760193824768
Learned,Learned Basis,0.08999999999999997,18,0.9829829931259155
Learned,Learned Basis,0.08999999999999997,19,0.9827286601066589
Learned,Learned Basis,0.08999999999999997,20,0.981073796749115
Learned,Learned Basis,0.08999999999999997,21,0.9814057350158691
Learned,Learned Basis,0.08999999999999997,22,0.9765457510948181
Learned,Learned Basis,0.08999999999999997,23,0.9732294678688049
Learned,Learned Basis,0.08999999999999997,24,0.9756127595901489
Learned,Learned Basis,0.08999999999999997,25,0.9746267199516296
Learned,Learned Basis,0.08999999999999997,26,0.9705867767333984
Learned,Learned Basis,0.08999999999999997,27,0.9707760214805603
Learned,Learned Basis,0.08999999999999997,28,0.9691981673240662
Learned,Learned Basis,0.08999999999999997,29,0.9696168899536133
Learned,Learned Basis,0.08999999999999997,30,0.9726382493972778
Learned,Learned Basis,0.08999999999999997,31,0.972357451915741
Learned,Learned Basis,0.08999999999999997,32,0.9699264764785767
Learned,Learned Basis,0.08999999999999997,33,0.9761775135993958
Learned,Learned Basis,0.08999999999999997,34,0.9730042815208435
Learned,Learned Basis,0.08999999999999997,35,0.9770118594169617
Learned,Learned Basis,0.08999999999999997,36,0.9746503829956055
Learned,Learned Basis,0.08999999999999997,37,0.9764201045036316
Learned,Learned Basis,0.08999999999999997,38,0.9768462777137756
Learned,Learned Basis,0.08999999999999997,39,0.9779699444770813
Learned,Learned Basis,0.08999999999999997,40,0.9756566286087036
Learned,Learned Basis,0.08999999999999997,41,0.9777459502220154
Learned,Learned Basis,0.08999999999999997,42,0.978238046169281
Learned,Learned Basis,0.08999999999999997,43,0.9777942299842834
Learned,Learned Basis,0.08999999999999997,44,0.9782613515853882
Learned,Learned Basis,0.09999999999999998,0,0.9804292321205139
Learned,Learned Basis,0.09999999999999998,1,0.9820541739463806
Learned,Learned Basis,0.09999999999999998,2,0.9784024357795715
Learned,Learned Basis,0.09999999999999998,3,0.9819496870040894
Learned,Learned Basis,0.09999999999999998,4,0.9819358587265015
Learned,Learned Basis,0.09999999999999998,5,0.9793990254402161
Learned,Learned Basis,0.09999999999999998,6,0.9786585569381714
Learned,Learned Basis,0.09999999999999998,7,0.9816536903381348
Learned,Learned Basis,0.09999999999999998,8,0.9806890487670898
Learned,Learned Basis,0.09999999999999998,9,0.9798256158828735
Learned,Learned Basis,0.09999999999999998,10,0.9817468523979187
Learned,Learned Basis,0.09999999999999998,11,0.9816968441009521
Learned,Learned Basis,0.09999999999999998,12,0.9810547828674316
Learned,Learned Basis,0.09999999999999998,13,0.9823399186134338
Learned,Learned Basis,0.09999999999999998,14,0.9802793264389038
Learned,Learned Basis,0.09999999999999998,15,0.9865254163742065
Learned,Learned Basis,0.09999999999999998,16,0.9803949594497681
Learned,Learned Basis,0.09999999999999998,17,0.9828633666038513
Learned,Learned Basis,0.09999999999999998,18,0.9828628897666931
Learned,Learned Basis,0.09999999999999998,19,0.982600748538971
Learned,Learned Basis,0.09999999999999998,20,0.9808907508850098
Learned,Learned Basis,0.09999999999999998,21,0.9810876250267029
Learned,Learned Basis,0.09999999999999998,22,0.9756706357002258
Learned,Learned Basis,0.09999999999999998,23,0.9712309241294861
Learned,Learned Basis,0.09999999999999998,24,0.9738062620162964
Learned,Learned Basis,0.09999999999999998,25,0.9727594256401062
Learned,Learned Basis,0.09999999999999998,26,0.969333827495575
Learned,Learned Basis,0.09999999999999998,27,0.970416784286499
Learned,Learned Basis,0.09999999999999998,28,0.9682269096374512
Learned,Learned Basis,0.09999999999999998,29,0.9687716364860535
Learned,Learned Basis,0.09999999999999998,30,0.9723590612411499
Learned,Learned Basis,0.09999999999999998,31,0.9721701741218567
Learned,Learned Basis,0.09999999999999998,32,0.9697222709655762
Learned,Learned Basis,0.09999999999999998,33,0.9759356379508972
Learned,Learned Basis,0.09999999999999998,34,0.9728369116783142
Learned,Learned Basis,0.09999999999999998,35,0.9768714308738708
Learned,Learned Basis,0.09999999999999998,36,0.9745401740074158
Learned,Learned Basis,0.09999999999999998,37,0.9762921929359436
Learned,Learned Basis,0.09999999999999998,38,0.9767448306083679
Learned,Learned Basis,0.09999999999999998,39,0.9778667092323303
Learned,Learned Basis,0.09999999999999998,40,0.9755544066429138
Learned,Learned Basis,0.09999999999999998,41,0.9776514172554016
Learned,Learned Basis,0.09999999999999998,42,0.9781615734100342
Learned,Learned Basis,0.09999999999999998,43,0.9777206778526306
Learned,Learned Basis,0.09999999999999998,44,0.97818922996521
Learned,Learned Basis,0.10999999999999999,0,0.9803503751754761
Learned,Learned Basis,0.10999999999999999,1,0.9819698333740234
Learned,Learned Basis,0.10999999999999999,2,0.9783251285552979
Learned,Learned Basis,0.10999999999999999,3,0.9818762540817261
Learned,Learned Basis,0.10999999999999999,4,0.9818569421768188
Learned,Learned Basis,0.10999999999999999,5,0.9793100357055664
Learned,Learned Basis,0.10999999999999999,6,0.978591799736023
Learned,Learned Basis,0.10999999999999999,7,0.981591522693634
Learned,Learned Basis,0.10999999999999999,8,0.9806151390075684
Learned,Learned Basis,0.10999999999999999,9,0.979756772518158
Learned,Learned Basis,0.10999999999999999,10,0.981666624546051
Learned,Learned Basis,0.10999999999999999,11,0.9816323518753052
Learned,Learned Basis,0.10999999999999999,12,0.9809590578079224
Learned,Learned Basis,0.10999999999999999,13,0.9822462797164917
Learned,Learned Basis,0.10999999999999999,14,0.9802019596099854
Learned,Learned Basis,0.10999999999999999,15,0.986422598361969
Learned,Learned Basis,0.10999999999999999,16,0.9802802205085754
Learned,Learned Basis,0.10999999999999999,17,0.9827396273612976
Learned,Learned Basis,0.10999999999999999,18,0.9827305674552917
Learned,Learned Basis,0.10999999999999999,19,0.982459545135498
Learned,Learned Basis,0.10999999999999999,20,0.9806903004646301
Learned,Learned Basis,0.10999999999999999,21,0.9807376265525818
Learned,Learned Basis,0.10999999999999999,22,0.9747143387794495
Learned,Learned Basis,0.10999999999999999,23,0.9690392017364502
Learned,Learned Basis,0.10999999999999999,24,0.9718121886253357
Learned,Learned Basis,0.10999999999999999,25,0.9706998467445374
Learned,Learned Basis,0.10999999999999999,26,0.9679569005966187
Learned,Learned Basis,0.10999999999999999,27,0.9700207710266113
Learned,Learned Basis,0.10999999999999999,28,0.9671576619148254
Learned,Learned Basis,0.10999999999999999,29,0.9678384065628052
Learned,Learned Basis,0.10999999999999999,30,0.972049355506897
Learned,Learned Basis,0.10999999999999999,31,0.9719635844230652
Learned,Learned Basis,0.10999999999999999,32,0.9694977402687073
Learned,Learned Basis,0.10999999999999999,33,0.9756665825843811
Learned,Learned Basis,0.10999999999999999,34,0.9726539254188538
Learned,Learned Basis,0.10999999999999999,35,0.9767183065414429
Learned,Learned Basis,0.10999999999999999,36,0.9744181036949158
Learned,Learned Basis,0.10999999999999999,37,0.9761515855789185
Learned,Learned Basis,0.10999999999999999,38,0.976632833480835
Learned,Learned Basis,0.10999999999999999,39,0.9777530431747437
Learned,Learned Basis,0.10999999999999999,40,0.975441575050354
Learned,Learned Basis,0.10999999999999999,41,0.9775472283363342
Learned,Learned Basis,0.10999999999999999,42,0.9780770540237427
Learned,Learned Basis,0.10999999999999999,43,0.9776386618614197
Learned,Learned Basis,0.10999999999999999,44,0.9781094789505005
Learned,Learned Basis,0.12,0,0.9802639484405518
Learned,Learned Basis,0.12,1,0.9818782806396484
Learned,Learned Basis,0.12,2,0.9782406091690063
Learned,Learned Basis,0.12,3,0.9817957282066345
Learned,Learned Basis,0.12,4,0.9817704558372498
Learned,Learned Basis,0.12,5,0.9792142510414124
Learned,Learned Basis,0.12,6,0.9785178303718567
Learned,Learned Basis,0.12,7,0.9815228581428528
Learned,Learned Basis,0.12,8,0.9805344343185425
Learned,Learned Basis,0.12,9,0.979681134223938
Learned,Learned Basis,0.12,10,0.9815788865089417
Learned,Learned Basis,0.12,11,0.9815608859062195
Learned,Learned Basis,0.12,12,0.9808558225631714
Learned,Learned Basis,0.12,13,0.982144832611084
Learned,Learned Basis,0.12,14,0.9801178574562073
Learned,Learned Basis,0.12,15,0.986310601234436
Learned,Learned Basis,0.12,16,0.980156660079956
Learned,Learned Basis,0.12,17,0.9826050996780396
Learned,Learned Basis,0.12,18,0.9825868606567383
Learned,Learned Basis,0.12,19,0.9823049306869507
Learned,Learned Basis,0.12,20,0.9804725646972656
Learned,Learned Basis,0.12,21,0.9803571105003357
Learned,Learned Basis,0.12,22,0.9736798405647278
Learned,Learned Basis,0.12,23,0.9666594862937927
Learned,Learned Basis,0.12,24,0.9696328639984131
Learned,Learned Basis,0.12,25,0.9684491157531738
Learned,Learned Basis,0.12,26,0.9664574265480042
Learned,Learned Basis,0.12,27,0.969589114189148
Learned,Learned Basis,0.12,28,0.9659916758537292
Learned,Learned Basis,0.12,29,0.9668179154396057
Learned,Learned Basis,0.12,30,0.9717101454734802
Learned,Learned Basis,0.12,31,0.9717383980751038
Learned,Learned Basis,0.12,32,0.9692530632019043
Learned,Learned Basis,0.12,33,0.9753706455230713
Learned,Learned Basis,0.12,34,0.9724553227424622
Learned,Learned Basis,0.12,35,0.9765527248382568
Learned,Learned Basis,0.12,36,0.9742844700813293
Learned,Learned Basis,0.12,37,0.975997805595398
Learned,Learned Basis,0.12,38,0.9765105843544006
Learned,Learned Basis,0.12,39,0.9776293635368347
Learned,Learned Basis,0.12,40,0.9753182530403137
Learned,Learned Basis,0.12,41,0.977433979511261
Learned,Learned Basis,0.12,42,0.9779847860336304
Learned,Learned Basis,0.12,43,0.9775487780570984
Learned,Learned Basis,0.12,44,0.9780224561691284
Learned,Learned Basis,0.13,0,0.9801701307296753
Learned,Learned Basis,0.13,1,0.9817792773246765
Learned,Learned Basis,0.13,2,0.9781484603881836
Learned,Learned Basis,0.13,3,0.9817081093788147
Learned,Learned Basis,0.13,4,0.9816763997077942
Learned,Learned Basis,0.13,5,0.9791107177734375
Learned,Learned Basis,0.13,6,0.9784370064735413
Learned,Learned Basis,0.13,7,0.9814471006393433
Learned,Learned Basis,0.13,8,0.9804473519325256
Learned,Learned Basis,0.13,9,0.9795989394187927
Learned,Learned Basis,0.13,10,0.9814835786819458
Learned,Learned Basis,0.13,11,0.9814819693565369
Learned,Learned Basis,0.13,12,0.9807453155517578
Learned,Learned Basis,0.13,13,0.9820345640182495
Learned,Learned Basis,0.13,14,0.9800269603729248
Learned,Learned Basis,0.13,15,0.9861904978752136
Learned,Learned Basis,0.13,16,0.9800236225128174
Learned,Learned Basis,0.13,17,0.9824603199958801
Learned,Learned Basis,0.13,18,0.9824315905570984
Learned,Learned Basis,0.13,19,0.9821379780769348
Learned,Learned Basis,0.13,20,0.9802385568618774
Learned,Learned Basis,0.13,21,0.9799467325210571
Learned,Learned Basis,0.13,22,0.9725698828697205
Learned,Learned Basis,0.13,23,0.964097261428833
Learned,Learned Basis,0.13,24,0.9672694206237793
Learned,Learned Basis,0.13,25,0.9660097360610962
Learned,Learned Basis,0.13,26,0.9648358225822449
Learned,Learned Basis,0.13,27,0.9691217541694641
Learned,Learned Basis,0.13,28,0.9647306799888611
Learned,Learned Basis,0.13,29,0.9657124280929565
Learned,Learned Basis,0.13,30,0.9713417887687683
Learned,Learned Basis,0.13,31,0.9714947938919067
Learned,Learned Basis,0.13,32,0.9689880609512329
Learned,Learned Basis,0.13,33,0.9750477075576782
Learned,Learned Basis,0.13,34,0.9722414612770081
Learned,Learned Basis,0.13,35,0.9763748049736023
Learned,Learned Basis,0.13,36,0.9741394519805908
Learned,Learned Basis,0.13,37,0.9758316874504089
Learned,Learned Basis,0.13,38,0.9763777852058411
Learned,Learned Basis,0.13,39,0.9774959683418274
Learned,Learned Basis,0.13,40,0.9751846790313721
Learned,Learned Basis,0.13,41,0.9773113131523132
Learned,Learned Basis,0.13,42,0.9778847098350525
Learned,Learned Basis,0.13,43,0.9774509072303772
Learned,Learned Basis,0.13,44,0.9779276251792908
Learned,Learned Basis,0.14,0,0.9800683856010437
Learned,Learned Basis,0.14,1,0.9816734790802002
Learned,Learned Basis,0.14,2,0.978049099445343
Learned,Learned Basis,0.14,3,0.9816134572029114
Learned,Learned Basis,0.14,4,0.9815748333930969
Learned,Learned Basis,0.14,5,0.9790008068084717
Learned,Learned Basis,0.14,6,0.9783496856689453
Learned,Learned Basis,0.14,7,0.9813651442527771
Learned,Learned Basis,0.14,8,0.980353593826294
Learned,Learned Basis,0.14,9,0.9795101284980774
Learned,Learned Basis,0.14,10,0.9813815355300903
Learned,Learned Basis,0.14,11,0.9813966751098633
Learned,Learned Basis,0.14,12,0.9806272387504578
Learned,Learned Basis,0.14,13,0.9819168448448181
Learned,Learned Basis,0.14,14,0.9799293279647827
Learned,Learned Basis,0.14,15,0.9860612154006958
Learned,Learned Basis,0.14,16,0.9798819422721863
Learned,Learned Basis,0.14,17,0.9823048710823059
Learned,Learned Basis,0.14,18,0.9822657108306885
Learned,Learned Basis,0.14,19,0.9819585084915161
Learned,Learned Basis,0.14,20,0.9799878597259521
Learned,Learned Basis,0.14,21,0.9795085787773132
Learned,Learned Basis,0.14,22,0.9713886380195618
Learned,Learned Basis,0.14,23,0.9613578915596008
Learned,Learned Basis,0.14,24,0.9647238254547119
Learned,Learned Basis,0.14,25,0.9633837342262268
Learned,Learned Basis,0.14,26,0.9630930423736572
Learned,Learned Basis,0.14,27,0.9686199426651001
Learned,Learned Basis,0.14,28,0.9633767604827881
Learned,Learned Basis,0.14,29,0.9645225405693054
Learned,Learned Basis,0.14,30,0.9709439277648926
Learned,Learned Basis,0.14,31,0.9712334275245667
Learned,Learned Basis,0.14,32,0.9687037467956543
Learned,Learned Basis,0.14,33,0.9746988415718079
Learned,Learned Basis,0.14,34,0.9720126390457153
Learned,Learned Basis,0.14,35,0.9761845469474792
Learned,Learned Basis,0.14,36,0.973983108997345
Learned,Learned Basis,0.14,37,0.9756529927253723
Learned,Learned Basis,0.14,38,0.9762347340583801
Learned,Learned Basis,0.14,39,0.9773522019386292
Learned,Learned Basis,0.14,40,0.9750403165817261
Learned,Learned Basis,0.14,41,0.9771793484687805
Learned,Learned Basis,0.14,42,0.977776825428009
Learned,Learned Basis,0.14,43,0.9773449897766113
Learned,Learned Basis,0.14,44,0.9778252243995667
Learned,Learned Basis,0.15000000000000002,0,0.9799596071243286
Learned,Learned Basis,0.15000000000000002,1,0.9815601110458374
Learned,Learned Basis,0.15000000000000002,2,0.9779422879219055
Learned,Learned Basis,0.15000000000000002,3,0.981511652469635
Learned,Learned Basis,0.15000000000000002,4,0.9814658761024475
Learned,Learned Basis,0.15000000000000002,5,0.9788839221000671
Learned,Learned Basis,0.15000000000000002,6,0.9782557487487793
Learned,Learned Basis,0.15000000000000002,7,0.9812763333320618
Learned,Learned Basis,0.15000000000000002,8,0.9802539944648743
Learned,Learned Basis,0.15000000000000002,9,0.9794149398803711
Learned,Learned Basis,0.15000000000000002,10,0.9812724590301514
Learned,Learned Basis,0.15000000000000002,11,0.9813042879104614
Learned,Learned Basis,0.15000000000000002,12,0.9805020093917847
Learned,Learned Basis,0.15000000000000002,13,0.9817911386489868
Learned,Learned Basis,0.15000000000000002,14,0.9798250794410706
Learned,Learned Basis,0.15000000000000002,15,0.9859238862991333
Learned,Learned Basis,0.15000000000000002,16,0.9797316193580627
Learned,Learned Basis,0.15000000000000002,17,0.982139527797699
Learned,Learned Basis,0.15000000000000002,18,0.9820888638496399
Learned,Learned Basis,0.15000000000000002,19,0.9817672371864319
Learned,Learned Basis,0.15000000000000002,20,0.9797221422195435
Learned,Learned Basis,0.15000000000000002,21,0.9790427684783936
Learned,Learned Basis,0.15000000000000002,22,0.9701384902000427
Learned,Learned Basis,0.15000000000000002,23,0.9584486484527588
Learned,Learned Basis,0.15000000000000002,24,0.9619981050491333
Learned,Learned Basis,0.15000000000000002,25,0.9605727195739746
Learned,Learned Basis,0.15000000000000002,26,0.9612299203872681
Learned,Learned Basis,0.15000000000000002,27,0.9680843949317932
Learned,Learned Basis,0.15000000000000002,28,0.9619320034980774
Learned,Learned Basis,0.15000000000000002,29,0.9632505178451538
Learned,Learned Basis,0.15000000000000002,30,0.9705179333686829
Learned,Learned Basis,0.15000000000000002,31,0.9709545373916626
Learned,Learned Basis,0.15000000000000002,32,0.9684000015258789
Learned,Learned Basis,0.15000000000000002,33,0.9743238091468811
Learned,Learned Basis,0.15000000000000002,34,0.9717689156532288
Learned,Learned Basis,0.15000000000000002,35,0.9759827852249146
Learned,Learned Basis,0.15000000000000002,36,0.9738155007362366
Learned,Learned Basis,0.15000000000000002,37,0.975462019443512
Learned,Learned Basis,0.15000000000000002,38,0.9760816097259521
Learned,Learned Basis,0.15000000000000002,39,0.9771986603736877
Learned,Learned Basis,0.15000000000000002,40,0.9748860597610474
Learned,Learned Basis,0.15000000000000002,41,0.9770381450653076
Learned,Learned Basis,0.15000000000000002,42,0.9776612520217896
Learned,Learned Basis,0.15000000000000002,43,0.9772311449050903
Learned,Learned Basis,0.15000000000000002,44,0.9777153730392456
Learned,Learned Basis,0.15999999999999998,0,0.9798431992530823
Learned,Learned Basis,0.15999999999999998,1,0.981440007686615
Learned,Learned Basis,0.15999999999999998,2,0.9778283834457397
Learned,Learned Basis,0.15999999999999998,3,0.9814030528068542
Learned,Learned Basis,0.15999999999999998,4,0.9813497066497803
Learned,Learned Basis,0.15999999999999998,5,0.9787598848342896
Learned,Learned Basis,0.15999999999999998,6,0.9781549572944641
Learned,Learned Basis,0.15999999999999998,7,0.9811813235282898
Learned,Learned Basis,0.15999999999999998,8,0.9801483750343323
Learned,Learned Basis,0.15999999999999998,9,0.9793130159378052
Learned,Learned Basis,0.15999999999999998,10,0.9811562299728394
Learned,Learned Basis,0.15999999999999998,11,0.9812052249908447
Learned,Learned Basis,0.15999999999999998,12,0.9803697466850281
Learned,Learned Basis,0.15999999999999998,13,0.9816578030586243
Learned,Learned Basis,0.15999999999999998,14,0.9797142148017883
Learned,Learned Basis,0.15999999999999998,15,0.9857783913612366
Learned,Learned Basis,0.15999999999999998,16,0.9795728325843811
Learned,Learned Basis,0.15999999999999998,17,0.9819645285606384
Learned,Learned Basis,0.15999999999999998,18,0.9819014668464661
Learned,Learned Basis,0.15999999999999998,19,0.9815649390220642
Learned,Learned Basis,0.15999999999999998,20,0.9794419407844543
Learned,Learned Basis,0.15999999999999998,21,0.9785518050193787
Learned,Learned Basis,0.15999999999999998,22,0.9688239693641663
Learned,Learned Basis,0.15999999999999998,23,0.9553751945495605
Learned,Learned Basis,0.15999999999999998,24,0.9590945839881897
Learned,Learned Basis,0.15999999999999998,25,0.9575799703598022
Learned,Learned Basis,0.15999999999999998,26,0.9592483639717102
Learned,Learned Basis,0.15999999999999998,27,0.9675155282020569
Learned,Learned Basis,0.15999999999999998,28,0.9603979587554932
Learned,Learned Basis,0.15999999999999998,29,0.9618978500366211
Learned,Learned Basis,0.15999999999999998,30,0.9700640439987183
Learned,Learned Basis,0.15999999999999998,31,0.9706578850746155
Learned,Learned Basis,0.15999999999999998,32,0.9680774211883545
Learned,Learned Basis,0.15999999999999998,33,0.9739236235618591
Learned,Learned Basis,0.15999999999999998,34,0.9715108275413513
Learned,Learned Basis,0.15999999999999998,35,0.9757693409919739
Learned,Learned Basis,0.15999999999999998,36,0.9736371040344238
Learned,Learned Basis,0.15999999999999998,37,0.9752587080001831
Learned,Learned Basis,0.15999999999999998,38,0.9759186506271362
Learned,Learned Basis,0.15999999999999998,39,0.9770355820655823
Learned,Learned Basis,0.15999999999999998,40,0.9747215509414673
Learned,Learned Basis,0.15999999999999998,41,0.9768878817558289
Learned,Learned Basis,0.15999999999999998,42,0.9775380492210388
Learned,Learned Basis,0.15999999999999998,43,0.977109432220459
Learned,Learned Basis,0.15999999999999998,44,0.9775978922843933
Learned,Learned Basis,0.16999999999999998,0,0.979719340801239
Learned,Learned Basis,0.16999999999999998,1,0.9813126921653748
Learned,Learned Basis,0.16999999999999998,2,0.9777072072029114
Learned,Learned Basis,0.16999999999999998,3,0.9812871813774109
Learned,Learned Basis,0.16999999999999998,4,0.9812260270118713
Learned,Learned Basis,0.16999999999999998,5,0.9786299467086792
Learned,Learned Basis,0.16999999999999998,6,0.9780476093292236
Learned,Learned Basis,0.16999999999999998,7,0.981079638004303
Learned,Learned Basis,0.16999999999999998,8,0.9800361394882202
Learned,Learned Basis,0.16999999999999998,9,0.9792051315307617
Learned,Learned Basis,0.16999999999999998,10,0.9810333847999573
Learned,Learned Basis,0.16999999999999998,11,0.9810996651649475
Learned,Learned Basis,0.16999999999999998,12,0.9802312254905701
Learned,Learned Basis,0.16999999999999998,13,0.9815166592597961
Learned,Learned Basis,0.16999999999999998,14,0.9795970916748047
Learned,Learned Basis,0.16999999999999998,15,0.9856250882148743
Learned,Learned Basis,0.16999999999999998,16,0.9794054627418518
Learned,Learned Basis,0.16999999999999998,17,0.981780469417572
Learned,Learned Basis,0.16999999999999998,18,0.981704831123352
Learned,Learned Basis,0.16999999999999998,19,0.9813513159751892
Learned,Learned Basis,0.16999999999999998,20,0.9791479110717773
Learned,Learned Basis,0.16999999999999998,21,0.9780362844467163
Learned,Learned Basis,0.16999999999999998,22,0.9674488306045532
Learned,Learned Basis,0.16999999999999998,23,0.9521458148956299
Learned,Learned Basis,0.16999999999999998,24,0.956015944480896
Learned,Learned Basis,0.16999999999999998,25,0.954407811164856
Learned,Learned Basis,0.16999999999999998,26,0.957148551940918
Learned,Learned Basis,0.16999999999999998,27,0.9669150114059448
Learned,Learned Basis,0.16999999999999998,28,0.9587775468826294
Learned,Learned Basis,0.16999999999999998,29,0.9604662656784058
Learned,Learned Basis,0.16999999999999998,30,0.9695828557014465
Learned,Learned Basis,0.16999999999999998,31,0.9703451991081238
Learned,Learned Basis,0.16999999999999998,32,0.9677364826202393
Learned,Learned Basis,0.16999999999999998,33,0.9734983444213867
Learned,Learned Basis,0.16999999999999998,34,0.9712385535240173
Learned,Learned Basis,0.16999999999999998,35,0.9755444526672363
Learned,Learned Basis,0.16999999999999998,36,0.9734477400779724
Learned,Learned Basis,0.16999999999999998,37,0.9750435948371887
Learned,Learned Basis,0.16999999999999998,38,0.9757456183433533
Learned,Learned Basis,0.16999999999999998,39,0.9768632650375366
Learned,Learned Basis,0.16999999999999998,40,0.9745467901229858
Learned,Learned Basis,0.16999999999999998,41,0.9767284989356995
Learned,Learned Basis,0.16999999999999998,42,0.9774075150489807
Learned,Learned Basis,0.16999999999999998,43,0.9769797325134277
Learned,Learned Basis,0.16999999999999998,44,0.9774733185768127
Learned,Learned Basis,0.18,0,0.9795882701873779
Learned,Learned Basis,0.18,1,0.9811784625053406
Learned,Learned Basis,0.18,2,0.9775789380073547
Learned,Learned Basis,0.18,3,0.9811648726463318
Learned,Learned Basis,0.18,4,0.9810951948165894
Learned,Learned Basis,0.18,5,0.978492796421051
Learned,Learned Basis,0.18,6,0.9779338240623474
Learned,Learned Basis,0.18,7,0.9809714555740356
Learned,Learned Basis,0.18,8,0.9799182415008545
Learned,Learned Basis,0.18,9,0.9790910482406616
Learned,Learned Basis,0.18,10,0.980903685092926
Learned,Learned Basis,0.18,11,0.9809876680374146
Learned,Learned Basis,0.18,12,0.9800854325294495
Learned,Learned Basis,0.18,13,0.9813687801361084
Learned,Learned Basis,0.18,14,0.9794741272926331
Learned,Learned Basis,0.18,15,0.9854643940925598
Learned,Learned Basis,0.18,16,0.979231059551239
Learned,Learned Basis,0.18,17,0.9815874099731445
Learned,Learned Basis,0.18,18,0.9814981818199158
Learned,Learned Basis,0.18,19,0.981127142906189
Learned,Learned Basis,0.18,20,0.9788400530815125
Learned,Learned Basis,0.18,21,0.9774984121322632
Learned,Learned Basis,0.18,22,0.9660176038742065
Learned,Learned Basis,0.18,23,0.9487670063972473
Learned,Learned Basis,0.18,24,0.9527642726898193
Learned,Learned Basis,0.18,25,0.9510587453842163
Learned,Learned Basis,0.18,26,0.9549321532249451
Learned,Learned Basis,0.18,27,0.9662824869155884
Learned,Learned Basis,0.18,28,0.9570723176002502
Learned,Learned Basis,0.18,29,0.9589575529098511
Learned,Learned Basis,0.18,30,0.9690749645233154
Learned,Learned Basis,0.18,31,0.9700159430503845
Learned,Learned Basis,0.18,32,0.967377245426178
Learned,Learned Basis,0.18,33,0.9730482697486877
Learned,Learned Basis,0.18,34,0.9709523916244507
Learned,Learned Basis,0.18,35,0.9753081798553467
Learned,Learned Basis,0.18,36,0.9732478260993958
Learned,Learned Basis,0.18,37,0.9748166799545288
Learned,Learned Basis,0.18,38,0.9755629897117615
Learned,Learned Basis,0.18,39,0.9766812920570374
Learned,Learned Basis,0.18,40,0.9743621349334717
Learned,Learned Basis,0.18,41,0.976560115814209
Learned,Learned Basis,0.18,42,0.9772690534591675
Learned,Learned Basis,0.18,43,0.9768427610397339
Learned,Learned Basis,0.18,44,0.9773412942886353
Learned,Learned Basis,0.19,0,0.979449987411499
Learned,Learned Basis,0.19,1,0.981037437915802
Learned,Learned Basis,0.19,2,0.9774434566497803
Learned,Learned Basis,0.19,3,0.9810352325439453
Learned,Learned Basis,0.19,4,0.9809574484825134
Learned,Learned Basis,0.19,5,0.9783493280410767
Learned,Learned Basis,0.19,6,0.977813720703125
Learned,Learned Basis,0.19,7,0.9808570146560669
Learned,Learned Basis,0.19,8,0.9797942042350769
Learned,Learned Basis,0.19,9,0.9789705872535706
Learned,Learned Basis,0.19,10,0.9807674884796143
Learned,Learned Basis,0.19,11,0.9808694124221802
Learned,Learned Basis,0.19,12,0.9799330830574036
Learned,Learned Basis,0.19,13,0.9812135696411133
Learned,Learned Basis,0.19,14,0.9793451428413391
Learned,Learned Basis,0.19,15,0.9852961897850037
Learned,Learned Basis,0.19,16,0.9790492057800293
Learned,Learned Basis,0.19,17,0.9813858270645142
Learned,Learned Basis,0.19,18,0.9812831282615662
Learned,Learned Basis,0.19,19,0.9808934926986694
Learned,Learned Basis,0.19,20,0.9785200953483582
Learned,Learned Basis,0.19,21,0.9769396185874939
Learned,Learned Basis,0.19,22,0.9645341634750366
Learned,Learned Basis,0.19,23,0.9452475309371948
Learned,Learned Basis,0.19,24,0.9493424892425537
Learned,Learned Basis,0.19,25,0.9475361108779907
Learned,Learned Basis,0.19,26,0.9526004195213318
Learned,Learned Basis,0.19,27,0.9656199812889099
Learned,Learned Basis,0.19,28,0.9552854299545288
Learned,Learned Basis,0.19,29,0.9573743343353271
Learned,Learned Basis,0.19,30,0.9685409069061279
Learned,Learned Basis,0.19,31,0.9696716070175171
Learned,Learned Basis,0.19,32,0.9670006036758423
Learned,Learned Basis,0.19,33,0.9725742340087891
Learned,Learned Basis,0.19,34,0.9706527590751648
Learned,Learned Basis,0.19,35,0.975061297416687
Learned,Learned Basis,0.19,36,0.9730375409126282
Learned,Learned Basis,0.19,37,0.9745782613754272
Learned,Learned Basis,0.19,38,0.9753710627555847
Learned,Learned Basis,0.19,39,0.9764899611473083
Learned,Learned Basis,0.19,40,0.9741678833961487
Learned,Learned Basis,0.19,41,0.9763835072517395
Learned,Learned Basis,0.19,42,0.9771236777305603
Learned,Learned Basis,0.19,43,0.9766978621482849
Learned,Learned Basis,0.19,44,0.9772018790245056
Learned,Learned Basis,0.2,0,0.9793045520782471
Learned,Learned Basis,0.2,1,0.9808898568153381
Learned,Learned Basis,0.2,2,0.9773014187812805
Learned,Learned Basis,0.2,3,0.9808991551399231
Learned,Learned Basis,0.2,4,0.9808124899864197
Learned,Learned Basis,0.2,5,0.9781996607780457
Learned,Learned Basis,0.2,6,0.9776874780654907
Learned,Learned Basis,0.2,7,0.9807367324829102
Learned,Learned Basis,0.2,8,0.9796649217605591
Learned,Learned Basis,0.2,9,0.9788442254066467
Learned,Learned Basis,0.2,10,0.9806252121925354
Learned,Learned Basis,0.2,11,0.9807446002960205
Learned,Learned Basis,0.2,12,0.9797746539115906
Learned,Learned Basis,0.2,13,0.9810516834259033
Learned,Learned Basis,0.2,14,0.9792104363441467
Learned,Learned Basis,0.2,15,0.9851213693618774
Learned,Learned Basis,0.2,16,0.9788597822189331
Learned,Learned Basis,0.2,17,0.9811758995056152
Learned,Learned Basis,0.2,18,0.9810590744018555
Learned,Learned Basis,0.2,19,0.980650007724762
Learned,Learned Basis,0.2,20,0.9781882166862488
Learned,Learned Basis,0.2,21,0.976361095905304
Learned,Learned Basis,0.2,22,0.9630036354064941
Learned,Learned Basis,0.2,23,0.9415950179100037
Learned,Learned Basis,0.2,24,0.9457526803016663
Learned,Learned Basis,0.2,25,0.9438425898551941
Learned,Learned Basis,0.2,26,0.9501546621322632
Learned,Learned Basis,0.2,27,0.9649278521537781
Learned,Learned Basis,0.2,28,0.9534189105033875
Learned,Learned Basis,0.2,29,0.9557178020477295
Learned,Learned Basis,0.2,30,0.9679819941520691
Learned,Learned Basis,0.2,31,0.9693117737770081
Learned,Learned Basis,0.2,32,0.9666067361831665
Learned,Learned Basis,0.2,33,0.9720767736434937
Learned,Learned Basis,0.2,34,0.970339834690094
Learned,Learned Basis,0.2,35,0.9748039245605469
Learned,Learned Basis,0.2,36,0.972817063331604
Learned,Learned Basis,0.2,37,0.9743283987045288
Learned,Learned Basis,0.2,38,0.9751697182655334
Learned,Learned Basis,0.2,39,0.9762896299362183
Learned,Learned Basis,0.2,40,0.973963737487793
Learned,Learned Basis,0.2,41,0.9761976003646851
Learned,Learned Basis,0.2,42,0.9769706726074219
Learned,Learned Basis,0.2,43,0.9765456318855286
Learned,Learned Basis,0.2,44,0.9770556688308716
