method,method_label,papr_db
OFDM,Classical OFDM,7.708909
OFDM,Classical OFDM,5.974475
OFDM,Classical OFDM,4.9644413
OFDM,Classical OFDM,6.7826395
OFDM,Classical OFDM,5.448184
OFDM,Classical OFDM,6.06802
OFDM,Classical OFDM,5.9616003
OFDM,Classical OFDM,7.0344734
OFDM,Classical OFDM,6.3359747
OFDM,Classical OFDM,7.182853
OFDM,Classical OFDM,5.731016
OFDM,Classical OFDM,5.773647
OFDM,Classical OFDM,7.358539
OFDM,Classical OFDM,6.2705903
OFDM,Classical OFDM,6.692789
OFDM,Classical OFDM,7.034338
OFDM,Classical OFDM,5.2498875
OFDM,Classical OFDM,7.6757936
OFDM,Classical OFDM,8.63858
OFDM,Classical OFDM,6.702451
OFDM,Classical OFDM,5.6995106
OFDM,Classical OFDM,8.009733
OFDM,Classical OFDM,5.5623884
OFDM,Classical OFDM,7.794281
OFDM,Classical OFDM,5.5775876
OFDM,Classical OFDM,5.7449155
OFDM,Classical OFDM,6.6471186
OFDM,Classical OFDM,6.320748
OFDM,Classical OFDM,7.7165895
OFDM,Classical OFDM,5.664358
OFDM,Classical OFDM,6.8524017
OFDM,Classical OFDM,5.8131914
OFDM,Classical OFDM,6.5758443
OFDM,Classical OFDM,5.4019165
OFDM,Classical OFDM,5.1408696
OFDM,Classical OFDM,5.737423
OFDM,Classical OFDM,5.355221
OFDM,Classical OFDM,7.5815525
OFDM,Classical OFDM,8.484949
OFDM,Classical OFDM,6.637286
OFDM,Classical OFDM,7.4630938
OFDM,Classical OFDM,5.9213853
OFDM,Classical OFDM,6.509737
OFDM,Classical OFDM,6.5886
OFDM,Classical OFDM,7.76766
OFDM,Classical OFDM,5.0018606
OFDM,Classical OFDM,5.863537
OFDM,Classical OFDM,6.505609
OFDM,Classical OFDM,6.2254524
OFDM,Classical OFDM,6.5998898
OFDM,Classical OFDM,7.791788
OFDM,Classical OFDM,5.956862
OFDM,Classical OFDM,6.170208
OFDM,Classical OFDM,4.9122753
OFDM,Classical OFDM,6.594845
OFDM,Classical OFDM,7.385321
OFDM,Classical OFDM,5.1401496
OFDM,Classical OFDM,8.545236
OFDM,Classical OFDM,5.983913
OFDM,Classical OFDM,6.6429615
OFDM,Classical OFDM,6.889091
OFDM,Classical OFDM,4.1605797
OFDM,Classical OFDM,6.422744
OFDM,Classical OFDM,8.970638
OFDM,Classical OFDM,5.433683
OFDM,Classical OFDM,6.238516
OFDM,Classical OFDM,7.360916
OFDM,Classical OFDM,7.481763
OFDM,Classical OFDM,6.9341893
OFDM,Classical OFDM,7.8023915
OFDM,Classical OFDM,6.1733174
OFDM,Classical OFDM,8.830851
OFDM,Classical OFDM,5.991225
OFDM,Classical OFDM,6.211529
OFDM,Classical OFDM,5.9532733
OFDM,Classical OFDM,5.580907
OFDM,Classical OFDM,5.8697605
OFDM,Classical OFDM,5.429064
OFDM,Classical OFDM,8.649773
OFDM,Classical OFDM,6.054037
OFDM,Classical OFDM,6.5413523
OFDM,Classical OFDM,6.078055
OFDM,Classical OFDM,6.176363
OFDM,Classical OFDM,5.550045
OFDM,Classical OFDM,6.5986185
OFDM,Classical OFDM,7.761077
OFDM,Classical OFDM,5.9246397
OFDM,Classical OFDM,6.2313266
OFDM,Classical OFDM,6.4378147
OFDM,Classical OFDM,7.03453
OFDM,Classical OFDM,6.699052
OFDM,Classical OFDM,6.8950014
OFDM,Classical OFDM,8.227808
OFDM,Classical OFDM,6.8878627
OFDM,Classical OFDM,6.8225183
OFDM,Classical OFDM,5.33848
OFDM,Classical OFDM,6.9068713
OFDM,Classical OFDM,6.4317822
OFDM,Classical OFDM,7.383546
OFDM,Classical OFDM,8.510884
OFDM,Classical OFDM,7.7085614
OFDM,Classical OFDM,8.879459
OFDM,Classical OFDM,10.089338
OFDM,Classical OFDM,7.1831408
OFDM,Classical OFDM,7.6465726
OFDM,Classical OFDM,5.41534
OFDM,Classical OFDM,4.99404
OFDM,Classical OFDM,7.691601
OFDM,Classical OFDM,6.1479564
OFDM,Classical OFDM,6.3984766
OFDM,Classical OFDM,7.060564
OFDM,Classical OFDM,6.7719812
OFDM,Classical OFDM,5.32023
OFDM,Classical OFDM,7.177274
OFDM,Classical OFDM,6.876378
OFDM,Classical OFDM,5.155139
OFDM,Classical OFDM,7.1736817
OFDM,Classical OFDM,6.427937
OFDM,Classical OFDM,5.844342
OFDM,Classical OFDM,5.596683
OFDM,Classical OFDM,6.027243
OFDM,Classical OFDM,7.3740487
OFDM,Classical OFDM,9.065249
OFDM,Classical OFDM,6.2314014
OFDM,Classical OFDM,5.563381
OFDM,Classical OFDM,7.133351
OFDM,Classical OFDM,7.398703
OFDM,Classical OFDM,7.3809614
OFDM,Classical OFDM,8.072892
OFDM,Classical OFDM,6.821906
OFDM,Classical OFDM,6.4489355
OFDM,Classical OFDM,5.2820683
OFDM,Classical OFDM,6.9756165
OFDM,Classical OFDM,7.297271
OFDM,Classical OFDM,7.0153008
OFDM,Classical OFDM,5.7965465
OFDM,Classical OFDM,7.8737764
OFDM,Classical OFDM,6.4478226
OFDM,Classical OFDM,5.117732
OFDM,Classical OFDM,5.328928
OFDM,Classical OFDM,6.388781
OFDM,Classical OFDM,5.708621
OFDM,Classical OFDM,5.259149
OFDM,Classical OFDM,7.0791345
OFDM,Classical OFDM,7.256258
OFDM,Classical OFDM,5.8463044
OFDM,Classical OFDM,7.5146813
OFDM,Classical OFDM,7.0041094
OFDM,Classical OFDM,5.223526
OFDM,Classical OFDM,6.355464
OFDM,Classical OFDM,6.2669764
OFDM,Classical OFDM,6.200226
OFDM,Classical OFDM,5.8347607
OFDM,Classical OFDM,7.803083
OFDM,Classical OFDM,6.4818997
OFDM,Classical OFDM,6.314005
OFDM,Classical OFDM,5.4883347
OFDM,Classical OFDM,5.974497
OFDM,Classical OFDM,6.174772
OFDM,Classical OFDM,7.4656887
OFDM,Classical OFDM,8.274929
OFDM,Classical OFDM,5.1630564
OFDM,Classical OFDM,6.518367
OFDM,Classical OFDM,6.063964
OFDM,Classical OFDM,7.076943
OFDM,Classical OFDM,7.9953094
OFDM,Classical OFDM,6.1875477
OFDM,Classical OFDM,6.2644854
OFDM,Classical OFDM,6.952531
OFDM,Classical OFDM,8.106669
OFDM,Classical OFDM,8.997049
OFDM,Classical OFDM,6.278506
OFDM,Classical OFDM,6.1607037
OFDM,Classical OFDM,7.4116154
OFDM,Classical OFDM,6.308426
OFDM,Classical OFDM,6.793625
OFDM,Classical OFDM,6.06443
OFDM,Classical OFDM,8.749346
OFDM,Classical OFDM,4.096378
OFDM,Classical OFDM,7.6258607
OFDM,Classical OFDM,7.557425
OFDM,Classical OFDM,5.4028244
OFDM,Classical OFDM,6.764655
OFDM,Classical OFDM,8.808036
OFDM,Classical OFDM,7.2480483
OFDM,Classical OFDM,7.239656
OFDM,Classical OFDM,6.652403
OFDM,Classical OFDM,5.058274
OFDM,Classical OFDM,6.6956224
OFDM,Classical OFDM,6.654074
OFDM,Classical OFDM,5.5026364
OFDM,Classical OFDM,5.678635
OFDM,Classical OFDM,7.029086
OFDM,Classical OFDM,6.064308
OFDM,Classical OFDM,7.133543
OFDM,Classical OFDM,5.831129
OFDM,Classical OFDM,6.220159
OFDM,Classical OFDM,5.9138083
OFDM,Classical OFDM,5.719499
OFDM,Classical OFDM,7.3305416
OFDM,Classical OFDM,7.379689
OFDM,Classical OFDM,5.3255053
OFDM,Classical OFDM,7.0965505
OFDM,Classical OFDM,8.444605
OFDM,Classical OFDM,6.290529
OFDM,Classical OFDM,6.0441856
OFDM,Classical OFDM,7.153042
OFDM,Classical OFDM,5.527485
OFDM,Classical OFDM,5.7453527
OFDM,Classical OFDM,5.862722
OFDM,Classical OFDM,5.94598
OFDM,Classical OFDM,6.5523386
OFDM,Classical OFDM,6.33645
OFDM,Classical OFDM,4.978649
OFDM,Classical OFDM,6.419268
OFDM,Classical OFDM,7.241757
OFDM,Classical OFDM,7.580373
OFDM,Classical OFDM,7.869554
OFDM,Classical OFDM,6.8221493
OFDM,Classical OFDM,7.2922425
OFDM,Classical OFDM,5.056714
OFDM,Classical OFDM,6.243117
OFDM,Classical OFDM,5.5902796
OFDM,Classical OFDM,5.7447295
OFDM,Classical OFDM,5.42188
OFDM,Classical OFDM,6.7466187
OFDM,Classical OFDM,6.7541337
OFDM,Classical OFDM,7.069275
OFDM,Classical OFDM,8.543739
OFDM,Classical OFDM,5.4216175
OFDM,Classical OFDM,5.122848
OFDM,Classical OFDM,5.5000896
OFDM,Classical OFDM,8.078059
OFDM,Classical OFDM,8.487277
OFDM,Classical OFDM,8.559853
OFDM,Classical OFDM,6.314907
OFDM,Classical OFDM,6.3836107
OFDM,Classical OFDM,8.101947
OFDM,Classical OFDM,5.1844096
OFDM,Classical OFDM,6.8026137
OFDM,Classical OFDM,6.004241
OFDM,Classical OFDM,5.357614
OFDM,Classical OFDM,5.136128
OFDM,Classical OFDM,5.8297443
OFDM,Classical OFDM,5.8104796
OFDM,Classical OFDM,6.555072
OFDM,Classical OFDM,7.0224004
OFDM,Classical OFDM,5.725626
OFDM,Classical OFDM,7.4866247
OFDM,Classical OFDM,6.1379476
OFDM,Classical OFDM,4.611803
OFDM,Classical OFDM,7.0772986
OFDM,Classical OFDM,5.656105
OFDM,Classical OFDM,5.3174686
OFDM,Classical OFDM,7.375458
OFDM,Classical OFDM,6.639631
OFDM,Classical OFDM,6.734439
OFDM,Classical OFDM,6.7736053
OFDM,Classical OFDM,6.6101484
OFDM,Classical OFDM,4.6878233
OFDM,Classical OFDM,6.8552203
OFDM,Classical OFDM,6.1130614
OFDM,Classical OFDM,6.075678
OFDM,Classical OFDM,5.886605
OFDM,Classical OFDM,6.46617
OFDM,Classical OFDM,5.4695616
OFDM,Classical OFDM,6.4409757
OFDM,Classical OFDM,8.189693
OFDM,Classical OFDM,7.352091
OFDM,Classical OFDM,7.0999537
OFDM,Classical OFDM,6.752816
OFDM,Classical OFDM,5.339777
OFDM,Classical OFDM,6.316001
OFDM,Classical OFDM,7.1146064
OFDM,Classical OFDM,6.794085
OFDM,Classical OFDM,7.6217012
OFDM,Classical OFDM,7.093417
OFDM,Classical OFDM,6.451517
OFDM,Classical OFDM,6.4799433
OFDM,Classical OFDM,6.0378413
OFDM,Classical OFDM,6.364558
OFDM,Classical OFDM,7.3387785
OFDM,Classical OFDM,8.837772
OFDM,Classical OFDM,7.832914
OFDM,Classical OFDM,7.349571
OFDM,Classical OFDM,6.55158
OFDM,Classical OFDM,6.021722
OFDM,Classical OFDM,6.7656684
OFDM,Classical OFDM,5.6551323
OFDM,Classical OFDM,6.4155807
OFDM,Classical OFDM,6.775269
OFDM,Classical OFDM,6.4775095
OFDM,Classical OFDM,7.2875257
OFDM,Classical OFDM,6.4681153
OFDM,Classical OFDM,5.34487
OFDM,Classical OFDM,6.000769
OFDM,Classical OFDM,4.4200544
OFDM,Classical OFDM,6.1558867
OFDM,Classical OFDM,6.672943
OFDM,Classical OFDM,7.1146364
OFDM,Classical OFDM,6.274841
OFDM,Classical OFDM,6.311565
OFDM,Classical OFDM,6.877895
OFDM,Classical OFDM,6.5427394
OFDM,Classical OFDM,6.2692738
OFDM,Classical OFDM,7.775223
OFDM,Classical OFDM,8.611862
OFDM,Classical OFDM,7.7163367
OFDM,Classical OFDM,6.0131035
OFDM,Classical OFDM,9.436351
OFDM,Classical OFDM,5.5950108
OFDM,Classical OFDM,5.653736
OFDM,Classical OFDM,6.959768
OFDM,Classical OFDM,8.148036
OFDM,Classical OFDM,5.17366
OFDM,Classical OFDM,5.2819805
OFDM,Classical OFDM,6.121748
OFDM,Classical OFDM,6.1975374
OFDM,Classical OFDM,8.613779
OFDM,Classical OFDM,6.875343
OFDM,Classical OFDM,5.8891063
OFDM,Classical OFDM,7.4015703
OFDM,Classical OFDM,6.0418444
OFDM,Classical OFDM,5.1997375
OFDM,Classical OFDM,9.16406
OFDM,Classical OFDM,6.4991946
OFDM,Classical OFDM,6.009969
OFDM,Classical OFDM,7.560887
OFDM,Classical OFDM,6.1697617
OFDM,Classical OFDM,9.026868
OFDM,Classical OFDM,5.94891
OFDM,Classical OFDM,6.5159326
OFDM,Classical OFDM,6.5164094
OFDM,Classical OFDM,5.0566263
OFDM,Classical OFDM,6.1760416
OFDM,Classical OFDM,7.2370644
OFDM,Classical OFDM,5.3825884
OFDM,Classical OFDM,6.269238
OFDM,Classical OFDM,5.9130945
OFDM,Classical OFDM,6.787596
OFDM,Classical OFDM,6.8858557
OFDM,Classical OFDM,6.879068
OFDM,Classical OFDM,5.55407
OFDM,Classical OFDM,7.173872
OFDM,Classical OFDM,6.7482185
OFDM,Classical OFDM,8.011902
OFDM,Classical OFDM,7.856212
OFDM,Classical OFDM,6.8916698
OFDM,Classical OFDM,5.8373666
OFDM,Classical OFDM,6.3082533
OFDM,Classical OFDM,5.6083784
OFDM,Classical OFDM,6.385966
OFDM,Classical OFDM,5.416963
OFDM,Classical OFDM,6.372308
OFDM,Classical OFDM,5.7144146
OFDM,Classical OFDM,4.996456
OFDM,Classical OFDM,7.35565
OFDM,Classical OFDM,7.396428
OFDM,Classical OFDM,6.7267394
OFDM,Classical OFDM,6.170216
OFDM,Classical OFDM,6.2064786
OFDM,Classical OFDM,5.1787224
OFDM,Classical OFDM,5.4598513
OFDM,Classical OFDM,7.8108015
OFDM,Classical OFDM,8.412331
OFDM,Classical OFDM,5.617969
OFDM,Classical OFDM,6.143733
OFDM,Classical OFDM,7.978677
OFDM,Classical OFDM,8.035442
OFDM,Classical OFDM,7.6157236
OFDM,Classical OFDM,5.9775686
OFDM,Classical OFDM,7.283023
OFDM,Classical OFDM,7.810281
OFDM,Classical OFDM,6.0207615
OFDM,Classical OFDM,5.985446
OFDM,Classical OFDM,6.621465
OFDM,Classical OFDM,5.924697
OFDM,Classical OFDM,6.0847597
OFDM,Classical OFDM,6.5789433
OFDM,Classical OFDM,6.6914277
OFDM,Classical OFDM,5.482846
OFDM,Classical OFDM,5.664913
OFDM,Classical OFDM,6.0698004
OFDM,Classical OFDM,7.28584
OFDM,Classical OFDM,7.5935726
OFDM,Classical OFDM,5.9839563
OFDM,Classical OFDM,8.965394
OFDM,Classical OFDM,7.7486587
OFDM,Classical OFDM,7.4011297
OFDM,Classical OFDM,6.75025
OFDM,Classical OFDM,6.276266
OFDM,Classical OFDM,7.383397
OFDM,Classical OFDM,7.180773
OFDM,Classical OFDM,7.9123373
OFDM,Classical OFDM,7.0409565
OFDM,Classical OFDM,6.354969
OFDM,Classical OFDM,5.1389546
OFDM,Classical OFDM,7.669721
OFDM,Classical OFDM,6.764465
OFDM,Classical OFDM,6.0904956
OFDM,Classical OFDM,8.862205
OFDM,Classical OFDM,6.774445
OFDM,Classical OFDM,5.776875
OFDM,Classical OFDM,5.591479
OFDM,Classical OFDM,6.209082
OFDM,Classical OFDM,6.857038
OFDM,Classical OFDM,7.2445564
OFDM,Classical OFDM,6.2025547
OFDM,Classical OFDM,9.41615
OFDM,Classical OFDM,7.1024714
OFDM,Classical OFDM,5.6051416
OFDM,Classical OFDM,7.396314
OFDM,Classical OFDM,8.526455
OFDM,Classical OFDM,6.847787
OFDM,Classical OFDM,5.1909533
OFDM,Classical OFDM,5.105382
OFDM,Classical OFDM,8.603442
OFDM,Classical OFDM,7.892761
OFDM,Classical OFDM,8.253816
OFDM,Classical OFDM,5.6901984
OFDM,Classical OFDM,6.2007637
OFDM,Classical OFDM,5.699424
OFDM,Classical OFDM,6.1892643
OFDM,Classical OFDM,6.297541
OFDM,Classical OFDM,6.8972588
OFDM,Classical OFDM,5.4292173
OFDM,Classical OFDM,6.375581
OFDM,Classical OFDM,7.35141
OFDM,Classical OFDM,6.9538336
OFDM,Classical OFDM,7.195797
OFDM,Classical OFDM,7.2754197
OFDM,Classical OFDM,5.527811
OFDM,Classical OFDM,7.1663933
OFDM,Classical OFDM,5.3014665
OFDM,Classical OFDM,5.307038
OFDM,Classical OFDM,5.580105
OFDM,Classical OFDM,7.066677
OFDM,Classical OFDM,6.6190963
OFDM,Classical OFDM,7.424738
OFDM,Classical OFDM,5.851182
OFDM,Classical OFDM,6.9236493
OFDM,Classical OFDM,6.763287
OFDM,Classical OFDM,6.5301533
OFDM,Classical OFDM,8.539466
OFDM,Classical OFDM,6.710602
OFDM,Classical OFDM,5.9214334
OFDM,Classical OFDM,7.130412
OFDM,Classical OFDM,6.144084
OFDM,Classical OFDM,6.8993053
OFDM,Classical OFDM,6.581311
OFDM,Classical OFDM,6.7030644
OFDM,Classical OFDM,6.1053066
OFDM,Classical OFDM,5.320854
OFDM,Classical OFDM,6.2956743
OFDM,Classical OFDM,6.3951006
OFDM,Classical OFDM,6.251859
OFDM,Classical OFDM,6.398658
OFDM,Classical OFDM,6.857856
OFDM,Classical OFDM,5.673325
OFDM,Classical OFDM,7.2428155
OFDM,Classical OFDM,7.610265
OFDM,Classical OFDM,7.042762
OFDM,Classical OFDM,5.4619617
OFDM,Classical OFDM,5.2501817
OFDM,Classical OFDM,6.55787
OFDM,Classical OFDM,6.246661
OFDM,Classical OFDM,7.8123813
OFDM,Classical OFDM,7.034951
OFDM,Classical OFDM,5.5667443
OFDM,Classical OFDM,6.131813
OFDM,Classical OFDM,7.4182053
OFDM,Classical OFDM,7.36924
OFDM,Classical OFDM,7.0113606
OFDM,Classical OFDM,6.4439077
OFDM,Classical OFDM,6.7517095
OFDM,Classical OFDM,5.986515
OFDM,Classical OFDM,6.110882
OFDM,Classical OFDM,5.110696
OFDM,Classical OFDM,5.5556197
OFDM,Classical OFDM,6.1153297
OFDM,Classical OFDM,6.4997864
OFDM,Classical OFDM,6.715362
OFDM,Classical OFDM,6.2885866
OFDM,Classical OFDM,7.0052204
OFDM,Classical OFDM,6.2062845
OFDM,Classical OFDM,7.030878
OFDM,Classical OFDM,8.93006
OFDM,Classical OFDM,7.5268106
OFDM,Classical OFDM,6.693025
OFDM,Classical OFDM,6.281572
OFDM,Classical OFDM,7.107864
OFDM,Classical OFDM,6.029079
OFDM,Classical OFDM,6.0947304
OFDM,Classical OFDM,7.871047
OFDM,Classical OFDM,5.6049557
OFDM,Classical OFDM,7.8741417
OFDM,Classical OFDM,6.1744356
OFDM,Classical OFDM,5.285902
OFDM,Classical OFDM,5.4487514
OFDM,Classical OFDM,6.931223
OFDM,Classical OFDM,5.7655535
OFDM,Classical OFDM,7.0839176
OFDM,Classical OFDM,6.900775
OFDM,Classical OFDM,5.888138
OFDM,Classical OFDM,5.860277
OFDM,Classical OFDM,7.5155025
OFDM,Classical OFDM,6.3700337
OFDM,Classical OFDM,7.4082828
OFDM,Classical OFDM,6.5726924
OFDM,Classical OFDM,8.009312
OFDM,Classical OFDM,9.38231
OFDM,Classical OFDM,7.1927195
OFDM,Classical OFDM,7.811012
OFDM,Classical OFDM,5.021182
OFDM,Classical OFDM,6.560435
OFDM,Classical OFDM,6.3505845
OFDM,Classical OFDM,7.182625
OFDM,Classical OFDM,5.9747057
OFDM,Classical OFDM,5.575741
OFDM,Classical OFDM,5.4969263
OFDM,Classical OFDM,4.3136744
OFDM,Classical OFDM,6.108795
OFDM,Classical OFDM,6.303673
OFDM,Classical OFDM,6.3945107
OFDM,Classical OFDM,6.6464205
OFDM,Classical OFDM,6.0671234
OFDM,Classical OFDM,5.7955503
OFDM,Classical OFDM,5.912523
OFDM,Classical OFDM,5.9983487
OFDM,Classical OFDM,5.9968424
OFDM,Classical OFDM,6.914949
OFDM,Classical OFDM,7.1443276
OFDM,Classical OFDM,7.1098275
OFDM,Classical OFDM,6.236351
OFDM,Classical OFDM,5.600695
OFDM,Classical OFDM,6.879103
OFDM,Classical OFDM,5.0357714
OFDM,Classical OFDM,6.2502055
OFDM,Classical OFDM,5.3926926
OFDM,Classical OFDM,8.1536
OFDM,Classical OFDM,6.4039974
OFDM,Classical OFDM,5.3443437
OFDM,Classical OFDM,6.6429987
OFDM,Classical OFDM,7.8819265
OFDM,Classical OFDM,6.2647552
OFDM,Classical OFDM,7.111644
OFDM,Classical OFDM,4.9779625
OFDM,Classical OFDM,7.8447604
OFDM,Classical OFDM,8.087007
OFDM,Classical OFDM,6.209123
OFDM,Classical OFDM,7.3328056
OFDM,Classical OFDM,5.5223794
OFDM,Classical OFDM,6.722855
OFDM,Classical OFDM,6.0458064
OFDM,Classical OFDM,5.45939
OFDM,Classical OFDM,4.905067
OFDM,Classical OFDM,5.861229
OFDM,Classical OFDM,6.3803387
OFDM,Classical OFDM,6.4220695
OFDM,Classical OFDM,6.773384
OFDM,Classical OFDM,6.5078154
OFDM,Classical OFDM,6.745166
OFDM,Classical OFDM,7.8957553
OFDM,Classical OFDM,4.492706
OFDM,Classical OFDM,5.653894
OFDM,Classical OFDM,5.7688694
OFDM,Classical OFDM,5.0450892
OFDM,Classical OFDM,7.0399528
OFDM,Classical OFDM,7.679543
OFDM,Classical OFDM,5.536522
OFDM,Classical OFDM,7.344787
OFDM,Classical OFDM,6.2194023
OFDM,Classical OFDM,5.865066
OFDM,Classical OFDM,6.077624
OFDM,Classical OFDM,8.068856
OFDM,Classical OFDM,7.1819735
OFDM,Classical OFDM,6.5896416
OFDM,Classical OFDM,6.861005
OFDM,Classical OFDM,8.168419
OFDM,Classical OFDM,6.4479547
OFDM,Classical OFDM,6.530599
OFDM,Classical OFDM,6.503892
OFDM,Classical OFDM,6.637437
OFDM,Classical OFDM,5.5195932
OFDM,Classical OFDM,7.1439834
OFDM,Classical OFDM,6.16447
OFDM,Classical OFDM,5.1401715
OFDM,Classical OFDM,7.5088925
OFDM,Classical OFDM,8.237719
OFDM,Classical OFDM,6.2493916
OFDM,Classical OFDM,6.1061473
OFDM,Classical OFDM,6.7407017
OFDM,Classical OFDM,6.508478
OFDM,Classical OFDM,5.6585636
OFDM,Classical OFDM,5.777199
OFDM,Classical OFDM,7.2705145
OFDM,Classical OFDM,7.780591
OFDM,Classical OFDM,6.815143
OFDM,Classical OFDM,7.193919
OFDM,Classical OFDM,4.544848
OFDM,Classical OFDM,9.147149
OFDM,Classical OFDM,6.1256514
OFDM,Classical OFDM,5.9393506
OFDM,Classical OFDM,8.9126
OFDM,Classical OFDM,6.2038717
OFDM,Classical OFDM,6.357134
OFDM,Classical OFDM,5.892546
OFDM,Classical OFDM,7.360833
OFDM,Classical OFDM,7.0485773
OFDM,Classical OFDM,8.626539
OFDM,Classical OFDM,8.178484
OFDM,Classical OFDM,7.0635633
OFDM,Classical OFDM,5.3443146
OFDM,Classical OFDM,6.0078077
OFDM,Classical OFDM,7.392139
OFDM,Classical OFDM,6.7480235
OFDM,Classical OFDM,7.3073874
OFDM,Classical OFDM,6.961181
OFDM,Classical OFDM,6.886787
OFDM,Classical OFDM,6.9532948
OFDM,Classical OFDM,6.5509396
OFDM,Classical OFDM,5.4934416
OFDM,Classical OFDM,6.5066357
OFDM,Classical OFDM,7.5422077
OFDM,Classical OFDM,5.895539
OFDM,Classical OFDM,6.933784
OFDM,Classical OFDM,6.4206862
OFDM,Classical OFDM,7.029663
OFDM,Classical OFDM,7.527545
OFDM,Classical OFDM,7.1611166
OFDM,Classical OFDM,6.9392967
OFDM,Classical OFDM,6.6429305
OFDM,Classical OFDM,5.7523656
OFDM,Classical OFDM,5.918762
OFDM,Classical OFDM,5.512261
OFDM,Classical OFDM,6.0278583
OFDM,Classical OFDM,5.3673735
OFDM,Classical OFDM,6.067564
OFDM,Classical OFDM,5.7779646
OFDM,Classical OFDM,6.9451756
OFDM,Classical OFDM,7.1548843
OFDM,Classical OFDM,7.778555
OFDM,Classical OFDM,6.6241436
OFDM,Classical OFDM,5.8242807
OFDM,Classical OFDM,5.944362
OFDM,Classical OFDM,5.849373
OFDM,Classical OFDM,6.3573213
OFDM,Classical OFDM,5.998481
OFDM,Classical OFDM,7.783639
OFDM,Classical OFDM,5.878999
OFDM,Classical OFDM,6.639229
OFDM,Classical OFDM,6.562997
OFDM,Classical OFDM,7.4441433
OFDM,Classical OFDM,5.7459807
OFDM,Classical OFDM,7.668202
OFDM,Classical OFDM,6.8697352
OFDM,Classical OFDM,7.474742
OFDM,Classical OFDM,6.3010697
OFDM,Classical OFDM,6.2640424
OFDM,Classical OFDM,6.7188063
OFDM,Classical OFDM,7.4249783
OFDM,Classical OFDM,6.860723
OFDM,Classical OFDM,8.167906
OFDM,Classical OFDM,7.0739822
OFDM,Classical OFDM,6.281063
OFDM,Classical OFDM,6.93657
OFDM,Classical OFDM,7.0122976
OFDM,Classical OFDM,5.025607
OFDM,Classical OFDM,7.0581775
OFDM,Classical OFDM,7.295239
OFDM,Classical OFDM,5.2710304
OFDM,Classical OFDM,8.194443
OFDM,Classical OFDM,6.8847094
OFDM,Classical OFDM,5.770607
OFDM,Classical OFDM,5.5499887
OFDM,Classical OFDM,5.584941
OFDM,Classical OFDM,7.3299704
OFDM,Classical OFDM,7.4455786
OFDM,Classical OFDM,7.8457475
OFDM,Classical OFDM,6.269036
OFDM,Classical OFDM,6.472609
OFDM,Classical OFDM,8.602653
OFDM,Classical OFDM,7.4844623
OFDM,Classical OFDM,7.7969003
OFDM,Classical OFDM,8.603589
OFDM,Classical OFDM,7.650683
OFDM,Classical OFDM,6.8812037
OFDM,Classical OFDM,5.7798142
OFDM,Classical OFDM,6.095137
OFDM,Classical OFDM,6.338004
OFDM,Classical OFDM,7.236601
OFDM,Classical OFDM,7.5957623
OFDM,Classical OFDM,6.893842
OFDM,Classical OFDM,6.961031
OFDM,Classical OFDM,6.66534
OFDM,Classical OFDM,6.075097
OFDM,Classical OFDM,5.4168043
OFDM,Classical OFDM,6.981908
OFDM,Classical OFDM,5.8793635
OFDM,Classical OFDM,7.1392655
OFDM,Classical OFDM,4.9804316
OFDM,Classical OFDM,6.2065573
OFDM,Classical OFDM,6.708905
OFDM,Classical OFDM,6.6140966
OFDM,Classical OFDM,6.38434
OFDM,Classical OFDM,5.503307
OFDM,Classical OFDM,9.121229
OFDM,Classical OFDM,6.9987435
OFDM,Classical OFDM,7.4867153
OFDM,Classical OFDM,5.7888703
OFDM,Classical OFDM,6.6713333
OFDM,Classical OFDM,6.7586718
OFDM,Classical OFDM,7.656996
OFDM,Classical OFDM,6.3853483
OFDM,Classical OFDM,6.151467
OFDM,Classical OFDM,7.1717863
OFDM,Classical OFDM,6.8272457
OFDM,Classical OFDM,7.450424
OFDM,Classical OFDM,5.947681
OFDM,Classical OFDM,6.404319
OFDM,Classical OFDM,7.979329
OFDM,Classical OFDM,7.3634887
OFDM,Classical OFDM,6.89543
OFDM,Classical OFDM,6.3633447
OFDM,Classical OFDM,7.4085646
OFDM,Classical OFDM,6.93152
OFDM,Classical OFDM,5.5305595
OFDM,Classical OFDM,9.175173
OFDM,Classical OFDM,5.8871174
OFDM,Classical OFDM,6.7137003
OFDM,Classical OFDM,7.4805307
OFDM,Classical OFDM,5.574402
OFDM,Classical OFDM,5.995489
OFDM,Classical OFDM,6.076121
OFDM,Classical OFDM,6.3030057
OFDM,Classical OFDM,5.569645
OFDM,Classical OFDM,6.5446377
OFDM,Classical OFDM,6.543029
OFDM,Classical OFDM,6.905579
OFDM,Classical OFDM,7.6391735
OFDM,Classical OFDM,6.524719
OFDM,Classical OFDM,8.29726
OFDM,Classical OFDM,4.884934
OFDM,Classical OFDM,5.725338
OFDM,Classical OFDM,5.6322575
OFDM,Classical OFDM,6.3866014
OFDM,Classical OFDM,8.502833
OFDM,Classical OFDM,6.553622
OFDM,Classical OFDM,5.7727613
OFDM,Classical OFDM,6.6566076
OFDM,Classical OFDM,6.8541284
OFDM,Classical OFDM,6.413915
OFDM,Classical OFDM,6.8423223
OFDM,Classical OFDM,6.2716045
OFDM,Classical OFDM,7.5076904
OFDM,Classical OFDM,6.023643
OFDM,Classical OFDM,6.046014
OFDM,Classical OFDM,5.687189
OFDM,Classical OFDM,5.8717833
OFDM,Classical OFDM,6.907406
OFDM,Classical OFDM,7.184519
OFDM,Classical OFDM,8.0092945
OFDM,Classical OFDM,5.0694304
OFDM,Classical OFDM,7.440111
OFDM,Classical OFDM,7.8456287
OFDM,Classical OFDM,5.038108
OFDM,Classical OFDM,6.0181932
OFDM,Classical OFDM,7.157588
OFDM,Classical OFDM,5.959196
OFDM,Classical OFDM,7.2321672
OFDM,Classical OFDM,7.0340085
OFDM,Classical OFDM,6.356
OFDM,Classical OFDM,6.7644877
OFDM,Classical OFDM,6.7790966
OFDM,Classical OFDM,6.9890666
OFDM,Classical OFDM,6.53823
OFDM,Classical OFDM,7.6201286
OFDM,Classical OFDM,7.1230607
OFDM,Classical OFDM,6.317482
OFDM,Classical OFDM,6.5981436
OFDM,Classical OFDM,6.8625903
OFDM,Classical OFDM,4.562974
OFDM,Classical OFDM,7.264752
OFDM,Classical OFDM,8.291876
OFDM,Classical OFDM,6.22147
OFDM,Classical OFDM,6.760069
OFDM,Classical OFDM,9.160812
OFDM,Classical OFDM,7.4690495
OFDM,Classical OFDM,6.0499744
OFDM,Classical OFDM,6.1714993
OFDM,Classical OFDM,7.576029
OFDM,Classical OFDM,6.250208
OFDM,Classical OFDM,6.394867
OFDM,Classical OFDM,8.937946
OFDM,Classical OFDM,9.198549
OFDM,Classical OFDM,6.113332
OFDM,Classical OFDM,5.367838
OFDM,Classical OFDM,5.7084208
OFDM,Classical OFDM,6.8204393
OFDM,Classical OFDM,7.2379084
OFDM,Classical OFDM,7.010848
OFDM,Classical OFDM,5.0769954
OFDM,Classical OFDM,7.6356096
OFDM,Classical OFDM,4.7851505
OFDM,Classical OFDM,6.9898806
OFDM,Classical OFDM,5.6795144
OFDM,Classical OFDM,6.331284
OFDM,Classical OFDM,5.7373567
OFDM,Classical OFDM,7.099105
OFDM,Classical OFDM,6.022732
OFDM,Classical OFDM,6.1919
OFDM,Classical OFDM,6.2153425
OFDM,Classical OFDM,7.7087026
OFDM,Classical OFDM,5.846407
OFDM,Classical OFDM,6.7266417
OFDM,Classical OFDM,8.28921
OFDM,Classical OFDM,6.933887
OFDM,Classical OFDM,4.9846597
OFDM,Classical OFDM,7.6412582
OFDM,Classical OFDM,6.7122006
OFDM,Classical OFDM,8.320652
OFDM,Classical OFDM,7.5357604
OFDM,Classical OFDM,7.780912
OFDM,Classical OFDM,5.6121306
OFDM,Classical OFDM,8.0976095
OFDM,Classical OFDM,7.929628
OFDM,Classical OFDM,5.7141995
OFDM,Classical OFDM,7.139618
OFDM,Classical OFDM,4.771065
OFDM,Classical OFDM,7.6275597
OFDM,Classical OFDM,7.0543723
OFDM,Classical OFDM,6.746102
OFDM,Classical OFDM,6.721227
OFDM,Classical OFDM,8.232565
OFDM,Classical OFDM,6.905772
OFDM,Classical OFDM,6.437297
OFDM,Classical OFDM,5.49066
OFDM,Classical OFDM,6.831267
OFDM,Classical OFDM,6.817987
OFDM,Classical OFDM,7.188563
OFDM,Classical OFDM,8.19847
OFDM,Classical OFDM,6.003678
OFDM,Classical OFDM,8.439238
OFDM,Classical OFDM,7.061172
OFDM,Classical OFDM,9.190248
OFDM,Classical OFDM,6.338281
OFDM,Classical OFDM,6.539772
OFDM,Classical OFDM,5.505022
OFDM,Classical OFDM,6.328101
OFDM,Classical OFDM,6.885843
OFDM,Classical OFDM,7.8339553
OFDM,Classical OFDM,6.77367
OFDM,Classical OFDM,6.5836005
OFDM,Classical OFDM,5.7516003
OFDM,Classical OFDM,7.4965525
OFDM,Classical OFDM,6.913159
OFDM,Classical OFDM,6.696397
OFDM,Classical OFDM,7.9724736
OFDM,Classical OFDM,7.150959
OFDM,Classical OFDM,6.438579
OFDM,Classical OFDM,7.3758883
OFDM,Classical OFDM,7.7715707
OFDM,Classical OFDM,5.8997555
OFDM,Classical OFDM,8.1173525
OFDM,Classical OFDM,8.603259
OFDM,Classical OFDM,8.524028
OFDM,Classical OFDM,6.795315
OFDM,Classical OFDM,6.511441
OFDM,Classical OFDM,5.2747593
OFDM,Classical OFDM,6.799009
OFDM,Classical OFDM,6.7076406
OFDM,Classical OFDM,5.693107
OFDM,Classical OFDM,6.292404
OFDM,Classical OFDM,7.8391037
OFDM,Classical OFDM,8.770222
OFDM,Classical OFDM,5.995343
OFDM,Classical OFDM,6.594942
OFDM,Classical OFDM,6.625928
OFDM,Classical OFDM,8.616156
OFDM,Classical OFDM,5.314783
OFDM,Classical OFDM,6.682656
OFDM,Classical OFDM,6.0097413
OFDM,Classical OFDM,6.405552
OFDM,Classical OFDM,7.005994
OFDM,Classical OFDM,7.09562
OFDM,Classical OFDM,9.481995
OFDM,Classical OFDM,6.8028016
OFDM,Classical OFDM,6.915419
OFDM,Classical OFDM,5.12507
OFDM,Classical OFDM,6.0997634
OFDM,Classical OFDM,7.7441096
OFDM,Classical OFDM,6.4129677
OFDM,Classical OFDM,7.6010604
OFDM,Classical OFDM,6.4586697
OFDM,Classical OFDM,6.332471
OFDM,Classical OFDM,7.3762436
OFDM,Classical OFDM,5.514149
OFDM,Classical OFDM,5.0262094
OFDM,Classical OFDM,5.6183505
OFDM,Classical OFDM,5.5550866
OFDM,Classical OFDM,7.9866943
OFDM,Classical OFDM,6.604151
OFDM,Classical OFDM,5.7808256
OFDM,Classical OFDM,6.929603
OFDM,Classical OFDM,7.7281427
OFDM,Classical OFDM,5.7178297
OFDM,Classical OFDM,7.4397087
OFDM,Classical OFDM,6.409247
OFDM,Classical OFDM,8.365922
OFDM,Classical OFDM,6.8135123
OFDM,Classical OFDM,7.071328
OFDM,Classical OFDM,5.3988123
OFDM,Classical OFDM,7.7722445
OFDM,Classical OFDM,7.6208205
OFDM,Classical OFDM,5.8123417
OFDM,Classical OFDM,6.298862
OFDM,Classical OFDM,5.370746
OFDM,Classical OFDM,5.0131235
OFDM,Classical OFDM,7.5269294
OFDM,Classical OFDM,7.387052
OFDM,Classical OFDM,7.6193094
OFDM,Classical OFDM,6.2265196
OFDM,Classical OFDM,7.01101
OFDM,Classical OFDM,7.2677803
OFDM,Classical OFDM,6.718991
OFDM,Classical OFDM,4.7027807
OFDM,Classical OFDM,5.9922485
OFDM,Classical OFDM,5.234721
OFDM,Classical OFDM,9.129201
OFDM,Classical OFDM,8.34684
OFDM,Classical OFDM,5.988712
OFDM,Classical OFDM,6.4991646
OFDM,Classical OFDM,7.0655775
OFDM,Classical OFDM,6.035553
OFDM,Classical OFDM,7.3534184
OFDM,Classical OFDM,6.11897
OFDM,Classical OFDM,7.200112
OFDM,Classical OFDM,7.34463
OFDM,Classical OFDM,7.561588
OFDM,Classical OFDM,7.586425
OFDM,Classical OFDM,6.5654225
OFDM,Classical OFDM,6.0836225
OFDM,Classical OFDM,7.8699107
OFDM,Classical OFDM,7.522679
OFDM,Classical OFDM,7.089832
OFDM,Classical OFDM,6.3992243
OFDM,Classical OFDM,5.86909
OFDM,Classical OFDM,5.2820725
OFDM,Classical OFDM,6.0631456
OFDM,Classical OFDM,6.438734
OFDM,Classical OFDM,6.212904
OFDM,Classical OFDM,6.166413
OFDM,Classical OFDM,5.987974
OFDM,Classical OFDM,5.7213335
OFDM,Classical OFDM,7.2337885
OFDM,Classical OFDM,6.8258705
OFDM,Classical OFDM,4.9912453
OFDM,Classical OFDM,7.654343
OFDM,Classical OFDM,6.2513785
OFDM,Classical OFDM,7.7605877
OFDM,Classical OFDM,8.888239
OFDM,Classical OFDM,7.317264
OFDM,Classical OFDM,4.6699147
OFDM,Classical OFDM,5.4375296
OFDM,Classical OFDM,5.957407
OFDM,Classical OFDM,7.591841
OFDM,Classical OFDM,6.4725585
OFDM,Classical OFDM,5.7869525
OFDM,Classical OFDM,5.6330276
OFDM,Classical OFDM,7.5553493
OFDM,Classical OFDM,8.409889
OFDM,Classical OFDM,6.3956213
OFDM,Classical OFDM,5.940241
OFDM,Classical OFDM,5.6867895
OFDM,Classical OFDM,5.914605
OFDM,Classical OFDM,7.0400953
OFDM,Classical OFDM,6.604865
OFDM,Classical OFDM,5.719961
OFDM,Classical OFDM,5.6643276
OFDM,Classical OFDM,6.5744205
OFDM,Classical OFDM,5.43366
OFDM,Classical OFDM,8.541534
OFDM,Classical OFDM,7.8740454
OFDM,Classical OFDM,6.684469
OFDM,Classical OFDM,5.6064177
OFDM,Classical OFDM,7.6860375
OFDM,Classical OFDM,5.8633184
OFDM,Classical OFDM,6.6152387
OFDM,Classical OFDM,5.153637
OFDM,Classical OFDM,6.8802123
OFDM,Classical OFDM,7.5828476
OFDM,Classical OFDM,7.43638
OFDM,Classical OFDM,6.3575125
OFDM,Classical OFDM,7.8413205
OFDM,Classical OFDM,7.475687
OFDM,Classical OFDM,4.867603
OFDM,Classical OFDM,8.021342
OFDM,Classical OFDM,8.046548
OFDM,Classical OFDM,6.789417
OFDM,Classical OFDM,5.8794875
OFDM,Classical OFDM,5.2462435
OFDM,Classical OFDM,5.790894
OFDM,Classical OFDM,5.76404
OFDM,Classical OFDM,6.081967
OFDM,Classical OFDM,6.800632
OFDM,Classical OFDM,9.416915
OFDM,Classical OFDM,9.32716
OFDM,Classical OFDM,5.0984144
OFDM,Classical OFDM,4.823635
OFDM,Classical OFDM,5.224242
OFDM,Classical OFDM,6.0466185
OFDM,Classical OFDM,6.2663226
OFDM,Classical OFDM,4.95974
OFDM,Classical OFDM,6.56904
OFDM,Classical OFDM,6.303276
OFDM,Classical OFDM,7.0615478
OFDM,Classical OFDM,5.644169
OFDM,Classical OFDM,7.7770786
OFDM,Classical OFDM,6.2553353
OFDM,Classical OFDM,8.173328
OFDM,Classical OFDM,8.049408
OFDM,Classical OFDM,4.90022
OFDM,Classical OFDM,6.6087337
OFDM,Classical OFDM,6.459136
Learned,Learned Basis,6.0570154
Learned,Learned Basis,4.7242727
Learned,Learned Basis,5.2378325
Learned,Learned Basis,5.7167478
Learned,Learned Basis,4.2035265
Learned,Learned Basis,4.673838
Learned,Learned Basis,5.3386664
Learned,Learned Basis,5.344939
Learned,Learned Basis,6.1304407
Learned,Learned Basis,7.1349163
Learned,Learned Basis,5.8162684
Learned,Learned Basis,5.4600725
Learned,Learned Basis,5.4777913
Learned,Learned Basis,6.4142923
Learned,Learned Basis,5.4282103
Learned,Learned Basis,5.123822
Learned,Learned Basis,5.7795005
Learned,Learned Basis,4.4228077
Learned,Learned Basis,5.817948
Learned,Learned Basis,6.8383417
Learned,Learned Basis,6.381899
Learned,Learned Basis,6.60212
Learned,Learned Basis,6.060202
Learned,Learned Basis,4.717286
Learned,Learned Basis,5.485379
Learned,Learned Basis,4.9661436
Learned,Learned Basis,5.0324917
Learned,Learned Basis,5.5594516
Learned,Learned Basis,4.346452
Learned,Learned Basis,3.83594
Learned,Learned Basis,5.5675583
Learned,Learned Basis,5.7340117
Learned,Learned Basis,5.051256
Learned,Learned Basis,4.7776074
Learned,Learned Basis,4.945931
Learned,Learned Basis,6.548123
Learned,Learned Basis,5.247384
Learned,Learned Basis,5.0937614
Learned,Learned Basis,5.355115
Learned,Learned Basis,5.754006
Learned,Learned Basis,5.2413263
Learned,Learned Basis,4.909416
Learned,Learned Basis,4.3703194
Learned,Learned Basis,6.5737047
Learned,Learned Basis,7.3358817
Learned,Learned Basis,6.8269563
Learned,Learned Basis,6.364699
Learned,Learned Basis,4.7428246
Learned,Learned Basis,4.381304
Learned,Learned Basis,7.0533056
Learned,Learned Basis,4.9156437
Learned,Learned Basis,3.98063
Learned,Learned Basis,4.5728917
Learned,Learned Basis,7.437066
Learned,Learned Basis,5.6611443
Learned,Learned Basis,3.6307428
Learned,Learned Basis,5.8334913
Learned,Learned Basis,4.8506923
Learned,Learned Basis,5.3959618
Learned,Learned Basis,5.8347087
Learned,Learned Basis,5.863691
Learned,Learned Basis,4.7815924
Learned,Learned Basis,5.514491
Learned,Learned Basis,5.8943386
Learned,Learned Basis,5.42533
Learned,Learned Basis,5.8325768
Learned,Learned Basis,5.248299
Learned,Learned Basis,4.625507
Learned,Learned Basis,4.910531
Learned,Learned Basis,4.9697814
Learned,Learned Basis,5.4568
Learned,Learned Basis,6.4305725
Learned,Learned Basis,4.765561
Learned,Learned Basis,5.7425904
Learned,Learned Basis,5.3554115
Learned,Learned Basis,6.5141573
Learned,Learned Basis,5.156381
Learned,Learned Basis,4.5286007
Learned,Learned Basis,6.399765
Learned,Learned Basis,5.0034246
Learned,Learned Basis,4.685543
Learned,Learned Basis,4.6161027
Learned,Learned Basis,6.985573
Learned,Learned Basis,6.2639465
Learned,Learned Basis,5.31614
Learned,Learned Basis,4.982939
Learned,Learned Basis,6.2422805
Learned,Learned Basis,5.9814625
Learned,Learned Basis,7.6651974
Learned,Learned Basis,6.327574
Learned,Learned Basis,5.6698637
Learned,Learned Basis,5.018477
Learned,Learned Basis,5.556491
Learned,Learned Basis,7.458658
Learned,Learned Basis,6.302533
Learned,Learned Basis,6.165674
Learned,Learned Basis,4.7261996
Learned,Learned Basis,6.717387
Learned,Learned Basis,6.208229
Learned,Learned Basis,5.6804113
Learned,Learned Basis,6.7150345
Learned,Learned Basis,5.8813553
Learned,Learned Basis,4.1399965
Learned,Learned Basis,4.2078733
Learned,Learned Basis,5.1741767
Learned,Learned Basis,4.033731
Learned,Learned Basis,4.7768016
Learned,Learned Basis,6.892029
Learned,Learned Basis,6.9945354
Learned,Learned Basis,6.2539682
Learned,Learned Basis,4.895571
Learned,Learned Basis,5.46735
Learned,Learned Basis,6.155434
Learned,Learned Basis,5.9053783
Learned,Learned Basis,5.8637424
Learned,Learned Basis,7.6316857
Learned,Learned Basis,5.9631257
Learned,Learned Basis,8.451029
Learned,Learned Basis,5.1614723
Learned,Learned Basis,7.347951
Learned,Learned Basis,5.2727785
Learned,Learned Basis,4.8636885
Learned,Learned Basis,4.84353
Learned,Learned Basis,7.1385913
Learned,Learned Basis,4.799998
Learned,Learned Basis,5.045896
Learned,Learned Basis,5.9876513
Learned,Learned Basis,6.037082
Learned,Learned Basis,7.0802827
Learned,Learned Basis,5.525544
Learned,Learned Basis,4.1164145
Learned,Learned Basis,6.5335293
Learned,Learned Basis,5.718273
Learned,Learned Basis,5.7969885
Learned,Learned Basis,4.9741144
Learned,Learned Basis,5.2192454
Learned,Learned Basis,4.585376
Learned,Learned Basis,4.2494426
Learned,Learned Basis,4.2167587
Learned,Learned Basis,5.657484
Learned,Learned Basis,6.808549
Learned,Learned Basis,4.8312287
Learned,Learned Basis,5.978396
Learned,Learned Basis,4.884885
Learned,Learned Basis,5.3884
Learned,Learned Basis,6.520753
Learned,Learned Basis,4.7585177
Learned,Learned Basis,5.1307344
Learned,Learned Basis,6.2021728
Learned,Learned Basis,5.647333
Learned,Learned Basis,6.350951
Learned,Learned Basis,4.747285
Learned,Learned Basis,6.41827
Learned,Learned Basis,5.5727673
Learned,Learned Basis,5.057177
Learned,Learned Basis,6.536397
Learned,Learned Basis,6.3234715
Learned,Learned Basis,4.980432
Learned,Learned Basis,6.3921123
Learned,Learned Basis,5.9631486
Learned,Learned Basis,6.60326
Learned,Learned Basis,6.1379566
Learned,Learned Basis,4.279826
Learned,Learned Basis,6.3425474
Learned,Learned Basis,5.7392216
Learned,Learned Basis,4.9357505
Learned,Learned Basis,5.9645634
Learned,Learned Basis,5.3902483
Learned,Learned Basis,5.2044015
Learned,Learned Basis,6.415982
Learned,Learned Basis,4.412883
Learned,Learned Basis,5.1795044
Learned,Learned Basis,5.403909
Learned,Learned Basis,5.462164
Learned,Learned Basis,6.5234513
Learned,Learned Basis,5.871361
Learned,Learned Basis,4.901763
Learned,Learned Basis,6.1026173
Learned,Learned Basis,4.9265304
Learned,Learned Basis,5.7552476
Learned,Learned Basis,6.427491
Learned,Learned Basis,5.2094955
Learned,Learned Basis,4.5515685
Learned,Learned Basis,5.264549
Learned,Learned Basis,6.249158
Learned,Learned Basis,6.363196
Learned,Learned Basis,5.643297
Learned,Learned Basis,4.8393426
Learned,Learned Basis,4.179862
Learned,Learned Basis,4.985336
Learned,Learned Basis,5.8357105
Learned,Learned Basis,6.0738764
Learned,Learned Basis,5.042434
Learned,Learned Basis,4.5519323
Learned,Learned Basis,4.437439
Learned,Learned Basis,5.736067
Learned,Learned Basis,5.6449947
Learned,Learned Basis,6.6042833
Learned,Learned Basis,5.750876
Learned,Learned Basis,5.6410317
Learned,Learned Basis,5.4414034
Learned,Learned Basis,5.816293
Learned,Learned Basis,6.407206
Learned,Learned Basis,4.8702235
Learned,Learned Basis,5.129369
Learned,Learned Basis,6.0228086
Learned,Learned Basis,5.6380553
Learned,Learned Basis,6.311287
Learned,Learned Basis,6.258488
Learned,Learned Basis,5.35685
Learned,Learned Basis,6.201546
Learned,Learned Basis,4.2428646
Learned,Learned Basis,5.360879
Learned,Learned Basis,4.5262775
Learned,Learned Basis,4.676997
Learned,Learned Basis,5.667116
Learned,Learned Basis,5.5099564
Learned,Learned Basis,4.7661204
Learned,Learned Basis,5.467791
Learned,Learned Basis,7.32656
Learned,Learned Basis,5.195145
Learned,Learned Basis,5.8596783
Learned,Learned Basis,6.442727
Learned,Learned Basis,4.1791887
Learned,Learned Basis,5.407799
Learned,Learned Basis,6.6654825
Learned,Learned Basis,5.6853433
Learned,Learned Basis,5.217784
Learned,Learned Basis,6.6451445
Learned,Learned Basis,6.6583824
Learned,Learned Basis,4.617594
Learned,Learned Basis,6.338462
Learned,Learned Basis,8.180565
Learned,Learned Basis,6.2779684
Learned,Learned Basis,5.1948366
Learned,Learned Basis,7.6399374
Learned,Learned Basis,6.3341923
Learned,Learned Basis,5.338433
Learned,Learned Basis,6.0267696
Learned,Learned Basis,4.5154037
Learned,Learned Basis,4.4640594
Learned,Learned Basis,5.579448
Learned,Learned Basis,4.014779
Learned,Learned Basis,6.8823357
Learned,Learned Basis,4.652322
Learned,Learned Basis,5.9448957
Learned,Learned Basis,5.2211485
Learned,Learned Basis,5.814545
Learned,Learned Basis,9.185726
Learned,Learned Basis,6.110465
Learned,Learned Basis,4.706106
Learned,Learned Basis,7.55435
Learned,Learned Basis,4.9417086
Learned,Learned Basis,4.142404
Learned,Learned Basis,5.0164223
Learned,Learned Basis,4.36831
Learned,Learned Basis,4.455333
Learned,Learned Basis,4.464343
Learned,Learned Basis,5.540098
Learned,Learned Basis,5.775604
Learned,Learned Basis,5.5593104
Learned,Learned Basis,5.3964977
Learned,Learned Basis,5.1266527
Learned,Learned Basis,4.208316
Learned,Learned Basis,5.448188
Learned,Learned Basis,4.432008
Learned,Learned Basis,5.2943077
Learned,Learned Basis,6.001332
Learned,Learned Basis,5.76788
Learned,Learned Basis,5.9163723
Learned,Learned Basis,5.9969716
Learned,Learned Basis,5.0602617
Learned,Learned Basis,5.490957
Learned,Learned Basis,4.974711
Learned,Learned Basis,6.1146393
Learned,Learned Basis,4.9423213
Learned,Learned Basis,5.865879
Learned,Learned Basis,5.807161
Learned,Learned Basis,8.157615
Learned,Learned Basis,5.8460164
Learned,Learned Basis,4.422182
Learned,Learned Basis,6.7466726
Learned,Learned Basis,5.81137
Learned,Learned Basis,5.9148746
Learned,Learned Basis,5.633931
Learned,Learned Basis,6.338591
Learned,Learned Basis,6.0594583
Learned,Learned Basis,5.0642896
Learned,Learned Basis,7.212716
Learned,Learned Basis,4.933517
Learned,Learned Basis,4.6436176
Learned,Learned Basis,5.809116
Learned,Learned Basis,6.4520836
Learned,Learned Basis,6.813479
Learned,Learned Basis,6.0724096
Learned,Learned Basis,6.0834603
Learned,Learned Basis,6.438243
Learned,Learned Basis,4.9043655
Learned,Learned Basis,5.845285
Learned,Learned Basis,4.931794
Learned,Learned Basis,4.669569
Learned,Learned Basis,6.6010227
Learned,Learned Basis,5.08225
Learned,Learned Basis,5.213395
Learned,Learned Basis,6.524825
Learned,Learned Basis,5.2715445
Learned,Learned Basis,5.5772343
Learned,Learned Basis,6.1600313
Learned,Learned Basis,6.3654547
Learned,Learned Basis,7.4137883
Learned,Learned Basis,5.265296
Learned,Learned Basis,6.5513535
Learned,Learned Basis,4.3979344
Learned,Learned Basis,5.196848
Learned,Learned Basis,5.9296536
Learned,Learned Basis,6.6478195
Learned,Learned Basis,4.983474
Learned,Learned Basis,5.459262
Learned,Learned Basis,4.174785
Learned,Learned Basis,5.8261013
Learned,Learned Basis,6.874405
Learned,Learned Basis,5.693862
Learned,Learned Basis,4.592729
Learned,Learned Basis,6.225114
Learned,Learned Basis,6.978612
Learned,Learned Basis,4.6470585
Learned,Learned Basis,4.576212
Learned,Learned Basis,5.4713864
Learned,Learned Basis,6.940445
Learned,Learned Basis,4.748171
Learned,Learned Basis,4.6043434
Learned,Learned Basis,5.5591955
Learned,Learned Basis,5.3459234
Learned,Learned Basis,5.1554065
Learned,Learned Basis,6.1533117
Learned,Learned Basis,3.5744925
Learned,Learned Basis,5.611127
Learned,Learned Basis,6.495365
Learned,Learned Basis,5.093312
Learned,Learned Basis,5.8904057
Learned,Learned Basis,4.7335987
Learned,Learned Basis,5.4752975
Learned,Learned Basis,5.3941298
Learned,Learned Basis,7.014878
Learned,Learned Basis,4.482548
Learned,Learned Basis,4.585444
Learned,Learned Basis,5.7253923
Learned,Learned Basis,6.0018225
Learned,Learned Basis,4.0422316
Learned,Learned Basis,5.366928
Learned,Learned Basis,7.3236127
Learned,Learned Basis,5.2480135
Learned,Learned Basis,4.713088
Learned,Learned Basis,5.801861
Learned,Learned Basis,4.6675467
Learned,Learned Basis,4.672359
Learned,Learned Basis,5.723419
Learned,Learned Basis,6.485629
Learned,Learned Basis,4.9793673
Learned,Learned Basis,7.2850266
Learned,Learned Basis,4.601461
Learned,Learned Basis,4.241037
Learned,Learned Basis,6.9935637
Learned,Learned Basis,6.1475444
Learned,Learned Basis,5.8155394
Learned,Learned Basis,7.1639066
Learned,Learned Basis,7.05997
Learned,Learned Basis,4.0829015
Learned,Learned Basis,5.018811
Learned,Learned Basis,6.2465878
Learned,Learned Basis,5.1021485
Learned,Learned Basis,4.9159865
Learned,Learned Basis,7.114463
Learned,Learned Basis,4.8433
Learned,Learned Basis,7.1288404
Learned,Learned Basis,7.1914935
Learned,Learned Basis,7.8858767
Learned,Learned Basis,6.849533
Learned,Learned Basis,5.9092464
Learned,Learned Basis,5.3127484
Learned,Learned Basis,6.569922
Learned,Learned Basis,4.7657304
Learned,Learned Basis,6.0652227
Learned,Learned Basis,6.239419
Learned,Learned Basis,4.97455
Learned,Learned Basis,4.110307
Learned,Learned Basis,5.959389
Learned,Learned Basis,5.1175213
Learned,Learned Basis,6.322545
Learned,Learned Basis,4.8475294
Learned,Learned Basis,5.8025827
Learned,Learned Basis,7.1090155
Learned,Learned Basis,4.247494
Learned,Learned Basis,5.227547
Learned,Learned Basis,6.9215364
Learned,Learned Basis,5.4818897
Learned,Learned Basis,5.1216693
Learned,Learned Basis,5.493235
Learned,Learned Basis,6.9097633
Learned,Learned Basis,5.9298086
Learned,Learned Basis,5.3250475
Learned,Learned Basis,6.2959986
Learned,Learned Basis,5.2918363
Learned,Learned Basis,5.312915
Learned,Learned Basis,6.9126425
Learned,Learned Basis,5.7082872
Learned,Learned Basis,5.886869
Learned,Learned Basis,5.220518
Learned,Learned Basis,4.7355013
Learned,Learned Basis,5.318037
Learned,Learned Basis,5.755694
Learned,Learned Basis,3.999796
Learned,Learned Basis,6.5047064
Learned,Learned Basis,4.5309834
Learned,Learned Basis,4.674188
Learned,Learned Basis,5.2338557
Learned,Learned Basis,7.172555
Learned,Learned Basis,6.0406213
Learned,Learned Basis,6.2021008
Learned,Learned Basis,5.8107624
Learned,Learned Basis,4.667935
Learned,Learned Basis,5.353676
Learned,Learned Basis,5.363387
Learned,Learned Basis,5.1731453
Learned,Learned Basis,4.7950473
Learned,Learned Basis,5.4656506
Learned,Learned Basis,6.076465
Learned,Learned Basis,5.1256037
Learned,Learned Basis,6.0949135
Learned,Learned Basis,6.430808
Learned,Learned Basis,5.468954
Learned,Learned Basis,5.2512984
Learned,Learned Basis,7.131769
Learned,Learned Basis,5.366204
Learned,Learned Basis,6.0169263
Learned,Learned Basis,6.131996
Learned,Learned Basis,4.2393274
Learned,Learned Basis,5.1424975
Learned,Learned Basis,6.3706074
Learned,Learned Basis,4.89616
Learned,Learned Basis,4.5663013
Learned,Learned Basis,4.6169424
Learned,Learned Basis,5.672742
Learned,Learned Basis,5.6984906
Learned,Learned Basis,5.377907
Learned,Learned Basis,5.6576824
Learned,Learned Basis,4.8062744
Learned,Learned Basis,4.937421
Learned,Learned Basis,5.3985834
Learned,Learned Basis,5.167815
Learned,Learned Basis,6.843758
Learned,Learned Basis,6.5653944
Learned,Learned Basis,5.9135127
Learned,Learned Basis,5.639516
Learned,Learned Basis,5.625143
Learned,Learned Basis,7.290663
Learned,Learned Basis,3.7939386
Learned,Learned Basis,5.002866
Learned,Learned Basis,6.701272
Learned,Learned Basis,5.8638616
Learned,Learned Basis,5.447371
Learned,Learned Basis,6.1944056
Learned,Learned Basis,4.699931
Learned,Learned Basis,6.261673
Learned,Learned Basis,6.0828733
Learned,Learned Basis,7.5161924
Learned,Learned Basis,5.8687205
Learned,Learned Basis,5.5087395
Learned,Learned Basis,6.092746
Learned,Learned Basis,5.183108
Learned,Learned Basis,4.8456664
Learned,Learned Basis,5.5592737
Learned,Learned Basis,5.5798078
Learned,Learned Basis,4.972221
Learned,Learned Basis,4.634251
Learned,Learned Basis,6.286116
Learned,Learned Basis,4.832421
Learned,Learned Basis,4.3296013
Learned,Learned Basis,7.7366962
Learned,Learned Basis,5.3314257
Learned,Learned Basis,5.455186
Learned,Learned Basis,4.7316923
Learned,Learned Basis,5.048959
Learned,Learned Basis,5.432387
Learned,Learned Basis,5.4505787
Learned,Learned Basis,5.7971907
Learned,Learned Basis,5.5968723
Learned,Learned Basis,4.939441
Learned,Learned Basis,4.867292
Learned,Learned Basis,5.178368
Learned,Learned Basis,5.4282384
Learned,Learned Basis,5.0728555
Learned,Learned Basis,7.4148517
Learned,Learned Basis,5.3754616
Learned,Learned Basis,5.736603
Learned,Learned Basis,5.7650795
Learned,Learned Basis,4.6647806
Learned,Learned Basis,5.7190614
Learned,Learned Basis,3.5957372
Learned,Learned Basis,4.5556755
Learned,Learned Basis,6.179715
Learned,Learned Basis,5.644362
Learned,Learned Basis,4.3880315
Learned,Learned Basis,6.9557433
Learned,Learned Basis,6.70424
Learned,Learned Basis,6.189642
Learned,Learned Basis,5.8859687
Learned,Learned Basis,4.514281
Learned,Learned Basis,4.958309
Learned,Learned Basis,5.324148
Learned,Learned Basis,5.21193
Learned,Learned Basis,4.083137
Learned,Learned Basis,6.962181
Learned,Learned Basis,4.6865935
Learned,Learned Basis,6.8046827
Learned,Learned Basis,5.3240976
Learned,Learned Basis,3.5712595
Learned,Learned Basis,5.3086023
Learned,Learned Basis,5.582497
Learned,Learned Basis,4.107992
Learned,Learned Basis,4.3691854
Learned,Learned Basis,5.918052
Learned,Learned Basis,5.1985188
Learned,Learned Basis,5.242288
Learned,Learned Basis,6.0063906
Learned,Learned Basis,6.116429
Learned,Learned Basis,4.540344
Learned,Learned Basis,4.5429726
Learned,Learned Basis,5.1505575
Learned,Learned Basis,5.115329
Learned,Learned Basis,7.129967
Learned,Learned Basis,5.461012
Learned,Learned Basis,7.188826
Learned,Learned Basis,5.6174893
Learned,Learned Basis,4.5982738
Learned,Learned Basis,5.7910347
Learned,Learned Basis,3.9518726
Learned,Learned Basis,6.519959
Learned,Learned Basis,4.823373
Learned,Learned Basis,6.231201
Learned,Learned Basis,4.574924
Learned,Learned Basis,5.1133156
Learned,Learned Basis,5.6022434
Learned,Learned Basis,6.930252
Learned,Learned Basis,5.11569
Learned,Learned Basis,4.943964
Learned,Learned Basis,6.3047833
Learned,Learned Basis,6.1284266
Learned,Learned Basis,4.3420568
Learned,Learned Basis,4.8345757
Learned,Learned Basis,4.6479087
Learned,Learned Basis,4.2246265
Learned,Learned Basis,6.1910477
Learned,Learned Basis,5.859562
Learned,Learned Basis,5.851756
Learned,Learned Basis,4.553455
Learned,Learned Basis,5.346963
Learned,Learned Basis,4.6655264
Learned,Learned Basis,7.1441355
Learned,Learned Basis,5.0603967
Learned,Learned Basis,4.6857343
Learned,Learned Basis,4.514399
Learned,Learned Basis,4.716335
Learned,Learned Basis,5.847994
Learned,Learned Basis,5.4458275
Learned,Learned Basis,4.462477
Learned,Learned Basis,4.170497
Learned,Learned Basis,6.7460155
Learned,Learned Basis,5.975895
Learned,Learned Basis,5.361893
Learned,Learned Basis,5.2399473
Learned,Learned Basis,6.022844
Learned,Learned Basis,5.328289
Learned,Learned Basis,7.5104218
Learned,Learned Basis,4.434372
Learned,Learned Basis,5.8922987
Learned,Learned Basis,5.938694
Learned,Learned Basis,5.0204234
Learned,Learned Basis,3.6328042
Learned,Learned Basis,5.3946447
Learned,Learned Basis,5.187189
Learned,Learned Basis,4.979368
Learned,Learned Basis,5.2576537
Learned,Learned Basis,4.991727
Learned,Learned Basis,5.3411727
Learned,Learned Basis,6.665269
Learned,Learned Basis,5.277631
Learned,Learned Basis,4.9786015
Learned,Learned Basis,6.564837
Learned,Learned Basis,5.6525807
Learned,Learned Basis,6.9220448
Learned,Learned Basis,6.009323
Learned,Learned Basis,6.1727247
Learned,Learned Basis,4.3901925
Learned,Learned Basis,5.7389727
Learned,Learned Basis,3.8789809
Learned,Learned Basis,6.4208965
Learned,Learned Basis,6.1143637
Learned,Learned Basis,5.1380897
Learned,Learned Basis,6.015895
Learned,Learned Basis,5.081707
Learned,Learned Basis,5.1642895
Learned,Learned Basis,6.4290295
Learned,Learned Basis,6.091527
Learned,Learned Basis,4.292031
Learned,Learned Basis,5.3451385
Learned,Learned Basis,6.009074
Learned,Learned Basis,4.060339
Learned,Learned Basis,5.7459984
Learned,Learned Basis,6.663671
Learned,Learned Basis,5.841377
Learned,Learned Basis,4.4766397
Learned,Learned Basis,6.0355263
Learned,Learned Basis,5.856566
Learned,Learned Basis,5.9430118
Learned,Learned Basis,5.413473
Learned,Learned Basis,5.2408023
Learned,Learned Basis,5.4928265
Learned,Learned Basis,4.7348638
Learned,Learned Basis,6.5563936
Learned,Learned Basis,6.41599
Learned,Learned Basis,6.8012276
Learned,Learned Basis,5.2154393
Learned,Learned Basis,5.831153
Learned,Learned Basis,7.007172
Learned,Learned Basis,5.048259
Learned,Learned Basis,6.0161805
Learned,Learned Basis,6.5809345
Learned,Learned Basis,5.553524
Learned,Learned Basis,4.4790297
Learned,Learned Basis,6.9590235
Learned,Learned Basis,5.1591644
Learned,Learned Basis,5.367229
Learned,Learned Basis,4.9473915
Learned,Learned Basis,4.571001
Learned,Learned Basis,4.6814737
Learned,Learned Basis,5.393903
Learned,Learned Basis,4.0497537
Learned,Learned Basis,6.175037
Learned,Learned Basis,4.8322453
Learned,Learned Basis,5.194398
Learned,Learned Basis,6.788864
Learned,Learned Basis,6.213165
Learned,Learned Basis,6.488586
Learned,Learned Basis,5.2522416
Learned,Learned Basis,4.9224133
Learned,Learned Basis,7.056101
Learned,Learned Basis,5.976181
Learned,Learned Basis,5.0393
Learned,Learned Basis,5.083094
Learned,Learned Basis,3.774898
Learned,Learned Basis,5.1129827
Learned,Learned Basis,3.6266766
Learned,Learned Basis,6.2474494
Learned,Learned Basis,6.4002905
Learned,Learned Basis,5.4068804
Learned,Learned Basis,4.7062945
Learned,Learned Basis,4.435097
Learned,Learned Basis,5.3497033
Learned,Learned Basis,5.52446
Learned,Learned Basis,5.1009603
Learned,Learned Basis,5.421032
Learned,Learned Basis,5.0143933
Learned,Learned Basis,5.079859
Learned,Learned Basis,5.209423
Learned,Learned Basis,5.5613174
Learned,Learned Basis,5.769657
Learned,Learned Basis,3.8902268
Learned,Learned Basis,5.056021
Learned,Learned Basis,6.072841
Learned,Learned Basis,7.3959394
Learned,Learned Basis,5.4460692
Learned,Learned Basis,4.3061805
Learned,Learned Basis,5.2501345
Learned,Learned Basis,5.014452
Learned,Learned Basis,6.854791
Learned,Learned Basis,4.7728863
Learned,Learned Basis,4.817611
Learned,Learned Basis,6.130213
Learned,Learned Basis,4.828742
Learned,Learned Basis,5.128321
Learned,Learned Basis,5.4991703
Learned,Learned Basis,5.882318
Learned,Learned Basis,6.7257786
Learned,Learned Basis,5.268554
Learned,Learned Basis,4.6029725
Learned,Learned Basis,5.0984435
Learned,Learned Basis,5.4176307
Learned,Learned Basis,6.103866
Learned,Learned Basis,5.756591
Learned,Learned Basis,5.6170626
Learned,Learned Basis,4.2730875
Learned,Learned Basis,7.294292
Learned,Learned Basis,5.5540447
Learned,Learned Basis,6.341371
Learned,Learned Basis,5.925331
Learned,Learned Basis,7.7358503
Learned,Learned Basis,4.8982167
Learned,Learned Basis,5.1892877
Learned,Learned Basis,5.136882
Learned,Learned Basis,5.00257
Learned,Learned Basis,5.660567
Learned,Learned Basis,4.442133
Learned,Learned Basis,5.739264
Learned,Learned Basis,6.6464577
Learned,Learned Basis,7.1125846
Learned,Learned Basis,4.675442
Learned,Learned Basis,7.31429
Learned,Learned Basis,5.54106
Learned,Learned Basis,6.064104
Learned,Learned Basis,6.0800962
Learned,Learned Basis,5.3363876
Learned,Learned Basis,5.0944524
Learned,Learned Basis,4.1633186
Learned,Learned Basis,4.5863204
Learned,Learned Basis,5.1423984
Learned,Learned Basis,7.6761584
Learned,Learned Basis,5.1854234
Learned,Learned Basis,7.350369
Learned,Learned Basis,6.2335625
Learned,Learned Basis,4.3789988
Learned,Learned Basis,4.7808743
Learned,Learned Basis,8.1458435
Learned,Learned Basis,5.687842
Learned,Learned Basis,5.5321417
Learned,Learned Basis,4.7829127
Learned,Learned Basis,6.173709
Learned,Learned Basis,4.4829087
Learned,Learned Basis,5.7256484
Learned,Learned Basis,5.1811705
Learned,Learned Basis,4.390116
Learned,Learned Basis,6.3789635
Learned,Learned Basis,4.5366964
Learned,Learned Basis,4.8519616
Learned,Learned Basis,6.7301273
Learned,Learned Basis,4.560837
Learned,Learned Basis,5.509768
Learned,Learned Basis,4.430258
Learned,Learned Basis,5.2615314
Learned,Learned Basis,4.6048727
Learned,Learned Basis,6.7059298
Learned,Learned Basis,4.065772
Learned,Learned Basis,6.116545
Learned,Learned Basis,5.9012146
Learned,Learned Basis,4.3546815
Learned,Learned Basis,6.0843706
Learned,Learned Basis,7.5648785
Learned,Learned Basis,5.385106
Learned,Learned Basis,4.2729087
Learned,Learned Basis,4.786275
Learned,Learned Basis,5.4364467
Learned,Learned Basis,4.198846
Learned,Learned Basis,6.5854335
Learned,Learned Basis,4.2048063
Learned,Learned Basis,5.53382
Learned,Learned Basis,6.1198497
Learned,Learned Basis,5.1559615
Learned,Learned Basis,4.4753613
Learned,Learned Basis,6.721265
Learned,Learned Basis,4.4918156
Learned,Learned Basis,6.834338
Learned,Learned Basis,7.1818643
Learned,Learned Basis,5.005682
Learned,Learned Basis,5.9296246
Learned,Learned Basis,7.0966034
Learned,Learned Basis,6.819275
Learned,Learned Basis,5.475679
Learned,Learned Basis,5.4538875
Learned,Learned Basis,5.5202146
Learned,Learned Basis,5.103261
Learned,Learned Basis,5.3501587
Learned,Learned Basis,4.5264764
Learned,Learned Basis,5.7534094
Learned,Learned Basis,4.972738
Learned,Learned Basis,5.655399
Learned,Learned Basis,6.2528124
Learned,Learned Basis,4.5792775
Learned,Learned Basis,4.7742724
Learned,Learned Basis,4.770666
Learned,Learned Basis,5.568166
Learned,Learned Basis,4.5529757
Learned,Learned Basis,3.9429128
Learned,Learned Basis,5.7051477
Learned,Learned Basis,6.0320044
Learned,Learned Basis,5.7793183
Learned,Learned Basis,5.2154994
Learned,Learned Basis,4.393696
Learned,Learned Basis,5.7888317
Learned,Learned Basis,5.450979
Learned,Learned Basis,6.594165
Learned,Learned Basis,6.692016
Learned,Learned Basis,4.7478323
Learned,Learned Basis,5.911085
Learned,Learned Basis,4.8897376
Learned,Learned Basis,4.7005205
Learned,Learned Basis,6.4141245
Learned,Learned Basis,6.6106234
Learned,Learned Basis,5.100869
Learned,Learned Basis,4.291104
Learned,Learned Basis,5.818638
Learned,Learned Basis,5.8652205
Learned,Learned Basis,6.034696
Learned,Learned Basis,4.6190996
Learned,Learned Basis,5.7367516
Learned,Learned Basis,5.3434057
Learned,Learned Basis,5.4668646
Learned,Learned Basis,5.4223595
Learned,Learned Basis,4.4752917
Learned,Learned Basis,4.3517914
Learned,Learned Basis,4.779382
Learned,Learned Basis,5.142882
Learned,Learned Basis,5.346952
Learned,Learned Basis,5.0333433
Learned,Learned Basis,6.2711
Learned,Learned Basis,5.2090015
Learned,Learned Basis,5.894722
Learned,Learned Basis,4.9584494
Learned,Learned Basis,5.2169104
Learned,Learned Basis,6.7946095
Learned,Learned Basis,4.698343
Learned,Learned Basis,5.8862686
Learned,Learned Basis,4.877506
Learned,Learned Basis,6.5879927
Learned,Learned Basis,5.027749
Learned,Learned Basis,5.45898
Learned,Learned Basis,5.4705887
Learned,Learned Basis,5.87481
Learned,Learned Basis,3.9539957
Learned,Learned Basis,5.7805066
Learned,Learned Basis,5.2096004
Learned,Learned Basis,4.5368905
Learned,Learned Basis,5.5106087
Learned,Learned Basis,5.535271
Learned,Learned Basis,4.705723
Learned,Learned Basis,6.59179
Learned,Learned Basis,5.819587
Learned,Learned Basis,4.7607145
Learned,Learned Basis,4.5483894
Learned,Learned Basis,5.895987
Learned,Learned Basis,5.7159142
Learned,Learned Basis,5.587315
Learned,Learned Basis,5.9188843
Learned,Learned Basis,5.364389
Learned,Learned Basis,5.490165
Learned,Learned Basis,6.141548
Learned,Learned Basis,6.2576857
Learned,Learned Basis,6.8201566
Learned,Learned Basis,4.7211113
Learned,Learned Basis,5.9393663
Learned,Learned Basis,6.4492774
Learned,Learned Basis,4.2169604
Learned,Learned Basis,5.735922
Learned,Learned Basis,5.368386
Learned,Learned Basis,5.8748198
Learned,Learned Basis,6.4006796
Learned,Learned Basis,6.0695944
Learned,Learned Basis,6.228037
Learned,Learned Basis,6.4046073
Learned,Learned Basis,5.191942
Learned,Learned Basis,6.3856535
Learned,Learned Basis,4.6499925
Learned,Learned Basis,5.2816296
Learned,Learned Basis,5.775977
Learned,Learned Basis,5.023785
Learned,Learned Basis,5.621776
Learned,Learned Basis,5.164915
Learned,Learned Basis,6.1491914
Learned,Learned Basis,5.1431203
Learned,Learned Basis,5.5595584
Learned,Learned Basis,6.6709547
Learned,Learned Basis,4.9951887
Learned,Learned Basis,5.334313
Learned,Learned Basis,6.64274
Learned,Learned Basis,6.1158047
Learned,Learned Basis,5.63511
Learned,Learned Basis,6.451131
Learned,Learned Basis,5.4589844
Learned,Learned Basis,5.398624
Learned,Learned Basis,4.3873186
Learned,Learned Basis,4.740825
Learned,Learned Basis,5.5816936
Learned,Learned Basis,6.8551445
Learned,Learned Basis,7.1596117
Learned,Learned Basis,6.8078976
Learned,Learned Basis,6.7365017
Learned,Learned Basis,6.493472
Learned,Learned Basis,5.1211934
Learned,Learned Basis,5.83764
Learned,Learned Basis,4.712927
Learned,Learned Basis,5.173127
Learned,Learned Basis,7.39245
Learned,Learned Basis,5.4976664
Learned,Learned Basis,4.998457
Learned,Learned Basis,5.7772665
Learned,Learned Basis,5.260916
Learned,Learned Basis,4.528398
Learned,Learned Basis,5.179968
Learned,Learned Basis,4.605567
Learned,Learned Basis,6.398569
Learned,Learned Basis,5.3483915
Learned,Learned Basis,5.917265
Learned,Learned Basis,5.690861
Learned,Learned Basis,4.967121
Learned,Learned Basis,5.0066495
Learned,Learned Basis,5.2846236
Learned,Learned Basis,5.846346
Learned,Learned Basis,5.7676563
Learned,Learned Basis,3.76257
Learned,Learned Basis,5.194628
Learned,Learned Basis,6.0843067
Learned,Learned Basis,5.426454
Learned,Learned Basis,5.742712
Learned,Learned Basis,3.8649898
Learned,Learned Basis,5.0365086
Learned,Learned Basis,5.2715807
Learned,Learned Basis,5.292366
Learned,Learned Basis,5.800755
Learned,Learned Basis,4.359655
Learned,Learned Basis,6.2526374
Learned,Learned Basis,5.3801384
Learned,Learned Basis,4.671219
Learned,Learned Basis,5.988896
Learned,Learned Basis,6.0623245
Learned,Learned Basis,5.2210097
Learned,Learned Basis,5.8374567
Learned,Learned Basis,6.3612757
Learned,Learned Basis,6.1756587
Learned,Learned Basis,5.6374645
Learned,Learned Basis,4.206222
Learned,Learned Basis,6.112713
Learned,Learned Basis,6.6740184
Learned,Learned Basis,5.4061747
Learned,Learned Basis,5.092616
Learned,Learned Basis,4.972791
Learned,Learned Basis,5.2428055
Learned,Learned Basis,6.0268073
Learned,Learned Basis,4.762082
Learned,Learned Basis,6.3741617
Learned,Learned Basis,6.0756755
Learned,Learned Basis,5.1539555
Learned,Learned Basis,5.8663707
Learned,Learned Basis,5.4878273
Learned,Learned Basis,5.1277742
Learned,Learned Basis,6.6842694
Learned,Learned Basis,5.1918964
Learned,Learned Basis,4.173169
Learned,Learned Basis,4.6676164
Learned,Learned Basis,7.6257133
Learned,Learned Basis,4.834831
Learned,Learned Basis,5.126484
Learned,Learned Basis,6.6009245
Learned,Learned Basis,4.5986204
Learned,Learned Basis,4.561044
Learned,Learned Basis,6.185575
Learned,Learned Basis,5.304684
Learned,Learned Basis,4.699071
Learned,Learned Basis,5.3364043
Learned,Learned Basis,4.5406904
Learned,Learned Basis,5.1285973
Learned,Learned Basis,5.0416894
Learned,Learned Basis,5.337978
Learned,Learned Basis,5.898139
Learned,Learned Basis,5.5735397
Learned,Learned Basis,6.212084
Learned,Learned Basis,6.208007
Learned,Learned Basis,5.3423405
Learned,Learned Basis,4.9810767
Learned,Learned Basis,4.8842626
Learned,Learned Basis,5.6242504
Learned,Learned Basis,5.9285502
Learned,Learned Basis,5.2218432
Learned,Learned Basis,5.814761
Learned,Learned Basis,5.610503
Learned,Learned Basis,6.6154885
Learned,Learned Basis,4.282288
Learned,Learned Basis,5.1861434
Learned,Learned Basis,6.598456
Learned,Learned Basis,7.8597584
Learned,Learned Basis,5.272489
Learned,Learned Basis,5.4001946
Learned,Learned Basis,4.700371
Learned,Learned Basis,6.1293597
Learned,Learned Basis,5.334649
Learned,Learned Basis,5.2395034
Learned,Learned Basis,5.448825
Learned,Learned Basis,4.452749
Learned,Learned Basis,7.021317
Learned,Learned Basis,5.5449343
Learned,Learned Basis,5.6438675
Learned,Learned Basis,6.705549
Learned,Learned Basis,4.200778
Learned,Learned Basis,5.0880013
Learned,Learned Basis,6.3900895
Learned,Learned Basis,6.279035
Learned,Learned Basis,5.0753736
Learned,Learned Basis,5.040917
Learned,Learned Basis,5.5853677
Learned,Learned Basis,6.087041
Learned,Learned Basis,5.6542597
Learned,Learned Basis,5.0144997
Learned,Learned Basis,4.9987473
Learned,Learned Basis,6.3589244
Learned,Learned Basis,4.213587
Learned,Learned Basis,6.5738654
Learned,Learned Basis,5.5635386
Learned,Learned Basis,6.3787584
Learned,Learned Basis,5.971393
Learned,Learned Basis,6.520092
Learned,Learned Basis,5.4629908
Learned,Learned Basis,5.385785
Learned,Learned Basis,5.777109
Learned,Learned Basis,7.21978
Learned,Learned Basis,6.535304
Learned,Learned Basis,5.3657246
Learned,Learned Basis,4.9999404
Learned,Learned Basis,5.2269564
Learned,Learned Basis,4.6142383
Learned,Learned Basis,6.3959618
Learned,Learned Basis,6.1039457
Learned,Learned Basis,5.939951
Learned,Learned Basis,4.0293765
Learned,Learned Basis,5.171529
Learned,Learned Basis,6.7724204
Learned,Learned Basis,5.719643
OFDM,Classical OFDM,8.073757
OFDM,Classical OFDM,5.3280144
OFDM,Classical OFDM,6.8606577
OFDM,Classical OFDM,6.6501617
OFDM,Classical OFDM,6.746769
OFDM,Classical OFDM,7.8337426
OFDM,Classical OFDM,9.039566
OFDM,Classical OFDM,6.6571
OFDM,Classical OFDM,7.363057
OFDM,Classical OFDM,6.9397597
OFDM,Classical OFDM,6.7928405
OFDM,Classical OFDM,7.0071225
OFDM,Classical OFDM,6.7344313
OFDM,Classical OFDM,5.636601
OFDM,Classical OFDM,5.87212
OFDM,Classical OFDM,5.7441545
OFDM,Classical OFDM,5.025585
OFDM,Classical OFDM,7.047848
OFDM,Classical OFDM,6.749883
OFDM,Classical OFDM,6.088546
OFDM,Classical OFDM,7.9512796
OFDM,Classical OFDM,6.172758
OFDM,Classical OFDM,6.4343224
OFDM,Classical OFDM,6.86208
OFDM,Classical OFDM,7.694018
OFDM,Classical OFDM,8.449293
OFDM,Classical OFDM,6.197627
OFDM,Classical OFDM,5.6863494
OFDM,Classical OFDM,6.9674993
OFDM,Classical OFDM,7.2273946
OFDM,Classical OFDM,5.7018604
OFDM,Classical OFDM,7.22351
OFDM,Classical OFDM,6.210942
OFDM,Classical OFDM,6.4521117
OFDM,Classical OFDM,7.3591495
OFDM,Classical OFDM,5.9448915
OFDM,Classical OFDM,5.551334
OFDM,Classical OFDM,6.7319064
OFDM,Classical OFDM,7.0918245
OFDM,Classical OFDM,8.176107
OFDM,Classical OFDM,5.395534
OFDM,Classical OFDM,5.139432
OFDM,Classical OFDM,5.592641
OFDM,Classical OFDM,6.905814
OFDM,Classical OFDM,5.6522803
OFDM,Classical OFDM,8.920502
OFDM,Classical OFDM,6.5570784
OFDM,Classical OFDM,4.621909
OFDM,Classical OFDM,7.414481
OFDM,Classical OFDM,4.7029047
OFDM,Classical OFDM,5.810454
OFDM,Classical OFDM,6.4293747
OFDM,Classical OFDM,7.7902927
OFDM,Classical OFDM,6.0654078
OFDM,Classical OFDM,8.072034
OFDM,Classical OFDM,6.9834924
OFDM,Classical OFDM,6.937293
OFDM,Classical OFDM,5.887422
OFDM,Classical OFDM,6.4594274
OFDM,Classical OFDM,5.232876
OFDM,Classical OFDM,7.176116
OFDM,Classical OFDM,6.2351055
OFDM,Classical OFDM,4.5535054
OFDM,Classical OFDM,5.0325212
OFDM,Classical OFDM,6.2174664
OFDM,Classical OFDM,6.0782337
OFDM,Classical OFDM,5.4189515
OFDM,Classical OFDM,4.7781706
OFDM,Classical OFDM,6.713561
OFDM,Classical OFDM,6.5256495
OFDM,Classical OFDM,6.1782074
OFDM,Classical OFDM,5.999558
OFDM,Classical OFDM,6.6634364
OFDM,Classical OFDM,6.7451024
OFDM,Classical OFDM,5.7014885
OFDM,Classical OFDM,7.0947914
OFDM,Classical OFDM,6.2299175
OFDM,Classical OFDM,5.9600143
OFDM,Classical OFDM,5.969636
OFDM,Classical OFDM,6.328929
OFDM,Classical OFDM,4.877369
OFDM,Classical OFDM,4.5504084
OFDM,Classical OFDM,6.4405375
OFDM,Classical OFDM,6.4300413
OFDM,Classical OFDM,9.233292
OFDM,Classical OFDM,6.8439035
OFDM,Classical OFDM,6.919135
OFDM,Classical OFDM,7.0088863
OFDM,Classical OFDM,4.9261603
OFDM,Classical OFDM,7.6649256
OFDM,Classical OFDM,5.5334845
OFDM,Classical OFDM,7.478726
OFDM,Classical OFDM,6.8731303
OFDM,Classical OFDM,7.4754715
OFDM,Classical OFDM,7.6928687
OFDM,Classical OFDM,6.3029475
OFDM,Classical OFDM,5.514605
OFDM,Classical OFDM,6.4835844
OFDM,Classical OFDM,7.338181
OFDM,Classical OFDM,7.840445
OFDM,Classical OFDM,5.766261
OFDM,Classical OFDM,7.5198326
OFDM,Classical OFDM,7.0175548
OFDM,Classical OFDM,8.078704
OFDM,Classical OFDM,7.5672235
OFDM,Classical OFDM,7.1552014
OFDM,Classical OFDM,5.5860324
OFDM,Classical OFDM,5.984493
OFDM,Classical OFDM,6.79957
OFDM,Classical OFDM,6.811883
OFDM,Classical OFDM,6.3373737
OFDM,Classical OFDM,6.1743393
OFDM,Classical OFDM,7.164382
OFDM,Classical OFDM,7.569767
OFDM,Classical OFDM,6.944482
OFDM,Classical OFDM,8.82182
OFDM,Classical OFDM,6.7106123
OFDM,Classical OFDM,5.425482
OFDM,Classical OFDM,6.6382036
OFDM,Classical OFDM,7.600437
OFDM,Classical OFDM,6.0071373
OFDM,Classical OFDM,5.6269016
OFDM,Classical OFDM,7.000961
OFDM,Classical OFDM,7.0637794
OFDM,Classical OFDM,4.978438
OFDM,Classical OFDM,5.1772933
OFDM,Classical OFDM,5.939167
OFDM,Classical OFDM,5.4085073
OFDM,Classical OFDM,5.201478
OFDM,Classical OFDM,6.064354
OFDM,Classical OFDM,6.589834
OFDM,Classical OFDM,5.8611794
OFDM,Classical OFDM,6.7190742
OFDM,Classical OFDM,7.753935
OFDM,Classical OFDM,8.169912
OFDM,Classical OFDM,5.0859494
OFDM,Classical OFDM,5.38485
OFDM,Classical OFDM,5.7021074
OFDM,Classical OFDM,6.561463
OFDM,Classical OFDM,8.035174
OFDM,Classical OFDM,8.041693
OFDM,Classical OFDM,5.6379156
OFDM,Classical OFDM,6.075571
OFDM,Classical OFDM,4.8130865
OFDM,Classical OFDM,7.521028
OFDM,Classical OFDM,7.3167543
OFDM,Classical OFDM,6.1614475
OFDM,Classical OFDM,5.551402
OFDM,Classical OFDM,6.7651596
OFDM,Classical OFDM,7.237752
OFDM,Classical OFDM,6.0946007
OFDM,Classical OFDM,6.332963
OFDM,Classical OFDM,8.199065
OFDM,Classical OFDM,5.6777115
OFDM,Classical OFDM,7.0091586
OFDM,Classical OFDM,5.846018
OFDM,Classical OFDM,5.5959506
OFDM,Classical OFDM,6.4287834
OFDM,Classical OFDM,8.324366
OFDM,Classical OFDM,7.3151445
OFDM,Classical OFDM,6.103325
OFDM,Classical OFDM,5.0039
OFDM,Classical OFDM,6.5805473
OFDM,Classical OFDM,6.426444
OFDM,Classical OFDM,6.0577364
OFDM,Classical OFDM,6.4599543
OFDM,Classical OFDM,7.783342
OFDM,Classical OFDM,7.845088
OFDM,Classical OFDM,5.8499365
OFDM,Classical OFDM,6.556685
OFDM,Classical OFDM,5.437432
OFDM,Classical OFDM,7.3191643
OFDM,Classical OFDM,8.0389805
OFDM,Classical OFDM,6.7806244
OFDM,Classical OFDM,7.707486
OFDM,Classical OFDM,6.4263244
OFDM,Classical OFDM,6.518069
OFDM,Classical OFDM,7.658322
OFDM,Classical OFDM,6.9905543
OFDM,Classical OFDM,7.042363
OFDM,Classical OFDM,6.9764204
OFDM,Classical OFDM,8.225863
OFDM,Classical OFDM,5.5403957
OFDM,Classical OFDM,5.740178
OFDM,Classical OFDM,7.848544
OFDM,Classical OFDM,5.2170725
OFDM,Classical OFDM,5.3424497
OFDM,Classical OFDM,6.933027
OFDM,Classical OFDM,8.273565
OFDM,Classical OFDM,8.007351
OFDM,Classical OFDM,6.2508097
OFDM,Classical OFDM,7.519298
OFDM,Classical OFDM,6.424733
OFDM,Classical OFDM,6.930335
OFDM,Classical OFDM,6.9580646
OFDM,Classical OFDM,6.6216583
OFDM,Classical OFDM,5.536695
OFDM,Classical OFDM,5.453144
OFDM,Classical OFDM,6.0185523
OFDM,Classical OFDM,8.163502
OFDM,Classical OFDM,6.8505535
OFDM,Classical OFDM,7.015026
OFDM,Classical OFDM,9.363306
OFDM,Classical OFDM,4.6357927
OFDM,Classical OFDM,6.8900175
OFDM,Classical OFDM,6.3855033
OFDM,Classical OFDM,6.5021944
OFDM,Classical OFDM,6.0200033
OFDM,Classical OFDM,5.3044043
OFDM,Classical OFDM,6.73975
OFDM,Classical OFDM,6.393734
OFDM,Classical OFDM,4.4151454
OFDM,Classical OFDM,5.923526
OFDM,Classical OFDM,5.4732656
OFDM,Classical OFDM,6.620653
OFDM,Classical OFDM,6.006594
OFDM,Classical OFDM,6.0477924
OFDM,Classical OFDM,6.073355
OFDM,Classical OFDM,6.9494557
OFDM,Classical OFDM,6.887257
OFDM,Classical OFDM,6.422179
OFDM,Classical OFDM,6.4576774
OFDM,Classical OFDM,7.683852
OFDM,Classical OFDM,5.237882
OFDM,Classical OFDM,6.7096863
OFDM,Classical OFDM,5.6248655
OFDM,Classical OFDM,8.360942
OFDM,Classical OFDM,6.1727405
OFDM,Classical OFDM,6.2366104
OFDM,Classical OFDM,5.6247225
OFDM,Classical OFDM,6.958508
OFDM,Classical OFDM,6.6873746
OFDM,Classical OFDM,7.1414337
OFDM,Classical OFDM,6.394024
OFDM,Classical OFDM,5.7606325
OFDM,Classical OFDM,7.0025597
OFDM,Classical OFDM,7.7799864
OFDM,Classical OFDM,9.351084
OFDM,Classical OFDM,6.345414
OFDM,Classical OFDM,6.0242376
OFDM,Classical OFDM,6.7409973
OFDM,Classical OFDM,7.3737774
OFDM,Classical OFDM,6.3810034
OFDM,Classical OFDM,6.034822
OFDM,Classical OFDM,6.934276
OFDM,Classical OFDM,5.719223
OFDM,Classical OFDM,6.305665
OFDM,Classical OFDM,7.2798767
OFDM,Classical OFDM,7.732677
OFDM,Classical OFDM,6.1200457
OFDM,Classical OFDM,6.389366
OFDM,Classical OFDM,7.6398153
OFDM,Classical OFDM,6.3654966
OFDM,Classical OFDM,6.466046
OFDM,Classical OFDM,5.918895
OFDM,Classical OFDM,5.461261
OFDM,Classical OFDM,4.493939
OFDM,Classical OFDM,7.4009542
OFDM,Classical OFDM,7.1043835
OFDM,Classical OFDM,6.9512916
OFDM,Classical OFDM,6.674077
OFDM,Classical OFDM,7.0127726
OFDM,Classical OFDM,6.1635275
OFDM,Classical OFDM,7.3151207
OFDM,Classical OFDM,8.491274
OFDM,Classical OFDM,6.205533
OFDM,Classical OFDM,6.377635
OFDM,Classical OFDM,5.522759
OFDM,Classical OFDM,6.713755
OFDM,Classical OFDM,8.11791
OFDM,Classical OFDM,6.550645
OFDM,Classical OFDM,5.641698
OFDM,Classical OFDM,6.9080596
OFDM,Classical OFDM,6.071246
OFDM,Classical OFDM,6.669993
OFDM,Classical OFDM,8.24681
OFDM,Classical OFDM,5.6939163
OFDM,Classical OFDM,6.4127007
OFDM,Classical OFDM,6.4821296
OFDM,Classical OFDM,5.646761
OFDM,Classical OFDM,6.5550513
OFDM,Classical OFDM,7.970478
OFDM,Classical OFDM,5.6837897
OFDM,Classical OFDM,7.849127
OFDM,Classical OFDM,7.047997
OFDM,Classical OFDM,6.41656
OFDM,Classical OFDM,5.512188
OFDM,Classical OFDM,6.497698
OFDM,Classical OFDM,5.856043
OFDM,Classical OFDM,6.68982
OFDM,Classical OFDM,6.1994653
OFDM,Classical OFDM,7.659361
OFDM,Classical OFDM,6.8435454
OFDM,Classical OFDM,6.874604
OFDM,Classical OFDM,8.050757
OFDM,Classical OFDM,6.1033096
OFDM,Classical OFDM,6.7083626
OFDM,Classical OFDM,6.926143
OFDM,Classical OFDM,7.655877
OFDM,Classical OFDM,6.9935026
OFDM,Classical OFDM,6.3029
OFDM,Classical OFDM,5.2060275
OFDM,Classical OFDM,7.536107
OFDM,Classical OFDM,6.8635364
OFDM,Classical OFDM,8.237932
OFDM,Classical OFDM,8.297998
OFDM,Classical OFDM,6.5479755
OFDM,Classical OFDM,6.2068415
OFDM,Classical OFDM,6.8142586
OFDM,Classical OFDM,6.136906
OFDM,Classical OFDM,6.3235817
OFDM,Classical OFDM,6.5731125
OFDM,Classical OFDM,6.0352306
OFDM,Classical OFDM,6.402047
OFDM,Classical OFDM,6.266123
OFDM,Classical OFDM,7.406066
OFDM,Classical OFDM,5.4752426
OFDM,Classical OFDM,6.348984
OFDM,Classical OFDM,7.52788
OFDM,Classical OFDM,7.0003896
OFDM,Classical OFDM,7.559739
OFDM,Classical OFDM,5.8139086
OFDM,Classical OFDM,6.359353
OFDM,Classical OFDM,6.1216087
OFDM,Classical OFDM,7.122714
OFDM,Classical OFDM,6.716073
OFDM,Classical OFDM,6.493037
OFDM,Classical OFDM,6.3132195
OFDM,Classical OFDM,6.445199
OFDM,Classical OFDM,6.336014
OFDM,Classical OFDM,7.8459625
OFDM,Classical OFDM,5.5348196
OFDM,Classical OFDM,5.7517123
OFDM,Classical OFDM,7.7759714
OFDM,Classical OFDM,7.7399783
OFDM,Classical OFDM,5.6743913
OFDM,Classical OFDM,5.318679
OFDM,Classical OFDM,6.505647
OFDM,Classical OFDM,6.2270823
OFDM,Classical OFDM,6.0070653
OFDM,Classical OFDM,7.99617
OFDM,Classical OFDM,6.7944736
OFDM,Classical OFDM,6.0216928
OFDM,Classical OFDM,7.152054
OFDM,Classical OFDM,6.646071
OFDM,Classical OFDM,6.15343
OFDM,Classical OFDM,5.404527
OFDM,Classical OFDM,6.657301
OFDM,Classical OFDM,6.159968
OFDM,Classical OFDM,7.5393558
OFDM,Classical OFDM,5.917738
OFDM,Classical OFDM,6.6922665
OFDM,Classical OFDM,6.2913475
OFDM,Classical OFDM,7.0106025
OFDM,Classical OFDM,6.780857
OFDM,Classical OFDM,6.811537
OFDM,Classical OFDM,8.08207
OFDM,Classical OFDM,7.076402
OFDM,Classical OFDM,7.363314
OFDM,Classical OFDM,5.874728
OFDM,Classical OFDM,6.645956
OFDM,Classical OFDM,6.111831
OFDM,Classical OFDM,6.2460284
OFDM,Classical OFDM,7.4512887
OFDM,Classical OFDM,7.16806
OFDM,Classical OFDM,5.6305885
OFDM,Classical OFDM,7.338517
OFDM,Classical OFDM,6.632438
OFDM,Classical OFDM,7.4258223
OFDM,Classical OFDM,7.816909
OFDM,Classical OFDM,5.322309
OFDM,Classical OFDM,5.5118804
OFDM,Classical OFDM,5.1077228
OFDM,Classical OFDM,5.853813
OFDM,Classical OFDM,7.196613
OFDM,Classical OFDM,7.2393103
OFDM,Classical OFDM,7.1570196
OFDM,Classical OFDM,6.296162
OFDM,Classical OFDM,5.4092255
OFDM,Classical OFDM,7.1569796
OFDM,Classical OFDM,6.8379517
OFDM,Classical OFDM,7.1009464
OFDM,Classical OFDM,6.189692
OFDM,Classical OFDM,8.996228
OFDM,Classical OFDM,5.232874
OFDM,Classical OFDM,4.4978433
OFDM,Classical OFDM,8.126451
OFDM,Classical OFDM,6.3747015
OFDM,Classical OFDM,6.002216
OFDM,Classical OFDM,7.613532
OFDM,Classical OFDM,7.078145
OFDM,Classical OFDM,5.94182
OFDM,Classical OFDM,5.6612787
OFDM,Classical OFDM,6.647853
OFDM,Classical OFDM,8.864094
OFDM,Classical OFDM,4.9367294
OFDM,Classical OFDM,6.5939064
OFDM,Classical OFDM,6.2612686
OFDM,Classical OFDM,5.845381
OFDM,Classical OFDM,9.163461
OFDM,Classical OFDM,5.357594
OFDM,Classical OFDM,7.4374447
OFDM,Classical OFDM,6.5589757
OFDM,Classical OFDM,6.125167
OFDM,Classical OFDM,5.2180047
OFDM,Classical OFDM,5.64933
OFDM,Classical OFDM,8.203383
OFDM,Classical OFDM,7.0237684
OFDM,Classical OFDM,5.9646273
OFDM,Classical OFDM,5.7486205
OFDM,Classical OFDM,8.493271
OFDM,Classical OFDM,6.5610843
OFDM,Classical OFDM,6.1429496
OFDM,Classical OFDM,5.0534863
OFDM,Classical OFDM,6.808867
OFDM,Classical OFDM,5.738477
OFDM,Classical OFDM,5.6676474
OFDM,Classical OFDM,5.5379467
OFDM,Classical OFDM,5.2658377
OFDM,Classical OFDM,7.887701
OFDM,Classical OFDM,7.5056753
OFDM,Classical OFDM,5.494766
OFDM,Classical OFDM,6.179674
OFDM,Classical OFDM,7.4596496
OFDM,Classical OFDM,7.246189
OFDM,Classical OFDM,9.551146
OFDM,Classical OFDM,8.245568
OFDM,Classical OFDM,7.6685023
OFDM,Classical OFDM,6.4459043
OFDM,Classical OFDM,7.8466134
OFDM,Classical OFDM,7.0259724
OFDM,Classical OFDM,6.864443
OFDM,Classical OFDM,6.4159336
OFDM,Classical OFDM,6.7792883
OFDM,Classical OFDM,5.3029375
OFDM,Classical OFDM,4.972331
OFDM,Classical OFDM,5.2706003
OFDM,Classical OFDM,6.6386614
OFDM,Classical OFDM,5.884209
OFDM,Classical OFDM,6.5971823
OFDM,Classical OFDM,5.8042
OFDM,Classical OFDM,6.3219805
OFDM,Classical OFDM,7.4513636
OFDM,Classical OFDM,6.294337
OFDM,Classical OFDM,5.8688493
OFDM,Classical OFDM,7.292574
OFDM,Classical OFDM,6.031374
OFDM,Classical OFDM,6.0766726
OFDM,Classical OFDM,5.3546724
OFDM,Classical OFDM,5.8070917
OFDM,Classical OFDM,8.29962
OFDM,Classical OFDM,9.483648
OFDM,Classical OFDM,6.533814
OFDM,Classical OFDM,5.8653154
OFDM,Classical OFDM,6.6641135
OFDM,Classical OFDM,6.5280027
OFDM,Classical OFDM,5.417028
OFDM,Classical OFDM,5.6645565
OFDM,Classical OFDM,6.851599
OFDM,Classical OFDM,9.084961
OFDM,Classical OFDM,6.52969
OFDM,Classical OFDM,7.494736
OFDM,Classical OFDM,6.724229
OFDM,Classical OFDM,7.231426
OFDM,Classical OFDM,5.683524
OFDM,Classical OFDM,8.407724
OFDM,Classical OFDM,7.980488
OFDM,Classical OFDM,6.330939
OFDM,Classical OFDM,6.522051
OFDM,Classical OFDM,5.40189
OFDM,Classical OFDM,7.4941564
OFDM,Classical OFDM,5.523385
OFDM,Classical OFDM,7.0157123
OFDM,Classical OFDM,5.1929197
OFDM,Classical OFDM,4.8738937
OFDM,Classical OFDM,8.221513
OFDM,Classical OFDM,6.414325
OFDM,Classical OFDM,7.7769284
OFDM,Classical OFDM,5.6722374
OFDM,Classical OFDM,6.8131733
OFDM,Classical OFDM,7.990035
OFDM,Classical OFDM,7.258079
OFDM,Classical OFDM,7.7763147
OFDM,Classical OFDM,7.1796703
OFDM,Classical OFDM,5.018652
OFDM,Classical OFDM,6.1304927
OFDM,Classical OFDM,6.3338118
OFDM,Classical OFDM,6.0530977
OFDM,Classical OFDM,9.317801
OFDM,Classical OFDM,7.803886
OFDM,Classical OFDM,5.7099752
OFDM,Classical OFDM,5.687314
OFDM,Classical OFDM,6.642821
OFDM,Classical OFDM,7.496143
OFDM,Classical OFDM,6.91751
OFDM,Classical OFDM,7.3327045
OFDM,Classical OFDM,6.681801
OFDM,Classical OFDM,7.9435487
OFDM,Classical OFDM,5.3531084
OFDM,Classical OFDM,5.4991317
OFDM,Classical OFDM,5.818638
OFDM,Classical OFDM,5.001457
OFDM,Classical OFDM,6.5218716
OFDM,Classical OFDM,6.7963643
OFDM,Classical OFDM,6.737165
OFDM,Classical OFDM,6.090187
OFDM,Classical OFDM,8.314372
OFDM,Classical OFDM,6.3338137
OFDM,Classical OFDM,6.4672284
OFDM,Classical OFDM,6.3747973
OFDM,Classical OFDM,6.4316506
OFDM,Classical OFDM,6.0018263
OFDM,Classical OFDM,5.4588623
OFDM,Classical OFDM,6.0719967
OFDM,Classical OFDM,8.78742
OFDM,Classical OFDM,6.048497
OFDM,Classical OFDM,7.0677633
OFDM,Classical OFDM,5.6796093
OFDM,Classical OFDM,6.8616257
OFDM,Classical OFDM,7.3282666
OFDM,Classical OFDM,7.183749
OFDM,Classical OFDM,6.488549
OFDM,Classical OFDM,7.78127
OFDM,Classical OFDM,7.9934096
OFDM,Classical OFDM,6.952361
OFDM,Classical OFDM,6.815547
OFDM,Classical OFDM,6.1535783
OFDM,Classical OFDM,6.211359
OFDM,Classical OFDM,6.0306416
OFDM,Classical OFDM,6.51555
OFDM,Classical OFDM,7.4009542
OFDM,Classical OFDM,7.2547884
OFDM,Classical OFDM,6.5286584
OFDM,Classical OFDM,5.7106647
OFDM,Classical OFDM,5.516043
OFDM,Classical OFDM,5.800618
OFDM,Classical OFDM,6.2412233
OFDM,Classical OFDM,6.8412104
OFDM,Classical OFDM,6.3541136
OFDM,Classical OFDM,6.4748554
OFDM,Classical OFDM,6.608945
OFDM,Classical OFDM,5.90497
OFDM,Classical OFDM,5.8097367
OFDM,Classical OFDM,7.779879
OFDM,Classical OFDM,5.494315
OFDM,Classical OFDM,6.6654825
OFDM,Classical OFDM,7.5033884
OFDM,Classical OFDM,6.6189456
OFDM,Classical OFDM,6.8168254
OFDM,Classical OFDM,5.9843426
OFDM,Classical OFDM,7.822484
OFDM,Classical OFDM,7.2601676
OFDM,Classical OFDM,5.587087
OFDM,Classical OFDM,6.7299223
OFDM,Classical OFDM,5.796945
OFDM,Classical OFDM,6.773145
OFDM,Classical OFDM,5.6035275
OFDM,Classical OFDM,8.346261
OFDM,Classical OFDM,6.6291184
OFDM,Classical OFDM,6.2398987
OFDM,Classical OFDM,5.1797047
OFDM,Classical OFDM,7.8844347
OFDM,Classical OFDM,7.17927
OFDM,Classical OFDM,8.182213
OFDM,Classical OFDM,6.0373125
OFDM,Classical OFDM,6.40302
OFDM,Classical OFDM,5.3301973
OFDM,Classical OFDM,5.83183
OFDM,Classical OFDM,6.5422516
OFDM,Classical OFDM,7.1571217
OFDM,Classical OFDM,5.834688
OFDM,Classical OFDM,6.681738
OFDM,Classical OFDM,6.6241508
OFDM,Classical OFDM,8.385796
OFDM,Classical OFDM,5.8343573
OFDM,Classical OFDM,5.8256717
OFDM,Classical OFDM,5.374343
OFDM,Classical OFDM,7.5722256
OFDM,Classical OFDM,5.3901987
OFDM,Classical OFDM,7.203248
OFDM,Classical OFDM,6.7577953
OFDM,Classical OFDM,6.8236065
OFDM,Classical OFDM,7.3332734
OFDM,Classical OFDM,7.186894
OFDM,Classical OFDM,5.6146245
OFDM,Classical OFDM,6.001912
OFDM,Classical OFDM,5.2571
OFDM,Classical OFDM,8.262252
OFDM,Classical OFDM,7.2094197
OFDM,Classical OFDM,6.4431715
OFDM,Classical OFDM,5.019021
OFDM,Classical OFDM,5.99689
OFDM,Classical OFDM,8.124206
OFDM,Classical OFDM,7.311833
OFDM,Classical OFDM,6.117115
OFDM,Classical OFDM,6.549963
OFDM,Classical OFDM,6.2786098
OFDM,Classical OFDM,6.318618
OFDM,Classical OFDM,5.640762
OFDM,Classical OFDM,8.350908
OFDM,Classical OFDM,6.2399445
OFDM,Classical OFDM,7.0725403
OFDM,Classical OFDM,5.2160387
OFDM,Classical OFDM,6.3114624
OFDM,Classical OFDM,7.21365
OFDM,Classical OFDM,8.01284
OFDM,Classical OFDM,6.8166156
OFDM,Classical OFDM,6.5019517
OFDM,Classical OFDM,7.079227
OFDM,Classical OFDM,4.935181
OFDM,Classical OFDM,6.53105
OFDM,Classical OFDM,7.1414337
OFDM,Classical OFDM,5.875073
OFDM,Classical OFDM,6.6153116
OFDM,Classical OFDM,5.336681
OFDM,Classical OFDM,7.6432476
OFDM,Classical OFDM,5.978462
OFDM,Classical OFDM,6.1213026
OFDM,Classical OFDM,7.93132
OFDM,Classical OFDM,7.8798456
OFDM,Classical OFDM,5.4714804
OFDM,Classical OFDM,7.5153785
OFDM,Classical OFDM,6.4444675
OFDM,Classical OFDM,5.8536606
OFDM,Classical OFDM,6.023476
OFDM,Classical OFDM,5.8025646
OFDM,Classical OFDM,5.1679225
OFDM,Classical OFDM,8.969134
OFDM,Classical OFDM,7.9275393
OFDM,Classical OFDM,6.4498944
OFDM,Classical OFDM,5.4178243
OFDM,Classical OFDM,4.692348
OFDM,Classical OFDM,7.799787
OFDM,Classical OFDM,9.718353
OFDM,Classical OFDM,7.509095
OFDM,Classical OFDM,5.9327455
OFDM,Classical OFDM,6.770119
OFDM,Classical OFDM,5.9471235
OFDM,Classical OFDM,5.96726
OFDM,Classical OFDM,6.538767
OFDM,Classical OFDM,5.7695045
OFDM,Classical OFDM,6.424158
OFDM,Classical OFDM,6.1663294
OFDM,Classical OFDM,5.7682376
OFDM,Classical OFDM,5.6402807
OFDM,Classical OFDM,5.469368
OFDM,Classical OFDM,5.9851046
OFDM,Classical OFDM,6.3786087
OFDM,Classical OFDM,9.355577
OFDM,Classical OFDM,5.88362
OFDM,Classical OFDM,7.267468
OFDM,Classical OFDM,6.484578
OFDM,Classical OFDM,6.8587866
OFDM,Classical OFDM,7.801872
OFDM,Classical OFDM,7.2631955
OFDM,Classical OFDM,7.3060503
OFDM,Classical OFDM,7.093592
OFDM,Classical OFDM,6.887662
OFDM,Classical OFDM,6.956578
OFDM,Classical OFDM,5.594331
OFDM,Classical OFDM,9.296714
OFDM,Classical OFDM,8.464986
OFDM,Classical OFDM,6.582
OFDM,Classical OFDM,6.1694436
OFDM,Classical OFDM,8.688475
OFDM,Classical OFDM,6.391946
OFDM,Classical OFDM,7.569109
OFDM,Classical OFDM,7.3659363
OFDM,Classical OFDM,7.4189043
OFDM,Classical OFDM,7.0188007
OFDM,Classical OFDM,6.1371794
OFDM,Classical OFDM,6.7696953
OFDM,Classical OFDM,6.9724436
OFDM,Classical OFDM,5.431363
OFDM,Classical OFDM,7.6894116
OFDM,Classical OFDM,6.395238
OFDM,Classical OFDM,5.994912
OFDM,Classical OFDM,6.8413296
OFDM,Classical OFDM,7.9866877
OFDM,Classical OFDM,6.5702815
OFDM,Classical OFDM,7.1943617
OFDM,Classical OFDM,7.872636
OFDM,Classical OFDM,6.6227407
OFDM,Classical OFDM,8.767137
OFDM,Classical OFDM,5.7820554
OFDM,Classical OFDM,5.7639117
OFDM,Classical OFDM,5.3385754
OFDM,Classical OFDM,7.2835445
OFDM,Classical OFDM,6.9333315
OFDM,Classical OFDM,6.367441
OFDM,Classical OFDM,6.2701826
OFDM,Classical OFDM,6.1869235
OFDM,Classical OFDM,6.774444
OFDM,Classical OFDM,5.265683
OFDM,Classical OFDM,6.9134545
OFDM,Classical OFDM,7.9411306
OFDM,Classical OFDM,7.18429
OFDM,Classical OFDM,6.4773865
OFDM,Classical OFDM,6.166077
OFDM,Classical OFDM,5.953429
OFDM,Classical OFDM,6.335201
OFDM,Classical OFDM,6.0939984
OFDM,Classical OFDM,7.2213078
OFDM,Classical OFDM,5.6381397
OFDM,Classical OFDM,6.8463697
OFDM,Classical OFDM,7.1630754
OFDM,Classical OFDM,6.90012
OFDM,Classical OFDM,6.8194523
OFDM,Classical OFDM,5.854058
OFDM,Classical OFDM,5.8203006
OFDM,Classical OFDM,5.937795
OFDM,Classical OFDM,5.7752013
OFDM,Classical OFDM,5.916281
OFDM,Classical OFDM,5.6289387
OFDM,Classical OFDM,8.1449995
OFDM,Classical OFDM,8.579413
OFDM,Classical OFDM,5.7148957
OFDM,Classical OFDM,8.089231
OFDM,Classical OFDM,6.0419755
OFDM,Classical OFDM,8.285215
OFDM,Classical OFDM,8.291164
OFDM,Classical OFDM,6.3844132
OFDM,Classical OFDM,5.4563165
OFDM,Classical OFDM,7.3715014
OFDM,Classical OFDM,6.06004
OFDM,Classical OFDM,6.525803
OFDM,Classical OFDM,8.353147
OFDM,Classical OFDM,6.453992
OFDM,Classical OFDM,6.1808195
OFDM,Classical OFDM,7.9604383
OFDM,Classical OFDM,6.693783
OFDM,Classical OFDM,4.950133
OFDM,Classical OFDM,6.612394
OFDM,Classical OFDM,5.675391
OFDM,Classical OFDM,6.138854
OFDM,Classical OFDM,6.7679267
OFDM,Classical OFDM,6.296047
OFDM,Classical OFDM,6.08275
OFDM,Classical OFDM,5.993337
OFDM,Classical OFDM,7.2451735
OFDM,Classical OFDM,6.5129614
OFDM,Classical OFDM,5.2226133
OFDM,Classical OFDM,6.3688188
OFDM,Classical OFDM,5.736511
OFDM,Classical OFDM,5.785265
OFDM,Classical OFDM,7.19611
OFDM,Classical OFDM,6.6712136
OFDM,Classical OFDM,8.107327
OFDM,Classical OFDM,6.1131835
OFDM,Classical OFDM,7.665014
OFDM,Classical OFDM,7.121939
OFDM,Classical OFDM,4.5127926
OFDM,Classical OFDM,6.8645854
OFDM,Classical OFDM,5.2350307
OFDM,Classical OFDM,8.009024
OFDM,Classical OFDM,5.765574
OFDM,Classical OFDM,6.6631722
OFDM,Classical OFDM,7.871864
OFDM,Classical OFDM,5.5187793
OFDM,Classical OFDM,6.2055264
OFDM,Classical OFDM,6.9774776
OFDM,Classical OFDM,6.5675836
OFDM,Classical OFDM,6.1849694
OFDM,Classical OFDM,7.4200516
OFDM,Classical OFDM,6.0787845
OFDM,Classical OFDM,7.3956575
OFDM,Classical OFDM,6.141784
OFDM,Classical OFDM,6.291106
OFDM,Classical OFDM,6.008139
OFDM,Classical OFDM,8.35051
OFDM,Classical OFDM,5.021687
OFDM,Classical OFDM,7.887674
OFDM,Classical OFDM,6.360615
OFDM,Classical OFDM,7.1406918
OFDM,Classical OFDM,6.1221085
OFDM,Classical OFDM,5.791269
OFDM,Classical OFDM,7.163584
OFDM,Classical OFDM,5.50751
OFDM,Classical OFDM,7.0630426
OFDM,Classical OFDM,6.3712893
OFDM,Classical OFDM,6.482423
OFDM,Classical OFDM,7.1078134
OFDM,Classical OFDM,6.1065893
OFDM,Classical OFDM,7.0449314
OFDM,Classical OFDM,7.1129827
OFDM,Classical OFDM,6.6132402
OFDM,Classical OFDM,5.7768245
OFDM,Classical OFDM,6.735276
OFDM,Classical OFDM,7.8700104
OFDM,Classical OFDM,6.363641
OFDM,Classical OFDM,8.065394
OFDM,Classical OFDM,8.86863
OFDM,Classical OFDM,5.5218487
OFDM,Classical OFDM,6.4910765
OFDM,Classical OFDM,7.8131084
OFDM,Classical OFDM,6.4538946
OFDM,Classical OFDM,6.634019
OFDM,Classical OFDM,7.427612
OFDM,Classical OFDM,4.870717
OFDM,Classical OFDM,5.6834974
OFDM,Classical OFDM,5.321868
OFDM,Classical OFDM,6.321676
OFDM,Classical OFDM,6.7636795
OFDM,Classical OFDM,8.253941
OFDM,Classical OFDM,5.7225184
OFDM,Classical OFDM,6.6026425
OFDM,Classical OFDM,6.635842
OFDM,Classical OFDM,6.925221
OFDM,Classical OFDM,6.203131
OFDM,Classical OFDM,5.2553344
OFDM,Classical OFDM,5.921693
OFDM,Classical OFDM,6.671609
OFDM,Classical OFDM,6.391288
OFDM,Classical OFDM,7.798445
OFDM,Classical OFDM,8.486556
OFDM,Classical OFDM,6.754517
OFDM,Classical OFDM,7.2586923
OFDM,Classical OFDM,7.9194384
OFDM,Classical OFDM,5.6468415
OFDM,Classical OFDM,6.5227866
OFDM,Classical OFDM,8.080734
OFDM,Classical OFDM,7.7094784
OFDM,Classical OFDM,7.074108
OFDM,Classical OFDM,7.780054
OFDM,Classical OFDM,6.134635
OFDM,Classical OFDM,7.303272
OFDM,Classical OFDM,5.294445
OFDM,Classical OFDM,5.9798136
OFDM,Classical OFDM,7.5111203
OFDM,Classical OFDM,5.5826335
OFDM,Classical OFDM,6.8080606
OFDM,Classical OFDM,8.355528
OFDM,Classical OFDM,6.816821
OFDM,Classical OFDM,6.001014
OFDM,Classical OFDM,6.8652487
OFDM,Classical OFDM,7.301531
OFDM,Classical OFDM,6.553959
OFDM,Classical OFDM,7.2508583
OFDM,Classical OFDM,5.9753046
OFDM,Classical OFDM,7.2192764
OFDM,Classical OFDM,4.7782097
OFDM,Classical OFDM,5.7178717
OFDM,Classical OFDM,6.7488837
OFDM,Classical OFDM,5.9982276
OFDM,Classical OFDM,5.1750145
OFDM,Classical OFDM,6.7016525
OFDM,Classical OFDM,10.715795
OFDM,Classical OFDM,4.914039
OFDM,Classical OFDM,8.359434
OFDM,Classical OFDM,6.6914234
OFDM,Classical OFDM,5.883253
OFDM,Classical OFDM,5.7909565
OFDM,Classical OFDM,7.811059
OFDM,Classical OFDM,5.4704647
OFDM,Classical OFDM,4.664695
OFDM,Classical OFDM,5.2621646
OFDM,Classical OFDM,8.324894
OFDM,Classical OFDM,5.7018414
OFDM,Classical OFDM,5.8041615
OFDM,Classical OFDM,6.1566324
OFDM,Classical OFDM,6.614233
OFDM,Classical OFDM,5.1109934
OFDM,Classical OFDM,6.786889
OFDM,Classical OFDM,5.9266067
OFDM,Classical OFDM,6.8286276
OFDM,Classical OFDM,6.9874125
OFDM,Classical OFDM,5.635464
OFDM,Classical OFDM,6.101717
OFDM,Classical OFDM,7.243302
OFDM,Classical OFDM,6.397424
OFDM,Classical OFDM,5.5321207
OFDM,Classical OFDM,5.9858565
OFDM,Classical OFDM,6.2590976
OFDM,Classical OFDM,6.366444
OFDM,Classical OFDM,6.6382403
OFDM,Classical OFDM,8.629498
OFDM,Classical OFDM,7.5959826
OFDM,Classical OFDM,7.7708607
OFDM,Classical OFDM,8.3661995
OFDM,Classical OFDM,6.4429
OFDM,Classical OFDM,7.4485583
OFDM,Classical OFDM,6.6656804
OFDM,Classical OFDM,6.0345607
OFDM,Classical OFDM,5.8871994
OFDM,Classical OFDM,6.0229235
OFDM,Classical OFDM,8.819848
OFDM,Classical OFDM,5.555339
OFDM,Classical OFDM,7.86192
OFDM,Classical OFDM,7.693934
OFDM,Classical OFDM,6.238618
OFDM,Classical OFDM,5.5670066
OFDM,Classical OFDM,7.986991
OFDM,Classical OFDM,5.7649508
OFDM,Classical OFDM,4.97476
OFDM,Classical OFDM,7.6479907
OFDM,Classical OFDM,7.1650434
OFDM,Classical OFDM,5.3473144
OFDM,Classical OFDM,6.449792
OFDM,Classical OFDM,6.58352
OFDM,Classical OFDM,6.2251654
OFDM,Classical OFDM,5.098069
OFDM,Classical OFDM,7.170245
OFDM,Classical OFDM,6.255164
OFDM,Classical OFDM,7.823756
OFDM,Classical OFDM,8.039833
OFDM,Classical OFDM,8.54385
OFDM,Classical OFDM,7.1218996
OFDM,Classical OFDM,6.5731435
OFDM,Classical OFDM,7.873782
OFDM,Classical OFDM,6.580139
OFDM,Classical OFDM,5.427325
OFDM,Classical OFDM,7.909935
OFDM,Classical OFDM,7.4968963
OFDM,Classical OFDM,6.020613
OFDM,Classical OFDM,5.46427
OFDM,Classical OFDM,6.0338025
OFDM,Classical OFDM,5.93718
OFDM,Classical OFDM,6.889496
OFDM,Classical OFDM,5.8311105
OFDM,Classical OFDM,6.7012997
OFDM,Classical OFDM,5.9139624
OFDM,Classical OFDM,6.0084286
OFDM,Classical OFDM,7.811615
OFDM,Classical OFDM,7.12841
OFDM,Classical OFDM,6.9400983
OFDM,Classical OFDM,7.6671343
OFDM,Classical OFDM,5.5357814
OFDM,Classical OFDM,7.344352
OFDM,Classical OFDM,6.629298
OFDM,Classical OFDM,7.2998767
OFDM,Classical OFDM,6.932202
OFDM,Classical OFDM,5.9178395
OFDM,Classical OFDM,5.99947
OFDM,Classical OFDM,7.4377227
OFDM,Classical OFDM,7.2579813
OFDM,Classical OFDM,5.6495895
OFDM,Classical OFDM,6.085372
OFDM,Classical OFDM,7.0583906
OFDM,Classical OFDM,7.5510855
OFDM,Classical OFDM,7.1561627
OFDM,Classical OFDM,6.247516
OFDM,Classical OFDM,7.0083437
OFDM,Classical OFDM,6.058845
OFDM,Classical OFDM,6.860888
OFDM,Classical OFDM,6.946831
OFDM,Classical OFDM,7.0315976
OFDM,Classical OFDM,5.5010624
OFDM,Classical OFDM,6.74982
OFDM,Classical OFDM,6.4548435
OFDM,Classical OFDM,7.0012846
OFDM,Classical OFDM,6.674364
OFDM,Classical OFDM,9.409934
OFDM,Classical OFDM,5.775303
OFDM,Classical OFDM,7.6389623
OFDM,Classical OFDM,6.275238
OFDM,Classical OFDM,7.872687
OFDM,Classical OFDM,7.9047337
OFDM,Classical OFDM,6.354077
OFDM,Classical OFDM,8.419291
OFDM,Classical OFDM,6.5459814
OFDM,Classical OFDM,6.104332
OFDM,Classical OFDM,7.176832
OFDM,Classical OFDM,6.9581075
OFDM,Classical OFDM,7.5116324
OFDM,Classical OFDM,8.352027
OFDM,Classical OFDM,6.5362697
OFDM,Classical OFDM,6.949856
OFDM,Classical OFDM,5.7090635
OFDM,Classical OFDM,5.3344183
OFDM,Classical OFDM,7.7826643
OFDM,Classical OFDM,8.120031
OFDM,Classical OFDM,6.0239477
OFDM,Classical OFDM,6.358008
OFDM,Classical OFDM,5.7224565
OFDM,Classical OFDM,5.7111483
OFDM,Classical OFDM,7.8979545
OFDM,Classical OFDM,6.631896
OFDM,Classical OFDM,6.545405
OFDM,Classical OFDM,7.214685
OFDM,Classical OFDM,5.416215
OFDM,Classical OFDM,8.45434
OFDM,Classical OFDM,6.134352
OFDM,Classical OFDM,5.585213
OFDM,Classical OFDM,8.058517
OFDM,Classical OFDM,7.238266
OFDM,Classical OFDM,8.841837
OFDM,Classical OFDM,6.0716105
OFDM,Classical OFDM,7.0137463
OFDM,Classical OFDM,8.245047
OFDM,Classical OFDM,8.189698
OFDM,Classical OFDM,5.6374397
OFDM,Classical OFDM,7.2307186
OFDM,Classical OFDM,8.195797
OFDM,Classical OFDM,6.7386265
OFDM,Classical OFDM,6.721033
OFDM,Classical OFDM,6.222911
OFDM,Classical OFDM,5.181565
OFDM,Classical OFDM,9.238064
OFDM,Classical OFDM,7.7029204
OFDM,Classical OFDM,6.2237997
OFDM,Classical OFDM,7.002204
OFDM,Classical OFDM,7.7031555
OFDM,Classical OFDM,6.009858
OFDM,Classical OFDM,6.3673935
OFDM,Classical OFDM,7.097127
OFDM,Classical OFDM,6.7797475
OFDM,Classical OFDM,7.557618
OFDM,Classical OFDM,4.929048
OFDM,Classical OFDM,7.850878
OFDM,Classical OFDM,6.1678724
OFDM,Classical OFDM,5.924148
OFDM,Classical OFDM,6.016126
OFDM,Classical OFDM,5.899176
OFDM,Classical OFDM,6.7127047
OFDM,Classical OFDM,5.981224
OFDM,Classical OFDM,8.722341
OFDM,Classical OFDM,8.265211
OFDM,Classical OFDM,6.05376
OFDM,Classical OFDM,5.983064
OFDM,Classical OFDM,5.552908
OFDM,Classical OFDM,5.4720354
OFDM,Classical OFDM,7.052286
OFDM,Classical OFDM,6.52231
OFDM,Classical OFDM,6.9887853
Learned,Learned Basis,5.2567377
Learned,Learned Basis,5.9504833
Learned,Learned Basis,5.507612
Learned,Learned Basis,4.7227097
Learned,Learned Basis,6.07987
Learned,Learned Basis,6.1236057
Learned,Learned Basis,4.464982
Learned,Learned Basis,4.7399573
Learned,Learned Basis,4.3616624
Learned,Learned Basis,4.637657
Learned,Learned Basis,4.9463024
Learned,Learned Basis,4.970463
Learned,Learned Basis,6.133727
Learned,Learned Basis,4.4914107
Learned,Learned Basis,5.4994345
Learned,Learned Basis,4.315543
Learned,Learned Basis,6.0179496
Learned,Learned Basis,5.4067707
Learned,Learned Basis,5.3993454
Learned,Learned Basis,6.015358
Learned,Learned Basis,4.965255
Learned,Learned Basis,5.5929165
Learned,Learned Basis,5.9437246
Learned,Learned Basis,5.612436
Learned,Learned Basis,4.345079
Learned,Learned Basis,4.475982
Learned,Learned Basis,5.687036
Learned,Learned Basis,5.362441
Learned,Learned Basis,7.458911
Learned,Learned Basis,5.0904894
Learned,Learned Basis,5.156669
Learned,Learned Basis,3.6917696
Learned,Learned Basis,4.810113
Learned,Learned Basis,6.0410957
Learned,Learned Basis,5.391543
Learned,Learned Basis,5.049667
Learned,Learned Basis,4.2655554
Learned,Learned Basis,6.3538227
Learned,Learned Basis,4.324544
Learned,Learned Basis,4.652341
Learned,Learned Basis,6.4297967
Learned,Learned Basis,5.2950172
Learned,Learned Basis,5.5523324
Learned,Learned Basis,5.7495494
Learned,Learned Basis,4.8056707
Learned,Learned Basis,6.7629175
Learned,Learned Basis,5.7053146
Learned,Learned Basis,4.1916385
Learned,Learned Basis,5.998609
Learned,Learned Basis,6.948512
Learned,Learned Basis,6.0218773
Learned,Learned Basis,4.8095
Learned,Learned Basis,4.850034
Learned,Learned Basis,6.066848
Learned,Learned Basis,6.3529305
Learned,Learned Basis,5.5550694
Learned,Learned Basis,4.1188874
Learned,Learned Basis,4.5961823
Learned,Learned Basis,4.4405613
Learned,Learned Basis,5.493378
Learned,Learned Basis,4.8429103
Learned,Learned Basis,6.3303547
Learned,Learned Basis,6.464762
Learned,Learned Basis,5.7194595
Learned,Learned Basis,4.4106216
Learned,Learned Basis,6.117189
Learned,Learned Basis,4.5913973
Learned,Learned Basis,4.941384
Learned,Learned Basis,6.9638453
Learned,Learned Basis,5.403846
Learned,Learned Basis,4.0857677
Learned,Learned Basis,5.6667786
Learned,Learned Basis,6.202522
Learned,Learned Basis,5.8548455
Learned,Learned Basis,5.363515
Learned,Learned Basis,5.574556
Learned,Learned Basis,6.2395043
Learned,Learned Basis,5.2905707
Learned,Learned Basis,5.8046155
Learned,Learned Basis,5.854847
Learned,Learned Basis,4.0479345
Learned,Learned Basis,5.214207
Learned,Learned Basis,4.2400274
Learned,Learned Basis,5.910454
Learned,Learned Basis,5.301983
Learned,Learned Basis,5.5354013
Learned,Learned Basis,4.9231524
Learned,Learned Basis,5.147399
Learned,Learned Basis,5.386129
Learned,Learned Basis,5.1927853
Learned,Learned Basis,5.588319
Learned,Learned Basis,4.9263554
Learned,Learned Basis,5.3841066
Learned,Learned Basis,6.868494
Learned,Learned Basis,5.910046
Learned,Learned Basis,6.2601385
Learned,Learned Basis,6.762695
Learned,Learned Basis,7.0580397
Learned,Learned Basis,5.803093
Learned,Learned Basis,5.027527
Learned,Learned Basis,4.4637575
Learned,Learned Basis,6.883101
Learned,Learned Basis,4.311677
Learned,Learned Basis,5.3313093
Learned,Learned Basis,4.547914
Learned,Learned Basis,4.0234823
Learned,Learned Basis,4.9919915
Learned,Learned Basis,5.53084
Learned,Learned Basis,4.483823
Learned,Learned Basis,5.370427
Learned,Learned Basis,4.531497
Learned,Learned Basis,5.590492
Learned,Learned Basis,6.408716
Learned,Learned Basis,5.8329196
Learned,Learned Basis,5.040589
Learned,Learned Basis,6.3630815
Learned,Learned Basis,6.438648
Learned,Learned Basis,6.197314
Learned,Learned Basis,6.27388
Learned,Learned Basis,5.237295
Learned,Learned Basis,6.275937
Learned,Learned Basis,6.759679
Learned,Learned Basis,4.913445
Learned,Learned Basis,5.1366024
Learned,Learned Basis,4.216015
Learned,Learned Basis,5.576363
Learned,Learned Basis,4.671851
Learned,Learned Basis,5.471694
Learned,Learned Basis,6.193628
Learned,Learned Basis,6.535521
Learned,Learned Basis,5.476351
Learned,Learned Basis,4.5288773
Learned,Learned Basis,5.359521
Learned,Learned Basis,4.626084
Learned,Learned Basis,6.4082522
Learned,Learned Basis,5.10266
Learned,Learned Basis,4.951985
Learned,Learned Basis,6.0916595
Learned,Learned Basis,4.7023926
Learned,Learned Basis,7.3850245
Learned,Learned Basis,5.9792967
Learned,Learned Basis,5.7762485
Learned,Learned Basis,5.056369
Learned,Learned Basis,5.0219994
Learned,Learned Basis,5.0509624
Learned,Learned Basis,5.6217904
Learned,Learned Basis,5.925889
Learned,Learned Basis,5.226098
Learned,Learned Basis,5.5469556
Learned,Learned Basis,4.768832
Learned,Learned Basis,7.9382443
Learned,Learned Basis,5.8993483
Learned,Learned Basis,5.1743393
Learned,Learned Basis,5.5856276
Learned,Learned Basis,5.9608893
Learned,Learned Basis,5.694831
Learned,Learned Basis,6.455138
Learned,Learned Basis,5.5059233
Learned,Learned Basis,6.8469477
Learned,Learned Basis,7.1855516
Learned,Learned Basis,5.0369644
Learned,Learned Basis,6.09294
Learned,Learned Basis,5.8928185
Learned,Learned Basis,5.3035684
Learned,Learned Basis,6.4789577
Learned,Learned Basis,5.2803183
Learned,Learned Basis,5.596001
Learned,Learned Basis,6.1530833
Learned,Learned Basis,5.6179934
Learned,Learned Basis,4.338573
Learned,Learned Basis,5.0838895
Learned,Learned Basis,5.4671283
Learned,Learned Basis,5.3099346
Learned,Learned Basis,5.2258153
Learned,Learned Basis,4.47101
Learned,Learned Basis,5.231475
Learned,Learned Basis,5.5002937
Learned,Learned Basis,5.763343
Learned,Learned Basis,5.1771927
Learned,Learned Basis,6.8824105
Learned,Learned Basis,5.1222076
Learned,Learned Basis,4.807468
Learned,Learned Basis,4.8982368
Learned,Learned Basis,5.290224
Learned,Learned Basis,5.5594926
Learned,Learned Basis,7.1010284
Learned,Learned Basis,5.7994633
Learned,Learned Basis,5.4200554
Learned,Learned Basis,6.050367
Learned,Learned Basis,4.1178503
Learned,Learned Basis,6.068043
Learned,Learned Basis,5.0536795
Learned,Learned Basis,5.387438
Learned,Learned Basis,4.1134305
Learned,Learned Basis,5.257869
Learned,Learned Basis,5.398524
Learned,Learned Basis,5.410843
Learned,Learned Basis,6.2097573
Learned,Learned Basis,6.8623405
Learned,Learned Basis,4.63739
Learned,Learned Basis,5.3691745
Learned,Learned Basis,4.8401623
Learned,Learned Basis,5.141582
Learned,Learned Basis,7.6499457
Learned,Learned Basis,4.926302
Learned,Learned Basis,4.7443204
Learned,Learned Basis,6.8258276
Learned,Learned Basis,4.536397
Learned,Learned Basis,6.66162
Learned,Learned Basis,5.899085
Learned,Learned Basis,6.3768463
Learned,Learned Basis,5.871229
Learned,Learned Basis,4.444262
Learned,Learned Basis,5.167175
Learned,Learned Basis,5.53663
Learned,Learned Basis,6.088391
Learned,Learned Basis,4.9927754
Learned,Learned Basis,6.016107
Learned,Learned Basis,5.677641
Learned,Learned Basis,5.7910514
Learned,Learned Basis,4.6247516
Learned,Learned Basis,6.022579
Learned,Learned Basis,6.2051826
Learned,Learned Basis,6.842002
Learned,Learned Basis,5.4168243
Learned,Learned Basis,6.87446
Learned,Learned Basis,4.6537123
Learned,Learned Basis,3.893583
Learned,Learned Basis,5.1012044
Learned,Learned Basis,6.9089837
Learned,Learned Basis,4.1366425
Learned,Learned Basis,4.6924415
Learned,Learned Basis,6.378931
Learned,Learned Basis,5.954993
Learned,Learned Basis,7.133885
Learned,Learned Basis,5.992632
Learned,Learned Basis,4.242861
Learned,Learned Basis,5.0181603
Learned,Learned Basis,5.612345
Learned,Learned Basis,5.718718
Learned,Learned Basis,5.0436563
Learned,Learned Basis,6.4691157
Learned,Learned Basis,4.885115
Learned,Learned Basis,5.6880674
Learned,Learned Basis,4.599373
Learned,Learned Basis,5.8381505
Learned,Learned Basis,6.2747803
Learned,Learned Basis,5.2522683
Learned,Learned Basis,6.2479014
Learned,Learned Basis,6.6487575
Learned,Learned Basis,6.2891173
Learned,Learned Basis,5.5169544
Learned,Learned Basis,7.6935744
Learned,Learned Basis,5.7852435
Learned,Learned Basis,6.481657
Learned,Learned Basis,6.3187766
Learned,Learned Basis,6.7976947
Learned,Learned Basis,5.662417
Learned,Learned Basis,5.930202
Learned,Learned Basis,5.831991
Learned,Learned Basis,6.7333074
Learned,Learned Basis,6.7264366
Learned,Learned Basis,5.006134
Learned,Learned Basis,5.484273
Learned,Learned Basis,6.1211543
Learned,Learned Basis,5.0248456
Learned,Learned Basis,6.117855
Learned,Learned Basis,5.840409
Learned,Learned Basis,5.5757256
Learned,Learned Basis,5.538578
Learned,Learned Basis,5.8386827
Learned,Learned Basis,5.1781173
Learned,Learned Basis,5.996478
Learned,Learned Basis,5.615001
Learned,Learned Basis,6.5473084
Learned,Learned Basis,4.0606575
Learned,Learned Basis,5.6714582
Learned,Learned Basis,4.957506
Learned,Learned Basis,5.958667
Learned,Learned Basis,6.185908
Learned,Learned Basis,5.188641
Learned,Learned Basis,5.7074313
Learned,Learned Basis,5.1644382
Learned,Learned Basis,4.980091
Learned,Learned Basis,5.118061
Learned,Learned Basis,5.9652686
Learned,Learned Basis,5.739154
Learned,Learned Basis,6.9983816
Learned,Learned Basis,5.2971296
Learned,Learned Basis,4.937143
Learned,Learned Basis,6.776743
Learned,Learned Basis,5.957992
Learned,Learned Basis,5.147932
Learned,Learned Basis,5.1073933
Learned,Learned Basis,4.251129
Learned,Learned Basis,4.2551255
Learned,Learned Basis,5.03278
Learned,Learned Basis,5.473244
Learned,Learned Basis,4.9279838
Learned,Learned Basis,5.159156
Learned,Learned Basis,6.455882
Learned,Learned Basis,5.0080543
Learned,Learned Basis,5.1223335
Learned,Learned Basis,6.2411327
Learned,Learned Basis,4.3823357
Learned,Learned Basis,6.8043942
Learned,Learned Basis,5.7595806
Learned,Learned Basis,4.7979836
Learned,Learned Basis,5.2841086
Learned,Learned Basis,5.9305344
Learned,Learned Basis,5.4463453
Learned,Learned Basis,4.8292036
Learned,Learned Basis,4.141964
Learned,Learned Basis,6.805904
Learned,Learned Basis,5.2876635
Learned,Learned Basis,5.622974
Learned,Learned Basis,4.908472
Learned,Learned Basis,6.7660494
Learned,Learned Basis,5.4901123
Learned,Learned Basis,8.008977
Learned,Learned Basis,3.9961972
Learned,Learned Basis,7.6115923
Learned,Learned Basis,5.99378
Learned,Learned Basis,5.3509946
Learned,Learned Basis,7.080231
Learned,Learned Basis,4.3663692
Learned,Learned Basis,4.587714
Learned,Learned Basis,5.785282
Learned,Learned Basis,5.396104
Learned,Learned Basis,5.5742784
Learned,Learned Basis,5.1800375
Learned,Learned Basis,4.3588805
Learned,Learned Basis,6.102268
Learned,Learned Basis,5.7309656
Learned,Learned Basis,7.0259814
Learned,Learned Basis,4.640828
Learned,Learned Basis,5.014579
Learned,Learned Basis,5.5470476
Learned,Learned Basis,4.9830146
Learned,Learned Basis,5.292564
Learned,Learned Basis,5.6096168
Learned,Learned Basis,8.100227
Learned,Learned Basis,5.2726502
Learned,Learned Basis,5.3548813
Learned,Learned Basis,5.471132
Learned,Learned Basis,6.17445
Learned,Learned Basis,5.518261
Learned,Learned Basis,6.656975
Learned,Learned Basis,5.24534
Learned,Learned Basis,5.4469137
Learned,Learned Basis,5.121481
Learned,Learned Basis,6.94573
Learned,Learned Basis,5.4706297
Learned,Learned Basis,7.630071
Learned,Learned Basis,5.845598
Learned,Learned Basis,5.1856575
Learned,Learned Basis,6.684428
Learned,Learned Basis,4.670405
Learned,Learned Basis,5.1467614
Learned,Learned Basis,6.4888554
Learned,Learned Basis,4.640608
Learned,Learned Basis,5.1034064
Learned,Learned Basis,4.9133286
Learned,Learned Basis,6.531777
Learned,Learned Basis,4.8981743
Learned,Learned Basis,4.8891683
Learned,Learned Basis,6.798287
Learned,Learned Basis,4.264384
Learned,Learned Basis,4.196879
Learned,Learned Basis,4.679781
Learned,Learned Basis,4.806661
Learned,Learned Basis,4.823063
Learned,Learned Basis,5.126606
Learned,Learned Basis,5.6050067
Learned,Learned Basis,4.5530024
Learned,Learned Basis,5.099919
Learned,Learned Basis,4.1534195
Learned,Learned Basis,5.7011967
Learned,Learned Basis,5.826681
Learned,Learned Basis,6.182225
Learned,Learned Basis,5.210564
Learned,Learned Basis,4.85343
Learned,Learned Basis,6.224918
Learned,Learned Basis,6.400015
Learned,Learned Basis,5.711462
Learned,Learned Basis,6.6515007
Learned,Learned Basis,5.2522035
Learned,Learned Basis,4.2228103
Learned,Learned Basis,6.2747474
Learned,Learned Basis,6.680544
Learned,Learned Basis,6.5065546
Learned,Learned Basis,4.41053
Learned,Learned Basis,5.0547357
Learned,Learned Basis,7.796416
Learned,Learned Basis,6.253808
Learned,Learned Basis,6.545059
Learned,Learned Basis,5.134294
Learned,Learned Basis,6.28254
Learned,Learned Basis,3.888111
Learned,Learned Basis,6.840864
Learned,Learned Basis,5.8511724
Learned,Learned Basis,5.692212
Learned,Learned Basis,4.4379163
Learned,Learned Basis,6.0981727
Learned,Learned Basis,5.575111
Learned,Learned Basis,7.048268
Learned,Learned Basis,6.336313
Learned,Learned Basis,5.0096493
Learned,Learned Basis,5.069212
Learned,Learned Basis,5.526925
Learned,Learned Basis,6.321229
Learned,Learned Basis,6.2893367
Learned,Learned Basis,5.762847
Learned,Learned Basis,5.493923
Learned,Learned Basis,4.5490294
Learned,Learned Basis,6.9247446
Learned,Learned Basis,5.108604
Learned,Learned Basis,4.690218
Learned,Learned Basis,4.6689906
Learned,Learned Basis,6.626582
Learned,Learned Basis,7.7262955
Learned,Learned Basis,5.5903025
Learned,Learned Basis,7.2664137
Learned,Learned Basis,6.6921735
Learned,Learned Basis,5.559866
Learned,Learned Basis,5.738616
Learned,Learned Basis,7.490647
Learned,Learned Basis,5.2650886
Learned,Learned Basis,5.143915
Learned,Learned Basis,6.8510656
Learned,Learned Basis,5.098173
Learned,Learned Basis,6.926673
Learned,Learned Basis,4.121387
Learned,Learned Basis,5.834894
Learned,Learned Basis,5.1768994
Learned,Learned Basis,4.8618817
Learned,Learned Basis,4.8795137
Learned,Learned Basis,5.3773284
Learned,Learned Basis,5.2981806
Learned,Learned Basis,4.294284
Learned,Learned Basis,6.6733027
Learned,Learned Basis,4.148005
Learned,Learned Basis,6.0513406
Learned,Learned Basis,4.493682
Learned,Learned Basis,4.170963
Learned,Learned Basis,4.4368234
Learned,Learned Basis,5.576284
Learned,Learned Basis,6.2051773
Learned,Learned Basis,4.79172
Learned,Learned Basis,6.2448397
Learned,Learned Basis,4.8519006
Learned,Learned Basis,5.29203
Learned,Learned Basis,4.8681374
Learned,Learned Basis,6.007623
Learned,Learned Basis,5.026014
Learned,Learned Basis,4.870873
Learned,Learned Basis,6.262781
Learned,Learned Basis,5.730417
Learned,Learned Basis,4.85199
Learned,Learned Basis,6.1655636
Learned,Learned Basis,4.907775
Learned,Learned Basis,6.403472
Learned,Learned Basis,5.6945634
Learned,Learned Basis,6.721771
Learned,Learned Basis,5.90578
Learned,Learned Basis,5.781638
Learned,Learned Basis,7.225953
Learned,Learned Basis,5.8975124
Learned,Learned Basis,6.7555847
Learned,Learned Basis,4.7408147
Learned,Learned Basis,5.09902
Learned,Learned Basis,4.938368
Learned,Learned Basis,5.1996665
Learned,Learned Basis,6.8081436
Learned,Learned Basis,5.6959114
Learned,Learned Basis,5.376337
Learned,Learned Basis,5.3390145
Learned,Learned Basis,5.1731963
Learned,Learned Basis,5.9723763
Learned,Learned Basis,5.647374
Learned,Learned Basis,6.0430045
Learned,Learned Basis,7.3142858
Learned,Learned Basis,5.8297462
Learned,Learned Basis,6.7443113
Learned,Learned Basis,6.1743927
Learned,Learned Basis,7.216737
Learned,Learned Basis,4.1221514
Learned,Learned Basis,7.34961
Learned,Learned Basis,6.60355
Learned,Learned Basis,4.5179915
Learned,Learned Basis,6.221114
Learned,Learned Basis,4.488324
Learned,Learned Basis,6.102872
Learned,Learned Basis,6.3200383
Learned,Learned Basis,6.096726
Learned,Learned Basis,5.6823387
Learned,Learned Basis,4.292044
Learned,Learned Basis,6.0574408
Learned,Learned Basis,6.933156
Learned,Learned Basis,4.6625576
Learned,Learned Basis,6.1557417
Learned,Learned Basis,5.960413
Learned,Learned Basis,6.599427
Learned,Learned Basis,5.2586985
Learned,Learned Basis,6.631894
Learned,Learned Basis,6.916339
Learned,Learned Basis,5.142712
Learned,Learned Basis,6.4544654
Learned,Learned Basis,6.4808865
Learned,Learned Basis,7.7453523
Learned,Learned Basis,7.362481
Learned,Learned Basis,4.602254
Learned,Learned Basis,4.8141346
Learned,Learned Basis,5.772682
Learned,Learned Basis,5.5474997
Learned,Learned Basis,6.220906
Learned,Learned Basis,6.1080527
Learned,Learned Basis,5.3772902
Learned,Learned Basis,6.424945
Learned,Learned Basis,6.5370626
Learned,Learned Basis,6.923537
Learned,Learned Basis,5.612545
Learned,Learned Basis,7.0785804
Learned,Learned Basis,7.008521
Learned,Learned Basis,4.5776863
Learned,Learned Basis,5.74848
Learned,Learned Basis,5.6841784
Learned,Learned Basis,5.3394947
Learned,Learned Basis,5.3969073
Learned,Learned Basis,6.6827636
Learned,Learned Basis,4.9655333
Learned,Learned Basis,4.4586763
Learned,Learned Basis,5.337732
Learned,Learned Basis,6.7312775
Learned,Learned Basis,7.0309315
Learned,Learned Basis,6.30772
Learned,Learned Basis,6.131146
Learned,Learned Basis,5.5207276
Learned,Learned Basis,5.611039
Learned,Learned Basis,4.77347
Learned,Learned Basis,5.5104866
Learned,Learned Basis,4.585926
Learned,Learned Basis,5.093384
Learned,Learned Basis,5.1925354
Learned,Learned Basis,5.3357496
Learned,Learned Basis,5.4654217
Learned,Learned Basis,6.470994
Learned,Learned Basis,5.2293706
Learned,Learned Basis,5.3781357
Learned,Learned Basis,4.747657
Learned,Learned Basis,5.177412
Learned,Learned Basis,6.241985
Learned,Learned Basis,7.043496
Learned,Learned Basis,5.8082194
Learned,Learned Basis,5.5307
Learned,Learned Basis,6.0016804
Learned,Learned Basis,3.838041
Learned,Learned Basis,5.6092243
Learned,Learned Basis,4.679581
Learned,Learned Basis,6.916641
Learned,Learned Basis,4.81324
Learned,Learned Basis,4.7266626
Learned,Learned Basis,6.5176277
Learned,Learned Basis,4.3351073
Learned,Learned Basis,7.2329655
Learned,Learned Basis,5.7515736
Learned,Learned Basis,6.6700726
Learned,Learned Basis,5.354761
Learned,Learned Basis,6.6618466
Learned,Learned Basis,4.94264
Learned,Learned Basis,5.6778855
Learned,Learned Basis,5.9921927
Learned,Learned Basis,4.3952627
Learned,Learned Basis,4.918173
Learned,Learned Basis,6.467617
Learned,Learned Basis,5.882583
Learned,Learned Basis,5.347533
Learned,Learned Basis,7.1197376
Learned,Learned Basis,4.6644835
Learned,Learned Basis,5.910634
Learned,Learned Basis,4.8417683
Learned,Learned Basis,5.0253243
Learned,Learned Basis,6.2631726
Learned,Learned Basis,5.0844293
Learned,Learned Basis,4.874441
Learned,Learned Basis,5.04659
Learned,Learned Basis,7.6213098
Learned,Learned Basis,5.3066607
Learned,Learned Basis,6.3610597
Learned,Learned Basis,5.3227224
Learned,Learned Basis,5.2806835
Learned,Learned Basis,4.81842
Learned,Learned Basis,4.309847
Learned,Learned Basis,4.6440277
Learned,Learned Basis,5.9938936
Learned,Learned Basis,6.777005
Learned,Learned Basis,5.1761107
Learned,Learned Basis,4.799341
Learned,Learned Basis,5.951559
Learned,Learned Basis,5.6036544
Learned,Learned Basis,5.7452826
Learned,Learned Basis,4.2545614
Learned,Learned Basis,3.9175148
Learned,Learned Basis,6.520965
Learned,Learned Basis,4.6536317
Learned,Learned Basis,4.2977934
Learned,Learned Basis,7.2866526
Learned,Learned Basis,5.481789
Learned,Learned Basis,5.0111814
Learned,Learned Basis,5.675562
Learned,Learned Basis,5.889013
Learned,Learned Basis,4.772058
Learned,Learned Basis,6.22733
Learned,Learned Basis,6.811319
Learned,Learned Basis,3.6911526
Learned,Learned Basis,6.222179
Learned,Learned Basis,5.6465907
Learned,Learned Basis,5.41889
Learned,Learned Basis,6.061237
Learned,Learned Basis,5.194022
Learned,Learned Basis,8.61868
Learned,Learned Basis,5.843783
Learned,Learned Basis,4.7107925
Learned,Learned Basis,7.855966
Learned,Learned Basis,5.8810654
Learned,Learned Basis,6.88874
Learned,Learned Basis,5.670712
Learned,Learned Basis,5.2811313
Learned,Learned Basis,4.789262
Learned,Learned Basis,5.0982122
Learned,Learned Basis,5.571794
Learned,Learned Basis,4.801549
Learned,Learned Basis,5.2223115
Learned,Learned Basis,4.8040047
Learned,Learned Basis,7.2949796
Learned,Learned Basis,5.1538396
Learned,Learned Basis,4.825219
Learned,Learned Basis,4.5122557
Learned,Learned Basis,6.275073
Learned,Learned Basis,5.157399
Learned,Learned Basis,4.4458075
Learned,Learned Basis,6.5786834
Learned,Learned Basis,5.3955326
Learned,Learned Basis,6.6591496
Learned,Learned Basis,6.337767
Learned,Learned Basis,5.104041
Learned,Learned Basis,5.41462
Learned,Learned Basis,5.1941085
Learned,Learned Basis,5.7380557
Learned,Learned Basis,5.50888
Learned,Learned Basis,5.068171
Learned,Learned Basis,6.2807074
Learned,Learned Basis,6.8734694
Learned,Learned Basis,5.5978923
Learned,Learned Basis,5.9390664
Learned,Learned Basis,5.4376497
Learned,Learned Basis,4.5707374
Learned,Learned Basis,6.7955246
Learned,Learned Basis,5.234118
Learned,Learned Basis,6.813551
Learned,Learned Basis,6.089785
Learned,Learned Basis,5.6031914
Learned,Learned Basis,6.1311684
Learned,Learned Basis,6.095877
Learned,Learned Basis,5.4461117
Learned,Learned Basis,4.9697895
Learned,Learned Basis,6.4778924
Learned,Learned Basis,5.100485
Learned,Learned Basis,5.17418
Learned,Learned Basis,5.8499928
Learned,Learned Basis,4.967913
Learned,Learned Basis,4.905855
Learned,Learned Basis,5.804535
Learned,Learned Basis,5.6594367
Learned,Learned Basis,5.8121624
Learned,Learned Basis,4.6682644
Learned,Learned Basis,5.1328235
Learned,Learned Basis,5.2234597
Learned,Learned Basis,5.484891
Learned,Learned Basis,6.1122065
Learned,Learned Basis,5.1668653
Learned,Learned Basis,4.378916
Learned,Learned Basis,6.1470866
Learned,Learned Basis,5.66632
Learned,Learned Basis,6.53754
Learned,Learned Basis,4.4651365
Learned,Learned Basis,6.067366
Learned,Learned Basis,5.5025334
Learned,Learned Basis,4.839085
Learned,Learned Basis,6.851783
Learned,Learned Basis,5.3974967
Learned,Learned Basis,6.338546
Learned,Learned Basis,5.787933
Learned,Learned Basis,5.701335
Learned,Learned Basis,5.6123695
Learned,Learned Basis,5.249274
Learned,Learned Basis,4.799286
Learned,Learned Basis,5.64645
Learned,Learned Basis,4.542096
Learned,Learned Basis,4.5143647
Learned,Learned Basis,6.5669394
Learned,Learned Basis,6.485403
Learned,Learned Basis,5.085523
Learned,Learned Basis,5.111844
Learned,Learned Basis,3.9985263
Learned,Learned Basis,5.8022766
Learned,Learned Basis,5.99185
Learned,Learned Basis,4.997501
Learned,Learned Basis,5.2676654
Learned,Learned Basis,5.316375
Learned,Learned Basis,7.240517
Learned,Learned Basis,5.163844
Learned,Learned Basis,4.627842
Learned,Learned Basis,5.4662795
Learned,Learned Basis,5.635566
Learned,Learned Basis,6.4253383
Learned,Learned Basis,5.6488395
Learned,Learned Basis,6.6619053
Learned,Learned Basis,5.7190847
Learned,Learned Basis,6.810213
Learned,Learned Basis,5.348219
Learned,Learned Basis,5.1816874
Learned,Learned Basis,4.375395
Learned,Learned Basis,4.2597384
Learned,Learned Basis,5.7725377
Learned,Learned Basis,6.0587306
Learned,Learned Basis,5.7429943
Learned,Learned Basis,5.169511
Learned,Learned Basis,4.5821385
Learned,Learned Basis,5.484495
Learned,Learned Basis,5.7628894
Learned,Learned Basis,5.4510937
Learned,Learned Basis,5.8043365
Learned,Learned Basis,4.9779935
Learned,Learned Basis,6.6485996
Learned,Learned Basis,6.539977
Learned,Learned Basis,7.172785
Learned,Learned Basis,5.6422114
Learned,Learned Basis,5.9111314
Learned,Learned Basis,8.412725
Learned,Learned Basis,5.8791094
Learned,Learned Basis,7.970813
Learned,Learned Basis,5.73565
Learned,Learned Basis,5.6753683
Learned,Learned Basis,6.4261107
Learned,Learned Basis,6.930228
Learned,Learned Basis,6.170566
Learned,Learned Basis,5.316587
Learned,Learned Basis,5.1818333
Learned,Learned Basis,5.9001822
Learned,Learned Basis,6.2222137
Learned,Learned Basis,6.979188
Learned,Learned Basis,5.599783
Learned,Learned Basis,6.0846806
Learned,Learned Basis,5.580375
Learned,Learned Basis,5.2203207
Learned,Learned Basis,3.359084
Learned,Learned Basis,6.080572
Learned,Learned Basis,6.0018897
Learned,Learned Basis,4.236472
Learned,Learned Basis,6.4666624
Learned,Learned Basis,5.7052717
Learned,Learned Basis,5.4615726
Learned,Learned Basis,5.389927
Learned,Learned Basis,5.3985023
Learned,Learned Basis,6.7098246
Learned,Learned Basis,4.9947343
Learned,Learned Basis,5.534175
Learned,Learned Basis,5.0698256
Learned,Learned Basis,5.8905163
Learned,Learned Basis,5.783822
Learned,Learned Basis,4.7191744
Learned,Learned Basis,7.233465
Learned,Learned Basis,5.355654
Learned,Learned Basis,4.7742934
Learned,Learned Basis,6.2096186
Learned,Learned Basis,5.1891594
Learned,Learned Basis,4.401307
Learned,Learned Basis,6.2185802
Learned,Learned Basis,4.8879805
Learned,Learned Basis,5.598602
Learned,Learned Basis,5.527337
Learned,Learned Basis,5.6043415
Learned,Learned Basis,5.2752495
Learned,Learned Basis,5.203628
Learned,Learned Basis,5.653081
Learned,Learned Basis,5.846405
Learned,Learned Basis,5.999733
Learned,Learned Basis,5.270199
Learned,Learned Basis,6.247512
Learned,Learned Basis,6.2657194
Learned,Learned Basis,4.764703
Learned,Learned Basis,5.087561
Learned,Learned Basis,5.758576
Learned,Learned Basis,4.3198767
Learned,Learned Basis,5.4644127
Learned,Learned Basis,5.7903905
Learned,Learned Basis,3.9721637
Learned,Learned Basis,5.3149176
Learned,Learned Basis,6.4922857
Learned,Learned Basis,5.7748847
Learned,Learned Basis,4.866496
Learned,Learned Basis,6.325845
Learned,Learned Basis,5.679207
Learned,Learned Basis,6.0037823
Learned,Learned Basis,5.4160547
Learned,Learned Basis,6.1073565
Learned,Learned Basis,5.725494
Learned,Learned Basis,4.431317
Learned,Learned Basis,5.455759
Learned,Learned Basis,3.8423052
Learned,Learned Basis,5.3436003
Learned,Learned Basis,6.192895
Learned,Learned Basis,4.5236993
Learned,Learned Basis,5.505334
Learned,Learned Basis,6.412062
Learned,Learned Basis,4.4466443
Learned,Learned Basis,4.6073184
Learned,Learned Basis,6.29117
Learned,Learned Basis,5.229006
Learned,Learned Basis,6.3757124
Learned,Learned Basis,5.032345
Learned,Learned Basis,4.568268
Learned,Learned Basis,4.3631115
Learned,Learned Basis,6.0154886
Learned,Learned Basis,5.5042524
Learned,Learned Basis,6.917662
Learned,Learned Basis,4.9320545
Learned,Learned Basis,6.7837877
Learned,Learned Basis,4.958081
Learned,Learned Basis,4.668224
Learned,Learned Basis,5.8000326
Learned,Learned Basis,6.792688
Learned,Learned Basis,6.98348
Learned,Learned Basis,4.6428084
Learned,Learned Basis,5.81264
Learned,Learned Basis,6.1874795
Learned,Learned Basis,5.8603277
Learned,Learned Basis,5.41753
Learned,Learned Basis,6.271289
Learned,Learned Basis,4.944565
Learned,Learned Basis,6.154384
Learned,Learned Basis,5.93888
Learned,Learned Basis,4.6652813
Learned,Learned Basis,5.362558
Learned,Learned Basis,5.1886683
Learned,Learned Basis,6.3553343
Learned,Learned Basis,4.782214
Learned,Learned Basis,4.4274096
Learned,Learned Basis,4.2987165
Learned,Learned Basis,6.446633
Learned,Learned Basis,6.601309
Learned,Learned Basis,4.596661
Learned,Learned Basis,4.490669
Learned,Learned Basis,5.7921033
Learned,Learned Basis,5.3385587
Learned,Learned Basis,5.824172
Learned,Learned Basis,6.5791807
Learned,Learned Basis,6.007619
Learned,Learned Basis,5.912689
Learned,Learned Basis,6.0272193
Learned,Learned Basis,5.3714123
Learned,Learned Basis,5.404891
Learned,Learned Basis,5.3593683
Learned,Learned Basis,5.7951803
Learned,Learned Basis,6.431715
Learned,Learned Basis,5.8129354
Learned,Learned Basis,7.066596
Learned,Learned Basis,5.289598
Learned,Learned Basis,5.706472
Learned,Learned Basis,7.070998
Learned,Learned Basis,5.2289577
Learned,Learned Basis,6.473243
Learned,Learned Basis,5.1673026
Learned,Learned Basis,6.4563217
Learned,Learned Basis,6.4203978
Learned,Learned Basis,4.702647
Learned,Learned Basis,4.4961114
Learned,Learned Basis,5.216741
Learned,Learned Basis,6.433255
Learned,Learned Basis,4.8789034
Learned,Learned Basis,5.865286
Learned,Learned Basis,5.3539486
Learned,Learned Basis,5.4845595
Learned,Learned Basis,6.0523853
Learned,Learned Basis,6.154106
Learned,Learned Basis,5.452961
Learned,Learned Basis,5.714985
Learned,Learned Basis,5.3837113
Learned,Learned Basis,6.716176
Learned,Learned Basis,5.1115794
Learned,Learned Basis,5.876367
Learned,Learned Basis,4.337157
Learned,Learned Basis,5.4941406
Learned,Learned Basis,5.9920506
Learned,Learned Basis,6.168072
Learned,Learned Basis,5.734429
Learned,Learned Basis,6.45105
Learned,Learned Basis,6.7799273
Learned,Learned Basis,5.744986
Learned,Learned Basis,6.001459
Learned,Learned Basis,5.2989483
Learned,Learned Basis,5.1972
Learned,Learned Basis,4.650919
Learned,Learned Basis,7.9575257
Learned,Learned Basis,4.540283
Learned,Learned Basis,5.137292
Learned,Learned Basis,6.970708
Learned,Learned Basis,6.5039244
Learned,Learned Basis,6.0007787
Learned,Learned Basis,5.624448
Learned,Learned Basis,5.9586663
Learned,Learned Basis,5.258307
Learned,Learned Basis,5.41113
Learned,Learned Basis,4.0477033
Learned,Learned Basis,5.8181906
Learned,Learned Basis,5.3787203
Learned,Learned Basis,5.617699
Learned,Learned Basis,5.853405
Learned,Learned Basis,4.578646
Learned,Learned Basis,5.577102
Learned,Learned Basis,5.085411
Learned,Learned Basis,5.295413
Learned,Learned Basis,4.947773
Learned,Learned Basis,4.6990166
Learned,Learned Basis,4.8817997
Learned,Learned Basis,4.9120183
Learned,Learned Basis,5.3218822
Learned,Learned Basis,6.0976257
Learned,Learned Basis,6.4651585
Learned,Learned Basis,4.156853
Learned,Learned Basis,4.485563
Learned,Learned Basis,5.0371747
Learned,Learned Basis,6.8282804
Learned,Learned Basis,5.8870482
Learned,Learned Basis,4.840497
Learned,Learned Basis,6.391311
Learned,Learned Basis,6.26536
Learned,Learned Basis,4.7533946
Learned,Learned Basis,4.7379494
Learned,Learned Basis,4.8968687
Learned,Learned Basis,4.3365088
Learned,Learned Basis,7.50175
Learned,Learned Basis,6.803589
Learned,Learned Basis,4.9535007
Learned,Learned Basis,5.6489253
Learned,Learned Basis,6.0484314
Learned,Learned Basis,4.7011924
Learned,Learned Basis,4.666952
Learned,Learned Basis,5.6059656
Learned,Learned Basis,4.8967533
Learned,Learned Basis,5.8264785
Learned,Learned Basis,4.4238214
Learned,Learned Basis,5.4976234
Learned,Learned Basis,5.4012365
Learned,Learned Basis,6.619049
Learned,Learned Basis,5.8152018
Learned,Learned Basis,5.8664236
Learned,Learned Basis,4.8351626
Learned,Learned Basis,3.9818053
Learned,Learned Basis,5.9112673
Learned,Learned Basis,6.0268073
Learned,Learned Basis,5.5722256
Learned,Learned Basis,5.1185513
Learned,Learned Basis,5.1754274
Learned,Learned Basis,5.9206824
Learned,Learned Basis,5.7659907
Learned,Learned Basis,6.2411904
Learned,Learned Basis,5.122909
Learned,Learned Basis,7.0625267
Learned,Learned Basis,6.2146
Learned,Learned Basis,7.174905
Learned,Learned Basis,4.094404
Learned,Learned Basis,4.9281836
Learned,Learned Basis,4.953463
Learned,Learned Basis,5.5095215
Learned,Learned Basis,5.180278
Learned,Learned Basis,4.4106894
Learned,Learned Basis,4.470945
Learned,Learned Basis,4.364747
Learned,Learned Basis,4.131338
Learned,Learned Basis,7.087552
Learned,Learned Basis,5.5209284
Learned,Learned Basis,6.024384
Learned,Learned Basis,5.512882
Learned,Learned Basis,5.5408096
Learned,Learned Basis,6.493247
Learned,Learned Basis,7.4238515
Learned,Learned Basis,5.4122114
Learned,Learned Basis,5.716514
Learned,Learned Basis,4.74924
Learned,Learned Basis,5.5815167
Learned,Learned Basis,6.481747
Learned,Learned Basis,4.3137302
Learned,Learned Basis,6.924651
Learned,Learned Basis,5.4851336
Learned,Learned Basis,5.606713
Learned,Learned Basis,5.379112
Learned,Learned Basis,5.24835
Learned,Learned Basis,4.970224
Learned,Learned Basis,5.582843
Learned,Learned Basis,4.318956
Learned,Learned Basis,4.2591705
Learned,Learned Basis,4.662522
Learned,Learned Basis,4.552584
Learned,Learned Basis,5.526197
Learned,Learned Basis,6.8460503
Learned,Learned Basis,6.476584
Learned,Learned Basis,4.687745
Learned,Learned Basis,5.426304
Learned,Learned Basis,4.309019
Learned,Learned Basis,4.593253
Learned,Learned Basis,5.389426
Learned,Learned Basis,5.903647
Learned,Learned Basis,5.9157777
Learned,Learned Basis,5.904972
Learned,Learned Basis,7.2622843
Learned,Learned Basis,6.0247107
Learned,Learned Basis,4.195598
Learned,Learned Basis,6.665788
Learned,Learned Basis,5.8584123
Learned,Learned Basis,5.5831795
Learned,Learned Basis,6.8241043
Learned,Learned Basis,5.3184996
OFDM,Classical OFDM,6.035638
OFDM,Classical OFDM,6.8411026
OFDM,Classical OFDM,4.245171
OFDM,Classical OFDM,6.9157624
OFDM,Classical OFDM,6.1631722
OFDM,Classical OFDM,7.1919684
OFDM,Classical OFDM,6.634872
OFDM,Classical OFDM,7.6142006
OFDM,Classical OFDM,6.4489403
OFDM,Classical OFDM,8.083337
OFDM,Classical OFDM,7.043585
OFDM,Classical OFDM,8.462689
OFDM,Classical OFDM,7.4019947
OFDM,Classical OFDM,5.5978274
OFDM,Classical OFDM,8.276773
OFDM,Classical OFDM,5.899034
OFDM,Classical OFDM,7.068314
OFDM,Classical OFDM,9.251956
OFDM,Classical OFDM,6.735176
OFDM,Classical OFDM,7.064047
OFDM,Classical OFDM,7.562725
OFDM,Classical OFDM,5.6970434
OFDM,Classical OFDM,6.4416113
OFDM,Classical OFDM,7.605625
OFDM,Classical OFDM,6.1225657
OFDM,Classical OFDM,5.5457134
OFDM,Classical OFDM,5.9501367
OFDM,Classical OFDM,5.4482408
OFDM,Classical OFDM,5.99129
OFDM,Classical OFDM,5.7748795
OFDM,Classical OFDM,8.746193
OFDM,Classical OFDM,7.2391677
OFDM,Classical OFDM,5.0955744
OFDM,Classical OFDM,6.7354927
OFDM,Classical OFDM,6.3270416
OFDM,Classical OFDM,7.3909407
OFDM,Classical OFDM,6.7439785
OFDM,Classical OFDM,5.9295363
OFDM,Classical OFDM,6.7367687
OFDM,Classical OFDM,8.271353
OFDM,Classical OFDM,6.480326
OFDM,Classical OFDM,8.525151
OFDM,Classical OFDM,7.4399767
OFDM,Classical OFDM,6.429195
OFDM,Classical OFDM,7.667119
OFDM,Classical OFDM,7.3796425
OFDM,Classical OFDM,7.0535593
OFDM,Classical OFDM,5.222687
OFDM,Classical OFDM,6.605382
OFDM,Classical OFDM,6.446779
OFDM,Classical OFDM,6.39501
OFDM,Classical OFDM,6.1086993
OFDM,Classical OFDM,8.144381
OFDM,Classical OFDM,5.096057
OFDM,Classical OFDM,8.459318
OFDM,Classical OFDM,6.633573
OFDM,Classical OFDM,7.875607
OFDM,Classical OFDM,5.8923264
OFDM,Classical OFDM,6.991381
OFDM,Classical OFDM,6.3837295
OFDM,Classical OFDM,6.177631
OFDM,Classical OFDM,8.463116
OFDM,Classical OFDM,7.040155
OFDM,Classical OFDM,6.1623425
OFDM,Classical OFDM,7.737382
OFDM,Classical OFDM,5.7407284
OFDM,Classical OFDM,4.993649
OFDM,Classical OFDM,7.829674
OFDM,Classical OFDM,7.5862627
OFDM,Classical OFDM,6.7823796
OFDM,Classical OFDM,4.9557815
OFDM,Classical OFDM,6.521839
OFDM,Classical OFDM,6.9633656
OFDM,Classical OFDM,7.0485544
OFDM,Classical OFDM,6.4684105
OFDM,Classical OFDM,6.046241
OFDM,Classical OFDM,6.8017154
OFDM,Classical OFDM,6.422043
OFDM,Classical OFDM,5.14731
OFDM,Classical OFDM,7.175645
OFDM,Classical OFDM,7.636774
OFDM,Classical OFDM,6.5583754
OFDM,Classical OFDM,6.6835613
OFDM,Classical OFDM,4.781958
OFDM,Classical OFDM,6.4433413
OFDM,Classical OFDM,7.248067
OFDM,Classical OFDM,5.9750767
OFDM,Classical OFDM,7.8816595
OFDM,Classical OFDM,5.713921
OFDM,Classical OFDM,6.871441
OFDM,Classical OFDM,5.43447
OFDM,Classical OFDM,5.766796
OFDM,Classical OFDM,5.4284945
OFDM,Classical OFDM,5.8677416
OFDM,Classical OFDM,8.647843
OFDM,Classical OFDM,6.5753202
OFDM,Classical OFDM,5.747244
OFDM,Classical OFDM,8.250829
OFDM,Classical OFDM,5.7981415
OFDM,Classical OFDM,6.361823
OFDM,Classical OFDM,6.3238897
OFDM,Classical OFDM,5.7219973
OFDM,Classical OFDM,7.877588
OFDM,Classical OFDM,7.2588987
OFDM,Classical OFDM,7.3502917
OFDM,Classical OFDM,7.9366245
OFDM,Classical OFDM,7.000635
OFDM,Classical OFDM,7.7159195
OFDM,Classical OFDM,6.351141
OFDM,Classical OFDM,5.8016443
OFDM,Classical OFDM,5.360112
OFDM,Classical OFDM,6.3603477
OFDM,Classical OFDM,6.1687546
OFDM,Classical OFDM,6.9777064
OFDM,Classical OFDM,6.4686303
OFDM,Classical OFDM,8.016518
OFDM,Classical OFDM,7.8700953
OFDM,Classical OFDM,6.071644
OFDM,Classical OFDM,6.989705
OFDM,Classical OFDM,8.564956
OFDM,Classical OFDM,6.4321957
OFDM,Classical OFDM,7.9905033
OFDM,Classical OFDM,7.020652
OFDM,Classical OFDM,9.138283
OFDM,Classical OFDM,5.482018
OFDM,Classical OFDM,5.419379
OFDM,Classical OFDM,7.3458858
OFDM,Classical OFDM,5.67597
OFDM,Classical OFDM,7.736568
OFDM,Classical OFDM,7.797484
OFDM,Classical OFDM,7.201795
OFDM,Classical OFDM,5.9574766
OFDM,Classical OFDM,6.990485
OFDM,Classical OFDM,6.65833
OFDM,Classical OFDM,8.839117
OFDM,Classical OFDM,6.9415245
OFDM,Classical OFDM,6.4403396
OFDM,Classical OFDM,6.07078
OFDM,Classical OFDM,6.216157
OFDM,Classical OFDM,8.9626045
OFDM,Classical OFDM,6.991429
OFDM,Classical OFDM,6.286747
OFDM,Classical OFDM,6.084157
OFDM,Classical OFDM,6.8986554
OFDM,Classical OFDM,7.2926702
OFDM,Classical OFDM,5.692808
OFDM,Classical OFDM,7.5426903
OFDM,Classical OFDM,6.4949274
OFDM,Classical OFDM,6.0248184
OFDM,Classical OFDM,6.675745
OFDM,Classical OFDM,6.897951
OFDM,Classical OFDM,5.7180953
OFDM,Classical OFDM,7.1363726
OFDM,Classical OFDM,10.606054
OFDM,Classical OFDM,8.530343
OFDM,Classical OFDM,5.607566
OFDM,Classical OFDM,8.724489
OFDM,Classical OFDM,6.984659
OFDM,Classical OFDM,7.1355653
OFDM,Classical OFDM,6.109596
OFDM,Classical OFDM,7.516913
OFDM,Classical OFDM,6.10702
OFDM,Classical OFDM,5.302697
OFDM,Classical OFDM,7.597351
OFDM,Classical OFDM,5.6091204
OFDM,Classical OFDM,6.057429
OFDM,Classical OFDM,7.323928
OFDM,Classical OFDM,8.17693
OFDM,Classical OFDM,5.574012
OFDM,Classical OFDM,7.930582
OFDM,Classical OFDM,6.976695
OFDM,Classical OFDM,7.6836643
OFDM,Classical OFDM,5.727219
OFDM,Classical OFDM,5.160592
OFDM,Classical OFDM,6.851817
OFDM,Classical OFDM,8.582205
OFDM,Classical OFDM,7.2331734
OFDM,Classical OFDM,6.8972406
OFDM,Classical OFDM,5.706113
OFDM,Classical OFDM,8.034657
OFDM,Classical OFDM,5.9020033
OFDM,Classical OFDM,5.7885036
OFDM,Classical OFDM,5.9960485
OFDM,Classical OFDM,5.681285
OFDM,Classical OFDM,6.389795
OFDM,Classical OFDM,6.0220203
OFDM,Classical OFDM,6.0333056
OFDM,Classical OFDM,5.627756
OFDM,Classical OFDM,6.9047213
OFDM,Classical OFDM,7.4478874
OFDM,Classical OFDM,6.351688
OFDM,Classical OFDM,6.2605906
OFDM,Classical OFDM,7.046567
OFDM,Classical OFDM,6.5110826
OFDM,Classical OFDM,5.998349
OFDM,Classical OFDM,5.26882
OFDM,Classical OFDM,5.7309346
OFDM,Classical OFDM,5.4483995
OFDM,Classical OFDM,7.6754622
OFDM,Classical OFDM,5.6349397
OFDM,Classical OFDM,6.495335
OFDM,Classical OFDM,7.3166723
OFDM,Classical OFDM,5.3779783
OFDM,Classical OFDM,5.8359327
OFDM,Classical OFDM,4.822446
OFDM,Classical OFDM,6.4719224
OFDM,Classical OFDM,6.9895453
OFDM,Classical OFDM,6.008314
OFDM,Classical OFDM,7.607362
OFDM,Classical OFDM,8.68049
OFDM,Classical OFDM,5.837314
OFDM,Classical OFDM,5.7863283
OFDM,Classical OFDM,6.292901
OFDM,Classical OFDM,5.803381
OFDM,Classical OFDM,6.9178267
OFDM,Classical OFDM,6.3223495
OFDM,Classical OFDM,7.0508757
OFDM,Classical OFDM,6.3306694
OFDM,Classical OFDM,6.72316
OFDM,Classical OFDM,6.9563203
OFDM,Classical OFDM,6.847615
OFDM,Classical OFDM,5.5152297
OFDM,Classical OFDM,6.938345
OFDM,Classical OFDM,5.610337
OFDM,Classical OFDM,6.349898
OFDM,Classical OFDM,5.993973
OFDM,Classical OFDM,6.737751
OFDM,Classical OFDM,5.8589697
OFDM,Classical OFDM,6.7626295
OFDM,Classical OFDM,6.7256575
OFDM,Classical OFDM,7.4186373
OFDM,Classical OFDM,6.847638
OFDM,Classical OFDM,7.5489306
OFDM,Classical OFDM,6.4002447
OFDM,Classical OFDM,7.070239
OFDM,Classical OFDM,5.8791666
OFDM,Classical OFDM,7.322822
OFDM,Classical OFDM,8.486399
OFDM,Classical OFDM,6.106719
OFDM,Classical OFDM,6.998595
OFDM,Classical OFDM,5.598736
OFDM,Classical OFDM,6.836234
OFDM,Classical OFDM,7.970243
OFDM,Classical OFDM,6.053442
OFDM,Classical OFDM,7.571096
OFDM,Classical OFDM,6.950899
OFDM,Classical OFDM,5.867269
OFDM,Classical OFDM,6.525013
OFDM,Classical OFDM,6.0251803
OFDM,Classical OFDM,5.6540585
OFDM,Classical OFDM,5.601001
OFDM,Classical OFDM,6.464668
OFDM,Classical OFDM,5.7264156
OFDM,Classical OFDM,6.3512444
OFDM,Classical OFDM,7.403836
OFDM,Classical OFDM,8.372403
OFDM,Classical OFDM,5.9492426
OFDM,Classical OFDM,6.559398
OFDM,Classical OFDM,6.786559
OFDM,Classical OFDM,8.645553
OFDM,Classical OFDM,9.350787
OFDM,Classical OFDM,6.197936
OFDM,Classical OFDM,6.485834
OFDM,Classical OFDM,5.604031
OFDM,Classical OFDM,4.9771366
OFDM,Classical OFDM,6.9170933
OFDM,Classical OFDM,4.3990293
OFDM,Classical OFDM,7.905076
OFDM,Classical OFDM,5.892033
OFDM,Classical OFDM,7.120598
OFDM,Classical OFDM,5.082524
OFDM,Classical OFDM,5.6074514
OFDM,Classical OFDM,6.5454583
OFDM,Classical OFDM,5.8653636
OFDM,Classical OFDM,5.744972
OFDM,Classical OFDM,5.027705
OFDM,Classical OFDM,6.7807107
OFDM,Classical OFDM,7.927574
OFDM,Classical OFDM,8.095017
OFDM,Classical OFDM,7.918205
OFDM,Classical OFDM,6.037087
OFDM,Classical OFDM,6.7901745
OFDM,Classical OFDM,7.5922675
OFDM,Classical OFDM,6.370692
OFDM,Classical OFDM,5.760512
OFDM,Classical OFDM,7.463052
OFDM,Classical OFDM,7.0975122
OFDM,Classical OFDM,5.9802346
OFDM,Classical OFDM,7.017217
OFDM,Classical OFDM,7.070322
OFDM,Classical OFDM,7.1121197
OFDM,Classical OFDM,7.90386
OFDM,Classical OFDM,5.7498956
OFDM,Classical OFDM,7.799711
OFDM,Classical OFDM,6.577437
OFDM,Classical OFDM,5.4336014
OFDM,Classical OFDM,6.10939
OFDM,Classical OFDM,5.7482777
OFDM,Classical OFDM,7.3517084
OFDM,Classical OFDM,6.043443
OFDM,Classical OFDM,7.6460524
OFDM,Classical OFDM,5.369071
OFDM,Classical OFDM,8.862157
OFDM,Classical OFDM,7.2695436
OFDM,Classical OFDM,5.373976
OFDM,Classical OFDM,8.207611
OFDM,Classical OFDM,6.4919558
OFDM,Classical OFDM,7.2711897
OFDM,Classical OFDM,7.720859
OFDM,Classical OFDM,5.4028535
OFDM,Classical OFDM,7.321646
OFDM,Classical OFDM,8.853216
OFDM,Classical OFDM,6.246084
OFDM,Classical OFDM,7.4808264
OFDM,Classical OFDM,6.94491
OFDM,Classical OFDM,7.5892143
OFDM,Classical OFDM,7.41539
OFDM,Classical OFDM,4.8254895
OFDM,Classical OFDM,6.317479
OFDM,Classical OFDM,7.1571107
OFDM,Classical OFDM,6.8164988
OFDM,Classical OFDM,9.6806555
OFDM,Classical OFDM,7.9639263
OFDM,Classical OFDM,5.5868273
OFDM,Classical OFDM,7.3209577
OFDM,Classical OFDM,5.633214
OFDM,Classical OFDM,5.230668
OFDM,Classical OFDM,6.553597
OFDM,Classical OFDM,6.778662
OFDM,Classical OFDM,6.62647
OFDM,Classical OFDM,4.8040805
OFDM,Classical OFDM,7.8753905
OFDM,Classical OFDM,6.419133
OFDM,Classical OFDM,5.4299397
OFDM,Classical OFDM,7.310211
OFDM,Classical OFDM,7.6164904
OFDM,Classical OFDM,6.951475
OFDM,Classical OFDM,6.1747475
OFDM,Classical OFDM,5.9214535
OFDM,Classical OFDM,6.1509604
OFDM,Classical OFDM,10.243897
OFDM,Classical OFDM,6.311462
OFDM,Classical OFDM,5.40499
OFDM,Classical OFDM,6.3410053
OFDM,Classical OFDM,6.3321056
OFDM,Classical OFDM,7.0852337
OFDM,Classical OFDM,7.3488545
OFDM,Classical OFDM,6.56509
OFDM,Classical OFDM,8.039037
OFDM,Classical OFDM,7.4469543
OFDM,Classical OFDM,5.6152754
OFDM,Classical OFDM,8.440237
OFDM,Classical OFDM,5.847965
OFDM,Classical OFDM,5.849842
OFDM,Classical OFDM,7.0582027
OFDM,Classical OFDM,6.934681
OFDM,Classical OFDM,7.3013234
OFDM,Classical OFDM,5.821547
OFDM,Classical OFDM,5.698216
OFDM,Classical OFDM,5.4261694
OFDM,Classical OFDM,5.768281
OFDM,Classical OFDM,6.05633
OFDM,Classical OFDM,7.1888537
OFDM,Classical OFDM,6.9118996
OFDM,Classical OFDM,7.818051
OFDM,Classical OFDM,6.0652723
OFDM,Classical OFDM,5.617196
OFDM,Classical OFDM,8.835041
OFDM,Classical OFDM,6.3714714
OFDM,Classical OFDM,6.3826056
OFDM,Classical OFDM,6.7798448
OFDM,Classical OFDM,5.710008
OFDM,Classical OFDM,5.432416
OFDM,Classical OFDM,5.9371986
OFDM,Classical OFDM,5.206126
OFDM,Classical OFDM,6.1749535
OFDM,Classical OFDM,6.6035895
OFDM,Classical OFDM,7.6280904
OFDM,Classical OFDM,6.003656
OFDM,Classical OFDM,6.1935825
OFDM,Classical OFDM,7.0929146
OFDM,Classical OFDM,7.364859
OFDM,Classical OFDM,6.616552
OFDM,Classical OFDM,5.3715115
OFDM,Classical OFDM,6.292966
OFDM,Classical OFDM,5.338949
OFDM,Classical OFDM,6.255686
OFDM,Classical OFDM,5.0281863
OFDM,Classical OFDM,6.269665
OFDM,Classical OFDM,5.1574416
OFDM,Classical OFDM,6.415921
OFDM,Classical OFDM,7.046196
OFDM,Classical OFDM,6.031372
OFDM,Classical OFDM,6.349242
OFDM,Classical OFDM,6.992735
OFDM,Classical OFDM,7.6134224
OFDM,Classical OFDM,6.8705072
OFDM,Classical OFDM,5.96523
OFDM,Classical OFDM,8.666896
OFDM,Classical OFDM,6.0405293
OFDM,Classical OFDM,7.4324512
OFDM,Classical OFDM,5.7914124
OFDM,Classical OFDM,7.7739296
OFDM,Classical OFDM,6.6446567
OFDM,Classical OFDM,6.9617085
OFDM,Classical OFDM,8.870911
OFDM,Classical OFDM,6.493097
OFDM,Classical OFDM,6.199927
OFDM,Classical OFDM,6.8712115
OFDM,Classical OFDM,6.413781
OFDM,Classical OFDM,7.141974
OFDM,Classical OFDM,6.553669
OFDM,Classical OFDM,5.380045
OFDM,Classical OFDM,6.9679546
OFDM,Classical OFDM,5.8823957
OFDM,Classical OFDM,7.1392107
OFDM,Classical OFDM,6.5771604
OFDM,Classical OFDM,5.9539404
OFDM,Classical OFDM,6.491168
OFDM,Classical OFDM,6.1063743
OFDM,Classical OFDM,9.087513
OFDM,Classical OFDM,6.3250275
OFDM,Classical OFDM,6.9218245
OFDM,Classical OFDM,5.9261045
OFDM,Classical OFDM,6.364241
OFDM,Classical OFDM,5.7461004
OFDM,Classical OFDM,4.7223573
OFDM,Classical OFDM,6.273138
OFDM,Classical OFDM,6.324991
OFDM,Classical OFDM,6.9867463
OFDM,Classical OFDM,6.249282
OFDM,Classical OFDM,5.573461
OFDM,Classical OFDM,9.049427
OFDM,Classical OFDM,5.4061127
OFDM,Classical OFDM,5.157714
OFDM,Classical OFDM,7.125383
OFDM,Classical OFDM,6.6466694
OFDM,Classical OFDM,5.776574
OFDM,Classical OFDM,8.10999
OFDM,Classical OFDM,6.7045565
OFDM,Classical OFDM,5.4877462
OFDM,Classical OFDM,6.954586
OFDM,Classical OFDM,6.364232
OFDM,Classical OFDM,8.062227
OFDM,Classical OFDM,7.2741995
OFDM,Classical OFDM,6.51504
OFDM,Classical OFDM,8.143619
OFDM,Classical OFDM,6.606762
OFDM,Classical OFDM,6.4795
OFDM,Classical OFDM,5.565034
OFDM,Classical OFDM,6.0839205
OFDM,Classical OFDM,5.9488935
OFDM,Classical OFDM,7.9483633
OFDM,Classical OFDM,7.6620107
OFDM,Classical OFDM,7.2374115
OFDM,Classical OFDM,6.1135902
OFDM,Classical OFDM,6.216994
OFDM,Classical OFDM,7.3217726
OFDM,Classical OFDM,7.3639874
OFDM,Classical OFDM,5.358163
OFDM,Classical OFDM,7.170773
OFDM,Classical OFDM,6.041543
OFDM,Classical OFDM,7.2844033
OFDM,Classical OFDM,5.6336565
OFDM,Classical OFDM,6.7353573
OFDM,Classical OFDM,6.5102625
OFDM,Classical OFDM,5.894026
OFDM,Classical OFDM,9.216691
OFDM,Classical OFDM,6.8918633
OFDM,Classical OFDM,6.98077
OFDM,Classical OFDM,6.9397573
OFDM,Classical OFDM,5.4329605
OFDM,Classical OFDM,6.0695696
OFDM,Classical OFDM,6.623679
OFDM,Classical OFDM,6.7748046
OFDM,Classical OFDM,5.5463324
OFDM,Classical OFDM,7.039095
OFDM,Classical OFDM,6.0697837
OFDM,Classical OFDM,8.563826
OFDM,Classical OFDM,6.620417
OFDM,Classical OFDM,7.5491133
OFDM,Classical OFDM,9.052291
OFDM,Classical OFDM,6.4136934
OFDM,Classical OFDM,6.2438035
OFDM,Classical OFDM,6.530096
OFDM,Classical OFDM,5.778884
OFDM,Classical OFDM,6.352353
OFDM,Classical OFDM,6.32988
OFDM,Classical OFDM,6.827198
OFDM,Classical OFDM,5.926357
OFDM,Classical OFDM,4.276378
OFDM,Classical OFDM,7.315157
OFDM,Classical OFDM,6.2292414
OFDM,Classical OFDM,7.2513633
OFDM,Classical OFDM,7.723346
OFDM,Classical OFDM,7.2612667
OFDM,Classical OFDM,5.0856295
OFDM,Classical OFDM,8.199376
OFDM,Classical OFDM,6.662481
OFDM,Classical OFDM,5.8694267
OFDM,Classical OFDM,7.7865195
OFDM,Classical OFDM,6.8842845
OFDM,Classical OFDM,8.352997
OFDM,Classical OFDM,7.067689
OFDM,Classical OFDM,6.156415
OFDM,Classical OFDM,9.273362
OFDM,Classical OFDM,7.664023
OFDM,Classical OFDM,7.7891183
OFDM,Classical OFDM,6.2733135
OFDM,Classical OFDM,6.7148523
OFDM,Classical OFDM,6.226289
OFDM,Classical OFDM,6.6031313
OFDM,Classical OFDM,5.216663
OFDM,Classical OFDM,6.0171967
OFDM,Classical OFDM,5.301709
OFDM,Classical OFDM,7.0809174
OFDM,Classical OFDM,9.098579
OFDM,Classical OFDM,5.628299
OFDM,Classical OFDM,7.04924
OFDM,Classical OFDM,8.32701
OFDM,Classical OFDM,7.0897193
OFDM,Classical OFDM,5.6203165
OFDM,Classical OFDM,7.858744
OFDM,Classical OFDM,5.204276
OFDM,Classical OFDM,5.5399475
OFDM,Classical OFDM,7.8121557
OFDM,Classical OFDM,8.425978
OFDM,Classical OFDM,6.33349
OFDM,Classical OFDM,5.5866575
OFDM,Classical OFDM,8.466763
OFDM,Classical OFDM,5.729039
OFDM,Classical OFDM,5.4772434
OFDM,Classical OFDM,9.326427
OFDM,Classical OFDM,5.556754
OFDM,Classical OFDM,7.8680806
OFDM,Classical OFDM,7.1486382
OFDM,Classical OFDM,6.4749975
OFDM,Classical OFDM,7.709363
OFDM,Classical OFDM,7.4677153
OFDM,Classical OFDM,8.251545
OFDM,Classical OFDM,6.9152
OFDM,Classical OFDM,6.903241
OFDM,Classical OFDM,6.5985994
OFDM,Classical OFDM,5.43827
OFDM,Classical OFDM,7.8813653
OFDM,Classical OFDM,6.8118095
OFDM,Classical OFDM,7.02258
OFDM,Classical OFDM,6.630207
OFDM,Classical OFDM,7.4925175
OFDM,Classical OFDM,5.8773317
OFDM,Classical OFDM,5.9095125
OFDM,Classical OFDM,5.889311
OFDM,Classical OFDM,8.353288
OFDM,Classical OFDM,5.874669
OFDM,Classical OFDM,5.378935
OFDM,Classical OFDM,4.903313
OFDM,Classical OFDM,6.2165184
OFDM,Classical OFDM,7.5635557
OFDM,Classical OFDM,7.006712
OFDM,Classical OFDM,5.769069
OFDM,Classical OFDM,8.073021
OFDM,Classical OFDM,7.2079425
OFDM,Classical OFDM,6.207223
OFDM,Classical OFDM,6.4786906
OFDM,Classical OFDM,6.5872483
OFDM,Classical OFDM,6.7102046
OFDM,Classical OFDM,5.720265
OFDM,Classical OFDM,5.6309943
OFDM,Classical OFDM,9.9639435
OFDM,Classical OFDM,5.3392735
OFDM,Classical OFDM,5.6334233
OFDM,Classical OFDM,6.175616
OFDM,Classical OFDM,7.005681
OFDM,Classical OFDM,6.2837644
OFDM,Classical OFDM,9.215733
OFDM,Classical OFDM,6.5483904
OFDM,Classical OFDM,6.811721
OFDM,Classical OFDM,9.033216
OFDM,Classical OFDM,7.593961
OFDM,Classical OFDM,6.675901
OFDM,Classical OFDM,5.4099774
OFDM,Classical OFDM,5.89824
OFDM,Classical OFDM,6.5767746
OFDM,Classical OFDM,7.499069
OFDM,Classical OFDM,5.91203
OFDM,Classical OFDM,5.263978
OFDM,Classical OFDM,7.634142
OFDM,Classical OFDM,5.9547014
OFDM,Classical OFDM,6.132621
OFDM,Classical OFDM,6.284547
OFDM,Classical OFDM,8.115437
OFDM,Classical OFDM,5.7779293
OFDM,Classical OFDM,6.523119
OFDM,Classical OFDM,7.328899
OFDM,Classical OFDM,6.2322874
OFDM,Classical OFDM,6.702635
OFDM,Classical OFDM,7.994134
OFDM,Classical OFDM,5.9508734
OFDM,Classical OFDM,7.1545796
OFDM,Classical OFDM,6.520695
OFDM,Classical OFDM,8.147128
OFDM,Classical OFDM,4.873806
OFDM,Classical OFDM,8.271767
OFDM,Classical OFDM,7.526472
OFDM,Classical OFDM,5.854549
OFDM,Classical OFDM,6.7606955
OFDM,Classical OFDM,7.7535367
OFDM,Classical OFDM,7.1345925
OFDM,Classical OFDM,6.1802473
OFDM,Classical OFDM,5.900488
OFDM,Classical OFDM,9.226367
OFDM,Classical OFDM,8.762695
OFDM,Classical OFDM,6.106868
OFDM,Classical OFDM,6.9087324
OFDM,Classical OFDM,6.641335
OFDM,Classical OFDM,7.2356663
OFDM,Classical OFDM,6.242032
OFDM,Classical OFDM,5.814663
OFDM,Classical OFDM,7.031336
OFDM,Classical OFDM,7.320528
OFDM,Classical OFDM,7.1936207
OFDM,Classical OFDM,5.6576734
OFDM,Classical OFDM,6.6619873
OFDM,Classical OFDM,8.093457
OFDM,Classical OFDM,4.818084
OFDM,Classical OFDM,7.272179
OFDM,Classical OFDM,8.609218
OFDM,Classical OFDM,8.138292
OFDM,Classical OFDM,6.047696
OFDM,Classical OFDM,8.07712
OFDM,Classical OFDM,6.821716
OFDM,Classical OFDM,6.9435143
OFDM,Classical OFDM,7.778224
OFDM,Classical OFDM,5.988803
OFDM,Classical OFDM,5.2760115
OFDM,Classical OFDM,8.39858
OFDM,Classical OFDM,6.674314
OFDM,Classical OFDM,7.234994
OFDM,Classical OFDM,5.2380714
OFDM,Classical OFDM,6.7172623
OFDM,Classical OFDM,5.790603
OFDM,Classical OFDM,8.1955185
OFDM,Classical OFDM,5.870829
OFDM,Classical OFDM,7.879366
OFDM,Classical OFDM,6.441348
OFDM,Classical OFDM,8.009933
OFDM,Classical OFDM,7.2297506
OFDM,Classical OFDM,6.860161
OFDM,Classical OFDM,6.8240128
OFDM,Classical OFDM,6.6103096
OFDM,Classical OFDM,5.214904
OFDM,Classical OFDM,7.253961
OFDM,Classical OFDM,7.2603397
OFDM,Classical OFDM,5.628841
OFDM,Classical OFDM,6.4636154
OFDM,Classical OFDM,6.458641
OFDM,Classical OFDM,7.770137
OFDM,Classical OFDM,7.1428447
OFDM,Classical OFDM,6.6414456
OFDM,Classical OFDM,6.621767
OFDM,Classical OFDM,7.446282
OFDM,Classical OFDM,5.9396653
OFDM,Classical OFDM,7.8002267
OFDM,Classical OFDM,8.214793
OFDM,Classical OFDM,5.7530212
OFDM,Classical OFDM,6.725252
OFDM,Classical OFDM,6.621853
OFDM,Classical OFDM,5.770527
OFDM,Classical OFDM,4.8485885
OFDM,Classical OFDM,7.012487
OFDM,Classical OFDM,7.7432795
OFDM,Classical OFDM,6.649067
OFDM,Classical OFDM,6.4222407
OFDM,Classical OFDM,6.286459
OFDM,Classical OFDM,7.1620564
OFDM,Classical OFDM,7.5700836
OFDM,Classical OFDM,8.811286
OFDM,Classical OFDM,6.088006
OFDM,Classical OFDM,6.318114
OFDM,Classical OFDM,6.873932
OFDM,Classical OFDM,7.060746
OFDM,Classical OFDM,8.039737
OFDM,Classical OFDM,6.3928747
OFDM,Classical OFDM,8.464397
OFDM,Classical OFDM,5.459397
OFDM,Classical OFDM,5.4316335
OFDM,Classical OFDM,6.5760756
OFDM,Classical OFDM,6.8935256
OFDM,Classical OFDM,6.997213
OFDM,Classical OFDM,5.952933
OFDM,Classical OFDM,6.733498
OFDM,Classical OFDM,7.267718
OFDM,Classical OFDM,4.7798777
OFDM,Classical OFDM,6.5864887
OFDM,Classical OFDM,5.5564327
OFDM,Classical OFDM,6.0944695
OFDM,Classical OFDM,6.4448524
OFDM,Classical OFDM,5.553453
OFDM,Classical OFDM,7.1989965
OFDM,Classical OFDM,7.0830226
OFDM,Classical OFDM,5.7549887
OFDM,Classical OFDM,7.736857
OFDM,Classical OFDM,6.7178397
OFDM,Classical OFDM,8.266774
OFDM,Classical OFDM,5.440412
OFDM,Classical OFDM,6.2595387
OFDM,Classical OFDM,5.795705
OFDM,Classical OFDM,5.390317
OFDM,Classical OFDM,8.644783
OFDM,Classical OFDM,5.122292
OFDM,Classical OFDM,6.952668
OFDM,Classical OFDM,6.0259647
OFDM,Classical OFDM,6.5057993
OFDM,Classical OFDM,8.357521
OFDM,Classical OFDM,6.657357
OFDM,Classical OFDM,8.5769
OFDM,Classical OFDM,5.863785
OFDM,Classical OFDM,6.5914683
OFDM,Classical OFDM,7.0257883
OFDM,Classical OFDM,7.4329414
OFDM,Classical OFDM,7.063842
OFDM,Classical OFDM,7.236124
OFDM,Classical OFDM,5.8925776
OFDM,Classical OFDM,6.294186
OFDM,Classical OFDM,5.008621
OFDM,Classical OFDM,4.997923
OFDM,Classical OFDM,5.5917587
OFDM,Classical OFDM,7.515425
OFDM,Classical OFDM,7.1107388
OFDM,Classical OFDM,6.0677614
OFDM,Classical OFDM,7.14657
OFDM,Classical OFDM,5.7448006
OFDM,Classical OFDM,8.215843
OFDM,Classical OFDM,6.3027143
OFDM,Classical OFDM,6.4732175
OFDM,Classical OFDM,7.562766
OFDM,Classical OFDM,5.467686
OFDM,Classical OFDM,6.024783
OFDM,Classical OFDM,8.254222
OFDM,Classical OFDM,7.1455235
OFDM,Classical OFDM,7.86953
OFDM,Classical OFDM,5.8789616
OFDM,Classical OFDM,4.876254
OFDM,Classical OFDM,5.4741473
OFDM,Classical OFDM,5.3453994
OFDM,Classical OFDM,5.788332
OFDM,Classical OFDM,6.589877
OFDM,Classical OFDM,8.0848875
OFDM,Classical OFDM,7.2065916
OFDM,Classical OFDM,6.9821763
OFDM,Classical OFDM,6.2346144
OFDM,Classical OFDM,7.1923094
OFDM,Classical OFDM,6.8222227
OFDM,Classical OFDM,7.9779625
OFDM,Classical OFDM,5.974298
OFDM,Classical OFDM,7.71558
OFDM,Classical OFDM,5.770964
OFDM,Classical OFDM,7.671502
OFDM,Classical OFDM,6.7295275
OFDM,Classical OFDM,7.0222044
OFDM,Classical OFDM,5.679562
OFDM,Classical OFDM,6.401794
OFDM,Classical OFDM,7.4055634
OFDM,Classical OFDM,6.9989543
OFDM,Classical OFDM,8.065392
OFDM,Classical OFDM,6.4992614
OFDM,Classical OFDM,7.3087378
OFDM,Classical OFDM,6.9609365
OFDM,Classical OFDM,6.944883
OFDM,Classical OFDM,5.9563737
OFDM,Classical OFDM,6.0254188
OFDM,Classical OFDM,7.3060064
OFDM,Classical OFDM,6.187225
OFDM,Classical OFDM,5.6925225
OFDM,Classical OFDM,5.9314747
OFDM,Classical OFDM,8.228458
OFDM,Classical OFDM,6.299592
OFDM,Classical OFDM,6.8472075
OFDM,Classical OFDM,4.63487
OFDM,Classical OFDM,7.1482162
OFDM,Classical OFDM,7.602125
OFDM,Classical OFDM,5.643516
OFDM,Classical OFDM,6.36025
OFDM,Classical OFDM,6.3122997
OFDM,Classical OFDM,6.7909765
OFDM,Classical OFDM,5.659622
OFDM,Classical OFDM,5.315302
OFDM,Classical OFDM,7.7926946
OFDM,Classical OFDM,8.98642
OFDM,Classical OFDM,5.349677
OFDM,Classical OFDM,6.507489
OFDM,Classical OFDM,6.5131683
OFDM,Classical OFDM,6.4283886
OFDM,Classical OFDM,7.950614
OFDM,Classical OFDM,6.123393
OFDM,Classical OFDM,6.8548174
OFDM,Classical OFDM,7.577153
OFDM,Classical OFDM,7.5300355
OFDM,Classical OFDM,7.645082
OFDM,Classical OFDM,9.102336
OFDM,Classical OFDM,5.0941114
OFDM,Classical OFDM,7.905759
OFDM,Classical OFDM,7.0597496
OFDM,Classical OFDM,5.175456
OFDM,Classical OFDM,5.3956895
OFDM,Classical OFDM,7.7785625
OFDM,Classical OFDM,6.535649
OFDM,Classical OFDM,6.5388756
OFDM,Classical OFDM,6.586898
OFDM,Classical OFDM,6.5387287
OFDM,Classical OFDM,5.7058153
OFDM,Classical OFDM,6.6955566
OFDM,Classical OFDM,8.556084
OFDM,Classical OFDM,6.25571
OFDM,Classical OFDM,7.198381
OFDM,Classical OFDM,7.631303
OFDM,Classical OFDM,6.052124
OFDM,Classical OFDM,6.655241
OFDM,Classical OFDM,6.6193156
OFDM,Classical OFDM,8.97002
OFDM,Classical OFDM,6.2265444
OFDM,Classical OFDM,7.542412
OFDM,Classical OFDM,7.0729914
OFDM,Classical OFDM,7.0479465
OFDM,Classical OFDM,7.1817017
OFDM,Classical OFDM,5.788969
OFDM,Classical OFDM,8.451251
OFDM,Classical OFDM,6.0239153
OFDM,Classical OFDM,5.225561
OFDM,Classical OFDM,6.4875484
OFDM,Classical OFDM,5.3922386
OFDM,Classical OFDM,6.968937
OFDM,Classical OFDM,5.935935
OFDM,Classical OFDM,7.764787
OFDM,Classical OFDM,5.5589895
OFDM,Classical OFDM,6.5816746
OFDM,Classical OFDM,7.5055623
OFDM,Classical OFDM,8.279403
OFDM,Classical OFDM,5.687967
OFDM,Classical OFDM,5.523179
OFDM,Classical OFDM,7.869419
OFDM,Classical OFDM,6.1468053
OFDM,Classical OFDM,5.8510885
OFDM,Classical OFDM,6.4247584
OFDM,Classical OFDM,6.979809
OFDM,Classical OFDM,7.3140335
OFDM,Classical OFDM,5.9386997
OFDM,Classical OFDM,7.978115
OFDM,Classical OFDM,5.864339
OFDM,Classical OFDM,6.3013597
OFDM,Classical OFDM,5.2439375
OFDM,Classical OFDM,6.376459
OFDM,Classical OFDM,5.3840804
OFDM,Classical OFDM,6.6631727
OFDM,Classical OFDM,6.9804006
OFDM,Classical OFDM,6.9685106
OFDM,Classical OFDM,7.4707313
OFDM,Classical OFDM,7.0553117
OFDM,Classical OFDM,7.004082
OFDM,Classical OFDM,6.2000504
OFDM,Classical OFDM,6.189156
OFDM,Classical OFDM,5.80202
OFDM,Classical OFDM,6.712838
OFDM,Classical OFDM,7.9034142
OFDM,Classical OFDM,5.3082423
OFDM,Classical OFDM,5.9020195
OFDM,Classical OFDM,7.1124296
OFDM,Classical OFDM,9.632655
OFDM,Classical OFDM,6.399212
OFDM,Classical OFDM,7.7268977
OFDM,Classical OFDM,5.1586056
OFDM,Classical OFDM,7.2146297
OFDM,Classical OFDM,6.1427736
OFDM,Classical OFDM,7.325037
OFDM,Classical OFDM,7.289876
OFDM,Classical OFDM,7.803031
OFDM,Classical OFDM,5.3632193
OFDM,Classical OFDM,6.7478056
OFDM,Classical OFDM,7.213812
OFDM,Classical OFDM,6.771717
OFDM,Classical OFDM,7.0859375
OFDM,Classical OFDM,6.207373
OFDM,Classical OFDM,7.2411685
OFDM,Classical OFDM,7.001358
OFDM,Classical OFDM,6.523404
OFDM,Classical OFDM,7.815881
OFDM,Classical OFDM,8.267911
OFDM,Classical OFDM,5.4045343
OFDM,Classical OFDM,6.901387
OFDM,Classical OFDM,6.4258823
OFDM,Classical OFDM,8.175205
OFDM,Classical OFDM,7.40372
OFDM,Classical OFDM,7.2392206
OFDM,Classical OFDM,5.9326596
OFDM,Classical OFDM,7.92937
OFDM,Classical OFDM,7.426901
OFDM,Classical OFDM,5.8985386
OFDM,Classical OFDM,5.161978
OFDM,Classical OFDM,5.688363
OFDM,Classical OFDM,6.9831347
OFDM,Classical OFDM,7.129862
OFDM,Classical OFDM,6.0863686
OFDM,Classical OFDM,8.849596
OFDM,Classical OFDM,5.3752418
OFDM,Classical OFDM,6.5890665
OFDM,Classical OFDM,7.9489903
OFDM,Classical OFDM,7.4527793
OFDM,Classical OFDM,5.9539175
OFDM,Classical OFDM,6.7556696
OFDM,Classical OFDM,6.585694
OFDM,Classical OFDM,6.406669
OFDM,Classical OFDM,7.9539323
OFDM,Classical OFDM,5.9266477
OFDM,Classical OFDM,7.2753477
OFDM,Classical OFDM,5.729805
OFDM,Classical OFDM,6.863714
OFDM,Classical OFDM,8.726594
OFDM,Classical OFDM,7.415766
OFDM,Classical OFDM,6.4566126
OFDM,Classical OFDM,7.218842
OFDM,Classical OFDM,6.591375
OFDM,Classical OFDM,4.586906
OFDM,Classical OFDM,5.5538898
OFDM,Classical OFDM,6.5289297
OFDM,Classical OFDM,5.3430777
OFDM,Classical OFDM,6.00862
OFDM,Classical OFDM,4.9034367
OFDM,Classical OFDM,5.1733403
OFDM,Classical OFDM,5.904917
OFDM,Classical OFDM,5.7075233
OFDM,Classical OFDM,6.015926
OFDM,Classical OFDM,6.233559
OFDM,Classical OFDM,6.9771624
OFDM,Classical OFDM,7.773425
OFDM,Classical OFDM,5.5182786
OFDM,Classical OFDM,6.0691566
OFDM,Classical OFDM,5.290999
OFDM,Classical OFDM,5.6420226
OFDM,Classical OFDM,7.496477
OFDM,Classical OFDM,7.317695
OFDM,Classical OFDM,6.7753057
OFDM,Classical OFDM,7.1442647
OFDM,Classical OFDM,5.2038913
OFDM,Classical OFDM,6.1638045
OFDM,Classical OFDM,6.010594
OFDM,Classical OFDM,7.1296415
OFDM,Classical OFDM,7.1033745
OFDM,Classical OFDM,5.7737346
OFDM,Classical OFDM,6.253447
OFDM,Classical OFDM,6.5060925
OFDM,Classical OFDM,6.568145
OFDM,Classical OFDM,5.642604
OFDM,Classical OFDM,6.784162
OFDM,Classical OFDM,6.522594
OFDM,Classical OFDM,6.509487
OFDM,Classical OFDM,6.3885975
OFDM,Classical OFDM,5.8978753
OFDM,Classical OFDM,5.4141145
OFDM,Classical OFDM,6.282389
OFDM,Classical OFDM,7.953974
OFDM,Classical OFDM,8.096277
OFDM,Classical OFDM,5.5954247
OFDM,Classical OFDM,5.1522846
OFDM,Classical OFDM,5.0170317
OFDM,Classical OFDM,7.022826
OFDM,Classical OFDM,8.689669
OFDM,Classical OFDM,8.004057
OFDM,Classical OFDM,5.988964
OFDM,Classical OFDM,6.322518
OFDM,Classical OFDM,5.8644223
OFDM,Classical OFDM,6.829483
OFDM,Classical OFDM,7.433128
OFDM,Classical OFDM,5.818193
OFDM,Classical OFDM,8.75221
OFDM,Classical OFDM,4.354809
OFDM,Classical OFDM,5.9235554
OFDM,Classical OFDM,7.5774937
OFDM,Classical OFDM,6.678147
OFDM,Classical OFDM,7.9719687
OFDM,Classical OFDM,6.3320255
OFDM,Classical OFDM,5.159233
OFDM,Classical OFDM,6.7262197
OFDM,Classical OFDM,6.3295183
OFDM,Classical OFDM,8.262375
OFDM,Classical OFDM,8.345937
OFDM,Classical OFDM,5.7380238
OFDM,Classical OFDM,7.121592
OFDM,Classical OFDM,4.67338
OFDM,Classical OFDM,6.365224
OFDM,Classical OFDM,6.758149
OFDM,Classical OFDM,5.0521173
OFDM,Classical OFDM,7.200737
OFDM,Classical OFDM,6.8244705
OFDM,Classical OFDM,8.467602
OFDM,Classical OFDM,7.3786964
OFDM,Classical OFDM,6.4351373
OFDM,Classical OFDM,6.4223027
OFDM,Classical OFDM,5.245456
OFDM,Classical OFDM,7.733612
OFDM,Classical OFDM,6.7593317
OFDM,Classical OFDM,7.2644835
OFDM,Classical OFDM,7.753008
OFDM,Classical OFDM,8.460542
OFDM,Classical OFDM,6.2392716
OFDM,Classical OFDM,6.37281
OFDM,Classical OFDM,8.763355
OFDM,Classical OFDM,6.3207636
OFDM,Classical OFDM,9.315659
OFDM,Classical OFDM,7.216895
OFDM,Classical OFDM,6.882803
OFDM,Classical OFDM,5.8299046
OFDM,Classical OFDM,6.8021765
OFDM,Classical OFDM,6.572364
OFDM,Classical OFDM,5.332099
OFDM,Classical OFDM,6.0301547
OFDM,Classical OFDM,4.7054353
OFDM,Classical OFDM,6.2976575
OFDM,Classical OFDM,6.068651
OFDM,Classical OFDM,5.8042507
OFDM,Classical OFDM,5.6191545
OFDM,Classical OFDM,5.237829
OFDM,Classical OFDM,7.206798
OFDM,Classical OFDM,6.137043
OFDM,Classical OFDM,6.521636
Learned,Learned Basis,5.769749
Learned,Learned Basis,6.0455317
Learned,Learned Basis,4.9689665
Learned,Learned Basis,4.9669757
Learned,Learned Basis,4.479555
Learned,Learned Basis,6.126541
Learned,Learned Basis,5.8070526
Learned,Learned Basis,5.984977
Learned,Learned Basis,5.855092
Learned,Learned Basis,4.9249687
Learned,Learned Basis,6.3241296
Learned,Learned Basis,5.4347653
Learned,Learned Basis,4.6467905
Learned,Learned Basis,7.101674
Learned,Learned Basis,6.089356
Learned,Learned Basis,5.7558746
Learned,Learned Basis,4.410734
Learned,Learned Basis,5.458205
Learned,Learned Basis,6.258642
Learned,Learned Basis,5.2673063
Learned,Learned Basis,5.097481
Learned,Learned Basis,4.376836
Learned,Learned Basis,5.2251844
Learned,Learned Basis,6.080959
Learned,Learned Basis,3.3535335
Learned,Learned Basis,4.8721285
Learned,Learned Basis,6.093272
Learned,Learned Basis,5.3484793
Learned,Learned Basis,5.6140065
Learned,Learned Basis,6.588091
Learned,Learned Basis,5.754494
Learned,Learned Basis,5.8208847
Learned,Learned Basis,5.7003045
Learned,Learned Basis,6.015878
Learned,Learned Basis,5.584707
Learned,Learned Basis,6.0578203
Learned,Learned Basis,6.98684
Learned,Learned Basis,6.1508293
Learned,Learned Basis,4.88672
Learned,Learned Basis,5.925634
Learned,Learned Basis,5.724404
Learned,Learned Basis,5.370891
Learned,Learned Basis,3.7460089
Learned,Learned Basis,6.2269254
Learned,Learned Basis,5.1114845
Learned,Learned Basis,5.6517906
Learned,Learned Basis,5.0188775
Learned,Learned Basis,5.7371016
Learned,Learned Basis,4.985774
Learned,Learned Basis,5.124953
Learned,Learned Basis,8.500389
Learned,Learned Basis,4.607051
Learned,Learned Basis,4.644425
Learned,Learned Basis,5.1905746
Learned,Learned Basis,5.511889
Learned,Learned Basis,4.299842
Learned,Learned Basis,6.3221626
Learned,Learned Basis,5.0081806
Learned,Learned Basis,4.01034
Learned,Learned Basis,5.182271
Learned,Learned Basis,6.7314224
Learned,Learned Basis,4.8831983
Learned,Learned Basis,6.1422544
Learned,Learned Basis,4.834704
Learned,Learned Basis,6.064327
Learned,Learned Basis,4.915467
Learned,Learned Basis,4.912706
Learned,Learned Basis,6.11126
Learned,Learned Basis,4.4476795
Learned,Learned Basis,4.4110136
Learned,Learned Basis,6.3955374
Learned,Learned Basis,4.858084
Learned,Learned Basis,4.5929713
Learned,Learned Basis,4.9768696
Learned,Learned Basis,5.4096756
Learned,Learned Basis,4.253743
Learned,Learned Basis,5.710614
Learned,Learned Basis,5.9527392
Learned,Learned Basis,6.0316186
Learned,Learned Basis,6.201105
Learned,Learned Basis,4.800212
Learned,Learned Basis,6.76096
Learned,Learned Basis,6.7979617
Learned,Learned Basis,4.9843554
Learned,Learned Basis,5.7057385
Learned,Learned Basis,5.788986
Learned,Learned Basis,6.3921547
Learned,Learned Basis,3.3702717
Learned,Learned Basis,4.903659
Learned,Learned Basis,7.0125237
Learned,Learned Basis,6.0582905
Learned,Learned Basis,6.000493
Learned,Learned Basis,5.07586
Learned,Learned Basis,4.264458
Learned,Learned Basis,4.8720365
Learned,Learned Basis,6.398958
Learned,Learned Basis,4.7029395
Learned,Learned Basis,5.666312
Learned,Learned Basis,7.3529296
Learned,Learned Basis,4.37667
Learned,Learned Basis,4.839813
Learned,Learned Basis,4.175719
Learned,Learned Basis,5.7820044
Learned,Learned Basis,4.99726
Learned,Learned Basis,4.675938
Learned,Learned Basis,4.933662
Learned,Learned Basis,6.6752005
Learned,Learned Basis,5.6940384
Learned,Learned Basis,5.0811663
Learned,Learned Basis,5.606719
Learned,Learned Basis,5.8073163
Learned,Learned Basis,4.330375
Learned,Learned Basis,5.5496445
Learned,Learned Basis,6.214486
Learned,Learned Basis,5.443591
Learned,Learned Basis,7.0762925
Learned,Learned Basis,5.892865
Learned,Learned Basis,6.776741
Learned,Learned Basis,7.4439244
Learned,Learned Basis,6.8458767
Learned,Learned Basis,5.9855914
Learned,Learned Basis,3.9682026
Learned,Learned Basis,5.63384
Learned,Learned Basis,5.3393345
Learned,Learned Basis,7.0068645
Learned,Learned Basis,5.530722
Learned,Learned Basis,5.267929
Learned,Learned Basis,5.4884396
Learned,Learned Basis,4.935541
Learned,Learned Basis,6.285422
Learned,Learned Basis,5.030892
Learned,Learned Basis,4.9236593
Learned,Learned Basis,5.148847
Learned,Learned Basis,5.0920033
Learned,Learned Basis,4.244221
Learned,Learned Basis,6.4857883
Learned,Learned Basis,6.5685987
Learned,Learned Basis,5.67774
Learned,Learned Basis,6.3336296
Learned,Learned Basis,4.728864
Learned,Learned Basis,4.3919573
Learned,Learned Basis,4.930646
Learned,Learned Basis,5.243269
Learned,Learned Basis,6.0778646
Learned,Learned Basis,4.913676
Learned,Learned Basis,4.7675333
Learned,Learned Basis,4.7950583
Learned,Learned Basis,6.317318
Learned,Learned Basis,5.4834914
Learned,Learned Basis,4.5006747
Learned,Learned Basis,5.657024
Learned,Learned Basis,4.8985996
Learned,Learned Basis,5.649278
Learned,Learned Basis,6.5510983
Learned,Learned Basis,6.15833
Learned,Learned Basis,4.7630234
Learned,Learned Basis,4.524936
Learned,Learned Basis,6.081917
Learned,Learned Basis,7.6334934
Learned,Learned Basis,4.9672155
Learned,Learned Basis,4.521999
Learned,Learned Basis,5.0624332
Learned,Learned Basis,5.0328875
Learned,Learned Basis,4.751895
Learned,Learned Basis,4.520287
Learned,Learned Basis,5.562489
Learned,Learned Basis,5.0538964
Learned,Learned Basis,5.2801657
Learned,Learned Basis,5.391529
Learned,Learned Basis,5.8217754
Learned,Learned Basis,6.7356997
Learned,Learned Basis,4.514284
Learned,Learned Basis,8.279957
Learned,Learned Basis,5.459823
Learned,Learned Basis,5.816693
Learned,Learned Basis,4.7491403
Learned,Learned Basis,5.254059
Learned,Learned Basis,5.3981276
Learned,Learned Basis,6.343982
Learned,Learned Basis,4.8837566
Learned,Learned Basis,6.292492
Learned,Learned Basis,4.74374
Learned,Learned Basis,6.90292
Learned,Learned Basis,5.534457
Learned,Learned Basis,7.373672
Learned,Learned Basis,7.092037
Learned,Learned Basis,6.0129194
Learned,Learned Basis,6.5081263
Learned,Learned Basis,6.832776
Learned,Learned Basis,6.7048254
Learned,Learned Basis,5.8190637
Learned,Learned Basis,7.176678
Learned,Learned Basis,5.5206213
Learned,Learned Basis,5.094266
Learned,Learned Basis,4.8979015
Learned,Learned Basis,6.3465786
Learned,Learned Basis,3.8996463
Learned,Learned Basis,5.4174275
Learned,Learned Basis,4.899329
Learned,Learned Basis,5.4126363
Learned,Learned Basis,5.7608547
Learned,Learned Basis,5.153452
Learned,Learned Basis,6.1875486
Learned,Learned Basis,4.6515393
Learned,Learned Basis,6.8524413
Learned,Learned Basis,6.495841
Learned,Learned Basis,5.6542616
Learned,Learned Basis,5.041468
Learned,Learned Basis,6.6220274
Learned,Learned Basis,6.7562065
Learned,Learned Basis,4.538219
Learned,Learned Basis,4.6376495
Learned,Learned Basis,5.481454
Learned,Learned Basis,4.764891
Learned,Learned Basis,6.7502494
Learned,Learned Basis,5.869016
Learned,Learned Basis,6.008031
Learned,Learned Basis,7.908786
Learned,Learned Basis,4.942791
Learned,Learned Basis,4.7383947
Learned,Learned Basis,5.7538643
Learned,Learned Basis,5.731573
Learned,Learned Basis,4.875872
Learned,Learned Basis,4.9734554
Learned,Learned Basis,6.9558372
Learned,Learned Basis,5.084793
Learned,Learned Basis,5.89907
Learned,Learned Basis,6.9153337
Learned,Learned Basis,4.2734256
Learned,Learned Basis,4.406369
Learned,Learned Basis,4.36433
Learned,Learned Basis,6.8085623
Learned,Learned Basis,6.4297967
Learned,Learned Basis,5.4172907
Learned,Learned Basis,5.726779
Learned,Learned Basis,5.09244
Learned,Learned Basis,4.921986
Learned,Learned Basis,5.225003
Learned,Learned Basis,6.316772
Learned,Learned Basis,4.5423737
Learned,Learned Basis,4.779221
Learned,Learned Basis,4.901697
Learned,Learned Basis,4.5436754
Learned,Learned Basis,5.622526
Learned,Learned Basis,4.788271
Learned,Learned Basis,5.032114
Learned,Learned Basis,5.270191
Learned,Learned Basis,5.1779656
Learned,Learned Basis,4.511866
Learned,Learned Basis,5.4625173
Learned,Learned Basis,5.800381
Learned,Learned Basis,6.481996
Learned,Learned Basis,5.6476173
Learned,Learned Basis,4.9485903
Learned,Learned Basis,5.871745
Learned,Learned Basis,8.234804
Learned,Learned Basis,5.4212165
Learned,Learned Basis,4.30961
Learned,Learned Basis,5.1766424
Learned,Learned Basis,5.3417354
Learned,Learned Basis,7.512986
Learned,Learned Basis,7.4547844
Learned,Learned Basis,7.208294
Learned,Learned Basis,5.056277
Learned,Learned Basis,6.2640715
Learned,Learned Basis,8.192175
Learned,Learned Basis,5.582628
Learned,Learned Basis,6.772519
Learned,Learned Basis,4.2134943
Learned,Learned Basis,6.450243
Learned,Learned Basis,5.625901
Learned,Learned Basis,5.3566785
Learned,Learned Basis,6.204918
Learned,Learned Basis,6.588779
Learned,Learned Basis,6.4697895
Learned,Learned Basis,4.295513
Learned,Learned Basis,4.8983564
Learned,Learned Basis,5.414386
Learned,Learned Basis,5.8132687
Learned,Learned Basis,4.996237
Learned,Learned Basis,4.931659
Learned,Learned Basis,5.701432
Learned,Learned Basis,4.0674343
Learned,Learned Basis,5.478155
Learned,Learned Basis,5.0420656
Learned,Learned Basis,7.06843
Learned,Learned Basis,5.3352733
Learned,Learned Basis,6.4298744
Learned,Learned Basis,5.906287
Learned,Learned Basis,5.416112
Learned,Learned Basis,5.0227118
Learned,Learned Basis,6.5347624
Learned,Learned Basis,6.085499
Learned,Learned Basis,5.609189
Learned,Learned Basis,5.795674
Learned,Learned Basis,5.0344634
Learned,Learned Basis,5.2734046
Learned,Learned Basis,5.9154367
Learned,Learned Basis,4.291952
Learned,Learned Basis,7.430556
Learned,Learned Basis,5.161796
Learned,Learned Basis,5.306843
Learned,Learned Basis,5.590625
Learned,Learned Basis,5.626403
Learned,Learned Basis,4.6096153
Learned,Learned Basis,4.9739223
Learned,Learned Basis,5.4377384
Learned,Learned Basis,5.4416585
Learned,Learned Basis,4.721829
Learned,Learned Basis,5.497732
Learned,Learned Basis,6.428478
Learned,Learned Basis,4.800363
Learned,Learned Basis,5.722814
Learned,Learned Basis,4.81425
Learned,Learned Basis,4.1077824
Learned,Learned Basis,5.930307
Learned,Learned Basis,5.747793
Learned,Learned Basis,5.895261
Learned,Learned Basis,6.082764
Learned,Learned Basis,5.081063
Learned,Learned Basis,5.8516912
Learned,Learned Basis,7.0706058
Learned,Learned Basis,4.767524
Learned,Learned Basis,5.892263
Learned,Learned Basis,6.7009444
Learned,Learned Basis,5.8853264
Learned,Learned Basis,5.286936
Learned,Learned Basis,5.641984
Learned,Learned Basis,5.692901
Learned,Learned Basis,7.4163413
Learned,Learned Basis,4.9723825
Learned,Learned Basis,5.571348
Learned,Learned Basis,4.524839
Learned,Learned Basis,5.2455206
Learned,Learned Basis,5.102399
Learned,Learned Basis,4.913341
Learned,Learned Basis,5.3517485
Learned,Learned Basis,4.7057133
Learned,Learned Basis,4.416526
Learned,Learned Basis,5.5196595
Learned,Learned Basis,5.4193788
Learned,Learned Basis,5.4714184
Learned,Learned Basis,5.780764
Learned,Learned Basis,5.8152094
Learned,Learned Basis,5.321093
Learned,Learned Basis,4.852087
Learned,Learned Basis,6.90345
Learned,Learned Basis,4.7662725
Learned,Learned Basis,4.87089
Learned,Learned Basis,4.7711987
Learned,Learned Basis,5.187826
Learned,Learned Basis,6.8816085
Learned,Learned Basis,6.4106135
Learned,Learned Basis,6.228778
Learned,Learned Basis,4.914463
Learned,Learned Basis,4.6769743
Learned,Learned Basis,6.070616
Learned,Learned Basis,4.1907377
Learned,Learned Basis,5.972383
Learned,Learned Basis,5.5144167
Learned,Learned Basis,4.6831713
Learned,Learned Basis,6.1173673
Learned,Learned Basis,4.4398203
Learned,Learned Basis,4.794261
Learned,Learned Basis,4.5697803
Learned,Learned Basis,8.234954
Learned,Learned Basis,6.6712933
Learned,Learned Basis,5.01522
Learned,Learned Basis,4.994412
Learned,Learned Basis,6.5426054
Learned,Learned Basis,4.5542245
Learned,Learned Basis,6.3458962
Learned,Learned Basis,4.238035
Learned,Learned Basis,5.530968
Learned,Learned Basis,5.6099424
Learned,Learned Basis,6.0914283
Learned,Learned Basis,5.100327
Learned,Learned Basis,4.275568
Learned,Learned Basis,6.621444
Learned,Learned Basis,4.049152
Learned,Learned Basis,5.948846
Learned,Learned Basis,5.0354757
Learned,Learned Basis,5.941222
Learned,Learned Basis,5.3750343
Learned,Learned Basis,5.0994353
Learned,Learned Basis,4.610014
Learned,Learned Basis,5.450164
Learned,Learned Basis,5.6664567
Learned,Learned Basis,4.7158937
Learned,Learned Basis,6.4557576
Learned,Learned Basis,6.0795665
Learned,Learned Basis,5.5577927
Learned,Learned Basis,5.9525623
Learned,Learned Basis,4.1124415
Learned,Learned Basis,6.193639
Learned,Learned Basis,5.349899
Learned,Learned Basis,6.305132
Learned,Learned Basis,5.838746
Learned,Learned Basis,5.9672647
Learned,Learned Basis,4.5193524
Learned,Learned Basis,6.174047
Learned,Learned Basis,5.212421
Learned,Learned Basis,5.4600983
Learned,Learned Basis,5.954699
Learned,Learned Basis,5.6215277
Learned,Learned Basis,6.032303
Learned,Learned Basis,4.4120564
Learned,Learned Basis,4.8311276
Learned,Learned Basis,6.414488
Learned,Learned Basis,4.07488
Learned,Learned Basis,4.7397056
Learned,Learned Basis,5.450793
Learned,Learned Basis,5.655189
Learned,Learned Basis,4.8298817
Learned,Learned Basis,6.897217
Learned,Learned Basis,4.936127
Learned,Learned Basis,4.6950855
Learned,Learned Basis,5.662475
Learned,Learned Basis,6.366495
Learned,Learned Basis,5.167281
Learned,Learned Basis,5.4180374
Learned,Learned Basis,5.303574
Learned,Learned Basis,4.966001
Learned,Learned Basis,4.227043
Learned,Learned Basis,5.8337398
Learned,Learned Basis,6.126011
Learned,Learned Basis,5.0188065
Learned,Learned Basis,4.8690715
Learned,Learned Basis,6.546938
Learned,Learned Basis,6.1837554
Learned,Learned Basis,5.070389
Learned,Learned Basis,5.3745966
Learned,Learned Basis,4.9533625
Learned,Learned Basis,6.970432
Learned,Learned Basis,6.0578203
Learned,Learned Basis,5.682126
Learned,Learned Basis,4.3772025
Learned,Learned Basis,5.6313205
Learned,Learned Basis,5.2213554
Learned,Learned Basis,4.508224
Learned,Learned Basis,5.3245783
Learned,Learned Basis,4.1949863
Learned,Learned Basis,5.518374
Learned,Learned Basis,5.0599356
Learned,Learned Basis,6.9434
Learned,Learned Basis,5.1086736
Learned,Learned Basis,5.322747
Learned,Learned Basis,5.505326
Learned,Learned Basis,5.091215
Learned,Learned Basis,4.5775886
Learned,Learned Basis,5.6636343
Learned,Learned Basis,6.1593003
Learned,Learned Basis,6.619688
Learned,Learned Basis,6.123313
Learned,Learned Basis,5.4052353
Learned,Learned Basis,4.7784057
Learned,Learned Basis,5.6964593
Learned,Learned Basis,5.515509
Learned,Learned Basis,6.6035833
Learned,Learned Basis,5.42787
Learned,Learned Basis,4.1168156
Learned,Learned Basis,5.4168553
Learned,Learned Basis,5.2614474
Learned,Learned Basis,6.1682377
Learned,Learned Basis,4.5913725
Learned,Learned Basis,5.4624467
Learned,Learned Basis,5.1983156
Learned,Learned Basis,6.3957453
Learned,Learned Basis,7.444834
Learned,Learned Basis,5.991421
Learned,Learned Basis,6.2383194
Learned,Learned Basis,4.707085
Learned,Learned Basis,4.755761
Learned,Learned Basis,6.2094564
Learned,Learned Basis,5.765587
Learned,Learned Basis,4.9757013
Learned,Learned Basis,3.8235402
Learned,Learned Basis,7.1254044
Learned,Learned Basis,5.532056
Learned,Learned Basis,5.0265446
Learned,Learned Basis,5.6575584
Learned,Learned Basis,4.460085
Learned,Learned Basis,5.9569616
Learned,Learned Basis,5.664935
Learned,Learned Basis,4.479574
Learned,Learned Basis,3.9047263
Learned,Learned Basis,5.1815424
Learned,Learned Basis,6.065342
Learned,Learned Basis,5.705605
Learned,Learned Basis,6.466344
Learned,Learned Basis,5.305855
Learned,Learned Basis,6.1501813
Learned,Learned Basis,6.0180893
Learned,Learned Basis,4.839153
Learned,Learned Basis,5.811508
Learned,Learned Basis,5.725871
Learned,Learned Basis,4.286193
Learned,Learned Basis,5.278365
Learned,Learned Basis,6.5440073
Learned,Learned Basis,5.163386
Learned,Learned Basis,5.022792
Learned,Learned Basis,4.7959785
Learned,Learned Basis,7.582197
Learned,Learned Basis,5.368
Learned,Learned Basis,5.68269
Learned,Learned Basis,5.030739
Learned,Learned Basis,4.6468086
Learned,Learned Basis,6.8008513
Learned,Learned Basis,5.580185
Learned,Learned Basis,5.2318907
Learned,Learned Basis,5.1479745
Learned,Learned Basis,5.5494576
Learned,Learned Basis,6.155073
Learned,Learned Basis,5.213622
Learned,Learned Basis,4.54202
Learned,Learned Basis,4.515675
Learned,Learned Basis,5.0223804
Learned,Learned Basis,6.3023925
Learned,Learned Basis,5.742238
Learned,Learned Basis,6.1827703
Learned,Learned Basis,6.7887964
Learned,Learned Basis,5.686741
Learned,Learned Basis,4.758543
Learned,Learned Basis,4.695053
Learned,Learned Basis,7.3031898
Learned,Learned Basis,5.9055576
Learned,Learned Basis,5.176634
Learned,Learned Basis,3.940059
Learned,Learned Basis,4.8922815
Learned,Learned Basis,6.4825935
Learned,Learned Basis,5.6607914
Learned,Learned Basis,6.3251266
Learned,Learned Basis,5.7257566
Learned,Learned Basis,5.467348
Learned,Learned Basis,6.5904927
Learned,Learned Basis,4.5860786
Learned,Learned Basis,4.9326377
Learned,Learned Basis,5.7730503
Learned,Learned Basis,3.99536
Learned,Learned Basis,4.7953157
Learned,Learned Basis,4.797583
Learned,Learned Basis,5.5063114
Learned,Learned Basis,6.851019
Learned,Learned Basis,4.370771
Learned,Learned Basis,5.6127567
Learned,Learned Basis,6.5025797
Learned,Learned Basis,5.264683
Learned,Learned Basis,5.3278265
Learned,Learned Basis,6.2794476
Learned,Learned Basis,4.3824315
Learned,Learned Basis,5.7208567
Learned,Learned Basis,4.909362
Learned,Learned Basis,4.3459654
Learned,Learned Basis,5.852335
Learned,Learned Basis,5.6398773
Learned,Learned Basis,7.113319
Learned,Learned Basis,5.4978175
Learned,Learned Basis,4.1176786
Learned,Learned Basis,4.622919
Learned,Learned Basis,6.024069
Learned,Learned Basis,5.1063566
Learned,Learned Basis,5.445762
Learned,Learned Basis,5.9095716
Learned,Learned Basis,5.1513047
Learned,Learned Basis,5.832103
Learned,Learned Basis,7.275791
Learned,Learned Basis,5.0408945
Learned,Learned Basis,6.2510915
Learned,Learned Basis,5.77497
Learned,Learned Basis,4.6007037
Learned,Learned Basis,4.522425
Learned,Learned Basis,4.613472
Learned,Learned Basis,5.3931437
Learned,Learned Basis,6.5704346
Learned,Learned Basis,5.928843
Learned,Learned Basis,6.072358
Learned,Learned Basis,6.5013113
Learned,Learned Basis,7.1577797
Learned,Learned Basis,5.508462
Learned,Learned Basis,4.8680587
Learned,Learned Basis,5.929795
Learned,Learned Basis,8.061579
Learned,Learned Basis,5.2046614
Learned,Learned Basis,7.7741117
Learned,Learned Basis,4.447971
Learned,Learned Basis,7.0926566
Learned,Learned Basis,8.146573
Learned,Learned Basis,4.977682
Learned,Learned Basis,8.641998
Learned,Learned Basis,4.1979704
Learned,Learned Basis,5.5006676
Learned,Learned Basis,6.102841
Learned,Learned Basis,5.3366175
Learned,Learned Basis,6.127357
Learned,Learned Basis,4.479299
Learned,Learned Basis,5.255929
Learned,Learned Basis,5.927023
Learned,Learned Basis,4.14907
Learned,Learned Basis,4.9477377
Learned,Learned Basis,5.6539993
Learned,Learned Basis,5.275824
Learned,Learned Basis,4.6699305
Learned,Learned Basis,6.0466003
Learned,Learned Basis,5.8269763
Learned,Learned Basis,5.479329
Learned,Learned Basis,5.36057
Learned,Learned Basis,5.3025694
Learned,Learned Basis,6.386519
Learned,Learned Basis,5.3992167
Learned,Learned Basis,5.574729
Learned,Learned Basis,5.6625557
Learned,Learned Basis,6.0080442
Learned,Learned Basis,5.571331
Learned,Learned Basis,4.9758534
Learned,Learned Basis,7.182373
Learned,Learned Basis,4.677506
Learned,Learned Basis,4.240945
Learned,Learned Basis,5.911135
Learned,Learned Basis,3.881458
Learned,Learned Basis,5.597498
Learned,Learned Basis,4.2196283
Learned,Learned Basis,5.3265743
Learned,Learned Basis,5.1339383
Learned,Learned Basis,5.136594
Learned,Learned Basis,5.340666
Learned,Learned Basis,5.3416343
Learned,Learned Basis,4.958371
Learned,Learned Basis,5.2631598
Learned,Learned Basis,4.9463234
Learned,Learned Basis,6.298244
Learned,Learned Basis,4.7532063
Learned,Learned Basis,5.1264234
Learned,Learned Basis,5.814108
Learned,Learned Basis,6.917806
Learned,Learned Basis,4.755058
Learned,Learned Basis,6.1942797
Learned,Learned Basis,5.393606
Learned,Learned Basis,5.0146227
Learned,Learned Basis,5.6798916
Learned,Learned Basis,6.494527
Learned,Learned Basis,8.277172
Learned,Learned Basis,7.0373507
Learned,Learned Basis,5.402197
Learned,Learned Basis,5.001809
Learned,Learned Basis,4.479465
Learned,Learned Basis,4.856872
Learned,Learned Basis,6.9782286
Learned,Learned Basis,5.426055
Learned,Learned Basis,5.000705
Learned,Learned Basis,4.958245
Learned,Learned Basis,6.294385
Learned,Learned Basis,6.9020014
Learned,Learned Basis,4.655817
Learned,Learned Basis,5.9068346
Learned,Learned Basis,6.080817
Learned,Learned Basis,5.1936297
Learned,Learned Basis,5.460468
Learned,Learned Basis,5.2285957
Learned,Learned Basis,6.506143
Learned,Learned Basis,5.24984
Learned,Learned Basis,6.3905787
Learned,Learned Basis,5.0940495
Learned,Learned Basis,4.822455
Learned,Learned Basis,4.904773
Learned,Learned Basis,8.104798
Learned,Learned Basis,5.1583533
Learned,Learned Basis,5.3302026
Learned,Learned Basis,8.182761
Learned,Learned Basis,5.767254
Learned,Learned Basis,5.394904
Learned,Learned Basis,4.497386
Learned,Learned Basis,8.169918
Learned,Learned Basis,6.2197037
Learned,Learned Basis,5.34886
Learned,Learned Basis,4.707717
Learned,Learned Basis,4.4015174
Learned,Learned Basis,5.4605684
Learned,Learned Basis,4.832234
Learned,Learned Basis,6.5533895
Learned,Learned Basis,6.014718
Learned,Learned Basis,5.883173
Learned,Learned Basis,6.630763
Learned,Learned Basis,5.3726854
Learned,Learned Basis,5.600722
Learned,Learned Basis,3.8505058
Learned,Learned Basis,6.5475745
Learned,Learned Basis,7.667083
Learned,Learned Basis,5.442986
Learned,Learned Basis,6.044838
Learned,Learned Basis,5.475104
Learned,Learned Basis,5.5866604
Learned,Learned Basis,6.303341
Learned,Learned Basis,6.404257
Learned,Learned Basis,4.6310606
Learned,Learned Basis,5.65596
Learned,Learned Basis,4.8482304
Learned,Learned Basis,5.3407264
Learned,Learned Basis,5.64187
Learned,Learned Basis,6.029193
Learned,Learned Basis,4.6037264
Learned,Learned Basis,4.296986
Learned,Learned Basis,4.8619504
Learned,Learned Basis,6.080615
Learned,Learned Basis,4.9692216
Learned,Learned Basis,6.707466
Learned,Learned Basis,4.890599
Learned,Learned Basis,5.3761187
Learned,Learned Basis,4.5242352
Learned,Learned Basis,6.6962776
Learned,Learned Basis,5.574437
Learned,Learned Basis,5.3206325
Learned,Learned Basis,5.625305
Learned,Learned Basis,5.4053264
Learned,Learned Basis,4.700482
Learned,Learned Basis,6.0373325
Learned,Learned Basis,5.2303734
Learned,Learned Basis,5.9529057
Learned,Learned Basis,6.2459793
Learned,Learned Basis,6.3502192
Learned,Learned Basis,5.9277964
Learned,Learned Basis,5.049402
Learned,Learned Basis,4.4033427
Learned,Learned Basis,5.5053177
Learned,Learned Basis,4.8243237
Learned,Learned Basis,5.330332
Learned,Learned Basis,5.969725
Learned,Learned Basis,6.249302
Learned,Learned Basis,4.5220585
Learned,Learned Basis,4.7659383
Learned,Learned Basis,5.5952244
Learned,Learned Basis,6.604682
Learned,Learned Basis,6.3732786
Learned,Learned Basis,4.1304383
Learned,Learned Basis,5.168562
Learned,Learned Basis,7.061624
Learned,Learned Basis,4.6961193
Learned,Learned Basis,5.214705
Learned,Learned Basis,5.0021834
Learned,Learned Basis,4.364327
Learned,Learned Basis,5.8879747
Learned,Learned Basis,6.1120706
Learned,Learned Basis,6.479884
Learned,Learned Basis,4.368801
Learned,Learned Basis,4.124555
Learned,Learned Basis,4.8786144
Learned,Learned Basis,5.4148726
Learned,Learned Basis,5.2685566
Learned,Learned Basis,5.965207
Learned,Learned Basis,6.190514
Learned,Learned Basis,4.739907
Learned,Learned Basis,5.898743
Learned,Learned Basis,7.78174
Learned,Learned Basis,4.923829
Learned,Learned Basis,4.989262
Learned,Learned Basis,5.6274867
Learned,Learned Basis,5.7490826
Learned,Learned Basis,5.1602783
Learned,Learned Basis,4.9609528
Learned,Learned Basis,3.9979105
Learned,Learned Basis,5.164352
Learned,Learned Basis,4.5717435
Learned,Learned Basis,6.5300364
Learned,Learned Basis,5.1682086
Learned,Learned Basis,5.0370197
Learned,Learned Basis,5.9811025
Learned,Learned Basis,5.809597
Learned,Learned Basis,6.6994405
Learned,Learned Basis,6.4024444
Learned,Learned Basis,5.0551558
Learned,Learned Basis,5.693707
Learned,Learned Basis,6.6788144
Learned,Learned Basis,4.488413
Learned,Learned Basis,4.628683
Learned,Learned Basis,5.913926
Learned,Learned Basis,6.1532717
Learned,Learned Basis,4.650242
Learned,Learned Basis,5.74218
Learned,Learned Basis,5.038246
Learned,Learned Basis,5.635413
Learned,Learned Basis,5.9173226
Learned,Learned Basis,5.5950403
Learned,Learned Basis,5.484475
Learned,Learned Basis,4.092311
Learned,Learned Basis,5.9498196
Learned,Learned Basis,5.685377
Learned,Learned Basis,6.9386835
Learned,Learned Basis,6.1141276
Learned,Learned Basis,5.754677
Learned,Learned Basis,4.211806
Learned,Learned Basis,4.9770494
Learned,Learned Basis,5.969896
Learned,Learned Basis,5.49823
Learned,Learned Basis,6.6355925
Learned,Learned Basis,5.659998
Learned,Learned Basis,5.5108027
Learned,Learned Basis,4.524316
Learned,Learned Basis,5.789277
Learned,Learned Basis,6.9010644
Learned,Learned Basis,4.9249644
Learned,Learned Basis,6.0886774
Learned,Learned Basis,4.6301064
Learned,Learned Basis,5.8972387
Learned,Learned Basis,5.313822
Learned,Learned Basis,4.91705
Learned,Learned Basis,5.901067
Learned,Learned Basis,6.001095
Learned,Learned Basis,5.4507875
Learned,Learned Basis,7.076971
Learned,Learned Basis,5.648962
Learned,Learned Basis,4.8938375
Learned,Learned Basis,4.6236005
Learned,Learned Basis,4.527206
Learned,Learned Basis,5.286233
Learned,Learned Basis,5.639326
Learned,Learned Basis,5.358773
Learned,Learned Basis,4.8670735
Learned,Learned Basis,6.657008
Learned,Learned Basis,5.3327794
Learned,Learned Basis,5.7014103
Learned,Learned Basis,6.0890365
Learned,Learned Basis,6.10828
Learned,Learned Basis,4.85155
Learned,Learned Basis,5.738467
Learned,Learned Basis,4.486442
Learned,Learned Basis,6.10399
Learned,Learned Basis,3.542713
Learned,Learned Basis,6.9035597
Learned,Learned Basis,7.3430614
Learned,Learned Basis,6.269511
Learned,Learned Basis,4.7562532
Learned,Learned Basis,5.118949
Learned,Learned Basis,4.821381
Learned,Learned Basis,6.063993
Learned,Learned Basis,4.945006
Learned,Learned Basis,5.741091
Learned,Learned Basis,4.277506
Learned,Learned Basis,4.016915
Learned,Learned Basis,5.371952
Learned,Learned Basis,5.8793077
Learned,Learned Basis,5.137661
Learned,Learned Basis,4.581789
Learned,Learned Basis,5.9085107
Learned,Learned Basis,7.1064625
Learned,Learned Basis,6.5501842
Learned,Learned Basis,6.4965434
Learned,Learned Basis,4.8853774
Learned,Learned Basis,4.9699454
Learned,Learned Basis,5.7476645
Learned,Learned Basis,5.5951157
Learned,Learned Basis,6.8351007
Learned,Learned Basis,5.4573436
Learned,Learned Basis,5.1464086
Learned,Learned Basis,4.5478396
Learned,Learned Basis,8.249453
Learned,Learned Basis,5.8065777
Learned,Learned Basis,4.1011953
Learned,Learned Basis,6.305926
Learned,Learned Basis,4.408762
Learned,Learned Basis,5.7526255
Learned,Learned Basis,4.075017
Learned,Learned Basis,5.6740084
Learned,Learned Basis,5.7515745
Learned,Learned Basis,5.2760677
Learned,Learned Basis,5.4567204
Learned,Learned Basis,5.309204
Learned,Learned Basis,4.666383
Learned,Learned Basis,5.312507
Learned,Learned Basis,6.4930353
Learned,Learned Basis,4.1283135
Learned,Learned Basis,4.9211917
Learned,Learned Basis,4.5042973
Learned,Learned Basis,5.167487
Learned,Learned Basis,4.3555727
Learned,Learned Basis,5.8154287
Learned,Learned Basis,4.7784014
Learned,Learned Basis,5.886486
Learned,Learned Basis,4.549288
Learned,Learned Basis,6.303511
Learned,Learned Basis,7.300749
Learned,Learned Basis,5.4665766
Learned,Learned Basis,6.3344965
Learned,Learned Basis,5.40001
Learned,Learned Basis,5.3543863
Learned,Learned Basis,6.9298606
Learned,Learned Basis,5.4633503
Learned,Learned Basis,5.4668016
Learned,Learned Basis,4.927922
Learned,Learned Basis,6.3056755
Learned,Learned Basis,5.466239
Learned,Learned Basis,5.9992123
Learned,Learned Basis,4.4511075
Learned,Learned Basis,5.6996145
Learned,Learned Basis,5.164488
Learned,Learned Basis,5.792315
Learned,Learned Basis,7.737814
Learned,Learned Basis,4.732646
Learned,Learned Basis,6.0591736
Learned,Learned Basis,5.4846916
Learned,Learned Basis,4.528932
Learned,Learned Basis,5.341214
Learned,Learned Basis,6.450186
Learned,Learned Basis,6.5904164
Learned,Learned Basis,5.246742
Learned,Learned Basis,4.4158115
Learned,Learned Basis,4.149978
Learned,Learned Basis,5.742478
Learned,Learned Basis,6.317255
Learned,Learned Basis,5.7777567
Learned,Learned Basis,7.167559
Learned,Learned Basis,5.5473833
Learned,Learned Basis,5.709756
Learned,Learned Basis,5.043826
Learned,Learned Basis,5.64211
Learned,Learned Basis,5.23962
Learned,Learned Basis,4.558067
Learned,Learned Basis,4.573515
Learned,Learned Basis,5.0790586
Learned,Learned Basis,5.831359
Learned,Learned Basis,5.5669355
Learned,Learned Basis,7.3180065
Learned,Learned Basis,6.762876
Learned,Learned Basis,4.749197
Learned,Learned Basis,4.566776
Learned,Learned Basis,5.3373027
Learned,Learned Basis,5.715902
Learned,Learned Basis,5.291562
Learned,Learned Basis,5.0241046
Learned,Learned Basis,7.228243
Learned,Learned Basis,5.526281
Learned,Learned Basis,5.532838
Learned,Learned Basis,5.4001145
Learned,Learned Basis,6.2001395
Learned,Learned Basis,5.581852
Learned,Learned Basis,6.087591
Learned,Learned Basis,6.375317
Learned,Learned Basis,5.68606
Learned,Learned Basis,5.687153
Learned,Learned Basis,4.645855
Learned,Learned Basis,6.3073897
Learned,Learned Basis,7.703347
Learned,Learned Basis,4.547306
Learned,Learned Basis,5.737366
Learned,Learned Basis,5.8642893
Learned,Learned Basis,4.443819
Learned,Learned Basis,5.9248204
Learned,Learned Basis,5.620536
Learned,Learned Basis,5.662164
Learned,Learned Basis,6.129625
Learned,Learned Basis,4.0348253
Learned,Learned Basis,7.4547677
Learned,Learned Basis,6.6122746
Learned,Learned Basis,6.1383142
Learned,Learned Basis,5.653365
Learned,Learned Basis,5.6761723
Learned,Learned Basis,4.886307
Learned,Learned Basis,7.03867
Learned,Learned Basis,5.368361
Learned,Learned Basis,5.796888
Learned,Learned Basis,5.8210735
Learned,Learned Basis,6.3127046
Learned,Learned Basis,5.6147785
Learned,Learned Basis,4.8167434
Learned,Learned Basis,4.8416066
Learned,Learned Basis,5.0534887
Learned,Learned Basis,7.409725
Learned,Learned Basis,5.184064
Learned,Learned Basis,6.825985
Learned,Learned Basis,6.156148
Learned,Learned Basis,6.653901
Learned,Learned Basis,5.2855644
Learned,Learned Basis,5.0068884
Learned,Learned Basis,4.7609024
Learned,Learned Basis,4.7181053
Learned,Learned Basis,5.197394
Learned,Learned Basis,5.1229944
Learned,Learned Basis,5.5645094
Learned,Learned Basis,4.953711
Learned,Learned Basis,6.305561
Learned,Learned Basis,5.040389
Learned,Learned Basis,4.0705433
Learned,Learned Basis,6.847367
Learned,Learned Basis,5.636702
Learned,Learned Basis,5.4027452
Learned,Learned Basis,5.3998017
Learned,Learned Basis,4.790495
Learned,Learned Basis,6.173849
Learned,Learned Basis,6.3691688
Learned,Learned Basis,5.610981
Learned,Learned Basis,6.130911
Learned,Learned Basis,5.3452973
Learned,Learned Basis,5.809186
Learned,Learned Basis,5.964091
Learned,Learned Basis,4.6115866
Learned,Learned Basis,5.763373
Learned,Learned Basis,5.2899737
Learned,Learned Basis,4.877878
Learned,Learned Basis,4.328602
Learned,Learned Basis,6.1129017
Learned,Learned Basis,5.338323
Learned,Learned Basis,6.0668764
Learned,Learned Basis,5.641248
Learned,Learned Basis,6.007602
Learned,Learned Basis,6.191755
Learned,Learned Basis,4.260322
Learned,Learned Basis,5.5732994
Learned,Learned Basis,5.325251
Learned,Learned Basis,5.679593
Learned,Learned Basis,5.2816105
Learned,Learned Basis,6.549406
Learned,Learned Basis,5.514832
Learned,Learned Basis,4.8253436
Learned,Learned Basis,4.6877775
Learned,Learned Basis,5.340246
Learned,Learned Basis,5.2854977
Learned,Learned Basis,5.1490684
Learned,Learned Basis,3.9454064
Learned,Learned Basis,4.5183578
Learned,Learned Basis,5.505299
Learned,Learned Basis,5.5288024
Learned,Learned Basis,5.3750854
Learned,Learned Basis,5.62842
Learned,Learned Basis,6.794639
Learned,Learned Basis,4.7326446
Learned,Learned Basis,4.869649
OFDM,Classical OFDM,6.0257773
OFDM,Classical OFDM,5.344439
OFDM,Classical OFDM,6.0472703
OFDM,Classical OFDM,5.883563
OFDM,Classical OFDM,6.3246374
OFDM,Classical OFDM,5.635119
OFDM,Classical OFDM,5.7022686
OFDM,Classical OFDM,6.546996
OFDM,Classical OFDM,6.3587003
OFDM,Classical OFDM,6.2510567
OFDM,Classical OFDM,6.4435835
OFDM,Classical OFDM,4.533109
OFDM,Classical OFDM,5.9878616
OFDM,Classical OFDM,5.136441
OFDM,Classical OFDM,6.3464108
OFDM,Classical OFDM,6.08819
OFDM,Classical OFDM,5.356419
OFDM,Classical OFDM,9.148965
OFDM,Classical OFDM,7.385163
OFDM,Classical OFDM,5.7858696
OFDM,Classical OFDM,8.0732
OFDM,Classical OFDM,7.7715635
OFDM,Classical OFDM,8.05895
OFDM,Classical OFDM,5.55986
OFDM,Classical OFDM,5.2836175
OFDM,Classical OFDM,7.192711
OFDM,Classical OFDM,8.598589
OFDM,Classical OFDM,6.169409
OFDM,Classical OFDM,7.34713
OFDM,Classical OFDM,6.153052
OFDM,Classical OFDM,6.3220434
OFDM,Classical OFDM,5.4565153
OFDM,Classical OFDM,6.1065288
OFDM,Classical OFDM,6.083585
OFDM,Classical OFDM,8.277113
OFDM,Classical OFDM,5.7866883
OFDM,Classical OFDM,5.981659
OFDM,Classical OFDM,7.281355
OFDM,Classical OFDM,6.5021553
OFDM,Classical OFDM,7.504073
OFDM,Classical OFDM,6.144615
OFDM,Classical OFDM,5.4814577
OFDM,Classical OFDM,5.364154
OFDM,Classical OFDM,10.8765135
OFDM,Classical OFDM,6.5532484
OFDM,Classical OFDM,7.316571
OFDM,Classical OFDM,6.862604
OFDM,Classical OFDM,8.203741
OFDM,Classical OFDM,6.1623974
OFDM,Classical OFDM,6.7780237
OFDM,Classical OFDM,6.151915
OFDM,Classical OFDM,7.9714913
OFDM,Classical OFDM,5.50247
OFDM,Classical OFDM,5.185371
OFDM,Classical OFDM,6.698609
OFDM,Classical OFDM,6.356957
OFDM,Classical OFDM,6.344006
OFDM,Classical OFDM,6.347431
OFDM,Classical OFDM,6.395495
OFDM,Classical OFDM,6.2255764
OFDM,Classical OFDM,5.318708
OFDM,Classical OFDM,7.311192
OFDM,Classical OFDM,6.6737533
OFDM,Classical OFDM,5.4284563
OFDM,Classical OFDM,5.680331
OFDM,Classical OFDM,6.2241006
OFDM,Classical OFDM,6.6404204
OFDM,Classical OFDM,8.855936
OFDM,Classical OFDM,6.9830747
OFDM,Classical OFDM,7.3675303
OFDM,Classical OFDM,6.44006
OFDM,Classical OFDM,6.1292815
OFDM,Classical OFDM,7.9506497
OFDM,Classical OFDM,7.5409436
OFDM,Classical OFDM,6.839158
OFDM,Classical OFDM,5.686319
OFDM,Classical OFDM,6.216311
OFDM,Classical OFDM,6.4660006
OFDM,Classical OFDM,6.6909466
OFDM,Classical OFDM,6.797621
OFDM,Classical OFDM,8.1740465
OFDM,Classical OFDM,6.386442
OFDM,Classical OFDM,5.4760075
OFDM,Classical OFDM,6.4653234
OFDM,Classical OFDM,6.4654636
OFDM,Classical OFDM,7.168338
OFDM,Classical OFDM,4.768254
OFDM,Classical OFDM,6.5736175
OFDM,Classical OFDM,5.949745
OFDM,Classical OFDM,6.5345783
OFDM,Classical OFDM,4.9059205
OFDM,Classical OFDM,5.7354302
OFDM,Classical OFDM,6.6798873
OFDM,Classical OFDM,5.827448
OFDM,Classical OFDM,5.436261
OFDM,Classical OFDM,6.4320736
OFDM,Classical OFDM,6.3923893
OFDM,Classical OFDM,6.751376
OFDM,Classical OFDM,8.75906
OFDM,Classical OFDM,6.1669946
OFDM,Classical OFDM,8.708971
OFDM,Classical OFDM,6.0530243
OFDM,Classical OFDM,5.8635325
OFDM,Classical OFDM,6.519867
OFDM,Classical OFDM,6.838377
OFDM,Classical OFDM,7.3649874
OFDM,Classical OFDM,5.5853662
OFDM,Classical OFDM,8.061308
OFDM,Classical OFDM,5.99896
OFDM,Classical OFDM,5.677931
OFDM,Classical OFDM,5.854626
OFDM,Classical OFDM,7.1705484
OFDM,Classical OFDM,5.1443796
OFDM,Classical OFDM,6.7083974
OFDM,Classical OFDM,5.480204
OFDM,Classical OFDM,5.832176
OFDM,Classical OFDM,7.399645
OFDM,Classical OFDM,6.8301
OFDM,Classical OFDM,6.173
OFDM,Classical OFDM,7.486841
OFDM,Classical OFDM,4.5332108
OFDM,Classical OFDM,7.6486926
OFDM,Classical OFDM,6.123362
OFDM,Classical OFDM,5.2241745
OFDM,Classical OFDM,7.673258
OFDM,Classical OFDM,5.8568754
OFDM,Classical OFDM,6.5170836
OFDM,Classical OFDM,7.516218
OFDM,Classical OFDM,7.6445837
OFDM,Classical OFDM,8.621979
OFDM,Classical OFDM,5.3660817
OFDM,Classical OFDM,7.3670607
OFDM,Classical OFDM,6.188166
OFDM,Classical OFDM,6.781086
OFDM,Classical OFDM,5.9032483
OFDM,Classical OFDM,6.872754
OFDM,Classical OFDM,8.799484
OFDM,Classical OFDM,5.6788564
OFDM,Classical OFDM,4.6051884
OFDM,Classical OFDM,6.2471013
OFDM,Classical OFDM,7.425439
OFDM,Classical OFDM,7.697522
OFDM,Classical OFDM,6.496192
OFDM,Classical OFDM,7.2907553
OFDM,Classical OFDM,8.943914
OFDM,Classical OFDM,5.76498
OFDM,Classical OFDM,5.9055333
OFDM,Classical OFDM,6.040887
OFDM,Classical OFDM,5.884491
OFDM,Classical OFDM,5.628622
OFDM,Classical OFDM,6.2117443
OFDM,Classical OFDM,8.773702
OFDM,Classical OFDM,6.536374
OFDM,Classical OFDM,6.6882067
OFDM,Classical OFDM,6.112051
OFDM,Classical OFDM,6.1502104
OFDM,Classical OFDM,6.3140993
OFDM,Classical OFDM,8.433395
OFDM,Classical OFDM,6.3661184
OFDM,Classical OFDM,7.7130365
OFDM,Classical OFDM,6.3811917
OFDM,Classical OFDM,5.775395
OFDM,Classical OFDM,7.329526
OFDM,Classical OFDM,6.2569895
OFDM,Classical OFDM,7.664184
OFDM,Classical OFDM,6.256529
OFDM,Classical OFDM,6.496616
OFDM,Classical OFDM,6.5426564
OFDM,Classical OFDM,9.149029
OFDM,Classical OFDM,6.5409126
OFDM,Classical OFDM,6.584874
OFDM,Classical OFDM,5.292194
OFDM,Classical OFDM,6.925171
OFDM,Classical OFDM,5.7801743
OFDM,Classical OFDM,8.549259
OFDM,Classical OFDM,6.1360626
OFDM,Classical OFDM,7.373706
OFDM,Classical OFDM,6.0027747
OFDM,Classical OFDM,6.322081
OFDM,Classical OFDM,5.439834
OFDM,Classical OFDM,4.561
OFDM,Classical OFDM,6.030536
OFDM,Classical OFDM,6.3253837
OFDM,Classical OFDM,8.231061
OFDM,Classical OFDM,9.272421
OFDM,Classical OFDM,7.5314145
OFDM,Classical OFDM,6.339529
OFDM,Classical OFDM,6.328742
OFDM,Classical OFDM,6.1397743
OFDM,Classical OFDM,5.19607
OFDM,Classical OFDM,7.4008107
OFDM,Classical OFDM,7.0087667
OFDM,Classical OFDM,8.139969
OFDM,Classical OFDM,7.307727
OFDM,Classical OFDM,7.3425193
OFDM,Classical OFDM,4.572559
OFDM,Classical OFDM,5.816267
OFDM,Classical OFDM,6.959779
OFDM,Classical OFDM,6.465058
OFDM,Classical OFDM,5.379756
OFDM,Classical OFDM,7.1016173
OFDM,Classical OFDM,6.237764
OFDM,Classical OFDM,6.8907814
OFDM,Classical OFDM,7.595381
OFDM,Classical OFDM,5.9262276
OFDM,Classical OFDM,5.18902
OFDM,Classical OFDM,6.9157815
OFDM,Classical OFDM,6.1891847
OFDM,Classical OFDM,8.124751
OFDM,Classical OFDM,7.455286
OFDM,Classical OFDM,6.0720086
OFDM,Classical OFDM,7.9685884
OFDM,Classical OFDM,5.6497364
OFDM,Classical OFDM,8.295544
OFDM,Classical OFDM,7.2984114
OFDM,Classical OFDM,7.1470375
OFDM,Classical OFDM,5.903512
OFDM,Classical OFDM,6.567192
OFDM,Classical OFDM,5.5864663
OFDM,Classical OFDM,5.379195
OFDM,Classical OFDM,7.209334
OFDM,Classical OFDM,5.2293053
OFDM,Classical OFDM,7.0728626
OFDM,Classical OFDM,5.136407
OFDM,Classical OFDM,6.220749
OFDM,Classical OFDM,5.8498516
OFDM,Classical OFDM,6.441712
OFDM,Classical OFDM,5.314793
OFDM,Classical OFDM,5.8860974
OFDM,Classical OFDM,5.5782423
OFDM,Classical OFDM,5.820356
OFDM,Classical OFDM,6.5979147
OFDM,Classical OFDM,6.218704
OFDM,Classical OFDM,7.6781025
OFDM,Classical OFDM,6.7114167
OFDM,Classical OFDM,5.082239
OFDM,Classical OFDM,7.492332
OFDM,Classical OFDM,6.6615086
OFDM,Classical OFDM,8.504156
OFDM,Classical OFDM,7.929841
OFDM,Classical OFDM,6.7357416
OFDM,Classical OFDM,4.555128
OFDM,Classical OFDM,6.9840355
OFDM,Classical OFDM,8.561579
OFDM,Classical OFDM,5.142866
OFDM,Classical OFDM,6.092978
OFDM,Classical OFDM,8.278675
OFDM,Classical OFDM,6.48474
OFDM,Classical OFDM,6.171136
OFDM,Classical OFDM,6.884887
OFDM,Classical OFDM,5.8289285
OFDM,Classical OFDM,7.5980854
OFDM,Classical OFDM,6.895695
OFDM,Classical OFDM,8.314284
OFDM,Classical OFDM,7.642532
OFDM,Classical OFDM,6.046498
OFDM,Classical OFDM,6.9822464
OFDM,Classical OFDM,6.969526
OFDM,Classical OFDM,6.736393
OFDM,Classical OFDM,7.2195234
OFDM,Classical OFDM,5.3013535
OFDM,Classical OFDM,6.0741925
OFDM,Classical OFDM,7.9865165
OFDM,Classical OFDM,6.410458
OFDM,Classical OFDM,6.9748454
OFDM,Classical OFDM,5.9347963
OFDM,Classical OFDM,7.141226
OFDM,Classical OFDM,8.784662
OFDM,Classical OFDM,7.8746266
OFDM,Classical OFDM,8.357836
OFDM,Classical OFDM,4.752114
OFDM,Classical OFDM,7.725294
OFDM,Classical OFDM,7.865329
OFDM,Classical OFDM,4.640793
OFDM,Classical OFDM,6.784066
OFDM,Classical OFDM,7.723611
OFDM,Classical OFDM,6.384911
OFDM,Classical OFDM,5.3472466
OFDM,Classical OFDM,6.693269
OFDM,Classical OFDM,6.977241
OFDM,Classical OFDM,6.450366
OFDM,Classical OFDM,6.1346507
OFDM,Classical OFDM,6.964487
OFDM,Classical OFDM,5.165703
OFDM,Classical OFDM,6.7180014
OFDM,Classical OFDM,7.806638
OFDM,Classical OFDM,8.46999
OFDM,Classical OFDM,8.001376
OFDM,Classical OFDM,6.7863865
OFDM,Classical OFDM,5.4715796
OFDM,Classical OFDM,7.291456
OFDM,Classical OFDM,7.088252
OFDM,Classical OFDM,7.1280622
OFDM,Classical OFDM,6.1162376
OFDM,Classical OFDM,5.794649
OFDM,Classical OFDM,7.904348
OFDM,Classical OFDM,5.8920927
OFDM,Classical OFDM,5.9569364
OFDM,Classical OFDM,8.224031
OFDM,Classical OFDM,8.262083
OFDM,Classical OFDM,6.4473743
OFDM,Classical OFDM,5.160968
OFDM,Classical OFDM,6.726379
OFDM,Classical OFDM,5.6591434
OFDM,Classical OFDM,8.380842
OFDM,Classical OFDM,7.620454
OFDM,Classical OFDM,6.475774
OFDM,Classical OFDM,7.687909
OFDM,Classical OFDM,5.237365
OFDM,Classical OFDM,6.196171
OFDM,Classical OFDM,6.9832034
OFDM,Classical OFDM,6.4448314
OFDM,Classical OFDM,5.5558352
OFDM,Classical OFDM,6.479994
OFDM,Classical OFDM,4.7308064
OFDM,Classical OFDM,5.311266
OFDM,Classical OFDM,8.251098
OFDM,Classical OFDM,5.660643
OFDM,Classical OFDM,6.968502
OFDM,Classical OFDM,5.9846277
OFDM,Classical OFDM,9.122956
OFDM,Classical OFDM,7.0298476
OFDM,Classical OFDM,8.306974
OFDM,Classical OFDM,5.8176556
OFDM,Classical OFDM,6.69424
OFDM,Classical OFDM,7.2073355
OFDM,Classical OFDM,7.1582074
OFDM,Classical OFDM,7.066856
OFDM,Classical OFDM,5.637531
OFDM,Classical OFDM,7.263894
OFDM,Classical OFDM,6.800891
OFDM,Classical OFDM,6.013131
OFDM,Classical OFDM,9.257873
OFDM,Classical OFDM,7.6856976
OFDM,Classical OFDM,6.9932265
OFDM,Classical OFDM,5.5871964
OFDM,Classical OFDM,6.200672
OFDM,Classical OFDM,6.6551256
OFDM,Classical OFDM,6.967127
OFDM,Classical OFDM,7.7783594
OFDM,Classical OFDM,5.618694
OFDM,Classical OFDM,6.0889893
OFDM,Classical OFDM,9.096353
OFDM,Classical OFDM,7.0920773
OFDM,Classical OFDM,7.579626
OFDM,Classical OFDM,7.253096
OFDM,Classical OFDM,7.688677
OFDM,Classical OFDM,5.6345563
OFDM,Classical OFDM,7.0912294
OFDM,Classical OFDM,5.426045
OFDM,Classical OFDM,6.12767
OFDM,Classical OFDM,5.3330173
OFDM,Classical OFDM,6.7166166
OFDM,Classical OFDM,7.1480036
OFDM,Classical OFDM,6.0811925
OFDM,Classical OFDM,6.569591
OFDM,Classical OFDM,5.429168
OFDM,Classical OFDM,7.6221952
OFDM,Classical OFDM,5.1671047
OFDM,Classical OFDM,6.8362164
OFDM,Classical OFDM,6.7559566
OFDM,Classical OFDM,7.332118
OFDM,Classical OFDM,7.015233
OFDM,Classical OFDM,7.402182
OFDM,Classical OFDM,7.0575457
OFDM,Classical OFDM,5.7853675
OFDM,Classical OFDM,4.9362893
OFDM,Classical OFDM,6.0568933
OFDM,Classical OFDM,8.448747
OFDM,Classical OFDM,8.628857
OFDM,Classical OFDM,6.832581
OFDM,Classical OFDM,5.677553
OFDM,Classical OFDM,6.3995543
OFDM,Classical OFDM,5.7461205
OFDM,Classical OFDM,6.0242753
OFDM,Classical OFDM,7.2196918
OFDM,Classical OFDM,7.16702
OFDM,Classical OFDM,7.058411
OFDM,Classical OFDM,6.6447487
OFDM,Classical OFDM,6.041276
OFDM,Classical OFDM,8.507483
OFDM,Classical OFDM,7.8135448
OFDM,Classical OFDM,6.537816
OFDM,Classical OFDM,6.026597
OFDM,Classical OFDM,6.5273643
OFDM,Classical OFDM,6.0414534
OFDM,Classical OFDM,6.2676544
OFDM,Classical OFDM,7.504677
OFDM,Classical OFDM,7.769456
OFDM,Classical OFDM,9.5437155
OFDM,Classical OFDM,5.6733246
OFDM,Classical OFDM,8.464997
OFDM,Classical OFDM,6.7962785
OFDM,Classical OFDM,7.9684916
OFDM,Classical OFDM,5.7371473
OFDM,Classical OFDM,5.4041348
OFDM,Classical OFDM,6.348589
OFDM,Classical OFDM,7.394998
OFDM,Classical OFDM,7.8821397
OFDM,Classical OFDM,5.504732
OFDM,Classical OFDM,6.4903135
OFDM,Classical OFDM,7.609624
OFDM,Classical OFDM,7.1121063
OFDM,Classical OFDM,6.6923976
OFDM,Classical OFDM,6.018544
OFDM,Classical OFDM,6.6941624
OFDM,Classical OFDM,4.992134
OFDM,Classical OFDM,7.8930373
OFDM,Classical OFDM,5.8192577
OFDM,Classical OFDM,6.3233404
OFDM,Classical OFDM,6.167881
OFDM,Classical OFDM,4.893665
OFDM,Classical OFDM,6.525707
OFDM,Classical OFDM,6.4680123
OFDM,Classical OFDM,7.330754
OFDM,Classical OFDM,7.2478666
OFDM,Classical OFDM,5.2886767
OFDM,Classical OFDM,6.5713983
OFDM,Classical OFDM,6.102209
OFDM,Classical OFDM,5.573139
OFDM,Classical OFDM,6.048194
OFDM,Classical OFDM,6.711962
OFDM,Classical OFDM,7.3236327
OFDM,Classical OFDM,5.3694515
OFDM,Classical OFDM,6.7133193
OFDM,Classical OFDM,5.579278
OFDM,Classical OFDM,6.9897037
OFDM,Classical OFDM,9.234451
OFDM,Classical OFDM,7.4869084
OFDM,Classical OFDM,7.362278
OFDM,Classical OFDM,5.6059017
OFDM,Classical OFDM,5.6457953
OFDM,Classical OFDM,4.8920903
OFDM,Classical OFDM,6.304874
OFDM,Classical OFDM,7.423816
OFDM,Classical OFDM,5.228851
OFDM,Classical OFDM,6.9611073
OFDM,Classical OFDM,7.707861
OFDM,Classical OFDM,6.0268326
OFDM,Classical OFDM,6.587932
OFDM,Classical OFDM,6.920826
OFDM,Classical OFDM,7.215769
OFDM,Classical OFDM,5.481163
OFDM,Classical OFDM,6.643916
OFDM,Classical OFDM,7.1771975
OFDM,Classical OFDM,6.4602776
OFDM,Classical OFDM,6.851826
OFDM,Classical OFDM,6.36682
OFDM,Classical OFDM,5.7293215
OFDM,Classical OFDM,7.2850103
OFDM,Classical OFDM,5.082614
OFDM,Classical OFDM,5.26171
OFDM,Classical OFDM,6.9535966
OFDM,Classical OFDM,6.2767878
OFDM,Classical OFDM,8.639983
OFDM,Classical OFDM,8.794332
OFDM,Classical OFDM,5.8519416
OFDM,Classical OFDM,7.0583687
OFDM,Classical OFDM,7.090218
OFDM,Classical OFDM,7.709282
OFDM,Classical OFDM,6.0438256
OFDM,Classical OFDM,8.652202
OFDM,Classical OFDM,6.562351
OFDM,Classical OFDM,8.004385
OFDM,Classical OFDM,7.0053034
OFDM,Classical OFDM,6.5924206
OFDM,Classical OFDM,5.968116
OFDM,Classical OFDM,5.893696
OFDM,Classical OFDM,7.412229
OFDM,Classical OFDM,6.754965
OFDM,Classical OFDM,8.393896
OFDM,Classical OFDM,6.0738583
OFDM,Classical OFDM,7.390874
OFDM,Classical OFDM,8.132535
OFDM,Classical OFDM,5.709384
OFDM,Classical OFDM,6.378542
OFDM,Classical OFDM,6.0688014
OFDM,Classical OFDM,6.0767326
OFDM,Classical OFDM,8.599262
OFDM,Classical OFDM,6.220308
OFDM,Classical OFDM,5.541278
OFDM,Classical OFDM,6.6616087
OFDM,Classical OFDM,5.9390965
OFDM,Classical OFDM,6.9437895
OFDM,Classical OFDM,7.8791027
OFDM,Classical OFDM,5.582218
OFDM,Classical OFDM,5.749646
OFDM,Classical OFDM,6.982312
OFDM,Classical OFDM,7.027798
OFDM,Classical OFDM,6.444917
OFDM,Classical OFDM,6.3207445
OFDM,Classical OFDM,6.0474033
OFDM,Classical OFDM,6.6994944
OFDM,Classical OFDM,6.8565683
OFDM,Classical OFDM,6.1730328
OFDM,Classical OFDM,6.871793
OFDM,Classical OFDM,8.210159
OFDM,Classical OFDM,7.9251223
OFDM,Classical OFDM,7.4461265
OFDM,Classical OFDM,5.345363
OFDM,Classical OFDM,5.75222
OFDM,Classical OFDM,6.309183
OFDM,Classical OFDM,5.8291664
OFDM,Classical OFDM,7.443674
OFDM,Classical OFDM,7.225295
OFDM,Classical OFDM,5.8056765
OFDM,Classical OFDM,6.65447
OFDM,Classical OFDM,5.9606166
OFDM,Classical OFDM,7.1860094
OFDM,Classical OFDM,6.568407
OFDM,Classical OFDM,6.436598
OFDM,Classical OFDM,6.8745995
OFDM,Classical OFDM,6.1312466
OFDM,Classical OFDM,6.235736
OFDM,Classical OFDM,7.657649
OFDM,Classical OFDM,8.394844
OFDM,Classical OFDM,6.9396825
OFDM,Classical OFDM,6.926347
OFDM,Classical OFDM,7.6934185
OFDM,Classical OFDM,7.1512995
OFDM,Classical OFDM,7.1126485
OFDM,Classical OFDM,7.269776
OFDM,Classical OFDM,7.1185203
OFDM,Classical OFDM,6.8556385
OFDM,Classical OFDM,6.352578
OFDM,Classical OFDM,7.3896484
OFDM,Classical OFDM,5.9847717
OFDM,Classical OFDM,5.4550986
OFDM,Classical OFDM,5.1909704
OFDM,Classical OFDM,7.676939
OFDM,Classical OFDM,6.8697586
OFDM,Classical OFDM,6.5025425
OFDM,Classical OFDM,7.1958437
OFDM,Classical OFDM,6.3678255
OFDM,Classical OFDM,6.95417
OFDM,Classical OFDM,6.3378963
OFDM,Classical OFDM,7.414982
OFDM,Classical OFDM,6.244128
OFDM,Classical OFDM,5.6905994
OFDM,Classical OFDM,7.7869186
OFDM,Classical OFDM,6.6679215
OFDM,Classical OFDM,8.912434
OFDM,Classical OFDM,6.9084625
OFDM,Classical OFDM,5.320272
OFDM,Classical OFDM,5.8569727
OFDM,Classical OFDM,7.417453
OFDM,Classical OFDM,5.902388
OFDM,Classical OFDM,7.601128
OFDM,Classical OFDM,7.430563
OFDM,Classical OFDM,6.3852053
OFDM,Classical OFDM,7.2881274
OFDM,Classical OFDM,8.066452
OFDM,Classical OFDM,6.4273973
OFDM,Classical OFDM,6.0838547
OFDM,Classical OFDM,6.943899
OFDM,Classical OFDM,5.9418416
OFDM,Classical OFDM,5.908704
OFDM,Classical OFDM,10.082545
OFDM,Classical OFDM,6.3333597
OFDM,Classical OFDM,7.011986
OFDM,Classical OFDM,7.720484
OFDM,Classical OFDM,5.115578
OFDM,Classical OFDM,6.840328
OFDM,Classical OFDM,6.9609966
OFDM,Classical OFDM,6.3284516
OFDM,Classical OFDM,6.5489526
OFDM,Classical OFDM,5.290401
OFDM,Classical OFDM,5.276091
OFDM,Classical OFDM,6.665073
OFDM,Classical OFDM,6.02462
OFDM,Classical OFDM,7.4220605
OFDM,Classical OFDM,6.208688
OFDM,Classical OFDM,6.064274
OFDM,Classical OFDM,8.896122
OFDM,Classical OFDM,5.708139
OFDM,Classical OFDM,5.925891
OFDM,Classical OFDM,5.2012815
OFDM,Classical OFDM,6.6540537
OFDM,Classical OFDM,6.1697726
OFDM,Classical OFDM,5.656357
OFDM,Classical OFDM,7.2704124
OFDM,Classical OFDM,8.556377
OFDM,Classical OFDM,6.337581
OFDM,Classical OFDM,7.1861053
OFDM,Classical OFDM,8.647549
OFDM,Classical OFDM,8.080257
OFDM,Classical OFDM,5.8987613
OFDM,Classical OFDM,5.9339137
OFDM,Classical OFDM,7.5714436
OFDM,Classical OFDM,6.5252485
OFDM,Classical OFDM,7.0101366
OFDM,Classical OFDM,7.5776
OFDM,Classical OFDM,6.6544576
OFDM,Classical OFDM,6.1059513
OFDM,Classical OFDM,6.242757
OFDM,Classical OFDM,5.499184
OFDM,Classical OFDM,6.597297
OFDM,Classical OFDM,6.91952
OFDM,Classical OFDM,6.395443
OFDM,Classical OFDM,5.671891
OFDM,Classical OFDM,6.218734
OFDM,Classical OFDM,6.5424194
OFDM,Classical OFDM,7.9136777
OFDM,Classical OFDM,7.251022
OFDM,Classical OFDM,6.484235
OFDM,Classical OFDM,5.528118
OFDM,Classical OFDM,5.6092334
OFDM,Classical OFDM,6.036874
OFDM,Classical OFDM,7.8901668
OFDM,Classical OFDM,6.3975115
OFDM,Classical OFDM,6.425862
OFDM,Classical OFDM,6.0513344
OFDM,Classical OFDM,7.121174
OFDM,Classical OFDM,7.445141
OFDM,Classical OFDM,5.076794
OFDM,Classical OFDM,5.9817595
OFDM,Classical OFDM,5.4181314
OFDM,Classical OFDM,6.956117
OFDM,Classical OFDM,5.787676
OFDM,Classical OFDM,6.327528
OFDM,Classical OFDM,7.022362
OFDM,Classical OFDM,6.844783
OFDM,Classical OFDM,6.673365
OFDM,Classical OFDM,6.283986
OFDM,Classical OFDM,6.9100866
OFDM,Classical OFDM,6.6534824
OFDM,Classical OFDM,6.0841317
OFDM,Classical OFDM,5.8029704
OFDM,Classical OFDM,6.454088
OFDM,Classical OFDM,6.7810826
OFDM,Classical OFDM,5.408555
OFDM,Classical OFDM,6.864378
OFDM,Classical OFDM,7.23925
OFDM,Classical OFDM,7.8586607
OFDM,Classical OFDM,6.0318727
OFDM,Classical OFDM,6.109358
OFDM,Classical OFDM,7.30829
OFDM,Classical OFDM,7.40546
OFDM,Classical OFDM,6.807434
OFDM,Classical OFDM,8.988296
OFDM,Classical OFDM,5.3987846
OFDM,Classical OFDM,6.764774
OFDM,Classical OFDM,6.3414774
OFDM,Classical OFDM,4.8828726
OFDM,Classical OFDM,4.9688077
OFDM,Classical OFDM,6.2968836
OFDM,Classical OFDM,6.8971605
OFDM,Classical OFDM,6.706755
OFDM,Classical OFDM,6.741016
OFDM,Classical OFDM,7.1261096
OFDM,Classical OFDM,8.868907
OFDM,Classical OFDM,5.504904
OFDM,Classical OFDM,6.0486417
OFDM,Classical OFDM,6.591649
OFDM,Classical OFDM,7.2571144
OFDM,Classical OFDM,6.6149325
OFDM,Classical OFDM,5.76061
OFDM,Classical OFDM,6.353611
OFDM,Classical OFDM,5.024663
OFDM,Classical OFDM,7.186285
OFDM,Classical OFDM,5.920455
OFDM,Classical OFDM,7.496538
OFDM,Classical OFDM,7.648854
OFDM,Classical OFDM,6.0900073
OFDM,Classical OFDM,6.973972
OFDM,Classical OFDM,6.569227
OFDM,Classical OFDM,7.0238547
OFDM,Classical OFDM,8.655657
OFDM,Classical OFDM,7.944121
OFDM,Classical OFDM,8.039168
OFDM,Classical OFDM,7.7313495
OFDM,Classical OFDM,7.0887556
OFDM,Classical OFDM,8.09395
OFDM,Classical OFDM,7.1865487
OFDM,Classical OFDM,6.5614786
OFDM,Classical OFDM,6.4001875
OFDM,Classical OFDM,9.4209795
OFDM,Classical OFDM,6.8277473
OFDM,Classical OFDM,6.0870223
OFDM,Classical OFDM,7.7005234
OFDM,Classical OFDM,8.352278
OFDM,Classical OFDM,6.6492386
OFDM,Classical OFDM,6.201904
OFDM,Classical OFDM,6.405451
OFDM,Classical OFDM,8.335399
OFDM,Classical OFDM,5.743079
OFDM,Classical OFDM,6.963494
OFDM,Classical OFDM,7.796655
OFDM,Classical OFDM,5.6734996
OFDM,Classical OFDM,5.7895613
OFDM,Classical OFDM,5.690385
OFDM,Classical OFDM,6.9162507
OFDM,Classical OFDM,5.5543585
OFDM,Classical OFDM,8.563902
OFDM,Classical OFDM,7.862194
OFDM,Classical OFDM,6.47163
OFDM,Classical OFDM,6.11702
OFDM,Classical OFDM,8.357192
OFDM,Classical OFDM,7.7311444
OFDM,Classical OFDM,7.648111
OFDM,Classical OFDM,6.510066
OFDM,Classical OFDM,7.7173214
OFDM,Classical OFDM,6.2692337
OFDM,Classical OFDM,5.473065
OFDM,Classical OFDM,8.13074
OFDM,Classical OFDM,5.7809696
OFDM,Classical OFDM,5.200031
OFDM,Classical OFDM,6.529956
OFDM,Classical OFDM,8.61982
OFDM,Classical OFDM,6.5430284
OFDM,Classical OFDM,7.466211
OFDM,Classical OFDM,6.3460894
OFDM,Classical OFDM,6.650124
OFDM,Classical OFDM,7.083997
OFDM,Classical OFDM,6.0251017
OFDM,Classical OFDM,7.821405
OFDM,Classical OFDM,6.505913
OFDM,Classical OFDM,6.46319
OFDM,Classical OFDM,6.4534845
OFDM,Classical OFDM,6.4888897
OFDM,Classical OFDM,6.5986147
OFDM,Classical OFDM,4.801794
OFDM,Classical OFDM,6.4381847
OFDM,Classical OFDM,4.764275
OFDM,Classical OFDM,7.4301777
OFDM,Classical OFDM,6.5915966
OFDM,Classical OFDM,7.4829574
OFDM,Classical OFDM,6.788445
OFDM,Classical OFDM,6.861994
OFDM,Classical OFDM,5.48063
OFDM,Classical OFDM,6.8643236
OFDM,Classical OFDM,6.131567
OFDM,Classical OFDM,7.6067677
OFDM,Classical OFDM,5.9914427
OFDM,Classical OFDM,5.412969
OFDM,Classical OFDM,7.262844
OFDM,Classical OFDM,7.2000017
OFDM,Classical OFDM,5.202366
OFDM,Classical OFDM,7.633792
OFDM,Classical OFDM,5.4208035
OFDM,Classical OFDM,8.183729
OFDM,Classical OFDM,7.5365562
OFDM,Classical OFDM,5.012184
OFDM,Classical OFDM,7.3449507
OFDM,Classical OFDM,7.0138054
OFDM,Classical OFDM,7.516823
OFDM,Classical OFDM,4.9540706
OFDM,Classical OFDM,6.977463
OFDM,Classical OFDM,5.940838
OFDM,Classical OFDM,6.173789
OFDM,Classical OFDM,5.1572776
OFDM,Classical OFDM,7.2089477
OFDM,Classical OFDM,7.300463
OFDM,Classical OFDM,5.7612915
OFDM,Classical OFDM,5.3440785
OFDM,Classical OFDM,7.374883
OFDM,Classical OFDM,6.6386814
OFDM,Classical OFDM,7.277894
OFDM,Classical OFDM,6.0264263
OFDM,Classical OFDM,7.778509
OFDM,Classical OFDM,8.478337
OFDM,Classical OFDM,5.446272
OFDM,Classical OFDM,8.557564
OFDM,Classical OFDM,6.3920693
OFDM,Classical OFDM,6.8871107
OFDM,Classical OFDM,6.259169
OFDM,Classical OFDM,5.971747
OFDM,Classical OFDM,6.5200667
OFDM,Classical OFDM,6.2549267
OFDM,Classical OFDM,6.114981
OFDM,Classical OFDM,7.268738
OFDM,Classical OFDM,7.2267
OFDM,Classical OFDM,6.0608582
OFDM,Classical OFDM,6.4862947
OFDM,Classical OFDM,5.7205286
OFDM,Classical OFDM,5.50949
OFDM,Classical OFDM,5.8128743
OFDM,Classical OFDM,6.9689913
OFDM,Classical OFDM,5.9242544
OFDM,Classical OFDM,6.915462
OFDM,Classical OFDM,5.9903836
OFDM,Classical OFDM,5.986622
OFDM,Classical OFDM,7.6862345
OFDM,Classical OFDM,5.688358
OFDM,Classical OFDM,6.8129582
OFDM,Classical OFDM,6.165513
OFDM,Classical OFDM,6.486697
OFDM,Classical OFDM,5.9357505
OFDM,Classical OFDM,7.8604116
OFDM,Classical OFDM,6.826122
OFDM,Classical OFDM,5.994084
OFDM,Classical OFDM,6.0108514
OFDM,Classical OFDM,5.9102626
OFDM,Classical OFDM,5.613241
OFDM,Classical OFDM,6.773306
OFDM,Classical OFDM,8.042642
OFDM,Classical OFDM,5.861699
OFDM,Classical OFDM,5.1442776
OFDM,Classical OFDM,6.2417655
OFDM,Classical OFDM,5.5763464
OFDM,Classical OFDM,8.688403
OFDM,Classical OFDM,6.6565123
OFDM,Classical OFDM,5.529769
OFDM,Classical OFDM,8.270226
OFDM,Classical OFDM,7.0886164
OFDM,Classical OFDM,5.170354
OFDM,Classical OFDM,7.6643014
OFDM,Classical OFDM,5.739916
OFDM,Classical OFDM,5.107599
OFDM,Classical OFDM,6.129067
OFDM,Classical OFDM,6.8899226
OFDM,Classical OFDM,6.2751412
OFDM,Classical OFDM,4.6884174
OFDM,Classical OFDM,6.865014
OFDM,Classical OFDM,5.8752255
OFDM,Classical OFDM,5.993702
OFDM,Classical OFDM,7.7028136
OFDM,Classical OFDM,4.9869285
OFDM,Classical OFDM,4.612018
OFDM,Classical OFDM,6.968737
OFDM,Classical OFDM,7.426777
OFDM,Classical OFDM,8.190847
OFDM,Classical OFDM,6.2727857
OFDM,Classical OFDM,5.862069
OFDM,Classical OFDM,6.166589
OFDM,Classical OFDM,6.7159166
OFDM,Classical OFDM,5.0156717
OFDM,Classical OFDM,5.84958
OFDM,Classical OFDM,5.61605
OFDM,Classical OFDM,6.278546
OFDM,Classical OFDM,5.3903503
OFDM,Classical OFDM,7.1102757
OFDM,Classical OFDM,6.062031
OFDM,Classical OFDM,5.903965
OFDM,Classical OFDM,6.559443
OFDM,Classical OFDM,6.158338
OFDM,Classical OFDM,5.7997556
OFDM,Classical OFDM,6.504855
OFDM,Classical OFDM,5.2226167
OFDM,Classical OFDM,7.877537
OFDM,Classical OFDM,7.2247787
OFDM,Classical OFDM,7.334755
OFDM,Classical OFDM,7.3853755
OFDM,Classical OFDM,4.739521
OFDM,Classical OFDM,6.9447317
OFDM,Classical OFDM,7.913902
OFDM,Classical OFDM,6.0262103
OFDM,Classical OFDM,6.142211
OFDM,Classical OFDM,7.799058
OFDM,Classical OFDM,6.9481096
OFDM,Classical OFDM,6.6869726
OFDM,Classical OFDM,6.649149
OFDM,Classical OFDM,6.89127
OFDM,Classical OFDM,5.355179
OFDM,Classical OFDM,6.675572
OFDM,Classical OFDM,8.619951
OFDM,Classical OFDM,5.6587224
OFDM,Classical OFDM,8.751567
OFDM,Classical OFDM,6.3525867
OFDM,Classical OFDM,6.149702
OFDM,Classical OFDM,6.4080977
OFDM,Classical OFDM,4.7276444
OFDM,Classical OFDM,6.8092923
OFDM,Classical OFDM,7.5642147
OFDM,Classical OFDM,5.6438947
OFDM,Classical OFDM,5.468401
OFDM,Classical OFDM,6.8165493
OFDM,Classical OFDM,5.29897
OFDM,Classical OFDM,7.408883
OFDM,Classical OFDM,5.6422825
OFDM,Classical OFDM,5.2399373
OFDM,Classical OFDM,7.9695325
OFDM,Classical OFDM,5.205389
OFDM,Classical OFDM,5.3321056
OFDM,Classical OFDM,5.2309675
OFDM,Classical OFDM,7.0062885
OFDM,Classical OFDM,7.1834097
OFDM,Classical OFDM,5.4591675
OFDM,Classical OFDM,6.572338
OFDM,Classical OFDM,7.483473
OFDM,Classical OFDM,6.238348
OFDM,Classical OFDM,6.4367967
OFDM,Classical OFDM,8.33935
OFDM,Classical OFDM,7.032049
OFDM,Classical OFDM,6.3553047
OFDM,Classical OFDM,5.578754
OFDM,Classical OFDM,6.093423
OFDM,Classical OFDM,8.378682
OFDM,Classical OFDM,6.989004
OFDM,Classical OFDM,5.046177
OFDM,Classical OFDM,6.393525
OFDM,Classical OFDM,6.066471
OFDM,Classical OFDM,7.2212706
OFDM,Classical OFDM,7.161933
OFDM,Classical OFDM,5.620184
OFDM,Classical OFDM,6.797998
OFDM,Classical OFDM,6.178893
OFDM,Classical OFDM,5.8949857
OFDM,Classical OFDM,6.098486
OFDM,Classical OFDM,7.5900373
OFDM,Classical OFDM,5.292886
OFDM,Classical OFDM,6.180201
OFDM,Classical OFDM,7.0776105
OFDM,Classical OFDM,6.8442554
OFDM,Classical OFDM,5.988674
OFDM,Classical OFDM,6.6104517
OFDM,Classical OFDM,6.83986
OFDM,Classical OFDM,6.6221237
OFDM,Classical OFDM,6.5520005
OFDM,Classical OFDM,7.049259
OFDM,Classical OFDM,7.6671257
OFDM,Classical OFDM,7.552977
OFDM,Classical OFDM,4.1608334
OFDM,Classical OFDM,5.623972
OFDM,Classical OFDM,6.7734547
OFDM,Classical OFDM,5.675022
OFDM,Classical OFDM,5.9662256
OFDM,Classical OFDM,7.496779
OFDM,Classical OFDM,6.770713
OFDM,Classical OFDM,6.954974
OFDM,Classical OFDM,6.7009144
OFDM,Classical OFDM,5.8306
OFDM,Classical OFDM,6.1221986
OFDM,Classical OFDM,7.7640367
OFDM,Classical OFDM,7.7462864
OFDM,Classical OFDM,5.3321457
OFDM,Classical OFDM,5.819586
OFDM,Classical OFDM,7.4043393
OFDM,Classical OFDM,5.7773833
OFDM,Classical OFDM,7.82053
OFDM,Classical OFDM,8.698186
OFDM,Classical OFDM,7.200544
OFDM,Classical OFDM,4.84126
OFDM,Classical OFDM,6.6371164
OFDM,Classical OFDM,6.6125584
OFDM,Classical OFDM,9.0398245
OFDM,Classical OFDM,6.1302705
OFDM,Classical OFDM,7.3189793
OFDM,Classical OFDM,7.496056
OFDM,Classical OFDM,6.61701
OFDM,Classical OFDM,7.098778
OFDM,Classical OFDM,6.391606
OFDM,Classical OFDM,7.188454
OFDM,Classical OFDM,7.3726864
OFDM,Classical OFDM,6.6827374
OFDM,Classical OFDM,5.1638885
OFDM,Classical OFDM,6.1403656
OFDM,Classical OFDM,7.2758107
OFDM,Classical OFDM,6.6840677
OFDM,Classical OFDM,7.3014774
OFDM,Classical OFDM,7.351506
OFDM,Classical OFDM,5.7218704
OFDM,Classical OFDM,5.8246393
OFDM,Classical OFDM,8.4254265
OFDM,Classical OFDM,7.504175
OFDM,Classical OFDM,7.9319544
OFDM,Classical OFDM,6.26333
OFDM,Classical OFDM,7.047579
OFDM,Classical OFDM,6.6861477
OFDM,Classical OFDM,7.0528717
OFDM,Classical OFDM,6.6528845
OFDM,Classical OFDM,5.6375594
OFDM,Classical OFDM,6.1401615
OFDM,Classical OFDM,6.4567623
OFDM,Classical OFDM,7.1451483
OFDM,Classical OFDM,6.535172
OFDM,Classical OFDM,6.787382
OFDM,Classical OFDM,5.8748617
OFDM,Classical OFDM,5.7202864
OFDM,Classical OFDM,7.3415494
OFDM,Classical OFDM,5.4425497
OFDM,Classical OFDM,6.003769
OFDM,Classical OFDM,5.168838
OFDM,Classical OFDM,6.2243414
OFDM,Classical OFDM,6.789953
OFDM,Classical OFDM,6.4963145
OFDM,Classical OFDM,6.2405796
OFDM,Classical OFDM,7.073117
OFDM,Classical OFDM,6.4407496
OFDM,Classical OFDM,7.980871
OFDM,Classical OFDM,6.3414335
OFDM,Classical OFDM,7.532146
OFDM,Classical OFDM,7.6971893
OFDM,Classical OFDM,7.788292
OFDM,Classical OFDM,5.410495
OFDM,Classical OFDM,6.3928814
OFDM,Classical OFDM,6.0734835
OFDM,Classical OFDM,6.954836
OFDM,Classical OFDM,6.243133
OFDM,Classical OFDM,6.9897003
OFDM,Classical OFDM,7.2316403
OFDM,Classical OFDM,8.262085
OFDM,Classical OFDM,7.820742
OFDM,Classical OFDM,6.4375954
OFDM,Classical OFDM,5.2261925
OFDM,Classical OFDM,5.8313723
OFDM,Classical OFDM,5.3111286
OFDM,Classical OFDM,6.7914143
OFDM,Classical OFDM,6.7310815
OFDM,Classical OFDM,6.431914
OFDM,Classical OFDM,6.109041
OFDM,Classical OFDM,6.038428
OFDM,Classical OFDM,6.3426495
OFDM,Classical OFDM,6.167326
OFDM,Classical OFDM,5.799771
OFDM,Classical OFDM,6.8289876
OFDM,Classical OFDM,7.413513
OFDM,Classical OFDM,5.7476754
OFDM,Classical OFDM,7.8642435
OFDM,Classical OFDM,6.437768
OFDM,Classical OFDM,7.0436125
OFDM,Classical OFDM,7.386415
OFDM,Classical OFDM,6.6345925
OFDM,Classical OFDM,8.034273
OFDM,Classical OFDM,5.795088
OFDM,Classical OFDM,5.794742
OFDM,Classical OFDM,7.6491175
OFDM,Classical OFDM,5.2873235
OFDM,Classical OFDM,5.327825
OFDM,Classical OFDM,6.928084
OFDM,Classical OFDM,7.1498256
OFDM,Classical OFDM,7.199383
OFDM,Classical OFDM,6.4336796
OFDM,Classical OFDM,6.0193257
Learned,Learned Basis,4.071021
Learned,Learned Basis,4.5613728
Learned,Learned Basis,5.484577
Learned,Learned Basis,4.802516
Learned,Learned Basis,5.8863516
Learned,Learned Basis,6.8724585
Learned,Learned Basis,4.912458
Learned,Learned Basis,5.1239805
Learned,Learned Basis,6.0371885
Learned,Learned Basis,6.276408
Learned,Learned Basis,6.5285454
Learned,Learned Basis,5.7858233
Learned,Learned Basis,4.8076944
Learned,Learned Basis,5.748863
Learned,Learned Basis,6.951179
Learned,Learned Basis,7.546834
Learned,Learned Basis,5.547343
Learned,Learned Basis,7.2852225
Learned,Learned Basis,4.601863
Learned,Learned Basis,6.8700466
Learned,Learned Basis,5.0009246
Learned,Learned Basis,4.406846
Learned,Learned Basis,6.922262
Learned,Learned Basis,5.6157475
Learned,Learned Basis,4.3098183
Learned,Learned Basis,5.472169
Learned,Learned Basis,6.377203
Learned,Learned Basis,4.8519
Learned,Learned Basis,5.5525427
Learned,Learned Basis,5.390107
Learned,Learned Basis,4.867291
Learned,Learned Basis,5.3991623
Learned,Learned Basis,4.391811
Learned,Learned Basis,4.9324064
Learned,Learned Basis,4.679739
Learned,Learned Basis,6.467715
Learned,Learned Basis,5.5946116
Learned,Learned Basis,4.490176
Learned,Learned Basis,5.6891174
Learned,Learned Basis,5.6845207
Learned,Learned Basis,4.19787
Learned,Learned Basis,6.413768
Learned,Learned Basis,4.9920416
Learned,Learned Basis,4.566372
Learned,Learned Basis,5.6903863
Learned,Learned Basis,5.565793
Learned,Learned Basis,4.1055646
Learned,Learned Basis,5.14381
Learned,Learned Basis,6.3744955
Learned,Learned Basis,5.8163266
Learned,Learned Basis,4.7580824
Learned,Learned Basis,7.706926
Learned,Learned Basis,4.1997247
Learned,Learned Basis,4.7333703
Learned,Learned Basis,4.7553296
Learned,Learned Basis,5.0934463
Learned,Learned Basis,5.50139
Learned,Learned Basis,5.1088705
Learned,Learned Basis,6.565219
Learned,Learned Basis,6.495323
Learned,Learned Basis,4.732387
Learned,Learned Basis,5.3675575
Learned,Learned Basis,5.1554437
Learned,Learned Basis,5.701975
Learned,Learned Basis,5.0806136
Learned,Learned Basis,5.3052597
Learned,Learned Basis,7.5494866
Learned,Learned Basis,6.050164
Learned,Learned Basis,5.2787113
Learned,Learned Basis,5.7484465
Learned,Learned Basis,7.239787
Learned,Learned Basis,4.355344
Learned,Learned Basis,4.9400744
Learned,Learned Basis,5.6815605
Learned,Learned Basis,6.224361
Learned,Learned Basis,5.5051556
Learned,Learned Basis,5.2401886
Learned,Learned Basis,5.230632
Learned,Learned Basis,5.5041723
Learned,Learned Basis,5.5896444
Learned,Learned Basis,5.785656
Learned,Learned Basis,7.9551053
Learned,Learned Basis,7.0697
Learned,Learned Basis,5.9580812
Learned,Learned Basis,5.571008
Learned,Learned Basis,4.5924587
Learned,Learned Basis,7.4260616
Learned,Learned Basis,5.0772753
Learned,Learned Basis,4.8360286
Learned,Learned Basis,4.597171
Learned,Learned Basis,5.1429815
Learned,Learned Basis,5.1805167
Learned,Learned Basis,4.1950893
Learned,Learned Basis,6.6337547
Learned,Learned Basis,6.0831785
Learned,Learned Basis,6.0902166
Learned,Learned Basis,4.861889
Learned,Learned Basis,5.377552
Learned,Learned Basis,5.094318
Learned,Learned Basis,6.8207808
Learned,Learned Basis,5.8116193
Learned,Learned Basis,5.488738
Learned,Learned Basis,5.011704
Learned,Learned Basis,5.3476977
Learned,Learned Basis,4.595218
Learned,Learned Basis,5.580241
Learned,Learned Basis,5.3237014
Learned,Learned Basis,6.4239936
Learned,Learned Basis,6.7255344
Learned,Learned Basis,5.6446404
Learned,Learned Basis,5.7349377
Learned,Learned Basis,6.08809
Learned,Learned Basis,6.437268
Learned,Learned Basis,5.508584
Learned,Learned Basis,5.5774355
Learned,Learned Basis,4.3111186
Learned,Learned Basis,5.6254106
Learned,Learned Basis,5.4398355
Learned,Learned Basis,6.5344663
Learned,Learned Basis,5.155172
Learned,Learned Basis,4.481439
Learned,Learned Basis,6.1568737
Learned,Learned Basis,6.85122
Learned,Learned Basis,6.787625
Learned,Learned Basis,4.102293
Learned,Learned Basis,6.9099803
Learned,Learned Basis,6.229892
Learned,Learned Basis,5.792666
Learned,Learned Basis,5.314772
Learned,Learned Basis,5.143511
Learned,Learned Basis,5.2304516
Learned,Learned Basis,5.0913553
Learned,Learned Basis,5.0562167
Learned,Learned Basis,4.937065
Learned,Learned Basis,5.751129
Learned,Learned Basis,5.8096023
Learned,Learned Basis,5.155755
Learned,Learned Basis,5.4116163
Learned,Learned Basis,4.7755423
Learned,Learned Basis,6.581832
Learned,Learned Basis,5.78713
Learned,Learned Basis,4.81679
Learned,Learned Basis,3.6699505
Learned,Learned Basis,6.0954313
Learned,Learned Basis,6.0961385
Learned,Learned Basis,6.276097
Learned,Learned Basis,5.5485253
Learned,Learned Basis,6.290993
Learned,Learned Basis,5.924978
Learned,Learned Basis,5.1505203
Learned,Learned Basis,5.03432
Learned,Learned Basis,5.4395394
Learned,Learned Basis,5.850541
Learned,Learned Basis,4.5920677
Learned,Learned Basis,5.6570807
Learned,Learned Basis,4.5323486
Learned,Learned Basis,5.633728
Learned,Learned Basis,5.240752
Learned,Learned Basis,5.1238446
Learned,Learned Basis,4.9707327
Learned,Learned Basis,5.437991
Learned,Learned Basis,5.238586
Learned,Learned Basis,5.4527636
Learned,Learned Basis,6.0368185
Learned,Learned Basis,5.813779
Learned,Learned Basis,6.293604
Learned,Learned Basis,5.3351355
Learned,Learned Basis,8.662273
Learned,Learned Basis,6.652583
Learned,Learned Basis,5.1042213
Learned,Learned Basis,4.3048434
Learned,Learned Basis,6.0497856
Learned,Learned Basis,7.0586724
Learned,Learned Basis,5.479631
Learned,Learned Basis,6.01994
Learned,Learned Basis,6.351798
Learned,Learned Basis,4.805908
Learned,Learned Basis,5.303008
Learned,Learned Basis,5.8479066
Learned,Learned Basis,7.1414657
Learned,Learned Basis,5.4499474
Learned,Learned Basis,5.955885
Learned,Learned Basis,4.891472
Learned,Learned Basis,7.0906553
Learned,Learned Basis,4.2676716
Learned,Learned Basis,6.3664064
Learned,Learned Basis,7.0936756
Learned,Learned Basis,6.047378
Learned,Learned Basis,4.575442
Learned,Learned Basis,5.6779385
Learned,Learned Basis,6.196847
Learned,Learned Basis,4.802782
Learned,Learned Basis,5.7852154
Learned,Learned Basis,5.57374
Learned,Learned Basis,6.533385
Learned,Learned Basis,5.2610135
Learned,Learned Basis,5.5476255
Learned,Learned Basis,4.0806427
Learned,Learned Basis,6.6755958
Learned,Learned Basis,5.7695465
Learned,Learned Basis,5.222979
Learned,Learned Basis,5.5151534
Learned,Learned Basis,4.5097466
Learned,Learned Basis,5.1102667
Learned,Learned Basis,4.569334
Learned,Learned Basis,5.022255
Learned,Learned Basis,4.8663197
Learned,Learned Basis,6.8176193
Learned,Learned Basis,4.739701
Learned,Learned Basis,5.7099657
Learned,Learned Basis,5.2981606
Learned,Learned Basis,5.2523465
Learned,Learned Basis,5.5461497
Learned,Learned Basis,4.356176
Learned,Learned Basis,5.146735
Learned,Learned Basis,4.5452347
Learned,Learned Basis,5.844381
Learned,Learned Basis,4.7438745
Learned,Learned Basis,5.135209
Learned,Learned Basis,5.4628105
Learned,Learned Basis,5.019396
Learned,Learned Basis,5.50245
Learned,Learned Basis,6.0389633
Learned,Learned Basis,5.5866985
Learned,Learned Basis,5.197335
Learned,Learned Basis,6.01643
Learned,Learned Basis,4.920375
Learned,Learned Basis,7.946245
Learned,Learned Basis,6.119201
Learned,Learned Basis,5.4473944
Learned,Learned Basis,5.574076
Learned,Learned Basis,4.4413824
Learned,Learned Basis,5.509553
Learned,Learned Basis,4.3658485
Learned,Learned Basis,4.684753
Learned,Learned Basis,4.7722
Learned,Learned Basis,6.4167404
Learned,Learned Basis,5.0882
Learned,Learned Basis,7.958228
Learned,Learned Basis,5.2663527
Learned,Learned Basis,5.6948366
Learned,Learned Basis,6.1323924
Learned,Learned Basis,6.647513
Learned,Learned Basis,5.278197
Learned,Learned Basis,5.8876476
Learned,Learned Basis,5.3622813
Learned,Learned Basis,6.244608
Learned,Learned Basis,5.2969046
Learned,Learned Basis,4.711278
Learned,Learned Basis,4.488914
Learned,Learned Basis,4.8812394
Learned,Learned Basis,5.734686
Learned,Learned Basis,6.125393
Learned,Learned Basis,5.503946
Learned,Learned Basis,4.8292246
Learned,Learned Basis,4.8151116
Learned,Learned Basis,4.8275003
Learned,Learned Basis,6.1098394
Learned,Learned Basis,5.5344014
Learned,Learned Basis,5.5951476
Learned,Learned Basis,5.08152
Learned,Learned Basis,5.753337
Learned,Learned Basis,4.6676574
Learned,Learned Basis,5.5713468
Learned,Learned Basis,6.6806035
Learned,Learned Basis,4.9431634
Learned,Learned Basis,4.3433733
Learned,Learned Basis,5.171096
Learned,Learned Basis,6.091238
Learned,Learned Basis,5.244154
Learned,Learned Basis,6.322997
Learned,Learned Basis,5.1700583
Learned,Learned Basis,6.3890743
Learned,Learned Basis,5.4023304
Learned,Learned Basis,6.292783
Learned,Learned Basis,5.372299
Learned,Learned Basis,7.305198
Learned,Learned Basis,7.1085525
Learned,Learned Basis,5.4948187
Learned,Learned Basis,6.107127
Learned,Learned Basis,6.159203
Learned,Learned Basis,5.558743
Learned,Learned Basis,5.497778
Learned,Learned Basis,5.6046476
Learned,Learned Basis,6.7504005
Learned,Learned Basis,5.9032626
Learned,Learned Basis,5.4419184
Learned,Learned Basis,5.439408
Learned,Learned Basis,4.8201246
Learned,Learned Basis,6.7780695
Learned,Learned Basis,5.480582
Learned,Learned Basis,7.2646046
Learned,Learned Basis,5.726929
Learned,Learned Basis,4.731184
Learned,Learned Basis,6.8404317
Learned,Learned Basis,4.874572
Learned,Learned Basis,4.407957
Learned,Learned Basis,5.063485
Learned,Learned Basis,4.4928856
Learned,Learned Basis,4.432763
Learned,Learned Basis,5.287551
Learned,Learned Basis,5.3375244
Learned,Learned Basis,4.149813
Learned,Learned Basis,6.716068
Learned,Learned Basis,5.5913663
Learned,Learned Basis,4.683297
Learned,Learned Basis,3.9702048
Learned,Learned Basis,6.201796
Learned,Learned Basis,5.0878773
Learned,Learned Basis,6.600051
Learned,Learned Basis,4.5370708
Learned,Learned Basis,4.9741
Learned,Learned Basis,6.0658937
Learned,Learned Basis,4.6105413
Learned,Learned Basis,5.3853245
Learned,Learned Basis,5.3909063
Learned,Learned Basis,5.086109
Learned,Learned Basis,5.596046
Learned,Learned Basis,6.050553
Learned,Learned Basis,6.953058
Learned,Learned Basis,4.7799582
Learned,Learned Basis,3.877518
Learned,Learned Basis,5.8004847
Learned,Learned Basis,4.9934897
Learned,Learned Basis,4.2917395
Learned,Learned Basis,5.07234
Learned,Learned Basis,5.042024
Learned,Learned Basis,5.131032
Learned,Learned Basis,5.3461413
Learned,Learned Basis,5.2224107
Learned,Learned Basis,4.4931307
Learned,Learned Basis,5.996036
Learned,Learned Basis,6.5320606
Learned,Learned Basis,4.694144
Learned,Learned Basis,5.4722004
Learned,Learned Basis,7.37027
Learned,Learned Basis,4.4056354
Learned,Learned Basis,6.0569854
Learned,Learned Basis,5.8637357
Learned,Learned Basis,6.2975883
Learned,Learned Basis,5.18086
Learned,Learned Basis,4.076634
Learned,Learned Basis,5.1807137
Learned,Learned Basis,6.3146324
Learned,Learned Basis,5.9717727
Learned,Learned Basis,8.192217
Learned,Learned Basis,6.526317
Learned,Learned Basis,5.8248353
Learned,Learned Basis,5.567089
Learned,Learned Basis,5.6857133
Learned,Learned Basis,4.108758
Learned,Learned Basis,4.735196
Learned,Learned Basis,7.0286775
Learned,Learned Basis,6.51925
Learned,Learned Basis,5.4045224
Learned,Learned Basis,5.681056
Learned,Learned Basis,4.708915
Learned,Learned Basis,7.759063
Learned,Learned Basis,5.8021255
Learned,Learned Basis,7.105021
Learned,Learned Basis,6.280819
Learned,Learned Basis,6.0817747
Learned,Learned Basis,6.746873
Learned,Learned Basis,5.160122
Learned,Learned Basis,5.6437306
Learned,Learned Basis,5.312118
Learned,Learned Basis,5.722735
Learned,Learned Basis,4.1575103
Learned,Learned Basis,5.5621185
Learned,Learned Basis,4.7827597
Learned,Learned Basis,5.3517838
Learned,Learned Basis,8.470878
Learned,Learned Basis,4.810055
Learned,Learned Basis,6.6876345
Learned,Learned Basis,6.133366
Learned,Learned Basis,5.4387975
Learned,Learned Basis,4.7762694
Learned,Learned Basis,6.0633397
Learned,Learned Basis,5.2882404
Learned,Learned Basis,5.8979726
Learned,Learned Basis,5.9446516
Learned,Learned Basis,6.604979
Learned,Learned Basis,6.5897856
Learned,Learned Basis,4.8922153
Learned,Learned Basis,5.267196
Learned,Learned Basis,3.9907765
Learned,Learned Basis,6.6528664
Learned,Learned Basis,5.4956245
Learned,Learned Basis,5.4908705
Learned,Learned Basis,6.144807
Learned,Learned Basis,5.8502502
Learned,Learned Basis,5.0778513
Learned,Learned Basis,7.715573
Learned,Learned Basis,5.654259
Learned,Learned Basis,6.118264
Learned,Learned Basis,5.0544767
Learned,Learned Basis,4.8359356
Learned,Learned Basis,5.642874
Learned,Learned Basis,5.049139
Learned,Learned Basis,4.374313
Learned,Learned Basis,4.4586096
Learned,Learned Basis,5.508873
Learned,Learned Basis,5.041327
Learned,Learned Basis,4.428949
Learned,Learned Basis,6.393645
Learned,Learned Basis,4.9507246
Learned,Learned Basis,5.0854015
Learned,Learned Basis,5.319107
Learned,Learned Basis,6.429207
Learned,Learned Basis,5.537333
Learned,Learned Basis,4.3112097
Learned,Learned Basis,4.2759433
Learned,Learned Basis,6.0225143
Learned,Learned Basis,5.616067
Learned,Learned Basis,5.215459
Learned,Learned Basis,5.972666
Learned,Learned Basis,5.041635
Learned,Learned Basis,5.41677
Learned,Learned Basis,6.0287614
Learned,Learned Basis,5.739789
Learned,Learned Basis,4.4785147
Learned,Learned Basis,8.60659
Learned,Learned Basis,4.281953
Learned,Learned Basis,5.384731
Learned,Learned Basis,6.00965
Learned,Learned Basis,5.4033957
Learned,Learned Basis,5.285391
Learned,Learned Basis,4.8957996
Learned,Learned Basis,5.1580515
Learned,Learned Basis,5.150812
Learned,Learned Basis,5.2031703
Learned,Learned Basis,5.013476
Learned,Learned Basis,6.147001
Learned,Learned Basis,6.469983
Learned,Learned Basis,6.8602
Learned,Learned Basis,4.6133347
Learned,Learned Basis,6.9339185
Learned,Learned Basis,6.3187456
Learned,Learned Basis,4.5086308
Learned,Learned Basis,5.9568114
Learned,Learned Basis,5.5576982
Learned,Learned Basis,5.0056057
Learned,Learned Basis,5.63513
Learned,Learned Basis,6.625127
Learned,Learned Basis,4.6214933
Learned,Learned Basis,6.822609
Learned,Learned Basis,4.5636406
Learned,Learned Basis,4.985184
Learned,Learned Basis,5.63307
Learned,Learned Basis,5.329426
Learned,Learned Basis,4.3285885
Learned,Learned Basis,4.718379
Learned,Learned Basis,4.4455466
Learned,Learned Basis,5.384322
Learned,Learned Basis,5.267683
Learned,Learned Basis,6.1417446
Learned,Learned Basis,6.396425
Learned,Learned Basis,5.186005
Learned,Learned Basis,6.1738324
Learned,Learned Basis,4.818087
Learned,Learned Basis,5.8807716
Learned,Learned Basis,6.5738363
Learned,Learned Basis,4.6037393
Learned,Learned Basis,6.289711
Learned,Learned Basis,6.6950054
Learned,Learned Basis,7.1613216
Learned,Learned Basis,5.735522
Learned,Learned Basis,5.9547877
Learned,Learned Basis,3.5144033
Learned,Learned Basis,5.3700953
Learned,Learned Basis,5.0175185
Learned,Learned Basis,4.447699
Learned,Learned Basis,6.168773
Learned,Learned Basis,4.7776594
Learned,Learned Basis,6.420834
Learned,Learned Basis,7.1684732
Learned,Learned Basis,5.203393
Learned,Learned Basis,6.396264
Learned,Learned Basis,4.9461837
Learned,Learned Basis,4.9860387
Learned,Learned Basis,4.474208
Learned,Learned Basis,4.6564937
Learned,Learned Basis,6.57792
Learned,Learned Basis,5.5141335
Learned,Learned Basis,8.418144
Learned,Learned Basis,5.7395945
Learned,Learned Basis,5.8451843
Learned,Learned Basis,4.9779677
Learned,Learned Basis,5.6478314
Learned,Learned Basis,5.111376
Learned,Learned Basis,4.8716393
Learned,Learned Basis,5.432761
Learned,Learned Basis,8.059127
Learned,Learned Basis,5.179808
Learned,Learned Basis,4.97919
Learned,Learned Basis,5.77136
Learned,Learned Basis,6.1891084
Learned,Learned Basis,5.2671213
Learned,Learned Basis,4.9940834
Learned,Learned Basis,5.5013156
Learned,Learned Basis,5.7890034
Learned,Learned Basis,5.862598
Learned,Learned Basis,5.7771945
Learned,Learned Basis,5.1147966
Learned,Learned Basis,5.2612333
Learned,Learned Basis,6.6373873
Learned,Learned Basis,6.7335806
Learned,Learned Basis,8.128651
Learned,Learned Basis,5.249527
Learned,Learned Basis,6.167342
Learned,Learned Basis,6.432478
Learned,Learned Basis,5.7090425
Learned,Learned Basis,5.1380243
Learned,Learned Basis,4.855928
Learned,Learned Basis,5.719521
Learned,Learned Basis,5.2875466
Learned,Learned Basis,5.0310698
Learned,Learned Basis,4.159326
Learned,Learned Basis,4.90832
Learned,Learned Basis,5.3827553
Learned,Learned Basis,5.9985824
Learned,Learned Basis,5.461501
Learned,Learned Basis,6.657105
Learned,Learned Basis,5.9819155
Learned,Learned Basis,3.6225603
Learned,Learned Basis,5.5449877
Learned,Learned Basis,6.306458
Learned,Learned Basis,4.8817496
Learned,Learned Basis,5.196081
Learned,Learned Basis,6.066444
Learned,Learned Basis,7.1124225
Learned,Learned Basis,5.773097
Learned,Learned Basis,6.316532
Learned,Learned Basis,5.0775948
Learned,Learned Basis,6.6498613
Learned,Learned Basis,5.660866
Learned,Learned Basis,5.775146
Learned,Learned Basis,4.3103843
Learned,Learned Basis,6.971874
Learned,Learned Basis,5.1898675
Learned,Learned Basis,6.098793
Learned,Learned Basis,5.595017
Learned,Learned Basis,4.767943
Learned,Learned Basis,3.4856482
Learned,Learned Basis,6.5592403
Learned,Learned Basis,4.9010496
Learned,Learned Basis,5.049169
Learned,Learned Basis,5.266205
Learned,Learned Basis,5.719776
Learned,Learned Basis,6.218812
Learned,Learned Basis,5.6840515
Learned,Learned Basis,5.5457907
Learned,Learned Basis,4.440998
Learned,Learned Basis,5.061247
Learned,Learned Basis,3.992382
Learned,Learned Basis,6.24957
Learned,Learned Basis,6.5094876
Learned,Learned Basis,4.2276134
Learned,Learned Basis,5.287008
Learned,Learned Basis,5.1354604
Learned,Learned Basis,4.799926
Learned,Learned Basis,5.237108
Learned,Learned Basis,5.289238
Learned,Learned Basis,7.206698
Learned,Learned Basis,5.6594844
Learned,Learned Basis,7.33032
Learned,Learned Basis,5.6436105
Learned,Learned Basis,6.2563543
Learned,Learned Basis,6.3785677
Learned,Learned Basis,5.983493
Learned,Learned Basis,7.560683
Learned,Learned Basis,4.8852625
Learned,Learned Basis,4.9792595
Learned,Learned Basis,5.2645226
Learned,Learned Basis,5.1626225
Learned,Learned Basis,5.2503867
Learned,Learned Basis,5.9769244
Learned,Learned Basis,5.969284
Learned,Learned Basis,5.8353
Learned,Learned Basis,6.300086
Learned,Learned Basis,6.225221
Learned,Learned Basis,5.8175464
Learned,Learned Basis,4.1630344
Learned,Learned Basis,5.7851944
Learned,Learned Basis,3.8170335
Learned,Learned Basis,4.3031244
Learned,Learned Basis,6.1826077
Learned,Learned Basis,6.6319804
Learned,Learned Basis,4.4762254
Learned,Learned Basis,5.6560106
Learned,Learned Basis,4.917507
Learned,Learned Basis,4.247261
Learned,Learned Basis,4.6796913
Learned,Learned Basis,6.2536054
Learned,Learned Basis,4.69761
Learned,Learned Basis,4.524174
Learned,Learned Basis,6.671356
Learned,Learned Basis,4.882868
Learned,Learned Basis,4.840851
Learned,Learned Basis,4.267225
Learned,Learned Basis,5.277002
Learned,Learned Basis,5.195774
Learned,Learned Basis,5.0490084
Learned,Learned Basis,5.21591
Learned,Learned Basis,5.1460752
Learned,Learned Basis,4.7294135
Learned,Learned Basis,5.663402
Learned,Learned Basis,6.124458
Learned,Learned Basis,5.53818
Learned,Learned Basis,5.0844436
Learned,Learned Basis,4.540272
Learned,Learned Basis,6.5892606
Learned,Learned Basis,4.776314
Learned,Learned Basis,5.0097775
Learned,Learned Basis,4.5957255
Learned,Learned Basis,6.134377
Learned,Learned Basis,4.760826
Learned,Learned Basis,5.5815177
Learned,Learned Basis,5.8885317
Learned,Learned Basis,5.055154
Learned,Learned Basis,5.92054
Learned,Learned Basis,5.8275895
Learned,Learned Basis,6.595344
Learned,Learned Basis,4.764398
Learned,Learned Basis,4.7600718
Learned,Learned Basis,5.5555015
Learned,Learned Basis,5.8970075
Learned,Learned Basis,5.9603333
Learned,Learned Basis,7.0151854
Learned,Learned Basis,5.548256
Learned,Learned Basis,5.0679607
Learned,Learned Basis,5.614963
Learned,Learned Basis,6.5846972
Learned,Learned Basis,7.1801467
Learned,Learned Basis,5.069605
Learned,Learned Basis,5.03549
Learned,Learned Basis,4.6144814
Learned,Learned Basis,5.349305
Learned,Learned Basis,5.569438
Learned,Learned Basis,5.8958507
Learned,Learned Basis,7.311852
Learned,Learned Basis,6.3944025
Learned,Learned Basis,5.205614
Learned,Learned Basis,6.2311573
Learned,Learned Basis,5.7323446
Learned,Learned Basis,5.3385997
Learned,Learned Basis,4.9638834
Learned,Learned Basis,4.8235373
Learned,Learned Basis,6.428522
Learned,Learned Basis,4.53272
Learned,Learned Basis,5.3756948
Learned,Learned Basis,4.846943
Learned,Learned Basis,3.9233556
Learned,Learned Basis,6.468128
Learned,Learned Basis,5.572421
Learned,Learned Basis,4.3725605
Learned,Learned Basis,4.680217
Learned,Learned Basis,6.3357058
Learned,Learned Basis,5.8825474
Learned,Learned Basis,6.908761
Learned,Learned Basis,5.2586217
Learned,Learned Basis,5.481394
Learned,Learned Basis,5.5486507
Learned,Learned Basis,5.608826
Learned,Learned Basis,5.314332
Learned,Learned Basis,5.8981714
Learned,Learned Basis,4.970249
Learned,Learned Basis,5.007159
Learned,Learned Basis,5.84039
Learned,Learned Basis,6.146385
Learned,Learned Basis,5.886705
Learned,Learned Basis,5.5065846
Learned,Learned Basis,4.95049
Learned,Learned Basis,5.6582775
Learned,Learned Basis,5.824548
Learned,Learned Basis,6.0834928
Learned,Learned Basis,6.399999
Learned,Learned Basis,4.5816283
Learned,Learned Basis,5.150513
Learned,Learned Basis,5.1701584
Learned,Learned Basis,5.6116366
Learned,Learned Basis,4.5420227
Learned,Learned Basis,6.5729895
Learned,Learned Basis,5.0357046
Learned,Learned Basis,8.145887
Learned,Learned Basis,6.0045853
Learned,Learned Basis,5.088154
Learned,Learned Basis,6.122706
Learned,Learned Basis,4.954273
Learned,Learned Basis,5.930578
Learned,Learned Basis,4.6600046
Learned,Learned Basis,5.2601457
Learned,Learned Basis,4.826911
Learned,Learned Basis,4.6737514
Learned,Learned Basis,5.66617
Learned,Learned Basis,4.8185544
Learned,Learned Basis,5.4086237
Learned,Learned Basis,5.826855
Learned,Learned Basis,4.7158365
Learned,Learned Basis,3.994934
Learned,Learned Basis,4.3287454
Learned,Learned Basis,5.0754976
Learned,Learned Basis,5.350917
Learned,Learned Basis,5.0839415
Learned,Learned Basis,7.0235753
Learned,Learned Basis,7.952437
Learned,Learned Basis,5.567418
Learned,Learned Basis,5.114291
Learned,Learned Basis,6.7713647
Learned,Learned Basis,5.5038123
Learned,Learned Basis,4.7765737
Learned,Learned Basis,6.945446
Learned,Learned Basis,5.757623
Learned,Learned Basis,6.250033
Learned,Learned Basis,5.91024
Learned,Learned Basis,5.585854
Learned,Learned Basis,4.7286997
Learned,Learned Basis,5.3733835
Learned,Learned Basis,6.212226
Learned,Learned Basis,5.558765
Learned,Learned Basis,6.140066
Learned,Learned Basis,5.3966684
Learned,Learned Basis,4.6467667
Learned,Learned Basis,4.832672
Learned,Learned Basis,6.65967
Learned,Learned Basis,6.099239
Learned,Learned Basis,4.5265865
Learned,Learned Basis,4.825578
Learned,Learned Basis,5.2159653
Learned,Learned Basis,6.7296576
Learned,Learned Basis,5.032391
Learned,Learned Basis,5.716827
Learned,Learned Basis,6.21458
Learned,Learned Basis,5.9083643
Learned,Learned Basis,6.299966
Learned,Learned Basis,5.6864285
Learned,Learned Basis,4.863003
Learned,Learned Basis,6.1712785
Learned,Learned Basis,4.517264
Learned,Learned Basis,4.899103
Learned,Learned Basis,5.0665436
Learned,Learned Basis,7.0047374
Learned,Learned Basis,4.964456
Learned,Learned Basis,5.6788836
Learned,Learned Basis,4.8776608
Learned,Learned Basis,5.4134216
Learned,Learned Basis,7.056208
Learned,Learned Basis,4.521204
Learned,Learned Basis,6.220543
Learned,Learned Basis,6.02938
Learned,Learned Basis,5.666588
Learned,Learned Basis,5.116992
Learned,Learned Basis,5.5052705
Learned,Learned Basis,7.0791316
Learned,Learned Basis,5.3275113
Learned,Learned Basis,5.4485207
Learned,Learned Basis,6.2881474
Learned,Learned Basis,7.594771
Learned,Learned Basis,6.8140516
Learned,Learned Basis,5.4488235
Learned,Learned Basis,6.0072017
Learned,Learned Basis,5.124297
Learned,Learned Basis,4.8167567
Learned,Learned Basis,5.0976562
Learned,Learned Basis,5.5370307
Learned,Learned Basis,6.4353952
Learned,Learned Basis,5.5249567
Learned,Learned Basis,5.9814014
Learned,Learned Basis,4.9402814
Learned,Learned Basis,5.4530144
Learned,Learned Basis,5.6202083
Learned,Learned Basis,5.543354
Learned,Learned Basis,5.405629
Learned,Learned Basis,5.5151343
Learned,Learned Basis,4.6961985
Learned,Learned Basis,4.785449
Learned,Learned Basis,6.009016
Learned,Learned Basis,5.537137
Learned,Learned Basis,5.29513
Learned,Learned Basis,6.130945
Learned,Learned Basis,6.0063367
Learned,Learned Basis,6.0172825
Learned,Learned Basis,5.108976
Learned,Learned Basis,4.901509
Learned,Learned Basis,6.585011
Learned,Learned Basis,5.3892593
Learned,Learned Basis,5.190726
Learned,Learned Basis,6.015889
Learned,Learned Basis,6.7425923
Learned,Learned Basis,7.1538777
Learned,Learned Basis,6.781787
Learned,Learned Basis,5.558608
Learned,Learned Basis,3.929503
Learned,Learned Basis,5.8689585
Learned,Learned Basis,4.505181
Learned,Learned Basis,6.257896
Learned,Learned Basis,5.118943
Learned,Learned Basis,5.9506493
Learned,Learned Basis,7.443619
Learned,Learned Basis,4.0267806
Learned,Learned Basis,4.5141063
Learned,Learned Basis,5.345752
Learned,Learned Basis,5.4340105
Learned,Learned Basis,4.3375854
Learned,Learned Basis,5.5876827
Learned,Learned Basis,4.9078293
Learned,Learned Basis,4.2109976
Learned,Learned Basis,6.3542786
Learned,Learned Basis,5.6192713
Learned,Learned Basis,5.379767
Learned,Learned Basis,5.093483
Learned,Learned Basis,6.8936234
Learned,Learned Basis,6.224918
Learned,Learned Basis,6.215651
Learned,Learned Basis,5.325884
Learned,Learned Basis,6.1128454
Learned,Learned Basis,6.789858
Learned,Learned Basis,5.17659
Learned,Learned Basis,5.2446485
Learned,Learned Basis,5.41517
Learned,Learned Basis,6.362363
Learned,Learned Basis,4.629386
Learned,Learned Basis,5.8967953
Learned,Learned Basis,5.0573263
Learned,Learned Basis,4.8184676
Learned,Learned Basis,5.54086
Learned,Learned Basis,6.107554
Learned,Learned Basis,5.2582884
Learned,Learned Basis,5.591602
Learned,Learned Basis,5.9737244
Learned,Learned Basis,4.416641
Learned,Learned Basis,5.2294693
Learned,Learned Basis,7.0329943
Learned,Learned Basis,6.2935066
Learned,Learned Basis,5.651233
Learned,Learned Basis,6.0616355
Learned,Learned Basis,4.9856057
Learned,Learned Basis,5.3007836
Learned,Learned Basis,4.70623
Learned,Learned Basis,6.58323
Learned,Learned Basis,4.843121
Learned,Learned Basis,5.6459327
Learned,Learned Basis,5.0615644
Learned,Learned Basis,5.3377337
Learned,Learned Basis,4.764299
Learned,Learned Basis,4.83033
Learned,Learned Basis,4.7323136
Learned,Learned Basis,6.059779
Learned,Learned Basis,5.2240777
Learned,Learned Basis,5.899656
Learned,Learned Basis,4.680396
Learned,Learned Basis,5.4461265
Learned,Learned Basis,5.456367
Learned,Learned Basis,5.93144
Learned,Learned Basis,4.6665883
Learned,Learned Basis,6.1476383
Learned,Learned Basis,4.864879
Learned,Learned Basis,4.7111597
Learned,Learned Basis,6.0264997
Learned,Learned Basis,4.949221
Learned,Learned Basis,6.02046
Learned,Learned Basis,6.194786
Learned,Learned Basis,5.5927353
Learned,Learned Basis,7.178039
Learned,Learned Basis,5.366418
Learned,Learned Basis,4.713904
Learned,Learned Basis,5.877513
Learned,Learned Basis,4.9570723
Learned,Learned Basis,7.188202
Learned,Learned Basis,5.891475
Learned,Learned Basis,6.3284883
Learned,Learned Basis,6.9764037
Learned,Learned Basis,4.9955344
Learned,Learned Basis,5.3214226
Learned,Learned Basis,6.5603924
Learned,Learned Basis,6.1190166
Learned,Learned Basis,5.3652897
Learned,Learned Basis,4.431965
Learned,Learned Basis,4.3659887
Learned,Learned Basis,4.756858
Learned,Learned Basis,6.0033436
Learned,Learned Basis,6.0930924
Learned,Learned Basis,5.180252
Learned,Learned Basis,4.896722
Learned,Learned Basis,5.279072
Learned,Learned Basis,5.1677494
Learned,Learned Basis,5.033246
Learned,Learned Basis,6.0226192
Learned,Learned Basis,5.681849
Learned,Learned Basis,6.25382
Learned,Learned Basis,5.089382
Learned,Learned Basis,5.95372
Learned,Learned Basis,6.7335773
Learned,Learned Basis,4.3513145
Learned,Learned Basis,5.884028
Learned,Learned Basis,5.462619
Learned,Learned Basis,6.063689
Learned,Learned Basis,5.071497
Learned,Learned Basis,6.6666503
Learned,Learned Basis,6.253743
Learned,Learned Basis,6.4277916
Learned,Learned Basis,4.6000443
Learned,Learned Basis,5.894599
Learned,Learned Basis,5.8945074
Learned,Learned Basis,6.143949
Learned,Learned Basis,5.4455624
Learned,Learned Basis,4.98472
Learned,Learned Basis,5.4686747
Learned,Learned Basis,4.9347377
Learned,Learned Basis,6.187696
Learned,Learned Basis,5.971749
Learned,Learned Basis,6.4742923
Learned,Learned Basis,5.893622
Learned,Learned Basis,7.5653625
Learned,Learned Basis,7.166407
Learned,Learned Basis,5.222838
Learned,Learned Basis,5.2986836
Learned,Learned Basis,4.855074
Learned,Learned Basis,5.631309
Learned,Learned Basis,4.7634907
Learned,Learned Basis,4.9755282
Learned,Learned Basis,3.4109082
Learned,Learned Basis,5.5221696
Learned,Learned Basis,5.1024523
Learned,Learned Basis,5.18022
Learned,Learned Basis,6.27057
Learned,Learned Basis,4.9000325
Learned,Learned Basis,5.5104203
Learned,Learned Basis,4.940334
Learned,Learned Basis,4.678368
Learned,Learned Basis,4.9169497
Learned,Learned Basis,5.9503784
Learned,Learned Basis,6.957035
Learned,Learned Basis,4.2066536
Learned,Learned Basis,5.9466577
Learned,Learned Basis,5.319257
Learned,Learned Basis,5.968476
Learned,Learned Basis,5.5406494
Learned,Learned Basis,4.0294347
Learned,Learned Basis,5.484459
Learned,Learned Basis,6.033182
Learned,Learned Basis,5.105305
Learned,Learned Basis,5.591795
Learned,Learned Basis,4.188361
Learned,Learned Basis,4.0076737
Learned,Learned Basis,4.5764275
Learned,Learned Basis,4.6980915
Learned,Learned Basis,6.095736
Learned,Learned Basis,5.6827784
Learned,Learned Basis,5.2622366
Learned,Learned Basis,6.3529754
Learned,Learned Basis,4.713431
Learned,Learned Basis,4.827737
Learned,Learned Basis,6.4759088
Learned,Learned Basis,7.710168
Learned,Learned Basis,5.5175924
Learned,Learned Basis,4.676717
Learned,Learned Basis,6.405844
Learned,Learned Basis,5.196457
Learned,Learned Basis,5.145235
Learned,Learned Basis,7.603188
Learned,Learned Basis,4.96422
Learned,Learned Basis,5.9682026
Learned,Learned Basis,5.154269
Learned,Learned Basis,5.240605
Learned,Learned Basis,5.2598505
Learned,Learned Basis,5.592534
Learned,Learned Basis,7.26583
Learned,Learned Basis,4.543812
Learned,Learned Basis,4.780105
Learned,Learned Basis,4.928939
Learned,Learned Basis,5.3785086
Learned,Learned Basis,5.592801
Learned,Learned Basis,4.69145
Learned,Learned Basis,5.3652763
Learned,Learned Basis,4.071733
Learned,Learned Basis,5.0971055
Learned,Learned Basis,3.7884445
Learned,Learned Basis,5.636508
Learned,Learned Basis,4.192164
Learned,Learned Basis,5.7916393
Learned,Learned Basis,6.0117035
Learned,Learned Basis,4.752484
Learned,Learned Basis,5.246041
Learned,Learned Basis,4.686063
Learned,Learned Basis,6.7467303
Learned,Learned Basis,5.498749
Learned,Learned Basis,4.579195
Learned,Learned Basis,6.045353
Learned,Learned Basis,6.4065065
Learned,Learned Basis,5.038665
Learned,Learned Basis,4.418289
Learned,Learned Basis,6.041523
Learned,Learned Basis,5.2873507
Learned,Learned Basis,4.2228346
Learned,Learned Basis,3.691083
Learned,Learned Basis,6.4141283
Learned,Learned Basis,5.520308
Learned,Learned Basis,6.188777
Learned,Learned Basis,5.8297896
Learned,Learned Basis,5.9048824
Learned,Learned Basis,5.885411
Learned,Learned Basis,5.3891044
Learned,Learned Basis,5.4672265
Learned,Learned Basis,6.7916994
Learned,Learned Basis,5.5516987
Learned,Learned Basis,4.5450077
Learned,Learned Basis,4.539097
Learned,Learned Basis,6.6484284
Learned,Learned Basis,5.5390644
Learned,Learned Basis,6.05424
Learned,Learned Basis,4.4820647
Learned,Learned Basis,6.4491105
Learned,Learned Basis,5.8478494
Learned,Learned Basis,5.249895
Learned,Learned Basis,4.079588
Learned,Learned Basis,5.2002187
Learned,Learned Basis,5.915081
Learned,Learned Basis,6.2727304
Learned,Learned Basis,4.377656
Learned,Learned Basis,5.2691035
Learned,Learned Basis,7.356262
Learned,Learned Basis,5.372032
Learned,Learned Basis,5.42132
