method,method_label,frequency,psd,psd_db
OFDM,Classical OFDM,-0.5,6.908860547224066e-15,-107.12714384525256
OFDM,Classical OFDM,-0.499755859375,1.6700932087687385e-08,-43.29380101200908
OFDM,Classical OFDM,-0.49951171875,6.667833277168431e-08,-37.281360790542
OFDM,Classical OFDM,-0.499267578125,1.4948954435164884e-07,-33.77509993074422
OFDM,Classical OFDM,-0.4990234375,2.643765560408441e-07,-31.298978703720593
OFDM,Classical OFDM,-0.498779296875,4.1027255184828494e-07,-29.390483485591027
OFDM,Classical OFDM,-0.49853515625,5.858127141100251e-07,-27.843620181236666
OFDM,Classical OFDM,-0.498291015625,7.893462101288452e-07,-26.54853283085457
OFDM,Classical OFDM,-0.498046875,1.0189526380766068e-06,-25.439668131855342
OFDM,Classical OFDM,-0.497802734375,1.272459317703032e-06,-24.474769049941386
OFDM,Classical OFDM,-0.49755859375,1.5474629113097615e-06,-23.625005623257547
OFDM,Classical OFDM,-0.497314453125,1.8413510548418525e-06,-22.869842162865805
OFDM,Classical OFDM,-0.4970703125,2.1513290477003964e-06,-22.194139700282825
OFDM,Classical OFDM,-0.496826171875,2.4744443774224983e-06,-21.586431153937546
OFDM,Classical OFDM,-0.49658203125,2.807616566135868e-06,-21.03783014954807
OFDM,Classical OFDM,-0.496337890625,3.147665539866853e-06,-20.541322317273234
OFDM,Classical OFDM,-0.49609375,3.491343478248591e-06,-20.091282344334616
OFDM,Classical OFDM,-0.495849609375,3.835363467117422e-06,-19.68314284065841
OFDM,Classical OFDM,-0.49560546875,4.17643353358857e-06,-19.313152370662042
OFDM,Classical OFDM,-0.495361328125,4.511286634154926e-06,-18.97820389430853
OFDM,Classical OFDM,-0.4951171875,4.8367130305022e-06,-18.675704904208025
OFDM,Classical OFDM,-0.494873046875,5.149589751500716e-06,-18.40348179418355
OFDM,Classical OFDM,-0.49462890625,5.446912483383334e-06,-18.159704137911856
OFDM,Classical OFDM,-0.494384765625,5.7258231701278675e-06,-17.942828795941452
OFDM,Classical OFDM,-0.494140625,5.983637775718577e-06,-17.751555159357647
OFDM,Classical OFDM,-0.493896484375,6.217872103858759e-06,-17.58479026480455
OFDM,Classical OFDM,-0.49365234375,6.426266808287947e-06,-17.44162058425363
OFDM,Classical OFDM,-0.493408203125,6.606808437061764e-06,-17.32129096506164
OFDM,Classical OFDM,-0.4931640625,6.757748696161938e-06,-17.223187738159528
OFDM,Classical OFDM,-0.492919921875,6.877622741831861e-06,-17.14682461436645
OFDM,Classical OFDM,-0.49267578125,6.965261321507277e-06,-17.09183396372065
OFDM,Classical OFDM,-0.492431640625,7.019805828570322e-06,-17.057957117374944
OFDM,Classical OFDM,-0.4921875,7.040712996842726e-06,-17.0450416985095
OFDM,Classical OFDM,-0.491943359375,7.027763642055902e-06,-17.05303664360655
OFDM,Classical OFDM,-0.49169921875,6.981061852455567e-06,-17.08199325337369
OFDM,Classical OFDM,-0.491455078125,6.901038388262335e-06,-17.13206367971742
OFDM,Classical OFDM,-0.4912109375,6.788443720871456e-06,-17.203505893610846
OFDM,Classical OFDM,-0.490966796875,6.6443428527223955e-06,-17.296687769697826
OFDM,Classical OFDM,-0.49072265625,6.4701035001263e-06,-17.412095832344836
OFDM,Classical OFDM,-0.490478515625,6.267386542400527e-06,-17.550343304946054
OFDM,Classical OFDM,-0.490234375,6.038127729533089e-06,-17.712185154490257
OFDM,Classical OFDM,-0.489990234375,5.78451987548431e-06,-17.898534935868337
OFDM,Classical OFDM,-0.48974609375,5.508994161153582e-06,-18.110484991497135
OFDM,Classical OFDM,-0.489501953125,5.214193505271398e-06,-18.34933666880122
OFDM,Classical OFDM,-0.4892578125,4.902950629784587e-06,-18.616632910813372
OFDM,Classical OFDM,-0.489013671875,4.578260783232048e-06,-18.91420284247001
OFDM,Classical OFDM,-0.48876953125,4.243250498083124e-06,-19.24422140353355
OFDM,Classical OFDM,-0.488525390625,3.901151771025021e-06,-19.609279647237003
OFDM,Classical OFDM,-0.48828125,3.5552670970824418e-06,-20.012485776274374
OFDM,Classical OFDM,-0.488037109375,3.208942273932854e-06,-20.457589066377338
OFDM,Classical OFDM,-0.48779296875,2.8655299791144485e-06,-20.949158548280348
OFDM,Classical OFDM,-0.487548828125,2.528360267564575e-06,-21.492818543255808
OFDM,Classical OFDM,-0.4873046875,2.2007085195627454e-06,-22.095582864949264
OFDM,Classical OFDM,-0.487060546875,1.8857631458550154e-06,-22.76633667313861
OFDM,Classical OFDM,-0.48681640625,1.5865949115691274e-06,-23.516547541158204
OFDM,Classical OFDM,-0.486572265625,1.3061274135180687e-06,-24.361352665307123
OFDM,Classical OFDM,-0.486328125,1.0471097631060352e-06,-25.32128602313709
OFDM,Classical OFDM,-0.486083984375,8.120883991343635e-07,-26.425175046852992
OFDM,Classical OFDM,-0.48583984375,6.033834231041433e-07,-27.71527436697734
OFDM,Classical OFDM,-0.485595703125,4.230658349711862e-07,-29.25712856285388
OFDM,Classical OFDM,-0.4853515625,2.7293707061910646e-07,-31.16058285185547
OFDM,Classical OFDM,-0.485107421875,1.545117870313562e-07,-33.631591957659765
OFDM,Classical OFDM,-0.48486328125,6.900213725663172e-08,-37.132582685404316
OFDM,Classical OFDM,-0.484619140625,1.7306516651406812e-08,-43.13911146660483
OFDM,Classical OFDM,-0.484375,6.2429148846797834e-15,-107.5673339738419
OFDM,Classical OFDM,-0.484130859375,1.7328464861486106e-08,-43.133607212013274
OFDM,Classical OFDM,-0.48388671875,6.920569892972717e-08,-37.119789521468164
OFDM,Classical OFDM,-0.483642578125,1.5521376046725202e-07,-33.61190590243335
OFDM,Classical OFDM,-0.4833984375,2.746066003495767e-07,-31.134098396466847
OFDM,Classical OFDM,-0.483154296875,4.263160936416268e-07,-29.223890834390247
OFDM,Classical OFDM,-0.48291015625,6.089628990911272e-07,-27.675299770666932
OFDM,Classical OFDM,-0.482666015625,8.208679512783007e-07,-26.378475111625974
OFDM,Classical OFDM,-0.482421875,1.0600691139257878e-06,-25.267866300944224
OFDM,Classical OFDM,-0.482177734375,1.3243387488370885e-06,-24.301217249631723
OFDM,Classical OFDM,-0.48193359375,1.6112053874578299e-06,-23.449699058439183
OFDM,Classical OFDM,-0.481689453125,1.9179760297184536e-06,-22.692776360372093
OFDM,Classical OFDM,-0.4814453125,2.2417634408933667e-06,-22.01531028896346
OFDM,Classical OFDM,-0.481201171875,2.579510656046035e-06,-21.40583484927046
OFDM,Classical OFDM,-0.48095703125,2.9280229106766794e-06,-20.855463406348886
OFDM,Classical OFDM,-0.480712890625,3.283996536137298e-06,-20.357181208586855
OFDM,Classical OFDM,-0.48046875,3.6440507284002883e-06,-19.905363971200284
OFDM,Classical OFDM,-0.480224609375,4.004759640585214e-06,-19.495443556989486
OFDM,Classical OFDM,-0.47998046875,4.3626860942763355e-06,-19.123668456435066
OFDM,Classical OFDM,-0.479736328125,4.7144124984260825e-06,-18.786932317742583
OFDM,Classical OFDM,-0.4794921875,5.056576543691256e-06,-18.48264225486471
OFDM,Classical OFDM,-0.479248046875,5.385900745364362e-06,-18.208624655173992
OFDM,Classical OFDM,-0.47900390625,5.699226437979516e-06,-17.963048988011685
OFDM,Classical OFDM,-0.478759765625,5.9935418613320916e-06,-17.74437268261274
OFDM,Classical OFDM,-0.478515625,6.266014293475259e-06,-17.551294300045036
OFDM,Classical OFDM,-0.478271484375,6.5140140088232015e-06,-17.38272123016102
OFDM,Classical OFDM,-0.47802734375,6.735143416384748e-06,-17.237739633145885
OFDM,Classical OFDM,-0.477783203125,6.927257132768773e-06,-17.115595027179715
OFDM,Classical OFDM,-0.4775390625,7.088486749682783e-06,-17.015672793436124
OFDM,Classical OFDM,-0.477294921875,7.217255241170669e-06,-16.937487466547402
OFDM,Classical OFDM,-0.47705078125,7.312295094069181e-06,-16.880671018119205
OFDM,Classical OFDM,-0.476806640625,7.372661743971226e-06,-16.844965021963066
OFDM,Classical OFDM,-0.4765625,7.3977426404541045e-06,-16.830215926231798
OFDM,Classical OFDM,-0.476318359375,7.387259675265651e-06,-16.836374457155255
OFDM,Classical OFDM,-0.47607421875,7.341279704464157e-06,-16.863490401178737
OFDM,Classical OFDM,-0.475830078125,7.2602103395624e-06,-16.911716081577314
OFDM,Classical OFDM,-0.4755859375,7.144794929276299e-06,-16.98131043089485
OFDM,Classical OFDM,-0.475341796875,6.996112721403985e-06,-17.072640130073918
OFDM,Classical OFDM,-0.47509765625,6.815561056127471e-06,-17.18619198515998
OFDM,Classical OFDM,-0.474853515625,6.604847919575162e-06,-17.322579890400554
OFDM,Classical OFDM,-0.474609375,6.365976403430588e-06,-17.48255786723381
OFDM,Classical OFDM,-0.474365234375,6.101222689378093e-06,-17.66703934568761
OFDM,Classical OFDM,-0.47412109375,5.813117109250977e-06,-17.877117390191152
OFDM,Classical OFDM,-0.473876953125,5.504419377532897e-06,-18.114092961704838
OFDM,Classical OFDM,-0.4736328125,5.178093985738356e-06,-18.37950882330576
OFDM,Classical OFDM,-0.473388671875,4.837282197332593e-06,-18.6751938722958
OFDM,Classical OFDM,-0.47314453125,4.485269024400127e-06,-19.003323142780893
OFDM,Classical OFDM,-0.472900390625,4.125456517597256e-06,-19.36648797223444
OFDM,Classical OFDM,-0.47265625,3.761328476513539e-06,-19.76779549244547
OFDM,Classical OFDM,-0.472412109375,3.3964183976147968e-06,-20.210996265371513
OFDM,Classical OFDM,-0.47216796875,3.0342754796371983e-06,-20.700658037083024
OFDM,Classical OFDM,-0.471923828125,2.6784297791162034e-06,-21.242405463451163
OFDM,Classical OFDM,-0.4716796875,2.332359996450485e-06,-21.84325227228583
OFDM,Classical OFDM,-0.471435546875,1.9994593598867128e-06,-22.512082299407304
OFDM,Classical OFDM,-0.47119140625,1.6830009024577977e-06,-23.260364623722886
OFDM,Classical OFDM,-0.470947265625,1.3861090319702155e-06,-24.103234178033517
OFDM,Classical OFDM,-0.470703125,1.1117272765981566e-06,-25.061225498742004
OFDM,Classical OFDM,-0.470458984375,8.625898751057311e-07,-26.163164550406076
OFDM,Classical OFDM,-0.47021484375,6.411956030239047e-07,-27.451302756919983
OFDM,Classical OFDM,-0.469970703125,4.497823879879309e-07,-28.991183653489276
OFDM,Classical OFDM,-0.4697265625,2.9030618451796365e-07,-30.892645233322757
OFDM,Classical OFDM,-0.469482421875,1.644213082407116e-07,-33.361627118187734
OFDM,Classical OFDM,-0.46923828125,7.346318438574707e-08,-36.86051061580535
OFDM,Classical OFDM,-0.468994140625,1.843563142529637e-08,-42.86462794326536
OFDM,Classical OFDM,-0.46875,8.191961486576627e-15,-106.38732909366824
OFDM,Classical OFDM,-0.468505859375,1.8468124539545482e-08,-42.856980166774356
OFDM,Classical OFDM,-0.46826171875,7.379847136270626e-08,-36.84073445142346
OFDM,Classical OFDM,-0.468017578125,1.6559569540690375e-07,-33.330717679390546
OFDM,Classical OFDM,-0.4677734375,2.93113562271993e-07,-30.85084897653406
OFDM,Classical OFDM,-0.467529296875,4.552610335455971e-07,-28.938603312231557
OFDM,Classical OFDM,-0.46728515625,6.506123516798256e-07,-27.38798507251093
OFDM,Classical OFDM,-0.467041015625,8.774194755924616e-07,-26.089135412561557
OFDM,Classical OFDM,-0.466796875,1.1336277955841143e-06,-24.976503253260603
OFDM,Classical OFDM,-0.466552734375,1.4168961861087295e-06,-24.00782779927588
OFDM,Classical OFDM,-0.46630859375,1.7246170585440997e-06,-23.15428133742894
OFDM,Classical OFDM,-0.466064453125,2.0539421100823532e-06,-22.39532612288347
OFDM,Classical OFDM,-0.4658203125,2.401808669549536e-06,-21.715824031078203
OFDM,Classical OFDM,-0.465576171875,2.7649674596671037e-06,-21.10430786676888
OFDM,Classical OFDM,-0.46533203125,3.1400151347461527e-06,-20.551890698651924
OFDM,Classical OFDM,-0.465087890625,3.523424511604818e-06,-20.051558399314573
OFDM,Classical OFDM,-0.46484375,3.91158026390448e-06,-19.597685650203232
OFDM,Classical OFDM,-0.464599609375,4.300810731388152e-06,-19.185704805341356
OFDM,Classical OFDM,-0.46435546875,4.6874262042819e-06,-18.81186367678969
OFDM,Classical OFDM,-0.464111328125,5.067750085016928e-06,-18.473056216228883
OFDM,Classical OFDM,-0.4638671875,5.438158953300827e-06,-18.16668913686868
OFDM,Classical OFDM,-0.463623046875,5.795113242202436e-06,-17.890588843022144
OFDM,Classical OFDM,-0.46337890625,6.135194794097419e-06,-17.642924549758895
OFDM,Classical OFDM,-0.463134765625,6.455135998901901e-06,-17.422154146692844
OFDM,Classical OFDM,-0.462890625,6.7518569453203585e-06,-17.226975791059626
OFDM,Classical OFDM,-0.462646484375,7.022490107404673e-06,-17.056296751427436
OFDM,Classical OFDM,-0.46240234375,7.264412396611133e-06,-16.90920320358665
OFDM,Classical OFDM,-0.462158203125,7.475268310508268e-06,-16.7849402577642
OFDM,Classical OFDM,-0.4619140625,7.652994376517287e-06,-16.68289417018877
OFDM,Classical OFDM,-0.461669921875,7.795840843708236e-06,-16.602578470451054
OFDM,Classical OFDM,-0.46142578125,7.902387870707574e-06,-16.543624690013875
OFDM,Classical OFDM,-0.461181640625,7.971558152266077e-06,-16.50577592615669
OFDM,Classical OFDM,-0.4609375,8.002636182868857e-06,-16.488877378480428
OFDM,Classical OFDM,-0.460693359375,7.995264047879399e-06,-16.492880000982403
OFDM,Classical OFDM,-0.46044921875,7.949457125809898e-06,-16.517833398412126
OFDM,Classical OFDM,-0.460205078125,7.865598422553618e-06,-16.563890414527602
OFDM,Classical OFDM,-0.4599609375,7.744438571384886e-06,-16.631308719173493
OFDM,Classical OFDM,-0.459716796875,7.587088872158834e-06,-16.72045639977631
OFDM,Classical OFDM,-0.45947265625,7.395012387962236e-06,-16.831819053712252
OFDM,Classical OFDM,-0.459228515625,7.1700092141176085e-06,-16.966010974490292
OFDM,Classical OFDM,-0.458984375,6.9142040134943825e-06,-17.123786213490327
OFDM,Classical OFDM,-0.458740234375,6.630022220284758e-06,-17.30605827295524
OFDM,Classical OFDM,-0.45849609375,6.320170776393693e-06,-17.51391997777841
OFDM,Classical OFDM,-0.458251953125,5.98761158327048e-06,-17.74867191350156
OFDM,Classical OFDM,-0.4580078125,5.6355341443449345e-06,-18.011857258125474
OFDM,Classical OFDM,-0.457763671875,5.267327640886832e-06,-18.305304778301252
OFDM,Classical OFDM,-0.45751953125,4.886544671092932e-06,-18.631189379316545
OFDM,Classical OFDM,-0.457275390625,4.496872354671957e-06,-18.992102510864136
OFDM,Classical OFDM,-0.45703125,4.102094776899012e-06,-19.391151209148752
OFDM,Classical OFDM,-0.456787109375,3.7060581846142966e-06,-19.83208577824048
OFDM,Classical OFDM,-0.45654296875,3.3126331874589145e-06,-20.31947462721014
OFDM,Classical OFDM,-0.456298828125,2.9256789016595877e-06,-20.858941513942
OFDM,Classical OFDM,-0.4560546875,2.5490051512644693e-06,-21.457500980928597
OFDM,Classical OFDM,-0.455810546875,2.186336773806935e-06,-22.12403751625873
OFDM,Classical OFDM,-0.45556640625,1.8412761048297727e-06,-22.870018940884638
OFDM,Classical OFDM,-0.455322265625,1.5172691046885832e-06,-23.710581966109473
OFDM,Classical OFDM,-0.455078125,1.2175722947505505e-06,-24.666260538404174
OFDM,Classical OFDM,-0.454833984375,9.452193496001821e-07,-25.765882077248126
OFDM,Classical OFDM,-0.45458984375,7.029926063219753e-07,-27.051700538448294
OFDM,Classical OFDM,-0.454345703125,4.933949380110012e-07,-28.589261216961788
OFDM,Classical OFDM,-0.4541015625,3.186250469789668e-07,-30.488408987143977
OFDM,Classical OFDM,-0.453857421875,1.805556869598032e-07,-32.95509639280168
OFDM,Classical OFDM,-0.45361328125,8.071342569583425e-08,-36.45175030894124
OFDM,Classical OFDM,-0.453369140625,2.0264176679209914e-08,-42.45391847901598
OFDM,Classical OFDM,-0.453125,6.096125665450649e-15,-107.6706690026102
OFDM,Classical OFDM,-0.452880859375,2.0330424742456933e-08,-42.43974359228776
OFDM,Classical OFDM,-0.45263671875,8.127715440102595e-08,-36.42152321127571
OFDM,Classical OFDM,-0.452392578125,1.8247252744827493e-07,-32.9092332366973
OFDM,Classical OFDM,-0.4521484375,3.23161642313934e-07,-30.427010046673253
OFDM,Classical OFDM,-0.451904296875,5.022080395933908e-07,-28.5123715039302
OFDM,Classical OFDM,-0.45166015625,7.18103633581925e-07,-26.95933686976094
OFDM,Classical OFDM,-0.451416015625,9.68981194669066e-07,-25.658054625860125
OFDM,Classical OFDM,-0.451171875,1.252631842396218e-06,-24.54297363782432
OFDM,Classical OFDM,-0.450927734375,1.5665240106021303e-06,-23.571837553895932
OFDM,Classical OFDM,-0.45068359375,1.9078268187144607e-06,-22.715818617640615
OFDM,Classical OFDM,-0.450439453125,2.2734369841461217e-06,-21.95437890430792
OFDM,Classical OFDM,-0.4501953125,2.660006159624201e-06,-21.272381689221817
OFDM,Classical OFDM,-0.449951171875,3.06397211514693e-06,-20.658360027102226
OFDM,Classical OFDM,-0.44970703125,3.4815942299710466e-06,-20.103426572967578
OFDM,Classical OFDM,-0.449462890625,3.908985908896716e-06,-19.600567063339838
OFDM,Classical OFDM,-0.44921875,4.342152785729413e-06,-19.144157104782206
OFDM,Classical OFDM,-0.448974609375,4.7770300768766524e-06,-18.72962835552087
OFDM,Classical OFDM,-0.44873046875,5.209522403600633e-06,-18.35322901167309
OFDM,Classical OFDM,-0.448486328125,5.635540781387042e-06,-18.011852143385696
OFDM,Classical OFDM,-0.4482421875,6.051043251593078e-06,-17.702905540355648
OFDM,Classical OFDM,-0.447998046875,6.45207357054656e-06,-17.424215003849845
OFDM,Classical OFDM,-0.44775390625,6.834800060524107e-06,-17.173949966201082
OFDM,Classical OFDM,-0.447509765625,7.195551142208269e-06,-16.950567469550894
OFDM,Classical OFDM,-0.447265625,7.530853214391261e-06,-16.752766284760735
OFDM,Classical OFDM,-0.447021484375,7.837462382273808e-06,-16.579453418790635
OFDM,Classical OFDM,-0.44677734375,8.112399099587362e-06,-16.429715030520164
OFDM,Classical OFDM,-0.446533203125,8.352975040520677e-06,-16.302796275305024
OFDM,Classical OFDM,-0.4462890625,8.556822399832522e-06,-16.198082930928848
OFDM,Classical OFDM,-0.446044921875,8.721916879680446e-06,-16.115088677170924
OFDM,Classical OFDM,-0.44580078125,8.84659792450524e-06,-16.053445220726342
OFDM,Classical OFDM,-0.445556640625,8.929586527729278e-06,-16.012894612822215
OFDM,Classical OFDM,-0.4453125,8.970000286510558e-06,-15.99328354309436
OFDM,Classical OFDM,-0.445068359375,8.967361819454649e-06,-15.994561179889068
OFDM,Classical OFDM,-0.44482421875,8.921605889294014e-06,-16.016777767946472
OFDM,Classical OFDM,-0.444580078125,8.833080212283401e-06,-16.060086369874504
OFDM,Classical OFDM,-0.4443359375,8.702547562627819e-06,-16.124744056831993
OFDM,Classical OFDM,-0.444091796875,8.531176545375221e-06,-16.211118818246785
OFDM,Classical OFDM,-0.44384765625,8.32053269306734e-06,-16.319696798559896
OFDM,Classical OFDM,-0.443603515625,8.072567781720687e-06,-16.451091109453866
OFDM,Classical OFDM,-0.443359375,7.789600243458383e-06,-16.606056406535075
OFDM,Classical OFDM,-0.443115234375,7.4742946078675356e-06,-16.78550599160778
OFDM,Classical OFDM,-0.44287109375,7.129639486444936e-06,-16.990532411218453
OFDM,Classical OFDM,-0.442626953125,6.758917948726195e-06,-17.2224363695696
OFDM,Classical OFDM,-0.4423828125,6.365679355326557e-06,-17.482760521711608
OFDM,Classical OFDM,-0.442138671875,5.953706010851295e-06,-17.773334254925903
OFDM,Classical OFDM,-0.44189453125,5.526976902982735e-06,-18.09633161539165
OFDM,Classical OFDM,-0.441650390625,5.089631846264981e-06,-18.454344420355365
OFDM,Classical OFDM,-0.44140625,4.645932793004798e-06,-18.850478881197475
OFDM,Classical OFDM,-0.441162109375,4.200221178135154e-06,-19.288486508477824
OFDM,Classical OFDM,-0.44091796875,3.7568808489068686e-06,-19.772933897799355
OFDM,Classical OFDM,-0.440673828125,3.3202913627752516e-06,-20.309446155654378
OFDM,Classical OFDM,-0.4404296875,2.894790350514991e-06,-20.90503694944743
OFDM,Classical OFDM,-0.440185546875,2.4846299707487695e-06,-21.568590916480357
OFDM,Classical OFDM,-0.43994140625,2.0939351046759495e-06,-22.31157593346614
OFDM,Classical OFDM,-0.439697265625,1.7266647074432325e-06,-23.14912798987629
OFDM,Classical OFDM,-0.439453125,1.3865726738780937e-06,-24.101781742121943
OFDM,Classical OFDM,-0.439208984375,1.0771701408990132e-06,-25.19836504939728
OFDM,Classical OFDM,-0.43896484375,8.016922416002895e-07,-26.481131305049242
OFDM,Classical OFDM,-0.438720703125,5.630646569880101e-07,-28.015625432641713
OFDM,Classical OFDM,-0.4384765625,3.6387421469291565e-07,-29.911695300643352
OFDM,Classical OFDM,-0.438232421875,2.0634371677411759e-07,-32.37529562203183
OFDM,Classical OFDM,-0.43798828125,9.230704069375771e-08,-35.868859832456586
OFDM,Classical OFDM,-0.437744140625,2.3191175798318715e-08,-41.867980431920486
OFDM,Classical OFDM,-0.4375,4.749785043489427e-15,-108.75446855608617
OFDM,Classical OFDM,-0.437255859375,2.330268392323561e-08,-41.847148667691336
OFDM,Classical OFDM,-0.43701171875,9.322606361792903e-08,-35.82583464289722
OFDM,Classical OFDM,-0.436767578125,2.0945131950903944e-07,-32.310377105352906
OFDM,Classical OFDM,-0.4365234375,3.712148642021378e-07,-29.82495453291316
OFDM,Classical OFDM,-0.436279296875,5.773128890090116e-07,-27.90709557618936
OFDM,Classical OFDM,-0.43603515625,8.261115787702814e-07,-26.35082101953858
OFDM,Classical OFDM,-0.435791015625,1.1155599458308767e-06,-25.046278986905676
OFDM,Classical OFDM,-0.435546875,1.4432071207488159e-06,-23.92792148223759
OFDM,Classical OFDM,-0.435302734375,1.8062246309030089e-06,-22.953490509094465
OFDM,Classical OFDM,-0.43505859375,2.2014302574220483e-06,-22.094158799110527
OFDM,Classical OFDM,-0.434814453125,2.6253181446923006e-06,-21.329388710596774
OFDM,Classical OFDM,-0.4345703125,3.0740896383218423e-06,-20.644042841510647
OFDM,Classical OFDM,-0.434326171875,3.5436871583370597e-06,-20.026654364428502
OFDM,Classical OFDM,-0.43408203125,4.029834385663213e-06,-19.46833612942901
OFDM,Classical OFDM,-0.433837890625,4.528073494311858e-06,-18.96207344035593
OFDM,Classical OFDM,-0.43359375,5.033808251684771e-06,-18.50224142885692
OFDM,Classical OFDM,-0.433349609375,5.542345459617345e-06,-18.084272189509484
OFDM,Classical OFDM,-0.43310546875,6.048942870585014e-06,-17.70441328405328
OFDM,Classical OFDM,-0.432861328125,6.5488494146535865e-06,-17.35955806922167
OFDM,Classical OFDM,-0.4326171875,7.0373551391741124e-06,-17.047113430326768
OFDM,Classical OFDM,-0.432373046875,7.509832568886745e-06,-16.764905566737674
OFDM,Classical OFDM,-0.43212890625,7.961784703066705e-06,-16.511103817017172
OFDM,Classical OFDM,-0.431884765625,8.388887265963056e-06,-16.284164530546626
OFDM,Classical OFDM,-0.431640625,8.78703095723748e-06,-16.082786547758342
OFDM,Classical OFDM,-0.431396484375,9.152360788579683e-06,-15.90587679430991
OFDM,Classical OFDM,-0.43115234375,9.481317848508951e-06,-15.752521052629906
OFDM,Classical OFDM,-0.430908203125,9.770671516310224e-06,-15.621963983964044
OFDM,Classical OFDM,-0.4306640625,1.0017553456640002e-05,-15.513591425900756
OFDM,Classical OFDM,-0.430419921875,1.0219487081518143e-05,-15.426917122227463
OFDM,Classical OFDM,-0.43017578125,1.0374415069770735e-05,-15.361571915406715
OFDM,Classical OFDM,-0.429931640625,1.0480717011849363e-05,-15.317298163984336
OFDM,Classical OFDM,-0.4296875,1.053723352981339e-05,-15.293942060831379
OFDM,Classical OFDM,-0.429443359375,1.05432746950419e-05,-15.291452894282976
OFDM,Classical OFDM,-0.42919921875,1.0498633949834217e-05,-15.309880175500883
OFDM,Classical OFDM,-0.428955078125,1.0403587621772674e-05,-15.349376819592681
OFDM,Classical OFDM,-0.4287109375,1.0258900103853039e-05,-15.410200103358038
OFDM,Classical OFDM,-0.428466796875,1.0065818188716857e-05,-15.492717294270728
OFDM,Classical OFDM,-0.42822265625,9.82605941335801e-06,-15.597414254530236
OFDM,Classical OFDM,-0.427978515625,9.541800727587396e-06,-15.724904687794876
OFDM,Classical OFDM,-0.427734375,9.215663763037046e-06,-15.875941902548501
OFDM,Classical OFDM,-0.427490234375,8.850684723652029e-06,-16.05143940504838
OFDM,Classical OFDM,-0.42724609375,8.450293988926897e-06,-16.252489927433547
OFDM,Classical OFDM,-0.427001953125,8.018285356881306e-06,-16.480393032477455
OFDM,Classical OFDM,-0.4267578125,7.558779297509802e-06,-16.7366914630096
OFDM,Classical OFDM,-0.426513671875,7.076188148780538e-06,-17.023214393772825
OFDM,Classical OFDM,-0.42626953125,6.5751737043174235e-06,-17.342135806292937
OFDM,Classical OFDM,-0.426025390625,6.060607067389332e-06,-17.69604683294561
OFDM,Classical OFDM,-0.42578125,5.537521139401367e-06,-18.088054140785545
OFDM,Classical OFDM,-0.425537109375,5.011064969995491e-06,-18.521907776850732
OFDM,Classical OFDM,-0.42529296875,4.486454626751037e-06,-19.00217531303992
OFDM,Classical OFDM,-0.425048828125,3.9689239839456705e-06,-19.534480301990005
OFDM,Classical OFDM,-0.4248046875,3.463675025679131e-06,-20.12583673022901
OFDM,Classical OFDM,-0.424560546875,2.975828310876049e-06,-20.785129400604994
OFDM,Classical OFDM,-0.42431640625,2.5103733978189895e-06,-21.523824871341585
OFDM,Classical OFDM,-0.424072265625,2.0721194710303467e-06,-22.357060195568383
OFDM,Classical OFDM,-0.423828125,1.6656508649962753e-06,-23.30536836540901
OFDM,Classical OFDM,-0.423583984375,1.295278136216041e-06,-24.39757776357144
OFDM,Classical OFDM,-0.42333984375,9.649987872912625e-07,-25.675940436567004
OFDM,Classical OFDM,-0.423095703125,6.784540654475662e-07,-27.206003620268508
OFDM,Classical OFDM,-0.4228515625,4.388940573588748e-07,-29.09761110703245
OFDM,Classical OFDM,-0.422607421875,2.491429407920495e-07,-31.556722248295884
OFDM,Classical OFDM,-0.42236328125,1.1156908756508446e-07,-35.04576929881641
OFDM,Classical OFDM,-0.422119140625,2.80598293814917e-08,-41.040357852636234
OFDM,Classical OFDM,-0.421875,4.410037436507612e-15,-109.07678535045535
OFDM,Classical OFDM,-0.421630859375,2.8255065031967574e-08,-41.01024500016382
OFDM,Classical OFDM,-0.42138671875,1.1315940025221228e-07,-34.984301742064034
OFDM,Classical OFDM,-0.421142578125,2.545094446199788e-07,-31.464169079700905
OFDM,Classical OFDM,-0.4208984375,4.515617830236351e-07,-28.974036320119673
OFDM,Classical OFDM,-0.420654296875,7.030359089747428e-07,-27.051433031737723
OFDM,Classical OFDM,-0.42041015625,1.0071237900173502e-06,-25.490379563446947
OFDM,Classical OFDM,-0.420166015625,1.3615022995351402e-06,-24.181024320388097
OFDM,Classical OFDM,-0.419921875,1.7633513623840774e-06,-23.05781953525735
OFDM,Classical OFDM,-0.419677734375,2.2093789247398475e-06,-22.078506042670934
OFDM,Classical OFDM,-0.41943359375,2.6958464702871724e-06,-21.214256559309153
OFDM,Classical OFDM,-0.419189453125,3.2186031362350304e-06,-20.44453381097255
OFDM,Classical OFDM,-0.4189453125,3.7731225003366213e-06,-19.754199057442836
OFDM,Classical OFDM,-0.418701171875,4.354540096365177e-06,-19.131785173599013
OFDM,Classical OFDM,-0.41845703125,4.957701208911083e-06,-18.568404620955267
OFDM,Classical OFDM,-0.418212890625,5.577204823550943e-06,-18.05704216921223
OFDM,Classical OFDM,-0.41796875,6.207454375937839e-06,-17.59207275000529
OFDM,Classical OFDM,-0.417724609375,6.8427091484078805e-06,-17.168927306658045
OFDM,Classical OFDM,-0.41748046875,7.4771378519542895e-06,-16.78385423651905
OFDM,Classical OFDM,-0.417236328125,8.104873988871305e-06,-16.433745442139212
OFDM,Classical OFDM,-0.4169921875,8.720072105733017e-06,-16.116007351238867
OFDM,Classical OFDM,-0.416748046875,9.316959756576686e-06,-15.828465916121424
OFDM,Classical OFDM,-0.41650390625,9.889898693193386e-06,-15.569289682846026
OFDM,Classical OFDM,-0.416259765625,1.043343553327871e-05,-15.336934742782498
OFDM,Classical OFDM,-0.416015625,1.0942356475560387e-05,-15.130099522875204
OFDM,Classical OFDM,-0.415771484375,1.1411738615465298e-05,-14.94768995590535
OFDM,Classical OFDM,-0.41552734375,1.1837000775149266e-05,-14.78879135173424
OFDM,Classical OFDM,-0.415283203125,1.2213944944540452e-05,-14.652648531826456
OFDM,Classical OFDM,-0.4150390625,1.2538807111369144e-05,-14.538645896901393
OFDM,Classical OFDM,-0.414794921875,1.2808288827587535e-05,-14.446296988402159
OFDM,Classical OFDM,-0.41455078125,1.3019598002896813e-05,-14.37523236195825
OFDM,Classical OFDM,-0.414306640625,1.3170475776673742e-05,-14.325193473150275
OFDM,Classical OFDM,-0.4140625,1.3259229217543957e-05,-14.296025327294837
OFDM,Classical OFDM,-0.413818359375,1.3284741036126525e-05,-14.287677182432239
OFDM,Classical OFDM,-0.41357421875,1.3246494514411599e-05,-14.30019847252229
OFDM,Classical OFDM,-0.413330078125,1.3144581275956062e-05,-14.333740551258899
OFDM,Classical OFDM,-0.4130859375,1.2979704199706892e-05,-14.388560159796766
OFDM,Classical OFDM,-0.412841796875,1.2753174829935945e-05,-14.46502497868336
OFDM,Classical OFDM,-0.41259765625,1.2466913376239955e-05,-14.56361869342402
OFDM,Classical OFDM,-0.412353515625,1.2123425402953629e-05,-14.684954666904154
OFDM,Classical OFDM,-0.412109375,1.1725791468888792e-05,-14.829786447874373
OFDM,Classical OFDM,-0.411865234375,1.1277639931649665e-05,-14.999025867465235
OFDM,Classical OFDM,-0.41162109375,1.0783116676245691e-05,-15.193765068063716
OFDM,Classical OFDM,-0.411376953125,1.0246852091760079e-05,-15.415303437995117
OFDM,Classical OFDM,-0.4111328125,9.673921249097168e-06,-15.66518263548295
OFDM,Classical OFDM,-0.410888671875,9.069799546115666e-06,-15.945231225089776
OFDM,Classical OFDM,-0.41064453125,8.440314629543151e-06,-16.257621751058707
OFDM,Classical OFDM,-0.410400390625,7.791593298639214e-06,-16.60494535830947
OFDM,Classical OFDM,-0.41015625,7.130009380133061e-06,-16.990307100217905
OFDM,Classical OFDM,-0.409912109375,6.462120919142128e-06,-17.417457309536502
OFDM,Classical OFDM,-0.40966796875,5.794615464044455e-06,-17.890961901465246
OFDM,Classical OFDM,-0.409423828125,5.1342428057227225e-06,-18.416444079938877
OFDM,Classical OFDM,-0.4091796875,4.487755487003893e-06,-19.000916246389288
OFDM,Classical OFDM,-0.408935546875,3.8618423512986156e-06,-19.65326270253857
OFDM,Classical OFDM,-0.40869140625,3.26306581445937e-06,-20.384949778394407
OFDM,Classical OFDM,-0.408447265625,2.6977990556990617e-06,-21.211112129061416
OFDM,Classical OFDM,-0.408203125,2.172163410858475e-06,-22.152283173045536
OFDM,Classical OFDM,-0.407958984375,1.6919670202365552e-06,-23.237289176930393
OFDM,Classical OFDM,-0.40771484375,1.2626486363162345e-06,-24.50838297201079
OFDM,Classical OFDM,-0.407470703125,8.892213707856031e-07,-26.03110919610947
OFDM,Classical OFDM,-0.4072265625,5.762218948604445e-07,-27.91531054961562
OFDM,Classical OFDM,-0.406982421875,3.276620779103519e-07,-30.366946301642205
OFDM,Classical OFDM,-0.40673828125,1.4698603891643782e-07,-33.848447248410395
OFDM,Classical OFDM,-0.406494140625,3.7032167490203425e-08,-39.835416792059476
OFDM,Classical OFDM,-0.40625,4.781419659434244e-15,-108.7256394835401
OFDM,Classical OFDM,-0.406005859375,3.742272795111487e-08,-39.78985368763248
OFDM,Classical OFDM,-0.40576171875,1.5014605506086002e-07,-33.756068851985226
OFDM,Classical OFDM,-0.405517578125,3.38313134284104e-07,-30.2280195255533
OFDM,Classical OFDM,-0.4052734375,6.013555841569072e-07,-27.729894630642534
OFDM,Classical OFDM,-0.405029296875,9.379916714509602e-07,-25.79921828985857
OFDM,Classical OFDM,-0.40478515625,1.3462308703459908e-06,-24.23001266107546
OFDM,Classical OFDM,-0.404541015625,1.8233849865575026e-06,-22.91242436654061
OFDM,Classical OFDM,-0.404296875,2.366085356988574e-06,-21.780904033930568
OFDM,Classical OFDM,-0.404052734375,2.9703090437878076e-06,-20.793191736827644
OFDM,Classical OFDM,-0.40380859375,3.631407810703889e-06,-19.920457878720022
OFDM,Classical OFDM,-0.403564453125,4.344146164668395e-06,-19.142163819739444
OFDM,Classical OFDM,-0.4033203125,5.102743322946185e-06,-18.443170881275975
OFDM,Classical OFDM,-0.403076171875,5.900923071890735e-06,-17.812008582828327
OFDM,Classical OFDM,-0.40283203125,6.731965568248386e-06,-17.23978925186827
OFDM,Classical OFDM,-0.402587890625,7.588767234416376e-06,-16.71949579041768
OFDM,Classical OFDM,-0.40234375,8.463902515310241e-06,-16.24550158578943
OFDM,Classical OFDM,-0.402099609375,9.349689277510433e-06,-15.813236332196388
OFDM,Classical OFDM,-0.40185546875,1.0238261007330103e-05,-15.418946142589615
OFDM,Classical OFDM,-0.401611328125,1.1121634961906002e-05,-15.0595217481204
OFDM,Classical OFDM,-0.4013671875,1.1991790194913003e-05,-14.732367896163016
OFDM,Classical OFDM,-0.401123046875,1.2840736840808523e-05,-14.435308656299018
OFDM,Classical OFDM,-0.40087890625,1.3660597378128563e-05,-14.166511197603203
OFDM,Classical OFDM,-0.400634765625,1.4443679313192724e-05,-13.924429738173103
OFDM,Classical OFDM,-0.400390625,1.5182551748907042e-05,-13.707760411589254
OFDM,Classical OFDM,-0.400146484375,1.587011402149212e-05,-13.515407641978195
OFDM,Classical OFDM,-0.39990234375,1.6499671136132426e-05,-13.346455230833099
OFDM,Classical OFDM,-0.399658203125,1.7064999489881062e-05,-13.200145315928953
OFDM,Classical OFDM,-0.3994140625,1.7560412594564523e-05,-13.075860954731413
OFDM,Classical OFDM,-0.399169921875,1.798082000076627e-05,-12.973113177275795
OFDM,Classical OFDM,-0.39892578125,1.8321782660470646e-05,-12.891530841456419
OFDM,Classical OFDM,-0.398681640625,1.8579566347157884e-05,-12.830852380173317
OFDM,Classical OFDM,-0.3984375,1.875117921174968e-05,-12.790922266787828
OFDM,Classical OFDM,-0.398193359375,1.883441808002485e-05,-12.771686047130155
OFDM,Classical OFDM,-0.39794921875,1.882789014441551e-05,-12.77319155572769
OFDM,Classical OFDM,-0.397705078125,1.873104631109666e-05,-12.79558773602143
OFDM,Classical OFDM,-0.3974609375,1.8544192855279652e-05,-12.83912876021013
OFDM,Classical OFDM,-0.397216796875,1.8268498543891515e-05,-12.904179563138538
OFDM,Classical OFDM,-0.39697265625,1.7906000786979837e-05,-12.991222119809136
OFDM,Classical OFDM,-0.396728515625,1.745959430617747e-05,-13.10086663072001
OFDM,Classical OFDM,-0.396484375,1.6933019155650904e-05,-13.233864115488341
OFDM,Classical OFDM,-0.396240234375,1.633083676399708e-05,-13.39112373415999
OFDM,Classical OFDM,-0.39599609375,1.5658398205944515e-05,-13.573734778903287
OFDM,Classical OFDM,-0.395751953125,1.4921807293924044e-05,-13.78299384184915
OFDM,Classical OFDM,-0.3955078125,1.4127874928169442e-05,-14.020439697148062
OFDM,Classical OFDM,-0.395263671875,1.3284066324138732e-05,-14.287897759659709
OFDM,Classical OFDM,-0.39501953125,1.2398440145981701e-05,-14.587537614344711
OFDM,Classical OFDM,-0.394775390625,1.1479581488602518e-05,-14.921947559598493
OFDM,Classical OFDM,-0.39453125,1.0536537935424823e-05,-15.294228761107316
OFDM,Classical OFDM,-0.394287109375,9.57873101053727e-06,-15.708128336316884
OFDM,Classical OFDM,-0.39404296875,8.615884466262968e-06,-16.16820944519524
OFDM,Classical OFDM,-0.393798828125,7.657936059063196e-06,-16.680090753969804
OFDM,Classical OFDM,-0.3935546875,6.714947221013109e-06,-17.250782077295707
OFDM,Classical OFDM,-0.393310546875,5.797015321342686e-06,-17.889163630253602
OFDM,Classical OFDM,-0.39306640625,4.9141803431495494e-06,-18.6066972082372
OFDM,Classical OFDM,-0.392822265625,4.0763301841396356e-06,-19.418514564645086
OFDM,Classical OFDM,-0.392578125,3.2931107328006124e-06,-20.34514476858468
OFDM,Classical OFDM,-0.392333984375,2.5738299550494864e-06,-21.415409601966296
OFDM,Classical OFDM,-0.39208984375,1.9273697510758467e-06,-22.671557725180584
OFDM,Classical OFDM,-0.391845703125,1.3620969623199663e-06,-24.179127868338313
OFDM,Classical OFDM,-0.3916015625,8.857779600254469e-07,-26.04795941280656
OFDM,Classical OFDM,-0.391357421875,5.054990917909244e-07,-28.484004315763283
OFDM,Classical OFDM,-0.39111328125,2.275897080695422e-07,-31.94968192472707
OFDM,Classical OFDM,-0.390869140625,5.755254025488797e-08,-37.92056313940078
OFDM,Classical OFDM,-0.390625,5.855429132811723e-15,-107.84562082067555
OFDM,Classical OFDM,-0.390380859375,5.859686264242327e-08,-37.842464473157385
OFDM,Classical OFDM,-0.39013671875,2.3601133545951845e-07,-31.79187948893794
OFDM,Classical OFDM,-0.389892578125,5.338738430028357e-07,-28.24682167980844
OFDM,Classical OFDM,-0.3896484375,9.527445210208931e-07,-25.731443512854263
OFDM,Classical OFDM,-0.389404296875,1.4920899071369457e-06,-23.783258185195958
OFDM,Classical OFDM,-0.38916015625,2.1502687397541293e-06,-22.196280699614984
OFDM,Classical OFDM,-0.388916015625,2.9245280223704294e-06,-20.860650241641913
OFDM,Classical OFDM,-0.388671875,3.8110076270148996e-06,-19.71080993293568
OFDM,Classical OFDM,-0.388427734375,4.80475599651801e-06,-18.704494737590487
OFDM,Classical OFDM,-0.38818359375,5.899756733149841e-06,-17.812867066388964
OFDM,Classical OFDM,-0.387939453125,7.088961864770157e-06,-17.015381711639385
OFDM,Classical OFDM,-0.3876953125,8.364337818485918e-06,-16.296892464601754
OFDM,Classical OFDM,-0.387451171875,9.716920540476584e-06,-15.645921598975212
OFDM,Classical OFDM,-0.38720703125,1.1136876038768445e-05,-15.053574255393782
OFDM,Classical OFDM,-0.386962890625,1.2613579703981754e-05,-14.512824554164808
OFDM,Classical OFDM,-0.38671875,1.4135688831156665e-05,-14.01803834743517
OFDM,Classical OFDM,-0.386474609375,1.5691236023979948e-05,-13.564636562138306
OFDM,Classical OFDM,-0.38623046875,1.726772421780247e-05,-13.148857072871277
OFDM,Classical OFDM,-0.385986328125,1.8852228015940624e-05,-12.767581273546757
OFDM,Classical OFDM,-0.3857421875,2.043150214865708e-05,-12.418205135654357
OFDM,Classical OFDM,-0.385498046875,2.199209090341602e-05,-12.098542892475644
OFDM,Classical OFDM,-0.38525390625,2.352045147673886e-05,-11.806751574277408
OFDM,Classical OFDM,-0.385009765625,2.5003070203380657e-05,-11.5412747093253
OFDM,Classical OFDM,-0.384765625,2.6426574576650538e-05,-11.300799378729906
OFDM,Classical OFDM,-0.384521484375,2.7777875701998364e-05,-11.084217809891523
OFDM,Classical OFDM,-0.38427734375,2.904427319465584e-05,-10.89060298083917
OFDM,Classical OFDM,-0.384033203125,3.021358856799494e-05,-10.719185002942865
OFDM,Classical OFDM,-0.3837890625,3.1274281138946154e-05,-10.569334753051663
OFDM,Classical OFDM,-0.383544921875,3.221556199086784e-05,-10.440550993391994
OFDM,Classical OFDM,-0.38330078125,3.3027516354127466e-05,-10.332448949439147
OFDM,Classical OFDM,-0.383056640625,3.3701202676096034e-05,-10.244754116515423
OFDM,Classical OFDM,-0.3828125,3.422876140388695e-05,-10.177296271090459
OFDM,Classical OFDM,-0.382568359375,3.460350628415478e-05,-10.13000704261757
OFDM,Classical OFDM,-0.38232421875,3.482001501537766e-05,-10.102918571638718
OFDM,Classical OFDM,-0.382080078125,3.4874210834911506e-05,-10.09616422439607
OFDM,Classical OFDM,-0.3818359375,3.4763425975587695e-05,-10.109982411191663
OFDM,Classical OFDM,-0.381591796875,3.448647418753901e-05,-10.144720157900384
OFDM,Classical OFDM,-0.38134765625,3.404368246649849e-05,-10.200842801305967
OFDM,Classical OFDM,-0.381103515625,3.343695127281564e-05,-10.27894138922254
OFDM,Classical OFDM,-0.380859375,3.266976683426616e-05,-10.37974776319912
OFDM,Classical OFDM,-0.380615234375,3.1747212153829084e-05,-10.504152170104582
OFDM,Classical OFDM,-0.38037109375,3.067598449262702e-05,-10.653223016729125
OFDM,Classical OFDM,-0.380126953125,2.9464380477051115e-05,-10.828234972459295
OFDM,Classical OFDM,-0.3798828125,2.8122268255560068e-05,-11.030704646092165
OFDM,Classical OFDM,-0.379638671875,2.6661058360446475e-05,-11.262434256756652
OFDM,Classical OFDM,-0.37939453125,2.5093654496597786e-05,-11.525568971354648
OFDM,Classical OFDM,-0.379150390625,2.343439202744754e-05,-11.822671203863585
OFDM,Classical OFDM,-0.37890625,2.169896804321461e-05,-12.156817310078651
OFDM,Classical OFDM,-0.378662109375,1.9904364630221302e-05,-12.531724922538537
OFDM,Classical OFDM,-0.37841796875,1.8068742030703352e-05,-12.951928937579979
OFDM,Classical OFDM,-0.378173828125,1.6211342162880753e-05,-13.42301838955279
OFDM,Classical OFDM,-0.3779296875,1.4352372391781375e-05,-13.951971170193353
OFDM,Classical OFDM,-0.377685546875,1.2512882824901524e-05,-14.547634335292358
OFDM,Classical OFDM,-0.37744140625,1.0714630495661376e-05,-15.221436126521661
OFDM,Classical OFDM,-0.377197265625,8.979946136925621e-06,-15.988470795141534
OFDM,Classical OFDM,-0.376953125,7.331583147825774e-06,-16.86923046935349
OFDM,Classical OFDM,-0.376708984375,5.792567369977865e-06,-17.892497177077175
OFDM,Classical OFDM,-0.37646484375,4.38604548772798e-06,-19.100476797874123
OFDM,Classical OFDM,-0.376220703125,3.135120801829906e-06,-20.558665315905245
OFDM,Classical OFDM,-0.3759765625,2.062696975667236e-06,-22.376853794042418
OFDM,Classical OFDM,-0.375732421875,1.1913143552728929e-06,-24.76094436185463
OFDM,Classical OFDM,-0.37548828125,5.42989021058047e-07,-28.173297627453312
OFDM,Classical OFDM,-0.375244140625,1.3905364803383475e-07,-34.089384242805735
OFDM,Classical OFDM,-0.375,4.413918267202375e-15,-109.07296524183016
OFDM,Classical OFDM,-0.374755859375,1.4532594875957318e-07,-33.897776442987514
OFDM,Classical OFDM,-0.37451171875,5.933874711151316e-07,-27.7878243891589
OFDM,Classical OFDM,-0.374267578125,1.361256809916741e-06,-24.18180745824671
OFDM,Classical OFDM,-0.3740234375,2.464587884257259e-06,-21.60376502036478
OFDM,Classical OFDM,-0.373779296875,3.917489659565317e-06,-19.59112952427932
OFDM,Classical OFDM,-0.37353515625,5.7324090584463304e-06,-17.9378363761457
OFDM,Classical OFDM,-0.373291015625,7.920025891044885e-06,-16.53394209898508
OFDM,Classical OFDM,-0.373046875,1.0489154796794588e-05,-15.313803165376425
OFDM,Classical OFDM,-0.372802734375,1.3446660905419603e-05,-14.235063581424782
OFDM,Classical OFDM,-0.37255859375,1.6797394599667102e-05,-13.268788865670773
OFDM,Classical OFDM,-0.372314453125,2.054412465924899e-05,-12.394331695824842
OFDM,Classical OFDM,-0.3720703125,2.4687499895500932e-05,-11.596437000930958
OFDM,Classical OFDM,-0.371826171875,2.9226016128050915e-05,-10.863511916092738
OFDM,Classical OFDM,-0.37158203125,3.4155997406846447e-05,-10.186538393128021
OFDM,Classical OFDM,-0.371337890625,3.947160507738279e-05,-9.558360242755285
OFDM,Classical OFDM,-0.37109375,4.51648384282193e-05,-8.973203502904054
OFDM,Classical OFDM,-0.370849609375,5.1225567714310836e-05,-8.426340309978391
OFDM,Classical OFDM,-0.37060546875,5.764157624556749e-05,-7.913849628621272
OFDM,Classical OFDM,-0.370361328125,6.439861736828925e-05,-7.432442680234007
OFDM,Classical OFDM,-0.3701171875,7.148048892954087e-05,-6.979332967890889
OFDM,Classical OFDM,-0.369873046875,7.886909025858646e-05,-6.5521397988267704
OFDM,Classical OFDM,-0.36962890625,8.654457109563933e-05,-6.148809812687311
OFDM,Classical OFDM,-0.369384765625,9.448539763852476e-05,-5.767561161026267
OFDM,Classical OFDM,-0.369140625,0.0001026684781608429,-5.406836866362483
OFDM,Classical OFDM,-0.368896484375,0.0001110693080556206,-5.065267449358592
OFDM,Classical OFDM,-0.36865234375,0.00011966210322366983,-4.741641793379873
OFDM,Classical OFDM,-0.368408203125,0.00012841994511723966,-4.434883312489928
OFDM,Classical OFDM,-0.3681640625,0.00013731496722471138,-4.144029336474757
OFDM,Classical OFDM,-0.367919921875,0.00014631846385333757,-3.8682167823974103
OFDM,Classical OFDM,-0.36767578125,0.0001554011258251764,-3.6066665044194997
OFDM,Classical OFDM,-0.367431640625,0.00016453314407969993,-3.358674144651106
OFDM,Classical OFDM,-0.3671875,0.0001736844635001852,-3.1235983974376365
OFDM,Classical OFDM,-0.366943359375,0.0001828248968765834,-2.9008547409522123
OFDM,Classical OFDM,-0.36669921875,0.0001919243450610628,-2.689907439672826
OFDM,Classical OFDM,-0.366455078125,0.0002009529601421175,-2.4902640326547187
OFDM,Classical OFDM,-0.3662109375,0.00020988133451932742,-2.3014699425182137
OFDM,Classical OFDM,-0.365966796875,0.00021868064076688024,-2.123104734563535
OFDM,Classical OFDM,-0.36572265625,0.00022732284401891847,-1.9547773039320089
OFDM,Classical OFDM,-0.365478515625,0.00023578085737345234,-1.7961226862803819
OFDM,Classical OFDM,-0.365234375,0.00024402868175588124,-1.6467993736093867
OFDM,Classical OFDM,-0.364990234375,0.00025204156650303686,-1.5064864102214846
OFDM,Classical OFDM,-0.36474609375,0.00025979615958696546,-1.3748808435942739
OFDM,Classical OFDM,-0.364501953125,0.0002672706215777973,-1.2516958755240641
OFDM,Classical OFDM,-0.3642578125,0.0002744447499668769,-1.1366588393141661
OFDM,Classical OFDM,-0.364013671875,0.00028130010867002324,-1.0295091128627278
OFDM,Classical OFDM,-0.36376953125,0.0002878201160897476,-0.9299966720682894
OFDM,Classical OFDM,-0.363525390625,0.00029399008137616606,-0.8378813277323939
OFDM,Classical OFDM,-0.36328125,0.0002997973960918253,-0.752929547873157
OFDM,Classical OFDM,-0.363037109375,0.00030523145650974634,-0.6749152216324277
OFDM,Classical OFDM,-0.36279296875,0.00031028376203590254,-0.6036176281720103
OFDM,Classical OFDM,-0.362548828125,0.000314947967010524,-0.5388200190174031
OFDM,Classical OFDM,-0.3623046875,0.000319219891068358,-0.4803086616542289
OFDM,Classical OFDM,-0.362060546875,0.0003230974828777565,-0.427872366077321
OFDM,Classical OFDM,-0.36181640625,0.00032658079942015413,-0.381301634364237
OFDM,Classical OFDM,-0.361572265625,0.00032967211477280734,-0.34038597210643445
OFDM,Classical OFDM,-0.361328125,0.00033237561966122943,-0.3049165121227801
OFDM,Classical OFDM,-0.361083984375,0.00033469763902466886,-0.274681623936078
OFDM,Classical OFDM,-0.36083984375,0.00033664635746919624,-0.2494689148443532
OFDM,Classical OFDM,-0.360595703125,0.0003382319021497916,-0.22906243226179038
OFDM,Classical OFDM,-0.3603515625,0.0003394661044843444,-0.21324394524290521
OFDM,Classical OFDM,-0.360107421875,0.00034036246389274104,-0.20179152360126829
OFDM,Classical OFDM,-0.35986328125,0.0003409360856352993,-0.19447840612783596
OFDM,Classical OFDM,-0.359619140625,0.00034120346842742136,-0.19107373984129314
OFDM,Classical OFDM,-0.359375,0.0003411824111972457,-0.191341771145733
OFDM,Classical OFDM,-0.359130859375,0.00034089188876251737,-0.19504143547583014
OFDM,Classical OFDM,-0.35888671875,0.00034035189642667504,-0.2019263640708705
OFDM,Classical OFDM,-0.358642578125,0.0003395832893948077,-0.2117450039010678
OFDM,Classical OFDM,-0.3583984375,0.00033860762736974225,-0.22424074560252
OFDM,Classical OFDM,-0.358154296875,0.000337447086489826,-0.23915128420021092
OFDM,Classical OFDM,-0.35791015625,0.0003361241744217534,-0.25621062693899366
OFDM,Classical OFDM,-0.357666015625,0.000334661704459914,-0.27514792603074606
OFDM,Classical OFDM,-0.357421875,0.0003330825261596104,-0.2956896145672628
OFDM,Classical OFDM,-0.357177734375,0.0003314095097966668,-0.31755844882012113
OFDM,Classical OFDM,-0.35693359375,0.00032966518893842977,-0.34047721073758525
OFDM,Classical OFDM,-0.356689453125,0.0003278718744066377,-0.3641664772426215
OFDM,Classical OFDM,-0.3564453125,0.0003260512450471172,-0.38834948297970895
OFDM,Classical OFDM,-0.356201171875,0.00032422439435095686,-0.41275123558453364
OFDM,Classical OFDM,-0.35595703125,0.00032241165433007286,-0.43710079209629815
OFDM,Classical OFDM,-0.355712890625,0.00032063244011329634,-0.46113351069122616
OFDM,Classical OFDM,-0.35546875,0.00031890513598350383,-0.48459297591222256
OFDM,Classical OFDM,-0.355224609375,0.00031724705911670447,-0.5072320635394817
OFDM,Classical OFDM,-0.35498046875,0.0003156743300787794,-0.5288154374045597
OFDM,Classical OFDM,-0.354736328125,0.0003142017277818297,-0.5491224234806136
OFDM,Classical OFDM,-0.3544921875,0.0003128426843040461,-0.567948075887223
OFDM,Classical OFDM,-0.354248046875,0.0003116092486287961,-0.5851047208087711
OFDM,Classical OFDM,-0.35400390625,0.00031051193642084144,-0.6004251163360116
OFDM,Classical OFDM,-0.353759765625,0.0003095598284488162,-0.6137621391394903
OFDM,Classical OFDM,-0.353515625,0.00030876042554157517,-0.6249918041108722
OFDM,Classical OFDM,-0.353271484375,0.0003081196796689761,-0.6340137354228126
OFDM,Classical OFDM,-0.35302734375,0.00030764201466240145,-0.6407516445871658
OFDM,Classical OFDM,-0.352783203125,0.0003073302847737152,-0.6451545284965816
OFDM,Classical OFDM,-0.3525390625,0.0003071858782778711,-0.647195644718458
OFDM,Classical OFDM,-0.352294921875,0.0003072086760318694,-0.6468733456780014
OFDM,Classical OFDM,-0.35205078125,0.0003073971136363218,-0.6442102593310516
OFDM,Classical OFDM,-0.351806640625,0.00030774822287649525,-0.639252574925087
OFDM,Classical OFDM,-0.3515625,0.0003082577664057023,-0.6320678397976754
OFDM,Classical OFDM,-0.351318359375,0.0003089202118446497,-0.6227448723776523
OFDM,Classical OFDM,-0.35107421875,0.0003097288457443072,-0.611391571626816
OFDM,Classical OFDM,-0.350830078125,0.00031067595489047274,-0.5981316937196728
OFDM,Classical OFDM,-0.3505859375,0.0003117527175210334,-0.5831056335141633
OFDM,Classical OFDM,-0.350341796875,0.00031294948823313873,-0.5664656553796983
OFDM,Classical OFDM,-0.35009765625,0.000314255849784505,-0.5483744052210335
OFDM,Classical OFDM,-0.349853515625,0.0003156606856152412,-0.5290031575555663
OFDM,Classical OFDM,-0.349609375,0.0003171522938107185,-0.5085295443638802
OFDM,Classical OFDM,-0.349365234375,0.0003187185632260042,-0.4871345226416965
OFDM,Classical OFDM,-0.34912109375,0.00032034702010703617,-0.46500122719788883
OFDM,Classical OFDM,-0.348876953125,0.00032202497313427435,-0.4423125855477609
OFDM,Classical OFDM,-0.3486328125,0.0003237395859445268,-0.4192500429684237
OFDM,Classical OFDM,-0.348388671875,0.00032547809987655796,-0.3959903928190206
OFDM,Classical OFDM,-0.34814453125,0.0003272278132505669,-0.3727060110412678
OFDM,Classical OFDM,-0.347900390625,0.000328976247132361,-0.34956269238098797
OFDM,Classical OFDM,-0.34765625,0.0003307112541160948,-0.3267183700301164
OFDM,Classical OFDM,-0.347412109375,0.00033242109602622626,-0.30432234148565485
OFDM,Classical OFDM,-0.34716796875,0.0003340945008989517,-0.28251483892769763
OFDM,Classical OFDM,-0.346923828125,0.00033572089608807475,-0.26142437587339346
OFDM,Classical OFDM,-0.3466796875,0.0003372902787617456,-0.24116986908251498
OFDM,Classical OFDM,-0.346435546875,0.0003387933816666348,-0.22185893432452802
OFDM,Classical OFDM,-0.34619140625,0.00034022177673054174,-0.2035870297397036
OFDM,Classical OFDM,-0.345947265625,0.00034156790614317696,-0.1864375377427371
OFDM,Classical OFDM,-0.345703125,0.0003428250771760321,-0.17048228776851382
OFDM,Classical OFDM,-0.345458984375,0.00034398751398368376,-0.15578132335184391
OFDM,Classical OFDM,-0.34521484375,0.0003450504353057501,-0.1423823158947054
OFDM,Classical OFDM,-0.344970703125,0.00034601004928676044,-0.13032098888006863
OFDM,Classical OFDM,-0.3447265625,0.00034686350167485085,-0.11962207131700558
OFDM,Classical OFDM,-0.344482421875,0.0003476090623064595,-0.11029721071285331
OFDM,Classical OFDM,-0.34423828125,0.00034824575213693624,-0.10234983572934486
OFDM,Classical OFDM,-0.343994140625,0.0003487737939118892,-0.09576965661535808
OFDM,Classical OFDM,-0.34375,0.0003491942288375338,-0.0905375375399848
OFDM,Classical OFDM,-0.343505859375,0.00034950901500317054,-0.08662429096011612
OFDM,Classical OFDM,-0.34326171875,0.0003497210066606633,-0.0839909140447373
OFDM,Classical OFDM,-0.343017578125,0.00034983387652248293,-0.08258948694401384
OFDM,Classical OFDM,-0.3427734375,0.00034985207432066426,-0.08236357978308838
OFDM,Classical OFDM,-0.342529296875,0.00034978070248367534,-0.08324965591053023
OFDM,Classical OFDM,-0.34228515625,0.0003496255731178525,-0.08517619935210526
OFDM,Classical OFDM,-0.342041015625,0.00034939302670283534,-0.0880657827932322
OFDM,Classical OFDM,-0.341796875,0.00034909001497365354,-0.09183384364335681
OFDM,Classical OFDM,-0.341552734375,0.000348723748671858,-0.09639286659966495
OFDM,Classical OFDM,-0.34130859375,0.0003483019358315205,-0.10164922989846602
OFDM,Classical OFDM,-0.341064453125,0.0003478324657912774,-0.10750695732383923
OFDM,Classical OFDM,-0.3408203125,0.000347323492076417,-0.11386652348434738
OFDM,Classical OFDM,-0.340576171875,0.0003467832096532709,-0.12062749328468168
OFDM,Classical OFDM,-0.34033203125,0.0003462198963702574,-0.12768789177787837
OFDM,Classical OFDM,-0.340087890625,0.0003456417627340994,-0.134945999034494
OFDM,Classical OFDM,-0.33984375,0.00034505687938799824,-0.14230120881753677
OFDM,Classical OFDM,-0.339599609375,0.0003444731719315034,-0.1496540714656646
OFDM,Classical OFDM,-0.33935546875,0.00034389822407555643,-0.15690878137173364
OFDM,Classical OFDM,-0.339111328125,0.0003433393449841863,-0.1639723695650072
OFDM,Classical OFDM,-0.3388671875,0.00034280339833020555,-0.17075692639441656
OFDM,Classical OFDM,-0.338623046875,0.0003422968437362534,-0.17717916628043315
OFDM,Classical OFDM,-0.33837890625,0.00034182560209140514,-0.183162237867035
OFDM,Classical OFDM,-0.338134765625,0.00034139502447038934,-0.18863623857266598
OFDM,Classical OFDM,-0.337890625,0.00034100991803423986,-0.1935380089879367
OFDM,Classical OFDM,-0.337646484375,0.0003406743906263834,-0.19781323468040007
OFDM,Classical OFDM,-0.33740234375,0.00034039196473550866,-0.20141511611290824
OFDM,Classical OFDM,-0.337158203125,0.0003401654635326969,-0.2043059294982796
OFDM,Classical OFDM,-0.3369140625,0.0003399969953310309,-0.20645732174001408
OFDM,Classical OFDM,-0.336669921875,0.0003398879846663775,-0.20784999055683223
OFDM,Classical OFDM,-0.33642578125,0.00033983917747751775,-0.20847367294046906
OFDM,Classical OFDM,-0.336181640625,0.0003398505841247125,-0.20832790514421734
OFDM,Classical OFDM,-0.3359375,0.00033992157781218045,-0.20742077276793602
OFDM,Classical OFDM,-0.335693359375,0.0003400508842278371,-0.20576902753981885
OFDM,Classical OFDM,-0.33544921875,0.0003402365142015995,-0.20339890939657912
OFDM,Classical OFDM,-0.335205078125,0.0003404759709106029,-0.20034344225181688
OFDM,Classical OFDM,-0.3349609375,0.00034076611519581024,-0.19664407980166138
OFDM,Classical OFDM,-0.334716796875,0.0003411033157857938,-0.19234870122012226
OFDM,Classical OFDM,-0.33447265625,0.0003414834803775183,-0.1875111215189003
OFDM,Classical OFDM,-0.334228515625,0.0003419020038350363,-0.18219165088130307
OFDM,Classical OFDM,-0.333984375,0.00034235402201587915,-0.17645376848643107
OFDM,Classical OFDM,-0.333740234375,0.00034283421492610093,-0.1703665313140222
OFDM,Classical OFDM,-0.33349609375,0.00034333711752810377,-0.1640005450432169
OFDM,Classical OFDM,-0.333251953125,0.0003438569954175078,-0.15742947182091585
OFDM,Classical OFDM,-0.3330078125,0.00034438793288536806,-0.15072885554940435
OFDM,Classical OFDM,-0.332763671875,0.0003449240660240442,-0.14397314228712568
OFDM,Classical OFDM,-0.33251953125,0.00034545937552198276,-0.13723827601817207
OFDM,Classical OFDM,-0.332275390625,0.0003459879145894565,-0.13059882139989681
OFDM,Classical OFDM,-0.33203125,0.00034650389702078123,-0.12412687876038034
OFDM,Classical OFDM,-0.331787109375,0.0003470016194923596,-0.11789309532559386
OFDM,Classical OFDM,-0.33154296875,0.0003474756428672458,-0.11196444138299969
OFDM,Classical OFDM,-0.331298828125,0.00034792079219514573,-0.10640427703964003
OFDM,Classical OFDM,-0.3310546875,0.00034833217225280834,-0.10127223110458894
OFDM,Classical OFDM,-0.330810546875,0.0003487053022274163,-0.09662260148160906
OFDM,Classical OFDM,-0.33056640625,0.0003490360949960648,-0.09250470091236031
OFDM,Classical OFDM,-0.330322265625,0.0003493208778462827,-0.08896268351851581
OFDM,Classical OFDM,-0.330078125,0.00034955648571838077,-0.08603446726896774
OFDM,Classical OFDM,-0.329833984375,0.00034974025602532076,-0.08375187599362664
OFDM,Classical OFDM,-0.32958984375,0.00034987004937323733,-0.0821404493179568
OFDM,Classical OFDM,-0.329345703125,0.00034994428582235096,-0.08121904834899688
OFDM,Classical OFDM,-0.3291015625,0.0003499619241664464,-0.0810001551486545
OFDM,Classical OFDM,-0.328857421875,0.00034992253445469845,-0.08148899967901227
OFDM,Classical OFDM,-0.32861328125,0.0003498261840288025,-0.08268498496500915
OFDM,Classical OFDM,-0.328369140625,0.0003496735463057139,-0.0845803315690205
OFDM,Classical OFDM,-0.328125,0.0003494658282558214,-0.08716095594226342
OFDM,Classical OFDM,-0.327880859375,0.0003492048118439911,-0.0904059181923349
OFDM,Classical OFDM,-0.32763671875,0.00034889276078721855,-0.09428852905843084
OFDM,Classical OFDM,-0.327392578125,0.0003485324309148895,-0.09877615844158033
OFDM,Classical OFDM,-0.3271484375,0.0003481270649886498,-0.103830225911302
OFDM,Classical OFDM,-0.326904296875,0.000347680294279927,-0.10940734657708948
OFDM,Classical OFDM,-0.32666015625,0.00034719622145201723,-0.11545821136381999
OFDM,Classical OFDM,-0.326416015625,0.00034667916155356417,-0.12193073677042728
OFDM,Classical OFDM,-0.326171875,0.0003461338595840367,-0.12876726200927624
OFDM,Classical OFDM,-0.325927734375,0.0003455652781083815,-0.1359071249800522
OFDM,Classical OFDM,-0.32568359375,0.00034497857135637087,-0.14328691893239495
OFDM,Classical OFDM,-0.325439453125,0.00034437904896169,-0.15084088876623739
OFDM,Classical OFDM,-0.3251953125,0.0003437721811420672,-0.15850081588986722
OFDM,Classical OFDM,-0.324951171875,0.00034316341221457867,-0.16619833681417093
OFDM,Classical OFDM,-0.32470703125,0.00034255823829760465,-0.17386394751123554
OFDM,Classical OFDM,-0.324462890625,0.00034196212442874315,-0.181428047671724
OFDM,Classical OFDM,-0.32421875,0.0003413803698814184,-0.188822666120532
OFDM,Classical OFDM,-0.323974609375,0.00034081810298475067,-0.19598156417102577
OFDM,Classical OFDM,-0.32373046875,0.00034028036918577336,-0.20283915906203254
OFDM,Classical OFDM,-0.323486328125,0.00033977185132239035,-0.2093341468443985
OFDM,Classical OFDM,-0.3232421875,0.0003392969887663754,-0.21540805891871112
OFDM,Classical OFDM,-0.322998046875,0.0003388598427399813,-0.22100706270439183
OFDM,Classical OFDM,-0.32275390625,0.00033846417401789625,-0.22608105264002418
OFDM,Classical OFDM,-0.322509765625,0.0003381132668028094,-0.23058599388229373
OFDM,Classical OFDM,-0.322265625,0.00033781000642736723,-0.23448301360887466
OFDM,Classical OFDM,-0.322021484375,0.00033755682237273884,-0.23773921270818069
OFDM,Classical OFDM,-0.32177734375,0.00033735566236796377,-0.24032807228970107
OFDM,Classical OFDM,-0.321533203125,0.0003372079095078654,-0.24223058394398114
OFDM,Classical OFDM,-0.3212890625,0.00033711456873774615,-0.24343289835484777
OFDM,Classical OFDM,-0.321044921875,0.0003370759871263444,-0.2439299620056879
OFDM,Classical OFDM,-0.32080078125,0.00033709209733196464,-0.24372240031400275
OFDM,Classical OFDM,-0.320556640625,0.00033716226737869504,-0.24281845468769572
OFDM,Classical OFDM,-0.3203125,0.0003372853524577119,-0.2412333005662221
OFDM,Classical OFDM,-0.320068359375,0.00033745974154845304,-0.23898841661902165
OFDM,Classical OFDM,-0.31982421875,0.00033768331079744456,-0.23611214041735137
OFDM,Classical OFDM,-0.319580078125,0.00033795354784143047,-0.23263801191868191
OFDM,Classical OFDM,-0.3193359375,0.000338267453384895,-0.22860597343095335
OFDM,Classical OFDM,-0.319091796875,0.00033862157746097546,-0.22406182692617585
OFDM,Classical OFDM,-0.31884765625,0.00033901220591615747,-0.21905476247593264
OFDM,Classical OFDM,-0.318603515625,0.00033943524126727517,-0.21363881041617566
OFDM,Classical OFDM,-0.318359375,0.0003398862959438591,-0.2078715683920671
OFDM,Classical OFDM,-0.318115234375,0.00034036073372917925,-0.20181360013664407
OFDM,Classical OFDM,-0.31787109375,0.00034085369048076703,-0.19552810685309463
OFDM,Classical OFDM,-0.317626953125,0.00034136017773302364,-0.18907955253686795
OFDM,Classical OFDM,-0.3173828125,0.0003418750619766984,-0.18253388816884702
OFDM,Classical OFDM,-0.317138671875,0.0003423931371807146,-0.17595759993612428
OFDM,Classical OFDM,-0.31689453125,0.00034290924911529997,-0.16941611950079927
OFDM,Classical OFDM,-0.316650390625,0.00034341815548846483,-0.1629755994605417
OFDM,Classical OFDM,-0.31640625,0.00034391476941213233,-0.1566998423593695
OFDM,Classical OFDM,-0.316162109375,0.0003443941076008341,-0.15065098926670054
OFDM,Classical OFDM,-0.31591796875,0.00034485134217301445,-0.14488890608347602
OFDM,Classical OFDM,-0.315673828125,0.0003452818628125956,-0.13947045176136552
OFDM,Classical OFDM,-0.3154296875,0.00034568135965106433,-0.13444849730194042
OFDM,Classical OFDM,-0.315185546875,0.00034604570412447234,-0.12987349027294612
OFDM,Classical OFDM,-0.31494140625,0.0003463711872594357,-0.1257905298010795
OFDM,Classical OFDM,-0.314697265625,0.0003466544471513088,-0.12224035189344491
OFDM,Classical OFDM,-0.314453125,0.0003468924378834022,-0.11925978726315448
OFDM,Classical OFDM,-0.314208984375,0.00034708263673219894,-0.11687923166147762
OFDM,Classical OFDM,-0.31396484375,0.0003472228887634426,-0.11512465296847715
OFDM,Classical OFDM,-0.313720703125,0.00034731148971422343,-0.11401660402470705
OFDM,Classical OFDM,-0.3134765625,0.00034734720671350045,-0.11357000497427866
OFDM,Classical OFDM,-0.313232421875,0.00034732932490327503,-0.11379359023031099
OFDM,Classical OFDM,-0.31298828125,0.00034725755419624343,-0.11469109126509736
OFDM,Classical OFDM,-0.312744140625,0.00034713209143736175,-0.11626046329713245
OFDM,Classical OFDM,-0.3125,0.0003469536514846286,-0.11849348679086241
OFDM,Classical OFDM,-0.312255859375,0.0003467233584263461,-0.12137710572815368
OFDM,Classical OFDM,-0.31201171875,0.0003464428129228154,-0.12489255053186385
OFDM,Classical OFDM,-0.311767578125,0.00034611409220633676,-0.1290152905671622
OFDM,Classical OFDM,-0.3115234375,0.0003457396412984705,-0.1337163414116818
OFDM,Classical OFDM,-0.311279296875,0.00034532230409081976,-0.13896181237470512
OFDM,Classical OFDM,-0.31103515625,0.0003448652974443781,-0.14471316152406183
OFDM,Classical OFDM,-0.310791015625,0.000344372190469008,-0.15092738169301692
OFDM,Classical OFDM,-0.310546875,0.0003438468164612236,-0.15755803485836692
OFDM,Classical OFDM,-0.310302734375,0.0003432932729041907,-0.1645551805070056
OFDM,Classical OFDM,-0.31005859375,0.00034271591628759636,-0.1718653698114547
OFDM,Classical OFDM,-0.309814453125,0.000342119279225562,-0.1794326283576151
OFDM,Classical OFDM,-0.3095703125,0.00034150801865533923,-0.18719905793764935
OFDM,Classical OFDM,-0.309326171875,0.00034088691583730984,-0.19510479074478282
OFDM,Classical OFDM,-0.30908203125,0.000340260767572247,-0.20308933857752218
OFDM,Classical OFDM,-0.308837890625,0.0003396344328224889,-0.21109097772527782
OFDM,Classical OFDM,-0.30859375,0.00033901271874906946,-0.21904819279108112
OFDM,Classical OFDM,-0.308349609375,0.0003384003599911967,-0.22689994854469225
OFDM,Classical OFDM,-0.30810546875,0.000337801961684818,-0.23458643946461813
OFDM,Classical OFDM,-0.307861328125,0.00033722204608379393,-0.24204852094785345
OFDM,Classical OFDM,-0.3076171875,0.00033666485053481177,-0.24923034948982373
OFDM,Classical OFDM,-0.307373046875,0.0003361344310799939,-0.2560781062084143
OFDM,Classical OFDM,-0.30712890625,0.000335634553674159,-0.2625414602476348
OFDM,Classical OFDM,-0.306884765625,0.00033516873044573477,-0.26857316864725483
OFDM,Classical OFDM,-0.306640625,0.00033474010055375855,-0.2741306897203529
OFDM,Classical OFDM,-0.306396484375,0.00033435151825009424,-0.27917511605830597
OFDM,Classical OFDM,-0.30615234375,0.00033400536121460674,-0.28367373374132204
OFDM,Classical OFDM,-0.305908203125,0.0003337036963193353,-0.2875979401553548
OFDM,Classical OFDM,-0.3056640625,0.0003334481967464071,-0.2909243808423849
OFDM,Classical OFDM,-0.305419921875,0.00033324007982647193,-0.29363581393729543
OFDM,Classical OFDM,-0.30517578125,0.00033308010703870215,-0.2957211567405749
OFDM,Classical OFDM,-0.304931640625,0.00033296870833392304,-0.29717389840488656
OFDM,Classical OFDM,-0.3046875,0.0003329057593890044,-0.29799502553399015
OFDM,Classical OFDM,-0.304443359375,0.00033289085097364265,-0.2981895186397175
OFDM,Classical OFDM,-0.30419921875,0.0003329230972855352,-0.29776884871040094
OFDM,Classical OFDM,-0.303955078125,0.0003330011359503805,-0.29675096229086406
OFDM,Classical OFDM,-0.3037109375,0.00033312336112774685,-0.29515721454826055
OFDM,Classical OFDM,-0.303466796875,0.0003332877059455949,-0.2930151718213543
OFDM,Classical OFDM,-0.30322265625,0.00033349178236379896,-0.2903567437612842
OFDM,Classical OFDM,-0.302978515625,0.0003337328759940166,-0.28721820154852445
OFDM,Classical OFDM,-0.302734375,0.0003340080393420362,-0.28363891120741813
OFDM,Classical OFDM,-0.302490234375,0.00033431397784490784,-0.27966276170274906
OFDM,Classical OFDM,-0.30224609375,0.0003346472052748558,-0.27533608775912766
OFDM,Classical OFDM,-0.302001953125,0.00033500409554058295,-0.27070694756224434
OFDM,Classical OFDM,-0.3017578125,0.00033538082052570557,-0.26582588310106714
OFDM,Classical OFDM,-0.301513671875,0.00033577337598940545,-0.26074553965533825
OFDM,Classical OFDM,-0.30126953125,0.0003361778094921688,-0.25551768193140334
OFDM,Classical OFDM,-0.301025390625,0.00033658999247004716,-0.2501961188392755
OFDM,Classical OFDM,-0.30078125,0.000337005915502092,-0.2448328706801906
OFDM,Classical OFDM,-0.300537109375,0.0003374215380865723,-0.2394801046596534
OFDM,Classical OFDM,-0.30029296875,0.0003378329026038436,-0.2341886663147265
OFDM,Classical OFDM,-0.300048828125,0.0003382361343163484,-0.22900809099263764
OFDM,Classical OFDM,-0.2998046875,0.0003386275656917462,-0.22398502636890816
OFDM,Classical OFDM,-0.299560546875,0.0003390036690612179,-0.2191641259622486
OFDM,Classical OFDM,-0.29931640625,0.00033936112396116126,-0.2145872167081242
OFDM,Classical OFDM,-0.299072265625,0.00033969687411462596,-0.21029260707998315
OFDM,Classical OFDM,-0.298828125,0.00034000816369222616,-0.2063146652446895
OFDM,Classical OFDM,-0.298583984375,0.00034029241298901035,-0.2026854486162289
OFDM,Classical OFDM,-0.29833984375,0.0003405474877912437,-0.19943130372435364
OFDM,Classical OFDM,-0.298095703125,0.0003407715128917126,-0.19657528860220833
OFDM,Classical OFDM,-0.2978515625,0.00034096299123272426,-0.19413568818330698
OFDM,Classical OFDM,-0.297607421875,0.000341120803906107,-0.1921260472876886
OFDM,Classical OFDM,-0.29736328125,0.0003412441169108625,-0.19055638400455588
OFDM,Classical OFDM,-0.297119140625,0.0003413325469173393,-0.18943109900442057
OFDM,Classical OFDM,-0.296875,0.0003413860939255375,-0.18874984705553943
OFDM,Classical OFDM,-0.296630859375,0.00034140508428367376,-0.18850826784323313
OFDM,Classical OFDM,-0.29638671875,0.00034139021212922495,-0.18869745762371593
OFDM,Classical OFDM,-0.296142578125,0.00034134251866840647,-0.18930422527833918
OFDM,Classical OFDM,-0.2958984375,0.000341263500958911,-0.1903096941541788
OFDM,Classical OFDM,-0.295654296875,0.00034115482700273515,-0.19169290729365285
OFDM,Classical OFDM,-0.29541015625,0.00034101855331165757,-0.19342803547539325
OFDM,Classical OFDM,-0.295166015625,0.00034085702130463,-0.1954856677832989
OFDM,Classical OFDM,-0.294921875,0.00034067283140712563,-0.19783311177970653
OFDM,Classical OFDM,-0.294677734375,0.00034046880679022585,-0.20043482522586836
OFDM,Classical OFDM,-0.29443359375,0.0003402479985507506,-0.20325232003645138
OFDM,Classical OFDM,-0.294189453125,0.00034001363390995443,-0.20624479438517784
OFDM,Classical OFDM,-0.2939453125,0.0003397690385115699,-0.2093701001839619
OFDM,Classical OFDM,-0.293701171875,0.0003395177089436334,-0.21258379601664254
OFDM,Classical OFDM,-0.29345703125,0.00033926316769483373,-0.21584098456619882
OFDM,Classical OFDM,-0.293212890625,0.0003390090667571202,-0.21909497712708462
OFDM,Classical OFDM,-0.29296875,0.00033875893897944225,-0.2223004727429419
OFDM,Classical OFDM,-0.292724609375,0.0003385163482915319,-0.22541163901775785
OFDM,Classical OFDM,-0.29248046875,0.0003382848430827301,-0.2283827164897578
OFDM,Classical OFDM,-0.292236328125,0.00033806780597820394,-0.2311699612866896
OFDM,Classical OFDM,-0.2919921875,0.00033786850564025125,-0.23373100255743687
OFDM,Classical OFDM,-0.291748046875,0.0003376900449669964,-0.23602553313112318
OFDM,Classical OFDM,-0.29150390625,0.00033753535073212924,-0.23801547172609888
OFDM,Classical OFDM,-0.291259765625,0.00033740712178360085,-0.2396656605259998
OFDM,Classical OFDM,-0.291015625,0.00033730780832310215,-0.2409441645655648
OFDM,Classical OFDM,-0.290771484375,0.00033723957564515044,-0.24182277076359482
OFDM,Classical OFDM,-0.29052734375,0.0003372043093172204,-0.2422769515182124
OFDM,Classical OFDM,-0.290283203125,0.0003372036151797435,-0.24228589151031338
OFDM,Classical OFDM,-0.2900390625,0.0003372387157435,-0.2418338445237595
OFDM,Classical OFDM,-0.289794921875,0.000337310527891575,-0.2409091494016557
OFDM,Classical OFDM,-0.28955078125,0.00033741965251909777,-0.2395043738228534
OFDM,Classical OFDM,-0.289306640625,0.0003375662657505027,-0.23761771762303896
OFDM,Classical OFDM,-0.2890625,0.0003377502380825292,-0.23525147393892842
OFDM,Classical OFDM,-0.288818359375,0.00033797106186239575,-0.23241295005368523
OFDM,Classical OFDM,-0.28857421875,0.0003382279341698864,-0.22911338197630798
OFDM,Classical OFDM,-0.288330078125,0.0003385196324942211,-0.22536950503534509
OFDM,Classical OFDM,-0.2880859375,0.00033884465459757665,-0.22120172354739126
OFDM,Classical OFDM,-0.287841796875,0.00033920114599326107,-0.21663500371452757
OFDM,Classical OFDM,-0.28759765625,0.0003395870035483221,-0.21169750369698043
OFDM,Classical OFDM,-0.287353515625,0.00033999975634054717,-0.20642205418338358
OFDM,Classical OFDM,-0.287109375,0.00034043674696302854,-0.20084379254816753
OFDM,Classical OFDM,-0.286865234375,0.00034089505382220675,-0.19500111296825068
OFDM,Classical OFDM,-0.28662109375,0.00034137152221865334,-0.18893522505039517
OFDM,Classical OFDM,-0.286376953125,0.0003418628524092878,-0.18268899285565296
OFDM,Classical OFDM,-0.2861328125,0.0003423655788868562,-0.17630716583952943
OFDM,Classical OFDM,-0.285888671875,0.0003428761118209744,-0.16983582353362822
OFDM,Classical OFDM,-0.28564453125,0.0003433907577786496,-0.16332209100909334
OFDM,Classical OFDM,-0.285400390625,0.0003439057559851937,-0.15681366512092357
OFDM,Classical OFDM,-0.28515625,0.00034441738710696185,-0.1503574354821238
OFDM,Classical OFDM,-0.284912109375,0.00034492184374809205,-0.1440011230918126
OFDM,Classical OFDM,-0.28466796875,0.00034541544283585247,-0.13779061119323677
OFDM,Classical OFDM,-0.284423828125,0.0003458945427385547,-0.13177101125464494
OFDM,Classical OFDM,-0.2841796875,0.00034635560542711877,-0.12598590563656833
OFDM,Classical OFDM,-0.283935546875,0.0003467952534565079,-0.120476665150139
OFDM,Classical OFDM,-0.28369140625,0.00034721026478559805,-0.11528255222458725
OFDM,Classical OFDM,-0.283447265625,0.00034759757795730837,-0.1104406958056639
OFDM,Classical OFDM,-0.283203125,0.0003479544475025138,-0.10598419270686597
OFDM,Classical OFDM,-0.282958984375,0.0003482782315546979,-0.10194480640516326
OFDM,Classical OFDM,-0.28271484375,0.00034856671819816936,-0.09834893720744603
OFDM,Classical OFDM,-0.282470703125,0.0003488178716416714,-0.09522083369243818
OFDM,Classical OFDM,-0.2822265625,0.0003490299928024247,-0.0925806292255038
OFDM,Classical OFDM,-0.281982421875,0.0003492017452067798,-0.09044405711315218
OFDM,Classical OFDM,-0.28173828125,0.00034933204102734753,-0.08882389907186498
OFDM,Classical OFDM,-0.281494140625,0.0003494201809465206,-0.08772826947580727
OFDM,Classical OFDM,-0.28125,0.00034946585415647355,-0.08716063406501587
OFDM,Classical OFDM,-0.281005859375,0.0003494689570545978,-0.08712207334342414
OFDM,Classical OFDM,-0.28076171875,0.0003494299040513274,-0.08760742264884194
OFDM,Classical OFDM,-0.280517578125,0.00034934933230270455,-0.0886089368369809
OFDM,Classical OFDM,-0.2802734375,0.00034922823639377075,-0.09011460457996055
OFDM,Classical OFDM,-0.280029296875,0.0003490680149597406,-0.09210754914376532
OFDM,Classical OFDM,-0.27978515625,0.0003488702427602632,-0.09456883783959935
OFDM,Classical OFDM,-0.279541015625,0.0003486368882448998,-0.09747474596944325
OFDM,Classical OFDM,-0.279296875,0.00034837021513064596,-0.10079794503248093
OFDM,Classical OFDM,-0.279052734375,0.0003480726373582795,-0.10450927301521125
OFDM,Classical OFDM,-0.27880859375,0.0003477469107571862,-0.10857530640504967
OFDM,Classical OFDM,-0.278564453125,0.00034739596728118637,-0.1129603855837498
OFDM,Classical OFDM,-0.2783203125,0.0003470229512694477,-0.11762612284445226
OFDM,Classical OFDM,-0.278076171875,0.000346631069222703,-0.12253324436432149
OFDM,Classical OFDM,-0.27783203125,0.0003462238021885975,-0.12763889789271587
OFDM,Classical OFDM,-0.277587890625,0.0003458046053141243,-0.13290038455159908
OFDM,Classical OFDM,-0.27734375,0.0003453770580694068,-0.13827325373066474
OFDM,Classical OFDM,-0.277099609375,0.00034494477618548136,-0.1437123881181041
OFDM,Classical OFDM,-0.27685546875,0.0003445113805735146,-0.1491723828024532
OFDM,Classical OFDM,-0.276611328125,0.00034408048178441247,-0.15460773576035067
OFDM,Classical OFDM,-0.2763671875,0.00034365562820751574,-0.15997350279958852
OFDM,Classical OFDM,-0.276123046875,0.00034324020764812203,-0.16522655192850608
OFDM,Classical OFDM,-0.27587890625,0.0003428376545327028,-0.17032295938891756
OFDM,Classical OFDM,-0.275634765625,0.0003424511132004258,-0.17522228922892621
OFDM,Classical OFDM,-0.275390625,0.00034208361920771963,-0.1798853288364637
OFDM,Classical OFDM,-0.275146484375,0.000341737985365405,-0.18427556401637696
OFDM,Classical OFDM,-0.27490234375,0.0003414169105214329,-0.1883578312773323
OFDM,Classical OFDM,-0.274658203125,0.0003411227360947553,-0.19210144789410655
OFDM,Classical OFDM,-0.2744140625,0.0003408575911189767,-0.19547840764182742
OFDM,Classical OFDM,-0.274169921875,0.0003406233456211803,-0.19846400931094604
OFDM,Classical OFDM,-0.27392578125,0.0003404215950815368,-0.2010370891009758
OFDM,Classical OFDM,-0.273681640625,0.0003402535930916091,-0.20318091158558207
OFDM,Classical OFDM,-0.2734375,0.0003401203290563081,-0.20488220653600547
OFDM,Classical OFDM,-0.273193359375,0.00034002247639258905,-0.20613185210589102
OFDM,Classical OFDM,-0.27294921875,0.00033996037698906,-0.20692509058897915
OFDM,Classical OFDM,-0.272705078125,0.0003399340826470252,-0.20726101000984934
OFDM,Classical OFDM,-0.2724609375,0.00033994330327918084,-0.2071432102492454
OFDM,Classical OFDM,-0.272216796875,0.0003399875053320932,-0.20657854374340243
OFDM,Classical OFDM,-0.27197265625,0.0003400657771028076,-0.20557882801117505
OFDM,Classical OFDM,-0.271728515625,0.0003401770048632827,-0.2041585820542928
OFDM,Classical OFDM,-0.271484375,0.0003403197226366084,-0.20233692620118243
OFDM,Classical OFDM,-0.271240234375,0.000340492226159875,-0.20013610319861153
OFDM,Classical OFDM,-0.27099609375,0.0003406926505861298,-0.1975804614677296
OFDM,Classical OFDM,-0.270751953125,0.0003409187839996815,-0.19469880507819823
OFDM,Classical OFDM,-0.2705078125,0.0003411683005219693,-0.19152139104805246
OFDM,Classical OFDM,-0.270263671875,0.00034143871369038967,-0.18808049605057606
OFDM,Classical OFDM,-0.27001953125,0.0003417272573152958,-0.1844119025650967
OFDM,Classical OFDM,-0.269775390625,0.00034203118074743234,-0.18055111574791116
OFDM,Classical OFDM,-0.26953125,0.0003423475882938919,-0.17653538447550324
OFDM,Classical OFDM,-0.269287109375,0.00034267345475850667,-0.17240348168127512
OFDM,Classical OFDM,-0.26904296875,0.0003430057704854999,-0.16819384859136008
OFDM,Classical OFDM,-0.268798828125,0.00034334148955818207,-0.16394524264939958
OFDM,Classical OFDM,-0.2685546875,0.00034367754533934185,-0.15969653408104592
OFDM,Classical OFDM,-0.268310546875,0.00034401096443411553,-0.15548526452194564
OFDM,Classical OFDM,-0.26806640625,0.0003443387423668569,-0.15134922271551837
OFDM,Classical OFDM,-0.267822265625,0.0003446580766870063,-0.14732351057234674
OFDM,Classical OFDM,-0.267578125,0.0003449661908446563,-0.14344278033510194
OFDM,Classical OFDM,-0.267333984375,0.0003452604326130294,-0.1397400085280492
OFDM,Classical OFDM,-0.26708984375,0.00034553838805134783,-0.13624508305972952
OFDM,Classical OFDM,-0.266845703125,0.000345797731281051,-0.13298671608850365
OFDM,Classical OFDM,-0.2666015625,0.0003460364006102299,-0.12999025286138455
OFDM,Classical OFDM,-0.266357421875,0.0003462524793906276,-0.1272791931364225
OFDM,Classical OFDM,-0.26611328125,0.00034644434106129065,-0.1248733941049173
OFDM,Classical OFDM,-0.265869140625,0.00034661054554596107,-0.12279039336894267
OFDM,Classical OFDM,-0.265625,0.000346749922135163,-0.12104439003492976
OFDM,Classical OFDM,-0.265380859375,0.0003468615539458112,-0.11964645815347091
OFDM,Classical OFDM,-0.26513671875,0.00034694475720068975,-0.11860482119909826
OFDM,Classical OFDM,-0.264892578125,0.0003469991692906688,-0.11792376125828598
OFDM,Classical OFDM,-0.2646484375,0.00034702466071248784,-0.11760472945106946
OFDM,Classical OFDM,-0.264404296875,0.00034702128326745104,-0.11764699771169852
OFDM,Classical OFDM,-0.26416015625,0.0003469895083474271,-0.11804467661253633
OFDM,Classical OFDM,-0.263916015625,0.00034692992130715394,-0.11879053619626573
OFDM,Classical OFDM,-0.263671875,0.0003468433924085429,-0.11987385902358902
OFDM,Classical OFDM,-0.263427734375,0.0003467310457398961,-0.1212808179885271
OFDM,Classical OFDM,-0.26318359375,0.00034659415561329795,-0.12299576004645621
OFDM,Classical OFDM,-0.262939453125,0.0003464342553473541,-0.12499982808431018
OFDM,Classical OFDM,-0.2626953125,0.0003462530802857568,-0.12727165628895104
OFDM,Classical OFDM,-0.262451171875,0.00034605245901454595,-0.1297887158394573
OFDM,Classical OFDM,-0.26220703125,0.00034583441178458695,-0.1325260625328892
OFDM,Classical OFDM,-0.261962890625,0.00034560105208909314,-0.1354575532415611
OFDM,Classical OFDM,-0.26171875,0.00034535467472584255,-0.13855472227013854
OFDM,Classical OFDM,-0.261474609375,0.0003450976003932653,-0.14178871752975503
OFDM,Classical OFDM,-0.26123046875,0.0003448321497897916,-0.14513061539586422
OFDM,Classical OFDM,-0.260986328125,0.0003445608093780253,-0.14854932305933943
OFDM,Classical OFDM,-0.2607421875,0.00034428597237822243,-0.1520148309758145
OFDM,Classical OFDM,-0.260498046875,0.00034401012525298676,-0.15549585872433294
OFDM,Classical OFDM,-0.26025390625,0.0003437355731603572,-0.15896331669413624
OFDM,Classical OFDM,-0.260009765625,0.0003434647093205899,-0.16238690891459412
OFDM,Classical OFDM,-0.259765625,0.00034319978709041957,-0.1657380147022512
OFDM,Classical OFDM,-0.259521484375,0.00034294293032332017,-0.16898956802987608
OFDM,Classical OFDM,-0.25927734375,0.00034269621107146155,-0.17211508429104522
OFDM,Classical OFDM,-0.259033203125,0.00034246153044270946,-0.17509018038605997
OFDM,Classical OFDM,-0.2587890625,0.00034224067040193,-0.1778919327447297
OFDM,Classical OFDM,-0.258544921875,0.00034203521606903303,-0.18049987750811278
OFDM,Classical OFDM,-0.25830078125,0.0003418465142779289,-0.18289655357197065
OFDM,Classical OFDM,-0.258056640625,0.00034167586524135426,-0.18506508348955475
OFDM,Classical OFDM,-0.2578125,0.0003415242894450026,-0.18699214783736456
OFDM,Classical OFDM,-0.257568359375,0.00034139253282765514,-0.188667935304066
OFDM,Classical OFDM,-0.25732421875,0.0003412812480857454,-0.1900838487640754
OFDM,Classical OFDM,-0.257080078125,0.00034119077192775084,-0.19123534788019303
OFDM,Classical OFDM,-0.2568359375,0.00034112134263967114,-0.19211918846152784
OFDM,Classical OFDM,-0.256591796875,0.0003410728151778543,-0.19273705387951406
OFDM,Classical OFDM,-0.25634765625,0.000341044977156953,-0.19309153514380917
OFDM,Classical OFDM,-0.256103515625,0.00034103732610431595,-0.1931889664926439
OFDM,Classical OFDM,-0.255859375,0.0003410491937831185,-0.19303783999278823
OFDM,Classical OFDM,-0.255615234375,0.00034107968921092763,-0.19264952639517396
OFDM,Classical OFDM,-0.25537109375,0.0003411277608212671,-0.1920374769330872
OFDM,Classical OFDM,-0.255126953125,0.0003411921861033567,-0.19121734717678018
OFDM,Classical OFDM,-0.2548828125,0.0003412715560617211,-0.19020718552357357
OFDM,Classical OFDM,-0.254638671875,0.0003413643477380154,-0.1890265000950737
OFDM,Classical OFDM,-0.25439453125,0.0003414689034905037,-0.18769651252841368
OFDM,Classical OFDM,-0.254150390625,0.00034158344653445054,-0.18623995030764107
OFDM,Classical OFDM,-0.25390625,0.00034170615346394636,-0.18468011556277375
OFDM,Classical OFDM,-0.253662109375,0.00034183508691021245,-0.18304173351344583
OFDM,Classical OFDM,-0.25341796875,0.0003419682577031658,-0.18135015532164261
OFDM,Classical OFDM,-0.253173828125,0.0003421036455919408,-0.1796310900159047
OFDM,Classical OFDM,-0.2529296875,0.0003422392510461937,-0.17790994403607086
OFDM,Classical OFDM,-0.252685546875,0.00034237305899518925,-0.17621228088362134
OFDM,Classical OFDM,-0.25244140625,0.00034250313725027915,-0.17456257340685005
OFDM,Classical OFDM,-0.252197265625,0.00034262747074072827,-0.1729863090046826
OFDM,Classical OFDM,-0.251953125,0.0003427442619612793,-0.1715061842580419
OFDM,Classical OFDM,-0.251708984375,0.0003428517082265445,-0.17014493586928492
OFDM,Classical OFDM,-0.25146484375,0.0003429481570749185,-0.16892337823912984
OFDM,Classical OFDM,-0.251220703125,0.00034303206482753473,-0.16786093728330145
OFDM,Classical OFDM,-0.2509765625,0.0003431019655074831,-0.166976052454806
OFDM,Classical OFDM,-0.250732421875,0.00034315667804502676,-0.1662835627231367
OFDM,Classical OFDM,-0.25048828125,0.0003431950472710811,-0.1657979940983917
OFDM,Classical OFDM,-0.250244140625,0.00034321615630256104,-0.16553087911410197
OFDM,Classical OFDM,-0.25,0.0003432192954615983,-0.16549115740555081
OFDM,Classical OFDM,-0.249755859375,0.00034320383277228113,-0.16568681982922942
OFDM,Classical OFDM,-0.24951171875,0.0003431694677870449,-0.16612170048263158
OFDM,Classical OFDM,-0.249267578125,0.00034311602956158563,-0.1667980349404112
OFDM,Classical OFDM,-0.2490234375,0.0003430435129157729,-0.1677160016023957
OFDM,Classical OFDM,-0.248779296875,0.00034295219239651917,-0.16887227699956237
OFDM,Classical OFDM,-0.24853515625,0.00034284253421556273,-0.1702611457511804
OFDM,Classical OFDM,-0.248291015625,0.0003427151030071197,-0.17187567582951668
OFDM,Classical OFDM,-0.248046875,0.0003425707534927103,-0.17370528307752886
OFDM,Classical OFDM,-0.247802734375,0.0003424105009778976,-0.1757373615821532
OFDM,Classical OFDM,-0.24755859375,0.00034223552653241845,-0.17795720759736983
OFDM,Classical OFDM,-0.247314453125,0.0003420471718100528,-0.18034807379427753
OFDM,Classical OFDM,-0.2470703125,0.0003418468924274499,-0.18289174942295627
OFDM,Classical OFDM,-0.246826171875,0.00034163636674686734,-0.1855671666490602
OFDM,Classical OFDM,-0.24658203125,0.0003414173301119973,-0.18835249393904643
OFDM,Classical OFDM,-0.246337890625,0.0003411916473697926,-0.19122420457880646
OFDM,Classical OFDM,-0.24609375,0.0003409613335909884,-0.19415680209969438
OFDM,Classical OFDM,-0.245849609375,0.0003407283416847547,-0.19712551665752165
OFDM,Classical OFDM,-0.24560546875,0.0003404948265853482,-0.20010293515440125
OFDM,Classical OFDM,-0.245361328125,0.0003402629173263732,-0.20306190010990782
OFDM,Classical OFDM,-0.2451171875,0.0003400347740222169,-0.2059747831919082
OFDM,Classical OFDM,-0.244873046875,0.0003398125516071358,-0.20881394923474844
OFDM,Classical OFDM,-0.24462890625,0.00033959838947499515,-0.21155189264065538
OFDM,Classical OFDM,-0.244384765625,0.0003393944373799213,-0.2141609120182929
OFDM,Classical OFDM,-0.244140625,0.00033920275183369267,-0.2166144434659648
OFDM,Classical OFDM,-0.243896484375,0.00033902530646600103,-0.21888694000582554
OFDM,Classical OFDM,-0.24365234375,0.00033886406454627726,-0.22095295491334874
OFDM,Classical OFDM,-0.243408203125,0.00033872083912017,-0.22278894661908022
OFDM,Classical OFDM,-0.2431640625,0.00033859731891019746,-0.224372962802709
OFDM,Classical OFDM,-0.242919921875,0.00033849508903626975,-0.22568439001556154
OFDM,Classical OFDM,-0.24267578125,0.00033841558957464475,-0.22670450031216982
OFDM,Classical OFDM,-0.242431640625,0.0003383601155579287,-0.2274164661590537
OFDM,Classical OFDM,-0.2421875,0.0003383297755340323,-0.22780590614157126
OFDM,Classical OFDM,-0.241943359375,0.00033832554336747547,-0.22786023237032657
OFDM,Classical OFDM,-0.24169921875,0.0003383482271586044,-0.22756905970341568
OFDM,Classical OFDM,-0.241455078125,0.0003383984174422875,-0.22692487879871265
OFDM,Classical OFDM,-0.2412109375,0.00033847651308856745,-0.22592272886345185
OFDM,Classical OFDM,-0.240966796875,0.00033858279900461755,-0.22455920320478964
OFDM,Classical OFDM,-0.24072265625,0.00033871729073082916,-0.22283444290405366
OFDM,Classical OFDM,-0.240478515625,0.00033887984322355033,-0.2207507371613596
OFDM,Classical OFDM,-0.240234375,0.00033907016639547733,-0.21831231827073755
OFDM,Classical OFDM,-0.239990234375,0.0003392877733143502,-0.21552601676824412
OFDM,Classical OFDM,-0.23974609375,0.0003395319491221704,-0.2124016464230925
OFDM,Classical OFDM,-0.239501953125,0.0003398018908987221,-0.20895019963050324
OFDM,Classical OFDM,-0.2392578125,0.00034009661959935513,-0.20518495954291363
OFDM,Classical OFDM,-0.239013671875,0.00034041497487485433,-0.2011215475263374
OFDM,Classical OFDM,-0.23876953125,0.000340755666872744,-0.19677724206213604
OFDM,Classical OFDM,-0.238525390625,0.000341117338398853,-0.1921701682649276
OFDM,Classical OFDM,-0.23828125,0.00034149845613457556,-0.18732066586244378
OFDM,Classical OFDM,-0.238037109375,0.0003418973986990889,-0.1822501471339459
OFDM,Classical OFDM,-0.23779296875,0.0003423124773698746,-0.17698081663471169
OFDM,Classical OFDM,-0.237548828125,0.00034274192572245787,-0.17153578706103875
OFDM,Classical OFDM,-0.2373046875,0.0003431838996304076,-0.1659390636592524
OFDM,Classical OFDM,-0.237060546875,0.0003436365497871623,-0.16021461285293565
OFDM,Classical OFDM,-0.23681640625,0.00034409797508485603,-0.1543869429186473
OFDM,Classical OFDM,-0.236572265625,0.0003445662692354927,-0.14848050597048307
OFDM,Classical OFDM,-0.236328125,0.0003450395052305544,-0.1425198884360757
OFDM,Classical OFDM,-0.236083984375,0.0003455158285833491,-0.13652863396598736
OFDM,Classical OFDM,-0.23583984375,0.000345993338186011,-0.13053074331118264
OFDM,Classical OFDM,-0.235595703125,0.00034647025725380445,-0.12454852695871199
OFDM,Classical OFDM,-0.2353515625,0.0003469448141821244,-0.11860410792356677
OFDM,Classical OFDM,-0.235107421875,0.0003474153047080611,-0.11271864690947543
OFDM,Classical OFDM,-0.23486328125,0.000347880148891835,-0.10691163945701938
OFDM,Classical OFDM,-0.234619140625,0.00034833779787444934,-0.10120209240073269
OFDM,Classical OFDM,-0.234375,0.0003487868063995156,-0.09560762763694121
OFDM,Classical OFDM,-0.234130859375,0.00034922588979468844,-0.09014378659763309
OFDM,Classical OFDM,-0.23388671875,0.0003496538255491878,-0.08482527023680939
OFDM,Classical OFDM,-0.233642578125,0.00035006951547536356,-0.07966517761806549
OFDM,Classical OFDM,-0.2333984375,0.0003504719908888264,-0.07467495594491096
OFDM,Classical OFDM,-0.233154296875,0.0003508604074283171,-0.06986447870380995
OFDM,Classical OFDM,-0.23291015625,0.00035123401397492416,-0.06524244292164168
OFDM,Classical OFDM,-0.232666015625,0.0003515922355341704,-0.06081535557082632
OFDM,Classical OFDM,-0.232421875,0.00035193459035392637,-0.05658857088151201
OFDM,Classical OFDM,-0.232177734375,0.00035226072100519274,-0.052565915516838806
OFDM,Classical OFDM,-0.23193359375,0.00035257040474236134,-0.04874957024123901
OFDM,Classical OFDM,-0.231689453125,0.0003528635017019106,-0.045140716219432976
OFDM,Classical OFDM,-0.2314453125,0.0003531400274242319,-0.04173864819865931
OFDM,Classical OFDM,-0.231201171875,0.00035340006997154237,-0.03854180066310628
OFDM,Classical OFDM,-0.23095703125,0.0003536438054682765,-0.03554755973561789
OFDM,Classical OFDM,-0.230712890625,0.000353871524001738,-0.03275194805612313
OFDM,Classical OFDM,-0.23046875,0.00035408358818105664,-0.03015013604693969
OFDM,Classical OFDM,-0.230224609375,0.00035428040205640553,-0.027736823586016448
OFDM,Classical OFDM,-0.22998046875,0.00035446249400108797,-0.025505223694022923
OFDM,Classical OFDM,-0.229736328125,0.0003546304027486681,-0.023448459503194248
OFDM,Classical OFDM,-0.2294921875,0.00035478466703271,-0.021559688564319626
OFDM,Classical OFDM,-0.229248046875,0.00035492597063042984,-0.01983032534734038
OFDM,Classical OFDM,-0.22900390625,0.0003550548937164351,-0.01825308324775418
OFDM,Classical OFDM,-0.228759765625,0.0003551721407884635,-0.016819182413513933
OFDM,Classical OFDM,-0.228515625,0.00035527831274164426,-0.015521135702066615
OFDM,Classical OFDM,-0.228271484375,0.0003553740726326718,-0.014350718396263465
OFDM,Classical OFDM,-0.22802734375,0.0003554600213566753,-0.013300485801657073
OFDM,Classical OFDM,-0.227783203125,0.0003555368375107404,-0.012362061628744567
OFDM,Classical OFDM,-0.2275390625,0.0003556050235675182,-0.011529236846156204
OFDM,Classical OFDM,-0.227294921875,0.0003556651027201817,-0.010795562154167613
OFDM,Classical OFDM,-0.22705078125,0.0003557176033420341,-0.010154536438639908
OFDM,Classical OFDM,-0.226806640625,0.00035576291394285735,-0.009601375994810778
OFDM,Classical OFDM,-0.2265625,0.000355801433392694,-0.009131178616625869
OFDM,Classical OFDM,-0.226318359375,0.00035583341551793495,-0.008740819416474487
OFDM,Classical OFDM,-0.22607421875,0.00035585917630653603,-0.00842642051806444
OFDM,Classical OFDM,-0.225830078125,0.00035587887116241,-0.008186068965676736
OFDM,Classical OFDM,-0.2255859375,0.00035589257778751327,-0.00801880427256808
OFDM,Classical OFDM,-0.225341796875,0.00035590040496458474,-0.007923290551766545
OFDM,Classical OFDM,-0.22509765625,0.00035590226463140713,-0.007900597660221297
OFDM,Classical OFDM,-0.224853515625,0.00035589810498667625,-0.007951356576075192
OFDM,Classical OFDM,-0.224609375,0.0003558878017072619,-0.00807708700578462
OFDM,Classical OFDM,-0.224365234375,0.0003558711268674254,-0.008280576997640014
OFDM,Classical OFDM,-0.22412109375,0.00035584778519973255,-0.00856544107274516
OFDM,Classical OFDM,-0.223876953125,0.0003558175332380534,-0.008934666878514772
OFDM,Classical OFDM,-0.2236328125,0.00035578001873351906,-0.009392575770431464
OFDM,Classical OFDM,-0.223388671875,0.0003557348324558261,-0.009944191834478186
OFDM,Classical OFDM,-0.22314453125,0.0003556815858951925,-0.010594294556601772
OFDM,Classical OFDM,-0.222900390625,0.0003556198232001411,-0.011348495163341165
OFDM,Classical OFDM,-0.22265625,0.0003555491403204986,-0.012211783250123932
OFDM,Classical OFDM,-0.222412109375,0.0003554690865849182,-0.013189729931365524
OFDM,Classical OFDM,-0.22216796875,0.0003553792061419225,-0.014287983413337651
OFDM,Classical OFDM,-0.221923828125,0.0003552791053015992,-0.015511447409290611
OFDM,Classical OFDM,-0.2216796875,0.00035516834375286233,-0.016865611742690485
OFDM,Classical OFDM,-0.221435546875,0.00035504657442697336,-0.018354843958549284
OFDM,Classical OFDM,-0.22119140625,0.0003549134761558459,-0.019983212916246273
OFDM,Classical OFDM,-0.220947265625,0.0003547687484919155,-0.021754552947378415
OFDM,Classical OFDM,-0.220703125,0.00035461215314918254,-0.023671957100437326
OFDM,Classical OFDM,-0.220458984375,0.000354443555444256,-0.025737268849674342
OFDM,Classical OFDM,-0.22021484375,0.0003542628517745273,-0.02795196897159162
OFDM,Classical OFDM,-0.219970703125,0.00035406999551882275,-0.030316857457073684
OFDM,Classical OFDM,-0.2197265625,0.00035386504365857694,-0.03283147983120359
OFDM,Classical OFDM,-0.219482421875,0.0003536481671380939,-0.0354939963075861
OFDM,Classical OFDM,-0.21923828125,0.0003534195679824602,-0.03830219558998262
OFDM,Classical OFDM,-0.218994140625,0.00035317955699950133,-0.041252537468955346
OFDM,Classical OFDM,-0.21875,0.0003529286159413467,-0.04433938239170266
OFDM,Classical OFDM,-0.218505859375,0.00035266714885816953,-0.04755804447233599
OFDM,Classical OFDM,-0.21826171875,0.00035239580326627276,-0.050900835317110815
OFDM,Classical OFDM,-0.218017578125,0.00035211525776274204,-0.054359670168287175
OFDM,Classical OFDM,-0.2177734375,0.0003518262841870107,-0.057925296826943466
OFDM,Classical OFDM,-0.217529296875,0.0003515297631612508,-0.061587096661338284
OFDM,Classical OFDM,-0.21728515625,0.00035122663746919966,-0.06533365303356489
OFDM,Classical OFDM,-0.217041015625,0.0003509179016958988,-0.06915287383135862
OFDM,Classical OFDM,-0.216796875,0.00035060468510978067,-0.07303095977154013
OFDM,Classical OFDM,-0.216552734375,0.0003502881169792779,-0.07695406473603487
OFDM,Classical OFDM,-0.21630859375,0.000349969435355562,-0.08090694406613419
OFDM,Classical OFDM,-0.216064453125,0.00034964985238915215,-0.08487461994091179
OFDM,Classical OFDM,-0.2158203125,0.00034933075635500225,-0.08883987032760374
OFDM,Classical OFDM,-0.215576171875,0.0003490134060248054,-0.0927870217221897
OFDM,Classical OFDM,-0.21533203125,0.00034869922075429793,-0.0966983437554309
OFDM,Classical OFDM,-0.215087890625,0.00034838950593634686,-0.1005574635518159
OFDM,Classical OFDM,-0.21484375,0.00034808564984590586,-0.1043469176521712
OFDM,Classical OFDM,-0.214599609375,0.00034778902521753746,-0.10804937879109838
OFDM,Classical OFDM,-0.21435546875,0.0003475009840652825,-0.11164772447337912
OFDM,Classical OFDM,-0.214111328125,0.00034722281624161667,-0.11512556004670083
OFDM,Classical OFDM,-0.2138671875,0.00034695574943745055,-0.11846722603311356
OFDM,Classical OFDM,-0.213623046875,0.00034670105278473816,-0.12165650797913792
OFDM,Classical OFDM,-0.21337890625,0.00034645983483139035,-0.12467917218813832
OFDM,Classical OFDM,-0.213134765625,0.0003462331885849267,-0.12752115887974347
OFDM,Classical OFDM,-0.212890625,0.00034602213453104085,-0.13016930359644444
OFDM,Classical OFDM,-0.212646484375,0.0003458275377515136,-0.1326123866290537
OFDM,Classical OFDM,-0.21240234375,0.0003456502426076043,-0.13483945180865814
OFDM,Classical OFDM,-0.212158203125,0.00034549096395731143,-0.13684117994973075
OFDM,Classical OFDM,-0.2119140625,0.00034535024053419913,-0.13861048399761217
OFDM,Classical OFDM,-0.211669921875,0.00034522863697248376,-0.14013997637274225
OFDM,Classical OFDM,-0.21142578125,0.00034512643817933853,-0.14142581821969655
OFDM,Classical OFDM,-0.211181640625,0.00034504392906193693,-0.14246420689199396
OFDM,Classical OFDM,-0.2109375,0.0003449811976824961,-0.1432538561656929
OFDM,Classical OFDM,-0.210693359375,0.00034493825958140735,-0.14379443464029584
OFDM,Classical OFDM,-0.21044921875,0.0003449149438143666,-0.14408800170416236
OFDM,Classical OFDM,-0.210205078125,0.0003449109965549831,-0.14413770331346953
OFDM,Classical OFDM,-0.2099609375,0.0003449259930325621,-0.14394887935766926
OFDM,Classical OFDM,-0.209716796875,0.0003449594566751044,-0.14352756085274723
OFDM,Classical OFDM,-0.20947265625,0.00034501070888552453,-0.14288235752881334
OFDM,Classical OFDM,-0.209228515625,0.0003450790089051717,-0.14202269186567412
OFDM,Classical OFDM,-0.208984375,0.0003451635382734389,-0.14095898930109668
OFDM,Classical OFDM,-0.208740234375,0.0003452632868648933,-0.1397041057545606
OFDM,Classical OFDM,-0.20849609375,0.00034537720829318913,-0.13827136474168875
OFDM,Classical OFDM,-0.208251953125,0.00034550417328989394,-0.13667513709525386
OFDM,Classical OFDM,-0.2080078125,0.00034564297488461873,-0.13493076854398459
OFDM,Classical OFDM,-0.207763671875,0.0003457923025043661,-0.1330548977464976
OFDM,Classical OFDM,-0.20751953125,0.000345950824855617,-0.13106440789878487
OFDM,Classical OFDM,-0.207275390625,0.00034611712776276554,-0.12897720140364288
OFDM,Classical OFDM,-0.20703125,0.0003462898281309883,-0.12681076393912252
OFDM,Classical OFDM,-0.206787109375,0.0003464674289025927,-0.12458397999723753
OFDM,Classical OFDM,-0.20654296875,0.00034664851072184233,-0.12231472511024132
OFDM,Classical OFDM,-0.206298828125,0.0003468315609906533,-0.12002200678293512
OFDM,Classical OFDM,-0.2060546875,0.00034701516035328924,-0.11772362619016385
OFDM,Classical OFDM,-0.205810546875,0.00034719782729244884,-0.11543812456614296
OFDM,Classical OFDM,-0.20556640625,0.00034737820979409114,-0.11318238516041987
OFDM,Classical OFDM,-0.205322265625,0.00034755489886274083,-0.11097396860277443
OFDM,Classical OFDM,-0.205078125,0.00034772659428566123,-0.10882904235368258
OFDM,Classical OFDM,-0.204833984375,0.000347892021750768,-0.10676342090683666
OFDM,Classical OFDM,-0.20458984375,0.00034805004680949815,-0.10479114719933103
OFDM,Classical OFDM,-0.204345703125,0.0003481995298331583,-0.10292630862738246
OFDM,Classical OFDM,-0.2041015625,0.0003483394762367069,-0.10118116726095346
OFDM,Classical OFDM,-0.203857421875,0.00034846894841653714,-0.09956726444583378
OFDM,Classical OFDM,-0.20361328125,0.00034858713309217235,-0.098094586584545
OFDM,Classical OFDM,-0.203369140625,0.00034869333094600526,-0.09677170018101361
OFDM,Classical OFDM,-0.203125,0.00034878689964186325,-0.0956064666230807
OFDM,Classical OFDM,-0.202880859375,0.0003488673522474863,-0.09460482081537297
OFDM,Classical OFDM,-0.20263671875,0.0003489343416941361,-0.0937709693825742
OFDM,Classical OFDM,-0.202392578125,0.0003489875727143784,-0.09310849015889988
OFDM,Classical OFDM,-0.2021484375,0.00034902689508443084,-0.09261917398753042
OFDM,Classical OFDM,-0.201904296875,0.00034905231398442394,-0.09230289790124901
OFDM,Classical OFDM,-0.20166015625,0.0003490638397746185,-0.09215949520086564
OFDM,Classical OFDM,-0.201416015625,0.00034906173664166613,-0.09218566181233963
OFDM,Classical OFDM,-0.201171875,0.00034904625323182726,-0.09237830706358208
OFDM,Classical OFDM,-0.200927734375,0.0003490178609369705,-0.09273158742111309
OFDM,Classical OFDM,-0.20068359375,0.0003489769845277907,-0.09324025590433895
OFDM,Classical OFDM,-0.200439453125,0.00034892429224111257,-0.09389604978660887
OFDM,Classical OFDM,-0.2001953125,0.00034886040051245663,-0.09469136173770884
OFDM,Classical OFDM,-0.199951171875,0.0003487861122620387,-0.09561627074987827
OFDM,Classical OFDM,-0.19970703125,0.00034870222004981376,-0.09666098858476677
OFDM,Classical OFDM,-0.199462890625,0.0003486096252184756,-0.09781437282202454
OFDM,Classical OFDM,-0.19921875,0.00034850927055176154,-0.09906476148750659
OFDM,Classical OFDM,-0.198974609375,0.0003484021609949739,-0.10039971131707118
OFDM,Classical OFDM,-0.19873046875,0.0003482892807728934,-0.10180702752782185
OFDM,Classical OFDM,-0.198486328125,0.0003481716969923874,-0.10327346970191496
OFDM,Classical OFDM,-0.1982421875,0.0003480504560398017,-0.10478604085443
OFDM,Classical OFDM,-0.197998046875,0.00034792660430148204,-0.10633172763519144
OFDM,Classical OFDM,-0.19775390625,0.0003478012244246872,-0.10789704634101034
OFDM,Classical OFDM,-0.197509765625,0.0003476753368951107,-0.1094692707141465
OFDM,Classical OFDM,-0.197265625,0.00034755000363948966,-0.1110351383179653
OFDM,Classical OFDM,-0.197021484375,0.0003474261674415613,-0.11258285693702913
OFDM,Classical OFDM,-0.19677734375,0.0003473047710850629,-0.11410061770924455
OFDM,Classical OFDM,-0.196533203125,0.00034718678325438375,-0.11557627177497093
OFDM,Classical OFDM,-0.1962890625,0.0003470729965094789,-0.11699985866013307
OFDM,Classical OFDM,-0.196044921875,0.00034696417750965125,-0.11836173071274894
OFDM,Classical OFDM,-0.19580078125,0.00034686107219368176,-0.11965249002510302
OFDM,Classical OFDM,-0.195556640625,0.000346764333258004,-0.12086389854307994
OFDM,Classical OFDM,-0.1953125,0.00034667449943618213,-0.121989140784625
OFDM,Classical OFDM,-0.195068359375,0.0003465920783809977,-0.12302178856466317
OFDM,Classical OFDM,-0.19482421875,0.0003465174689624935,-0.12395677666297346
OFDM,Classical OFDM,-0.194580078125,0.00034645097680836444,-0.12479021073613954
OFDM,Classical OFDM,-0.1943359375,0.00034639282466421886,-0.1255192395682918
OFDM,Classical OFDM,-0.194091796875,0.00034634317829423033,-0.126141731960123
OFDM,Classical OFDM,-0.19384765625,0.00034630207395931187,-0.1266571873335704
OFDM,Classical OFDM,-0.193603515625,0.0003462694753985504,-0.12706602235084086
OFDM,Classical OFDM,-0.193359375,0.00034624530490998963,-0.1273691815067056
OFDM,Classical OFDM,-0.193115234375,0.0003462293397480213,-0.12756943668717366
OFDM,Classical OFDM,-0.19287109375,0.0003462212846452112,-0.12767047744238488
OFDM,Classical OFDM,-0.192626953125,0.0003462208598745164,-0.12767580570180054
OFDM,Classical OFDM,-0.1923828125,0.0003462275629632857,-0.12759172393142482
OFDM,Classical OFDM,-0.192138671875,0.00034624099504147645,-0.12742324039893665
OFDM,Classical OFDM,-0.19189453125,0.00034626058629474196,-0.12717751177048733
OFDM,Classical OFDM,-0.191650390625,0.0003462857254676921,-0.12686221721440574
OFDM,Classical OFDM,-0.19140625,0.00034631584792611065,-0.12648445262410346
OFDM,Classical OFDM,-0.191162109375,0.00034635019737095556,-0.12605371765546758
OFDM,Classical OFDM,-0.19091796875,0.0003463881366461847,-0.12557801659817672
OFDM,Classical OFDM,-0.190673828125,0.00034642889391236473,-0.12506704024975726
OFDM,Classical OFDM,-0.1904296875,0.00034647175949162757,-0.12452969670794586
OFDM,Classical OFDM,-0.190185546875,0.00034651594600414864,-0.12397586412372298
OFDM,Classical OFDM,-0.18994140625,0.000346560733411799,-0.12341457200104565
OFDM,Classical OFDM,-0.189697265625,0.0003466053654155366,-0.12285529961311185
OFDM,Classical OFDM,-0.189453125,0.0003466490753560586,-0.12230765116308362
OFDM,Classical OFDM,-0.189208984375,0.00034669113801510563,-0.12178070694757687
OFDM,Classical OFDM,-0.18896484375,0.0003467308644353312,-0.1212830889012024
OFDM,Classical OFDM,-0.188720703125,0.00034676764854147567,-0.12082237747828413
OFDM,Classical OFDM,-0.1884765625,0.00034680073403449706,-0.12040803197401623
OFDM,Classical OFDM,-0.188232421875,0.00034682966506291793,-0.12004574721767884
OFDM,Classical OFDM,-0.18798828125,0.00034685376302965275,-0.11974400686874163
OFDM,Classical OFDM,-0.187744140625,0.00034687263424478925,-0.11950772741808771
OFDM,Classical OFDM,-0.1875,0.00034688578141580664,-0.11934312418741594
OFDM,Classical OFDM,-0.187255859375,0.0003468928315733144,-0.11925485843678724
OFDM,Classical OFDM,-0.18701171875,0.0003468934169280524,-0.11924753006055602
OFDM,Classical OFDM,-0.186767578125,0.0003468873250946732,-0.11932379766099725
OFDM,Classical OFDM,-0.1865234375,0.0003468743126070468,-0.1194867138923231
OFDM,Classical OFDM,-0.186279296875,0.000346854192980478,-0.11973862347161386
OFDM,Classical OFDM,-0.18603515625,0.00034682689887327123,-0.1200803851339598
OFDM,Classical OFDM,-0.185791015625,0.00034679240956490484,-0.12051227957917819
OFDM,Classical OFDM,-0.185546875,0.0003467507302355092,-0.12103426881817311
OFDM,Classical OFDM,-0.185302734375,0.00034670194376717117,-0.12164534711724237
OFDM,Classical OFDM,-0.18505859375,0.0003466461744830209,-0.12234399450030606
OFDM,Classical OFDM,-0.184814453125,0.000346583650308797,-0.1231273971455335
OFDM,Classical OFDM,-0.1845703125,0.00034651454218880364,-0.12399345842205008
OFDM,Classical OFDM,-0.184326171875,0.0003464391609308661,-0.12493833148768049
OFDM,Classical OFDM,-0.18408203125,0.0003463578018024188,-0.12595836542547836
OFDM,Classical OFDM,-0.183837890625,0.0003462708481331129,-0.12704880541702893
OFDM,Classical OFDM,-0.18359375,0.0003461786573519479,-0.128205220360263
OFDM,Classical OFDM,-0.183349609375,0.0003460816749501402,-0.12942207246797463
OFDM,Classical OFDM,-0.18310546875,0.0003459803049778629,-0.13069434059373217
OFDM,Classical OFDM,-0.182861328125,0.00034587505508789767,-0.13201569905747518
OFDM,Classical OFDM,-0.1826171875,0.000345766334510548,-0.13338105248806156
OFDM,Classical OFDM,-0.182373046875,0.0003456546819793781,-0.13478367339320177
OFDM,Classical OFDM,-0.18212890625,0.0003455405326253436,-0.13621812878216347
OFDM,Classical OFDM,-0.181884765625,0.00034542441482174774,-0.13767780693265325
OFDM,Classical OFDM,-0.181640625,0.0003453068155008505,-0.13915660894399032
OFDM,Classical OFDM,-0.181396484375,0.0003451881956942596,-0.14064875377106018
OFDM,Classical OFDM,-0.18115234375,0.0003450690267938437,-0.14214832218391193
OFDM,Classical OFDM,-0.180908203125,0.00034494983199277567,-0.14364873465035738
OFDM,Classical OFDM,-0.1806640625,0.0003448309790803157,-0.1451453597730543
OFDM,Classical OFDM,-0.180419921875,0.0003447129342682019,-0.14663231977739086
OFDM,Classical OFDM,-0.18017578125,0.0003445961275072596,-0.1481041858828831
OFDM,Classical OFDM,-0.179931640625,0.00034448093694700976,-0.14955617515173075
OFDM,Classical OFDM,-0.1796875,0.0003443677407369733,-0.15098349849359954
OFDM,Classical OFDM,-0.179443359375,0.0003442568807657584,-0.15238181835249376
OFDM,Classical OFDM,-0.17919921875,0.0003441487092822337,-0.15374666138862952
OFDM,Classical OFDM,-0.178955078125,0.0003440435111935727,-0.15507439943648177
OFDM,Classical OFDM,-0.1787109375,0.00034394158694734,-0.1563612045767229
OFDM,Classical OFDM,-0.178466796875,0.0003438432318109698,-0.15760331089016894
OFDM,Classical OFDM,-0.17822265625,0.00034374870479098334,-0.15879740759910904
OFDM,Classical OFDM,-0.177978515625,0.0003436581612912933,-0.15994149109478606
OFDM,Classical OFDM,-0.177734375,0.00034357192247998604,-0.16103146200722687
OFDM,Classical OFDM,-0.177490234375,0.00034349018002188727,-0.16206485618011804
OFDM,Classical OFDM,-0.17724609375,0.0003434131152215618,-0.1630393403004451
OFDM,Classical OFDM,-0.177001953125,0.0003433409197438354,-0.16395245026745223
OFDM,Classical OFDM,-0.1767578125,0.00034327379043366416,-0.1648016569227155
OFDM,Classical OFDM,-0.176513671875,0.00034321195521678675,-0.1655840386027409
OFDM,Classical OFDM,-0.17626953125,0.0003431555643169855,-0.1662976579384865
OFDM,Classical OFDM,-0.176025390625,0.0003431048352997383,-0.1669397271097595
OFDM,Classical OFDM,-0.17578125,0.00034305996501000116,-0.16750772241506262
OFDM,Classical OFDM,-0.175537109375,0.0003430211658331216,-0.16799892579266992
OFDM,Classical OFDM,-0.17529296875,0.000342988676055099,-0.16841029398194224
OFDM,Classical OFDM,-0.175048828125,0.0003429627132414114,-0.16873904925237523
OFDM,Classical OFDM,-0.1748046875,0.0003429435104979277,-0.16898222084773057
OFDM,Classical OFDM,-0.174560546875,0.0003429313579119518,-0.16913612067038994
OFDM,Classical OFDM,-0.17431640625,0.00034292654557078746,-0.16919706545799473
OFDM,Classical OFDM,-0.174072265625,0.00034292935838160793,-0.16916144315858958
OFDM,Classical OFDM,-0.173828125,0.00034294013305289094,-0.16902499211822838
OFDM,Classical OFDM,-0.173583984375,0.00034295915449180975,-0.16878411401520577
OFDM,Classical OFDM,-0.17333984375,0.0003429868319286679,-0.16843364449296291
OFDM,Classical OFDM,-0.173095703125,0.0003430234813514213,-0.167969609426033
OFDM,Classical OFDM,-0.1728515625,0.0003430694860897214,-0.16738719261189183
OFDM,Classical OFDM,-0.172607421875,0.0003431252812745238,-0.16668093421173133
OFDM,Classical OFDM,-0.17236328125,0.00034319119843417574,-0.1658466992885151
OFDM,Classical OFDM,-0.172119140625,0.00034326768824002407,-0.1648788598043413
OFDM,Classical OFDM,-0.171875,0.00034335508740054643,-0.16377324622176173
OFDM,Classical OFDM,-0.171630859375,0.00034345385176722014,-0.1625241995858022
OFDM,Classical OFDM,-0.17138671875,0.0003435643335889141,-0.16112739097291068
OFDM,Classical OFDM,-0.171142578125,0.0003436869006548885,-0.1595783155161404
OFDM,Classical OFDM,-0.1708984375,0.0003438219207544034,-0.15787249056980657
OFDM,Classical OFDM,-0.170654296875,0.0003439697202356756,-0.15600598053079853
OFDM,Classical OFDM,-0.17041015625,0.0003441305788257479,-0.1539754626134818
OFDM,Classical OFDM,-0.170166015625,0.0003443047762516634,-0.15177763875410372
OFDM,Classical OFDM,-0.169921875,0.0003444925456192911,-0.14940982460437177
OFDM,Classical OFDM,-0.169677734375,0.0003446940112517612,-0.14687073227603628
OFDM,Classical OFDM,-0.16943359375,0.00034490933891324725,-0.14415857554995912
OFDM,Classical OFDM,-0.169189453125,0.00034513854932427106,-0.1412734186772167
OFDM,Classical OFDM,-0.1689453125,0.0003453816683854847,-0.138215281684687
OFDM,Classical OFDM,-0.168701171875,0.00034563860285454043,-0.13498570270103127
OFDM,Classical OFDM,-0.16845703125,0.00034590917660700396,-0.13158727681842747
OFDM,Classical OFDM,-0.168212890625,0.00034619313581648437,-0.1280235862348526
OFDM,Classical OFDM,-0.16796875,0.000346490226656591,-0.12429822115799563
OFDM,Classical OFDM,-0.167724609375,0.00034679997773545506,-0.12041750302832854
OFDM,Classical OFDM,-0.16748046875,0.0003471218865804255,-0.11638813741054546
OFDM,Classical OFDM,-0.167236328125,0.00034745538855728594,-0.11221759844909827
OFDM,Classical OFDM,-0.1669921875,0.0003477997688080379,-0.10791522245877613
OFDM,Classical OFDM,-0.166748046875,0.00034815420887207425,-0.10349161451280003
OFDM,Classical OFDM,-0.16650390625,0.00034851784884774455,-0.09895786445277002
OFDM,Classical OFDM,-0.166259765625,0.00034888967860961594,-0.0943268955362752
OFDM,Classical OFDM,-0.166015625,0.0003492685896097777,-0.08961280762381334
OFDM,Classical OFDM,-0.165771484375,0.0003496534163188842,-0.0848303531660864
OFDM,Classical OFDM,-0.16552734375,0.00035004291032550325,-0.07999525231333722
OFDM,Classical OFDM,-0.165283203125,0.00035043567817455055,-0.07512495562798226
OFDM,Classical OFDM,-0.1650390625,0.0003508302953301594,-0.0702372217948904
OFDM,Classical OFDM,-0.164794921875,0.0003512252077532025,-0.06535133161957708
OFDM,Classical OFDM,-0.16455078125,0.0003516188406840307,-0.060486735326612744
OFDM,Classical OFDM,-0.164306640625,0.00035200956756169076,-0.055663435347462216
OFDM,Classical OFDM,-0.1640625,0.00035239563232196874,-0.050902942044411786
OFDM,Classical OFDM,-0.163818359375,0.0003527753255218246,-0.046226099482614934
OFDM,Classical OFDM,-0.16357421875,0.00035314681857521844,-0.041655130873764476
OFDM,Classical OFDM,-0.163330078125,0.0003535083036166321,-0.037211917556829115
OFDM,Classical OFDM,-0.1630859375,0.0003538579727805475,-0.0329182607677897
OFDM,Classical OFDM,-0.162841796875,0.0003541939560398813,-0.028796651022712172
OFDM,Classical OFDM,-0.16259765625,0.00035451442998872415,-0.024868940280001285
OFDM,Classical OFDM,-0.162353515625,0.0003548176126622099,-0.021156417449940974
OFDM,Classical OFDM,-0.162109375,0.0003551017324557335,-0.01768020100469888
OFDM,Classical OFDM,-0.161865234375,0.0003553649970441681,-0.014461630492574196
OFDM,Classical OFDM,-0.16162109375,0.0003556058005870819,-0.011519747246240674
OFDM,Classical OFDM,-0.161376953125,0.00035582250616326093,-0.008873970069538249
OFDM,Classical OFDM,-0.1611328125,0.0003560135908143603,-0.0065423374958445794
OFDM,Classical OFDM,-0.160888671875,0.0003561776455449046,-0.004541524741395954
OFDM,Classical OFDM,-0.16064453125,0.00035631333388124424,-0.0028873649514486216
OFDM,Classical OFDM,-0.160400390625,0.0003564194540331208,-0.0015941061733823838
OFDM,Classical OFDM,-0.16015625,0.00035649492853340593,-0.000674552299249857
OFDM,Classical OFDM,-0.159912109375,0.0003565388042381015,-0.00014007614231128455
OFDM,Classical OFDM,-0.15966796875,0.00035655030412764393,0.0
OFDM,Classical OFDM,-0.159423828125,0.00035652875478507797,-0.0002624887226994276
OFDM,Classical OFDM,-0.1591796875,0.00035647374179996965,-0.0009326641015350644
OFDM,Classical OFDM,-0.158935546875,0.0003563849336439718,-0.002014754945793396
OFDM,Classical OFDM,-0.15869140625,0.00035626215419265006,-0.003511216227620964
OFDM,Classical OFDM,-0.158447265625,0.00035610548632809114,-0.005421465551038669
OFDM,Classical OFDM,-0.158203125,0.0003559151476157729,-0.007743394171662124
OFDM,Classical OFDM,-0.157958984375,0.00035569156282639014,-0.010472475897195096
OFDM,Classical OFDM,-0.15771484375,0.0003554353328550721,-0.013602135825208968
OFDM,Classical OFDM,-0.157470703125,0.0003551471829200782,-0.01712437091571265
OFDM,Classical OFDM,-0.1572265625,0.0003548281490474934,-0.021027454684711972
OFDM,Classical OFDM,-0.156982421875,0.0003544793190647068,-0.02529908456796136
OFDM,Classical OFDM,-0.15673828125,0.00035410202944536793,-0.029923954121405527
OFDM,Classical OFDM,-0.156494140625,0.0003536977513465173,-0.03488512453550518
OFDM,Classical OFDM,-0.15625,0.0003532681268694996,-0.04016355644791158
OFDM,Classical OFDM,-0.156005859375,0.00035281498460035466,-0.04573789212675888
OFDM,Classical OFDM,-0.15576171875,0.00035234024636746986,-0.05158557550158903
OFDM,Classical OFDM,-0.155517578125,0.0003518459790428847,-0.05768219026506379
OFDM,Classical OFDM,-0.1552734375,0.00035133438936215994,-0.0640014967907043
OFDM,Classical OFDM,-0.155029296875,0.0003508077980237258,-0.07051572594504178
OFDM,Classical OFDM,-0.15478515625,0.0003502685775273167,-0.0771963256760814
OFDM,Classical OFDM,-0.154541015625,0.00034971924541631896,-0.08401278578282359
OFDM,Classical OFDM,-0.154296875,0.0003491623295943797,-0.09093428802857394
OFDM,Classical OFDM,-0.154052734375,0.0003486004771081459,-0.09792834058649055
OFDM,Classical OFDM,-0.15380859375,0.00034803627802282983,-0.10496295658158764
OFDM,Classical OFDM,-0.153564453125,0.00034747242082612176,-0.1120047124407591
OFDM,Classical OFDM,-0.1533203125,0.0003469115681050599,-0.11902029168129179
OFDM,Classical OFDM,-0.153076171875,0.0003463563720864216,-0.1259762925241774
OFDM,Classical OFDM,-0.15283203125,0.0003458094642764625,-0.13283936148616188
OFDM,Classical OFDM,-0.152587890625,0.0003452733881192211,-0.13957704750627004
OFDM,Classical OFDM,-0.15234375,0.00034475069223886617,-0.14615664339089826
OFDM,Classical OFDM,-0.152099609375,0.00034424379575630605,-0.15254689436752913
OFDM,Classical OFDM,-0.15185546875,0.00034375506599114463,-0.1587170405016235
OFDM,Classical OFDM,-0.151611328125,0.0003432867148590733,-0.16463814601306248
OFDM,Classical OFDM,-0.1513671875,0.0003428408610334356,-0.17028234077413354
OFDM,Classical OFDM,-0.151123046875,0.00034241947296379286,-0.17562356738170873
OFDM,Classical OFDM,-0.15087890625,0.0003420244103169675,-0.18063708421683383
OFDM,Classical OFDM,-0.150634765625,0.0003416573100141736,-0.1853009401131993
OFDM,Classical OFDM,-0.150390625,0.00034131972609453864,-0.18959422781293908
OFDM,Classical OFDM,-0.150146484375,0.0003410129380502774,-0.1934995476287996
OFDM,Classical OFDM,-0.14990234375,0.00034073813213125704,-0.19700072880500025
OFDM,Classical OFDM,-0.149658203125,0.0003404962304006932,-0.20008502980155712
OFDM,Classical OFDM,-0.1494140625,0.0003402879995178887,-0.20274177542549301
OFDM,Classical OFDM,-0.149169921875,0.00034011399893692934,-0.20496303562101162
OFDM,Classical OFDM,-0.14892578125,0.0003399745550060319,-0.2067439722423148
OFDM,Classical OFDM,-0.148681640625,0.0003398698645701525,-0.2080815276494235
OFDM,Classical OFDM,-0.1484375,0.00033979983438694355,-0.20897648360490104
OFDM,Classical OFDM,-0.148193359375,0.00033976424171079677,-0.20943141356381262
OFDM,Classical OFDM,-0.14794921875,0.0003397626255101043,-0.20945207226257093
OFDM,Classical OFDM,-0.147705078125,0.00033979436416921527,-0.20904639842699055
OFDM,Classical OFDM,-0.1474609375,0.00033985858742621836,-0.20822563229498636
OFDM,Classical OFDM,-0.147216796875,0.00033995432141659376,-0.20700245034346285
OFDM,Classical OFDM,-0.14697265625,0.0003400804265116481,-0.2053917459576475
OFDM,Classical OFDM,-0.146728515625,0.0003402354885357754,-0.20341200151516436
OFDM,Classical OFDM,-0.146484375,0.0003404180725928482,-0.2010820276517885
OFDM,Classical OFDM,-0.146240234375,0.0003406265469417826,-0.19842319269174097
OFDM,Classical OFDM,-0.14599609375,0.0003408591555183649,-0.19545847531582428
OFDM,Classical OFDM,-0.145751953125,0.000341114043835903,-0.19221211328671176
OFDM,Classical OFDM,-0.1455078125,0.00034138925380509645,-0.18870964881872507
OFDM,Classical OFDM,-0.145263671875,0.0003416827340942971,-0.18497777632950452
OFDM,Classical OFDM,-0.14501953125,0.0003419923763904223,-0.18104386246592963
OFDM,Classical OFDM,-0.144775390625,0.00034231602575921535,-0.17693579817862
OFDM,Classical OFDM,-0.14453125,0.0003426514599247242,-0.17268224682582828
OFDM,Classical OFDM,-0.144287109375,0.0003429964462507358,-0.1683119083762265
OFDM,Classical OFDM,-0.14404296875,0.0003433487987222111,-0.16385278962772667
OFDM,Classical OFDM,-0.143798828125,0.00034370623290163276,-0.1593340335273871
OFDM,Classical OFDM,-0.1435546875,0.0003440665834944835,-0.15478316194261346
OFDM,Classical OFDM,-0.143310546875,0.00034442766448572405,-0.15022784439702094
OFDM,Classical OFDM,-0.14306640625,0.0003447873623821413,-0.14569472136111952
OFDM,Classical OFDM,-0.142822265625,0.00034514363621234795,-0.14120940985681907
OFDM,Classical OFDM,-0.142578125,0.0003454945019863914,-0.13679670588820647
OFDM,Classical OFDM,-0.142333984375,0.0003458380948573188,-0.13247981121746033
OFDM,Classical OFDM,-0.14208984375,0.0003461725965993512,-0.12828125550554406
OFDM,Classical OFDM,-0.141845703125,0.000346496365111144,-0.1242212818067433
OFDM,Classical OFDM,-0.1416015625,0.00034680784117343947,-0.12031903102058941
OFDM,Classical OFDM,-0.141357421875,0.00034710558989010996,-0.11659203492018
OFDM,Classical OFDM,-0.14111328125,0.0003473882799676364,-0.11305648902503435
OFDM,Classical OFDM,-0.140869140625,0.00034765483911902093,-0.10972532377661201
OFDM,Classical OFDM,-0.140625,0.00034790417951687436,-0.10661165087063398
OFDM,Classical OFDM,-0.140380859375,0.0003481354308992854,-0.10372586099586377
OFDM,Classical OFDM,-0.14013671875,0.0003483479302095597,-0.10107576808978039
OFDM,Classical OFDM,-0.139892578125,0.0003485410713724376,-0.09866849395506255
OFDM,Classical OFDM,-0.1396484375,0.000348714450337746,-0.0965086679768108
OFDM,Classical OFDM,-0.139404296875,0.0003488677770181811,-0.09459953297587403
OFDM,Classical OFDM,-0.13916015625,0.00034900094781113445,-0.09294204814600227
OFDM,Classical OFDM,-0.138916015625,0.0003491139316358235,-0.09153631240021626
OFDM,Classical OFDM,-0.138671875,0.00034920692015707387,-0.09037969787855632
OFDM,Classical OFDM,-0.138427734375,0.00034928015684101564,-0.08946897844299995
OFDM,Classical OFDM,-0.13818359375,0.0003493340509179523,-0.08879891190248802
OFDM,Classical OFDM,-0.137939453125,0.00034936913076118707,-0.08836281878726587
OFDM,Classical OFDM,-0.1376953125,0.0003493859869055884,-0.08815328814295267
OFDM,Classical OFDM,-0.137451171875,0.0003493853652899375,-0.08816101496936643
OFDM,Classical OFDM,-0.13720703125,0.00034936803775366745,-0.08837640578838282
OFDM,Classical OFDM,-0.136962890625,0.0003493349211798636,-0.08878809276034805
OFDM,Classical OFDM,-0.13671875,0.00034928696353239344,-0.08938434495770498
OFDM,Classical OFDM,-0.136474609375,0.0003492251386757769,-0.0901531274614943
OFDM,Classical OFDM,-0.13623046875,0.00034915054479766396,-0.09108087195598435
OFDM,Classical OFDM,-0.135986328125,0.0003490642800857045,-0.09215401698935802
OFDM,Classical OFDM,-0.1357421875,0.0003489674116467662,-0.0933593900195464
OFDM,Classical OFDM,-0.135498046875,0.00034886110501019434,-0.09468259149119715
OFDM,Classical OFDM,-0.13525390625,0.0003487465257053346,-0.09610921465577765
OFDM,Classical OFDM,-0.135009765625,0.00034862474083905434,-0.09762606797279487
OFDM,Classical OFDM,-0.134765625,0.00034849689004004693,-0.09921904385186349
OFDM,Classical OFDM,-0.134521484375,0.00034836407149596246,-0.10087453510973614
OFDM,Classical OFDM,-0.13427734375,0.0003482273419534075,-0.10257943371918998
OFDM,Classical OFDM,-0.134033203125,0.0003480876752769018,-0.10432164712044364
OFDM,Classical OFDM,-0.1337890625,0.00034794611267266077,-0.10608822396708062
OFDM,Classical OFDM,-0.133544921875,0.00034780351922246525,-0.1078683916194548
OFDM,Classical OFDM,-0.13330078125,0.0003476607548279657,-0.10965142467888736
OFDM,Classical OFDM,-0.133056640625,0.0003475185965087258,-0.11142761594073589
OFDM,Classical OFDM,-0.1328125,0.00034737778502339634,-0.11318769567433294
OFDM,Classical OFDM,-0.132568359375,0.00034723896270814984,-0.11492361023372628
OFDM,Classical OFDM,-0.13232421875,0.00034710267865681137,-0.11662846008577961
OFDM,Classical OFDM,-0.132080078125,0.0003469694405221625,-0.11829585417261652
OFDM,Classical OFDM,-0.1318359375,0.00034683970415568064,-0.11992004114547974
OFDM,Classical OFDM,-0.131591796875,0.0003467137596446695,-0.12149733863195337
OFDM,Classical OFDM,-0.13134765625,0.0003465919281572154,-0.1230236709323779
OFDM,Classical OFDM,-0.131103515625,0.00034647437027736155,-0.12449697122499706
OFDM,Classical OFDM,-0.130859375,0.0003463612621295423,-0.12591497695665807
OFDM,Classical OFDM,-0.130615234375,0.0003462526710554533,-0.1272767891405499
OFDM,Classical OFDM,-0.13037109375,0.00034614857633457274,-0.12858261472606625
OFDM,Classical OFDM,-0.130126953125,0.00034604893652585725,-0.12983292315965475
OFDM,Classical OFDM,-0.1298828125,0.00034595366356708965,-0.13102877186089507
OFDM,Classical OFDM,-0.129638671875,0.0003458626279550093,-0.1321717418862003
OFDM,Classical OFDM,-0.12939453125,0.0003457756121241383,-0.13326452401405253
OFDM,Classical OFDM,-0.129150390625,0.0003456924658506945,-0.13430896754143196
OFDM,Classical OFDM,-0.12890625,0.0003456129042275044,-0.13530861764023988
OFDM,Classical OFDM,-0.128662109375,0.0003455366889685686,-0.13626643825831375
OFDM,Classical OFDM,-0.12841796875,0.00034546354552697446,-0.13718585308929643
OFDM,Classical OFDM,-0.128173828125,0.00034539324079685304,-0.13806976874455965
OFDM,Classical OFDM,-0.1279296875,0.00034532549505116126,-0.1389216814579042
OFDM,Classical OFDM,-0.127685546875,0.00034526004410324754,-0.139744895498389
OFDM,Classical OFDM,-0.12744140625,0.00034519668074789494,-0.14054200137544995
OFDM,Classical OFDM,-0.127197265625,0.0003451351407984517,-0.1413163090256674
OFDM,Classical OFDM,-0.126953125,0.0003450752481304835,-0.14207002284068818
OFDM,Classical OFDM,-0.126708984375,0.00034501685770033845,-0.1428049578284735
OFDM,Classical OFDM,-0.12646484375,0.00034495984518488626,-0.14352266962404944
OFDM,Classical OFDM,-0.126220703125,0.00034490411734177935,-0.14422432375057348
OFDM,Classical OFDM,-0.1259765625,0.0003448496741710178,-0.14490991240493414
OFDM,Classical OFDM,-0.125732421875,0.0003447964535110363,-0.1455802109267795
OFDM,Classical OFDM,-0.12548828125,0.000344744564144574,-0.1462338418200708
OFDM,Classical OFDM,-0.125244140625,0.00034469409413384795,-0.1468696880098916
OFDM,Classical OFDM,-0.125,0.0003446452196032927,-0.14748552228884032
OFDM,Classical OFDM,-0.124755859375,0.00034459808559656006,-0.14807950815454168
OFDM,Classical OFDM,-0.12451171875,0.00034455298738108426,-0.14864791490658083
OFDM,Classical OFDM,-0.124267578125,0.00034451019950377783,-0.1491872715108549
OFDM,Classical OFDM,-0.1240234375,0.00034447006903337915,-0.1496931914236863
OFDM,Classical OFDM,-0.123779296875,0.0003444329482187571,-0.15016122145305177
OFDM,Classical OFDM,-0.12353515625,0.00034439926183060647,-0.15058599289339053
OFDM,Classical OFDM,-0.123291015625,0.0003443694501800134,-0.15096194014916187
OFDM,Classical OFDM,-0.123046875,0.00034434395357806394,-0.15128349722874188
OFDM,Classical OFDM,-0.122802734375,0.000344323295217931,-0.15154405301469717
OFDM,Classical OFDM,-0.12255859375,0.0003443079464914832,-0.15173765059778344
OFDM,Classical OFDM,-0.122314453125,0.0003442983943309804,-0.1518581389044097
OFDM,Classical OFDM,-0.1220703125,0.0003442951826501172,-0.1518986509080984
OFDM,Classical OFDM,-0.121826171875,0.0003442987724805014,-0.1518533689675522
OFDM,Classical OFDM,-0.12158203125,0.00034430965075439286,-0.15171615384892484
OFDM,Classical OFDM,-0.121337890625,0.0003443282785033994,-0.1514811993608818
OFDM,Classical OFDM,-0.12109375,0.0003443550856783462,-0.15114309889944447
OFDM,Classical OFDM,-0.120849609375,0.00034439044524862397,-0.15069717321054962
OFDM,Classical OFDM,-0.12060546875,0.0003444347301836231,-0.15013875276907862
OFDM,Classical OFDM,-0.120361328125,0.0003444882202103866,-0.1494643544639086
OFDM,Classical OFDM,-0.1201171875,0.0003445511795155661,-0.1486707023473271
OFDM,Classical OFDM,-0.119873046875,0.0003446237427825527,-0.14775616452716075
OFDM,Classical OFDM,-0.11962890625,0.00034470604987486776,-0.1467190552490023
OFDM,Classical OFDM,-0.119384765625,0.0003447981370534243,-0.1455590056221221
OFDM,Classical OFDM,-0.119140625,0.00034489997323743977,-0.14427650557064986
OFDM,Classical OFDM,-0.118896484375,0.000345011397842871,-0.14287368504220999
OFDM,Classical OFDM,-0.11865234375,0.0003451322140247619,-0.1413531377023936
OFDM,Classical OFDM,-0.118408203125,0.0003452621938573737,-0.1397178543314827
OFDM,Classical OFDM,-0.1181640625,0.00034540090738988127,-0.13797337073493485
OFDM,Classical OFDM,-0.117919921875,0.0003455478676900247,-0.13612593860463862
OFDM,Classical OFDM,-0.11767578125,0.00034570259818580485,-0.1341816765769331
OFDM,Classical OFDM,-0.117431640625,0.000345864394379484,-0.1321495612173146
OFDM,Classical OFDM,-0.1171875,0.00034603256213358536,-0.1300384280958017
OFDM,Classical OFDM,-0.116943359375,0.00034620631924841476,-0.12785820506077078
OFDM,Classical OFDM,-0.11669921875,0.0003463847747415392,-0.12562016768729212
OFDM,Classical OFDM,-0.116455078125,0.0003465670117298735,-0.12333589562675296
OFDM,Classical OFDM,-0.1162109375,0.0003467519941873328,-0.12101843824439079
OFDM,Classical OFDM,-0.115966796875,0.0003469386601871801,-0.11868114235787067
OFDM,Classical OFDM,-0.11572265625,0.0003471259270821566,-0.1163375857898869
OFDM,Classical OFDM,-0.115478515625,0.00034731258790187346,-0.11400287179595531
OFDM,Classical OFDM,-0.115234375,0.0003474974771169851,-0.11169155329830328
OFDM,Classical OFDM,-0.114990234375,0.0003476793722167114,-0.10941886427032901
OFDM,Classical OFDM,-0.11474609375,0.0003478570196094896,-0.10720039561815219
OFDM,Classical OFDM,-0.114501953125,0.0003480292175050612,-0.10505106162130312
OFDM,Classical OFDM,-0.1142578125,0.00034819471749199395,-0.10298633132920024
OFDM,Classical OFDM,-0.114013671875,0.000348352265978725,-0.10102171325719614
OFDM,Classical OFDM,-0.11376953125,0.00034850072851669154,-0.09917120927735985
OFDM,Classical OFDM,-0.113525390625,0.0003486388566944611,-0.0974502252030583
OFDM,Classical OFDM,-0.11328125,0.0003487656093058185,-0.09587157284365579
OFDM,Classical OFDM,-0.113037109375,0.00034887989334324407,-0.09444870328944613
OFDM,Classical OFDM,-0.11279296875,0.0003489807245819572,-0.09319371197007664
OFDM,Classical OFDM,-0.112548828125,0.0003490671809587423,-0.09211792541568466
OFDM,Classical OFDM,-0.1123046875,0.00034913847509377484,-0.09123100479921811
OFDM,Classical OFDM,-0.112060546875,0.0003491937729860565,-0.09054320698965035
OFDM,Classical OFDM,-0.11181640625,0.0003492325307218927,-0.09006120135118476
OFDM,Classical OFDM,-0.111572265625,0.0003492541474061542,-0.08979239145147484
OFDM,Classical OFDM,-0.111328125,0.00034925824488931995,-0.08974143990506799
OFDM,Classical OFDM,-0.111083984375,0.0003492445227238254,-0.08991207518472959
OFDM,Classical OFDM,-0.11083984375,0.0003492127944249753,-0.0903066426058713
OFDM,Classical OFDM,-0.110595703125,0.00034916301337159576,-0.0909257830910179
OFDM,Classical OFDM,-0.1103515625,0.00034909525726564315,-0.09176862604068972
OFDM,Classical OFDM,-0.110107421875,0.00034900979547389954,-0.09283194980858325
OFDM,Classical OFDM,-0.10986328125,0.00034890695952471214,-0.09411178971145712
OFDM,Classical OFDM,-0.109619140625,0.00034878717418877574,-0.09560304808407265
OFDM,Classical OFDM,-0.109375,0.00034865107662213253,-0.09729800596386022
OFDM,Classical OFDM,-0.109130859375,0.0003484994697449984,-0.09918689586114218
OFDM,Classical OFDM,-0.10888671875,0.000348333156477589,-0.10125995997888283
OFDM,Classical OFDM,-0.108642578125,0.0003481531158645547,-0.10350524892730559
OFDM,Classical OFDM,-0.1083984375,0.0003479604668140671,-0.10590906416058214
OFDM,Classical OFDM,-0.108154296875,0.0003477564059362543,-0.10845672454425256
OFDM,Classical OFDM,-0.10791015625,0.0003475422127233312,-0.11113249380021917
OFDM,Classical OFDM,-0.107666015625,0.0003473192650899906,-0.11391937818875877
OFDM,Classical OFDM,-0.107421875,0.00034708903419327324,-0.1167991828159483
OFDM,Classical OFDM,-0.107177734375,0.00034685304817165416,-0.11975295759199027
OFDM,Classical OFDM,-0.10693359375,0.0003466129284059564,-0.12276053682236014
OFDM,Classical OFDM,-0.106689453125,0.00034637024965582887,-0.12580228587776154
OFDM,Classical OFDM,-0.1064453125,0.00034612671100405087,-0.12885695623637242
OFDM,Classical OFDM,-0.106201171875,0.00034588399081287994,-0.1319034999883104
OFDM,Classical OFDM,-0.10595703125,0.0003456437881650954,-0.1349205498260188
OFDM,Classical OFDM,-0.105712890625,0.0003454078073236067,-0.1378866143556728
OFDM,Classical OFDM,-0.10546875,0.00034517770593014995,-0.140780731513846
OFDM,Classical OFDM,-0.105224609375,0.0003449551312662,-0.14358201690432315
OFDM,Classical OFDM,-0.10498046875,0.00034474168917218836,-0.1462700596456393
OFDM,Classical OFDM,-0.104736328125,0.00034453894922763386,-0.1488248635039038
OFDM,Classical OFDM,-0.1044921875,0.00034434836186905525,-0.1512278992088645
OFDM,Classical OFDM,-0.104248046875,0.0003441713412720584,-0.1534610690020357
OFDM,Classical OFDM,-0.10400390625,0.0003440091824692495,-0.15550776088376733
OFDM,Classical OFDM,-0.103759765625,0.0003438631286919304,-0.15735200870345176
OFDM,Classical OFDM,-0.103515625,0.00034373428848801196,-0.15897954798343966
OFDM,Classical OFDM,-0.103271484375,0.00034362361500149226,-0.16037808823910124
OFDM,Classical OFDM,-0.10302734375,0.0003435319888545435,-0.1615362751193492
OFDM,Classical OFDM,-0.102783203125,0.00034346015080581637,-0.1624445495075254
OFDM,Classical OFDM,-0.1025390625,0.000343408675849788,-0.16309548280173375
OFDM,Classical OFDM,-0.102294921875,0.00034337806645910957,-0.16348260412065066
OFDM,Classical OFDM,-0.10205078125,0.0003433685453793893,-0.16360302560692397
OFDM,Classical OFDM,-0.101806640625,0.00034338034053636593,-0.1634538423554125
OFDM,Classical OFDM,-0.1015625,0.00034341342084925685,-0.16303547520745576
OFDM,Classical OFDM,-0.101318359375,0.00034346769307571446,-0.16234918094073736
OFDM,Classical OFDM,-0.10107421875,0.000343542830867522,-0.1613992121307336
OFDM,Classical OFDM,-0.100830078125,0.0003436384198142455,-0.1601909791552407
OFDM,Classical OFDM,-0.1005859375,0.0003437539211823208,-0.15873150385160945
OFDM,Classical OFDM,-0.100341796875,0.00034388858385283645,-0.1570305253622734
OFDM,Classical OFDM,-0.10009765625,0.0003440416256260982,-0.15509820147799167
OFDM,Classical OFDM,-0.099853515625,0.0003442120260164125,-0.15294771668032608
OFDM,Classical OFDM,-0.099609375,0.0003443987748983466,-0.15059213321267842
OFDM,Classical OFDM,-0.099365234375,0.0003446006860220332,-0.14804673530351256
OFDM,Classical OFDM,-0.09912109375,0.0003448164850753879,-0.14532790713787203
OFDM,Classical OFDM,-0.098876953125,0.000345044783783457,-0.14245344883052102
OFDM,Classical OFDM,-0.0986328125,0.0003452842042315475,-0.1394410015645151
OFDM,Classical OFDM,-0.098388671875,0.0003455332597222276,-0.13630953961920547
OFDM,Classical OFDM,-0.09814453125,0.0003457903806759786,-0.13307903483044067
OFDM,Classical OFDM,-0.097900390625,0.0003460539716126299,-0.12976973283418178
OFDM,Classical OFDM,-0.09765625,0.000346322478493054,-0.1264013033519464
OFDM,Classical OFDM,-0.097412109375,0.00034659424367551513,-0.12299465659651294
OFDM,Classical OFDM,-0.09716796875,0.00034686770276062514,-0.1195694714524436
OFDM,Classical OFDM,-0.096923828125,0.00034714121882716974,-0.11614627267596316
OFDM,Classical OFDM,-0.0966796875,0.000347413253376413,-0.11274429012764711
OFDM,Classical OFDM,-0.096435546875,0.00034768227308974915,-0.10938262893403979
OFDM,Classical OFDM,-0.09619140625,0.0003479467601889638,-0.10608014189674125
OFDM,Classical OFDM,-0.095947265625,0.0003482053419394946,-0.10285381729906251
OFDM,Classical OFDM,-0.095703125,0.0003484567129484744,-0.09971975692984635
OFDM,Classical OFDM,-0.095458984375,0.0003486995056614713,-0.0966947953229903
OFDM,Classical OFDM,-0.09521484375,0.00034893264261135685,-0.09379211674423281
OFDM,Classical OFDM,-0.094970703125,0.0003491550618713941,-0.0910246862351008
OFDM,Classical OFDM,-0.0947265625,0.0003493657636764111,-0.08840467461413151
OFDM,Classical OFDM,-0.094482421875,0.0003495639502863225,-0.0859417272917033
OFDM,Classical OFDM,-0.09423828125,0.0003497489120232601,-0.08364439035089347
OFDM,Classical OFDM,-0.093994140625,0.0003499200220914426,-0.08152018113513701
OFDM,Classical OFDM,-0.09375,0.00035007685054004465,-0.07957418012753655
OFDM,Classical OFDM,-0.093505859375,0.00035021905548045836,-0.07781038795799841
OFDM,Classical OFDM,-0.09326171875,0.0003503464556081188,-0.07623083052415744
OFDM,Classical OFDM,-0.093017578125,0.0003504589576806783,-0.07483646259238916
OFDM,Classical OFDM,-0.0927734375,0.0003505566186795716,-0.07362640008818265
OFDM,Classical OFDM,-0.092529296875,0.0003506396665305374,-0.07259766607068296
OFDM,Classical OFDM,-0.09228515625,0.00035070840686127067,-0.07174634708800184
OFDM,Classical OFDM,-0.092041015625,0.00035076323854181415,-0.07106740029099086
OFDM,Classical OFDM,-0.091796875,0.0003508047210262536,-0.07055381885207294
OFDM,Classical OFDM,-0.091552734375,0.0003508335018308922,-0.0701975285520551
OFDM,Classical OFDM,-0.09130859375,0.00035085035797529355,-0.06998887246288402
OFDM,Classical OFDM,-0.091064453125,0.0003508561027399343,-0.06991776239840387
OFDM,Classical OFDM,-0.0908203125,0.0003508516167469867,-0.0699732909875566
OFDM,Classical OFDM,-0.090576171875,0.00035083793084240517,-0.07014270245622665
OFDM,Classical OFDM,-0.09033203125,0.0003508160706920137,-0.07041331283316164
OFDM,Classical OFDM,-0.090087890625,0.00035078712930333196,-0.07077160895867274
OFDM,Classical OFDM,-0.08984375,0.0003507522463050533,-0.071203501856032
OFDM,Classical OFDM,-0.089599609375,0.0003507125406053494,-0.07169515779148868
OFDM,Classical OFDM,-0.08935546875,0.00035066919845408754,-0.07223190564511953
OFDM,Classical OFDM,-0.089111328125,0.00035062339056074357,-0.07279926128659725
OFDM,Classical OFDM,-0.0888671875,0.00035057627209440225,-0.07338292642645447
OFDM,Classical OFDM,-0.088623046875,0.00035052895160297433,-0.07396917304521246
OFDM,Classical OFDM,-0.08837890625,0.00035048252209397943,-0.07454445833910654
OFDM,Classical OFDM,-0.088134765625,0.00035043804031402415,-0.07509568176275327
OFDM,Classical OFDM,-0.087890625,0.00035039651638854125,-0.07561031425491035
OFDM,Classical OFDM,-0.087646484375,0.00035035883611983336,-0.07607736264016096
OFDM,Classical OFDM,-0.08740234375,0.0003503258749499422,-0.07648595880289205
OFDM,Classical OFDM,-0.087158203125,0.0003502983839977793,-0.07682677397394161
OFDM,Classical OFDM,-0.0869140625,0.00035027704704056076,-0.07709131430387442
OFDM,Classical OFDM,-0.086669921875,0.0003502624597932853,-0.07727217950667895
OFDM,Classical OFDM,-0.08642578125,0.00035025502630612617,-0.07736434915322452
OFDM,Classical OFDM,-0.086181640625,0.00035025515062925636,-0.07736280762388772
OFDM,Classical OFDM,-0.0859375,0.000350263065868545,-0.0772646647158177
OFDM,Classical OFDM,-0.085693359375,0.00035027888598686144,-0.07706851400504723
OFDM,Classical OFDM,-0.08544921875,0.0003503026472451187,-0.07677391921889727
OFDM,Classical OFDM,-0.085205078125,0.0003503341994195344,-0.07638276264997632
OFDM,Classical OFDM,-0.0849609375,0.000350373376745935,-0.07589712506682562
OFDM,Classical OFDM,-0.084716796875,0.0003504197699940169,-0.07532210997820185
OFDM,Classical OFDM,-0.08447265625,0.00035047293367256364,-0.07466327326456404
OFDM,Classical OFDM,-0.084228515625,0.00035053231350761985,-0.0739275202907697
OFDM,Classical OFDM,-0.083984375,0.00035059726716301276,-0.07312284694721173
OFDM,Classical OFDM,-0.083740234375,0.0003506669658178746,-0.07225955633923137
OFDM,Classical OFDM,-0.08349609375,0.00035074057029107645,-0.0713480743540322
OFDM,Classical OFDM,-0.083251953125,0.0003508171429790116,-0.07040003842376559
OFDM,Classical OFDM,-0.0830078125,0.0003508956737562472,-0.06942797456681496
OFDM,Classical OFDM,-0.082763671875,0.00035097507997552453,-0.06844529555291577
OFDM,Classical OFDM,-0.08251953125,0.00035105418574723726,-0.06746655572070764
OFDM,Classical OFDM,-0.082275390625,0.0003511318203619094,-0.06650623225653035
OFDM,Classical OFDM,-0.08203125,0.00035120679238954337,-0.06557904592700062
OFDM,Classical OFDM,-0.081787109375,0.00035127781197766343,-0.06470092233138268
OFDM,Classical OFDM,-0.08154296875,0.0003513436825161415,-0.0638866229770644
OFDM,Classical OFDM,-0.081298828125,0.00035140309861211063,-0.06315224515079518
OFDM,Classical OFDM,-0.0810546875,0.00035145488437596446,-0.06251227883987855
OFDM,Classical OFDM,-0.080810546875,0.0003514977862161403,-0.06198217110277308
OFDM,Classical OFDM,-0.08056640625,0.0003515306334231621,-0.061576345097241324
OFDM,Classical OFDM,-0.080322265625,0.0003515522967285974,-0.06130871652570756
OFDM,Classical OFDM,-0.080078125,0.0003515617349262309,-0.061192122147923925
OFDM,Classical OFDM,-0.079833984375,0.0003515579327104993,-0.061239092283656434
OFDM,Classical OFDM,-0.07958984375,0.00035153993693740456,-0.061461407420473686
OFDM,Classical OFDM,-0.079345703125,0.00035150699130790465,-0.06186843871611745
OFDM,Classical OFDM,-0.0791015625,0.0003514582877216534,-0.06247022373801403
OFDM,Classical OFDM,-0.078857421875,0.00035139325636430405,-0.0632738859043916
OFDM,Classical OFDM,-0.07861328125,0.00035131132742151,-0.06428658138826518
OFDM,Classical OFDM,-0.078369140625,0.00035121213828414146,-0.0655129402905082
OFDM,Classical OFDM,-0.078125,0.0003510954299456772,-0.06695634742853553
OFDM,Classical OFDM,-0.077880859375,0.0003509610055611611,-0.06861945501332277
OFDM,Classical OFDM,-0.07763671875,0.00035080887549085405,-0.07050238709361768
OFDM,Classical OFDM,-0.077392578125,0.00035063916405788623,-0.07260388958949418
OFDM,Classical OFDM,-0.0771484375,0.00035045206810721373,-0.07492184015468595
OFDM,Classical OFDM,-0.076904296875,0.000350247970968488,-0.07745183183970109
OFDM,Classical OFDM,-0.07666015625,0.00035002744245605567,-0.08018716474963095
OFDM,Classical OFDM,-0.076416015625,0.00034979102130348096,-0.08312153733885878
OFDM,Classical OFDM,-0.076171875,0.0003495395466918926,-0.08624492550054193
OFDM,Classical OFDM,-0.075927734375,0.00034927379564085435,-0.08954807424135854
OFDM,Classical OFDM,-0.07568359375,0.0003489947886360597,-0.0930186931914783
OFDM,Classical OFDM,-0.075439453125,0.00034870362386515876,-0.09664350466881584
OFDM,Classical OFDM,-0.0751953125,0.00034840147203762744,-0.10040829940013063
OFDM,Classical OFDM,-0.074951171875,0.00034808962818607184,-0.10429728155517767
OFDM,Classical OFDM,-0.07470703125,0.00034776941842388066,-0.1082942215465289
OFDM,Classical OFDM,-0.074462890625,0.0003474422724670511,-0.112381543327123
OFDM,Classical OFDM,-0.07421875,0.00034710965111236277,-0.11654122167638988
OFDM,Classical OFDM,-0.073974609375,0.0003467731083989431,-0.12075399833988691
OFDM,Classical OFDM,-0.07373046875,0.00034643419836591946,-0.12500054241103437
OFDM,Classical OFDM,-0.073486328125,0.00034609451649346255,-0.12926092819651314
OFDM,Classical OFDM,-0.0732421875,0.00034575564790148225,-0.13351528207051722
OFDM,Classical OFDM,-0.072998046875,0.00034541917770988855,-0.13774365248166578
OFDM,Classical OFDM,-0.07275390625,0.00034508675320015636,-0.14192522819063083
OFDM,Classical OFDM,-0.072509765625,0.0003447599076908914,-0.14604055467628105
OFDM,Classical OFDM,-0.072265625,0.0003444401848609601,-0.15006997580489154
OFDM,Classical OFDM,-0.072021484375,0.0003441290092462293,-0.15399527082932546
OFDM,Classical OFDM,-0.07177734375,0.0003438279038050437,-0.15779691705010818
OFDM,Classical OFDM,-0.071533203125,0.0003435381791104008,-0.16145801836812332
OFDM,Classical OFDM,-0.0712890625,0.00034326113019490665,-0.16496183149409957
OFDM,Classical OFDM,-0.071044921875,0.00034299795884881973,-0.16829275623748238
OFDM,Classical OFDM,-0.07080078125,0.0003427497528995293,-0.17143660861971968
OFDM,Classical OFDM,-0.070556640625,0.00034251752765259845,-0.17438010672691578
OFDM,Classical OFDM,-0.0703125,0.0003423021740904602,-0.17711153710310804
OFDM,Classical OFDM,-0.070068359375,0.00034210445369228706,-0.17962083133812642
OFDM,Classical OFDM,-0.06982421875,0.00034192503469490366,-0.1818991156408371
OFDM,Classical OFDM,-0.069580078125,0.00034176442475109166,-0.18393957458475513
OFDM,Classical OFDM,-0.0693359375,0.00034162304345141547,-0.18573653815305646
OFDM,Classical OFDM,-0.069091796875,0.0003415011498023963,-0.18728640976447614
OFDM,Classical OFDM,-0.06884765625,0.0003413989043880773,-0.18858688175296068
OFDM,Classical OFDM,-0.068603515625,0.0003413163227488497,-0.18963753212583698
OFDM,Classical OFDM,-0.068359375,0.0003412532598410617,-0.19044002534093463
OFDM,Classical OFDM,-0.068115234375,0.0003412094877389746,-0.19099712483072245
OFDM,Classical OFDM,-0.06787109375,0.0003411846438334587,-0.19131335179048245
OFDM,Classical OFDM,-0.067626953125,0.0003411782567326452,-0.19139465406047493
OFDM,Classical OFDM,-0.0673828125,0.00034118967374010086,-0.19124932649987675
OFDM,Classical OFDM,-0.067138671875,0.00034121823179913117,-0.19088583107852286
OFDM,Classical OFDM,-0.06689453125,0.0003412630969087379,-0.19031483612992411
OFDM,Classical OFDM,-0.066650390625,0.00034132337808648794,-0.18954776019488673
OFDM,Classical OFDM,-0.06640625,0.00034139807556720936,-0.1885974252187342
OFDM,Classical OFDM,-0.066162109375,0.0003414861015235131,-0.18747778623510536
OFDM,Classical OFDM,-0.06591796875,0.0003415863784882708,-0.18620267315286362
OFDM,Classical OFDM,-0.065673828125,0.0003416976735904414,-0.1847878926083457
OFDM,Classical OFDM,-0.0654296875,0.00034181870215767974,-0.18324990343007475
OFDM,Classical OFDM,-0.065185546875,0.0003419482520394663,-0.18160423163739767
OFDM,Classical OFDM,-0.06494140625,0.00034208495050123874,-0.17986842734596142
OFDM,Classical OFDM,-0.064697265625,0.000342227528411043,-0.17805870438244864
OFDM,Classical OFDM,-0.064453125,0.00034237458713366444,-0.17619289674667366
OFDM,Classical OFDM,-0.064208984375,0.00034252486271727953,-0.17428710290232607
OFDM,Classical OFDM,-0.06396484375,0.0003426769617068041,-0.1723590358545181
OFDM,Classical OFDM,-0.063720703125,0.00034282964605106655,-0.17042440915559726
OFDM,Classical OFDM,-0.0634765625,0.0003429816103572,-0.1684997612276588
OFDM,Classical OFDM,-0.063232421875,0.00034313164765481557,-0.16660035553299068
OFDM,Classical OFDM,-0.06298828125,0.0003432785975946981,-0.16474083932023964
OFDM,Classical OFDM,-0.062744140625,0.0003434213360885455,-0.16293537704814048
OFDM,Classical OFDM,-0.0625,0.0003435588012096208,-0.16119732550654114
OFDM,Classical OFDM,-0.062255859375,0.00034369000873314323,-0.15953904095754176
OFDM,Classical OFDM,-0.06201171875,0.000343814093577332,-0.15797135973140652
OFDM,Classical OFDM,-0.061767578125,0.00034393019584053655,-0.1565050422787997
OFDM,Classical OFDM,-0.0615234375,0.0003440376162051496,-0.15514881394492147
OFDM,Classical OFDM,-0.061279296875,0.00034413570197473775,-0.15391080870268162
OFDM,Classical OFDM,-0.06103515625,0.0003442239195958672,-0.15279765723149322
OFDM,Classical OFDM,-0.060791015625,0.00034430177177601715,-0.15181553636625728
OFDM,Classical OFDM,-0.060546875,0.00034436897360801437,-0.15096795034351912
OFDM,Classical OFDM,-0.060302734375,0.00034442520392377244,-0.15025887013639047
OFDM,Classical OFDM,-0.06005859375,0.0003444703176796395,-0.14969005658935486
OFDM,Classical OFDM,-0.059814453125,0.0003445042578941809,-0.14926217293662075
OFDM,Classical OFDM,-0.0595703125,0.0003445270193872662,-0.14897524283122948
OFDM,Classical OFDM,-0.059326171875,0.0003445387472025473,-0.1488274100492571
OFDM,Classical OFDM,-0.05908203125,0.00034453962264458903,-0.1488163750301767
OFDM,Classical OFDM,-0.058837890625,0.00034452989953978223,-0.1489389371412235
OFDM,Classical OFDM,-0.05859375,0.000344509945677387,-0.14919047128379853
OFDM,Classical OFDM,-0.058349609375,0.00034448017028770693,-0.14956584060022188
OFDM,Classical OFDM,-0.05810546875,0.0003444410654831323,-0.15005887231354734
OFDM,Classical OFDM,-0.057861328125,0.00034439316999722725,-0.15066281283214386
OFDM,Classical OFDM,-0.0576171875,0.00034433705882446896,-0.1513704563110037
OFDM,Classical OFDM,-0.057373046875,0.00034427338984142127,-0.15217355443820635
OFDM,Classical OFDM,-0.05712890625,0.0003442028002041265,-0.15306412089518376
OFDM,Classical OFDM,-0.056884765625,0.0003441260358513656,-0.15403279555191313
OFDM,Classical OFDM,-0.056640625,0.00034404375983983313,-0.15507126071546795
OFDM,Classical OFDM,-0.056396484375,0.00034395673882883174,-0.15616988622990322
OFDM,Classical OFDM,-0.05615234375,0.0003438656876763601,-0.15731968919638317
OFDM,Classical OFDM,-0.055908203125,0.00034377138340198186,-0.1585108939164807
OFDM,Classical OFDM,-0.0556640625,0.00034367452014317395,-0.15973476269978104
OFDM,Classical OFDM,-0.055419921875,0.00034357582829832613,-0.1609820905190562
OFDM,Classical OFDM,-0.05517578125,0.0003434760020049154,-0.16224412074065084
OFDM,Classical OFDM,-0.054931640625,0.00034337570431963596,-0.1635124798689182
OFDM,Classical OFDM,-0.0546875,0.00034327559311905185,-0.16477885022198183
OFDM,Classical OFDM,-0.054443359375,0.0003431762330373793,-0.16603608441814693
OFDM,Classical OFDM,-0.05419921875,0.00034307820942935626,-0.16727676454247964
OFDM,Classical OFDM,-0.053955078125,0.00034298205066828606,-0.1684941858689088
OFDM,Classical OFDM,-0.0537109375,0.00034288817116460263,-0.169683079900762
OFDM,Classical OFDM,-0.053466796875,0.0003427970526704355,-0.17083731972024407
OFDM,Classical OFDM,-0.05322265625,0.00034270900081347967,-0.171953004566883
OFDM,Classical OFDM,-0.052978515625,0.00034262435748234313,-0.17302577102088543
OFDM,Classical OFDM,-0.052734375,0.0003425433661431559,-0.17405250040821446
OFDM,Classical OFDM,-0.052490234375,0.0003424662029203524,-0.17503092650690394
OFDM,Classical OFDM,-0.05224609375,0.00034239305429862785,-0.17595865121996673
OFDM,Classical OFDM,-0.052001953125,0.0003423239824395474,-0.1768348533807333
OFDM,Classical OFDM,-0.0517578125,0.00034225903914441533,-0.17765884444997787
OFDM,Classical OFDM,-0.051513671875,0.0003421982192331011,-0.17843066041422811
OFDM,Classical OFDM,-0.05126953125,0.0003421414657241702,-0.17915099671374846
OFDM,Classical OFDM,-0.051025390625,0.0003420886542944923,-0.17982140603555535
OFDM,Classical OFDM,-0.05078125,0.00034203970206198064,-0.1804429176070435
OFDM,Classical OFDM,-0.050537109375,0.0003419944173618096,-0.18101794434530696
OFDM,Classical OFDM,-0.05029296875,0.00034195259298876207,-0.18154909936671537
OFDM,Classical OFDM,-0.050048828125,0.0003419139906568386,-0.18203939323869875
OFDM,Classical OFDM,-0.0498046875,0.00034187839280056133,-0.18249157588760712
OFDM,Classical OFDM,-0.049560546875,0.00034184552487301784,-0.1829091233568631
OFDM,Classical OFDM,-0.04931640625,0.0003418151226875564,-0.18329538228340922
OFDM,Classical OFDM,-0.049072265625,0.0003417868961568732,-0.18365403033265423
OFDM,Classical OFDM,-0.048828125,0.0003417605914545775,-0.18398828617494242
OFDM,Classical OFDM,-0.048583984375,0.0003417359133132352,-0.184301896574952
OFDM,Classical OFDM,-0.04833984375,0.00034171262344684654,-0.18459788551681758
OFDM,Classical OFDM,-0.048095703125,0.00034169047320915135,-0.18487940973156863
OFDM,Classical OFDM,-0.0478515625,0.0003416692191340196,-0.18514956109267727
OFDM,Classical OFDM,-0.047607421875,0.00034164869027714724,-0.1854105104733194
OFDM,Classical OFDM,-0.04736328125,0.00034162868461344776,-0.18566482445101753
OFDM,Classical OFDM,-0.047119140625,0.000341609077819791,-0.18591408240376725
OFDM,Classical OFDM,-0.046875,0.0003415897662935684,-0.18615960065515486
OFDM,Classical OFDM,-0.046630859375,0.0003415706775129541,-0.18640230065818914
OFDM,Classical OFDM,-0.04638671875,0.0003415517855772959,-0.1866425112750027
OFDM,Classical OFDM,-0.046142578125,0.00034153310084685467,-0.18688010035038038
OFDM,Classical OFDM,-0.0458984375,0.0003415146492222826,-0.18711473808207438
OFDM,Classical OFDM,-0.045654296875,0.00034149657574723146,-0.18734457941405877
OFDM,Classical OFDM,-0.04541015625,0.00034147896848391854,-0.18756850360474198
OFDM,Classical OFDM,-0.045166015625,0.00034146205535808254,-0.187783610823883
OFDM,Classical OFDM,-0.044921875,0.0003414460383948099,-0.18798733014808067
OFDM,Classical OFDM,-0.044677734375,0.00034143115069996987,-0.18817669490712008
OFDM,Classical OFDM,-0.04443359375,0.0003414177341621704,-0.18834735428615604
OFDM,Classical OFDM,-0.044189453125,0.00034140609958923697,-0.1884953523663352
OFDM,Classical OFDM,-0.0439453125,0.00034139661995056007,-0.1886159422424521
OFDM,Classical OFDM,-0.043701171875,0.00034138968375592167,-0.18870417925132613
OFDM,Classical OFDM,-0.04345703125,0.0003413857002356252,-0.1887548553865204
OFDM,Classical OFDM,-0.043212890625,0.0003413851252411481,-0.18876217019609373
OFDM,Classical OFDM,-0.04296875,0.00034138837318292426,-0.18872085156863716
OFDM,Classical OFDM,-0.042724609375,0.0003413959413534745,-0.18862457476091846
OFDM,Classical OFDM,-0.04248046875,0.00034140827524401526,-0.1884676764737478
OFDM,Classical OFDM,-0.042236328125,0.0003414258721470673,-0.1882438377004534
OFDM,Classical OFDM,-0.0419921875,0.00034144914129293424,-0.18794786372414346
OFDM,Classical OFDM,-0.041748046875,0.000341478595514528,-0.18757324704875006
OFDM,Classical OFDM,-0.04150390625,0.00034151464404215214,-0.18711480395632313
OFDM,Classical OFDM,-0.041259765625,0.000341557680565719,-0.18656755517879878
OFDM,Classical OFDM,-0.041015625,0.0003416081298559233,-0.18592613407553946
OFDM,Classical OFDM,-0.040771484375,0.00034166633898150353,-0.18518617075918484
OFDM,Classical OFDM,-0.04052734375,0.000341732629110546,-0.18434363400738168
OFDM,Classical OFDM,-0.040283203125,0.00034180727478996326,-0.18339509518433095
OFDM,Classical OFDM,-0.0400390625,0.0003418905453865373,-0.18233720207107335
OFDM,Classical OFDM,-0.039794921875,0.00034198259630418084,-0.18116806108889227
OFDM,Classical OFDM,-0.03955078125,0.0003420835881269371,-0.17988572342457626
OFDM,Classical OFDM,-0.039306640625,0.00034219359855676244,-0.17848930326133425
OFDM,Classical OFDM,-0.0390625,0.00034231266385456984,-0.17697845068963508
OFDM,Classical OFDM,-0.038818359375,0.00034244076847996804,-0.17535348234515796
OFDM,Classical OFDM,-0.03857421875,0.00034257778292969633,-0.17361616822047965
OFDM,Classical OFDM,-0.038330078125,0.0003427236346819289,-0.17176756232243073
OFDM,Classical OFDM,-0.0380859375,0.00034287805436988356,-0.1698112188483436
OFDM,Classical OFDM,-0.037841796875,0.00034304079334730004,-0.16775043158629616
OFDM,Classical OFDM,-0.03759765625,0.00034321152526596154,-0.16558947912965138
OFDM,Classical OFDM,-0.037353515625,0.0003433898460756949,-0.16333362154912745
OFDM,Classical OFDM,-0.037109375,0.00034357536726671833,-0.16098791815886987
OFDM,Classical OFDM,-0.036865234375,0.000343767529384946,-0.15855958289395403
OFDM,Classical OFDM,-0.03662109375,0.00034396586621863974,-0.15605464143349912
OFDM,Classical OFDM,-0.036376953125,0.0003441696991707138,-0.15348178999674017
OFDM,Classical OFDM,-0.0361328125,0.0003443784480665608,-0.15084846662752954
OFDM,Classical OFDM,-0.035888671875,0.00034459143430909503,-0.1481633346597416
OFDM,Classical OFDM,-0.03564453125,0.0003448079430403179,-0.14543549493621796
OFDM,Classical OFDM,-0.035400390625,0.0003450272335015787,-0.14267435303722148
OFDM,Classical OFDM,-0.03515625,0.00034524857011435724,-0.13988922650189337
OFDM,Classical OFDM,-0.034912109375,0.00034547116549882897,-0.1370900607756088
OFDM,Classical OFDM,-0.03466796875,0.0003456942322751693,-0.13428677595446104
OFDM,Classical OFDM,-0.034423828125,0.0003459169675231624,-0.13148946172643014
OFDM,Classical OFDM,-0.0341796875,0.00034613859940337515,-0.12870779185826203
OFDM,Classical OFDM,-0.033935546875,0.00034635833535585247,-0.12595167525905593
OFDM,Classical OFDM,-0.03369140625,0.0003465753880007699,-0.12323093109909421
OFDM,Classical OFDM,-0.033447265625,0.0003467889803185638,-0.1205552248711003
OFDM,Classical OFDM,-0.033203125,0.00034699843889227897,-0.11793290273043416
OFDM,Classical OFDM,-0.032958984375,0.0003472030022427429,-0.11537339387282325
OFDM,Classical OFDM,-0.03271484375,0.0003474019969530005,-0.11288500674467912
OFDM,Classical OFDM,-0.032470703125,0.0003475948324881834,-0.11047499831165576
OFDM,Classical OFDM,-0.0322265625,0.00034778088205251014,-0.10815106610102343
OFDM,Classical OFDM,-0.031982421875,0.0003479596276329383,-0.10591953811402745
OFDM,Classical OFDM,-0.03173828125,0.00034813056675681676,-0.10378654097278259
OFDM,Classical OFDM,-0.031494140625,0.00034829326947332024,-0.1017572912665631
OFDM,Classical OFDM,-0.03125,0.00034844735245279735,-0.09983642181451277
OFDM,Classical OFDM,-0.031005859375,0.00034859249452716173,-0.09802779055268268
OFDM,Classical OFDM,-0.03076171875,0.0003487284729508052,-0.09633403165114363
OFDM,Classical OFDM,-0.030517578125,0.00034885504425759766,-0.09475804198526257
OFDM,Classical OFDM,-0.0302734375,0.00034897213592571336,-0.09330059615165678
OFDM,Classical OFDM,-0.030029296875,0.0003490796391724132,-0.09196292840656795
OFDM,Classical OFDM,-0.02978515625,0.00034917760061887115,-0.09074434839076205
OFDM,Classical OFDM,-0.029541015625,0.0003492660254452176,-0.08964469158475494
OFDM,Classical OFDM,-0.029296875,0.0003493450897758869,-0.08866167823373523
OFDM,Classical OFDM,-0.029052734375,0.0003494149593750527,-0.0877931688932685
OFDM,Classical OFDM,-0.02880859375,0.00034947585180819285,-0.08703639122939943
OFDM,Classical OFDM,-0.028564453125,0.0003495280986036545,-0.08638716757351035
OFDM,Classical OFDM,-0.0283203125,0.00034957203128978476,-0.08584133093664414
OFDM,Classical OFDM,-0.028076171875,0.0003496080331962351,-0.08539408050381919
OFDM,Classical OFDM,-0.02783203125,0.00034963651873343946,-0.08504023830098428
OFDM,Classical OFDM,-0.027587890625,0.00034965801109457077,-0.08477328314983705
OFDM,Classical OFDM,-0.02734375,0.00034967296613110636,-0.08458753734258513
OFDM,Classical OFDM,-0.027099609375,0.00034968190703621904,-0.08447649255251197
OFDM,Classical OFDM,-0.02685546875,0.00034968541398451645,-0.08443293752075326
OFDM,Classical OFDM,-0.026611328125,0.0003496840516102148,-0.08444985766584401
OFDM,Classical OFDM,-0.0263671875,0.0003496783741872695,-0.08452036970268438
OFDM,Classical OFDM,-0.026123046875,0.0003496689877909403,-0.08463694868339118
OFDM,Classical OFDM,-0.02587890625,0.0003496564777759651,-0.08479232785204285
OFDM,Classical OFDM,-0.025634765625,0.0003496414035964298,-0.0849795623101131
OFDM,Classical OFDM,-0.025390625,0.0003496243091660289,-0.08519189981387919
OFDM,Classical OFDM,-0.025146484375,0.00034960577465937003,-0.08542213687475075
OFDM,Classical OFDM,-0.02490234375,0.00034958636471066936,-0.08566326182860047
OFDM,Classical OFDM,-0.024658203125,0.00034956651963101307,-0.08590980614767563
OFDM,Classical OFDM,-0.0244140625,0.0003495467056321393,-0.08615597830024425
OFDM,Classical OFDM,-0.024169921875,0.000349527373385395,-0.08639617854047596
OFDM,Classical OFDM,-0.02392578125,0.0003495089632018663,-0.08662493463513682
OFDM,Classical OFDM,-0.023681640625,0.00034949174444833523,-0.0868388974985066
OFDM,Classical OFDM,-0.0234375,0.0003494760797339315,-0.08703355879168471
OFDM,Classical OFDM,-0.023193359375,0.00034946220216452425,-0.08720601899232551
OFDM,Classical OFDM,-0.02294921875,0.0003494503862870259,-0.08735286340410639
OFDM,Classical OFDM,-0.022705078125,0.00034944069426300165,-0.0874733168673033
OFDM,Classical OFDM,-0.0224609375,0.0003494333022168859,-0.0875651882161964
OFDM,Classical OFDM,-0.022216796875,0.0003494282308692003,-0.08762821810728198
OFDM,Classical OFDM,-0.02197265625,0.00034942550612059703,-0.08766208337036474
OFDM,Classical OFDM,-0.021728515625,0.00034942508653003265,-0.08766729838681285
OFDM,Classical OFDM,-0.021484375,0.00034942684777437697,-0.08764540823633961
OFDM,Classical OFDM,-0.021240234375,0.0003494306396298477,-0.08759828040450517
OFDM,Classical OFDM,-0.02099609375,0.0003494363015124017,-0.08752791152008177
OFDM,Classical OFDM,-0.020751953125,0.0003494435485148656,-0.08743784358693424
OFDM,Classical OFDM,-0.0205078125,0.0003494521060903269,-0.0873314898622539
OFDM,Classical OFDM,-0.020263671875,0.0003494616893316122,-0.08721239223286154
OFDM,Classical OFDM,-0.02001953125,0.0003494718941885485,-0.08708557294242046
OFDM,Classical OFDM,-0.019775390625,0.00034948235805200604,-0.08695553873360783
OFDM,Classical OFDM,-0.01953125,0.00034949267169168125,-0.08682737516240706
OFDM,Classical OFDM,-0.019287109375,0.00034950233781505334,-0.08670726145672733
OFDM,Classical OFDM,-0.01904296875,0.0003495109834527319,-0.08659983138001015
OFDM,Classical OFDM,-0.018798828125,0.0003495181009519352,-0.08651139183727839
OFDM,Classical OFDM,-0.0185546875,0.0003495231982002729,-0.08644805632824076
OFDM,Classical OFDM,-0.018310546875,0.0003495258089860068,-0.0864156165471662
OFDM,Classical OFDM,-0.01806640625,0.00034952545155700755,-0.0864200576933543
OFDM,Classical OFDM,-0.017822265625,0.00034952165452140636,-0.08646723710644023
OFDM,Classical OFDM,-0.017578125,0.000349513925766813,-0.0865632710013278
OFDM,Classical OFDM,-0.017333984375,0.0003495018405225326,-0.08671344085892127
OFDM,Classical OFDM,-0.01708984375,0.00034948496365760955,-0.08692315953359422
OFDM,Classical OFDM,-0.016845703125,0.00034946288076160984,-0.08719758572882111
OFDM,Classical OFDM,-0.0166015625,0.00034943517742409955,-0.08754188219599288
OFDM,Classical OFDM,-0.016357421875,0.0003494015790981662,-0.08795947807740934
OFDM,Classical OFDM,-0.01611328125,0.0003493617024541583,-0.08845515971739965
OFDM,Classical OFDM,-0.015869140625,0.0003493153299265981,-0.08903165878427889
OFDM,Classical OFDM,-0.015625,0.00034926215588779045,-0.08969280782352518
OFDM,Classical OFDM,-0.015380859375,0.0003492020508344749,-0.09044025609081406
OFDM,Classical OFDM,-0.01513671875,0.0003491348127415647,-0.09127656115611651
OFDM,Classical OFDM,-0.014892578125,0.0003490603380064515,-0.09220306334075373
OFDM,Classical OFDM,-0.0146484375,0.0003489786162688744,-0.09321994927888183
OFDM,Classical OFDM,-0.014404296875,0.00034888958536726834,-0.09432805620811308
OFDM,Classical OFDM,-0.01416015625,0.00034879330746319837,-0.09552667991415181
OFDM,Classical OFDM,-0.013916015625,0.00034868986025862086,-0.0968149275027639
OFDM,Classical OFDM,-0.013671875,0.000348579368076666,-0.09819132971207047
OFDM,Classical OFDM,-0.013427734375,0.00034846199668150745,-0.09965390431121435
OFDM,Classical OFDM,-0.01318359375,0.00034833798435914465,-0.10119976738022265
OFDM,Classical OFDM,-0.012939453125,0.00034820759011609884,-0.10282577730587404
OFDM,Classical OFDM,-0.0126953125,0.00034807111439993466,-0.10452827519410493
OFDM,Classical OFDM,-0.012451171875,0.0003479289042793905,-0.1063030185798821
OFDM,Classical OFDM,-0.01220703125,0.00034778130682320494,-0.10814576174228215
OFDM,Classical OFDM,-0.011962890625,0.00034762875198220307,-0.11005121956126676
OFDM,Classical OFDM,-0.01171875,0.00034747170078799276,-0.11201371197256192
OFDM,Classical OFDM,-0.011474609375,0.0003473106090920513,-0.11402761574894268
OFDM,Classical OFDM,-0.01123046875,0.00034714591202533436,-0.1160875583494306
OFDM,Classical OFDM,-0.010986328125,0.0003469781845823191,-0.1181864079568431
OFDM,Classical OFDM,-0.0107421875,0.0003468078929747437,-0.12031838233228917
OFDM,Classical OFDM,-0.010498046875,0.0003466356536381287,-0.12247580654835544
OFDM,Classical OFDM,-0.01025390625,0.00034646189652329934,-0.12465332853570446
OFDM,Classical OFDM,-0.010009765625,0.00034628726396642817,-0.12684292216473755
OFDM,Classical OFDM,-0.009765625,0.0003461123050613403,-0.1290377152309252
OFDM,Classical OFDM,-0.009521484375,0.00034593754300120855,-0.1312311468222217
OFDM,Classical OFDM,-0.00927734375,0.0003457635165195971,-0.13341644757384832
OFDM,Classical OFDM,-0.009033203125,0.0003455907902507222,-0.13558650903953295
OFDM,Classical OFDM,-0.0087890625,0.00034541991328840884,-0.13773440408514204
OFDM,Classical OFDM,-0.008544921875,0.00034525138292517776,-0.1398538437849906
OFDM,Classical OFDM,-0.00830078125,0.0003450856757330281,-0.14193878822312755
OFDM,Classical OFDM,-0.008056640625,0.00034492332008526305,-0.1439825344252419
OFDM,Classical OFDM,-0.0078125,0.00034476475629296874,-0.14597947720546206
OFDM,Classical OFDM,-0.007568359375,0.00034461046092814425,-0.1479235455436187
OFDM,Classical OFDM,-0.00732421875,0.0003444608535813539,-0.14980937781717404
OFDM,Classical OFDM,-0.007080078125,0.00034431632794251006,-0.15163193204946507
OFDM,Classical OFDM,-0.0068359375,0.000344177267341264,-0.15338629121870817
OFDM,Classical OFDM,-0.006591796875,0.00034404403956687604,-0.15506772965703997
OFDM,Classical OFDM,-0.00634765625,0.00034391698650795404,-0.15667184503377535
OFDM,Classical OFDM,-0.006103515625,0.00034379640343193223,-0.1581948214896631
OFDM,Classical OFDM,-0.005859375,0.0003436825856062449,-0.15963284228384095
OFDM,Classical OFDM,-0.005615234375,0.0003435758231181957,-0.1609821559981119
OFDM,Classical OFDM,-0.00537109375,0.00034347631799287124,-0.16224012535926605
OFDM,Classical OFDM,-0.005126953125,0.0003433843292367928,-0.16340339507232962
OFDM,Classical OFDM,-0.0048828125,0.00034330001743400346,-0.1644698574453906
OFDM,Classical OFDM,-0.004638671875,0.0003432236415910244,-0.16543616375857573
OFDM,Classical OFDM,-0.00439453125,0.0003431553001303339,-0.16630100146139787
OFDM,Classical OFDM,-0.004150390625,0.0003430951639962357,-0.16706214604734493
OFDM,Classical OFDM,-0.00390625,0.0003430433834125123,-0.16771764111924897
OFDM,Classical OFDM,-0.003662109375,0.00034300007234203296,-0.16826599585630594
OFDM,Classical OFDM,-0.00341796875,0.00034296535510792785,-0.1687055953640459
OFDM,Classical OFDM,-0.003173828125,0.0003429393301326751,-0.16903516019696083
OFDM,Classical OFDM,-0.0029296875,0.0003429220647579702,-0.169253812450019
OFDM,Classical OFDM,-0.002685546875,0.00034291365740629127,-0.16936028886481508
OFDM,Classical OFDM,-0.00244140625,0.0003429141754193337,-0.1693537283201676
OFDM,Classical OFDM,-0.002197265625,0.00034292374312022776,-0.16923255684245486
OFDM,Classical OFDM,-0.001953125,0.00034294233978845177,-0.1689970464244674
OFDM,Classical OFDM,-0.001708984375,0.0003429700483060925,-0.16864616615087893
OFDM,Classical OFDM,-0.00146484375,0.0003430069256545846,-0.16817922251921996
OFDM,Classical OFDM,-0.001220703125,0.0003430530598961453,-0.16759513812459587
OFDM,Classical OFDM,-0.0009765625,0.0003431084303102529,-0.16689422250333047
OFDM,Classical OFDM,-0.000732421875,0.00034317309387834206,-0.1660758111110785
OFDM,Classical OFDM,-0.00048828125,0.00034324706614080407,-0.16513977375679637
OFDM,Classical OFDM,-0.000244140625,0.0003433303937188128,-0.16408559678149504
OFDM,Classical OFDM,0.0,0.0003434230455315856,-0.16291375929310575
OFDM,Classical OFDM,0.000244140625,0.0003435250319393834,-0.16162422560304315
OFDM,Classical OFDM,0.00048828125,0.00034363633740181485,-0.16021729702064116
OFDM,Classical OFDM,0.000732421875,0.0003437569463784887,-0.15869328406296668
OFDM,Classical OFDM,0.0009765625,0.00034388679152770954,-0.1570531605696465
OFDM,Classical OFDM,0.001220703125,0.0003440257951475209,-0.15529803914754745
OFDM,Classical OFDM,0.00146484375,0.0003441739209770098,-0.15342851697656923
OFDM,Classical OFDM,0.001708984375,0.0003443310032520027,-0.15144683277890594
OFDM,Classical OFDM,0.001953125,0.0003444969487301519,-0.14935431586974565
OFDM,Classical OFDM,0.002197265625,0.00034467160200754473,-0.14715308494704415
OFDM,Classical OFDM,0.00244140625,0.00034485469889752955,-0.144846632800443
OFDM,Classical OFDM,0.002685546875,0.0003450460788160631,-0.14243714878815866
OFDM,Classical OFDM,0.0029296875,0.0003452454516758417,-0.13992845408668744
OFDM,Classical OFDM,0.003173828125,0.00034545254292995284,-0.13732417284341214
OFDM,Classical OFDM,0.00341796875,0.0003456669899692667,-0.13462903359788256
OFDM,Classical OFDM,0.003662109375,0.0003458884146442625,-0.13184795439142988
OFDM,Classical OFDM,0.00390625,0.00034611637146372354,-0.12898669116399053
OFDM,Classical OFDM,0.004150390625,0.0003463504408370855,-0.1260506647927752
OFDM,Classical OFDM,0.00439453125,0.00034659008403078426,-0.12304677868528857
OFDM,Classical OFDM,0.004638671875,0.00034683472087021223,-0.11998243968008454
OFDM,Classical OFDM,0.0048828125,0.00034708379708141404,-0.1168647125710505
OFDM,Classical OFDM,0.005126953125,0.00034733663924743446,-0.11370213391976061
OFDM,Classical OFDM,0.00537109375,0.0003475925376904053,-0.11050367023680423
OFDM,Classical OFDM,0.005615234375,0.00034785077237219764,-0.107278392176891
OFDM,Classical OFDM,0.005859375,0.00034811055591298687,-0.10403618434410844
OFDM,Classical OFDM,0.006103515625,0.000348371069852166,-0.10078728969031321
OFDM,Classical OFDM,0.00634765625,0.0003486314542880845,-0.09754243690895344
OFDM,Classical OFDM,0.006591796875,0.00034889077679726597,-0.094313225424629
OFDM,Classical OFDM,0.0068359375,0.00034914817747805994,-0.09111031820321712
OFDM,Classical OFDM,0.007080078125,0.0003494026565652945,-0.08794608554186398
OFDM,Classical OFDM,0.00732421875,0.0003496532609149715,-0.08483228339395224
OFDM,Classical OFDM,0.007568359375,0.00034989894414074526,-0.08178179272676728
OFDM,Classical OFDM,0.0078125,0.0003501387841794001,-0.07880591856487718
OFDM,Classical OFDM,0.008056640625,0.0003503716517625036,-0.07591850661803556
OFDM,Classical OFDM,0.00830078125,0.00035059660410631847,-0.07313106042069809
OFDM,Classical OFDM,0.008544921875,0.0003508126051847597,-0.07045621446273172
OFDM,Classical OFDM,0.0087890625,0.00035101862933200337,-0.06790645182874291
OFDM,Classical OFDM,0.009033203125,0.00035121372340405136,-0.06549333939402698
OFDM,Classical OFDM,0.00927734375,0.00035139688763573165,-0.06322900647183911
OFDM,Classical OFDM,0.009521484375,0.0003515672103240896,-0.0611244834852758
OFDM,Classical OFDM,0.009765625,0.00035172379530656173,-0.05919060421152373
OFDM,Classical OFDM,0.010009765625,0.0003518657671411063,-0.05743794645603592
OFDM,Classical OFDM,0.01025390625,0.0003519923177273771,-0.05587626170529493
OFDM,Classical OFDM,0.010498046875,0.0003521027581080277,-0.05451384205671839
OFDM,Classical OFDM,0.0107421875,0.00035219636824492906,-0.053359378999057516
OFDM,Classical OFDM,0.010986328125,0.0003522725783237345,-0.05241973170925354
OFDM,Classical OFDM,0.01123046875,0.00035233081853009725,-0.0517017845514963
OFDM,Classical OFDM,0.011474609375,0.0003523706485529313,-0.05121085442129725
OFDM,Classical OFDM,0.01171875,0.0003523917783049329,-0.05095043944026756
OFDM,Classical OFDM,0.011962890625,0.00035239386071736354,-0.0509247754602542
OFDM,Classical OFDM,0.01220703125,0.00035237680772800606,-0.05113494366137097
OFDM,Classical OFDM,0.012451171875,0.0003523404846534694,-0.05158263839006693
OFDM,Classical OFDM,0.0126953125,0.00035228498473610116,-0.05226678362625464
OFDM,Classical OFDM,0.012939453125,0.00035221040121824904,-0.053186341397984956
OFDM,Classical OFDM,0.01318359375,0.00035211700346669513,-0.05433813893106351
OFDM,Classical OFDM,0.013427734375,0.00035200518517135163,-0.05571750375822963
OFDM,Classical OFDM,0.013671875,0.0003518754229042176,-0.0573187706937709
OFDM,Classical OFDM,0.013916015625,0.0003517282139578138,-0.05913604481497704
OFDM,Classical OFDM,0.01416015625,0.000351564335351704,-0.061159998451155786
OFDM,Classical OFDM,0.014404296875,0.00035138452266440833,-0.06338182892093791
OFDM,Classical OFDM,0.0146484375,0.0003511896409777078,-0.06579114163719176
OFDM,Classical OFDM,0.014892578125,0.000350980710777296,-0.06837562090473165
OFDM,Classical OFDM,0.01513671875,0.0003507587784495186,-0.0711226228905913
OFDM,Classical OFDM,0.015380859375,0.00035052499398333,-0.074018206999984
OFDM,Classical OFDM,0.015625,0.00035028064723120576,-0.0770466772113487
OFDM,Classical OFDM,0.015869140625,0.00035002695034366533,-0.08019327060934167
OFDM,Classical OFDM,0.01611328125,0.00034976533821683625,-0.08344042580756525
OFDM,Classical OFDM,0.016357421875,0.0003494972353865852,-0.08677066511569959
OFDM,Classical OFDM,0.0166015625,0.00034922403530799647,-0.09016684890484072
OFDM,Classical OFDM,0.016845703125,0.0003489473386413712,-0.09360920836704748
OFDM,Classical OFDM,0.01708984375,0.00034866864762453246,-0.09707913966422549
OFDM,Classical OFDM,0.017333984375,0.0003483894385946513,-0.10055830301824911
OFDM,Classical OFDM,0.017578125,0.0003481113432928114,-0.10402636119107765
OFDM,Classical OFDM,0.017822265625,0.0003478358639568359,-0.10746452892836579
OFDM,Classical OFDM,0.01806640625,0.0003475645442655913,-0.11085344412959627
OFDM,Classical OFDM,0.018310546875,0.00034729887609663974,-0.11417433344493076
OFDM,Classical OFDM,0.0185546875,0.00034704032024676114,-0.11740875790627794
OFDM,Classical OFDM,0.018798828125,0.00034679029607169166,-0.12053874732217564
OFDM,Classical OFDM,0.01904296875,0.0003465501555854721,-0.1235471306342334
OFDM,Classical OFDM,0.019287109375,0.00034632117310018704,-0.12641767323904632
OFDM,Classical OFDM,0.01953125,0.00034610454004583397,-0.12913515011452487
OFDM,Classical OFDM,0.019775390625,0.0003459013753305846,-0.13168522419119827
OFDM,Classical OFDM,0.02001953125,0.00034571269944013263,-0.13405477978913455
OFDM,Classical OFDM,0.020263671875,0.00034553938781651974,-0.13623251739744013
OFDM,Classical OFDM,0.0205078125,0.0003453822744607443,-0.13820766069799278
OFDM,Classical OFDM,0.020751953125,0.00034524197062819645,-0.13997224343707224
OFDM,Classical OFDM,0.02099609375,0.00034511908239413574,-0.14151838171568554
OFDM,Classical OFDM,0.021240234375,0.00034501398272795286,-0.1428411470701582
OFDM,Classical OFDM,0.021484375,0.0003449269668970819,-0.14393661749864595
OFDM,Classical OFDM,0.021728515625,0.0003448581385041314,-0.14480331615948416
OFDM,Classical OFDM,0.02197265625,0.00034480754935040564,-0.14544045356485574
OFDM,Classical OFDM,0.022216796875,0.0003447749922306876,-0.1458505386989224
OFDM,Classical OFDM,0.0224609375,0.00034476023403910813,-0.14603644366570653
OFDM,Classical OFDM,0.022705078125,0.0003447628137440595,-0.14600394724288374
OFDM,Classical OFDM,0.02294921875,0.0003447821822517168,-0.14575997082222075
OFDM,Classical OFDM,0.023193359375,0.0003448176350643421,-0.1453134231138809
OFDM,Classical OFDM,0.0234375,0.0003448683848021111,-0.14467428209967995
OFDM,Classical OFDM,0.023681640625,0.00034493343687998213,-0.1438551552823401
OFDM,Classical OFDM,0.02392578125,0.00034501172419108773,-0.14286957702828482
OFDM,Classical OFDM,0.024169921875,0.00034510211228686504,-0.14173193713830234
OFDM,Classical OFDM,0.0244140625,0.0003452032646936645,-0.14045916905960654
OFDM,Classical OFDM,0.024658203125,0.00034531389155901035,-0.1390676138420144
OFDM,Classical OFDM,0.02490234375,0.0003454324492040361,-0.1375767935947187
OFDM,Classical OFDM,0.025146484375,0.0003455575027326143,-0.13600484431109305
OFDM,Classical OFDM,0.025390625,0.0003456874359440523,-0.134372158869197
OFDM,Classical OFDM,0.025634765625,0.0003458205911966144,-0.13269962319732637
OFDM,Classical OFDM,0.02587890625,0.00034595533674921673,-0.13100776754487387
OFDM,Classical OFDM,0.026123046875,0.00034608998905947153,-0.12931774078286076
OFDM,Classical OFDM,0.0263671875,0.00034622286458499066,-0.12765065897388497
OFDM,Classical OFDM,0.026611328125,0.00034635225906286455,-0.1260278658222266
OFDM,Classical OFDM,0.02685546875,0.00034647648895070514,-0.12447041441711318
OFDM,Classical OFDM,0.027099609375,0.00034659390696703757,-0.12299887567133952
OFDM,Classical OFDM,0.02734375,0.00034670294871247355,-0.12163275873766281
OFDM,Classical OFDM,0.027587890625,0.00034680204460749446,-0.1203916198534647
OFDM,Classical OFDM,0.02783203125,0.0003468896924142772,-0.11929415949729405
OFDM,Classical OFDM,0.028076171875,0.0003469645556591722,-0.1183569974240855
OFDM,Classical OFDM,0.0283203125,0.00034702530304866043,-0.11759669074867503
OFDM,Classical OFDM,0.028564453125,0.00034707072243222255,-0.11702831441581933
OFDM,Classical OFDM,0.02880859375,0.00034709973634273024,-0.11666527444256844
OFDM,Classical OFDM,0.029052734375,0.00034711137091566373,-0.11651970400233896
OFDM,Classical OFDM,0.029296875,0.0003471047921500246,-0.1166020161629281
OFDM,Classical OFDM,0.029541015625,0.000347079269647423,-0.11692136322545008
OFDM,Classical OFDM,0.02978515625,0.0003470342802146861,-0.11748434495697908
OFDM,Classical OFDM,0.030029296875,0.00034696938354072785,-0.11829656739752292
OFDM,Classical OFDM,0.0302734375,0.0003468843257991574,-0.11936134827265564
OFDM,Classical OFDM,0.030517578125,0.0003467789774867141,-0.12068049521057152
OFDM,Classical OFDM,0.03076171875,0.0003466534266656152,-0.12225313672749424
OFDM,Classical OFDM,0.031005859375,0.00034650785464042556,-0.12407727578124196
OFDM,Classical OFDM,0.03125,0.00034634263438053576,-0.12614855233125968
OFDM,Classical OFDM,0.031494140625,0.0003461582217374232,-0.12846160059633024
OFDM,Classical OFDM,0.03173828125,0.0003459553315690863,-0.13100783257355936
OFDM,Classical OFDM,0.031982421875,0.00034573477197587146,-0.13377750694130386
OFDM,Classical OFDM,0.0322265625,0.00034549747538125503,-0.136759329796324
OFDM,Classical OFDM,0.032470703125,0.000345244503711974,-0.13994037882139368
OFDM,Classical OFDM,0.03271484375,0.00034497706911854775,-0.14330583068726188
OFDM,Classical OFDM,0.032958984375,0.00034469653915540833,-0.1468388822715907
OFDM,Classical OFDM,0.033203125,0.0003444042761968574,-0.1505227611742477
OFDM,Classical OFDM,0.033447265625,0.0003441018394621527,-0.15433816994020508
OFDM,Classical OFDM,0.03369140625,0.00034379082443146506,-0.15826529775854392
OFDM,Classical OFDM,0.033935546875,0.00034347297680874743,-0.16228237179110563
OFDM,Classical OFDM,0.0341796875,0.0003431499801363879,-0.1663683313823816
OFDM,Classical OFDM,0.034423828125,0.00034282364746003493,-0.1705003996017587
OFDM,Classical OFDM,0.03466796875,0.0003424958332663806,-0.174655189017667
OFDM,Classical OFDM,0.034912109375,0.00034216838686198636,-0.17880928888762346
OFDM,Classical OFDM,0.03515625,0.0003418431523732834,-0.1829392646646623
OFDM,Classical OFDM,0.035400390625,0.00034152204126839834,-0.18702073654795925
OFDM,Classical OFDM,0.03564453125,0.0003412068510525885,-0.19103068494008413
OFDM,Classical OFDM,0.035888671875,0.00034089941031189376,-0.1949456123876184
OFDM,Classical OFDM,0.0361328125,0.00034060150619131055,-0.19874247078687002
OFDM,Classical OFDM,0.036376953125,0.0003403148481338789,-0.20239913196410944
OFDM,Classical OFDM,0.03662109375,0.00034004104716016094,-0.205894663031522
OFDM,Classical OFDM,0.036865234375,0.00033978171429071863,-0.20920808076404146
OFDM,Classical OFDM,0.037109375,0.00033953830514220123,-0.21232034748799722
OFDM,Classical OFDM,0.037353515625,0.00033931219762930174,-0.21521339237489057
OFDM,Classical OFDM,0.03759765625,0.00033910466606410454,-0.217870455346663
OFDM,Classical OFDM,0.037841796875,0.00033891683453491175,-0.22027669758737708
OFDM,Classical OFDM,0.0380859375,0.0003387497338876779,-0.22241848512327023
OFDM,Classical OFDM,0.038330078125,0.00033860427064522715,-0.2242837988016283
OFDM,Classical OFDM,0.03857421875,0.0003384811907463408,-0.2258627109052337
OFDM,Classical OFDM,0.038818359375,0.0003383811054464088,-0.22714706354361766
OFDM,Classical OFDM,0.0390625,0.000338304475777039,-0.22813067672004872
OFDM,Classical OFDM,0.039306640625,0.0003382516436268394,-0.22880895633905907
OFDM,Classical OFDM,0.03955078125,0.000338222779940114,-0.22917956428647318
OFDM,Classical OFDM,0.039794921875,0.0003382179157976454,-0.22924202268812377
OFDM,Classical OFDM,0.0400390625,0.0003382369372365642,-0.22899778152626585
OFDM,Classical OFDM,0.040283203125,0.0003382796163311318,-0.22844981872505493
OFDM,Classical OFDM,0.04052734375,0.00033834555421130536,-0.22760336905557332
OFDM,Classical OFDM,0.040771484375,0.0003384342328640426,-0.22646525439841916
OFDM,Classical OFDM,0.041015625,0.00033854498923264906,-0.22504420989422846
OFDM,Classical OFDM,0.041259765625,0.00033867709291873495,-0.2233498793593586
OFDM,Classical OFDM,0.04150390625,0.000338829637399476,-0.22139420203880922
OFDM,Classical OFDM,0.041748046875,0.00033900168507126525,-0.2191895427493977
OFDM,Classical OFDM,0.0419921875,0.00033919211184580073,-0.21675067350769292
OFDM,Classical OFDM,0.042236328125,0.0003393998247155628,-0.214091975367765
OFDM,Classical OFDM,0.04248046875,0.000339623549368467,-0.21123014794189882
OFDM,Classical OFDM,0.042724609375,0.0003398619959520377,-0.20818207604581618
OFDM,Classical OFDM,0.04296875,0.00034011387979392956,-0.20496455696845942
OFDM,Classical OFDM,0.043212890625,0.00034037776599801507,-0.2015962767334811
OFDM,Classical OFDM,0.04345703125,0.00034065227146947075,-0.1980952206448227
OFDM,Classical OFDM,0.043701171875,0.00034093599239295167,-0.1944795938766345
OFDM,Classical OFDM,0.0439453125,0.000341227442071026,-0.19076860650185243
OFDM,Classical OFDM,0.044189453125,0.000341525221868479,-0.18698029082366616
OFDM,Classical OFDM,0.04443359375,0.0003418279331500962,-0.18313262152266346
OFDM,Classical OFDM,0.044677734375,0.0003421342135415759,-0.1792430526782675
OFDM,Classical OFDM,0.044921875,0.0003424427006686164,-0.17532897777158354
OFDM,Classical OFDM,0.045166015625,0.0003427520839582203,-0.17140707212916456
OFDM,Classical OFDM,0.04541015625,0.0003430611771605205,-0.16749237730326166
OFDM,Classical OFDM,0.045654296875,0.000343368773305128,-0.16360014279022222
OFDM,Classical OFDM,0.0458984375,0.00034367377938452324,-0.15974412352586145
OFDM,Classical OFDM,0.046142578125,0.00034397517491301257,-0.15593711058831405
OFDM,Classical OFDM,0.04638671875,0.00034427205854790216,-0.152190348490959
OFDM,Classical OFDM,0.046630859375,0.0003445635548471503,-0.14851471850454145
OFDM,Classical OFDM,0.046875,0.00034484889715145407,-0.14491969799309895
OFDM,Classical OFDM,0.047119140625,0.0003451274586650322,-0.14141297682009987
OFDM,Classical OFDM,0.04736328125,0.00034539872655497256,-0.13800079184288727
OFDM,Classical OFDM,0.047607421875,0.0003456621776281024,-0.13468949606093775
OFDM,Classical OFDM,0.0478515625,0.0003459174958964657,-0.13148282806990794
OFDM,Classical OFDM,0.048095703125,0.00034616443271380217,-0.12838367760041608
OFDM,Classical OFDM,0.04833984375,0.0003464028067755469,-0.12539408936032037
OFDM,Classical OFDM,0.048583984375,0.00034663257664065654,-0.12251435794778852
OFDM,Classical OFDM,0.048828125,0.00034685377338991363,-0.11974387714825033
OFDM,Classical OFDM,0.049072265625,0.00034706651616631785,-0.11708094833229199
OFDM,Classical OFDM,0.04931640625,0.00034727095519365166,-0.11452349615133499
OFDM,Classical OFDM,0.049560546875,0.0003474674064598708,-0.11206738582649846
OFDM,Classical OFDM,0.0498046875,0.0003476561859529313,-0.10970849900282822
OFDM,Classical OFDM,0.050048828125,0.00034783765110183237,-0.10744221538060106
OFDM,Classical OFDM,0.05029296875,0.0003480123095593556,-0.10526205557026096
OFDM,Classical OFDM,0.050537109375,0.0003481806534378914,-0.1031617522687034
OFDM,Classical OFDM,0.05078125,0.0003483431489491779,-0.10113537772344747
OFDM,Classical OFDM,0.051025390625,0.0003485004073486052,-0.099175211610225
OFDM,Classical OFDM,0.05126953125,0.00034865291556843327,-0.09727509933375712
OFDM,Classical OFDM,0.051513671875,0.0003488013107647042,-0.09542702921185803
OFDM,Classical OFDM,0.0517578125,0.00034894613167098227,-0.09362423016054562
OFDM,Classical OFDM,0.052001953125,0.000349087958461875,-0.09185942828656729
OFDM,Classical OFDM,0.05224609375,0.0003492273402312073,-0.09012574912427265
OFDM,Classical OFDM,0.052490234375,0.00034936471729006535,-0.08841768219940971
OFDM,Classical OFDM,0.052734375,0.0003495006594527958,-0.08672811697437
OFDM,Classical OFDM,0.052978515625,0.00034963551378813714,-0.08505272105959974
OFDM,Classical OFDM,0.05322265625,0.0003497697102469145,-0.08338613979167794
OFDM,Classical OFDM,0.053466796875,0.0003499035440965622,-0.08172469846197353
OFDM,Classical OFDM,0.0537109375,0.00035003728470386225,-0.08006504935811469
OFDM,Classical OFDM,0.053955078125,0.00035017110301311863,-0.07840507055709779
OFDM,Classical OFDM,0.05419921875,0.00035030515442824415,-0.07674283604243497
OFDM,Classical OFDM,0.054443359375,0.0003504394441293692,-0.07507828444948522
OFDM,Classical OFDM,0.0546875,0.00035057390995492865,-0.07341218874899655
OFDM,Classical OFDM,0.054931640625,0.0003507084793830966,-0.07174544902496847
OFDM,Classical OFDM,0.05517578125,0.00035084297110930823,-0.07008031055993091
OFDM,Classical OFDM,0.055419921875,0.0003509770536052163,-0.06842087404485463
OFDM,Classical OFDM,0.0556640625,0.0003511103953424736,-0.0667712339186473
OFDM,Classical OFDM,0.055908203125,0.0003512425404696029,-0.06513701564251831
OFDM,Classical OFDM,0.05615234375,0.0003513730279549963,-0.0635239003612164
OFDM,Classical OFDM,0.056396484375,0.0003515012569035247,-0.061939289099042796
OFDM,Classical OFDM,0.056640625,0.0003516265849790153,-0.060391084378722606
OFDM,Classical OFDM,0.056884765625,0.0003517482558824263,-0.05888858530093653
OFDM,Classical OFDM,0.05712890625,0.000351865616917324,-0.05743980061122046
OFDM,Classical OFDM,0.057373046875,0.0003519778133621885,-0.05605522287104963
OFDM,Classical OFDM,0.0576171875,0.0003520840319365431,-0.05474482261641719
OFDM,Classical OFDM,0.057861328125,0.000352183371297694,-0.05351964773336549
OFDM,Classical OFDM,0.05810546875,0.00035227497154399057,-0.05239022731735244
OFDM,Classical OFDM,0.058349609375,0.00035235793133273915,-0.05136759614322628
OFDM,Classical OFDM,0.05859375,0.0003524313389609849,-0.05046291358531156
OFDM,Classical OFDM,0.058837890625,0.00035249430344629486,-0.04968708342809571
OFDM,Classical OFDM,0.05908203125,0.00035254591826584466,-0.04905120392322064
OFDM,Classical OFDM,0.059326171875,0.0003525854167603316,-0.04856465688254912
OFDM,Classical OFDM,0.0595703125,0.0003526118820466704,-0.0482386849072226
OFDM,Classical OFDM,0.059814453125,0.0003526245940867321,-0.048082119867269395
OFDM,Classical OFDM,0.06005859375,0.000352622822482127,-0.04810393910647684
OFDM,Classical OFDM,0.060302734375,0.00035260593525694305,-0.0483119291702104
OFDM,Classical OFDM,0.060546875,0.00035257333151605117,-0.04871351853722712
OFDM,Classical OFDM,0.060791015625,0.0003525244932464089,-0.049315142604140105
OFDM,Classical OFDM,0.06103515625,0.0003524590474786256,-0.05012148017805371
OFDM,Classical OFDM,0.061279296875,0.00035237663160357164,-0.05113711434591779
OFDM,Classical OFDM,0.0615234375,0.0003522770798570734,-0.05236423551912646
OFDM,Classical OFDM,0.061767578125,0.0003521602212948268,-0.05380513108582566
OFDM,Classical OFDM,0.06201171875,0.0003520260403764407,-0.055460205497495633
OFDM,Classical OFDM,0.062255859375,0.0003518747184064799,-0.05732746581046183
OFDM,Classical OFDM,0.0625,0.00035170641596898747,-0.059405202626211934
OFDM,Classical OFDM,0.062744140625,0.00035152146459231073,-0.061689621841758926
OFDM,Classical OFDM,0.06298828125,0.0003513203512087095,-0.06417502988536489
OFDM,Classical OFDM,0.063232421875,0.00035110362491200877,-0.06685497934400977
OFDM,Classical OFDM,0.0634765625,0.00035087198501981587,-0.06972117381561539
OFDM,Classical OFDM,0.063720703125,0.00035062619301130327,-0.07276454928555194
OFDM,Classical OFDM,0.06396484375,0.0003503672072105994,-0.0759735983070961
OFDM,Classical OFDM,0.064208984375,0.0003500959859418328,-0.07933679875611903
OFDM,Classical OFDM,0.064453125,0.0003498136791939578,-0.08284023000052665
OFDM,Classical OFDM,0.064697265625,0.00034952146285658064,-0.08646961861836996
OFDM,Classical OFDM,0.06494140625,0.00034922060606165547,-0.09020949516983487
OFDM,Classical OFDM,0.065185546875,0.0003489125281649185,-0.09404247580561081
OFDM,Classical OFDM,0.0654296875,0.00034859861744132353,-0.09795150880473559
OFDM,Classical OFDM,0.065673828125,0.00034828037094856323,-0.10191812876606732
OFDM,Classical OFDM,0.06591796875,0.00034795931682511286,-0.10592341736245403
OFDM,Classical OFDM,0.066162109375,0.0003476371023524474,-0.10994689918664943
OFDM,Classical OFDM,0.06640625,0.0003473152608491725,-0.11396944825083015
OFDM,Classical OFDM,0.066650390625,0.00034699544477689355,-0.11797037648404121
OFDM,Classical OFDM,0.06689453125,0.0003466793169574769,-0.12192878998348086
OFDM,Classical OFDM,0.067138671875,0.00034636847287109325,-0.12582456405512085
OFDM,Classical OFDM,0.0673828125,0.0003460645390786959,-0.12963711415314327
OFDM,Classical OFDM,0.067626953125,0.000345769116240586,-0.13334611313667066
OFDM,Classical OFDM,0.06787109375,0.00034548373249523883,-0.13693208296225673
OFDM,Classical OFDM,0.068115234375,0.00034520990044073827,-0.14037568663247246
OFDM,Classical OFDM,0.068359375,0.0003449490342526903,-0.1436587782707783
OFDM,Classical OFDM,0.068603515625,0.0003447025532868312,-0.14676310891711192
OFDM,Classical OFDM,0.06884765625,0.0003444716645135499,-0.14967307627605042
OFDM,Classical OFDM,0.069091796875,0.00034425765778532203,-0.15237201593613423
OFDM,Classical OFDM,0.0693359375,0.00034406156912823255,-0.15484645572255182
OFDM,Classical OFDM,0.069580078125,0.000343884429388236,-0.15708299212140855
OFDM,Classical OFDM,0.06982421875,0.00034372710364711313,-0.15907032651417657
OFDM,Classical OFDM,0.070068359375,0.00034359036374429733,-0.16079836017692553
OFDM,Classical OFDM,0.0703125,0.000343474862376222,-0.16225853034339296
OFDM,Classical OFDM,0.070556640625,0.00034338110719566876,-0.16344414594901643
OFDM,Classical OFDM,0.07080078125,0.0003433094763521586,-0.16435019827967884
OFDM,Classical OFDM,0.071044921875,0.00034326027029325616,-0.16497271099593325
OFDM,Classical OFDM,0.0712890625,0.00034323355118052654,-0.16531077560373342
OFDM,Classical OFDM,0.071533203125,0.00034322932419410013,-0.16536426012404615
OFDM,Classical OFDM,0.07177734375,0.0003432474494704555,-0.16513492366845361
OFDM,Classical OFDM,0.072021484375,0.00034328765246268014,-0.16462628433887075
OFDM,Classical OFDM,0.072265625,0.0003433495187603401,-0.1638436820304537
OFDM,Classical OFDM,0.072509765625,0.0003434324940894799,-0.16279427400634608
OFDM,Classical OFDM,0.07275390625,0.00034353595683444865,-0.16148611205213145
OFDM,Classical OFDM,0.072998046875,0.00034365911443529144,-0.1599294458518258
OFDM,Classical OFDM,0.0732421875,0.00034380112253074897,-0.15813520875115547
OFDM,Classical OFDM,0.073486328125,0.00034396097099538857,-0.15611644941454314
OFDM,Classical OFDM,0.07373046875,0.00034413761862299485,-0.15388662093491834
OFDM,Classical OFDM,0.073974609375,0.0003443298791637006,-0.1514610105944095
OFDM,Classical OFDM,0.07421875,0.0003445365560073777,-0.14885503036786335
OFDM,Classical OFDM,0.074462890625,0.00034475628677972463,-0.14608616757853965
OFDM,Classical OFDM,0.07470703125,0.0003449877971686569,-0.14317077647821339
OFDM,Classical OFDM,0.074951171875,0.0003452296211972644,-0.14012759493226784
OFDM,Classical OFDM,0.0751953125,0.0003454803239694195,-0.13697493045746104
OFDM,Classical OFDM,0.075439453125,0.00034573843950821205,-0.13373143750488115
OFDM,Classical OFDM,0.07568359375,0.0003460024914764711,-0.13041585176508036
OFDM,Classical OFDM,0.075927734375,0.00034627100353702564,-0.12704685633448337
OFDM,Classical OFDM,0.076171875,0.0003465424682719222,-0.12364346863410895
OFDM,Classical OFDM,0.076416015625,0.0003468153989837288,-0.12022438842172523
OFDM,Classical OFDM,0.07666015625,0.0003470883763167093,-0.11680741449151577
OFDM,Classical OFDM,0.076904296875,0.00034735996537473603,-0.11341048405973121
OFDM,Classical OFDM,0.0771484375,0.0003476288037835073,-0.11005057240481628
OFDM,Classical OFDM,0.077392578125,0.00034789357578989536,-0.10674402094742191
OFDM,Classical OFDM,0.07763671875,0.0003481529811811636,-0.10350692900030209
OFDM,Classical OFDM,0.077880859375,0.00034840586478822745,-0.10035354259017312
OFDM,Classical OFDM,0.078125,0.00034865112324330635,-0.09729742523089999
OFDM,Classical OFDM,0.078369140625,0.0003488876324580983,-0.0943523659062386
OFDM,Classical OFDM,0.07861328125,0.00034911449627003974,-0.09152928840879435
OFDM,Classical OFDM,0.078857421875,0.00034933079779604566,-0.08883935512488883
OFDM,Classical OFDM,0.0791015625,0.0003495357962774653,-0.08629152374798464
OFDM,Classical OFDM,0.079345703125,0.00034972877167616963,-0.08389448672455274
OFDM,Classical OFDM,0.07958984375,0.000349909117916899,-0.08165551767840588
OFDM,Classical OFDM,0.079833984375,0.0003500763739680456,-0.07958009233595519
OFDM,Classical OFDM,0.080078125,0.0003502301150589147,-0.07767324413377336
OFDM,Classical OFDM,0.080322265625,0.00035037003038168075,-0.07593860408796989
OFDM,Classical OFDM,0.08056640625,0.0003504959179112572,-0.07437846950997837
OFDM,Classical OFDM,0.080810546875,0.0003506076947655573,-0.07299367928609089
OFDM,Classical OFDM,0.0810546875,0.0003507052832426247,-0.07178502812205242
OFDM,Classical OFDM,0.081298828125,0.0003507887662245461,-0.07075134298730323
OFDM,Classical OFDM,0.08154296875,0.0003508582887549735,-0.0698907036896078
OFDM,Classical OFDM,0.081787109375,0.0003509140217782108,-0.06920089179080972
OFDM,Classical OFDM,0.08203125,0.0003509563745245616,-0.06867676186161432
OFDM,Classical OFDM,0.082275390625,0.0003509856111806776,-0.06831498500009639
OFDM,Classical OFDM,0.08251953125,0.00035100219795829683,-0.06810975220544789
OFDM,Classical OFDM,0.082763671875,0.0003510065648082447,-0.06805572157402918
OFDM,Classical OFDM,0.0830078125,0.00035099928154486783,-0.06814583709404612
OFDM,Classical OFDM,0.083251953125,0.0003509809283427738,-0.06837292880644036
OFDM,Classical OFDM,0.08349609375,0.00035095205429578756,-0.06873022329447732
OFDM,Classical OFDM,0.083740234375,0.0003509133431811252,-0.06920929018005632
OFDM,Classical OFDM,0.083984375,0.0003508654321548289,-0.0698022831603626
OFDM,Classical OFDM,0.084228515625,0.00035080899981398424,-0.0705008479980124
OFDM,Classical OFDM,0.08447265625,0.0003507447143954161,-0.07129676147017183
OFDM,Classical OFDM,0.084716796875,0.00035067328039686206,-0.07218135216302253
OFDM,Classical OFDM,0.0849609375,0.00035059535569488613,-0.0731465248934039
OFDM,Classical OFDM,0.085205078125,0.0003505115981660522,-0.07418418206006488
OFDM,Classical OFDM,0.08544921875,0.0003504227174882284,-0.07528558021596908
OFDM,Classical OFDM,0.085693359375,0.0003503293249168049,-0.07644319021795817
OFDM,Classical OFDM,0.0859375,0.0003502320265270413,-0.07764954149488823
OFDM,Classical OFDM,0.086181640625,0.0003501314283941973,-0.07889715697160661
OFDM,Classical OFDM,0.08642578125,0.0003500280847922283,-0.08017919500881934
OFDM,Classical OFDM,0.086669921875,0.00034992257071561145,-0.08148854963901588
OFDM,Classical OFDM,0.0869140625,0.0003498152953946502,-0.08282016487835817
OFDM,Classical OFDM,0.087158203125,0.0003497068182834305,-0.08416711332421786
OFDM,Classical OFDM,0.08740234375,0.0003495974709102995,-0.08552529064079661
OFDM,Classical OFDM,0.087646484375,0.000349487678045952,-0.08688942877480471
OFDM,Classical OFDM,0.087890625,0.00034937779193925685,-0.0882551545752179
OFDM,Classical OFDM,0.088134765625,0.00034926811303777865,-0.08961873351399574
OFDM,Classical OFDM,0.08837890625,0.00034915891588842995,-0.09097674853414842
OFDM,Classical OFDM,0.088623046875,0.0003490504750381232,-0.09232577832067965
OFDM,Classical OFDM,0.0888671875,0.00034894292517024953,-0.09366413809607789
OFDM,Classical OFDM,0.089111328125,0.0003488365304714605,-0.09498852879208765
OFDM,Classical OFDM,0.08935546875,0.0003487313738238429,-0.09629790532333257
OFDM,Classical OFDM,0.089599609375,0.00034862762617170076,-0.09759012448644519
OFDM,Classical OFDM,0.08984375,0.00034852538075738176,-0.0988640089598872
OFDM,Classical OFDM,0.090087890625,0.0003484247308232335,-0.1001183802723264
OFDM,Classical OFDM,0.09033203125,0.00034832576961160364,-0.10135205885298024
OFDM,Classical OFDM,0.090576171875,0.0003482285385635356,-0.1025645101270386
OFDM,Classical OFDM,0.0908203125,0.0003481331102008552,-0.1037548115074239
OFDM,Classical OFDM,0.091064453125,0.00034803952078447557,-0.10492249220999766
OFDM,Classical OFDM,0.09130859375,0.0003479478531964834,-0.10606649939613016
OFDM,Classical OFDM,0.091552734375,0.00034785821103948725,-0.10718552081160038
OFDM,Classical OFDM,0.091796875,0.00034777058913335664,-0.10827960175011751
OFDM,Classical OFDM,0.092041015625,0.00034768511180122174,-0.10934717036192243
OFDM,Classical OFDM,0.09228515625,0.00034760189818608243,-0.11038671844861642
OFDM,Classical OFDM,0.092529296875,0.0003475209949091124,-0.11139764320058881
OFDM,Classical OFDM,0.0927734375,0.0003474426143556591,-0.11237726980387569
OFDM,Classical OFDM,0.093017578125,0.0003473668497680702,-0.11332441126187148
OFDM,Classical OFDM,0.09326171875,0.0003472939238919539,-0.11423626081211252
OFDM,Classical OFDM,0.093505859375,0.0003472239817709622,-0.1151109820267663
OFDM,Classical OFDM,0.09375,0.000347157292771877,-0.11594518264412779
OFDM,Classical OFDM,0.093994140625,0.0003470940537396546,-0.116736376293202
OFDM,Classical OFDM,0.09423828125,0.0003470345599417291,-0.11748084432695019
OFDM,Classical OFDM,0.094482421875,0.00034697907556475213,-0.11817525600912633
OFDM,Classical OFDM,0.0947265625,0.00034692792177681007,-0.1188155668276379
OFDM,Classical OFDM,0.094970703125,0.000346881404205598,-0.11939792638271071
OFDM,Classical OFDM,0.09521484375,0.0003468398906403759,-0.11991770608258566
OFDM,Classical OFDM,0.095458984375,0.0003468036711684477,-0.12037125074662416
OFDM,Classical OFDM,0.095703125,0.00034677313429959524,-0.1207536739632384
OFDM,Classical OFDM,0.095947265625,0.0003467486685436003,-0.12106009094349943
OFDM,Classical OFDM,0.09619140625,0.00034673059506854913,-0.12128646283079733
OFDM,Classical OFDM,0.096435546875,0.0003467192764835716,-0.12142823512612243
OFDM,Classical OFDM,0.0966796875,0.0003467150702176669,-0.12148092239437036
OFDM,Classical OFDM,0.096923828125,0.0003467183285197039,-0.12144010917142407
OFDM,Classical OFDM,0.09716796875,0.0003467293570173777,-0.12130196996399142
OFDM,Classical OFDM,0.097412109375,0.00034674845615825285,-0.12106275102040909
OFDM,Classical OFDM,0.09765625,0.0003467758953091115,-0.12071909555144056
OFDM,Classical OFDM,0.097900390625,0.0003468119023956923,-0.12026817415180657
OFDM,Classical OFDM,0.09814453125,0.0003468567105238643,-0.11970710154525818
OFDM,Classical OFDM,0.098388671875,0.00034691046991740986,-0.11903403978413021
OFDM,Classical OFDM,0.0986328125,0.00034697330489945924,-0.11824748482955331
OFDM,Classical OFDM,0.098876953125,0.00034704524655079484,-0.11734710940758014
OFDM,Classical OFDM,0.09912109375,0.0003471263570329818,-0.11633220661360905
OFDM,Classical OFDM,0.099365234375,0.0003472165897248464,-0.11520343989774773
OFDM,Classical OFDM,0.099609375,0.00034731584620391044,-0.11396212878787912
OFDM,Classical OFDM,0.099853515625,0.0003474239089046962,-0.11261108950491841
OFDM,Classical OFDM,0.10009765625,0.0003475406224232909,-0.11115236649731816
OFDM,Classical OFDM,0.100341796875,0.00034766570185252113,-0.10958962736208319
OFDM,Classical OFDM,0.1005859375,0.0003477987586826051,-0.10792783582364585
OFDM,Classical OFDM,0.100830078125,0.0003479393629627176,-0.10617247236384966
OFDM,Classical OFDM,0.10107421875,0.00034808706920164215,-0.10432920887539006
OFDM,Classical OFDM,0.101318359375,0.0003482413283055537,-0.1024050053258034
OFDM,Classical OFDM,0.1015625,0.00034840153419919256,-0.10040752453479627
OFDM,Classical OFDM,0.101806640625,0.00034856698756495144,-0.09834558105048243
OFDM,Classical OFDM,0.10205078125,0.0003487370149858752,-0.09622765337839838
OFDM,Classical OFDM,0.102294921875,0.0003489108290821392,-0.09406362448937647
OFDM,Classical OFDM,0.1025390625,0.00034908759067261486,-0.09186400389355867
OFDM,Classical OFDM,0.102783203125,0.0003492664657563037,-0.08963921654451246
OFDM,Classical OFDM,0.10302734375,0.00034944652708985966,-0.08740082549985523
OFDM,Classical OFDM,0.103271484375,0.0003496268836908499,-0.0851599198348759
OFDM,Classical OFDM,0.103515625,0.00034980653061397195,-0.08292898069119738
OFDM,Classical OFDM,0.103759765625,0.0003499845509761407,-0.08071937086169238
OFDM,Classical OFDM,0.10400390625,0.0003501599087512713,-0.07854390793736594
OFDM,Classical OFDM,0.104248046875,0.0003503316456152351,-0.0764144211965691
OFDM,Classical OFDM,0.1044921875,0.00035049877734325154,-0.074343038841389
OFDM,Classical OFDM,0.104736328125,0.0003506603352509312,-0.07234167544770137
OFDM,Classical OFDM,0.10498046875,0.0003508153610141456,-0.07042209833415637
OFDM,Classical OFDM,0.105224609375,0.0003509629429299399,-0.06859548123178084
OFDM,Classical OFDM,0.10546875,0.00035110215893509864,-0.06687311265186105
OFDM,Classical OFDM,0.105712890625,0.00035123217502862347,-0.06526518121832872
OFDM,Classical OFDM,0.10595703125,0.00035135222973134195,-0.06378097248635567
OFDM,Classical OFDM,0.106201171875,0.00035146156156408166,-0.06242976929067796
OFDM,Classical OFDM,0.1064453125,0.00035155944530858323,-0.06122040655573312
OFDM,Classical OFDM,0.106689453125,0.00035164533187102164,-0.0601595474281339
OFDM,Classical OFDM,0.10693359375,0.0003517186928780936,-0.0592536074154896
OFDM,Classical OFDM,0.107177734375,0.0003517790310372783,-0.058508629038003586
OFDM,Classical OFDM,0.107421875,0.00035182602518048944,-0.05792849400547767
OFDM,Classical OFDM,0.107666015625,0.0003518593541396408,-0.057517100405917204
OFDM,Classical OFDM,0.10791015625,0.00035187883143003693,-0.057276701919176116
OFDM,Classical OFDM,0.108154296875,0.00035188440007024327,-0.05720797341489735
OFDM,Classical OFDM,0.1083984375,0.0003518760237993468,-0.0573113542844678
OFDM,Classical OFDM,0.108642578125,0.0003518537854994344,-0.057585833802443746
OFDM,Classical OFDM,0.10888671875,0.0003518179182763751,-0.0580285668833887
OFDM,Classical OFDM,0.109130859375,0.0003517686811366901,-0.058636407286337185
OFDM,Classical OFDM,0.109375,0.0003517064574100309,-0.05940469090351946
OFDM,Classical OFDM,0.109619140625,0.00035163171330813563,-0.06032774477665084
OFDM,Classical OFDM,0.10986328125,0.0003515450031049597,-0.06139882014293921
OFDM,Classical OFDM,0.110107421875,0.0003514469639565454,-0.06261015294438908
OFDM,Classical OFDM,0.1103515625,0.0003513382951805,-0.06395321612205926
OFDM,Classical OFDM,0.110595703125,0.0003512197789765176,-0.06541845965956075
OFDM,Classical OFDM,0.11083984375,0.00035109228560650953,-0.06699524213203216
OFDM,Classical OFDM,0.111083984375,0.0003509567112330392,-0.06867259523082275
OFDM,Classical OFDM,0.111328125,0.0003508140349007569,-0.07043851508437905
OFDM,Classical OFDM,0.111572265625,0.00035066518385300856,-0.07228162569705648
OFDM,Classical OFDM,0.11181640625,0.00035051127699796587,-0.0741881614317116
OFDM,Classical OFDM,0.112060546875,0.00035035331410080084,-0.07614581249918212
OFDM,Classical OFDM,0.1123046875,0.0003501923778087721,-0.07814122109573193
OFDM,Classical OFDM,0.112548828125,0.00035002955594926885,-0.08016094178658353
OFDM,Classical OFDM,0.11279296875,0.00034986589490863687,-0.08219201908698215
OFDM,Classical OFDM,0.113037109375,0.0003497024825142652,-0.08422095877983793
OFDM,Classical OFDM,0.11328125,0.00034954034961210843,-0.08623494942138439
OFDM,Classical OFDM,0.113525390625,0.0003493804752468167,-0.08822179981660602
OFDM,Classical OFDM,0.11376953125,0.00034922387990408375,-0.09016878150597785
OFDM,Classical OFDM,0.114013671875,0.0003490714183054295,-0.09206520647746408
OFDM,Classical OFDM,0.1142578125,0.00034892396071276537,-0.09390017621183584
OFDM,Classical OFDM,0.114501953125,0.000348782284145655,-0.09566393718173234
OFDM,Classical OFDM,0.11474609375,0.0003486471345428795,-0.09734711044281681
OFDM,Classical OFDM,0.114990234375,0.00034851914906048107,-0.09894166229367464
OFDM,Classical OFDM,0.115234375,0.00034839885089163263,-0.10044097301420216
OFDM,Classical OFDM,0.115478515625,0.0003482867062480724,-0.10183913032619883
OFDM,Classical OFDM,0.11572265625,0.00034818305701840834,-0.10313177190816301
OFDM,Classical OFDM,0.115966796875,0.00034808823473098766,-0.10431466705064033
OFDM,Classical OFDM,0.1162109375,0.00034800235334867967,-0.10538630373881126
OFDM,Classical OFDM,0.116455078125,0.00034792546467278865,-0.10634595291309236
OFDM,Classical OFDM,0.11669921875,0.00034785755834305373,-0.1071936696123586
OFDM,Classical OFDM,0.116943359375,0.00034779848931582307,-0.10793119939379732
OFDM,Classical OFDM,0.1171875,0.0003477479882243145,-0.10856185014451003
OFDM,Classical OFDM,0.117431640625,0.00034770571836005045,-0.10908978086511648
OFDM,Classical OFDM,0.11767578125,0.0003476712601324666,-0.10952019540488196
OFDM,Classical OFDM,0.117919921875,0.0003476440592676075,-0.10985998902621406
OFDM,Classical OFDM,0.1181640625,0.00034762351487034387,-0.11011664757610509
OFDM,Classical OFDM,0.118408203125,0.00034760892244293807,-0.11029895813472453
OFDM,Classical OFDM,0.11865234375,0.00034759952050621753,-0.11041642532830045
OFDM,Classical OFDM,0.118896484375,0.0003475944595187928,-0.11047965829563705
OFDM,Classical OFDM,0.119140625,0.0003475928743988829,-0.11049946328334123
OFDM,Classical OFDM,0.119384765625,0.0003475937343005334,-0.11048871938991464
OFDM,Classical OFDM,0.11962890625,0.0003475961793220937,-0.11045817063335228
OFDM,Classical OFDM,0.119873046875,0.0003475991060957836,-0.11042160301875628
OFDM,Classical OFDM,0.1201171875,0.0003476015355769527,-0.11039124889643881
OFDM,Classical OFDM,0.120361328125,0.0003476023851183423,-0.1103806347118329
OFDM,Classical OFDM,0.12060546875,0.000347600623873998,-0.11040263975755706
OFDM,Classical OFDM,0.120849609375,0.00034759526761913906,-0.11046956166999682
OFDM,Classical OFDM,0.12109375,0.00034758524924689805,-0.11059473559753523
OFDM,Classical OFDM,0.121337890625,0.000347569641513929,-0.11078975263315446
OFDM,Classical OFDM,0.12158203125,0.00034754748609610334,-0.11106659736412214
OFDM,Classical OFDM,0.121826171875,0.00034751792827190106,-0.1114359669138216
OFDM,Classical OFDM,0.1220703125,0.0003474801288601934,-0.11190837329745254
OFDM,Classical OFDM,0.122314453125,0.00034743336782285135,-0.1124928506637235
OFDM,Classical OFDM,0.12255859375,0.00034737698210318056,-0.1131977338586136
OFDM,Classical OFDM,0.122802734375,0.00034731039152657346,-0.11403033629687871
OFDM,Classical OFDM,0.123046875,0.0003472330936203789,-0.11499701599309595
OFDM,Classical OFDM,0.123291015625,0.00034714474131585844,-0.1161022044537058
OFDM,Classical OFDM,0.12353515625,0.0003470450082647953,-0.11735009133374864
OFDM,Classical OFDM,0.123779296875,0.0003469337753241898,-0.11874229103399597
OFDM,Classical OFDM,0.1240234375,0.00034681096479208544,-0.12027991528930139
OFDM,Classical OFDM,0.124267578125,0.000346676633649917,-0.12196240462731511
OFDM,Classical OFDM,0.12451171875,0.0003465309580221189,-0.12378771995830362
OFDM,Classical OFDM,0.124755859375,0.0003463742020953428,-0.1257527287094109
OFDM,Classical OFDM,0.125,0.00034620680100054427,-0.12785216178153838
OFDM,Classical OFDM,0.125244140625,0.00034602921576933114,-0.13008042745413845
OFDM,Classical OFDM,0.12548828125,0.00034584211981865864,-0.13242926709424532
OFDM,Classical OFDM,0.125732421875,0.00034564618138535147,-0.13489047959798206
OFDM,Classical OFDM,0.1259765625,0.00034544225519092975,-0.13745350970631726
OFDM,Classical OFDM,0.126220703125,0.00034523124257808727,-0.14010719821519407
OFDM,Classical OFDM,0.12646484375,0.00034501411223121346,-0.14283951691765054
OFDM,Classical OFDM,0.126708984375,0.0003447919571578278,-0.14563684590953
OFDM,Classical OFDM,0.126953125,0.00034456591698662386,-0.1484849457497605
OFDM,Classical OFDM,0.127197265625,0.00034433716242707744,-0.15136914962520687
OFDM,Classical OFDM,0.12744140625,0.00034410691598996877,-0.15427409903147773
OFDM,Classical OFDM,0.127685546875,0.0003438764830681648,-0.15718334801241643
OFDM,Classical OFDM,0.1279296875,0.00034364713797375,-0.1600807993756001
OFDM,Classical OFDM,0.128173828125,0.0003434201912797217,-0.1629498544533411
OFDM,Classical OFDM,0.12841796875,0.0003431969587392078,-0.1657738055865063
OFDM,Classical OFDM,0.128662109375,0.00034297872502455355,-0.16853629640271767
OFDM,Classical OFDM,0.12890625,0.00034276677998823464,-0.1712208655905043
OFDM,Classical OFDM,0.129150390625,0.00034256233578077046,-0.1738120000323259
OFDM,Classical OFDM,0.12939453125,0.0003423666045526803,-0.17629415517584385
OFDM,Classical OFDM,0.129638671875,0.00034218070003200543,-0.17865300777621423
OFDM,Classical OFDM,0.1298828125,0.0003420057307666567,-0.18087427919229437
OFDM,Classical OFDM,0.130126953125,0.00034184261363971925,-0.18294610900824132
OFDM,Classical OFDM,0.13037109375,0.0003416923017951912,-0.1848561681499592
OFDM,Classical OFDM,0.130615234375,0.00034155558261289706,-0.18659423096985644
OFDM,Classical OFDM,0.130859375,0.00034143313468992245,-0.18815145897350935
OFDM,Classical OFDM,0.131103515625,0.00034132554856113577,-0.18952014350566748
OFDM,Classical OFDM,0.13134765625,0.0003412332800780144,-0.1906943043731539
OFDM,Classical OFDM,0.131591796875,0.00034115671257020966,-0.19166890384355906
OFDM,Classical OFDM,0.1318359375,0.0003410960014416344,-0.19244182882160454
OFDM,Classical OFDM,0.132080078125,0.00034105129691607087,-0.19301105862997212
OFDM,Classical OFDM,0.13232421875,0.00034102252647169313,-0.19337743672026456
OFDM,Classical OFDM,0.132568359375,0.00034100951398406676,-0.19354315478737677
OFDM,Classical OFDM,0.1328125,0.00034101197454601843,-0.19351181828270747
OFDM,Classical OFDM,0.133056640625,0.0003410294523060707,-0.1932892366491132
OFDM,Classical OFDM,0.13330078125,0.00034106141371078994,-0.19288223334778867
OFDM,Classical OFDM,0.133544921875,0.0003411071749829601,-0.19229956600286668
OFDM,Classical OFDM,0.1337890625,0.00034116595910301743,-0.19155119653755526
OFDM,Classical OFDM,0.134033203125,0.00034123688544878983,-0.1906484183341123
OFDM,Classical OFDM,0.13427734375,0.000341318949074975,-0.18960411460432958
OFDM,Classical OFDM,0.134521484375,0.0003414110569740532,-0.18843229112513166
OFDM,Classical OFDM,0.134765625,0.000341512116138505,-0.18714695070865398
OFDM,Classical OFDM,0.135009765625,0.00034162084707611547,-0.18576446006165173
OFDM,Classical OFDM,0.13525390625,0.0003417359702946698,-0.1843011724274564
OFDM,Classical OFDM,0.135498046875,0.0003418561959416923,-0.18277355586886013
OFDM,Classical OFDM,0.1357421875,0.00034198013056209876,-0.1811993744379387
OFDM,Classical OFDM,0.135986328125,0.0003421064117815875,-0.17959597387323706
OFDM,Classical OFDM,0.13623046875,0.00034223368758611776,-0.1779805437595941
OFDM,Classical OFDM,0.136474609375,0.0003423605438000836,-0.17637103693568992
OFDM,Classical OFDM,0.13671875,0.0003424856698504877,-0.1747840659411992
OFDM,Classical OFDM,0.136962890625,0.00034260771372328916,-0.1732367445879562
OFDM,Classical OFDM,0.13720703125,0.00034272544254744703,-0.1717446533699019
OFDM,Classical OFDM,0.137451171875,0.0003428376286320507,-0.17032328748912962
OFDM,Classical OFDM,0.1376953125,0.0003429431530689284,-0.1689867472352607
OFDM,Classical OFDM,0.137939453125,0.00034304094875121276,-0.1677484641512914
OFDM,Classical OFDM,0.13818359375,0.00034313010915607944,-0.16661982803032527
OFDM,Classical OFDM,0.138427734375,0.0003432097692017476,-0.16561170014767992
OFDM,Classical OFDM,0.138671875,0.0003432791933096969,-0.1647333027154502
OFDM,Classical OFDM,0.138916015625,0.00034333778576492853,-0.16399209238056067
OFDM,Classical OFDM,0.13916015625,0.0003433850648153131,-0.1633940918711348
OFDM,Classical OFDM,0.139404296875,0.000343420719653025,-0.16294317256802116
OFDM,Classical OFDM,0.1396484375,0.0003434445845138907,-0.16264138479895826
OFDM,Classical OFDM,0.139892578125,0.0003434565402549105,-0.1624902040200882
OFDM,Classical OFDM,0.14013671875,0.00034345677336077956,-0.1624872564402222
OFDM,Classical OFDM,0.140380859375,0.00034344543405528033,-0.1626306421435789
OFDM,Classical OFDM,0.140625,0.00034342301445080306,-0.16291415234223677
OFDM,Classical OFDM,0.140869140625,0.0003433900118398685,-0.16333152508502616
OFDM,Classical OFDM,0.14111328125,0.0003433471359003448,-0.1638738223534071
OFDM,Classical OFDM,0.141357421875,0.0003432951740120565,-0.16453112998126962
OFDM,Classical OFDM,0.1416015625,0.0003432351103997843,-0.16529104679868736
OFDM,Classical OFDM,0.141845703125,0.0003431680328909173,-0.1661398596964209
OFDM,Classical OFDM,0.14208984375,0.0003430950914744098,-0.16706306403848734
OFDM,Classical OFDM,0.142333984375,0.00034301759154312865,-0.16804417963303958
OFDM,Classical OFDM,0.142578125,0.00034293692655215814,-0.16906559897495207
OFDM,Classical OFDM,0.142822265625,0.00034285458837906056,-0.1701084527758392
OFDM,Classical OFDM,0.14306640625,0.00034277204818087637,-0.17115411672377523
OFDM,Classical OFDM,0.143310546875,0.00034269094805895023,-0.17218178228097528
OFDM,Classical OFDM,0.1435546875,0.00034261290421397453,-0.17317094967741042
OFDM,Classical OFDM,0.143798828125,0.00034253955356716346,-0.17410083851934643
OFDM,Classical OFDM,0.14404296875,0.00034247254339999197,-0.17495052120540883
OFDM,Classical OFDM,0.144287109375,0.0003424135417144568,-0.1756987947379349
OFDM,Classical OFDM,0.14453125,0.00034236419061190246,-0.176324776294884
OFDM,Classical OFDM,0.144775390625,0.00034232603377119553,-0.1768088289304526
OFDM,Classical OFDM,0.14501953125,0.00034230065113211543,-0.1771308596177383
OFDM,Classical OFDM,0.145263671875,0.00034228945687026803,-0.17727288931091978
OFDM,Classical OFDM,0.1455078125,0.00034229387552152016,-0.17721682613305756
OFDM,Classical OFDM,0.145751953125,0.00034231516067743446,-0.17694677343803786
OFDM,Classical OFDM,0.14599609375,0.0003423544312461827,-0.1764485771831305
OFDM,Classical OFDM,0.146240234375,0.00034241278023528437,-0.17570845284224712
OFDM,Classical OFDM,0.146484375,0.0003424910623662596,-0.17471568581284694
OFDM,Classical OFDM,0.146728515625,0.0003425900494785416,-0.17346066487592438
OFDM,Classical OFDM,0.14697265625,0.0003427103062063466,-0.17193646214057468
OFDM,Classical OFDM,0.147216796875,0.0003428522780408912,-0.170137717966766
OFDM,Classical OFDM,0.1474609375,0.00034301616182713147,-0.16806228130122164
OFDM,Classical OFDM,0.147705078125,0.00034320204562728464,-0.16570943464750978
OFDM,Classical OFDM,0.14794921875,0.00034340977921756843,-0.16308152899676465
OFDM,Classical OFDM,0.148193359375,0.0003436391139517224,-0.16018220656888127
OFDM,Classical OFDM,0.1484375,0.0003438894800153999,-0.15701920780282708
OFDM,Classical OFDM,0.148681640625,0.00034416024025255866,-0.15360115008045966
OFDM,Classical OFDM,0.14892578125,0.0003444504933205049,-0.14994000142029482
OFDM,Classical OFDM,0.149169921875,0.00034475921873354493,-0.1460492334891628
OFDM,Classical OFDM,0.1494140625,0.00034508518362063776,-0.1419449815212856
OFDM,Classical OFDM,0.149658203125,0.0003454269841664383,-0.1376455032498969
OFDM,Classical OFDM,0.14990234375,0.00034578308187221046,-0.1331707049240104
OFDM,Classical OFDM,0.150146484375,0.00034615179837569677,-0.12854218965244915
OFDM,Classical OFDM,0.150390625,0.00034653123774916185,-0.12378421424375334
OFDM,Classical OFDM,0.150634765625,0.00034691950406487025,-0.1189209434770204
OFDM,Classical OFDM,0.15087890625,0.0003473144890097392,-0.11397909959694266
OFDM,Classical OFDM,0.151123046875,0.0003477140790905556,-0.10898535418251243
OFDM,Classical OFDM,0.1513671875,0.0003481160054101935,-0.10396819824023033
OFDM,Classical OFDM,0.151611328125,0.00034851793690996173,-0.0989567670934735
OFDM,Classical OFDM,0.15185546875,0.00034891759433247366,-0.0939794172318203
OFDM,Classical OFDM,0.152099609375,0.0003493125740972122,-0.08906592141502843
OFDM,Classical OFDM,0.15234375,0.0003497004933441822,-0.08424566229470588
OFDM,Classical OFDM,0.152587890625,0.00035007900547430124,-0.07954744676385857
OFDM,Classical OFDM,0.15283203125,0.00035044575352822626,-0.07500009369536516
OFDM,Classical OFDM,0.153076171875,0.0003507985048697442,-0.07063077523913391
OFDM,Classical OFDM,0.1533203125,0.0003511350165023813,-0.0664667012379065
OFDM,Classical OFDM,0.153564453125,0.00035145316457266355,-0.06253353058353589
OFDM,Classical OFDM,0.15380859375,0.00035175093918998616,-0.05885545532226238
OFDM,Classical OFDM,0.154052734375,0.00035202641334583127,-0.055455604177029244
OFDM,Classical OFDM,0.154296875,0.00035227784133624575,-0.05235484785628595
OFDM,Classical OFDM,0.154541015625,0.0003525036276810589,-0.04957220468796194
OFDM,Classical OFDM,0.15478515625,0.0003527023219437519,-0.04712492459332466
OFDM,Classical OFDM,0.155029296875,0.0003528726031910665,-0.045028699093192806
OFDM,Classical OFDM,0.1552734375,0.0003530134871982219,-0.04329512908688462
OFDM,Classical OFDM,0.155517578125,0.00035312402082122014,-0.041935503167575924
OFDM,Classical OFDM,0.15576171875,0.00035320354100336685,-0.0409576232625937
OFDM,Classical OFDM,0.156005859375,0.00035325165405474966,-0.040366071727505094
OFDM,Classical OFDM,0.15625,0.0003532680388072824,-0.04016463905165789
OFDM,Classical OFDM,0.156494140625,0.0003532527108013563,-0.040353079897791036
OFDM,Classical OFDM,0.15673828125,0.00035320586688192745,-0.04092902465636983
OFDM,Classical OFDM,0.156982421875,0.00035312794736008194,-0.04188721235247006
OFDM,Classical OFDM,0.1572265625,0.000353019589391862,-0.0432200575608236
OFDM,Classical OFDM,0.157470703125,0.00035288162179813553,-0.0449177048930568
OFDM,Classical OFDM,0.15771484375,0.0003527151220460309,-0.04696731539793164
OFDM,Classical OFDM,0.157958984375,0.00035252139552841504,-0.04935330527844688
OFDM,Classical OFDM,0.158203125,0.0003523018667811547,-0.05205866793418359
OFDM,Classical OFDM,0.158447265625,0.00035205815200494225,-0.05506406244461305
OFDM,Classical OFDM,0.15869140625,0.0003517920901460785,-0.058347408694519085
OFDM,Classical OFDM,0.158935546875,0.00035150563929386384,-0.061885143173813634
OFDM,Classical OFDM,0.1591796875,0.0003512008766805986,-0.06565219887975035
OFDM,Classical OFDM,0.159423828125,0.0003508800142219739,-0.06962179288915618
OFDM,Classical OFDM,0.15966796875,0.0003505454036972026,-0.0737653414919291
OFDM,Classical OFDM,0.159912109375,0.000350199453866932,-0.07805346755910893
OFDM,Classical OFDM,0.16015625,0.0003498446201129834,-0.08245611477113791
OFDM,Classical OFDM,0.160400390625,0.0003494834251588735,-0.08694227803801269
OFDM,Classical OFDM,0.16064453125,0.00034911845388968407,-0.09148005634741364
OFDM,Classical OFDM,0.160888671875,0.00034875222902893197,-0.09603819167688127
OFDM,Classical OFDM,0.1611328125,0.0003483873510020902,-0.10058432655816299
OFDM,Classical OFDM,0.161376953125,0.00034802627519098006,-0.10508777796886061
OFDM,Classical OFDM,0.16162109375,0.00034767150877872697,-0.10951708943459966
OFDM,Classical OFDM,0.161865234375,0.0003473254139048045,-0.11384249294297061
OFDM,Classical OFDM,0.162109375,0.00034699034752855583,-0.11803417337586672
OFDM,Classical OFDM,0.162353515625,0.000346668433503455,-0.12206513207222332
OFDM,Classical OFDM,0.16259765625,0.0003463617853227152,-0.1259084167618211
OFDM,Classical OFDM,0.162841796875,0.00034607230409420224,-0.12953966800734945
OFDM,Classical OFDM,0.1630859375,0.00034580178732317336,-0.13293577572013301
OFDM,Classical OFDM,0.163330078125,0.0003455518201295386,-0.13607626349405114
OFDM,Classical OFDM,0.16357421875,0.0003453238374094254,-0.13894252864112802
OFDM,Classical OFDM,0.163818359375,0.0003451190305928315,-0.141519033578287
OFDM,Classical OFDM,0.1640625,0.0003449384719667547,-0.14379176060361126
OFDM,Classical OFDM,0.164306640625,0.00034478293337062837,-0.14575050958959282
OFDM,Classical OFDM,0.16455078125,0.000344653057140625,-0.14738676100275824
OFDM,Classical OFDM,0.164794921875,0.00034454922660639607,-0.14869531814115555
OFDM,Classical OFDM,0.1650390625,0.00034447159199172393,-0.14967399059892184
OFDM,Classical OFDM,0.165283203125,0.0003444201273959564,-0.15032288183589745
OFDM,Classical OFDM,0.16552734375,0.0003443945116510072,-0.1506458940384786
OFDM,Classical OFDM,0.165771484375,0.00034439435624709447,-0.15064785374093326
OFDM,Classical OFDM,0.166015625,0.0003444188789845241,-0.15033862363307182
OFDM,Classical OFDM,0.166259765625,0.0003444672147815152,-0.14972917687152315
OFDM,Classical OFDM,0.16650390625,0.00034453831725172204,-0.14883282962510794
OFDM,Classical OFDM,0.166748046875,0.00034463089654266895,-0.14766601385232436
OFDM,Classical OFDM,0.1669921875,0.0003447435177582282,-0.1462470237684712
OFDM,Classical OFDM,0.167236328125,0.0003448746061387509,-0.14459593720286243
OFDM,Classical OFDM,0.16748046875,0.0003450224056200231,-0.14273512322533707
OFDM,Classical OFDM,0.167724609375,0.0003451850513550919,-0.14068831408587845
OFDM,Classical OFDM,0.16796875,0.0003453606318758307,-0.13847980986142078
OFDM,Classical OFDM,0.168212890625,0.0003455470026082438,-0.13613681121446344
OFDM,Classical OFDM,0.16845703125,0.000345742112220683,-0.13368530348836308
OFDM,Classical OFDM,0.168701171875,0.0003459437177166746,-0.1311536293345676
OFDM,Classical OFDM,0.1689453125,0.00034614961236065765,-0.12856961626906827
OFDM,Classical OFDM,0.169189453125,0.0003463575220753758,-0.12596187289548838
OFDM,Classical OFDM,0.16943359375,0.0003465652556656596,-0.12335790149875897
OFDM,Classical OFDM,0.169677734375,0.0003467705649549047,-0.1207858522447925
OFDM,Classical OFDM,0.169921875,0.0003469712328472894,-0.11827342006715875
OFDM,Classical OFDM,0.170166015625,0.00034716519247077437,-0.11584635837405463
OFDM,Classical OFDM,0.17041015625,0.0003473503665930594,-0.11353049660952588
OFDM,Classical OFDM,0.170654296875,0.00034752479194471357,-0.11135019217965225
OFDM,Classical OFDM,0.1708984375,0.000347686639939697,-0.10932808238183944
OFDM,Classical OFDM,0.171142578125,0.0003478341752343175,-0.10748561371942703
OFDM,Classical OFDM,0.17138671875,0.00034796580752853476,-0.10584240644385856
OFDM,Classical OFDM,0.171630859375,0.0003480801278268733,-0.10441581452908659
OFDM,Classical OFDM,0.171875,0.00034817583591659657,-0.10322184283859984
OFDM,Classical OFDM,0.172119140625,0.00034825183361005457,-0.10227399482849339
OFDM,Classical OFDM,0.17236328125,0.0003483071781235101,-0.10158386473346735
OFDM,Classical OFDM,0.172607421875,0.0003483411286983123,-0.10116056513849737
OFDM,Classical OFDM,0.1728515625,0.0003483531466008972,-0.1010107344606164
OFDM,Classical OFDM,0.173095703125,0.0003483428744022654,-0.10113880061999264
OFDM,Classical OFDM,0.17333984375,0.00034831013079785205,-0.10154704881869923
OFDM,Classical OFDM,0.173583984375,0.0003482549572287006,-0.10223504128606134
OFDM,Classical OFDM,0.173828125,0.00034817755571989753,-0.10320039105585413
OFDM,Classical OFDM,0.174072265625,0.00034807835622226814,-0.10443791863675048
OFDM,Classical OFDM,0.17431640625,0.0003479578871091157,-0.10594126194984888
OFDM,Classical OFDM,0.174560546875,0.00034781697720130813,-0.1077003480963034
OFDM,Classical OFDM,0.1748046875,0.00034765651748127843,-0.10970435753004769
OFDM,Classical OFDM,0.175048828125,0.00034747758541615496,-0.11194016238873783
OFDM,Classical OFDM,0.17529296875,0.00034728142941737,-0.11439250826145898
OFDM,Classical OFDM,0.175537109375,0.00034706942739961644,-0.11704451937139923
OFDM,Classical OFDM,0.17578125,0.0003468429987186306,-0.11987878855251358
OFDM,Classical OFDM,0.176025390625,0.0003466037854757571,-0.12287509621063486
OFDM,Classical OFDM,0.17626953125,0.0003463534349524709,-0.12601312125258432
OFDM,Classical OFDM,0.176513671875,0.0003460937032129859,-0.12927113360634818
OFDM,Classical OFDM,0.1767578125,0.0003458264033029507,-0.13262663319721874
OFDM,Classical OFDM,0.177001953125,0.00034555334826801384,-0.13605705767306403
OFDM,Classical OFDM,0.17724609375,0.00034527645475643243,-0.1395384746608014
OFDM,Classical OFDM,0.177490234375,0.00034499754099398544,-0.14304811620301552
OFDM,Classical OFDM,0.177734375,0.0003447185080885387,-0.14656209729356678
OFDM,Classical OFDM,0.177978515625,0.00034444117944600164,-0.15005743539321256
OFDM,Classical OFDM,0.17822265625,0.0003441673266709794,-0.15351172775990807
OFDM,Classical OFDM,0.178466796875,0.00034389871618794676,-0.1569025666975155
OFDM,Classical OFDM,0.1787109375,0.0003436369590174658,-0.16020944092471914
OFDM,Classical OFDM,0.178955078125,0.00034338362473905503,-0.1634123051991998
OFDM,Classical OFDM,0.17919921875,0.00034314018968988557,-0.1664922421442885
OFDM,Classical OFDM,0.179443359375,0.0003429079851634764,-0.16943212747712078
OFDM,Classical OFDM,0.1796875,0.00034268821295008607,-0.17221644463298985
OFDM,Classical OFDM,0.179931640625,0.00034248198677775586,-0.17483076999060687
OFDM,Classical OFDM,0.18017578125,0.00034229021316931003,-0.17726329345188432
OFDM,Classical OFDM,0.180419921875,0.0003421136587840514,-0.17950397618664699
OFDM,Classical OFDM,0.1806640625,0.00034195298667867433,-0.18154409933859553
OFDM,Classical OFDM,0.180908203125,0.0003418086423443953,-0.18337771930619085
OFDM,Classical OFDM,0.18115234375,0.00034168090550825727,-0.18500101856192022
OFDM,Classical OFDM,0.181396484375,0.00034156992121391213,-0.1864119167314013
OFDM,Classical OFDM,0.181640625,0.0003414756842812294,-0.18761027244252895
OFDM,Classical OFDM,0.181884765625,0.00034139792016329664,-0.18859940212141663
OFDM,Classical OFDM,0.18212890625,0.00034133631805228836,-0.18938311723220436
OFDM,Classical OFDM,0.182373046875,0.0003412903651152925,-0.18996783234770748
OFDM,Classical OFDM,0.1826171875,0.00034125941901613647,-0.19036164157368837
OFDM,Classical OFDM,0.182861328125,0.0003412426612942132,-0.19057490938259214
OFDM,Classical OFDM,0.18310546875,0.00034123914398565496,-0.1906196738784715
OFDM,Classical OFDM,0.183349609375,0.000341247856965029,-0.19050878535288746
OFDM,Classical OFDM,0.18359375,0.0003412675880818159,-0.19025768143408484
OFDM,Classical OFDM,0.183837890625,0.00034129712518549647,-0.18988181081263197
OFDM,Classical OFDM,0.18408203125,0.00034133512662229073,-0.18939827625130706
OFDM,Classical OFDM,0.184326171875,0.0003413801367755493,-0.1888256316286912
OFDM,Classical OFDM,0.1845703125,0.00034143074146966636,-0.18818190024848375
OFDM,Classical OFDM,0.184814453125,0.00034148539702577536,-0.18748674589098163
OFDM,Classical OFDM,0.18505859375,0.0003415426012060533,-0.18675929518738282
OFDM,Classical OFDM,0.185302734375,0.00034160079997137263,-0.186019321628409
OFDM,Classical OFDM,0.185546875,0.0003416584600031279,-0.1852863221611775
OFDM,Classical OFDM,0.185791015625,0.0003417140428025829,-0.18457984646757952
OFDM,Classical OFDM,0.18603515625,0.0003417661134736101,-0.1839181153278466
OFDM,Classical OFDM,0.186279296875,0.00034181321121942975,-0.1833196685810521
OFDM,Classical OFDM,0.1865234375,0.0003418539736657402,-0.18280178777840866
OFDM,Classical OFDM,0.186767578125,0.00034188711614019623,-0.182380763095272
OFDM,Classical OFDM,0.18701171875,0.0003419114161320176,-0.18207209462452556
OFDM,Classical OFDM,0.187255859375,0.00034192581689459773,-0.18188918057940973
OFDM,Classical OFDM,0.1875,0.0003419292824018518,-0.18184516392503433
OFDM,Classical OFDM,0.187744140625,0.0003419209838329117,-0.1819505677795474
OFDM,Classical OFDM,0.18798828125,0.00034190019596951814,-0.18221461500802807
OFDM,Classical OFDM,0.188232421875,0.00034186626611523756,-0.18264562615920366
OFDM,Classical OFDM,0.1884765625,0.0003418187850397665,-0.18324885037977823
OFDM,Classical OFDM,0.188720703125,0.0003417574212147577,-0.18402857238933734
OFDM,Classical OFDM,0.18896484375,0.0003416819933356464,-0.18498719172311545
OFDM,Classical OFDM,0.189208984375,0.00034159254284347595,-0.18612429996637977
OFDM,Classical OFDM,0.189453125,0.00034148915780046356,-0.1874389173537912
OFDM,Classical OFDM,0.189697265625,0.0003413721541945651,-0.18892718503008726
OFDM,Classical OFDM,0.18994140625,0.0003412419619766059,-0.19058380950334497
OFDM,Classical OFDM,0.190185546875,0.00034109915096093254,-0.19240172830646513
OFDM,Classical OFDM,0.1904296875,0.0003409444411856741,-0.19437197195708436
OFDM,Classical OFDM,0.190673828125,0.00034077871327300264,-0.1964835246868888
OFDM,Classical OFDM,0.19091796875,0.0003406029100066556,-0.19872457104213928
OFDM,Classical OFDM,0.191162109375,0.0003404181243941524,-0.20108136678737853
OFDM,Classical OFDM,0.19140625,0.00034022553750522993,-0.20353902356316034
OFDM,Classical OFDM,0.191650390625,0.0003400264702731464,-0.20608084047515618
OFDM,Classical OFDM,0.19189453125,0.00033982224881129046,-0.20869001672711437
OFDM,Classical OFDM,0.192138671875,0.00033961433909657224,-0.21134792612621084
OFDM,Classical OFDM,0.1923828125,0.00033940421746616277,-0.21403576629335141
OFDM,Classical OFDM,0.192626953125,0.00033919345867971113,-0.21673342896238593
OFDM,Classical OFDM,0.19287109375,0.0003389836374968663,-0.21942075607258205
OFDM,Classical OFDM,0.193115234375,0.0003387762872362339,-0.22207807095760593
OFDM,Classical OFDM,0.193359375,0.0003385730603594195,-0.22468412097113657
OFDM,Classical OFDM,0.193603515625,0.0003383755109055503,-0.2272188671481916
OFDM,Classical OFDM,0.19384765625,0.0003381852136342755,-0.2296619606952361
OFDM,Classical OFDM,0.194091796875,0.00033800368632380933,-0.231993744347673
OFDM,Classical OFDM,0.1943359375,0.00033783237423054026,-0.2341954587197204
OFDM,Classical OFDM,0.194580078125,0.00033767274333137856,-0.23624805071748037
OFDM,Classical OFDM,0.19482421875,0.00033752607311853894,-0.23813484505259633
OFDM,Classical OFDM,0.195068359375,0.000337393663804758,-0.23983888871644182
OFDM,Classical OFDM,0.1953125,0.0003372766446584683,-0.24134542515009716
OFDM,Classical OFDM,0.195556640625,0.00033717610350705895,-0.24264023691277398
OFDM,Classical OFDM,0.19580078125,0.00033709294687335424,-0.24371145521396467
OFDM,Classical OFDM,0.196044921875,0.00033702802947887427,-0.24454790051913508
OFDM,Classical OFDM,0.1962890625,0.0003369820506412263,-0.24514042446187104
OFDM,Classical OFDM,0.196533203125,0.00033695560089527874,-0.24548131589871136
OFDM,Classical OFDM,0.19677734375,0.00033694911019185685,-0.24556497391841373
OFDM,Classical OFDM,0.197021484375,0.0003369628996990469,-0.2453872442803089
OFDM,Classical OFDM,0.197265625,0.00033699711446050077,-0.24494628986759456
OFDM,Classical OFDM,0.197509765625,0.00033705184253843577,-0.24424105615844685
OFDM,Classical OFDM,0.19775390625,0.000337126964789852,-0.24327320670846114
OFDM,Classical OFDM,0.197998046875,0.0003372222843697934,-0.2420454521610008
OFDM,Classical OFDM,0.1982421875,0.0003373374386691303,-0.24056268123510122
OFDM,Classical OFDM,0.198486328125,0.0003374719873767766,-0.23883082154859
OFDM,Classical OFDM,0.19873046875,0.00033762531923734216,-0.2368580338797241
OFDM,Classical OFDM,0.198974609375,0.00033779675565374137,-0.2346533712248838
OFDM,Classical OFDM,0.19921875,0.0003379855144262801,-0.2322272378654923
OFDM,Classical OFDM,0.199462890625,0.0003381906890321342,-0.229591646685913
OFDM,Classical OFDM,0.19970703125,0.0003384113366875662,-0.2267590786783287
OFDM,Classical OFDM,0.199951171875,0.00033864640582610017,-0.22374340579187568
OFDM,Classical OFDM,0.2001953125,0.00033889480344021633,-0.22055901740379236
OFDM,Classical OFDM,0.200439453125,0.0003391553743608301,-0.2172210780523184
OFDM,Classical OFDM,0.20068359375,0.0003394268960771613,-0.21374558526242785
OFDM,Classical OFDM,0.200927734375,0.00033970815125856013,-0.21014843383428214
OFDM,Classical OFDM,0.201171875,0.0003399979018538552,-0.20644574230428775
OFDM,Classical OFDM,0.201416015625,0.00034029485801057073,-0.20265424440724478
OFDM,Classical OFDM,0.20166015625,0.0003405977764974049,-0.19879002766262113
OFDM,Classical OFDM,0.201904296875,0.0003409054192631862,-0.194869061026431
OFDM,Classical OFDM,0.2021484375,0.0003412165275362215,-0.19090752258726432
OFDM,Classical OFDM,0.202392578125,0.00034152990988651317,-0.1869206768842149
OFDM,Classical OFDM,0.20263671875,0.0003418444422257591,-0.18292287777049965
OFDM,Classical OFDM,0.202880859375,0.00034215895902461375,-0.17892895260622502
OFDM,Classical OFDM,0.203125,0.0003424724397973835,-0.1749518350055616
OFDM,Classical OFDM,0.203369140625,0.00034278389513915723,-0.17100401756237602
OFDM,Classical OFDM,0.20361328125,0.0003430923719059369,-0.16709748884639955
OFDM,Classical OFDM,0.203857421875,0.00034339701537620243,-0.16324295040136988
OFDM,Classical OFDM,0.2041015625,0.0003436970485303901,-0.15945008539558186
OFDM,Classical OFDM,0.204345703125,0.0003439917461502406,-0.15572789131722758
OFDM,Classical OFDM,0.20458984375,0.0003442805436015375,-0.15208331202167077
OFDM,Classical OFDM,0.204833984375,0.00034456282962889084,-0.14852385930354017
OFDM,Classical OFDM,0.205078125,0.0003448382001821275,-0.14505441516469622
OFDM,Classical OFDM,0.205322265625,0.000345106235670683,-0.14168004663757994
OFDM,Classical OFDM,0.20556640625,0.000345366651187384,-0.13840411707045608
OFDM,Classical OFDM,0.205810546875,0.0003456192188064919,-0.13522926985767933
OFDM,Classical OFDM,0.2060546875,0.0003458637727638331,-0.13215736671837383
OFDM,Classical OFDM,0.206298828125,0.0003461002146369295,-0.12918942599767952
OFDM,Classical OFDM,0.20654296875,0.00034632855478604194,-0.1263251062371412
OFDM,Classical OFDM,0.206787109375,0.000346548824291953,-0.12356381435318059
OFDM,Classical OFDM,0.20703125,0.0003467610542354453,-0.12090496586170915
OFDM,Classical OFDM,0.207275390625,0.000346965394840301,-0.11834649343205339
OFDM,Classical OFDM,0.20751953125,0.00034716200151043287,-0.11588627662816599
OFDM,Classical OFDM,0.207763671875,0.0003473510866311884,-0.11352149393406778
OFDM,Classical OFDM,0.2080078125,0.00034753282114687153,-0.11124985407455797
OFDM,Classical OFDM,0.208251953125,0.00034770744852361224,-0.10906817067642666
OFDM,Classical OFDM,0.20849609375,0.00034787520704741007,-0.10697333400944765
OFDM,Classical OFDM,0.208740234375,0.00034803628320296024,-0.10496289194171567
OFDM,Classical OFDM,0.208984375,0.00034819092045639276,-0.10303369105402317
OFDM,Classical OFDM,0.209228515625,0.00034833929493214205,-0.10118342768786248
OFDM,Classical OFDM,0.20947265625,0.0003484815982950338,-0.0994096127313942
OFDM,Classical OFDM,0.209716796875,0.0003486179755887199,-0.09771034596723834
OFDM,Classical OFDM,0.2099609375,0.0003487485252356784,-0.09608431455093705
OFDM,Classical OFDM,0.210205078125,0.00034887334047825706,-0.09453027576999237
OFDM,Classical OFDM,0.21044921875,0.00034899237987541233,-0.09304866828284361
OFDM,Classical OFDM,0.210693359375,0.00034910567968805725,-0.0916389670756759
OFDM,Classical OFDM,0.2109375,0.00034921318293475715,-0.09030181095126824
OFDM,Classical OFDM,0.211181640625,0.0003493147238513384,-0.08903919396371972
OFDM,Classical OFDM,0.21142578125,0.00034941011595310576,-0.08785336912074718
OFDM,Classical OFDM,0.211669921875,0.0003494991520348423,-0.08674684840428945
OFDM,Classical OFDM,0.2119140625,0.00034958155754963543,-0.0857229820601565
OFDM,Classical OFDM,0.212158203125,0.00034965699060887715,-0.08478595816194212
OFDM,Classical OFDM,0.21240234375,0.0003497250523425248,-0.08394067379288676
OFDM,Classical OFDM,0.212646484375,0.00034978534388053567,-0.08319202781221781
OFDM,Classical OFDM,0.212890625,0.0003498373938310412,-0.08254582221851342
OFDM,Classical OFDM,0.213134765625,0.00034988066864060757,-0.08200863411284551
OFDM,Classical OFDM,0.21337890625,0.00034991470727762703,-0.08158614511822115
OFDM,Classical OFDM,0.213623046875,0.0003499389606482746,-0.0812851363351934
OFDM,Classical OFDM,0.2138671875,0.000349952791596508,-0.08111348966329612
OFDM,Classical OFDM,0.214111328125,0.0003499557183701979,-0.08107716829714023
OFDM,Classical OFDM,0.21435546875,0.0003499471607947366,-0.08118336896903701
OFDM,Classical OFDM,0.214599609375,0.0003499265594160383,-0.08143904552417784
OFDM,Classical OFDM,0.21484375,0.00034989337032040844,-0.08185097552187452
OFDM,Classical OFDM,0.215087890625,0.00034984710139545673,-0.0824253124262452
OFDM,Classical OFDM,0.21533203125,0.0003497873019698362,-0.08316771618759003
OFDM,Classical OFDM,0.215576171875,0.00034971356281324325,-0.08408335505351369
OFDM,Classical OFDM,0.2158203125,0.0003496254746953744,-0.08517742192700878
OFDM,Classical OFDM,0.216064453125,0.00034952280969049104,-0.08645288369732707
OFDM,Classical OFDM,0.21630859375,0.00034940530879207183,-0.08791311947647067
OFDM,Classical OFDM,0.216552734375,0.000349272790695552,-0.08956056996341857
OFDM,Classical OFDM,0.216796875,0.00034912525022080104,-0.09139551253888321
OFDM,Classical OFDM,0.217041015625,0.0003489627029082103,-0.09341799127858219
OFDM,Classical OFDM,0.21728515625,0.00034878530416169247,-0.09562633290302647
OFDM,Classical OFDM,0.217529296875,0.00034859323528581244,-0.0980185618097331
OFDM,Classical OFDM,0.2177734375,0.00034838685370956946,-0.10059052573707056
OFDM,Classical OFDM,0.218017578125,0.00034816663600496263,-0.10333659875305164
OFDM,Classical OFDM,0.21826171875,0.0003479331157254257,-0.10625045046375141
OFDM,Classical OFDM,0.218505859375,0.0003476869507475225,-0.10932420009107205
OFDM,Classical OFDM,0.21875,0.0003474289439914688,-0.11254814926103356
OFDM,Classical OFDM,0.218994140625,0.00034715995017878476,-0.11591193855670437
OFDM,Classical OFDM,0.21923828125,0.000346880953534251,-0.11940356877817819
OFDM,Classical OFDM,0.219482421875,0.0003465930677859088,-0.12300939092182224
OFDM,Classical OFDM,0.2197265625,0.0003462974325624515,-0.1267153950864155
OFDM,Classical OFDM,0.219970703125,0.000345995327356094,-0.1305057751105856
OFDM,Classical OFDM,0.22021484375,0.00034568809900074665,-0.13436382875483846
OFDM,Classical OFDM,0.220458984375,0.0003453771720322762,-0.13827182070446978
OFDM,Classical OFDM,0.220703125,0.00034506398652694065,-0.14221175807412773
OFDM,Classical OFDM,0.220947265625,0.0003447500447225631,-0.14616480038746932
OFDM,Classical OFDM,0.22119140625,0.0003444370146211403,-0.15010994860878446
OFDM,Classical OFDM,0.221435546875,0.0003441263725598432,-0.15402854622035822
OFDM,Classical OFDM,0.2216796875,0.0003438197606400164,-0.1578997758779532
OFDM,Classical OFDM,0.221923828125,0.000343518779521961,-0.1617032712283696
OFDM,Classical OFDM,0.22216796875,0.00034322501432558695,-0.16541879403862714
OFDM,Classical OFDM,0.222412109375,0.00034294002945028246,-0.16902630412704917
OFDM,Classical OFDM,0.22265625,0.00034266531677360976,-0.17250662138623585
OFDM,Classical OFDM,0.222900390625,0.0003424023837135224,-0.17584031768024289
OFDM,Classical OFDM,0.22314453125,0.0003421526081847133,-0.1790095631016913
OFDM,Classical OFDM,0.223388671875,0.00034191731112044073,-0.1819972173682452
OFDM,Classical OFDM,0.2236328125,0.00034169767877057183,-0.18478782676938332
OFDM,Classical OFDM,0.223876953125,0.0003414949025651043,-0.18736585797427813
OFDM,Classical OFDM,0.22412109375,0.0003413099304679059,-0.1897188689430976
OFDM,Classical OFDM,0.224365234375,0.0003411436275607574,-0.19183547997044112
OFDM,Classical OFDM,0.224609375,0.00034099676050296164,-0.1937055804622384
OFDM,Classical OFDM,0.224853515625,0.0003408698991088653,-0.19532159154832532
OFDM,Classical OFDM,0.22509765625,0.0003407635044100763,-0.19667735347913798
OFDM,Classical OFDM,0.225341796875,0.00034067781469259404,-0.1977695846254252
OFDM,Classical OFDM,0.2255859375,0.00034061300608085297,-0.19859584036484373
OFDM,Classical OFDM,0.225830078125,0.0003405689646119838,-0.19915742207881637
OFDM,Classical OFDM,0.22607421875,0.00034054552452181285,-0.19945634104128107
OFDM,Classical OFDM,0.226318359375,0.0003405422610396454,-0.19949796011967774
OFDM,Classical OFDM,0.2265625,0.0003405586665126998,-0.19928874571007432
OFDM,Classical OFDM,0.226806640625,0.00034059397946180375,-0.19883844373914492
OFDM,Classical OFDM,0.22705078125,0.0003406473762462196,-0.19815762984913746
OFDM,Classical OFDM,0.227294921875,0.00034071781047960166,-0.1972597501335372
OFDM,Classical OFDM,0.2275390625,0.00034080412699286533,-0.1961596597755655
OFDM,Classical OFDM,0.227783203125,0.0003409050048527523,-0.1948743403873304
OFDM,Classical OFDM,0.22802734375,0.0003410190298836566,-0.19342196623245084
OFDM,Classical OFDM,0.228271484375,0.00034114467394710313,-0.19182215892082338
OFDM,Classical OFDM,0.228515625,0.00034128028976161684,-0.19009604385148743
OFDM,Classical OFDM,0.228759765625,0.00034142416788415764,-0.1882655160173309
OFDM,Classical OFDM,0.22900390625,0.0003415745108094682,-0.18635356198441777
OFDM,Classical OFDM,0.229248046875,0.00034172948995150876,-0.18438352852120138
OFDM,Classical OFDM,0.2294921875,0.00034188720420241347,-0.1823796444532326
OFDM,Classical OFDM,0.229736328125,0.0003420457783549686,-0.18036576641495672
OFDM,Classical OFDM,0.22998046875,0.00034220330094104754,-0.17836616734532718
OFDM,Classical OFDM,0.230224609375,0.0003423579071136975,-0.1764044842116164
OFDM,Classical OFDM,0.23046875,0.0003425077579266178,-0.17450398355811342
OFDM,Classical OFDM,0.230712890625,0.00034265105069442064,-0.17268743362902578
OFDM,Classical OFDM,0.23095703125,0.00034278607079393553,-0.17097645291072255
OFDM,Classical OFDM,0.231201171875,0.00034291120202447,-0.16939138598126655
OFDM,Classical OFDM,0.2314453125,0.0003430249110674185,-0.16795150814410825
OFDM,Classical OFDM,0.231689453125,0.0003431258251882184,-0.16667404988866202
OFDM,Classical OFDM,0.23193359375,0.00034321265971452446,-0.1655751240191627
OFDM,Classical OFDM,0.232177734375,0.0003432843060984259,-0.16466861952346262
OFDM,Classical OFDM,0.232421875,0.0003433398422767071,-0.16396607925064544
OFDM,Classical OFDM,0.232666015625,0.00034337843942850013,-0.16347788691602727
OFDM,Classical OFDM,0.23291015625,0.0003433995899010234,-0.1632103904872792
OFDM,Classical OFDM,0.233154296875,0.0003434028637434517,-0.16316898668350147
OFDM,Classical OFDM,0.2333984375,0.000343388053750568,-0.1633562896318537
OFDM,Classical OFDM,0.233642578125,0.0003433551702826332,-0.16377219788346972
OFDM,Classical OFDM,0.23388671875,0.0003433044516256468,-0.16441376270528285
OFDM,Classical OFDM,0.234130859375,0.00034323632773043406,-0.16527564397332634
OFDM,Classical OFDM,0.234375,0.0003431514046722546,-0.1663503023333401
OFDM,Classical OFDM,0.234619140625,0.0003430504905514547,-0.16762766534940055
OFDM,Classical OFDM,0.23486328125,0.0003429346524749018,-0.16909439792898567
OFDM,Classical OFDM,0.235107421875,0.0003428050870527239,-0.17073553217638013
OFDM,Classical OFDM,0.2353515625,0.0003426631773797444,-0.17253373617741305
OFDM,Classical OFDM,0.235595703125,0.0003425104878553515,-0.17446936862654513
OFDM,Classical OFDM,0.23583984375,0.0003423487538232374,-0.17652059885647453
OFDM,Classical OFDM,0.236083984375,0.0003421797935091811,-0.17866451334569186
OFDM,Classical OFDM,0.236328125,0.0003420056012633961,-0.18087592368409838
OFDM,Classical OFDM,0.236572265625,0.0003418282905790955,-0.1831280803677185
OFDM,Classical OFDM,0.23681640625,0.0003416499904898838,-0.18539398255565512
OFDM,Classical OFDM,0.237060546875,0.0003414729388121044,-0.18764518991804338
OFDM,Classical OFDM,0.2373046875,0.00034129944070379625,-0.18985234635674117
OFDM,Classical OFDM,0.237548828125,0.0003411317961428678,-0.1919861029981671
OFDM,Classical OFDM,0.23779296875,0.0003409723051072275,-0.19401705627427215
OFDM,Classical OFDM,0.238037109375,0.0003408232209536101,-0.19591634788920137
OFDM,Classical OFDM,0.23828125,0.00034068680739901097,-0.19765494753838417
OFDM,Classical OFDM,0.238525390625,0.00034056521937768684,-0.199205181672355
OFDM,Classical OFDM,0.23876953125,0.00034046053930206834,-0.20054028475722208
OFDM,Classical OFDM,0.239013671875,0.00034037469936080376,-0.20163540471866376
OFDM,Classical OFDM,0.2392578125,0.00034030955404058507,-0.2024666933238521
OFDM,Classical OFDM,0.239501953125,0.00034026670918184393,-0.20301350304259477
OFDM,Classical OFDM,0.23974609375,0.0003402476929230556,-0.203256221087498
OFDM,Classical OFDM,0.239990234375,0.0003402537743961739,-0.20317859744246447
OFDM,Classical OFDM,0.240234375,0.00034028606732924036,-0.20276643516229
OFDM,Classical OFDM,0.240478515625,0.00034034534356168803,-0.20200998048467156
OFDM,Classical OFDM,0.24072265625,0.0003404322972309939,-0.20090055806233215
OFDM,Classical OFDM,0.240966796875,0.0003405472236045921,-0.19943467285358224
OFDM,Classical OFDM,0.2412109375,0.000340690236645352,-0.19761123304063194
OFDM,Classical OFDM,0.241455078125,0.00034086117576923047,-0.1954327350301756
OFDM,Classical OFDM,0.24169921875,0.00034105955922409797,-0.19290584773201228
OFDM,Classical OFDM,0.241943359375,0.00034128470841286897,-0.19003981489566873
OFDM,Classical OFDM,0.2421875,0.00034153558730945846,-0.1868484825348661
OFDM,Classical OFDM,0.242431640625,0.00034181095786269504,-0.18334829894375476
OFDM,Classical OFDM,0.24267578125,0.0003421092919341035,-0.1795594112998275
OFDM,Classical OFDM,0.242919921875,0.0003424288075588178,-0.17550517727325185
OFDM,Classical OFDM,0.2431640625,0.0003427674275045377,-0.17121266139721097
OFDM,Classical OFDM,0.243408203125,0.0003431229502158328,-0.16671043857706314
OFDM,Classical OFDM,0.24365234375,0.00034349284260892543,-0.1620311916841942
OFDM,Classical OFDM,0.243896484375,0.0003438744213762558,-0.15720938596928952
OFDM,Classical OFDM,0.244140625,0.0003442648529864817,-0.15228124661164436
OFDM,Classical OFDM,0.244384765625,0.00034466109670304386,-0.14728545631965823
OFDM,Classical OFDM,0.24462890625,0.00034506001854703544,-0.14226169900545216
OFDM,Classical OFDM,0.244873046875,0.000345458329135637,-0.1372514306909448
OFDM,Classical OFDM,0.2451171875,0.00034585269246485505,-0.13229650212851096
OFDM,Classical OFDM,0.245361328125,0.00034623968446847905,-0.1274396791137703
OFDM,Classical OFDM,0.24560546875,0.00034661590698095045,-0.12272321642777073
OFDM,Classical OFDM,0.245849609375,0.00034697792557579786,-0.11818964980748195
OFDM,Classical OFDM,0.24609375,0.0003473223213669411,-0.11388116210032835
OFDM,Classical OFDM,0.246337890625,0.00034764580497156054,-0.10983818086726249
OFDM,Classical OFDM,0.24658203125,0.0003479451180876193,-0.10610063805641555
OFDM,Classical OFDM,0.246826171875,0.00034821716299712334,-0.10270638323245701
OFDM,Classical OFDM,0.2470703125,0.00034845893004429614,-0.09969212453298722
OFDM,Classical OFDM,0.247314453125,0.0003486677255613169,-0.09709062470880007
OFDM,Classical OFDM,0.24755859375,0.0003488409128617996,-0.09493396925429431
OFDM,Classical OFDM,0.247802734375,0.0003489761867877053,-0.09325018362245314
OFDM,Classical OFDM,0.248046875,0.00034907143902595123,-0.0920649486847172
OFDM,Classical OFDM,0.248291015625,0.0003491248772514105,-0.09140015209545077
OFDM,Classical OFDM,0.24853515625,0.0003491350251269121,-0.09127391926098093
OFDM,Classical OFDM,0.248779296875,0.0003491006549615455,-0.09170147613321042
OFDM,Classical OFDM,0.2490234375,0.0003490209327543122,-0.09269336394892266
OFDM,Classical OFDM,0.249267578125,0.0003488953508524308,-0.09425628858282799
OFDM,Classical OFDM,0.24951171875,0.00034872375385198843,-0.09639280208722342
OFDM,Classical OFDM,0.249755859375,0.00034850633341781083,-0.09910136270734003
OFDM,Classical OFDM,0.25,0.00034824371116554896,-0.10237528859426025
OFDM,Classical OFDM,0.250244140625,0.00034793679361802706,-0.10620454278933171
OFDM,Classical OFDM,0.25048828125,0.0003475868499071992,-0.11057473600500181
OFDM,Classical OFDM,0.250732421875,0.000347195548035062,-0.11546663488726977
OFDM,Classical OFDM,0.2509765625,0.0003467649496935245,-0.12085617819005079
OFDM,Classical OFDM,0.251220703125,0.00034629736004062554,-0.1267163045887439
OFDM,Classical OFDM,0.25146484375,0.00034579542612301207,-0.133015667138858
OFDM,Classical OFDM,0.251708984375,0.0003452621524163303,-0.13971837560539785
OFDM,Classical OFDM,0.251953125,0.00034470079204248686,-0.14678529908213517
OFDM,Classical OFDM,0.252197265625,0.00034411484676964867,-0.15417400647298318
OFDM,Classical OFDM,0.25244140625,0.0003435080877327648,-0.16183844454607377
OFDM,Classical OFDM,0.252685546875,0.0003428844621912187,-0.16973005718144757
OFDM,Classical OFDM,0.2529296875,0.00034224811424935,-0.17779747329027912
OFDM,Classical OFDM,0.253173828125,0.00034160330197436766,-0.18598751250749307
OFDM,Classical OFDM,0.25341796875,0.0003409544491976542,-0.1942444919321305
OFDM,Classical OFDM,0.253662109375,0.00034030602119163554,-0.20251177888639363
OFDM,Classical OFDM,0.25390625,0.00033966251430952017,-0.2107319113429023
OFDM,Classical OFDM,0.254150390625,0.0003390284611654296,-0.2188465282090238
OFDM,Classical OFDM,0.25439453125,0.00033840833739205044,-0.2267975698020943
OFDM,Classical OFDM,0.254638671875,0.00033780656682076536,-0.23452723402105136
OFDM,Classical OFDM,0.2548828125,0.0003372274541399571,-0.24197887336271165
OFDM,Classical OFDM,0.255126953125,0.0003366752004353999,-0.24909683880060896
OFDM,Classical OFDM,0.25537109375,0.00033615379440752073,-0.2558279341548309
OFDM,Classical OFDM,0.255615234375,0.0003356669812906164,-0.26212188322699187
OFDM,Classical OFDM,0.255859375,0.00033521834573494076,-0.26793032670936134
OFDM,Classical OFDM,0.256103515625,0.0003348111356822699,-0.2732091720595705
OFDM,Classical OFDM,0.25634765625,0.00033444831934733714,-0.2779179332569656
OFDM,Classical OFDM,0.256591796875,0.00033413256449731104,-0.2820200726542927
OFDM,Classical OFDM,0.2568359375,0.0003338661555697088,-0.2854841491516253
OFDM,Classical OFDM,0.257080078125,0.00033365097813200503,-0.28828408857920185
OFDM,Classical OFDM,0.25732421875,0.0003334885810431966,-0.29039843362049766
OFDM,Classical OFDM,0.257568359375,0.00033338007803132477,-0.29181167321724316
OFDM,Classical OFDM,0.2578125,0.0003333261839543882,-0.29251380852349024
OFDM,Classical OFDM,0.258056640625,0.0003333271888996905,-0.29250071499641317
OFDM,Classical OFDM,0.25830078125,0.0003333829012024061,-0.29177489590175626
OFDM,Classical OFDM,0.258544921875,0.00033349279766936216,-0.29034352181832634
OFDM,Classical OFDM,0.2587890625,0.0003336558578148649,-0.28822057299010995
OFDM,Classical OFDM,0.259033203125,0.00033387066228317817,-0.2854255260312889
OFDM,Classical OFDM,0.25927734375,0.0003341353514074794,-0.28198384946658983
OFDM,Classical OFDM,0.259521484375,0.00033444773917272957,-0.2779254670621779
OFDM,Classical OFDM,0.259765625,0.00033480522515345554,-0.2732858401399641
OFDM,Classical OFDM,0.260009765625,0.00033520479969388064,-0.2681058269415644
OFDM,Classical OFDM,0.26025390625,0.0003356431993118375,-0.26242959142076533
OFDM,Classical OFDM,0.260498046875,0.00033611683417694184,-0.2563054687524747
OFDM,Classical OFDM,0.2607421875,0.0003366217984708537,-0.2497857525670905
OFDM,Classical OFDM,0.260986328125,0.0003371539584494941,-0.2429254822799279
OFDM,Classical OFDM,0.26123046875,0.00033770898870395886,-0.23578190943545838
OFDM,Classical OFDM,0.261474609375,0.0003382823825207784,-0.22841430561904327
OFDM,Classical OFDM,0.26171875,0.00033886945188191876,-0.22088391036753222
OFDM,Classical OFDM,0.261962890625,0.00033946549840908473,-0.2132516990472583
OFDM,Classical OFDM,0.26220703125,0.000340065647599547,-0.20558048188421857
OFDM,Classical OFDM,0.262451171875,0.0003406651130127931,-0.1979315080629418
OFDM,Classical OFDM,0.2626953125,0.0003412590823076589,-0.19036592660430726
OFDM,Classical OFDM,0.262939453125,0.0003418427949442841,-0.18294380562217927
OFDM,Classical OFDM,0.26318359375,0.00034241160434567803,-0.17572336709994144
OFDM,Classical OFDM,0.263427734375,0.00034296104523941467,-0.16876017125183973
OFDM,Classical OFDM,0.263671875,0.00034348680257685046,-0.16210755937919424
OFDM,Classical OFDM,0.263916015625,0.00034398474779403707,-0.15581624746045156
OFDM,Classical OFDM,0.26416015625,0.0003444510890355037,-0.1499324904566564
OFDM,Classical OFDM,0.264404296875,0.0003448822727317792,-0.14449939422810387
OFDM,Classical OFDM,0.2646484375,0.00034527505094108737,-0.13955613212017814
OFDM,Classical OFDM,0.264892578125,0.0003456265694115643,-0.1351369053969872
OFDM,Classical OFDM,0.26513671875,0.0003459343105998237,-0.1312717269983759
OFDM,Classical OFDM,0.265380859375,0.00034619619727356527,-0.12798518085067653
OFDM,Classical OFDM,0.265625,0.0003464104681884448,-0.1252980372358733
OFDM,Classical OFDM,0.265869140625,0.00034657590083368196,-0.1232245047818549
OFDM,Classical OFDM,0.26611328125,0.0003466916767486698,-0.12177395832303203
OFDM,Classical OFDM,0.266357421875,0.0003467574281441481,-0.12095038041031198
OFDM,Classical OFDM,0.2666015625,0.0003467732275419429,-0.12075250620750352
OFDM,Classical OFDM,0.266845703125,0.0003467395670544444,-0.12117408643224246
OFDM,Classical OFDM,0.26708984375,0.0003466574775276072,-0.12220238699892519
OFDM,Classical OFDM,0.267333984375,0.00034652830579534155,-0.12382095946650448
OFDM,Classical OFDM,0.267578125,0.0003463539426052525,-0.12600675577102818
OFDM,Classical OFDM,0.267822265625,0.0003461366464942051,-0.12873229476173104
OFDM,Classical OFDM,0.26806640625,0.00034587900234728117,-0.13196613598081566
OFDM,Classical OFDM,0.268310546875,0.00034558409752221374,-0.13567061554026377
OFDM,Classical OFDM,0.2685546875,0.0003452552110415615,-0.13980568986912395
OFDM,Classical OFDM,0.268798828125,0.00034489603633831715,-0.1443260788804705
OFDM,Classical OFDM,0.26904296875,0.00034451054139238586,-0.14918296161633152
OFDM,Classical OFDM,0.269287109375,0.0003441028444074551,-0.154325486440378
OFDM,Classical OFDM,0.26953125,0.00034367738993542913,-0.15969849787175416
OFDM,Classical OFDM,0.269775390625,0.0003432387364910815,-0.16524516620328283
OFDM,Classical OFDM,0.27001953125,0.0003427915461917942,-0.17090708264490923
OFDM,Classical OFDM,0.270263671875,0.0003423406054780797,-0.1766239678161562
OFDM,Classical OFDM,0.2705078125,0.00034189073705136294,-0.18233476740436602
OFDM,Classical OFDM,0.270751953125,0.000341446722172026,-0.18797863300882442
OFDM,Classical OFDM,0.27099609375,0.0003410133472805809,-0.19349433590994147
OFDM,Classical OFDM,0.271240234375,0.0003405953262957141,-0.19882127017137552
OFDM,Classical OFDM,0.271484375,0.0003401971711110253,-0.2039011328321692
OFDM,Classical OFDM,0.271728515625,0.0003398232692969841,-0.20867697489004536
OFDM,Classical OFDM,0.27197265625,0.0003394777856784517,-0.2130945049661212
OFDM,Classical OFDM,0.272216796875,0.00033916464161415957,-0.21710241084837792
OFDM,Classical OFDM,0.2724609375,0.0003388874683755352,-0.22065301744622565
OFDM,Classical OFDM,0.272705078125,0.0003386496071467025,-0.2237023508957663
OFDM,Classical OFDM,0.27294921875,0.0003384540002417425,-0.2262115976604428
OFDM,Classical OFDM,0.273193359375,0.00033830323772586756,-0.2281465700887272
OFDM,Classical OFDM,0.2734375,0.00033819951597437756,-0.22947829518317917
OFDM,Classical OFDM,0.273681640625,0.0003381445910514864,-0.23018366367046908
OFDM,Classical OFDM,0.27392578125,0.0003381398097911046,-0.2302450720068974
OFDM,Classical OFDM,0.274169921875,0.00033818603209488256,-0.22965145010870414
OFDM,Classical OFDM,0.2744140625,0.0003382836879136454,-0.22839754672605034
OFDM,Classical OFDM,0.274658203125,0.0003384327358063499,-0.2264844653785714
OFDM,Classical OFDM,0.27490234375,0.0003386326577599535,-0.223919720389098
OFDM,Classical OFDM,0.275146484375,0.0003388824591894147,-0.22071721214718548
OFDM,Classical OFDM,0.275390625,0.0003391807414595189,-0.21689625999440754
OFDM,Classical OFDM,0.275634765625,0.0003395256138226612,-0.21248268183947816
OFDM,Classical OFDM,0.27587890625,0.0003399148022015852,-0.20750734095933213
OFDM,Classical OFDM,0.276123046875,0.0003403455922079484,-0.20200680765855752
OFDM,Classical OFDM,0.2763671875,0.0003408149068442787,-0.19602229183973757
OFDM,Classical OFDM,0.276611328125,0.00034131930132384384,-0.18959963258944393
OFDM,Classical OFDM,0.27685546875,0.0003418549993315643,-0.18278875764350386
OFDM,Classical OFDM,0.277099609375,0.0003424179603657089,-0.1756427518762833
OFDM,Classical OFDM,0.27734375,0.00034300387455776457,-0.16821785382100957
OFDM,Classical OFDM,0.277587890625,0.00034360820929360975,-0.16057280023257361
OFDM,Classical OFDM,0.27783203125,0.00034422624029429737,-0.15276837794357648
OFDM,Classical OFDM,0.278076171875,0.0003448531759391847,-0.14486581229452916
OFDM,Classical OFDM,0.2783203125,0.0003454840433030643,-0.13692817591685624
OFDM,Classical OFDM,0.278564453125,0.0003461138901812502,-0.12901782552334792
OFDM,Classical OFDM,0.27880859375,0.00034673774364853496,-0.12119692481822915
OFDM,Classical OFDM,0.279052734375,0.0003473506618604936,-0.11352680486265646
OFDM,Classical OFDM,0.279296875,0.00034794782729583127,-0.10606682267763931
OFDM,Classical OFDM,0.279541015625,0.0003485244794146879,-0.09887524052826169
OFDM,Classical OFDM,0.27978515625,0.00034907613222411586,-0.09200655902186233
OFDM,Classical OFDM,0.280029296875,0.0003495984240542976,-0.08551345003412805
OFDM,Classical OFDM,0.2802734375,0.0003500873403041543,-0.07944404931738666
OFDM,Classical OFDM,0.280517578125,0.0003505390580374325,-0.07384395926689548
OFDM,Classical OFDM,0.28076171875,0.00035095016872831305,-0.06875355678802006
OFDM,Classical OFDM,0.281005859375,0.0003513175642985411,-0.06420948119181974
OFDM,Classical OFDM,0.28125,0.0003516385562604264,-0.06024322943316219
OFDM,Classical OFDM,0.281494140625,0.00035191087571684294,-0.05688122421313239
OFDM,Classical OFDM,0.28173828125,0.0003521326371003163,-0.0541453209181374
OFDM,Classical OFDM,0.281982421875,0.00035230238997432755,-0.05205221835895689
OFDM,Classical OFDM,0.2822265625,0.00035241926407696535,-0.05061171264931826
OFDM,Classical OFDM,0.282470703125,0.0003524827310349265,-0.049829664935130094
OFDM,Classical OFDM,0.28271484375,0.00035249279084821085,-0.049705719599070816
OFDM,Classical OFDM,0.282958984375,0.00035244989936829594,-0.050234203214241456
OFDM,Classical OFDM,0.283203125,0.00035235503045970144,-0.05140335064814681
OFDM,Classical OFDM,0.283447265625,0.00035220951541594644,-0.05319726383339539
OFDM,Classical OFDM,0.28369140625,0.00035201520354359264,-0.05559390154863596
OFDM,Classical OFDM,0.283935546875,0.00035177439482054834,-0.058565866577293874
OFDM,Classical OFDM,0.2841796875,0.00035148968449215634,-0.06208227342797519
OFDM,Classical OFDM,0.284423828125,0.000351164201357193,-0.06610574906581693
OFDM,Classical OFDM,0.28466796875,0.0003508012710593909,-0.07059652947849702
OFDM,Classical OFDM,0.284912109375,0.0003504046388330469,-0.07550964282187289
OFDM,Classical OFDM,0.28515625,0.0003499782881984575,-0.08079708612419094
OFDM,Classical OFDM,0.285400390625,0.00034952645132217946,-0.08640763536832878
OFDM,Classical OFDM,0.28564453125,0.0003490535986567692,-0.09228691390511021
OFDM,Classical OFDM,0.285888671875,0.0003485642887170003,-0.09837920727878585
OFDM,Classical OFDM,0.2861328125,0.0003480632406016894,-0.10462651907777754
OFDM,Classical OFDM,0.286376953125,0.0003475552718321314,-0.1109693080883678
OFDM,Classical OFDM,0.28662109375,0.0003470451584885776,-0.11734821142353462
OFDM,Classical OFDM,0.286865234375,0.0003465376818314099,-0.12370345375133263
OFDM,Classical OFDM,0.287109375,0.0003460375816799667,-0.12997542981984356
OFDM,Classical OFDM,0.287353515625,0.00034554944244967375,-0.13610614661830392
OFDM,Classical OFDM,0.28759765625,0.00034507772941295685,-0.1420387947703539
OFDM,Classical OFDM,0.287841796875,0.0003446266229350687,-0.14771986902680365
OFDM,Classical OFDM,0.2880859375,0.00034420015315747956,-0.1530975198731077
OFDM,Classical OFDM,0.288330078125,0.00034380202387344287,-0.15812382287660526
OFDM,Classical OFDM,0.28857421875,0.00034343561770812587,-0.16275477383686068
OFDM,Classical OFDM,0.288818359375,0.0003431039598576965,-0.16695080827486963
OFDM,Classical OFDM,0.2890625,0.0003428096818284105,-0.170677322061404
OFDM,Classical OFDM,0.289306640625,0.00034255504215713274,-0.1739044682896221
OFDM,Classical OFDM,0.28955078125,0.0003423418383491207,-0.17660832759944398
OFDM,Classical OFDM,0.289794921875,0.00034217141205815425,-0.178770891997527
OFDM,Classical OFDM,0.2900390625,0.0003420446387262752,-0.18038023626983546
OFDM,Classical OFDM,0.290283203125,0.0003419619431241783,-0.18143035025400764
OFDM,Classical OFDM,0.29052734375,0.00034192323200951593,-0.18192201242524422
OFDM,Classical OFDM,0.290771484375,0.00034192794592820226,-0.18186213890481498
OFDM,Classical OFDM,0.291015625,0.00034197509547532616,-0.18126331752421226
OFDM,Classical OFDM,0.291259765625,0.0003420631369720211,-0.18014537017593463
OFDM,Classical OFDM,0.29150390625,0.00034219014858989974,-0.17853308868369386
OFDM,Classical OFDM,0.291748046875,0.00034235372674844495,-0.1764575141141848
OFDM,Classical OFDM,0.2919921875,0.0003425510948977493,-0.17395451230108758
OFDM,Classical OFDM,0.292236328125,0.000342779072437732,-0.17106511983061165
OFDM,Classical OFDM,0.29248046875,0.00034303412133931325,-0.16783490096973883
OFDM,Classical OFDM,0.292724609375,0.0003433123772251963,-0.16431350171529138
OFDM,Classical OFDM,0.29296875,0.0003436097426122154,-0.16055342030201186
OFDM,Classical OFDM,0.293212890625,0.0003439218506504227,-0.15661042162703417
OFDM,Classical OFDM,0.29345703125,0.0003442441376449141,-0.15254258113766173
OFDM,Classical OFDM,0.293701171875,0.00034457187413661206,-0.14840986185794294
OFDM,Classical OFDM,0.2939453125,0.0003449002788651348,-0.14427265714000442
OFDM,Classical OFDM,0.294189453125,0.00034522451358866583,-0.14019184847550434
OFDM,Classical OFDM,0.29443359375,0.00034553968826408436,-0.13622874119515221
OFDM,Classical OFDM,0.294677734375,0.0003458409957303565,-0.13244338296134778
OFDM,Classical OFDM,0.294921875,0.00034612378941049145,-0.1288936144102695
OFDM,Classical OFDM,0.295166015625,0.00034638342790762884,-0.1256370542168145
OFDM,Classical OFDM,0.29541015625,0.00034661562207377713,-0.12272678619077314
OFDM,Classical OFDM,0.295654296875,0.0003468162847860314,-0.12021329610685318
OFDM,Classical OFDM,0.2958984375,0.00034698153612670375,-0.11814445862783479
OFDM,Classical OFDM,0.296142578125,0.0003471079520295835,-0.11656248020604962
OFDM,Classical OFDM,0.29638671875,0.00034719242959654645,-0.11550564249348096
OFDM,Classical OFDM,0.296630859375,0.0003472322544392501,-0.11500751188708296
OFDM,Classical OFDM,0.296875,0.00034722524572278576,-0.1150951730293437
OFDM,Classical OFDM,0.297119140625,0.0003471695852213744,-0.11579140657249468
OFDM,Classical OFDM,0.29736328125,0.0003470639830825403,-0.11711264566609292
OFDM,Classical OFDM,0.297607421875,0.00034690773998867616,-0.11906821568116233
OFDM,Classical OFDM,0.2978515625,0.00034670058657299994,-0.12166234797644442
OFDM,Classical OFDM,0.298095703125,0.00034644288544464136,-0.12489164141138698
OFDM,Classical OFDM,0.29833984375,0.0003461354809648596,-0.1287469185763607
OFDM,Classical OFDM,0.298583984375,0.0003457797873092605,-0.13321208396771642
OFDM,Classical OFDM,0.298828125,0.0003453777625671446,-0.13826439503085136
OFDM,Classical OFDM,0.299072265625,0.0003449318310395505,-0.14387537394446717
OFDM,Classical OFDM,0.29931640625,0.00034444503346303744,-0.1500088416399781
OFDM,Classical OFDM,0.299560546875,0.00034392076800316394,-0.1566240930023627
OFDM,Classical OFDM,0.2998046875,0.00034336297673918297,-0.1636734586549341
OFDM,Classical OFDM,0.300048828125,0.0003427760265210424,-0.1711037111798019
OFDM,Classical OFDM,0.30029296875,0.00034216460536677645,-0.1788572854776367
OFDM,Classical OFDM,0.300537109375,0.00034153382606511414,-0.18687087846374376
OFDM,Classical OFDM,0.30078125,0.00034088899306961007,-0.19507832660858115
OFDM,Classical OFDM,0.301025390625,0.0003402357630826879,-0.2034084970553114
OFDM,Classical OFDM,0.30126953125,0.0003395799430305535,-0.21178780090363397
OFDM,Classical OFDM,0.301513671875,0.00033892748488306457,-0.22014022414351986
OFDM,Classical OFDM,0.3017578125,0.0003382843924113832,-0.22838850227098625
OFDM,Classical OFDM,0.302001953125,0.00033765672118797553,-0.2364541228299852
OFDM,Classical OFDM,0.30224609375,0.0003370505216051775,-0.24425807654156823
OFDM,Classical OFDM,0.302490234375,0.0003364717041918034,-0.25172263408442386
OFDM,Classical OFDM,0.302734375,0.00033592598263171156,-0.2587721501338202
OFDM,Classical OFDM,0.302978515625,0.0003354188893041953,-0.26533294727517576
OFDM,Classical OFDM,0.30322265625,0.000334955713122418,-0.27133421555638354
OFDM,Classical OFDM,0.303466796875,0.0003345413544897613,-0.27671000282639163
OFDM,Classical OFDM,0.3037109375,0.0003341803304799554,-0.2813992705456888
OFDM,Classical OFDM,0.303955078125,0.00033387672303577485,-0.28534668928952517
OFDM,Classical OFDM,0.30419921875,0.0003336340909068211,-0.2885039055376173
OFDM,Classical OFDM,0.304443359375,0.00033345549555017525,-0.2908293197342295
OFDM,Classical OFDM,0.3046875,0.00033334337680726713,-0.29228980666185916
OFDM,Classical OFDM,0.304931640625,0.00033329959434491915,-0.2928602613925626
OFDM,Classical OFDM,0.30517578125,0.0003333253292328681,-0.2925249448018121
OFDM,Classical OFDM,0.305419921875,0.00033342113056493905,-0.2912769144732719
OFDM,Classical OFDM,0.3056640625,0.0003335868273968279,-0.2891191824588488
OFDM,Classical OFDM,0.305908203125,0.0003338215183858408,-0.2860648303121926
OFDM,Classical OFDM,0.30615234375,0.00033412367021337213,-0.28213567916074134
OFDM,Classical OFDM,0.306396484375,0.0003344909829015134,-0.2773639653223573
OFDM,Classical OFDM,0.306640625,0.00033492046751500967,-0.2717912245758213
OFDM,Classical OFDM,0.306884765625,0.0003354084513413899,-0.26546809828570817
OFDM,Classical OFDM,0.30712890625,0.0003359506089717497,-0.2584537856089507
OFDM,Classical OFDM,0.307373046875,0.00033654195712062065,-0.25081595235751275
OFDM,Classical OFDM,0.3076171875,0.00033717693232792684,-0.24262956142648434
OFDM,Classical OFDM,0.307861328125,0.00033784940131924567,-0.23397657548394918
OFDM,Classical OFDM,0.30810546875,0.0003385526920865903,-0.22494539676714165
OFDM,Classical OFDM,0.308349609375,0.00033927971303140963,-0.21562919107217898
OFDM,Classical OFDM,0.30859375,0.00034002291670367515,-0.20612622822616303
OFDM,Classical OFDM,0.308837890625,0.0003407744293051416,-0.19653812068202134
OFDM,Classical OFDM,0.30908203125,0.0003415261283913033,-0.1869687632024951
OFDM,Classical OFDM,0.309326171875,0.0003422696843124377,-0.1775237693954771
OFDM,Classical OFDM,0.3095703125,0.00034299657057386597,-0.16831033422465064
OFDM,Classical OFDM,0.309814453125,0.00034369826068090945,-0.1594347687277278
OFDM,Classical OFDM,0.31005859375,0.0003443662540395415,-0.15100224780743615
OFDM,Classical OFDM,0.310302734375,0.00034499216919873523,-0.14311573869073302
OFDM,Classical OFDM,0.310546875,0.00034556772831007226,-0.13587633180235728
OFDM,Classical OFDM,0.310791015625,0.000346085016134264,-0.1293801444802025
OFDM,Classical OFDM,0.31103515625,0.0003465363764385429,-0.12371981347255111
OFDM,Classical OFDM,0.311279296875,0.00034691467100318415,-0.11898144704102541
OFDM,Classical OFDM,0.3115234375,0.0003472131501182445,-0.11524646231114431
OFDM,Classical OFDM,0.311767578125,0.0003474257530311273,-0.11258803721096687
OFDM,Classical OFDM,0.31201171875,0.0003475469525426696,-0.11107326463979553
OFDM,Classical OFDM,0.312255859375,0.00034757198293288084,-0.11076049628322938
OFDM,Classical OFDM,0.3125,0.00034749685550133414,-0.11169932211696541
OFDM,Classical OFDM,0.312744140625,0.0003473183689274272,-0.1139305839869225
OFDM,Classical OFDM,0.31298828125,0.0003470341869723385,-0.11748551183428159
OFDM,Classical OFDM,0.313232421875,0.00034664288510020133,-0.12238520561672787
OFDM,Classical OFDM,0.3134765625,0.0003461440074595383,-0.12863993838552618
OFDM,Classical OFDM,0.313720703125,0.000345537999541566,-0.13624996609892606
OFDM,Classical OFDM,0.31396484375,0.0003448263739443683,-0.14520335915844843
OFDM,Classical OFDM,0.314208984375,0.0003440115290683318,-0.15547813633858712
OFDM,Classical OFDM,0.314453125,0.00034309694078097134,-0.1670396553249704
OFDM,Classical OFDM,0.314697265625,0.00034208704327393026,-0.17984185859891919
OFDM,Classical OFDM,0.31494140625,0.0003409872187027197,-0.19382710681239101
OFDM,Classical OFDM,0.315185546875,0.00033980378682645746,-0.2089259681980553
OFDM,Classical OFDM,0.3154296875,0.00033854396356682503,-0.2250573674270995
OFDM,Classical OFDM,0.315673828125,0.0003372158713683279,-0.24212804331114005
OFDM,Classical OFDM,0.31591796875,0.00033582834235333994,-0.26003465438067747
OFDM,Classical OFDM,0.316162109375,0.0003343910737260158,-0.2786613541072073
OFDM,Classical OFDM,0.31640625,0.0003329143169644657,-0.29788338853373986
OFDM,Classical OFDM,0.316650390625,0.00033140899178362435,-0.3175652371099879
OFDM,Classical OFDM,0.31689453125,0.000329886510010817,-0.3375625484229394
OFDM,Classical OFDM,0.317138671875,0.0003283586927036724,-0.35772293287050955
OFDM,Classical OFDM,0.3173828125,0.00032683769762829694,-0.3778866872680088
OFDM,Classical OFDM,0.317626953125,0.0003253359363771877,-0.39788773432818536
OFDM,Classical OFDM,0.31787109375,0.00032386588788453727,-0.4175560413420525
OFDM,Classical OFDM,0.318115234375,0.00032244009842623386,-0.4367176617423629
OFDM,Classical OFDM,0.318359375,0.00032107093815373126,-0.4551981419405774
OFDM,Classical OFDM,0.318603515625,0.0003197706684357442,-0.4728218646399839
OFDM,Classical OFDM,0.31884765625,0.00031855111551003186,-0.48941680981631736
OFDM,Classical OFDM,0.319091796875,0.0003174237533654846,-0.504813885873119
OFDM,Classical OFDM,0.3193359375,0.0003163994809965155,-0.5188504879074793
OFDM,Classical OFDM,0.319580078125,0.0003154884825395392,-0.5313730203763812
OFDM,Classical OFDM,0.31982421875,0.00031470023763323254,-0.5422374037195561
OFDM,Classical OFDM,0.320068359375,0.0003140433090331873,-0.5513126640966775
OFDM,Classical OFDM,0.3203125,0.00031352529081060573,-0.5584823187525415
OFDM,Classical OFDM,0.320556640625,0.00031315270474969233,-0.5636464410131247
OFDM,Classical OFDM,0.32080078125,0.0003129309485463494,-0.5667229468110333
OFDM,Classical OFDM,0.321044921875,0.0003128641663049166,-0.5676498686857869
OFDM,Classical OFDM,0.3212890625,0.0003129551708362144,-0.5663867959840088
OFDM,Classical OFDM,0.321533203125,0.00031320539703637046,-0.5629157417747204
OFDM,Classical OFDM,0.32177734375,0.00031361493296760187,-0.557240775221498
OFDM,Classical OFDM,0.322021484375,0.0003141823281933899,-0.5493905758671404
OFDM,Classical OFDM,0.322265625,0.00031490463003939253,-0.5394176511472902
OFDM,Classical OFDM,0.322509765625,0.0003157773939537055,-0.5273977495320621
OFDM,Classical OFDM,0.32275390625,0.0003167946576062102,-0.5134296214531929
OFDM,Classical OFDM,0.322998046875,0.0003179488631866173,-0.49763534705376233
OFDM,Classical OFDM,0.3232421875,0.0003192309920878577,-0.48015763636348574
OFDM,Classical OFDM,0.323486328125,0.0003206305131047784,-0.4611596119703255
OFDM,Classical OFDM,0.32373046875,0.0003221354445957075,-0.44082298310532486
OFDM,Classical OFDM,0.323974609375,0.00032373239074336716,-0.4193465671817477
OFDM,Classical OFDM,0.32421875,0.00032540661925683015,-0.39694428335978915
OFDM,Classical OFDM,0.324462890625,0.00032714212353308463,-0.37384342795421566
OFDM,Classical OFDM,0.32470703125,0.0003289216589179475,-0.35028339266390734
OFDM,Classical OFDM,0.324951171875,0.00033072697581193315,-0.3265119155059867
OFDM,Classical OFDM,0.3251953125,0.00033253872642790606,-0.3027858205362254
OFDM,Classical OFDM,0.325439453125,0.0003343367911392974,-0.2793664130456972
OFDM,Classical OFDM,0.32568359375,0.0003361001489768445,-0.2565210625418259
OFDM,Classical OFDM,0.325927734375,0.0003378073127595465,-0.2345176440139103
OFDM,Classical OFDM,0.326171875,0.0003394361736907516,-0.21362688042879677
OFDM,Classical OFDM,0.326416015625,0.0003409643069858521,-0.1941189290852491
OFDM,Classical OFDM,0.32666015625,0.0003423691013755449,-0.17626248291505708
OFDM,Classical OFDM,0.326904296875,0.00034362788342896203,-0.1603241413360887
OFDM,Classical OFDM,0.3271484375,0.00034471805741719176,-0.1465677750916099
OFDM,Classical OFDM,0.327392578125,0.0003456173384191478,-0.1352528982910672
OFDM,Classical OFDM,0.32763671875,0.00034630379894274324,-0.12663555451713218
OFDM,Classical OFDM,0.327880859375,0.0003467560761301073,-0.12096731367069609
OFDM,Classical OFDM,0.328125,0.00034695361522371566,-0.11849394068189803
OFDM,Classical OFDM,0.328369140625,0.00034687666956638994,-0.11945720432871591
OFDM,Classical OFDM,0.32861328125,0.0003465064922661239,-0.12409435108838779
OFDM,Classical OFDM,0.328857421875,0.00034582560038273486,-0.13263671641297675
OFDM,Classical OFDM,0.3291015625,0.00034481770240603766,-0.14531257495181102
OFDM,Classical OFDM,0.329345703125,0.0003434680815854963,-0.16234426846825759
OFDM,Classical OFDM,0.32958984375,0.00034176344570644145,-0.18395201573624276
OFDM,Classical OFDM,0.329833984375,0.00033969223271776563,-0.21035194665503743
OFDM,Classical OFDM,0.330078125,0.00033724466771335775,-0.24175719600345108
OFDM,Classical OFDM,0.330322265625,0.00033441281991353797,-0.2783789320299303
OFDM,Classical OFDM,0.33056640625,0.00033119069072727456,-0.3204269030630222
OFDM,Classical OFDM,0.330810546875,0.00032757434843557544,-0.36810925368490044
OFDM,Classical OFDM,0.3310546875,0.00032356184530940097,-0.42163507643994397
OFDM,Classical OFDM,0.331298828125,0.0003191534144546202,-0.4812131614626177
OFDM,Classical OFDM,0.33154296875,0.0003143514128305764,-0.5470539462836121
OFDM,Classical OFDM,0.331787109375,0.00030916029016930406,-0.6193710498245756
OFDM,Classical OFDM,0.33203125,0.0003035867236589205,-0.6983803599049053
OFDM,Classical OFDM,0.332275390625,0.0002976394832602344,-0.784302693492642
OFDM,Classical OFDM,0.33251953125,0.00029132943170674593,-0.8773644955626521
OFDM,Classical OFDM,0.332763671875,0.0002846695141443859,-0.9777985109552125
OFDM,Classical OFDM,0.3330078125,0.000277674649348777,-1.0858457911817587
OFDM,Classical OFDM,0.333251953125,0.00027036173490536394,-1.2017558658668979
OFDM,Classical OFDM,0.33349609375,0.00026274945036445753,-1.3257899500813142
OFDM,Classical OFDM,0.333740234375,0.0002548582520611041,-1.4582211104208265
OFDM,Classical OFDM,0.333984375,0.0002467102384316947,-1.5993363821664086
OFDM,Classical OFDM,0.334228515625,0.00023832901015044335,-1.7494390198236993
OFDM,Classical OFDM,0.33447265625,0.00022973956134664835,-1.9088502371359108
OFDM,Classical OFDM,0.334716796875,0.000220968082759736,-2.077912637047833
OFDM,Classical OFDM,0.3349609375,0.0002120419099379565,-2.256991038062827
OFDM,Classical OFDM,0.335205078125,0.00020298927459212336,-2.446477196594573
OFDM,Classical OFDM,0.33544921875,0.00019383918545261392,-2.646792350761522
OFDM,Classical OFDM,0.335693359375,0.00018462125732506506,-2.8583910691098344
OFDM,Classical OFDM,0.3359375,0.00017536549352489556,-3.0817666943598976
OFDM,Classical OFDM,0.336181640625,0.00016610216155417586,-3.3174552708853664
OFDM,Classical OFDM,0.33642578125,0.00015686158330634583,-3.5660421691144717
OFDM,Classical OFDM,0.336669921875,0.00014767396412191077,-3.828168780995349
OFDM,Classical OFDM,0.3369140625,0.00013856923479446356,-4.104539925087988
OFDM,Classical OFDM,0.337158203125,0.00012957679774429367,-4.395935682843795
OFDM,Classical OFDM,0.33740234375,0.00012072545190649621,-4.703219714736601
OFDM,Classical OFDM,0.337646484375,0.00011204316998536354,-5.02735423607921
OFDM,Classical OFDM,0.337890625,0.00010355691196969001,-5.36941719776496
OFDM,Classical OFDM,0.338134765625,9.52925163500331e-05,-5.730620158913236
OFDM,Classical OFDM,0.33837890625,8.7274536944605e-05,-6.112332579835741
OFDM,Classical OFDM,0.338623046875,7.952607972516423e-05,-6.516112369920027
OFDM,Classical OFDM,0.3388671875,7.206869273924414e-05,-6.943741668026419
OFDM,Classical OFDM,0.339111328125,6.492223660689234e-05,-7.397273381287385
OFDM,Classical OFDM,0.33935546875,5.81047809180621e-05,-7.879089431911078
OFDM,Classical OFDM,0.339599609375,5.1632492859808334e-05,-8.39197717572183
OFDM,Classical OFDM,0.33984375,4.551959318517894e-05,-8.939224391700568
OFDM,Classical OFDM,0.340087890625,3.97782318900846e-05,-9.524753360428646
OFDM,Classical OFDM,0.34033203125,3.441847461545644e-05,-10.153291922055857
OFDM,Classical OFDM,0.340576171875,2.9448241133197248e-05,-10.83061450606722
OFDM,Classical OFDM,0.3408203125,2.487328397814343e-05,-11.563876829947086
OFDM,Classical OFDM,0.341064453125,2.069717517398085e-05,-12.362097358200014
OFDM,Classical OFDM,0.34130859375,1.692130785203554e-05,-13.236868844979952
OFDM,Classical OFDM,0.341552734375,1.3544910820390555e-05,-14.203446612389126
OFDM,Classical OFDM,0.341796875,1.0565086281710609e-05,-15.282477630771375
OFDM,Classical OFDM,0.342041015625,7.97684981737379e-06,-16.502893956940618
OFDM,Classical OFDM,0.34228515625,5.773188825817918e-06,-17.90705048864458
OFDM,Classical OFDM,0.342529296875,3.945136096580473e-06,-19.56058821430349
OFDM,Classical OFDM,0.3427734375,2.4818567798320535e-06,-21.573440951114694
OFDM,Classical OFDM,0.343017578125,1.3707404146309533e-06,-24.151655936112103
OFDM,Classical OFDM,0.34326171875,5.975114012749235e-07,-27.75774614636866
OFDM,Classical OFDM,0.343505859375,1.4634605251975756e-07,-33.86739798784225
OFDM,Classical OFDM,0.34375,7.295739332739075e-15,-106.89051502403774
OFDM,Classical OFDM,0.343994140625,1.3994329496447566e-07,-34.06168716066493
OFDM,Classical OFDM,0.34423828125,5.465032134440817e-07,-28.145280912764132
OFDM,Classical OFDM,0.344482421875,1.1990131824721318e-06,-24.732968532779015
OFDM,Classical OFDM,0.3447265625,2.0759671343124596e-06,-22.349003375304616
OFDM,Classical OFDM,0.344970703125,3.1551762433451674e-06,-20.530971879385113
OFDM,Classical OFDM,0.34521484375,4.413930615440353e-06,-19.072953092162248
OFDM,Classical OFDM,0.345458984375,5.82916110632922e-06,-17.86514752711004
OFDM,Classical OFDM,0.345703125,7.3776009983309975e-06,-16.842056475816037
OFDM,Classical OFDM,0.345947265625,9.03594723191241e-06,-15.961471251607215
OFDM,Classical OFDM,0.34619140625,1.078102082785175e-05,-15.194609261711701
OFDM,Classical OFDM,0.346435546875,1.2589920753300404e-05,-14.520978147562683
OFDM,Classical OFDM,0.3466796875,1.4440181430123572e-05,-13.925481613707472
OFDM,Classical OFDM,0.346923828125,1.6309907418291297e-05,-13.396693154112427
OFDM,Classical OFDM,0.34716796875,1.8177928819791203e-05,-12.925764127232018
OFDM,Classical OFDM,0.347412109375,2.0023919126595666e-05,-12.505717286675083
OFDM,Classical OFDM,0.34765625,2.1828529580294675e-05,-12.130963296010268
OFDM,Classical OFDM,0.347900390625,2.357349860235107e-05,-11.796967691787575
OFDM,Classical OFDM,0.34814453125,2.5241757663016085e-05,-11.500012183088742
OFDM,Classical OFDM,0.348388671875,2.681752743750036e-05,-11.237020775960566
OFDM,Classical OFDM,0.3486328125,2.8286398097995504e-05,-11.005431619569572
OFDM,Classical OFDM,0.348876953125,2.9635408958179394e-05,-10.803098864984278
OFDM,Classical OFDM,0.34912109375,3.0853096389422585e-05,-10.628220552593282
OFDM,Classical OFDM,0.349365234375,3.1929545622092556e-05,-10.479280729308458
OFDM,Classical OFDM,0.349609375,3.285643607169494e-05,-10.355003573708931
OFDM,Classical OFDM,0.349853515625,3.3627040691357214e-05,-10.254321618102933
OFDM,Classical OFDM,0.35009765625,3.423626093770904e-05,-10.1763448345591
OFDM,Classical OFDM,0.350341796875,3.4680604755327996e-05,-10.120341491912754
OFDM,Classical OFDM,0.3505859375,3.495818204412545e-05,-10.085719716088766
OFDM,Classical OFDM,0.350830078125,3.506866645588464e-05,-10.072015597966843
OFDM,Classical OFDM,0.35107421875,3.501327402622273e-05,-10.078880884911092
OFDM,Classical OFDM,0.351318359375,3.479469389034635e-05,-10.106077911247976
OFDM,Classical OFDM,0.3515625,3.4417035834231035e-05,-10.153473472172319
OFDM,Classical OFDM,0.351806640625,3.388576683802356e-05,-10.221034930139531
OFDM,Classical OFDM,0.35205078125,3.3207616538661666e-05,-10.3088310579417
OFDM,Classical OFDM,0.352294921875,3.239049499530359e-05,-10.417032262257527
OFDM,Classical OFDM,0.3525390625,3.14434000944967e-05,-10.54591309403828
OFDM,Classical OFDM,0.352783203125,3.037630941495491e-05,-10.695858033207582
OFDM,Classical OFDM,0.35302734375,2.920007338736866e-05,-10.867368682806939
OFDM,Classical OFDM,0.353271484375,2.7926298741470377e-05,-11.06107431652953
OFDM,Classical OFDM,0.353515625,2.6567237780746632e-05,-11.27774408449966
OFDM,Classical OFDM,0.353759765625,2.5135654994079725e-05,-11.518306045095155
OFDM,Classical OFDM,0.35400390625,2.3644715682943555e-05,-11.783867150380132
OFDM,Classical OFDM,0.354248046875,2.2107858724450062e-05,-12.075741305728538
OFDM,Classical OFDM,0.3544921875,2.0538671276944586e-05,-12.395484671810266
OFDM,Classical OFDM,0.354736328125,1.8950769960764258e-05,-12.744939513846536
OFDM,Classical OFDM,0.35498046875,1.7357676535107812e-05,-13.126292203107951
OFDM,Classical OFDM,0.355224609375,1.5772703287649936e-05,-13.542146776747552
OFDM,Classical OFDM,0.35546875,1.4208840042946405e-05,-13.99562186043079
OFDM,Classical OFDM,0.355712890625,1.2678646998485892e-05,-14.490479009322371
OFDM,Classical OFDM,0.35595703125,1.1194147884499995e-05,-15.031297712061463
OFDM,Classical OFDM,0.356201171875,9.766739635438944e-06,-15.623712008997337
OFDM,Classical OFDM,0.3564453125,8.407097852591352e-06,-16.274747089023446
OFDM,Classical OFDM,0.356689453125,7.125100559039533e-06,-16.993298131513953
OFDM,Classical OFDM,0.35693359375,5.929752602131127e-06,-17.790842368780208
OFDM,Classical OFDM,0.357177734375,4.8291229253372226e-06,-18.682525507170467
OFDM,Classical OFDM,0.357421875,3.830289286548e-06,-19.688892354794135
OFDM,Classical OFDM,0.357666015625,2.9392940650850374e-06,-20.83877773483753
OFDM,Classical OFDM,0.35791015625,2.1611068271650446e-06,-22.174445759007995
OFDM,Classical OFDM,0.358154296875,1.4996015818897149e-06,-23.761449213498963
OFDM,Classical OFDM,0.3583984375,9.575396018288106e-07,-25.709640667046926
OFDM,Classical OFDM,0.358642578125,5.365649612281384e-07,-28.22498502267177
OFDM,Classical OFDM,0.35888671875,2.3720809734921413e-07,-31.769913011787125
OFDM,Classical OFDM,0.359130859375,5.890092592796381e-08,-37.819986892354216
OFDM,Classical OFDM,0.359375,6.8931769648242255e-15,-107.13701383179395
OFDM,Classical OFDM,0.359619140625,5.781930306026724e-08,-37.900479587385576
OFDM,Classical OFDM,0.35986328125,2.2867149028695396e-07,-31.929087890884674
OFDM,Classical OFDM,0.360107421875,5.079175449479838e-07,-28.463275963441696
OFDM,Classical OFDM,0.3603515625,8.900239874781352e-07,-26.02719099536582
OFDM,Classical OFDM,0.360595703125,1.3686268607130992e-06,-24.158357520044493
OFDM,Classical OFDM,0.36083984375,1.936602483692391e-06,-22.650803267251113
OFDM,Classical OFDM,0.361083984375,2.5861440154034666e-06,-21.394681053160866
OFDM,Classical OFDM,0.361328125,3.308842060444013e-06,-20.324447735652097
OFDM,Classical OFDM,0.361572265625,4.095769432952994e-06,-19.397853107220552
OFDM,Classical OFDM,0.36181640625,4.9375716267791205e-06,-18.586074024613225
OFDM,Classical OFDM,0.362060546875,5.824555484744601e-06,-17.86858024512483
OFDM,Classical OFDM,0.3623046875,6.74678527387661e-06,-17.230239228952
OFDM,Classical OFDM,0.362548828125,7.694171071382654e-06,-16.659589730897753
OFDM,Classical OFDM,0.36279296875,8.656568724979855e-06,-16.147750299592765
OFDM,Classical OFDM,0.363037109375,9.623867429474946e-06,-15.687711793378398
OFDM,Classical OFDM,0.36328125,1.0586084102265442e-05,-15.273854712578917
OFDM,Classical OFDM,0.363525390625,1.1533450636161468e-05,-14.901615500673566
OFDM,Classical OFDM,0.36376953125,1.2456498724021474e-05,-14.567248233580475
OFDM,Classical OFDM,0.364013671875,1.3346143388355321e-05,-14.267650247104932
OFDM,Classical OFDM,0.3642578125,1.4193758740731742e-05,-14.000233922163012
OFDM,Classical OFDM,0.364501953125,1.4991248561055377e-05,-13.762830062225746
OFDM,Classical OFDM,0.36474609375,1.5731117524360112e-05,-13.553612356189594
OFDM,Classical OFDM,0.364990234375,1.6406523973387768e-05,-13.371042337728198
OFDM,Classical OFDM,0.365234375,1.7011337871297245e-05,-13.213823408065474
OFDM,Classical OFDM,0.365478515625,1.7540184185256807e-05,-13.080866617494182
OFDM,Classical OFDM,0.36572265625,1.7988484651245637e-05,-12.971262312772577
OFDM,Classical OFDM,0.365966796875,1.8352483350947815e-05,-12.884259724660145
OFDM,Classical OFDM,0.3662109375,1.862927520246965e-05,-12.819248528235054
OFDM,Classical OFDM,0.366455078125,1.8816815673084208e-05,-12.775746805834435
OFDM,Classical OFDM,0.36669921875,1.8913932110766647e-05,-12.753389853688866
OFDM,Classical OFDM,0.366943359375,1.8920320506612676e-05,-12.751923222317252
OFDM,Classical OFDM,0.3671875,1.8836536753368474e-05,-12.771197539128629
OFDM,Classical OFDM,0.367431640625,1.8663979810006815e-05,-12.811165552428456
OFDM,Classical OFDM,0.36767578125,1.8404864829800477e-05,-12.87188179004563
OFDM,Classical OFDM,0.367919921875,1.8062199202219042e-05,-12.953501835622971
OFDM,Classical OFDM,0.3681640625,1.7639739169336584e-05,-13.056286520936506
OFDM,Classical OFDM,0.368408203125,1.7141943204657848e-05,-13.180607593776427
OFDM,Classical OFDM,0.36865234375,1.6573927010735192e-05,-13.326953892858
OFDM,Classical OFDM,0.368896484375,1.59414039476687e-05,-13.495942444867099
OFDM,Classical OFDM,0.369140625,1.5250627727913365e-05,-13.68833091269842
OFDM,Classical OFDM,0.369384765625,1.450832572209987e-05,-13.905035139913995
OFDM,Classical OFDM,0.36962890625,1.37216280559994e-05,-14.147151682372803
OFDM,Classical OFDM,0.369873046875,1.2898002211377043e-05,-14.41598364163709
OFDM,Classical OFDM,0.3701171875,1.2045174029002806e-05,-14.713077321471102
OFDM,Classical OFDM,0.370361328125,1.1171059071923494e-05,-15.04026462882413
OFDM,Classical OFDM,0.37060546875,1.0283681362166674e-05,-15.399721995746615
OFDM,Classical OFDM,0.370849609375,9.391096811937841e-06,-15.794044935540189
OFDM,Classical OFDM,0.37109375,8.501323939375989e-06,-16.22634246123813
OFDM,Classical OFDM,0.371337890625,7.6222648715646305e-06,-16.70036774915614
OFDM,Classical OFDM,0.37158203125,6.761633470222169e-06,-17.220691860813254
OFDM,Classical OFDM,0.371826171875,5.926887828127296e-06,-17.79294103336111
OFDM,Classical OFDM,0.3720703125,5.12516179426994e-06,-18.424132312049363
OFDM,Classical OFDM,0.372314453125,4.363204512016476e-06,-19.123152415209507
OFDM,Classical OFDM,0.37255859375,3.6473176909678595e-06,-19.901472180718656
OFDM,Classical OFDM,0.372802734375,2.9833063957205962e-06,-20.774229520512083
OFDM,Classical OFDM,0.373046875,2.376427082683422e-06,-21.761963181043477
OFDM,Classical OFDM,0.373291015625,1.8313474540665109e-06,-22.893500621894198
OFDM,Classical OFDM,0.37353515625,1.3521064535148774e-06,-24.21109925570828
OFDM,Classical OFDM,0.373779296875,9.420852897538148e-07,-25.780305886949833
OFDM,Classical OFDM,0.3740234375,6.039821328658637e-07,-27.710967198103695
OFDM,Classical OFDM,0.374267578125,3.397945301762075e-07,-30.209044276675993
OFDM,Classical OFDM,0.37451171875,1.5080812530457953e-07,-33.7369606995762
OFDM,Classical OFDM,0.374755859375,3.759172275047302e-08,-39.770285822425485
OFDM,Classical OFDM,0.375,7.92141083293316e-15,-106.53318273273334
OFDM,Classical OFDM,0.375244140625,3.7181935987613666e-08,-39.81788812372327
OFDM,Classical OFDM,0.37548828125,1.47596039743693e-07,-33.83046106451947
OFDM,Classical OFDM,0.375732421875,3.29031827827388e-07,-30.348829011743117
OFDM,Classical OFDM,0.3759765625,5.786374544290245e-07,-27.897142697021707
OFDM,Classical OFDM,0.376220703125,8.929522787843195e-07,-26.012925613114916
OFDM,Classical OFDM,0.37646484375,1.2679462100102142e-06,-24.490199813320114
OFDM,Classical OFDM,0.376708984375,1.6990620587180715e-06,-23.219115693388524
OFDM,Classical OFDM,0.376953125,2.181264616725959e-06,-22.13412456690701
OFDM,Classical OFDM,0.377197265625,2.7090911329779627e-06,-21.192971964159458
OFDM,Classical OFDM,0.37744140625,3.2767076069927834e-06,-20.36683121852424
OFDM,Classical OFDM,0.377685546875,3.877965750063521e-06,-19.63516842125773
OFDM,Classical OFDM,0.3779296875,4.506466765613531e-06,-18.98284638655146
OFDM,Classical OFDM,0.378173828125,5.155618532979931e-06,-18.39840035040202
OFDM,Classical OFDM,0.37841796875,5.818703718034737e-06,-17.87294567264164
OFDM,Classical OFDM,0.378662109375,6.488943148843021e-06,-17.39946842005988
OFDM,Classical OFDM,0.37890625,7.159556844074475e-06,-16.972346696617805
OFDM,Classical OFDM,0.379150390625,7.823831678457085e-06,-16.58701312736112
OFDM,Classical OFDM,0.37939453125,8.47518127803516e-06,-16.23971815004076
OFDM,Classical OFDM,0.379638671875,9.107204620394761e-06,-15.927357168247235
OFDM,Classical OFDM,0.3798828125,9.713752566963843e-06,-15.647337744900762
OFDM,Classical OFDM,0.380126953125,1.028897254163716e-05,-15.397488030106397
OFDM,Classical OFDM,0.38037109375,1.0827366645364475e-05,-15.175979677533846
OFDM,Classical OFDM,0.380615234375,1.1323841514905884e-05,-14.981270287452064
OFDM,Classical OFDM,0.380859375,1.1773748468842616e-05,-14.812060577991542
OFDM,Classical OFDM,0.381103515625,1.2172924462983199e-05,-14.667258841406872
OFDM,Classical OFDM,0.38134765625,1.2517728189397352e-05,-14.545952941986835
OFDM,Classical OFDM,0.381591796875,1.2805068405254246e-05,-14.44738908393919
OFDM,Classical OFDM,0.3818359375,1.3032427890925723e-05,-14.370954805926674
OFDM,Classical OFDM,0.382080078125,1.319788319923353e-05,-14.316165306719235
OFDM,Classical OFDM,0.38232421875,1.330011663450093e-05,-14.28265361724544
OFDM,Classical OFDM,0.382568359375,1.33384249940228e-05,-14.27016260264557
OFDM,Classical OFDM,0.3828125,1.3312718273033008e-05,-14.278540697666992
OFDM,Classical OFDM,0.383056640625,1.3223516427122922e-05,-14.307738521555798
OFDM,Classical OFDM,0.38330078125,1.307193836446423e-05,-14.357808197753634
OFDM,Classical OFDM,0.383544921875,1.2859690290515509e-05,-14.4289030194814
OFDM,Classical OFDM,0.3837890625,1.2589039807370087e-05,-14.521282044108077
OFDM,Classical OFDM,0.384033203125,1.2262791955652837e-05,-14.635314509213417
OFDM,Classical OFDM,0.38427734375,1.188425845749578e-05,-14.771487230041885
OFDM,Classical OFDM,0.384521484375,1.1457220808108811e-05,-14.93041528155979
OFDM,Classical OFDM,0.384765625,1.098589304359227e-05,-15.112854447216451
OFDM,Classical OFDM,0.385009765625,1.0474876091037574e-05,-15.319719168945667
OFDM,Classical OFDM,0.38525390625,9.929113251781392e-06,-15.552103469247346
OFDM,Classical OFDM,0.385498046875,9.353840018892148e-06,-15.811308734384326
OFDM,Classical OFDM,0.3857421875,8.754531466470397e-06,-16.09887903178378
OFDM,Classical OFDM,0.385986328125,8.136849477070132e-06,-16.41664529134397
OFDM,Classical OFDM,0.38623046875,7.506588026571168e-06,-16.76678229473277
OFDM,Classical OFDM,0.386474609375,6.869616526502627e-06,-17.15188316534335
OFDM,Classical OFDM,0.38671875,6.2318249470362566e-06,-17.575055657912262
OFDM,Classical OFDM,0.386962890625,5.5990668355517526e-06,-18.040051595656475
OFDM,Classical OFDM,0.38720703125,4.9771053299649996e-06,-18.55143979454866
OFDM,Classical OFDM,0.387451171875,4.371558443600456e-06,-19.114845223557587
OFDM,Classical OFDM,0.3876953125,3.787847830463674e-06,-19.737282874931765
OFDM,Classical OFDM,0.387939453125,3.231148036151053e-06,-20.42763955401812
OFDM,Classical OFDM,0.38818359375,2.706341171708619e-06,-21.197382666907394
OFDM,Classical OFDM,0.388427734375,2.2179709399745096e-06,-22.061649595345358
OFDM,Classical OFDM,0.388671875,1.770203339433331e-06,-23.04097655529211
OFDM,Classical OFDM,0.388916015625,1.366789998605498e-06,-24.164190190078223
OFDM,Classical OFDM,0.38916015625,1.0110350920111234e-06,-25.47354581448066
OFDM,Classical OFDM,0.389404296875,7.057683063643657e-07,-27.03458659440129
OFDM,Classical OFDM,0.3896484375,4.5332029565856547e-07,-28.957156478798318
OFDM,Classical OFDM,0.389892578125,2.555053095179278e-07,-31.447208818215977
OFDM,Classical OFDM,0.39013671875,1.1360722606851608e-07,-34.96714855361979
OFDM,Classical OFDM,0.390380859375,2.837107541867921e-08,-40.992450129851164
OFDM,Classical OFDM,0.390625,8.598837747990298e-15,-106.176810569289
OFDM,Classical OFDM,0.390869140625,2.815713894091153e-08,-41.02532287363908
OFDM,Classical OFDM,0.39111328125,1.1197247251636937e-07,-35.03009543051949
OFDM,Classical OFDM,0.391357421875,2.5005476515607034e-07,-31.540856761517965
OFDM,Classical OFDM,0.3916015625,4.405084267942778e-07,-29.081665904744128
OFDM,Classical OFDM,0.391845703125,6.809549352890749e-07,-27.190024394048564
OFDM,Classical OFDM,0.39208984375,9.685584272278186e-07,-25.659949870403267
OFDM,Classical OFDM,0.392333984375,1.3000559364326207e-06,-24.381587724866336
OFDM,Classical OFDM,0.392578125,1.6717915858563822e-06,-23.289386761332082
OFDM,Classical OFDM,0.392822265625,2.079751948043406e-06,-22.341092714645043
OFDM,Classical OFDM,0.39306640625,2.5196092870775106e-06,-21.507876107699456
OFDM,Classical OFDM,0.393310546875,2.9867622711695866e-06,-20.769201545495296
OFDM,Classical OFDM,0.3935546875,3.4763829378244503e-06,-20.109932014970227
OFDM,Classical OFDM,0.393798828125,3.9834632340751304e-06,-19.518599980862216
OFDM,Classical OFDM,0.39404296875,4.502862851749753e-06,-18.98632091807434
OFDM,Classical OFDM,0.394287109375,5.029360705017638e-06,-18.50608026950367
OFDM,Classical OFDM,0.39453125,5.557703251293415e-06,-18.072254569391177
OFDM,Classical OFDM,0.394775390625,6.082655645024962e-06,-17.680275806079713
OFDM,Classical OFDM,0.39501953125,6.599050220476604e-06,-17.326393777574403
OFDM,Classical OFDM,0.395263671875,7.101836107665826e-06,-17.007501655573346
OFDM,Classical OFDM,0.3955078125,7.586124072867268e-06,-16.721008698107
OFDM,Classical OFDM,0.395751953125,8.04723678206575e-06,-16.464740310203126
OFDM,Classical OFDM,0.39599609375,8.480745223748313e-06,-16.23686794777395
OFDM,Classical OFDM,0.396240234375,8.882515006319894e-06,-16.03584861356503
OFDM,Classical OFDM,0.396484375,9.248740838346461e-06,-15.86038201100476
OFDM,Classical OFDM,0.396728515625,9.57597971376555e-06,-15.709375938571444
OFDM,Classical OFDM,0.39697265625,9.86118442085494e-06,-15.581917303055128
OFDM,Classical OFDM,0.397216796875,1.0101726529061419e-05,-15.477252039809988
OFDM,Classical OFDM,0.3974609375,1.0295423099048283e-05,-15.394766122084949
OFDM,Classical OFDM,0.397705078125,1.0440548661746942e-05,-15.333974893303324
OFDM,Classical OFDM,0.39794921875,1.0535855615120468e-05,-15.294510008648052
OFDM,Classical OFDM,0.398193359375,1.0580576166712504e-05,-15.276114933171973
OFDM,Classical OFDM,0.3984375,1.057443496021517e-05,-15.27863640872492
OFDM,Classical OFDM,0.398681640625,1.0517641467152507e-05,-15.302024490349275
OFDM,Classical OFDM,0.39892578125,1.0410887396815266e-05,-15.346330620111527
OFDM,Classical OFDM,0.399169921875,1.0255338926065262e-05,-15.411707933968366
OFDM,Classical OFDM,0.3994140625,1.0052621806460415e-05,-15.49841467122279
OFDM,Classical OFDM,0.399658203125,9.804802748161026e-06,-15.6068195021763
OFDM,Classical OFDM,0.39990234375,9.514368051891789e-06,-15.737408636564702
OFDM,Classical OFDM,0.400146484375,9.184195765740746e-06,-15.890796788679761
OFDM,Classical OFDM,0.400390625,8.817529946386245e-06,-16.067738679180316
OFDM,Classical OFDM,0.400634765625,8.417942131876914e-06,-16.2691487530784
OFDM,Classical OFDM,0.40087890625,7.98930123212356e-06,-16.49612014928062
OFDM,Classical OFDM,0.401123046875,7.535731925976696e-06,-16.749953706363353
OFDM,Classical OFDM,0.4013671875,7.061573705820385e-06,-17.03219314763739
OFDM,Classical OFDM,0.401611328125,6.5713395984079064e-06,-17.344668996726636
OFDM,Classical OFDM,0.40185546875,6.069672457511303e-06,-17.689555556910047
OFDM,Classical OFDM,0.402099609375,5.561299961538321e-06,-18.06944490842256
OFDM,Classical OFDM,0.40234375,5.050988397056277e-06,-18.48744440357043
OFDM,Classical OFDM,0.402587890625,4.543496847013613e-06,-18.94730580217889
OFDM,Classical OFDM,0.40283203125,4.043533645268523e-06,-19.453597501039777
OFDM,Classical OFDM,0.403076171875,3.555710807629116e-06,-20.01194379444061
OFDM,Classical OFDM,0.4033203125,3.0845007292006556e-06,-20.629359339746166
OFDM,Classical OFDM,0.403564453125,2.6341940553560874e-06,-21.314730458896065
OFDM,Classical OFDM,0.40380859375,2.208861114046241e-06,-22.07952401510321
OFDM,Classical OFDM,0.404052734375,1.812312579184416e-06,-22.938877063462275
OFDM,Classical OFDM,0.404296875,1.4480655974497804e-06,-23.91332575355081
OFDM,Classical OFDM,0.404541015625,1.1193121611629407e-06,-25.031695888931587
OFDM,Classical OFDM,0.40478515625,8.288893832406567e-07,-26.336242341775463
OFDM,Classical OFDM,0.405029296875,5.792550534553985e-07,-27.89250979935992
OFDM,Classical OFDM,0.4052734375,3.724661388705977e-07,-29.81034014329147
OFDM,Classical OFDM,0.405517578125,2.101608506742851e-07,-32.29568993537139
OFDM,Classical OFDM,0.40576171875,9.354577985128797e-08,-35.810966113576406
OFDM,Classical OFDM,0.406005859375,2.3385891665199743e-08,-41.83166877737975
OFDM,Classical OFDM,0.40625,7.031690877764466e-15,-107.050610408877
OFDM,Classical OFDM,0.406494140625,2.3259677837993733e-08,-41.8551711605862
OFDM,Classical OFDM,0.40673828125,9.259280784969585e-08,-35.85543557075742
OFDM,Classical OFDM,0.406982421875,2.0699110155043248e-07,-32.361691354814965
OFDM,Classical OFDM,0.4072265625,3.650219980447499e-07,-29.898017732303032
OFDM,Classical OFDM,0.407470703125,5.648442948423279e-07,-28.001920646629777
OFDM,Classical OFDM,0.40771484375,8.042274702756295e-07,-26.467419078583653
OFDM,Classical OFDM,0.407958984375,1.080575145848444e-06,-25.18465837051391
OFDM,Classical OFDM,0.408203125,1.3909513814682568e-06,-24.088088610528736
OFDM,Classical OFDM,0.408447265625,1.7321101981426933e-06,-23.13545292526172
OFDM,Classical OFDM,0.40869140625,2.1005281561435155e-06,-22.29792303891747
OFDM,Classical OFDM,0.408935546875,2.4924390173637206e-06,-21.554962700175217
OFDM,Classical OFDM,0.4091796875,2.9038705525723945e-06,-20.891435585486818
OFDM,Classical OFDM,0.409423828125,3.330684566016193e-06,-20.29587306641399
OFDM,Classical OFDM,0.40966796875,3.7686147346533035e-06,-19.759390694154938
OFDM,Classical OFDM,0.409912109375,4.21331039644344e-06,-19.274973562530032
OFDM,Classical OFDM,0.41015625,4.660377020116783e-06,-18.83699759099053
OFDM,Classical OFDM,0.410400390625,5.1054182127941415e-06,-18.440894879033678
OFDM,Classical OFDM,0.41064453125,5.544078051365268e-06,-18.082914754371103
OFDM,Classical OFDM,0.410888671875,5.972081876015946e-06,-17.759950580433653
OFDM,Classical OFDM,0.4111328125,6.3852770837550906e-06,-17.46941063371399
OFDM,Classical OFDM,0.411376953125,6.779673921941834e-06,-17.209120048666374
OFDM,Classical OFDM,0.41162109375,7.1514771356448434e-06,-16.977250567524933
OFDM,Classical OFDM,0.411865234375,7.497129108416009e-06,-16.772258213089323
OFDM,Classical OFDM,0.412109375,7.813335601063495e-06,-16.592843325499654
OFDM,Classical OFDM,0.412353515625,8.097100555653021e-06,-16.43791278532557
OFDM,Classical OFDM,0.41259765625,8.345751996159997e-06,-16.30655336229391
OFDM,Classical OFDM,0.412841796875,8.556964853419196e-06,-16.19801063038461
OFDM,Classical OFDM,0.4130859375,8.728783304437211e-06,-16.111670991342045
OFDM,Classical OFDM,0.413330078125,8.859637445937267e-06,-16.047048611724076
OFDM,Classical OFDM,0.41357421875,8.948355597168966e-06,-16.003775771038423
OFDM,Classical OFDM,0.413818359375,8.994175793322679e-06,-15.981594395206473
OFDM,Classical OFDM,0.4140625,8.996748699352903e-06,-15.980352214573173
OFDM,Classical OFDM,0.414306640625,8.956140361922552e-06,-15.999999199392768
OFDM,Classical OFDM,0.41455078125,8.872832047523876e-06,-16.040585503221706
OFDM,Classical OFDM,0.414794921875,8.747709882217619e-06,-16.102264399965843
OFDM,Classical OFDM,0.4150390625,8.582056595800151e-06,-16.185294369919998
OFDM,Classical OFDM,0.415283203125,8.377539704630936e-06,-16.29004316411681
OFDM,Classical OFDM,0.41552734375,8.136189334199158e-06,-16.416997648896377
OFDM,Classical OFDM,0.415771484375,7.860382678732438e-06,-16.566771212652725
OFDM,Classical OFDM,0.416015625,7.552815834237659e-06,-16.740119161149984
OFDM,Classical OFDM,0.416259765625,7.216477574090689e-06,-16.937955448775202
OFDM,Classical OFDM,0.41650390625,6.854621991472575e-06,-17.16137301267417
OFDM,Classical OFDM,0.416748046875,6.470733857247332e-06,-17.411672736664165
OFDM,Classical OFDM,0.4169921875,6.068495110993257e-06,-17.69039804832367
OFDM,Classical OFDM,0.417236328125,5.651749895122565e-06,-17.99937876302773
OFDM,Classical OFDM,0.41748046875,5.22446586578228e-06,-18.34078915179259
OFDM,Classical OFDM,0.417724609375,4.790696232210968e-06,-18.717221771772326
OFDM,Classical OFDM,0.41796875,4.354541957974549e-06,-19.131783316947136
OFDM,Classical OFDM,0.418212890625,3.9201102389833545e-06,-19.58822531064814
OFDM,Classical OFDM,0.41845703125,3.4914772713047114e-06,-20.09111591993943
OFDM,Classical OFDM,0.418701171875,3.0726488336079867e-06,-20.646078827102173
OFDM,Classical OFDM,0.4189453125,2.6675208696096406e-06,-21.260129853702907
OFDM,Classical OFDM,0.419189453125,2.2798458981650037e-06,-21.942153185399484
OFDM,Classical OFDM,0.41943359375,1.913194526518016e-06,-22.703616815020915
OFDM,Classical OFDM,0.419677734375,1.570923641062836e-06,-23.559657357149504
OFDM,Classical OFDM,0.419921875,1.2561449825682603e-06,-24.53081043244879
OFDM,Classical OFDM,0.420166015625,9.716964935813111e-07,-25.645901756674814
OFDM,Classical OFDM,0.42041015625,7.201157500239273e-07,-26.947185015213606
OFDM,Classical OFDM,0.420654296875,5.036168833072243e-07,-28.500205302099502
OFDM,Classical OFDM,0.4208984375,3.2407126613426865e-07,-30.4148028532282
OFDM,Classical OFDM,0.421142578125,1.8299015096920002e-07,-32.896930957836126
OFDM,Classical OFDM,0.42138671875,8.151201311699623e-08,-36.40899192105596
OFDM,Classical OFDM,0.421630859375,2.039276051725956e-08,-42.42644792104126
OFDM,Classical OFDM,0.421875,5.346838818869084e-15,-108.24023718789616
OFDM,Classical OFDM,0.422119140625,2.0310919578507412e-08,-42.44391224658
OFDM,Classical OFDM,0.42236328125,8.091378519846221e-08,-36.44098293004768
OFDM,Classical OFDM,0.422607421875,1.8101331910699363e-07,-32.94410279439807
OFDM,Classical OFDM,0.4228515625,3.194396781341535e-07,-30.47731951631797
OFDM,Classical OFDM,0.423095703125,4.946608526183756e-07,-28.578132694977857
OFDM,Classical OFDM,0.42333984375,7.047983775295871e-07,-27.04055915581199
OFDM,Classical OFDM,0.423583984375,9.476471310389825e-07,-25.754741590889594
OFDM,Classical OFDM,0.423828125,1.2206965811477183e-06,-24.65513082996074
OFDM,Classical OFDM,0.424072265625,1.5211563474047207e-06,-23.699469572475845
OFDM,Classical OFDM,0.42431640625,1.845983953050737e-06,-22.85892889796425
OFDM,Classical OFDM,0.424560546875,2.1919139936043e-06,-22.112973019402958
OFDM,Classical OFDM,0.4248046875,2.555491322072261e-06,-21.44646400707113
OFDM,Classical OFDM,0.425048828125,2.933103242650981e-06,-20.84793461192435
OFDM,Classical OFDM,0.42529296875,3.321016014457918e-06,-20.308498413860608
OFDM,Classical OFDM,0.425537109375,3.7154085628491535e-06,-19.821142335500742
OFDM,Classical OFDM,0.42578125,4.112413192006949e-06,-19.38024067593796
OFDM,Classical OFDM,0.426025390625,4.50814828451305e-06,-18.981226185614016
OFDM,Classical OFDM,0.42626953125,4.8987585282990136e-06,-18.620347786707786
OFDM,Classical OFDM,0.426513671875,5.280450610982415e-06,-18.29449826283759
OFDM,Classical OFDM,0.4267578125,5.649527942928601e-06,-18.001086501927976
OFDM,Classical OFDM,0.427001953125,6.0024296701079465e-06,-17.737937310531827
OFDM,Classical OFDM,0.42724609375,6.3357581125992005e-06,-17.503222228788392
OFDM,Classical OFDM,0.427490234375,6.646318101204892e-06,-17.29539687901056
OFDM,Classical OFDM,0.427734375,6.931138993005641e-06,-17.113162032034847
OFDM,Classical OFDM,0.427978515625,7.187509799119593e-06,-16.955423614301466
OFDM,Classical OFDM,0.42822265625,7.412997638917063e-06,-16.821269494288767
OFDM,Classical OFDM,0.428466796875,7.605476068858788e-06,-16.70994407089121
OFDM,Classical OFDM,0.4287109375,7.763139813491827e-06,-16.620834033845583
OFDM,Classical OFDM,0.428955078125,7.884524190938646e-06,-16.55345321231261
OFDM,Classical OFDM,0.42919921875,7.968515149399828e-06,-16.507434085870607
OFDM,Classical OFDM,0.429443359375,8.014362217480117e-06,-16.48251844291859
OFDM,Classical OFDM,0.4296875,8.021681903649029e-06,-16.4785537499941
OFDM,Classical OFDM,0.429931640625,7.990461257580497e-06,-16.495489610928097
OFDM,Classical OFDM,0.43017578125,7.921057060757514e-06,-16.533376694059044
OFDM,Classical OFDM,0.430419921875,7.814191617616145e-06,-16.59236754547329
OFDM,Classical OFDM,0.4306640625,7.670941909647461e-06,-16.672721172832677
OFDM,Classical OFDM,0.430908203125,7.49273457714619e-06,-16.774804628154524
OFDM,Classical OFDM,0.43115234375,7.281323256140103e-06,-16.89910499135188
OFDM,Classical OFDM,0.431396484375,7.0387777324919436e-06,-17.046235597706595
OFDM,Classical OFDM,0.431640625,6.767459336279911e-06,-17.216951563257815
OFDM,Classical OFDM,0.431884765625,6.469998278727051e-06,-17.41216646095944
OFDM,Classical OFDM,0.43212890625,6.149268560944514e-06,-17.632973505453965
OFDM,Classical OFDM,0.432373046875,5.808359321335139e-06,-17.880673360322305
OFDM,Classical OFDM,0.4326171875,5.45054440232722e-06,-18.1568092929384
OFDM,Classical OFDM,0.432861328125,5.079251026773336e-06,-18.46321134161941
OFDM,Classical OFDM,0.43310546875,4.698026774618898e-06,-18.802053236802596
OFDM,Classical OFDM,0.433349609375,4.310504212324094e-06,-19.175927373934975
OFDM,Classical OFDM,0.43359375,3.920366979197519e-06,-19.587940886995774
OFDM,Classical OFDM,0.433837890625,3.5313139311808866e-06,-20.04184483489698
OFDM,Classical OFDM,0.43408203125,3.147023851210517e-06,-20.54220776793235
OFDM,Classical OFDM,0.434326171875,2.771121656960268e-06,-21.09465218757146
OFDM,Classical OFDM,0.4345703125,2.407139833151737e-06,-21.706194916182334
OFDM,Classical OFDM,0.434814453125,2.0584903455346123e-06,-22.38571976758889
OFDM,Classical OFDM,0.43505859375,1.7284283395039338e-06,-23.14469432786959
OFDM,Classical OFDM,0.435302734375,1.4200227995176116e-06,-23.998254938667692
OFDM,Classical OFDM,0.435546875,1.136127289453479e-06,-24.966938196299463
OFDM,Classical OFDM,0.435791015625,8.793544364199768e-07,-26.079568522432304
OFDM,Classical OFDM,0.43603515625,6.520497670505318e-07,-27.378400671335985
OFDM,Classical OFDM,0.436279296875,4.5627111850860795e-07,-28.928978319755892
OFDM,Classical OFDM,0.4365234375,2.937694254649011e-07,-30.841142173300973
OFDM,Classical OFDM,0.436767578125,1.659725600127292e-07,-33.32084518487151
OFDM,Classical OFDM,0.43701171875,7.397278477497951e-08,-36.83048842791871
OFDM,Classical OFDM,0.437255859375,1.851687353793621e-08,-42.84553150685252
OFDM,Classical OFDM,0.4375,5.693605510794334e-15,-107.96733438056158
OFDM,Classical OFDM,0.437744140625,1.846272720028298e-08,-42.85824958492472
OFDM,Classical OFDM,0.43798828125,7.359159369791816e-08,-36.85292603125779
OFDM,Classical OFDM,0.438232421875,1.6472277260827792e-07,-33.353671675234196
OFDM,Classical OFDM,0.4384765625,2.908496176340312e-07,-30.884523140365715
OFDM,Classical OFDM,0.438720703125,4.5063270842060293e-07,-28.98298100155657
OFDM,Classical OFDM,0.43896484375,6.424137531864858e-07,-27.443059812133125
OFDM,Classical OFDM,0.439208984375,8.642320573898391e-07,-26.154904394499514
OFDM,Classical OFDM,0.439453125,1.1138443109161399e-06,-25.0529632023974
OFDM,Classical OFDM,0.439697265625,1.3887458397655987e-06,-24.094980402805703
OFDM,Classical OFDM,0.43994140625,1.686196678701801e-06,-23.252125816879587
OFDM,Classical OFDM,0.440185546875,2.003246480394489e-06,-22.50386422845613
OFDM,Classical OFDM,0.4404296875,2.3367651712695362e-06,-21.835057402306287
OFDM,Classical OFDM,0.440673828125,2.6834719076286243e-06,-21.234237580623837
OFDM,Classical OFDM,0.44091796875,3.039966581364365e-06,-20.692520018299927
OFDM,Classical OFDM,0.441162109375,3.402764866780202e-06,-20.20288871118038
OFDM,Classical OFDM,0.44140625,3.768328775265963e-06,-19.759720245740052
OFDM,Classical OFDM,0.441650390625,4.133102471043373e-06,-19.35844638448566
OFDM,Classical OFDM,0.44189453125,4.493546144362655e-06,-18.99531605392455
OFDM,Classical OFDM,0.442138671875,4.8461687110758425e-06,-18.667222819409847
OFDM,Classical OFDM,0.4423828125,5.187563426033439e-06,-18.371573915470123
OFDM,Classical OFDM,0.442626953125,5.514438316350668e-06,-18.10619528090513
OFDM,Classical OFDM,0.44287109375,5.8236478287667815e-06,-17.869257070507803
OFDM,Classical OFDM,0.443115234375,6.112221725060089e-06,-17.659217110399634
OFDM,Classical OFDM,0.443359375,6.377396972225878e-06,-17.47477359977235
OFDM,Classical OFDM,0.443603515625,6.616638058300426e-06,-17.31483432601381
OFDM,Classical OFDM,0.44384765625,6.827665564017872e-06,-17.17848571081791
OFDM,Classical OFDM,0.444091796875,7.00847477890393e-06,-17.064972964223436
OFDM,Classical OFDM,0.4443359375,7.157354964885906e-06,-16.973682548932484
OFDM,Classical OFDM,0.444580078125,7.272906515474727e-06,-16.904128059547773
OFDM,Classical OFDM,0.44482421875,7.354050668509487e-06,-16.85594193446313
OFDM,Classical OFDM,0.445068359375,7.40004213272536e-06,-16.82886618797309
OFDM,Classical OFDM,0.4453125,7.410475077279402e-06,-16.822747602193772
OFDM,Classical OFDM,0.445556640625,7.3852834555087e-06,-16.83753642545414
OFDM,Classical OFDM,0.44580078125,7.32474569942357e-06,-16.873282597765385
OFDM,Classical OFDM,0.446044921875,7.229476787632849e-06,-16.93013943594163
OFDM,Classical OFDM,0.4462890625,7.10042436024607e-06,-17.008365059138775
OFDM,Classical OFDM,0.446533203125,6.9388594917661475e-06,-17.108327178795022
OFDM,Classical OFDM,0.44677734375,6.746361150698104e-06,-17.230512248083848
OFDM,Classical OFDM,0.447021484375,6.5248034111020806e-06,-17.37553380082393
OFDM,Classical OFDM,0.447265625,6.276335055829795e-06,-17.544146913177624
OFDM,Classical OFDM,0.447509765625,6.003359179760995e-06,-17.737264833414244
OFDM,Classical OFDM,0.44775390625,5.708509069821165e-06,-17.955981158163457
OFDM,Classical OFDM,0.447998046875,5.394624327817853e-06,-18.201596046598453
OFDM,Classical OFDM,0.4482421875,5.0647202752953535e-06,-18.47565346968381
OFDM,Classical OFDM,0.448486328125,4.721963186036111e-06,-18.779982143707286
OFDM,Classical OFDM,0.44873046875,4.3696345107849764e-06,-19.11675698416776
OFDM,Classical OFDM,0.448974609375,4.0111030340481795e-06,-19.488569932865897
OFDM,Classical OFDM,0.44921875,3.649791527003715e-06,-19.898527525928454
OFDM,Classical OFDM,0.449462890625,3.289142105379134e-06,-20.35038173909037
OFDM,Classical OFDM,0.44970703125,2.932586605580674e-06,-20.848699645995936
OFDM,Classical OFDM,0.449951171875,2.5835105261291367e-06,-21.39910575871802
OFDM,Classical OFDM,0.4501953125,2.2452221492261827e-06,-22.008614933202708
OFDM,Classical OFDM,0.450439453125,1.920921824199705e-06,-22.686111204966465
OFDM,Classical OFDM,0.45068359375,1.6136690251119124e-06,-23.4430634856395
OFDM,Classical OFDM,0.450927734375,1.3263557621211327e-06,-24.294607827801812
OFDM,Classical OFDM,0.451171875,1.0616782931133242e-06,-25.261278732855608
OFDM,Classical OFDM,0.451416015625,8.221112432848368e-07,-26.371902235198977
OFDM,Classical OFDM,0.45166015625,6.098843754950405e-07,-27.66873303827947
OFDM,Classical OFDM,0.451904296875,4.2696220362022003e-07,-29.217313799607215
OFDM,Classical OFDM,0.4521484375,2.750249262336827e-07,-31.12748754358094
OFDM,Classical OFDM,0.452392578125,1.5545350337846145e-07,-33.60520297256598
OFDM,Classical OFDM,0.45263671875,6.931614851725018e-08,-37.11286387653359
OFDM,Classical OFDM,0.452880859375,1.7359128931881106e-08,-43.12592882410688
OFDM,Classical OFDM,0.453125,7.15677871306657e-15,-106.97403222148843
OFDM,Classical OFDM,0.453369140625,1.7324035002637364e-08,-43.13471758689049
OFDM,Classical OFDM,0.45361328125,6.90839987464384e-08,-37.127433436030365
OFDM,Classical OFDM,0.453857421875,1.5470300163088365e-07,-33.6262207102897
OFDM,Classical OFDM,0.4541015625,2.7328057801788187e-07,-31.155120436357894
OFDM,Classical OFDM,0.454345703125,4.236016547119716e-07,-29.251631633052746
OFDM,Classical OFDM,0.45458984375,6.041489391359984e-07,-27.709767940095922
OFDM,Classical OFDM,0.454833984375,8.131175048887769e-07,-26.41967500517747
OFDM,Classical OFDM,0.455078125,1.0484330436108843e-06,-25.315801110151188
OFDM,Classical OFDM,0.455322265625,1.307771538351086e-06,-24.35588929851405
OFDM,Classical OFDM,0.45556640625,1.5885823819218442e-06,-23.51111069502285
OFDM,Classical OFDM,0.455810546875,1.888112577821145e-06,-22.76092925887791
OFDM,Classical OFDM,0.4560546875,2.2034342394404933e-06,-22.090207175204235
OFDM,Classical OFDM,0.456298828125,2.531471988098487e-06,-21.487476851439993
OFDM,Classical OFDM,0.45654296875,2.869033285132638e-06,-20.94385224476154
OFDM,Classical OFDM,0.456787109375,3.2128386223470037e-06,-20.45231899301042
OFDM,Classical OFDM,0.45703125,3.5595538168878006e-06,-20.007252478051644
OFDM,Classical OFDM,0.457275390625,3.9058211729654914e-06,-19.60408455881311
OFDM,Classical OFDM,0.45751953125,4.248291736260628e-06,-19.23906478505543
OFDM,Classical OFDM,0.457763671875,4.583658236315775e-06,-18.90908582635849
OFDM,Classical OFDM,0.4580078125,4.908686329197127e-06,-18.611555301646035
OFDM,Classical OFDM,0.458251953125,5.2202451926398335e-06,-18.344299091215905
OFDM,Classical OFDM,0.45849609375,5.515336907100244e-06,-18.105487645442054
OFDM,Classical OFDM,0.458740234375,5.79112616056632e-06,-17.893577850173852
OFDM,Classical OFDM,0.458984375,6.044966311088823e-06,-17.707269263674842
OFDM,Classical OFDM,0.459228515625,6.274425854010211e-06,-17.545468196926773
OFDM,Classical OFDM,0.45947265625,6.477309709063098e-06,-17.407261481190226
OFDM,Classical OFDM,0.459716796875,6.651679698073337e-06,-17.291894829911925
OFDM,Classical OFDM,0.4599609375,6.795875265481721e-06,-17.198754121893064
OFDM,Classical OFDM,0.460205078125,6.908528047460799e-06,-17.12735286132164
OFDM,Classical OFDM,0.46044921875,6.988571746538503e-06,-17.077323831157315
OFDM,Classical OFDM,0.460693359375,7.035256700714958e-06,-17.0484086273528
OFDM,Classical OFDM,0.4609375,7.048154254197537e-06,-17.040454108534327
OFDM,Classical OFDM,0.461181640625,7.027158538070689e-06,-17.053410595619305
OFDM,Classical OFDM,0.46142578125,6.972491164789137e-06,-17.08732838604298
OFDM,Classical OFDM,0.461669921875,6.884696209926532e-06,-17.14236029633588
OFDM,Classical OFDM,0.4619140625,6.764635679561325e-06,-17.218763992963687
OFDM,Classical OFDM,0.462158203125,6.613480121290383e-06,-17.316907587378658
OFDM,Classical OFDM,0.46240234375,6.432696807056447e-06,-17.43727728987924
OFDM,Classical OFDM,0.462646484375,6.2240359734267005e-06,-17.580487171190768
OFDM,Classical OFDM,0.462890625,5.989514471806109e-06,-17.747291926359644
OFDM,Classical OFDM,0.463134765625,5.731395047915733e-06,-17.93860467116382
OFDM,Classical OFDM,0.46337890625,5.452164488117486e-06,-18.155518614940537
OFDM,Classical OFDM,0.463623046875,5.154509499431858e-06,-18.399334668871234
OFDM,Classical OFDM,0.4638671875,4.841291456402089e-06,-18.671595823136304
OFDM,Classical OFDM,0.464111328125,4.515518719772213e-06,-18.97413164173825
OFDM,Classical OFDM,0.46435546875,4.180316607918507e-06,-19.30911635702725
OFDM,Classical OFDM,0.464599609375,3.838898258615848e-06,-19.679142089561115
OFDM,Classical OFDM,0.46484375,3.4945339529528626e-06,-20.087315467822112
OFDM,Classical OFDM,0.465087890625,3.1505186585772287e-06,-20.537387552084255
OFDM,Classical OFDM,0.46533203125,2.8101414345503594e-06,-21.03392632708493
OFDM,Classical OFDM,0.465576171875,2.476653136471787e-06,-21.582556247705526
OFDM,Classical OFDM,0.4658203125,2.1532363069710714e-06,-22.190291171278062
OFDM,Classical OFDM,0.466064453125,1.842974216334558e-06,-22.86601551851037
OFDM,Classical OFDM,0.46630859375,1.5488204697089038e-06,-23.621197314476746
OFDM,Classical OFDM,0.466552734375,1.2735722565838076e-06,-24.470972213717648
OFDM,Classical OFDM,0.466796875,1.0198429729933195e-06,-25.435875033970937
OFDM,Classical OFDM,0.467041015625,7.900375147219038e-07,-26.544730970869196
OFDM,Classical OFDM,0.46728515625,5.863292904756788e-07,-27.839792210244553
OFDM,Classical OFDM,0.467529296875,4.106395519479309e-07,-29.386600338345037
OFDM,Classical OFDM,0.4677734375,2.6461937971321415e-07,-31.294991641391192
OFDM,Classical OFDM,0.468017578125,1.4963396831019823e-07,-33.77090617595922
OFDM,Classical OFDM,0.46826171875,6.674976950194772e-08,-37.2767104087717
OFDM,Classical OFDM,0.468505859375,1.6724438383870927e-08,-43.28769268395683
OFDM,Classical OFDM,0.46875,8.304605004024766e-15,-106.32801830506777
OFDM,Classical OFDM,0.468994140625,1.6698720161878676e-08,-43.29437624385121
OFDM,Classical OFDM,0.46923828125,6.662220246684273e-08,-37.28501825269058
OFDM,Classical OFDM,0.469482421875,1.4925351707110036e-07,-33.78196237410011
OFDM,Classical OFDM,0.4697265625,2.6376248294308916e-07,-31.309077888152473
OFDM,Classical OFDM,0.469970703125,4.0901368909814854e-07,-29.403829677649192
OFDM,Classical OFDM,0.47021484375,5.835776901806931e-07,-27.860221304998216
OFDM,Classical OFDM,0.470458984375,7.85745088679124e-07,-26.56839136096593
OFDM,Classical OFDM,0.470703125,1.0135426393645076e-06,-25.462787872035044
OFDM,Classical OFDM,0.470947265625,1.2647530035965389e-06,-24.501150917599695
OFDM,Classical OFDM,0.47119140625,1.53693551031501e-06,-23.654651663032688
OFDM,Classical OFDM,0.471435546875,1.8274502962569826e-06,-22.902752375543102
OFDM,Classical OFDM,0.4716796875,2.133483093690265e-06,-22.230316054858662
OFDM,Classical OFDM,0.471923828125,2.452072770091177e-06,-21.625874566431772
OFDM,Classical OFDM,0.47216796875,2.780139899801422e-06,-21.08054160565136
OFDM,Classical OFDM,0.472412109375,3.114516023671033e-06,-20.587302416359613
OFDM,Classical OFDM,0.47265625,3.45197424420369e-06,-20.140532645187456
OFDM,Classical OFDM,0.472900390625,3.7892599825811186e-06,-19.735664078170657
OFDM,Classical OFDM,0.47314453125,4.123122383203786e-06,-19.368945854316564
OFDM,Classical OFDM,0.473388671875,4.45034612292929e-06,-19.037270219449244
OFDM,Classical OFDM,0.4736328125,4.767780711185074e-06,-18.738045389294562
OFDM,Classical OFDM,0.473876953125,5.072372056388198e-06,-18.46909709863034
OFDM,Classical OFDM,0.47412109375,5.361190228206836e-06,-18.22859593890923
OFDM,Classical OFDM,0.474365234375,5.631460295524208e-06,-18.0149978474805
OFDM,Classical OFDM,0.474609375,5.880584746690573e-06,-17.827002981365084
OFDM,Classical OFDM,0.474853515625,6.106172142119638e-06,-17.663517676795028
OFDM,Classical OFDM,0.47509765625,6.306057025414884e-06,-17.523629174884977
OFDM,Classical OFDM,0.475341796875,6.478323233956469e-06,-17.406581980202052
OFDM,Classical OFDM,0.4755859375,6.621319763050654e-06,-17.311762494767432
OFDM,Classical OFDM,0.475830078125,6.733677601353687e-06,-17.238684920608172
OFDM,Classical OFDM,0.47607421875,6.814323652472316e-06,-17.186980542939136
OFDM,Classical OFDM,0.476318359375,6.862487695764045e-06,-17.156392324435366
OFDM,Classical OFDM,0.4765625,6.877715174784123e-06,-17.14676624703101
OFDM,Classical OFDM,0.476806640625,6.859864283462181e-06,-17.158052875778257
OFDM,Classical OFDM,0.47705078125,6.809113736297863e-06,-17.190302227315076
OFDM,Classical OFDM,0.477294921875,6.725957264472256e-06,-17.243667076672843
OFDM,Classical OFDM,0.4775390625,6.611198759475613e-06,-17.318405972127564
OFDM,Classical OFDM,0.477783203125,6.465948388009538e-06,-17.4148857752759
OFDM,Classical OFDM,0.47802734375,6.291604623409573e-06,-17.533593883209015
OFDM,Classical OFDM,0.478271484375,6.0898489036357e-06,-17.675142938192575
OFDM,Classical OFDM,0.478515625,5.862622644443579e-06,-17.8402887008675
OFDM,Classical OFDM,0.478759765625,5.612112994025885e-06,-18.02994404715768
OFDM,Classical OFDM,0.47900390625,5.340730169941698e-06,-18.24520174590315
OFDM,Classical OFDM,0.479248046875,5.051082934436524e-06,-18.487363119126417
OFDM,Classical OFDM,0.4794921875,4.7459558504321525e-06,-18.757971173783165
OFDM,Classical OFDM,0.479736328125,4.428282814297765e-06,-19.058854617181105
OFDM,Classical OFDM,0.47998046875,4.1011145990952486e-06,-19.39218906102836
OFDM,Classical OFDM,0.480224609375,3.7675953011736675e-06,-19.760565646380183
OFDM,Classical OFDM,0.48046875,3.4309287502610436e-06,-20.167091120236368
OFDM,Classical OFDM,0.480712890625,3.094347590560887e-06,-20.615517144722805
OFDM,Classical OFDM,0.48095703125,2.7610847090953188e-06,-21.110410803816627
OFDM,Classical OFDM,0.481201171875,2.4343395243875476e-06,-21.65739660796918
OFDM,Classical OFDM,0.4814453125,2.117248645879384e-06,-22.2634894744667
OFDM,Classical OFDM,0.481689453125,1.8128568975766792e-06,-22.93757287905131
OFDM,Classical OFDM,0.48193359375,1.5240852255225548e-06,-23.69111558172342
OFDM,Classical OFDM,0.482177734375,1.2537053637220446e-06,-24.53925327317917
OFDM,Classical OFDM,0.482421875,1.0043122135247932e-06,-25.50252067009176
OFDM,Classical OFDM,0.482666015625,7.782990356566938e-07,-26.609743188842636
OFDM,Classical OFDM,0.48291015625,5.778343419818227e-07,-27.903174618618394
OFDM,Classical OFDM,0.483154296875,4.048415897958741e-07,-29.448356895797296
OFDM,Classical OFDM,0.4833984375,2.60980343148716e-07,-31.355130134024826
OFDM,Classical OFDM,0.483642578125,1.4763086397986716e-07,-33.829436498432415
OFDM,Classical OFDM,0.48388671875,6.588011084312308e-08,-37.33366490027598
OFDM,Classical OFDM,0.484130859375,1.651208781517364e-08,-43.34318821591673
OFDM,Classical OFDM,0.484375,7.665629693880651e-15,-106.67572975408032
OFDM,Classical OFDM,0.484619140625,1.6501760119841812e-08,-43.345905415831474
OFDM,Classical OFDM,0.48486328125,6.585844813461686e-08,-37.33509318291777
OFDM,Classical OFDM,0.485107421875,1.4759594362799176e-07,-33.83046389268019
OFDM,Classical OFDM,0.4853515625,2.609293461811286e-07,-31.355978851806476
OFDM,Classical OFDM,0.485595703125,4.0477058558626623e-07,-29.449118661428827
OFDM,Classical OFDM,0.48583984375,5.777388029747941e-07,-27.903892739558373
OFDM,Classical OFDM,0.486083984375,7.781735793729751e-07,-26.610443297168743
OFDM,Classical OFDM,0.486328125,1.0041509010257925e-06,-25.50321828935916
OFDM,Classical OFDM,0.486572265625,1.2535015579656552e-06,-24.53995933150096
OFDM,Classical OFDM,0.48681640625,1.5238319657085189e-06,-23.691837316160907
OFDM,Classical OFDM,0.487060546875,1.8125467372675115e-06,-22.93831597375012
OFDM,Classical OFDM,0.4873046875,2.1168746242748265e-06,-22.26425674319758
OFDM,Classical OFDM,0.487548828125,2.4338933856547367e-06,-21.65819260764276
OFDM,Classical OFDM,0.48779296875,2.76055933055492e-06,-21.11123725695289
OFDM,Classical OFDM,0.488037109375,3.093735768594029e-06,-20.616375927287805
OFDM,Classical OFDM,0.48828125,3.4302236050070073e-06,-20.167983800293563
OFDM,Classical OFDM,0.488525390625,3.766790357469421e-06,-19.761493612179027
OFDM,Classical OFDM,0.48876953125,4.100204191173141e-06,-19.39315325995438
OFDM,Classical OFDM,0.489013671875,4.427261923906447e-06,-19.05985594929256
OFDM,Classical OFDM,0.4892578125,4.744820592473806e-06,-18.759010153622516
OFDM,Classical OFDM,0.489501953125,5.0498296666319435e-06,-18.48844081837235
OFDM,Classical OFDM,0.48974609375,5.339357030681513e-06,-18.24631849110507
OFDM,Classical OFDM,0.489990234375,5.610619578612406e-06,-18.03109988344424
OFDM,Classical OFDM,0.490234375,5.8610085481791165e-06,-17.841484564322823
OFDM,Classical OFDM,0.490478515625,6.088115988129625e-06,-17.67637893394993
OFDM,Classical OFDM,0.49072265625,6.289756288122478e-06,-17.53486993248113
OFDM,Classical OFDM,0.490966796875,6.463988356160164e-06,-17.416202457700415
OFDM,Classical OFDM,0.4912109375,6.609132696831612e-06,-17.319763395904463
OFDM,Classical OFDM,0.491455078125,6.72379196995481e-06,-17.245065430578713
OFDM,Classical OFDM,0.49169921875,6.806858275135216e-06,-17.1917410292533
OFDM,Classical OFDM,0.491943359375,6.857527397124423e-06,-17.159532598563423
OFDM,Classical OFDM,0.4921875,6.87530738541118e-06,-17.14828691587942
OFDM,Classical OFDM,0.492431640625,6.860021306165674e-06,-17.157953466649488
OFDM,Classical OFDM,0.49267578125,6.811810156062897e-06,-17.18858275476035
OFDM,Classical OFDM,0.492919921875,6.731130919733737e-06,-17.24032773607958
OFDM,Classical OFDM,0.4931640625,6.618752846546233e-06,-17.3134464699543
OFDM,Classical OFDM,0.493408203125,6.475751784837926e-06,-17.408306173053685
OFDM,Classical OFDM,0.49365234375,6.303495774678115e-06,-17.525393451691112
OFDM,Classical OFDM,0.493896484375,6.10363533512331e-06,-17.665322326537563
OFDM,Classical OFDM,0.494140625,5.878088409463185e-06,-17.828846974279443
OFDM,Classical OFDM,0.494384765625,5.629018511545354e-06,-18.016881343454
OFDM,Classical OFDM,0.49462890625,5.358818295049176e-06,-18.230517798386096
OFDM,Classical OFDM,0.494873046875,5.070082519680102e-06,-18.471057833416722
OFDM,Classical OFDM,0.4951171875,4.765587330647983e-06,-18.74004378708347
OFDM,Classical OFDM,0.495361328125,4.448260796675272e-06,-19.039305696934314
OFDM,Classical OFDM,0.49560546875,4.121155957130919e-06,-19.371017613598475
OFDM,Classical OFDM,0.495849609375,3.7874217647362577e-06,-19.737771406705356
OFDM,Classical OFDM,0.49609375,3.450272571359238e-06,-20.14267405554577
OFDM,Classical OFDM,0.496337890625,3.1129576947481717e-06,-20.589475925865766
OFDM,Classical OFDM,0.49658203125,2.7787291236561215e-06,-21.08274598321692
OFDM,Classical OFDM,0.496826171875,2.4508122581979564e-06,-21.628107673545248
OFDM,Classical OFDM,0.4970703125,2.1323732912165824e-06,-22.232575770412623
OFDM,Classical OFDM,0.497314453125,1.826490596156304e-06,-22.90503370674064
OFDM,Classical OFDM,0.49755859375,1.5361220679592859e-06,-23.656950829421145
OFDM,Classical OFDM,0.497802734375,1.264080173453002e-06,-24.503461915637395
OFDM,Classical OFDM,0.498046875,1.0130025095933298e-06,-25.465102899507382
OFDM,Classical OFDM,0.498291015625,7.853278251264528e-07,-26.57069825915115
OFDM,Classical OFDM,0.49853515625,5.832713744995749e-07,-27.862501483593938
OFDM,Classical OFDM,0.498779296875,4.088041467520117e-07,-29.406055187601524
OFDM,Classical OFDM,0.4990234375,2.63633652492385e-07,-31.311199646398148
OFDM,Classical OFDM,0.499267578125,1.4918771069744093e-07,-33.783877615210145
OFDM,Classical OFDM,0.49951171875,6.659981636121669e-08,-37.28647779553818
OFDM,Classical OFDM,0.499755859375,1.6698733441021608e-08,-43.294372790259466
Learned,Learned Basis,-0.5,6.001525826508462e-15,-107.73859131876873
Learned,Learned Basis,-0.499755859375,2.212389915983013e-08,-42.07259140926885
Learned,Learned Basis,-0.49951171875,8.832509790900448e-08,-36.0603668369962
Learned,Learned Basis,-0.499267578125,1.9801851681999509e-07,-32.55415007949948
Learned,Learned Basis,-0.4990234375,3.5020249513766524e-07,-30.078015751870304
Learned,Learned Basis,-0.498779296875,5.434678227023378e-07,-28.16946975473664
Learned,Learned Basis,-0.49853515625,7.760114383242948e-07,-26.622526884664694
Learned,Learned Basis,-0.498291015625,1.0456526295785834e-06,-25.327333772798923
Learned,Learned Basis,-0.498046875,1.3498540710397076e-06,-24.218339905583047
Learned,Learned Basis,-0.497802734375,1.685745437284642e-06,-23.253288183562688
Learned,Learned Basis,-0.49755859375,2.0501512144375155e-06,-22.403349164262245
Learned,Learned Basis,-0.497314453125,2.4396194728262385e-06,-21.647987200257866
Learned,Learned Basis,-0.4970703125,2.8504560218660447e-06,-20.972064663265762
Learned,Learned Basis,-0.496826171875,3.2787588279841893e-06,-20.36411338297237
Learned,Learned Basis,-0.49658203125,3.7204547189793955e-06,-19.81524788043737
Learned,Learned Basis,-0.496337890625,4.171338921132298e-06,-19.318453335353865
Learned,Learned Basis,-0.49609375,4.62711512239822e-06,-18.86810506365506
Learned,Learned Basis,-0.495849609375,5.083435211856977e-06,-18.45963518359761
Learned,Learned Basis,-0.49560546875,5.535942904078342e-06,-18.08929208926108
Learned,Learned Basis,-0.495361328125,5.980312102664221e-06,-17.75396961529904
Learned,Learned Basis,-0.4951171875,6.412293357365124e-06,-17.451074284585957
Learned,Learned Basis,-0.494873046875,6.827748180835186e-06,-17.178433160190675
Learned,Learned Basis,-0.49462890625,7.222695182005672e-06,-16.934215244234924
Learned,Learned Basis,-0.494384765625,7.593343492546822e-06,-16.71687765154391
Learned,Learned Basis,-0.494140625,7.936130644795571e-06,-16.52512002652937
Learned,Learned Basis,-0.493896484375,8.247759154711376e-06,-16.357848407281097
Learned,Learned Basis,-0.49365234375,8.525223068799908e-06,-16.214150597741035
Learned,Learned Basis,-0.493408203125,8.765844385197405e-06,-16.093270546096296
Learned,Learned Basis,-0.4931640625,8.967292963863432e-06,-15.994594527175288
Learned,Learned Basis,-0.492919921875,9.127611616661216e-06,-15.917636588170648
Learned,Learned Basis,-0.49267578125,9.24523456070704e-06,-15.86202877111578
Learned,Learned Basis,-0.492431640625,9.319004738619245e-06,-15.827512786574019
Learned,Learned Basis,-0.4921875,9.348184663907783e-06,-15.813935283733322
Learned,Learned Basis,-0.491943359375,9.332460467761373e-06,-15.821246522915303
Learned,Learned Basis,-0.49169921875,9.271951611336658e-06,-15.849496547693803
Learned,Learned Basis,-0.491455078125,9.167206191485104e-06,-15.89883811486761
Learned,Learned Basis,-0.4912109375,9.019197703323291e-06,-15.969529043392958
Learned,Learned Basis,-0.490966796875,8.829317594144554e-06,-16.06193672375945
Learned,Learned Basis,-0.49072265625,8.599357133812557e-06,-16.17654825525173
Learned,Learned Basis,-0.490478515625,8.331499644929961e-06,-16.313976310790967
Learned,Learned Basis,-0.490234375,8.028292013456904e-06,-16.47497650508209
Learned,Learned Basis,-0.489990234375,7.692627206590511e-06,-16.660461246791016
Learned,Learned Basis,-0.48974609375,7.3277123840821565e-06,-16.871523964794676
Learned,Learned Basis,-0.489501953125,6.937041056341888e-06,-17.109465463798198
Learned,Learned Basis,-0.4892578125,6.524361195755683e-06,-17.375828151750774
Learned,Learned Basis,-0.489013671875,6.093637844372196e-06,-17.672441714575392
Learned,Learned Basis,-0.48876953125,5.649015559718014e-06,-18.001480402612746
Learned,Learned Basis,-0.488525390625,5.194780051255484e-06,-18.365536471181166
Learned,Learned Basis,-0.48828125,4.735318359997165e-06,-18.767716288697255
Learned,Learned Basis,-0.488037109375,4.2750753960118475e-06,-19.21177032796644
Learned,Learned Basis,-0.48779296875,3.818511366223745e-06,-19.70226723558952
Learned,Learned Basis,-0.487548828125,3.3700608209265476e-06,-20.244830723853056
Learned,Learned Basis,-0.4873046875,2.9340891912894374e-06,-20.846474997084808
Learned,Learned Basis,-0.487060546875,2.5148513502566855e-06,-21.51608491682749
Learned,Learned Basis,-0.48681640625,2.116450052043629e-06,-22.26512787589774
Learned,Learned Basis,-0.486572265625,1.7427968401728113e-06,-23.108740473708025
Learned,Learned Basis,-0.486328125,1.397574897967955e-06,-24.06745719602407
Learned,Learned Basis,-0.486083984375,1.0842025262999396e-06,-25.17010396330138
Learned,Learned Basis,-0.48583984375,8.058000004000525e-07,-26.458935479573462
Learned,Learned Basis,-0.485595703125,5.651599069101849e-07,-27.999494663029996
Learned,Learned Basis,-0.4853515625,3.647190187121467e-07,-29.901624005126386
Learned,Learned Basis,-0.485107421875,2.0653490449794456e-07,-32.371273530544286
Learned,Learned Basis,-0.48486328125,9.226474130981462e-08,-35.87085042811066
Learned,Learned Basis,-0.484619140625,2.314932404018924e-08,-41.87582497076608
Learned,Learned Basis,-0.484375,6.108205940515157e-15,-107.66207140188415
Learned,Learned Basis,-0.484130859375,2.3190077083711806e-08,-41.86818618992029
Learned,Learned Basis,-0.48388671875,9.265029642619987e-08,-35.85273998082469
Learned,Learned Basis,-0.483642578125,2.0786856872927455e-07,-32.34331985479256
Learned,Learned Basis,-0.4833984375,3.67893854751171e-07,-29.86398277729462
Learned,Learned Basis,-0.483154296875,5.713440552768689e-07,-27.952230982343114
Learned,Learned Basis,-0.48291015625,8.164190126864295e-07,-26.40207701255934
Learned,Learned Basis,-0.482666015625,1.1009156155880303e-06,-25.103667793461643
Learned,Learned Basis,-0.482421875,1.4222489281053662e-06,-23.9914519609653
Learned,Learned Basis,-0.482177734375,1.7774754993716284e-06,-23.0231718807445
Learned,Learned Basis,-0.48193359375,2.1633207906294077e-06,-22.169998871305406
Learned,Learned Basis,-0.481689453125,2.5762098701112197e-06,-21.41139571435621
Learned,Learned Basis,-0.4814453125,3.012300394354769e-06,-20.732225325726272
Learned,Learned Basis,-0.481201171875,3.4675181389941204e-06,-20.121020696286763
Learned,Learned Basis,-0.48095703125,3.937598275988615e-06,-19.56889405015106
Learned,Learned Basis,-0.480712890625,4.4181215518999895e-06,-19.068831511626833
Learned,Learned Basis,-0.48046875,4.904558883486751e-06,-18.615208582417534
Learned,Learned Basis,-0.480224609375,5.392313444290533e-06,-18.203456823031566
Learned,Learned Basis,-0.47998046875,5.876764855551762e-06,-17.82982497400382
Learned,Learned Basis,-0.479736328125,6.353313215253838e-06,-17.491205448553817
Learned,Learned Basis,-0.4794921875,6.817422560617116e-06,-17.185005977524906
Learned,Learned Basis,-0.479248046875,7.264663764042687e-06,-16.909052929078815
Learned,Learned Basis,-0.47900390625,7.690759857128445e-06,-16.661515604414316
Learned,Learned Basis,-0.478759765625,8.091624556082754e-06,-16.44085087522525
Learned,Learned Basis,-0.478515625,8.463403377081867e-06,-16.245757708033256
Learned,Learned Basis,-0.478271484375,8.802509247996855e-06,-16.07514321209095
Learned,Learned Basis,-0.47802734375,9.10566119567874e-06,-15.928093242235564
Learned,Learned Basis,-0.477783203125,9.369910407267741e-06,-15.803853729325512
Learned,Learned Basis,-0.4775390625,9.592678755606934e-06,-15.70180910381248
Learned,Learned Basis,-0.477294921875,9.771773205804494e-06,-15.621474323969665
Learned,Learned Basis,-0.47705078125,9.90541576145861e-06,-15.562481022626336
Learned,Learned Basis,-0.476806640625,9.99226094677796e-06,-15.524570441592832
Learned,Learned Basis,-0.4765625,1.0031406166356815e-05,-15.507589961026842
Learned,Learned Basis,-0.476318359375,1.0022404007407976e-05,-15.511489058690008
Learned,Learned Basis,-0.47607421875,9.965270657080038e-06,-15.536317125761599
Learned,Learned Basis,-0.475830078125,9.860479265726471e-06,-15.582227870141331
Learned,Learned Basis,-0.4755859375,9.70896577427911e-06,-15.64947841095436
Learned,Learned Basis,-0.475341796875,9.512115640786309e-06,-15.738436897734193
Learned,Learned Basis,-0.47509765625,9.27175542309567e-06,-15.849588442448528
Learned,Learned Basis,-0.474853515625,8.990131249946413e-06,-15.983547790347604
Learned,Learned Basis,-0.474609375,8.66989829932278e-06,-16.14106808132265
Learned,Learned Basis,-0.474365234375,8.3140843773697e-06,-16.323063834967733
Learned,Learned Basis,-0.47412109375,7.926073893115685e-06,-16.530626943723902
Learned,Learned Basis,-0.473876953125,7.509568523701726e-06,-16.765058267056588
Learned,Learned Basis,-0.4736328125,7.068556620670455e-06,-17.02790070083925
Learned,Learned Basis,-0.473388671875,6.607276303267345e-06,-17.320983426983247
Learned,Learned Basis,-0.47314453125,6.130172886239904e-06,-17.6464808834129
Learned,Learned Basis,-0.472900390625,5.641861001909952e-06,-18.006984289534916
Learned,Learned Basis,-0.47265625,5.14707790024993e-06,-18.405600699437386
Learned,Learned Basis,-0.472412109375,4.650640714810598e-06,-18.846080218325486
Learned,Learned Basis,-0.47216796875,4.157398872504169e-06,-19.332991172898797
Learned,Learned Basis,-0.471923828125,3.672189336138434e-06,-19.87195746125224
Learned,Learned Basis,-0.4716796875,3.1997900663645524e-06,-20.46999325408612
Learned,Learned Basis,-0.471435546875,2.744874414385879e-06,-21.135983321612123
Learned,Learned Basis,-0.47119140625,2.311965555134668e-06,-21.881394517737025
Learned,Learned Basis,-0.470947265625,1.9053925391636315e-06,-22.721363508824297
Learned,Learned Basis,-0.470703125,1.5292493796278655e-06,-23.676424982361212
Learned,Learned Basis,-0.470458984375,1.1873540987988984e-06,-24.775405554374224
Learned,Learned Basis,-0.47021484375,8.832120034713154e-07,-26.06055848433116
Learned,Learned Basis,-0.469970703125,6.199802755752027e-07,-27.597429384127285
Learned,Learned Basis,-0.4697265625,4.0043744928407687e-07,-29.495861248933387
Learned,Learned Basis,-0.469482421875,2.2695517455755124e-07,-31.961807221584714
Learned,Learned Basis,-0.46923828125,1.0147341539459673e-07,-35.45768533110899
Learned,Learned Basis,-0.468994140625,2.5481139703425115e-08,-41.45901962293594
Learned,Learned Basis,-0.46875,6.604820586642299e-15,-107.32259786290595
Learned,Learned Basis,-0.468505859375,2.557289807278821e-08,-41.44340863578318
Learned,Learned Basis,-0.46826171875,1.0225686579892991e-07,-35.424283338761626
Learned,Learned Basis,-0.468017578125,2.2962080842809255e-07,-31.911095695899053
Learned,Learned Basis,-0.4677734375,4.067475741347112e-07,-29.42795839765285
Learned,Learned Basis,-0.467529296875,6.322404623898833e-07,-27.512385246721998
Learned,Learned Basis,-0.46728515625,9.042356697287834e-07,-25.95839176409331
Learned,Learned Basis,-0.467041015625,1.220416916356965e-06,-24.656125924011572
Learned,Learned Basis,-0.466796875,1.5780363933323414e-06,-23.540037963562526
Learned,Learned Basis,-0.466552734375,1.973939852645509e-06,-22.567868959525534
Learned,Learned Basis,-0.46630859375,2.4045935183542887e-06,-21.710791391041447
Learned,Learned Basis,-0.466064453125,2.8661177356188724e-06,-20.948267846617675
Learned,Learned Basis,-0.4658203125,3.3543215707319435e-06,-20.265161161931907
Learned,Learned Basis,-0.465576171875,3.864741781678928e-06,-19.650003288928968
Learned,Learned Basis,-0.46533203125,4.3926841763026505e-06,-19.09390831592971
Learned,Learned Basis,-0.465087890625,4.933268733980053e-06,-18.58986037440499
Learned,Learned Basis,-0.46484375,5.481473068116176e-06,-18.132235265757338
Learned,Learned Basis,-0.464599609375,6.032181068525682e-06,-17.716464419111283
Learned,Learned Basis,-0.46435546875,6.5802304916497385e-06,-17.338797049216332
Learned,Learned Basis,-0.464111328125,7.120464921303005e-06,-16.996124599810937
Learned,Learned Basis,-0.4638671875,7.64777812146079e-06,-16.68585531594177
Learned,Learned Basis,-0.463623046875,8.157167777592394e-06,-16.4058141620598
Learned,Learned Basis,-0.46337890625,8.643780011319737e-06,-16.15417105893068
Learned,Learned Basis,-0.463134765625,9.102957456248706e-06,-15.929382982161522
Learned,Learned Basis,-0.462890625,9.530287171928986e-06,-15.73014823986249
Learned,Learned Basis,-0.462646484375,9.9216394930107e-06,-15.555373685131126
Learned,Learned Basis,-0.46240234375,1.0273213029517501e-05,-15.404145173110502
Learned,Learned Basis,-0.462158203125,1.0581568659858627e-05,-15.2757075696457
Learned,Learned Basis,-0.4619140625,1.0843666599399185e-05,-15.169446549789043
Learned,Learned Basis,-0.461669921875,1.1056895051713171e-05,-15.08487623788681
Learned,Learned Basis,-0.46142578125,1.1219102259137682e-05,-15.021627047063625
Learned,Learned Basis,-0.461181640625,1.1328611233078143e-05,-14.979441379707632
Learned,Learned Basis,-0.4609375,1.1384245491574582e-05,-14.958165588568683
Learned,Learned Basis,-0.460693359375,1.1385338124104828e-05,-14.957748783161078
Learned,Learned Basis,-0.46044921875,1.1331742151359633e-05,-14.978241274379595
Learned,Learned Basis,-0.460205078125,1.12238357051302e-05,-15.019795103751484
Learned,Learned Basis,-0.4599609375,1.1062518790878485e-05,-15.08266789822902
Learned,Learned Basis,-0.459716796875,1.0849209564693004e-05,-15.167227130589238
Learned,Learned Basis,-0.45947265625,1.0585831869184425e-05,-15.273958192524134
Learned,Learned Basis,-0.459228515625,1.0274798560722506e-05,-15.403474950153344
Learned,Learned Basis,-0.458984375,9.918995646030473e-06,-15.556531115982768
Learned,Learned Basis,-0.458740234375,9.521750879116747e-06,-15.734039965359166
Learned,Learned Basis,-0.45849609375,9.086809642423533e-06,-15.937093810170797
Learned,Learned Basis,-0.458251953125,8.618297230770586e-06,-16.166993431186505
Learned,Learned Basis,-0.4580078125,8.120686962672482e-06,-16.425280416542787
Learned,Learned Basis,-0.457763671875,7.5987535613506644e-06,-16.713784512895295
Learned,Learned Basis,-0.45751953125,7.0575323631189695e-06,-17.03467932894953
Learned,Learned Basis,-0.457275390625,6.502272860267167e-06,-17.390556210233868
Learned,Learned Basis,-0.45703125,5.938388682771789e-06,-17.78452191347139
Learned,Learned Basis,-0.456787109375,5.371408065621432e-06,-18.22032664264871
Learned,Learned Basis,-0.45654296875,4.806921807134016e-06,-18.702537535872924
Learned,Learned Basis,-0.456298828125,4.250528637330274e-06,-19.236778647048414
Learned,Learned Basis,-0.4560546875,3.707784228415671e-06,-19.83006358442992
Learned,Learned Basis,-0.455810546875,3.1841468868968675e-06,-20.49127717392927
Learned,Learned Basis,-0.45556640625,2.6849255523668502e-06,-21.231885631430085
Learned,Learned Basis,-0.455322265625,2.215226784593283e-06,-22.067026173453574
Learned,Learned Basis,-0.455078125,1.7799082254662893e-06,-23.017232011642314
Learned,Learned Basis,-0.454833984375,1.383527488076761e-06,-24.11133019051952
Learned,Learned Basis,-0.45458984375,1.0302991393689642e-06,-25.39157474174912
Learned,Learned Basis,-0.454345703125,7.240522088754735e-07,-26.923509284411097
Learned,Learned Basis,-0.4541015625,4.681909449987934e-07,-28.816978012134644
Learned,Learned Basis,-0.453857421875,2.656606095429818e-07,-31.27793646451181
Learned,Learned Basis,-0.45361328125,1.1891601394356549e-07,-34.76880467968967
Learned,Learned Basis,-0.453369140625,2.989559516967709e-08,-40.76513607329875
Learned,Learned Basis,-0.453125,5.138014433864171e-15,-108.413254912602
Learned,Learned Basis,-0.452880859375,3.007516186475949e-08,-40.739128378308024
Learned,Learned Basis,-0.45263671875,1.2040102548502857e-07,-34.71490625295268
Learned,Learned Basis,-0.452392578125,2.706853533914584e-07,-31.19656054211214
Learned,Learned Basis,-0.4521484375,4.800630348089108e-07,-28.70822544949076
Learned,Learned Basis,-0.451904296875,7.471003815739403e-07,-26.787418530046196
Learned,Learned Basis,-0.45166015625,1.069805757274167e-06,-25.228158804578005
Learned,Learned Basis,-0.451416015625,1.445644699586002e-06,-23.920592430037804
Learned,Learned Basis,-0.451171875,1.871560144093427e-06,-22.799170231474697
Learned,Learned Basis,-0.450927734375,2.3439990319134983e-06,-21.821633832456094
Learned,Learned Basis,-0.45068359375,2.858941810774663e-06,-20.959154951526195
Learned,Learned Basis,-0.450439453125,3.4119389168029098e-06,-20.19119563739473
Learned,Learned Basis,-0.4501953125,3.998149138063939e-06,-19.502618211855456
Learned,Learned Basis,-0.449951171875,4.6123823081675896e-06,-18.881955135900135
Learned,Learned Basis,-0.44970703125,5.24914944596061e-06,-18.320318736958686
Learned,Learned Basis,-0.449462890625,5.902710264807795e-06,-17.810693448740768
Learned,Learned Basis,-0.44921875,6.56712634737512e-06,-17.347454393050203
Learned,Learned Basis,-0.448974609375,7.236315858191996e-06,-16.926032960895018
Learned,Learned Basis,-0.44873046875,7.904112303000679e-06,-16.542677090704665
Learned,Learned Basis,-0.448486328125,8.564321345647835e-06,-16.19427856943951
Learned,Learned Basis,-0.4482421875,9.21077924369098e-06,-15.878244376061874
Learned,Learned Basis,-0.447998046875,9.837410798390451e-06,-15.59240003844722
Learned,Learned Basis,-0.44775390625,1.0438291027745559e-05,-15.334914100660974
Learned,Learned Basis,-0.447509765625,1.100769906969941e-05,-15.104242629860812
Learned,Learned Basis,-0.447265625,1.1540174351544544e-05,-14.899084409375195
Learned,Learned Basis,-0.447021484375,1.2030573083071526e-05,-14.718344955323882
Learned,Learned Basis,-0.44677734375,1.2474115846785823e-05,-14.56111038210044
Learned,Learned Basis,-0.446533203125,1.2866439558654798e-05,-14.426624270214244
Learned,Learned Basis,-0.4462890625,1.3203638259722174e-05,-14.3142719377657
Learned,Learned Basis,-0.446044921875,1.348230487895141e-05,-14.22356667494704
Learned,Learned Basis,-0.44580078125,1.3699568463667471e-05,-14.15413924127283
Learned,Learned Basis,-0.445556640625,1.3853125258882139e-05,-14.105730501299528
Learned,Learned Basis,-0.4453125,1.3941265254217702e-05,-14.078186208213406
Learned,Learned Basis,-0.445068359375,1.3962888371055561e-05,-14.071455452405502
Learned,Learned Basis,-0.44482421875,1.3917526800801284e-05,-14.085587449302718
Learned,Learned Basis,-0.444580078125,1.3805350184772158e-05,-14.120733838512445
Learned,Learned Basis,-0.4443359375,1.3627170470341771e-05,-14.177151224256049
Learned,Learned Basis,-0.444091796875,1.3384438673510295e-05,-14.255206490836802
Learned,Learned Basis,-0.44384765625,1.3079232900414516e-05,-14.355385379470409
Learned,Learned Basis,-0.443603515625,1.271425284369732e-05,-14.478299673894401
Learned,Learned Basis,-0.443359375,1.2292791616869127e-05,-14.62470291550499
Learned,Learned Basis,-0.443115234375,1.1818708559898263e-05,-14.795507878062983
Learned,Learned Basis,-0.44287109375,1.1296403987259132e-05,-14.991805957983868
Learned,Learned Basis,-0.442626953125,1.073077629198845e-05,-15.214896701417643
Learned,Learned Basis,-0.4423828125,1.012718228717118e-05,-15.466321839653723
Learned,Learned Basis,-0.442138671875,9.491390263209598e-06,-15.74790980313496
Learned,Learned Basis,-0.44189453125,8.829527217718875e-06,-16.061833615812606
Learned,Learned Basis,-0.441650390625,8.14802624729414e-06,-16.410683918990753
Learned,Learned Basis,-0.44140625,7.453567140675124e-06,-16.797566433434184
Learned,Learned Basis,-0.441162109375,6.7530163244248776e-06,-17.22623011660759
Learned,Learned Basis,-0.44091796875,6.053360495620518e-06,-17.70124273014599
Learned,Learned Basis,-0.440673828125,5.361646891274914e-06,-18.228226025147666
Learned,Learned Basis,-0.4404296875,4.684912388625834e-06,-18.81419337558004
Learned,Learned Basis,-0.440185546875,4.030119727770473e-06,-19.468028627671693
Learned,Learned Basis,-0.43994140625,3.404090092191554e-06,-20.2011976568119
Learned,Learned Basis,-0.439697265625,2.8134369842553084e-06,-21.028836190133156
Learned,Learned Basis,-0.439453125,2.264503742817896e-06,-21.971477683949857
Learned,Learned Basis,-0.439208984375,1.7632994825848372e-06,-23.0579473115047
Learned,Learned Basis,-0.43896484375,1.315439768211403e-06,-24.3304984396687
Learned,Learned Basis,-0.438720703125,9.260900402182759e-07,-25.854675976870986
Learned,Learned Basis,-0.4384765625,5.999134417882276e-07,-27.740322182842732
Learned,Learned Basis,-0.438232421875,3.4102091176360416e-07,-30.193398000185102
Learned,Learned Basis,-0.43798828125,1.5292822800073873e-07,-33.67633154894368
Learned,Learned Basis,-0.437744140625,3.851660620626074e-08,-39.66472797851391
Learned,Learned Basis,-0.4375,4.565374409312853e-15,-108.92644411122637
Learned,Learned Basis,-0.437255859375,3.8897511943598014e-08,-39.621989884015036
Learned,Learned Basis,-0.43701171875,1.5601243624155972e-07,-33.58961592513072
Learned,Learned Basis,-0.436767578125,3.514178869560798e-07,-30.06296948179241
Learned,Learned Basis,-0.4365234375,6.244487075942974e-07,-27.56624040130238
Learned,Learned Basis,-0.436279296875,9.7370069336639e-07,-25.63695331960424
Learned,Learned Basis,-0.43603515625,1.3970360682590569e-06,-24.069131924814503
Learned,Learned Basis,-0.435791015625,1.891597365515439e-06,-22.75292110736499
Learned,Learned Basis,-0.435546875,2.453825273966447e-06,-21.622771759206337
Learned,Learned Basis,-0.435302734375,3.079486854254159e-06,-20.636424567159356
Learned,Learned Basis,-0.43505859375,3.7637073465788096e-06,-19.765049644581843
Learned,Learned Basis,-0.434814453125,4.5010097078092395e-06,-18.988108615964506
Learned,Learned Basis,-0.4345703125,5.285359773627477e-06,-18.290462562170386
Learned,Learned Basis,-0.434326171875,6.110217531321917e-06,-17.660641392853726
Learned,Learned Basis,-0.43408203125,6.968593208257208e-06,-17.089756979129906
Learned,Learned Basis,-0.433837890625,7.853108216488716e-06,-16.57079229117439
Learned,Learned Basis,-0.43359375,8.756059577613936e-06,-16.09812103311042
Learned,Learned Basis,-0.433349609375,9.669489851254432e-06,-15.667172493066913
Learned,Learned Basis,-0.43310546875,1.0585258196638174e-05,-15.274193553878266
Learned,Learned Basis,-0.432861328125,1.149511774716982e-05,-14.916073870176529
Learned,Learned Basis,-0.4326171875,1.2390786672013069e-05,-14.590219312843809
Learned,Learned Basis,-0.432373046875,1.326402927370511e-05,-14.294453395303856
Learned,Learned Basis,-0.43212890625,1.4106734819570304e-05,-14.026943087355392
Learned,Learned Basis,-0.431884765625,1.4910992650089654e-05,-13.786142550891263
Learned,Learned Basis,-0.431640625,1.5669168905985165e-05,-13.57074849161102
Learned,Learned Basis,-0.431396484375,1.637397937038852e-05,-13.379665723399757
Learned,Learned Basis,-0.43115234375,1.7018572023298915e-05,-13.21197694279264
Learned,Learned Basis,-0.430908203125,1.7596583049117225e-05,-13.066924676716177
Learned,Learned Basis,-0.4306640625,1.8102209678814652e-05,-12.943892201824971
Learned,Learned Basis,-0.430419921875,1.8530271377354457e-05,-12.84239031581297
Learned,Learned Basis,-0.43017578125,1.887626229005338e-05,-12.76204807889677
Learned,Learned Basis,-0.429931640625,1.91364072501158e-05,-12.702604064109366
Learned,Learned Basis,-0.4296875,1.930770159901928e-05,-12.663902330581928
Learned,Learned Basis,-0.429443359375,1.9387949711928223e-05,-12.645889266373773
Learned,Learned Basis,-0.42919921875,1.937580028567781e-05,-12.648611618546585
Learned,Learned Basis,-0.428955078125,1.9270763820894497e-05,-12.672218824222039
Learned,Learned Basis,-0.4287109375,1.9073230427859446e-05,-12.71696555611005
Learned,Learned Basis,-0.428466796875,1.878448245248446e-05,-12.783215772838055
Learned,Learned Basis,-0.42822265625,1.8406684440279826e-05,-12.87145244283982
Learned,Learned Basis,-0.427978515625,1.794288572629811e-05,-12.982285199964739
Learned,Learned Basis,-0.427734375,1.7396996801897196e-05,-13.116465275941087
Learned,Learned Basis,-0.427490234375,1.6773767947704146e-05,-13.274901806354896
Learned,Learned Basis,-0.42724609375,1.6078754269374224e-05,-13.45868413261529
Learned,Learned Basis,-0.427001953125,1.5318276848434268e-05,-13.669108969278259
Learned,Learned Basis,-0.4267578125,1.449937806575257e-05,-13.907714371561742
Learned,Learned Basis,-0.426513671875,1.3629757176687454e-05,-14.176326925706956
Learned,Learned Basis,-0.42626953125,1.2717719807183666e-05,-14.477115587122151
Learned,Learned Basis,-0.426025390625,1.1772101226688016e-05,-14.812668233428504
Learned,Learned Basis,-0.42578125,1.0802196257795964e-05,-15.186087478058294
Learned,Learned Basis,-0.425537109375,9.817681092323897e-06,-15.60111890417404
Learned,Learned Basis,-0.42529296875,8.828525233220768e-06,-16.062326485952344
Learned,Learned Basis,-0.425048828125,7.84490894011025e-06,-16.575329043523507
Learned,Learned Basis,-0.4248046875,6.87712885821443e-06,-17.14713649339718
Learned,Learned Basis,-0.424560546875,5.9355096365224575e-06,-17.786627968096603
Learned,Learned Basis,-0.42431640625,5.030302758111835e-06,-18.505266865629547
Learned,Learned Basis,-0.424072265625,4.171597106152409e-06,-19.318184537105353
Learned,Learned Basis,-0.423828125,3.369223297858177e-06,-20.245910160904597
Learned,Learned Basis,-0.423583984375,2.6326568448708045e-06,-21.31726556787441
Learned,Learned Basis,-0.42333984375,1.9709283550527885e-06,-22.574499736382908
Learned,Learned Basis,-0.423095703125,1.3925331677304202e-06,-24.08315263113302
Learned,Learned Basis,-0.4228515625,9.053456427419649e-07,-25.953063954706455
Learned,Learned Basis,-0.422607421875,5.165373344015113e-07,-28.390190942010758
Learned,Learned Basis,-0.42236328125,2.3250097260237368e-07,-31.856960372468272
Learned,Learned Basis,-0.422119140625,5.8778919414161005e-08,-37.82899213442123
Learned,Learned Basis,-0.421875,4.141885528228518e-15,-109.34922719358775
Learned,Learned Basis,-0.421630859375,5.982197880183265e-08,-37.75260036623914
Learned,Learned Basis,-0.42138671875,2.4088284507548823e-07,-31.70314939223404
Learned,Learned Basis,-0.421142578125,5.447598404354199e-07,-28.15915727225422
Learned,Learned Basis,-0.4208984375,9.719378926503214e-07,-25.64482297061413
Learned,Learned Basis,-0.420654296875,1.5217868613177596e-06,-23.69766981021719
Learned,Learned Basis,-0.42041015625,2.1925481037954616e-06,-22.111716808024035
Learned,Learned Basis,-0.420166015625,2.9813332459897177e-06,-20.77710288126084
Learned,Learned Basis,-0.419921875,3.884127834580783e-06,-19.628272962356384
Learned,Learned Basis,-0.419677734375,4.895810296220672e-06,-18.62296229886162
Learned,Learned Basis,-0.41943359375,6.0101799817681e-06,-17.732333335789267
Learned,Learned Basis,-0.419189453125,7.219991118832666e-06,-16.93584147872346
Learned,Learned Basis,-0.4189453125,8.517002425385296e-06,-16.218340403058164
Learned,Learned Basis,-0.418701171875,9.89203271261368e-06,-15.568352673366931
Learned,Learned Basis,-0.41845703125,1.1335026200066841e-05,-14.976982829223488
Learned,Learned Basis,-0.418212890625,1.2835129404610992e-05,-14.437205596105176
Learned,Learned Basis,-0.41796875,1.4380768676871288e-05,-13.943387107694514
Learned,Learned Basis,-0.417724609375,1.595974732412342e-05,-13.490947999378989
Learned,Learned Basis,-0.41748046875,1.7559340952598832e-05,-13.076125995425274
Learned,Learned Basis,-0.417236328125,1.9166398799034952e-05,-12.695802908682502
Learned,Learned Basis,-0.4169921875,2.076745736445833e-05,-12.347374836926893
Learned,Learned Basis,-0.416748046875,2.2348853400481826e-05,-12.028655645008682
Learned,Learned Basis,-0.41650390625,2.389684337046127e-05,-11.737802741822168
Learned,Learned Basis,-0.416259765625,2.5397724205623985e-05,-11.47326008354197
Learned,Learned Basis,-0.416015625,2.683795632739811e-05,-11.23371369382835
Learned,Learned Basis,-0.415771484375,2.820428699348492e-05,-11.018056860225855
Learned,Learned Basis,-0.41552734375,2.9483877205103795e-05,-10.8253621745005
Learned,Learned Basis,-0.415283203125,3.066442667177941e-05,-10.654859620651747
Learned,Learned Basis,-0.4150390625,3.173428582641001e-05,-10.505920821735554
Learned,Learned Basis,-0.414794921875,3.2682587912399946e-05,-10.37804373169832
Learned,Learned Basis,-0.41455078125,3.3499346106551275e-05,-10.270844813552822
Learned,Learned Basis,-0.414306640625,3.417558690116817e-05,-10.18404829733808
Learned,Learned Basis,-0.4140625,3.470342132751076e-05,-10.117485182669391
Learned,Learned Basis,-0.413818359375,3.507617251052605e-05,-10.071086138815721
Learned,Learned Basis,-0.41357421875,3.528843588504072e-05,-10.044884019883272
Learned,Learned Basis,-0.413330078125,3.533617696613865e-05,-10.039012499912538
Learned,Learned Basis,-0.4130859375,3.521680322010066e-05,-10.053708805730828
Learned,Learned Basis,-0.412841796875,3.492920161858925e-05,-10.089321522010053
Learned,Learned Basis,-0.41259765625,3.447381050958844e-05,-10.146315210919816
Learned,Learned Basis,-0.412353515625,3.385264875427113e-05,-10.225281560960504
Learned,Learned Basis,-0.412109375,3.306934551135261e-05,-10.326952115224033
Learned,Learned Basis,-0.411865234375,3.212913440971703e-05,-10.452217858340013
Learned,Learned Basis,-0.41162109375,3.103889110260213e-05,-10.602146139943025
Learned,Learned Basis,-0.411376953125,2.9807087943583196e-05,-10.778012622912737
Learned,Learned Basis,-0.4111328125,2.8443788159199552e-05,-10.981333757400463
Learned,Learned Basis,-0.410888671875,2.6960605057340103e-05,-11.213911766960338
Learned,Learned Basis,-0.41064453125,2.5370647638424046e-05,-11.477892575942905
Learned,Learned Basis,-0.410400390625,2.3688469444011304e-05,-11.775838101688175
Learned,Learned Basis,-0.41015625,2.1929985678601727e-05,-12.11082463164132
Learned,Learned Basis,-0.409912109375,2.0112392597635066e-05,-12.486570732918292
Learned,Learned Basis,-0.40966796875,1.8254070384599406e-05,-12.907610904621016
Learned,Learned Basis,-0.409423828125,1.637447404964962e-05,-13.379534519357435
Learned,Learned Basis,-0.4091796875,1.4494020119567207e-05,-13.909319513859483
Learned,Learned Basis,-0.408935546875,1.2633958759286363e-05,-14.50581356321203
Learned,Learned Basis,-0.40869140625,1.0816241684761454e-05,-15.180444283761318
Learned,Learned Basis,-0.408447265625,9.063379068573415e-06,-15.948306668335064
Learned,Learned Basis,-0.408203125,7.398291265648608e-06,-16.829893860337346
Learned,Learned Basis,-0.407958984375,5.844161672078086e-06,-17.853985895345513
Learned,Learned Basis,-0.40771484375,4.42427080684448e-06,-19.0627910922191
Learned,Learned Basis,-0.407470703125,3.16184350513925e-06,-20.521804404224216
Learned,Learned Basis,-0.4072265625,2.079883526171901e-06,-22.34081796145805
Learned,Learned Basis,-0.406982421875,1.2010123696378381e-06,-24.725733308517274
Learned,Learned Basis,-0.40673828125,5.473051784994714e-07,-28.13891253850024
Learned,Learned Basis,-0.406494140625,1.4013228703539336e-07,-34.05582601237097
Learned,Learned Basis,-0.40625,5.380352026747395e-15,-108.21310119523179
Learned,Learned Basis,-0.406005859375,1.4639762912773936e-07,-33.86586767734349
Learned,Learned Basis,-0.40576171875,5.976489305183856e-07,-27.75674664546137
Learned,Learned Basis,-0.405517578125,1.3707700320572033e-06,-24.151562099630066
Learned,Learned Basis,-0.4052734375,2.4813350497306945e-06,-21.574354010745186
Learned,Learned Basis,-0.405029296875,3.943348922398924e-06,-19.562556044366318
Learned,Learned Basis,-0.40478515625,5.769132943362523e-06,-17.910102643102494
Learned,Learned Basis,-0.404541015625,7.96921604342593e-06,-16.507052106272067
Learned,Learned Basis,-0.404296875,1.0552240622160433e-05,-15.287761253809979
Learned,Learned Basis,-0.404052734375,1.3524880317189299e-05,-14.209873805383369
Learned,Learned Basis,-0.40380859375,1.6891769671027122e-05,-13.244456602865567
Learned,Learned Basis,-0.403564453125,2.0655445857344884e-05,-12.370862373644316
Learned,Learned Basis,-0.4033203125,2.4816304490054275e-05,-11.573837020348378
Learned,Learned Basis,-0.403076171875,2.937257372386995e-05,-10.841788086894926
Learned,Learned Basis,-0.40283203125,3.432029806716092e-05,-10.165697602432566
Learned,Learned Basis,-0.402587890625,3.965333676323572e-05,-9.538410728658263
Learned,Learned Basis,-0.40234375,4.5363379330005015e-05,-8.954154115109427
Learned,Learned Basis,-0.402099609375,5.143997922925073e-05,-8.408200266711974
Learned,Learned Basis,-0.40185546875,5.787058300349349e-05,-7.896629536427493
Learned,Learned Basis,-0.401611328125,6.46406170391091e-05,-7.41615317799735
Learned,Learned Basis,-0.4013671875,7.173353030040087e-05,-6.963986064563009
Learned,Learned Basis,-0.401123046875,7.913087591282848e-05,-6.537748381933392
Learned,Learned Basis,-0.40087890625,8.681247303449402e-05,-6.135386830432355
Learned,Learned Basis,-0.400634765625,9.475640815111379e-05,-5.755122212864096
Learned,Learned Basis,-0.400390625,0.00010293926299107061,-5.395397566958277
Learned,Learned Basis,-0.400146484375,0.00011133618704383952,-5.054844673833338
Learned,Learned Basis,-0.39990234375,0.00011992106072644557,-4.732253499440944
Learned,Learned Basis,-0.399658203125,0.00012866664560020287,-4.426548323798293
Learned,Learned Basis,-0.3994140625,0.0001375447242276784,-4.136768743167638
Learned,Learned Basis,-0.399169921875,0.0001465263073681941,-3.8620520619974865
Learned,Learned Basis,-0.39892578125,0.00015558175311524049,-3.6016215035857106
Learned,Learned Basis,-0.398681640625,0.00016468100258136025,-3.3547730889800507
Learned,Learned Basis,-0.3984375,0.00017379368608584303,-3.120868167184647
Learned,Learned Basis,-0.398193359375,0.00018288939250887804,-2.8993229387604043
Learned,Learned Basis,-0.39794921875,0.00019193774957981113,-2.689604127175521
Learned,Learned Basis,-0.397705078125,0.00020090868805140992,-2.4912209353529895
Learned,Learned Basis,-0.3974609375,0.00020977260486632158,-2.3037204010481855
Learned,Learned Basis,-0.397216796875,0.00021850045639504868,-2.1266846278091736
Learned,Learned Basis,-0.39697265625,0.00022706406404931492,-1.9597240452654892
Learned,Learned Basis,-0.396728515625,0.00023543617126082792,-1.8024762471367954
Learned,Learned Basis,-0.396484375,0.00024359064549689388,-1.654602049618783
Learned,Learned Basis,-0.396240234375,0.00025150263365704406,-1.5157827401336053
Learned,Learned Basis,-0.39599609375,0.000259148686390336,-1.3857179945773357
Learned,Learned Basis,-0.395751953125,0.00026650685651321686,-1.2641242447604715
Learned,Learned Basis,-0.3955078125,0.0002735569735435639,-1.1507302088943356
Learned,Learned Basis,-0.395263671875,0.00028028050384372026,-1.0452792169751912
Learned,Learned Basis,-0.39501953125,0.0002866608614137484,-0.9475240963689027
Learned,Learned Basis,-0.394775390625,0.00029268341825120463,-0.8572269270677022
Learned,Learned Basis,-0.39453125,0.00029833550953102745,-0.7741586267196304
Learned,Learned Basis,-0.394287109375,0.0003036066304412637,-0.6980955937536021
Learned,Learned Basis,-0.39404296875,0.0003084883377652056,-0.6288206081376718
Learned,Learned Basis,-0.393798828125,0.0003129743793785794,-0.5661202431761321
Learned,Learned Basis,-0.3935546875,0.00031706066317021983,-0.5097844755784097
Learned,Learned Basis,-0.393310546875,0.00032074524668229546,-0.4596058220312513
Learned,Learned Basis,-0.39306640625,0.00032402836300974604,-0.41537784477042144
Learned,Learned Basis,-0.392822265625,0.00032691237936118223,-0.37689444678425976
Learned,Learned Basis,-0.392578125,0.0003294016779214721,-0.34395004156668973
Learned,Learned Basis,-0.392333984375,0.0003315027335500541,-0.31633697305612274
Learned,Learned Basis,-0.39208984375,0.0003332239791038609,-0.29384565135890217
Learned,Learned Basis,-0.391845703125,0.00033457568112001834,-0.27626440466276253
Learned,Learned Basis,-0.3916015625,0.00033556987765719434,-0.26337841650283894
Learned,Learned Basis,-0.391357421875,0.0003362203472162741,-0.2549681890842857
Learned,Learned Basis,-0.39111328125,0.0003365423497459823,-0.2508108856808341
Learned,Learned Basis,-0.390869140625,0.000336552673261871,-0.2506776668682919
Learned,Learned Basis,-0.390625,0.0003362693126932918,-0.25433575002156505
Learned,Learned Basis,-0.390380859375,0.000335711511322496,-0.2615457805556844
Learned,Learned Basis,-0.39013671875,0.0003348995173299195,-0.2720628960693073
Learned,Learned Basis,-0.389892578125,0.00033385441803778176,-0.28563683413840213
Learned,Learned Basis,-0.3896484375,0.0003325980414922218,-0.30201123682842956
Learned,Learned Basis,-0.389404296875,0.00033115282178622216,-0.3209235116004891
Learned,Learned Basis,-0.38916015625,0.00032954151934568113,-0.3421067154639511
Learned,Learned Basis,-0.388916015625,0.0003277871691305371,-0.36528861639606836
Learned,Learned Basis,-0.388671875,0.00032591293559791726,-0.390192131188519
Learned,Learned Basis,-0.388427734375,0.00032394186406753514,-0.4165373429061689
Learned,Learned Basis,-0.38818359375,0.0003218968496423653,-0.44404084895814366
Learned,Learned Basis,-0.387939453125,0.0003198002849762899,-0.4724196481205301
Learned,Learned Basis,-0.3876953125,0.0003176741949511748,-0.5013887321742181
Learned,Learned Basis,-0.387451171875,0.00031553988444451664,-0.5306654907340266
Learned,Learned Basis,-0.38720703125,0.0003134178917104543,-0.5599702633801816
Learned,Learned Basis,-0.386962890625,0.00031132782262336756,-0.589028769486469
Learned,Learned Basis,-0.38671875,0.0003092883195985518,-0.6175729222337096
Learned,Learned Basis,-0.386474609375,0.0003073168647564909,-0.6453441735452231
Learned,Learned Basis,-0.38623046875,0.00030542974366364463,-0.6720948354748526
Learned,Learned Basis,-0.385986328125,0.00030364194173469755,-0.6975905122892022
Learned,Learned Basis,-0.3857421875,0.0003019670354549202,-0.7216127588878354
Learned,Learned Basis,-0.385498046875,0.0003004172234594947,-0.7439598329601225
Learned,Learned Basis,-0.38525390625,0.0002990031814966634,-0.7644500183368357
Learned,Learned Basis,-0.385009765625,0.00029773409868694134,-0.7829223514917998
Learned,Learned Basis,-0.384765625,0.00029661756356559046,-0.7992394796591679
Learned,Learned Basis,-0.384521484375,0.000295659672860258,-0.8132871919371003
Learned,Learned Basis,-0.38427734375,0.0002948648968139004,-0.8249773764753675
Learned,Learned Basis,-0.384033203125,0.000294236229401522,-0.8342466472216963
Learned,Learned Basis,-0.3837890625,0.0002937750847324241,-0.8410585102383739
Learned,Learned Basis,-0.383544921875,0.00029348136438874336,-0.845402817918977
Learned,Learned Basis,-0.38330078125,0.0002933535662030899,-0.8472943906529993
Learned,Learned Basis,-0.383056640625,0.0002933887531792225,-0.8467734972698984
Learned,Learned Basis,-0.3828125,0.0002935827037087873,-0.8439034548912016
Learned,Learned Basis,-0.382568359375,0.00029392987013221727,-0.8387708845851533
Learned,Learned Basis,-0.38232421875,0.0002944235755744595,-0.831482286170653
Learned,Learned Basis,-0.382080078125,0.00029505603984441263,-0.8221630208167605
Learned,Learned Basis,-0.3818359375,0.00029581845195335283,-0.8109555119396086
Learned,Learned Basis,-0.381591796875,0.0002967011565908853,-0.7980157195242512
Learned,Learned Basis,-0.38134765625,0.0002976936800243824,-0.7835119646327992
Learned,Learned Basis,-0.381103515625,0.00029878482851684684,-0.7676226981788661
Learned,Learned Basis,-0.380859375,0.00029996292142185144,-0.750532365626464
Learned,Learned Basis,-0.380615234375,0.0003012157911835395,-0.7324307528993019
Learned,Learned Basis,-0.38037109375,0.000302530902474038,-0.7135106830795086
Learned,Learned Basis,-0.380126953125,0.00030389553348952224,-0.693964941500105
Learned,Learned Basis,-0.3798828125,0.00030529682774909104,-0.6739851953138093
Learned,Learned Basis,-0.379638671875,0.0003067219753908313,-0.6537591868241334
Learned,Learned Basis,-0.37939453125,0.0003081582494310306,-0.6334701289082993
Learned,Learned Basis,-0.379150390625,0.0003095931767004668,-0.613294307712798
Learned,Learned Basis,-0.37890625,0.00031101459482317046,-0.593400418047686
Learned,Learned Basis,-0.378662109375,0.00031241076099406393,-0.5739482648147481
Learned,Learned Basis,-0.37841796875,0.0003137704659364873,-0.5550874859787853
Learned,Learned Basis,-0.378173828125,0.00031508314785972454,-0.536956355576597
Learned,Learned Basis,-0.3779296875,0.0003163388561997904,-0.5196827123268639
Learned,Learned Basis,-0.377685546875,0.00031752843809538275,-0.5033818410181623
Learned,Learned Basis,-0.37744140625,0.00031864353838788204,-0.48815695159597905
Learned,Learned Basis,-0.377197265625,0.00031967672393865297,-0.4740979532587496
Learned,Learned Basis,-0.376953125,0.0003206214473698312,-0.461282409213996
Learned,Learned Basis,-0.376708984375,0.00032147214548218733,-0.44977462541912405
Learned,Learned Basis,-0.37646484375,0.00032222422371546366,-0.4396262514053614
Learned,Learned Basis,-0.376220703125,0.00032287409758747506,-0.43087605867645784
Learned,Learned Basis,-0.3759765625,0.00032341919787399635,-0.42355015558207487
Learned,Learned Basis,-0.375732421875,0.0003238580224076378,-0.41766151631868575
Learned,Learned Basis,-0.37548828125,0.0003241900376599817,-0.4132114635061933
Learned,Learned Basis,-0.375244140625,0.0003244156891013574,-0.41018962217074506
Learned,Learned Basis,-0.375,0.00032453645299971684,-0.4085732596726961
Learned,Learned Basis,-0.374755859375,0.0003245546810240081,-0.40832933921367853
Learned,Learned Basis,-0.37451171875,0.0003244736520430509,-0.4094137430122152
Learned,Learned Basis,-0.374267578125,0.0003242975514059862,-0.411771416608347
Learned,Learned Basis,-0.3740234375,0.0003240312171277865,-0.4153395912593655
Learned,Learned Basis,-0.373779296875,0.0003236803678043079,-0.4200445230102714
Learned,Learned Basis,-0.37353515625,0.0003232512918190371,-0.42580542085079826
Learned,Learned Basis,-0.373291015625,0.00032275091986151694,-0.4325332251703291
Learned,Learned Basis,-0.373046875,0.00032218670061004564,-0.44013201805301405
Learned,Learned Basis,-0.372802734375,0.00032156650749370035,-0.4485000239311448
Learned,Learned Basis,-0.37255859375,0.00032089859207334946,-0.45752999571124414
Learned,Learned Basis,-0.372314453125,0.0003201914908036768,-0.46711025010283874
Learned,Learned Basis,-0.3720703125,0.00031945390071588006,-0.4771261573934895
Learned,Learned Basis,-0.371826171875,0.00031869467941767117,-0.4874599820290068
Learned,Learned Basis,-0.37158203125,0.00031792266897709935,-0.4979931551984106
Learned,Learned Basis,-0.371337890625,0.00031714666484322586,-0.508606625667186
Learned,Learned Basis,-0.37109375,0.0003163753433276983,-0.519181817662566
Learned,Learned Basis,-0.370849609375,0.0003156171631868871,-0.5296019921428734
Learned,Learned Basis,-0.37060546875,0.0003148802413045844,-0.5397540165772974
Learned,Learned Basis,-0.370361328125,0.000314172399310992,-0.5495278250561256
Learned,Learned Basis,-0.3701171875,0.00031350094084755636,-0.558819626956195
Learned,Learned Basis,-0.369873046875,0.00031287279660382057,-0.5675300710259532
Learned,Learned Basis,-0.36962890625,0.00031229420316439575,-0.5755688833703604
Learned,Learned Basis,-0.369384765625,0.0003117708843050256,-0.5828525642150749
Learned,Learned Basis,-0.369140625,0.0003113079422149476,-0.5893061050384971
Learned,Learned Basis,-0.368896484375,0.0003109096503013912,-0.5948660893896405
Learned,Learned Basis,-0.36865234375,0.0003105796966442925,-0.5994774979915545
Learned,Learned Basis,-0.368408203125,0.0003103209768007925,-0.6030967759759188
Learned,Learned Basis,-0.3681640625,0.0003101355989851243,-0.6056919153603497
Learned,Learned Basis,-0.367919921875,0.00031002493586748897,-0.6072418489387829
Learned,Learned Basis,-0.36767578125,0.00030998953651596673,-0.6077377645578705
Learned,Learned Basis,-0.367431640625,0.0003100292040948308,-0.6071820584313857
Learned,Learned Basis,-0.3671875,0.00031014296478522156,-0.6055887705307832
Learned,Learned Basis,-0.366943359375,0.00031032907814492193,-0.6029833990729901
Learned,Learned Basis,-0.36669921875,0.0003105850785474578,-0.5994022416041919
Learned,Learned Basis,-0.366455078125,0.00031090784252063596,-0.5948913414681217
Learned,Learned Basis,-0.3662109375,0.0003112935369476688,-0.5895070723763536
Learned,Learned Basis,-0.365966796875,0.0003117377123051502,-0.5833146722466716
Learned,Learned Basis,-0.36572265625,0.0003122353492820435,-0.576387416819088
Learned,Learned Basis,-0.365478515625,0.0003127809416578822,-0.5688052842630391
Learned,Learned Basis,-0.365234375,0.00031336843932400676,-0.5606555654530664
Learned,Learned Basis,-0.364990234375,0.0003139914088600793,-0.5520304574988488
Learned,Learned Basis,-0.36474609375,0.00031464309051284595,-0.5430261204024475
Learned,Learned Basis,-0.364501953125,0.00031531645517490027,-0.5337417569725739
Learned,Learned Basis,-0.3642578125,0.0003160041577656952,-0.524280144207767
Learned,Learned Basis,-0.364013671875,0.0003166987910460331,-0.5147440570954358
Learned,Learned Basis,-0.36376953125,0.0003173928389990778,-0.5052368722573476
Learned,Learned Basis,-0.363525390625,0.00031807872862922994,-0.4958618439345238
Learned,Learned Basis,-0.36328125,0.0003187489749989787,-0.4867201434174773
Learned,Learned Basis,-0.363037109375,0.0003193962278478894,-0.4779102852279238
Learned,Learned Basis,-0.36279296875,0.0003200132456931661,-0.4695285661666921
Learned,Learned Basis,-0.362548828125,0.0003205931392843661,-0.4616658704007693
Learned,Learned Basis,-0.3623046875,0.00032112915922801084,-0.4544106898220719
Learned,Learned Basis,-0.362060546875,0.00032161511037858955,-0.4478436629853219
Learned,Learned Basis,-0.36181640625,0.0003220450565849689,-0.4420417413409333
Learned,Learned Basis,-0.361572265625,0.00032241357968477085,-0.4370748572886346
Learned,Learned Basis,-0.361328125,0.0003227157795043723,-0.43300610047838467
Learned,Learned Basis,-0.361083984375,0.0003229472634991302,-0.4298920233457675
Learned,Learned Basis,-0.36083984375,0.00032310426589079506,-0.42778119253472235
Learned,Learned Basis,-0.360595703125,0.0003231836010485232,-0.426714954928917
Learned,Learned Basis,-0.3603515625,0.0003231826997480893,-0.42672706663104265
Learned,Learned Basis,-0.360107421875,0.0003230996661506499,-0.4278430195111366
Learned,Learned Basis,-0.35986328125,0.0003229332674429679,-0.4300802442215931
Learned,Learned Basis,-0.359619140625,0.00032268294419718775,-0.43344800382310694
Learned,Learned Basis,-0.359375,0.0003223487792915103,-0.4379478131279812
Learned,Learned Basis,-0.359130859375,0.00032193154970906816,-0.44357271031994444
Learned,Learned Basis,-0.35888671875,0.00032143267991893774,-0.4503078202463779
Learned,Learned Basis,-0.358642578125,0.00032085423669625193,-0.4581303295059175
Learned,Learned Basis,-0.3583984375,0.0003201988721434367,-0.46701013382025847
Learned,Learned Basis,-0.358154296875,0.00031946986512931163,-0.47690912816301717
Learned,Learned Basis,-0.35791015625,0.00031867105395055195,-0.487781945054937
Learned,Learned Basis,-0.357666015625,0.0003178067793529252,-0.4995765402367594
Learned,Learned Basis,-0.357421875,0.0003168818948910665,-0.5122338482619858
Learned,Learned Basis,-0.357177734375,0.00031590165297095237,-0.5256891284696463
Learned,Learned Basis,-0.35693359375,0.00031487180326776414,-0.539870398663261
Learned,Learned Basis,-0.356689453125,0.0003137982974722978,-0.5547022825353366
Learned,Learned Basis,-0.3564453125,0.0003126875223859034,-0.570102599058519
Learned,Learned Basis,-0.356201171875,0.0003115460098467825,-0.5859861786410376
Learned,Learned Basis,-0.35595703125,0.0003103805455076267,-0.6022631914003426
Learned,Learned Basis,-0.355712890625,0.0003091980134389911,-0.6188411626122863
Learned,Learned Basis,-0.35546875,0.00030800539612929395,-0.6356248599549941
Learned,Learned Basis,-0.355224609375,0.00030680968642672905,-0.652517444253291
Learned,Learned Basis,-0.35498046875,0.000305617840920277,-0.6694210796084434
Learned,Learned Basis,-0.354736328125,0.00030443675922015555,-0.6862372106821675
Learned,Learned Basis,-0.3544921875,0.0003032731855399558,-0.7028679816767369
Learned,Learned Basis,-0.354248046875,0.0003021336517178793,-0.7192171143547368
Learned,Learned Basis,-0.35400390625,0.00030102446167707547,-0.7351902280849432
Learned,Learned Basis,-0.353759765625,0.0002999516707060911,-0.7506952596062698
Learned,Learned Basis,-0.353515625,0.0002989209818611197,-0.7656441111848484
Learned,Learned Basis,-0.353271484375,0.00029793770970678836,-0.779953362710658
Learned,Learned Basis,-0.35302734375,0.000297006790675933,-0.7935443221325171
Learned,Learned Basis,-0.352783203125,0.00029613272091094764,-0.8063441421781579
Learned,Learned Basis,-0.3525390625,0.00029531953036434695,-0.818286421166851
Learned,Learned Basis,-0.352294921875,0.0002945707776188782,-0.8293115000977364
Learned,Learned Basis,-0.35205078125,0.0002938894773690961,-0.8393677466732938
Learned,Learned Basis,-0.351806640625,0.0002932781574001253,-0.8484109217193279
Learned,Learned Basis,-0.3515625,0.0002927388119686729,-0.8564050523708239
Learned,Learned Basis,-0.351318359375,0.0002922728759035906,-0.8633229826948513
Learned,Learned Basis,-0.35107421875,0.00029188125050531204,-0.8691461299512906
Learned,Learned Basis,-0.350830078125,0.00029156431390562856,-0.8738644391917926
Learned,Learned Basis,-0.3505859375,0.0002913218848084758,-0.8774770011446863
Learned,Learned Basis,-0.350341796875,0.0002911532950083598,-0.8799910180325186
Learned,Learned Basis,-0.35009765625,0.0002910573634909189,-0.8814222020355604
Learned,Learned Basis,-0.349853515625,0.00029103242751224933,-0.8817942943866396
Learned,Learned Basis,-0.349609375,0.0002910763581385677,-0.8811387870621277
Learned,Learned Basis,-0.349365234375,0.00029118656024621105,-0.8794948504038269
Learned,Learned Basis,-0.34912109375,0.00029136012273837583,-0.876906998235253
Learned,Learned Basis,-0.348876953125,0.00029159366832837895,-0.8734272175736686
Learned,Learned Basis,-0.3486328125,0.00029188353483572193,-0.8691121411901743
Learned,Learned Basis,-0.348388671875,0.00029222570784755294,-0.8640239194318489
Learned,Learned Basis,-0.34814453125,0.0002926159916549558,-0.8582275431051796
Learned,Learned Basis,-0.347900390625,0.0002930498797557614,-0.851792637073731
Learned,Learned Basis,-0.34765625,0.00029352274133049916,-0.8447905640237398
Learned,Learned Basis,-0.347412109375,0.0002940297849831847,-0.8372948489940883
Learned,Learned Basis,-0.34716796875,0.0002945661157200825,-0.8293802324057992
Learned,Learned Basis,-0.346923828125,0.00029512674012959356,-0.8211225043899244
Learned,Learned Basis,-0.3466796875,0.0002957067062392193,-0.8125963735979741
Learned,Learned Basis,-0.346435546875,0.0002963010672563488,-0.8038759544317997
Learned,Learned Basis,-0.34619140625,0.0002969049230073589,-0.7950341249352116
Learned,Learned Basis,-0.345947265625,0.00029751347173648994,-0.78614175384769
Learned,Learned Basis,-0.345703125,0.0002981220567248339,-0.777267024871604
Learned,Learned Basis,-0.345458984375,0.00029872614557078375,-0.7684757596570381
Learned,Learned Basis,-0.34521484375,0.00029932145968722255,-0.7598295676519208
Learned,Learned Basis,-0.344970703125,0.0002999039535819731,-0.751386201989782
Learned,Learned Basis,-0.3447265625,0.00030046974751925986,-0.7432005916890363
Learned,Learned Basis,-0.344482421875,0.0003010153191755483,-0.7353221309289284
Learned,Learned Basis,-0.34423828125,0.00030153741040156895,-0.727796104271876
Learned,Learned Basis,-0.343994140625,0.0003020330686614178,-0.7206631611270696
Learned,Learned Basis,-0.34375,0.0003024997402705324,-0.7139580512649284
Learned,Learned Basis,-0.343505859375,0.00030293507873985215,-0.7077124531713403
Learned,Learned Basis,-0.34326171875,0.0003033371778707584,-0.7019516928056229
Learned,Learned Basis,-0.343017578125,0.0003037044629774357,-0.6966963724504491
Learned,Learned Basis,-0.3427734375,0.00030403571678630964,-0.6919620560323423
Learned,Learned Basis,-0.342529296875,0.00030433002245728365,-0.6877601317416493
Learned,Learned Basis,-0.34228515625,0.00030458688272115293,-0.6840961506339943
Learned,Learned Basis,-0.342041015625,0.0003048060593030901,-0.6809721504154836
Learned,Learned Basis,-0.341796875,0.0003049877075997217,-0.6783847558080138
Learned,Learned Basis,-0.341552734375,0.0003051322368221642,-0.6763271851441308
Learned,Learned Basis,-0.34130859375,0.0003052403669747873,-0.6747884421268098
Learned,Learned Basis,-0.341064453125,0.00030531314439487603,-0.6737530920219359
Learned,Learned Basis,-0.3408203125,0.0003053518226152179,-0.6732029462433425
Learned,Learned Basis,-0.340576171875,0.00030535788308365234,-0.6731167505279523
Learned,Learned Basis,-0.34033203125,0.0003053330610625089,-0.6734697954493336
Learned,Learned Basis,-0.340087890625,0.0003052792731101813,-0.6742349228351346
Learned,Learned Basis,-0.33984375,0.0003051985652822523,-0.6753832352656883
Learned,Learned Basis,-0.339599609375,0.0003050931856499187,-0.6768830357533209
Learned,Learned Basis,-0.33935546875,0.00030496543408325326,-0.6787019364121647
Learned,Learned Basis,-0.339111328125,0.0003048177244098545,-0.6808059465489493
Learned,Learned Basis,-0.3388671875,0.00030465252743608427,-0.6831602578767035
Learned,Learned Basis,-0.338623046875,0.0003044723605872922,-0.685729368811835
Learned,Learned Basis,-0.33837890625,0.0003042797568284907,-0.6884775071768402
Learned,Learned Basis,-0.338134765625,0.00030407716624649117,-0.6913700188509287
Learned,Learned Basis,-0.337890625,0.00030386709072698076,-0.6943714335856226
Learned,Learned Basis,-0.337646484375,0.00030365191301823285,-0.6974478968688955
Learned,Learned Basis,-0.33740234375,0.0003034339537098701,-0.7005663528948505
Learned,Learned Basis,-0.337158203125,0.0003032154660529772,-0.7036946172519597
Learned,Learned Basis,-0.3369140625,0.0003029984909232491,-0.7068034571092605
Learned,Learned Basis,-0.336669921875,0.00030278503293716804,-0.7098640761475337
Learned,Learned Basis,-0.33642578125,0.0003025768946956016,-0.7128504976326366
Learned,Learned Basis,-0.336181640625,0.0003023757285826786,-0.7157388340955874
Learned,Learned Basis,-0.3359375,0.0003021830471255638,-0.7185071504210062
Learned,Learned Basis,-0.335693359375,0.0003020001297564823,-0.7211368167044481
Learned,Learned Basis,-0.33544921875,0.0003018281108708076,-0.7236112572763242
Learned,Learned Basis,-0.335205078125,0.00030166794874773677,-0.7259164099540926
Learned,Learned Basis,-0.3349609375,0.000301520389291077,-0.7280412606853487
Learned,Learned Basis,-0.334716796875,0.00030138599710857137,-0.7299774081721372
Learned,Learned Basis,-0.33447265625,0.00030126512961246095,-0.731719447138915
Learned,Learned Basis,-0.334228515625,0.00030115804579712314,-0.7332634086759376
Learned,Learned Basis,-0.333984375,0.00030106473012289544,-0.7346093053884828
Learned,Learned Basis,-0.333740234375,0.0003009850582724765,-0.735758746709413
Learned,Learned Basis,-0.33349609375,0.0003009187401721636,-0.7367157629371615
Learned,Learned Basis,-0.333251953125,0.00030086535107117743,-0.7374863579844647
Learned,Learned Basis,-0.3330078125,0.00030082432636177505,-0.7380785836985158
Learned,Learned Basis,-0.332763671875,0.0003007949460395869,-0.7385027626568154
Learned,Learned Basis,-0.33251953125,0.0003007764383013679,-0.7387699897488204
Learned,Learned Basis,-0.332275390625,0.0003007678966667966,-0.7388933251223039
Learned,Learned Basis,-0.33203125,0.0003007683783963388,-0.7388863691832981
Learned,Learned Basis,-0.331787109375,0.0003007768475124844,-0.7387640811075079
Learned,Learned Basis,-0.33154296875,0.0003007922265986227,-0.738542026732192
Learned,Learned Basis,-0.331298828125,0.00030081340197893043,-0.7382362998444503
Learned,Learned Basis,-0.3310546875,0.0003008392806971342,-0.7378626961077706
Learned,Learned Basis,-0.330810546875,0.000300868723177973,-0.7374376824170874
Learned,Learned Basis,-0.33056640625,0.00030090060020596067,-0.7369775719784355
Learned,Learned Basis,-0.330322265625,0.00030093388098347457,-0.7364972519404773
Learned,Learned Basis,-0.330078125,0.00030096748291401663,-0.7360123507953338
Learned,Learned Basis,-0.329833984375,0.00030100040627928956,-0.7355372943634322
Learned,Learned Basis,-0.32958984375,0.0003010317238794217,-0.7350854559895393
Learned,Learned Basis,-0.329345703125,0.00030106057067319215,-0.7346693070542997
Learned,Learned Basis,-0.3291015625,0.0003010861800372433,-0.7342998952627039
Learned,Learned Basis,-0.328857421875,0.0003011078216074306,-0.7339877428835563
Learned,Learned Basis,-0.32861328125,0.0003011249255961233,-0.7337410552716896
Learned,Learned Basis,-0.328369140625,0.0003011369325754661,-0.7335678892375851
Learned,Learned Basis,-0.328125,0.00030114345405389255,-0.7334738386207146
Learned,Learned Basis,-0.327880859375,0.00030114415851859944,-0.733463679184309
Learned,Learned Basis,-0.32763671875,0.00030113882323442215,-0.733540622566335
Learned,Learned Basis,-0.327392578125,0.00030112734460360953,-0.7337061675126906
Learned,Learned Basis,-0.3271484375,0.00030110969672672393,-0.7339606977067812
Learned,Learned Basis,-0.326904296875,0.0003010859055032031,-0.7343038552144059
Learned,Learned Basis,-0.32666015625,0.00030105616776877393,-0.7347328215514441
Learned,Learned Basis,-0.326416015625,0.000301020695898826,-0.7352445581196009
Learned,Learned Basis,-0.326171875,0.0003009797747871747,-0.7358349833393902
Learned,Learned Basis,-0.325927734375,0.00030093377738572353,-0.7364987470177088
Learned,Learned Basis,-0.32568359375,0.00030088317506423974,-0.7372290790216254
Learned,Learned Basis,-0.325439453125,0.00030082842365282777,-0.7380194322728827
Learned,Learned Basis,-0.3251953125,0.0003007700152408049,-0.7388627340329279
Learned,Learned Basis,-0.324951171875,0.0003007085247956893,-0.7397507112197745
Learned,Learned Basis,-0.32470703125,0.000300644516925224,-0.7406752351888188
Learned,Learned Basis,-0.324462890625,0.00030057854587737696,-0.7416283211209113
Learned,Learned Basis,-0.32421875,0.00030051122287887914,-0.7426011544112048
Learned,Learned Basis,-0.323974609375,0.00030044311253747365,-0.7435855867987042
Learned,Learned Basis,-0.32373046875,0.00030037474320169057,-0.7445739870303723
Learned,Learned Basis,-0.323486328125,0.00030030668465916055,-0.7455581176601105
Learned,Learned Basis,-0.3232421875,0.0003002394030997632,-0.7465312323201834
Learned,Learned Basis,-0.322998046875,0.000300173364713378,-0.7474865786570378
Learned,Learned Basis,-0.32275390625,0.000300108983891009,-0.7484181481448777
Learned,Learned Basis,-0.322509765625,0.0003000466025052347,-0.7493209770888023
Learned,Learned Basis,-0.322265625,0.00029998650026998274,-0.7501909980621967
Learned,Learned Basis,-0.322021484375,0.00029992897761873106,-0.7510238410549308
Learned,Learned Basis,-0.32177734375,0.00029987417958833107,-0.7518173841365944
Learned,Learned Basis,-0.321533203125,0.0002998222253161965,-0.7525698800185526
Learned,Learned Basis,-0.3212890625,0.0002997731510615402,-0.7532807820330778
Learned,Learned Basis,-0.321044921875,0.0002997270034433501,-0.7539493942368252
Learned,Learned Basis,-0.32080078125,0.0002996836529644374,-0.7545775737198291
Learned,Learned Basis,-0.320556640625,0.0002996430167466014,-0.7551665041342613
Learned,Learned Basis,-0.3203125,0.00029960490313400256,-0.755718947659228
Learned,Learned Basis,-0.320068359375,0.00029956910493113894,-0.7562378941347079
Learned,Learned Basis,-0.31982421875,0.00029953537350340813,-0.7567269364795072
Learned,Learned Basis,-0.319580078125,0.0002995033876977819,-0.7571907214562278
Learned,Learned Basis,-0.3193359375,0.0002994728315411197,-0.7576338231958901
Learned,Learned Basis,-0.319091796875,0.0002994433942401685,-0.7580607429160519
Learned,Learned Basis,-0.31884765625,0.0002994147339223499,-0.7584764346233986
Learned,Learned Basis,-0.318603515625,0.00029938649317542293,-0.7588860797613601
Learned,Learned Basis,-0.318359375,0.0002993583508463594,-0.7592943357438952
Learned,Learned Basis,-0.318115234375,0.00029933000132179385,-0.7597056362827486
Learned,Learned Basis,-0.31787109375,0.0002993011752475736,-0.7601238906426437
Learned,Learned Basis,-0.317626953125,0.00029927167060808424,-0.7605520324208703
Learned,Learned Basis,-0.3173828125,0.0002992412335888357,-0.7609937481942121
Learned,Learned Basis,-0.317138671875,0.00029920980721106496,-0.7614498691309007
Learned,Learned Basis,-0.31689453125,0.00029917730859657123,-0.7619216028492632
Learned,Learned Basis,-0.316650390625,0.0002991437481051296,-0.7624088040298032
Learned,Learned Basis,-0.31640625,0.0002991092500540412,-0.7629096728357032
Learned,Learned Basis,-0.316162109375,0.0002990739905594829,-0.7634216565523778
Learned,Learned Basis,-0.31591796875,0.00029903824933538237,-0.7639406968055767
Learned,Learned Basis,-0.315673828125,0.0002990024355928561,-0.7644608524125794
Learned,Learned Basis,-0.3154296875,0.0002989669844424584,-0.764975803127349
Learned,Learned Basis,-0.315185546875,0.00029893253819024553,-0.7654762155447726
Learned,Learned Basis,-0.31494140625,0.0002988997339623863,-0.7659528273243731
Learned,Learned Basis,-0.314697265625,0.0002988693694615635,-0.7663940389925201
Learned,Learned Basis,-0.314453125,0.00029884235634798607,-0.7667865909759297
Learned,Learned Basis,-0.314208984375,0.00029881963218130066,-0.7671168438744408
Learned,Learned Basis,-0.31396484375,0.00029880228991778057,-0.7673688978595473
Learned,Learned Basis,-0.313720703125,0.0002987914639527994,-0.7675262508045093
Learned,Learned Basis,-0.3134765625,0.000298788366380044,-0.7675712743707903
Learned,Learned Basis,-0.313232421875,0.0002987942766317395,-0.7674853686060196
Learned,Learned Basis,-0.31298828125,0.000298810588097637,-0.7672482895576083
Learned,Learned Basis,-0.312744140625,0.00029883860610939927,-0.7668410918895073
Learned,Learned Basis,-0.3125,0.00029887977585565305,-0.7662428237355692
Learned,Learned Basis,-0.312255859375,0.00029893550626581216,-0.7654330950317288
Learned,Learned Basis,-0.31201171875,0.00029900723216872815,-0.7643911837585222
Learned,Learned Basis,-0.311767578125,0.0002990963728535899,-0.7630966485806667
Learned,Learned Basis,-0.3115234375,0.00029920426991127315,-0.7615302421981874
Learned,Learned Basis,-0.311279296875,0.0002993322804723162,-0.7596725684738893
Learned,Learned Basis,-0.31103515625,0.0002994816528896187,-0.757505898184026
Learned,Learned Basis,-0.310791015625,0.00029965357853731743,-0.7550134270948262
Learned,Learned Basis,-0.310546875,0.00029984917109123583,-0.7521795862180424
Learned,Learned Basis,-0.310302734375,0.0003000693888305707,-0.7489911750004096
Learned,Learned Basis,-0.31005859375,0.0003003150812568804,-0.7454366902905523
Learned,Learned Basis,-0.309814453125,0.0003005869890940848,-0.74150633001488
Learned,Learned Basis,-0.3095703125,0.00030088563033093884,-0.737193639870594
Learned,Learned Basis,-0.309326171875,0.000301211403818784,-0.7324940106114125
Learned,Learned Basis,-0.30908203125,0.0003015645115732347,-0.7274057924891862
Learned,Learned Basis,-0.308837890625,0.00030194496913395376,-0.7219301323251264
Learned,Learned Basis,-0.30859375,0.00030235259002498913,-0.7160711799646141
Learned,Learned Basis,-0.308349609375,0.0003027870064743249,-0.7098357691504708
Learned,Learned Basis,-0.30810546875,0.0003032475450965793,-0.7032351745034991
Learned,Learned Basis,-0.307861328125,0.00030373344962817,-0.6962818858926927
Learned,Learned Basis,-0.3076171875,0.00030424363229271135,-0.6889931385181884
Learned,Learned Basis,-0.307373046875,0.0003047768240177534,-0.6813887212692836
Learned,Learned Basis,-0.30712890625,0.00030533153817556894,-0.6734914564853725
Learned,Learned Basis,-0.306884765625,0.0003059060861228166,-0.6653269369385318
Learned,Learned Basis,-0.306640625,0.00030649853576143976,-0.6569240712535657
Learned,Learned Basis,-0.306396484375,0.00030710679441686803,-0.64831386364431
Learned,Learned Basis,-0.30615234375,0.0003077285311397035,-0.639530473727108
Learned,Learned Basis,-0.305908203125,0.00030836124922414663,-0.630610148214869
Learned,Learned Basis,-0.3056640625,0.0003090023172873217,-0.6215907490299696
Learned,Learned Basis,-0.305419921875,0.00030964891229051346,-0.612512524313427
Learned,Learned Basis,-0.30517578125,0.00031029807133804287,-0.6034173499612626
Learned,Learned Basis,-0.304931640625,0.0003109467693755802,-0.5943476221485634
Learned,Learned Basis,-0.3046875,0.0003115918155923943,-0.5853476944475781
Learned,Learned Basis,-0.304443359375,0.00031222999845820356,-0.5764618431511752
Learned,Learned Basis,-0.30419921875,0.00031285800284497545,-0.5677354260393199
Learned,Learned Basis,-0.303955078125,0.0003134725291643402,-0.5592132333156661
Learned,Learned Basis,-0.3037109375,0.0003140702622882652,-0.5509399401024406
Learned,Learned Basis,-0.303466796875,0.00031464786118928025,-0.542960272373176
Learned,Learned Basis,-0.30322265625,0.0003152020884376661,-0.5353172488892497
Learned,Learned Basis,-0.302978515625,0.00031572974286291625,-0.5280531532359705
Learned,Learned Basis,-0.302734375,0.00031622774761182567,-0.5212083650202134
Learned,Learned Basis,-0.302490234375,0.0003166931087093899,-0.5148219806511198
Learned,Learned Basis,-0.30224609375,0.00031712297203756847,-0.508931082464872
Learned,Learned Basis,-0.302001953125,0.0003175146906738229,-0.503569873265243
Learned,Learned Basis,-0.3017578125,0.0003178657834520164,-0.49877030267931344
Learned,Learned Basis,-0.301513671875,0.00031817396604173905,-0.49456169751852286
Learned,Learned Basis,-0.30126953125,0.0003184371975672958,-0.49097018005661186
Learned,Learned Basis,-0.301025390625,0.0003186536961473692,-0.48801850885199455
Learned,Learned Basis,-0.30078125,0.00031882194407490685,-0.48572605581983147
Learned,Learned Basis,-0.300537109375,0.0003189406981768966,-0.4841087064055888
Learned,Learned Basis,-0.30029296875,0.00031900899499425395,-0.4831788233335955
Learned,Learned Basis,-0.300048828125,0.0003190261922209226,-0.4829447089525177
Learned,Learned Basis,-0.2998046875,0.0003189919635239869,-0.4834106936296718
Learned,Learned Basis,-0.299560546875,0.0003189062778241215,-0.48457742601553755
Learned,Learned Basis,-0.29931640625,0.00031876947699390477,-0.4864408133607659
Learned,Learned Basis,-0.299072265625,0.0003185821619002926,-0.4889935616055593
Learned,Learned Basis,-0.298828125,0.00031834530118225697,-0.49222367220768887
Learned,Learned Basis,-0.298583984375,0.00031806014319269766,-0.4961156109306799
Learned,Learned Basis,-0.29833984375,0.0003177283299559683,-0.5006487120139291
Learned,Learned Basis,-0.298095703125,0.00031735167443271156,-0.505800171149092
Learned,Learned Basis,-0.2978515625,0.0003169324039745744,-0.5115416639316804
Learned,Learned Basis,-0.297607421875,0.00031647291686949275,-0.5178426135031464
Learned,Learned Basis,-0.29736328125,0.0003159759843573064,-0.5246673575074335
Learned,Learned Basis,-0.297119140625,0.0003154445330744815,-0.5319780611561691
Learned,Learned Basis,-0.296875,0.00031488174865186173,-0.5397332267355697
Learned,Learned Basis,-0.296630859375,0.00031429099801635516,-0.5478886917627448
Learned,Learned Basis,-0.29638671875,0.0003136758449305968,-0.5563973472475561
Learned,Learned Basis,-0.296142578125,0.0003130399619348601,-0.5652102914217915
Learned,Learned Basis,-0.2958984375,0.0003123872235850331,-0.57427547991843
Learned,Learned Basis,-0.295654296875,0.000311721525156554,-0.5835401878503312
Learned,Learned Basis,-0.29541015625,0.0003110468707024995,-0.5929497475888778
Learned,Learned Basis,-0.295166015625,0.00031036726945583403,-0.6024489581770246
Learned,Learned Basis,-0.294921875,0.0003096867772685098,-0.6119814859347606
Learned,Learned Basis,-0.294677734375,0.00030900941891315385,-0.621490938727643
Learned,Learned Basis,-0.29443359375,0.00030833912592441714,-0.6309217428687826
Learned,Learned Basis,-0.294189453125,0.0003076798350168384,-0.6402177720693987
Learned,Learned Basis,-0.2939453125,0.00030703532232844203,-0.6493247024357661
Learned,Learned Basis,-0.293701171875,0.000306409244859839,-0.6581894670390266
Learned,Learned Basis,-0.29345703125,0.00030580507313568835,-0.6667612538590302
Learned,Learned Basis,-0.293212890625,0.0003052261067443599,-0.674991340718396
Learned,Learned Basis,-0.29296875,0.0003046754795178219,-0.6828330790062819
Learned,Learned Basis,-0.292724609375,0.0003041560248545646,-0.6902438764756086
Learned,Learned Basis,-0.29248046875,0.0003036703793173514,-0.6971837928861486
Learned,Learned Basis,-0.292236328125,0.0003032208790354678,-0.7036170879796659
Learned,Learned Basis,-0.2919921875,0.0003028096011438215,-0.70951170061495
Learned,Learned Basis,-0.291748046875,0.0003024383119840674,-0.714840057805492
Learned,Learned Basis,-0.29150390625,0.0003021084567448322,-0.7195792883118033
Learned,Learned Basis,-0.291259765625,0.00030182124233991525,-0.7237100883294717
Learned,Learned Basis,-0.291015625,0.00030157745093233664,-0.7272194518726304
Learned,Learned Basis,-0.290771484375,0.0003013776005108515,-0.7300984040674147
Learned,Learned Basis,-0.29052734375,0.0003012218879111868,-0.7323428508550953
Learned,Learned Basis,-0.290283203125,0.0003011101680964911,-0.7339538990838602
Learned,Learned Basis,-0.2900390625,0.0003010420111360976,-0.7349370456354956
Learned,Learned Basis,-0.289794921875,0.00030101664004687377,-0.7353030738965183
Learned,Learned Basis,-0.28955078125,0.0003010330499306347,-0.7350663252664149
Learned,Learned Basis,-0.289306640625,0.0003010898577574044,-0.7342468472012832
Learned,Learned Basis,-0.2890625,0.00030118550956091753,-0.7328673768442577
Learned,Learned Basis,-0.288818359375,0.0003013181146822181,-0.7309556979409089
Learned,Learned Basis,-0.28857421875,0.00030148566850482397,-0.7285413898531656
Learned,Learned Basis,-0.288330078125,0.0003016857934603493,-0.7256595172001781
Learned,Learned Basis,-0.2880859375,0.0003019160809010829,-0.722345658384858
Learned,Learned Basis,-0.287841796875,0.0003021738321056109,-0.718639589794297
Learned,Learned Basis,-0.28759765625,0.00030245633281285664,-0.7145812905450404
Learned,Learned Basis,-0.287353515625,0.00030276064602657887,-0.7102138796742765
Learned,Learned Basis,-0.287109375,0.00030308383475053616,-0.705580377275707
Learned,Learned Basis,-0.286865234375,0.0003034228221315234,-0.7007256782330141
Learned,Learned Basis,-0.28662109375,0.00030377457275543583,-0.6956939250224035
Learned,Learned Basis,-0.286376953125,0.0003041360304886185,-0.6905293788992026
Learned,Learned Basis,-0.2861328125,0.00030450409775831597,-0.6852766984969011
Learned,Learned Basis,-0.285888671875,0.00030487581166884924,-0.6799784168267589
Learned,Learned Basis,-0.28564453125,0.00030524825594352716,-0.6746761997208678
Learned,Learned Basis,-0.285400390625,0.0003056186075436345,-0.6694101856149748
Learned,Learned Basis,-0.28515625,0.00030598415220809474,-0.6642187751107989
Learned,Learned Basis,-0.284912109375,0.00030634235179200793,-0.6591376910995027
Learned,Learned Basis,-0.28466796875,0.0003066907924677754,-0.6542007352278851
Learned,Learned Basis,-0.284423828125,0.00030702729868262586,-0.6494381965643343
Learned,Learned Basis,-0.2841796875,0.000307349808841314,-0.6448786388130405
Learned,Learned Basis,-0.283935546875,0.00030765659804128545,-0.6405457776845838
Learned,Learned Basis,-0.28369140625,0.00030794602425818663,-0.6364620972834129
Learned,Learned Basis,-0.283447265625,0.0003082167925201298,-0.6326451461009062
Learned,Learned Basis,-0.283203125,0.00030846777879151645,-0.6291100500798292
Learned,Learned Basis,-0.282958984375,0.00030869815429033847,-0.6258677838694614
Learned,Learned Basis,-0.28271484375,0.0003089072922502022,-0.6229265058769905
Learned,Learned Basis,-0.282470703125,0.0003090948456186417,-0.6202904827798141
Learned,Learned Basis,-0.2822265625,0.000309260710797906,-0.617960615017666
Learned,Learned Basis,-0.281982421875,0.0003094049965656336,-0.6159348840572598
Learned,Learned Basis,-0.28173828125,0.00030952806033406565,-0.614207850231525
Learned,Learned Basis,-0.281494140625,0.00030963048743049525,-0.6127709477339935
Learned,Learned Basis,-0.28125,0.00030971307555760524,-0.611612703094649
Learned,Learned Basis,-0.281005859375,0.00030977675709515485,-0.6107198219206057
Learned,Learned Basis,-0.28076171875,0.0003098227337770558,-0.6100752952682571
Learned,Learned Basis,-0.280517578125,0.00030985231093497086,-0.6096607168019377
Learned,Learned Basis,-0.2802734375,0.0003098669492971894,-0.6094555477731611
Learned,Learned Basis,-0.280029296875,0.00030986823908918956,-0.6094374707118949
Learned,Learned Basis,-0.27978515625,0.00030985782751521247,-0.6095833961254044
Learned,Learned Basis,-0.279541015625,0.00030983748091691294,-0.6098685819336533
Learned,Learned Basis,-0.279296875,0.00030980901743482125,-0.6102675685574706
Learned,Learned Basis,-0.279052734375,0.00030977428110890554,-0.6107545343849239
Learned,Learned Basis,-0.27880859375,0.0003097350745400335,-0.611304233800533
Learned,Learned Basis,-0.278564453125,0.00030969327284749855,-0.611890395041176
Learned,Learned Basis,-0.2783203125,0.00030965061647351765,-0.6124886225586058
Learned,Learned Basis,-0.278076171875,0.0003096088769396333,-0.6130740717754033
Learned,Learned Basis,-0.27783203125,0.0003095696392914359,-0.6136245008898213
Learned,Learned Basis,-0.277587890625,0.00030953447821474106,-0.6141178027810856
Learned,Learned Basis,-0.27734375,0.00030950479745907495,-0.6145342606350837
Learned,Learned Basis,-0.277099609375,0.0003094818298376747,-0.6148565522905497
Learned,Learned Basis,-0.27685546875,0.0003094667097459139,-0.6150687370522531
Learned,Learned Basis,-0.276611328125,0.0003094603902831019,-0.6151574230324857
Learned,Learned Basis,-0.2763671875,0.00030946360699327097,-0.6151122801883733
Learned,Learned Basis,-0.276123046875,0.00030947690894450147,-0.6149256075156339
Learned,Learned Basis,-0.27587890625,0.0003095006794484721,-0.6145920445917045
Learned,Learned Basis,-0.275634765625,0.0003095350531822592,-0.6141097356672077
Learned,Learned Basis,-0.275390625,0.00030957999388665,-0.6134792389588353
Learned,Learned Basis,-0.275146484375,0.0003096351959482789,-0.6127049055376856
Learned,Learned Basis,-0.27490234375,0.00030970023979625435,-0.61179269600692
Learned,Learned Basis,-0.274658203125,0.00030977441060609434,-0.6107527188725919
Learned,Learned Basis,-0.2744140625,0.00030985685369635293,-0.6095970451213018
Learned,Learned Basis,-0.274169921875,0.0003099464761107569,-0.6083410815460858
Learned,Learned Basis,-0.27392578125,0.0003100420916550572,-0.6070015309233174
Learned,Learned Basis,-0.273681640625,0.0003101422810400649,-0.6055983450531689
Learned,Learned Basis,-0.2734375,0.0003102454954794022,-0.6041532662309524
Learned,Learned Basis,-0.273193359375,0.00031035009294871555,-0.6026893143427661
Learned,Learned Basis,-0.27294921875,0.0003104542863868,-0.601231507756932
Learned,Learned Basis,-0.272705078125,0.0003105562213939123,-0.5998057730569692
Learned,Learned Basis,-0.2724609375,0.000310653976231771,-0.5984389446573681
Learned,Learned Basis,-0.272216796875,0.0003107455721833319,-0.5971586213382696
Learned,Learned Basis,-0.27197265625,0.0003108290305315505,-0.5959923735488782
Learned,Learned Basis,-0.271728515625,0.0003109023777392698,-0.5949676774405729
Learned,Learned Basis,-0.271484375,0.0003109637024279838,-0.5941111272974265
Learned,Learned Basis,-0.271240234375,0.000311011082859411,-0.5934494586753035
Learned,Learned Basis,-0.27099609375,0.000311042737152234,-0.5930074620418555
Learned,Learned Basis,-0.270751953125,0.00031105700256254886,-0.5928082853315175
Learned,Learned Basis,-0.2705078125,0.00031105227332521503,-0.5928743149426274
Learned,Learned Basis,-0.270263671875,0.00031102718712980646,-0.5932245851873909
Learned,Learned Basis,-0.27001953125,0.0003109805008033111,-0.5938765261330959
Learned,Learned Basis,-0.269775390625,0.00031091119908776887,-0.5948444552042271
Learned,Learned Basis,-0.26953125,0.0003108184532011717,-0.5961401639393298
Learned,Learned Basis,-0.269287109375,0.0003107017037156641,-0.597771765339641
Learned,Learned Basis,-0.26904296875,0.0003105605569597923,-0.5997451431592348
Learned,Learned Basis,-0.268798828125,0.000310395002573781,-0.6020609081733096
Learned,Learned Basis,-0.2685546875,0.00031020519077436937,-0.6047175048208332
Learned,Learned Basis,-0.268310546875,0.00030999158257154934,-0.6077090994704397
Learned,Learned Basis,-0.26806640625,0.00030975490832946555,-0.611026143579651
Learned,Learned Basis,-0.267822265625,0.00030949619884574063,-0.6146549173172428
Learned,Learned Basis,-0.267578125,0.0003092167490922623,-0.6185780126577243
Learned,Learned Basis,-0.267333984375,0.00030891808195597053,-0.622774815452069
Learned,Learned Basis,-0.26708984375,0.00030860205701649596,-0.6272199465717723
Learned,Learned Basis,-0.266845703125,0.000308270746228859,-0.631884975081499
Learned,Learned Basis,-0.2666015625,0.0003079264909022326,-0.6367375838004405
Learned,Learned Basis,-0.266357421875,0.00030757179810219124,-0.6417429963460898
Learned,Learned Basis,-0.26611328125,0.00030720943906857476,-0.6468625588010366
Learned,Learned Basis,-0.265869140625,0.0003068423818769497,-0.652054659090133
Learned,Learned Basis,-0.265625,0.0003064736723011959,-0.6572763894646958
Learned,Learned Basis,-0.265380859375,0.0003061065374112576,-0.6624820645216678
Learned,Learned Basis,-0.26513671875,0.0003057443648535929,-0.6676234988508061
Learned,Learned Basis,-0.264892578125,0.0003053905319148851,-0.6726524281683598
Learned,Learned Basis,-0.2646484375,0.00030504852983934323,-0.6775187494460627
Learned,Learned Basis,-0.264404296875,0.0003047218239717389,-0.6821725201056592
Learned,Learned Basis,-0.26416015625,0.0003044138744769561,-0.6865636854247696
Learned,Learned Basis,-0.263916015625,0.00030412810526066577,-0.6906425495619333
Learned,Learned Basis,-0.263671875,0.00030386783663078807,-0.6943607729540558
Learned,Learned Basis,-0.263427734375,0.0003036362593980543,-0.6976717866522192
Learned,Learned Basis,-0.26318359375,0.0003034364711352198,-0.7005303220094028
Learned,Learned Basis,-0.262939453125,0.00030327129488099975,-0.7028950564512435
Learned,Learned Basis,-0.2626953125,0.00030314343971658326,-0.7047263705682573
Learned,Learned Basis,-0.262451171875,0.00030305526249080594,-0.7059898138160002
Learned,Learned Basis,-0.26220703125,0.0003030089335765515,-0.706653782814103
Learned,Learned Basis,-0.261962890625,0.00030300626593446285,-0.7066920175725628
Learned,Learned Basis,-0.26171875,0.0003030487772715923,-0.7060827514878765
Learned,Learned Basis,-0.261474609375,0.0003031376019833135,-0.7048100048952964
Learned,Learned Basis,-0.26123046875,0.0003032735740315221,-0.7028624183878119
Learned,Learned Basis,-0.260986328125,0.0003034570560083467,-0.7002357103052638
Learned,Learned Basis,-0.2607421875,0.00030368806863333744,-0.6969308163333576
Learned,Learned Basis,-0.260498046875,0.0003039662182350405,-0.6929549093674829
Learned,Learned Basis,-0.26025390625,0.00030429066567167265,-0.688321809488513
Learned,Learned Basis,-0.260009765625,0.000304660198849547,-0.6830509001563828
Learned,Learned Basis,-0.259765625,0.0003050731705644224,-0.6771679561230025
Learned,Learned Basis,-0.259521484375,0.00030552750368139097,-0.6707049956192865
Learned,Learned Basis,-0.25927734375,0.00030602073257397853,-0.6636996076510846
Learned,Learned Basis,-0.259033203125,0.0003065500083040321,-0.656194789976045
Learned,Learned Basis,-0.2587890625,0.00030711208826194496,-0.6482390014813305
Learned,Learned Basis,-0.258544921875,0.0003077033931454194,-0.6398852584491533
Learned,Learned Basis,-0.25830078125,0.0003083199862399169,-0.6311913329616716
Learned,Learned Basis,-0.258056640625,0.00030895763557730845,-0.622218783906489
Learned,Learned Basis,-0.2578125,0.0003096118346554248,-0.6130325835104518
Learned,Learned Basis,-0.257568359375,0.0003102778283374943,-0.6037006810878218
Learned,Learned Basis,-0.25732421875,0.0003109506180320305,-0.5942938688994595
Learned,Learned Basis,-0.257080078125,0.00031162509119002065,-0.5848839262703152
Learned,Learned Basis,-0.2568359375,0.000312295964326163,-0.5755443916995951
Learned,Learned Basis,-0.256591796875,0.00031295785035740476,-0.5663496118632849
Learned,Learned Basis,-0.25634765625,0.00031360534666103034,-0.5573735285836383
Learned,Learned Basis,-0.256103515625,0.0003142329988154488,-0.5486902119308499
Learned,Learned Basis,-0.255859375,0.00031483545081693263,-0.5403718275007061
Learned,Learned Basis,-0.255615234375,0.0003154073622014169,-0.5324898486358943
Learned,Learned Basis,-0.25537109375,0.000315943573800901,-0.5251128485713796
Learned,Learned Basis,-0.255126953125,0.0003164391025635611,-0.5183066706244699
Learned,Learned Basis,-0.2548828125,0.00031688915191352516,-0.5121343901114478
Learned,Learned Basis,-0.254638671875,0.0003172891998089613,-0.5066552180123682
Learned,Learned Basis,-0.25439453125,0.0003176350298214032,-0.5019241942484698
Learned,Learned Basis,-0.254150390625,0.0003179227984742881,-0.4979913862178212
Learned,Learned Basis,-0.25390625,0.0003181489730843064,-0.49490285458948874
Learned,Learned Basis,-0.253662109375,0.0003183105026976907,-0.4926984276327919
Learned,Learned Basis,-0.25341796875,0.000318404792190778,-0.4914121570758461
Learned,Learned Basis,-0.253173828125,0.00031842962975158406,-0.4910733934903422
Learned,Learned Basis,-0.2529296875,0.00031838340961496824,-0.4917038187197086
Learned,Learned Basis,-0.252685546875,0.0003182649818458942,-0.4933195465813053
Learned,Learned Basis,-0.25244140625,0.0003180737766567314,-0.49592945710315334
Learned,Learned Basis,-0.252197265625,0.0003178097733279296,-0.4995356266759695
Learned,Learned Basis,-0.251953125,0.0003174734380493683,-0.5041341605764372
Learned,Learned Basis,-0.251708984375,0.0003170659207560839,-0.5097124602872413
Learned,Learned Basis,-0.25146484375,0.00031658886347243,-0.5162517744420072
Learned,Learned Basis,-0.251220703125,0.00031604448319027823,-0.523725974535822
Learned,Learned Basis,-0.2509765625,0.0003154355148902555,-0.5321022225608297
Learned,Learned Basis,-0.250732421875,0.0003147653306791574,-0.5413391957101169
Learned,Learned Basis,-0.25048828125,0.0003140376756156831,-0.551390570041808
Learned,Learned Basis,-0.250244140625,0.00031325690598526287,-0.5622015710348331
Learned,Learned Basis,-0.25,0.00031242777692466837,-0.5737117261149295
Learned,Learned Basis,-0.249755859375,0.0003115554786812254,-0.585854185294059
Learned,Learned Basis,-0.24951171875,0.000310645662512252,-0.5985551720712041
Learned,Learned Basis,-0.249267578125,0.00030970425420910624,-0.6117364020224058
Learned,Learned Basis,-0.2490234375,0.00030873754733516234,-0.6253136150071639
Learned,Learned Basis,-0.248779296875,0.0003077520737286219,-0.6391982320161238
Learned,Learned Basis,-0.24853515625,0.0003067546190421764,-0.6532970026824594
Learned,Learned Basis,-0.248291015625,0.0003057521295050316,-0.6675132072856044
Learned,Learned Basis,-0.248046875,0.0003047516445843689,-0.6817475326963397
Learned,Learned Basis,-0.247802734375,0.00030376029698534585,-0.6958980248522219
Learned,Learned Basis,-0.24755859375,0.0003027852038734572,-0.7098616243530881
Learned,Learned Basis,-0.247314453125,0.0003018334461549849,-0.7235344896090552
Learned,Learned Basis,-0.2470703125,0.00030091199077868485,-0.7368131731953418
Learned,Learned Basis,-0.246826171875,0.00030002773217488714,-0.7495941192603871
Learned,Learned Basis,-0.24658203125,0.0002991871607426929,-0.7617785885857103
Learned,Learned Basis,-0.246337890625,0.00029839669436277754,-0.7732680351033254
Learned,Learned Basis,-0.24609375,0.00029766235206447515,-0.783969020894809
Learned,Learned Basis,-0.245849609375,0.0002969897488458908,-0.793793521320002
Learned,Learned Basis,-0.24560546875,0.00029638414747277614,-0.8026584015423609
Learned,Learned Basis,-0.245361328125,0.00029585031344167784,-0.8104877749425772
Learned,Learned Basis,-0.2451171875,0.000295392535699488,-0.8172129433699964
Learned,Learned Basis,-0.244873046875,0.0002950145489451307,-0.8227737704111102
Learned,Learned Basis,-0.24462890625,0.0002947195025502369,-0.8271193574286477
Learned,Learned Basis,-0.244384765625,0.00029450999163846956,-0.8302077784126959
Learned,Learned Basis,-0.244140625,0.0002943879534877726,-0.8320077675832033
Learned,Learned Basis,-0.243896484375,0.00029435466753037113,-0.8324988449104991
Learned,Learned Basis,-0.24365234375,0.0002944107864320965,-0.831670938678583
Learned,Learned Basis,-0.243408203125,0.00029455630501306127,-0.8295248792830301
Learned,Learned Basis,-0.2431640625,0.0002947904877292331,-0.8260734558428461
Learned,Learned Basis,-0.242919921875,0.0002951120188891742,-0.8213391405692515
Learned,Learned Basis,-0.24267578125,0.00029551882135797657,-0.8153566525810287
Learned,Learned Basis,-0.242431640625,0.0002960082171337765,-0.8081704406393619
Learned,Learned Basis,-0.2421875,0.0002965769169879793,-0.799834649876393
Learned,Learned Basis,-0.241943359375,0.00029722097384627115,-0.7904135841032223
Learned,Learned Basis,-0.24169921875,0.0002979359019260331,-0.7799797142453189
Learned,Learned Basis,-0.241455078125,0.0002987166093978027,-0.7686144007994762
Learned,Learned Basis,-0.2412109375,0.00029955754342212554,-0.7564055080968441
Learned,Learned Basis,-0.240966796875,0.00030045261245124184,-0.7434482664631832
Learned,Learned Basis,-0.24072265625,0.00030139536234526326,-0.729842458059512
Learned,Learned Basis,-0.240478515625,0.00030237892457329744,-0.7156929311469201
Learned,Learned Basis,-0.240234375,0.0003033961042715364,-0.7011081125528174
Learned,Learned Basis,-0.239990234375,0.00030443942168235667,-0.6861992294742145
Learned,Learned Basis,-0.23974609375,0.00030550121575207063,-0.671078683542241
Learned,Learned Basis,-0.239501953125,0.0003065736234113762,-0.655860243718695
Learned,Learned Basis,-0.2392578125,0.0003076487142524331,-0.6406570683211776
Learned,Learned Basis,-0.239013671875,0.0003087184853489754,-0.6255817641539702
Learned,Learned Basis,-0.23876953125,0.00030977502701271285,-0.6107440770442961
Learned,Learned Basis,-0.238525390625,0.0003108104295553555,-0.5962522766547963
Learned,Learned Basis,-0.23828125,0.0003118170112036655,-0.5822100675365011
Learned,Learned Basis,-0.238037109375,0.0003127872248614813,-0.5687180432300742
Learned,Learned Basis,-0.23779296875,0.0003137138445856695,-0.5558712614412945
Learned,Learned Basis,-0.237548828125,0.0003145899707660125,-0.5437593817138537
Learned,Learned Basis,-0.2373046875,0.0003154090456648709,-0.5324666685511833
Learned,Learned Basis,-0.237060546875,0.0003161649673747099,-0.5220706491672436
Learned,Learned Basis,-0.23681640625,0.00031685208981809915,-0.512642353377517
Learned,Learned Basis,-0.236572265625,0.0003174653315253513,-0.5042450568964258
Learned,Learned Basis,-0.236328125,0.0003180001497350843,-0.49693486746842513
Learned,Learned Basis,-0.236083984375,0.00031845258701320925,-0.49076029911322494
Learned,Learned Basis,-0.23583984375,0.0003188193178719186,-0.4857618297113355
Learned,Learned Basis,-0.235595703125,0.0003190977161082241,-0.4819711541521422
Learned,Learned Basis,-0.2353515625,0.0003192857978251938,-0.479412101406969
Learned,Learned Basis,-0.235107421875,0.0003193822939503777,-0.47809975355208234
Learned,Learned Basis,-0.23486328125,0.0003193865932570449,-0.478041292183691
Learned,Learned Basis,-0.234619140625,0.0003192988563217094,-0.4792344825762431
Learned,Learned Basis,-0.234375,0.0003191198912068291,-0.48166935981574976
Learned,Learned Basis,-0.234130859375,0.0003188512622384444,-0.4853267065441585
Learned,Learned Basis,-0.23388671875,0.0003184952123078648,-0.4901790291785218
Learned,Learned Basis,-0.233642578125,0.0003180546007130183,-0.4961912912498028
Learned,Learned Basis,-0.2333984375,0.00031753302747575274,-0.5033190709501258
Learned,Learned Basis,-0.233154296875,0.0003169346313262212,-0.5115111424981432
Learned,Learned Basis,-0.23291015625,0.0003162641725810829,-0.520708147937137
Learned,Learned Basis,-0.232666015625,0.00031552694508541477,-0.5308435857311061
Learned,Learned Basis,-0.232421875,0.0003147287606730487,-0.5418437962168489
Learned,Learned Basis,-0.232177734375,0.00031387593362690926,-0.5536279368940679
Learned,Learned Basis,-0.23193359375,0.00031297509420306137,-0.5661103240263872
Learned,Learned Basis,-0.231689453125,0.00031203335438711235,-0.5791979139908081
Learned,Learned Basis,-0.2314453125,0.0003110579919210711,-0.5927944720349195
Learned,Learned Basis,-0.231201171875,0.00031005665231896253,-0.6067975757936046
Learned,Learned Basis,-0.23095703125,0.0003090370795126751,-0.6211022027416989
Learned,Learned Basis,-0.230712890625,0.0003080071987301616,-0.6355994429548733
Learned,Learned Basis,-0.23046875,0.0003069749403792623,-0.6501788753710589
Learned,Learned Basis,-0.230224609375,0.00030594832292590586,-0.6647273429739299
Learned,Learned Basis,-0.22998046875,0.0003049351680002939,-0.6791329703473324
Learned,Learned Basis,-0.229736328125,0.0003039433179521784,-0.6932821115544442
Learned,Learned Basis,-0.2294921875,0.0003029803509570462,-0.7070634690661713
Learned,Learned Basis,-0.229248046875,0.0003020536017356692,-0.7203679253178951
Learned,Learned Basis,-0.22900390625,0.00030117014083455427,-0.7330889918668947
Learned,Learned Basis,-0.228759765625,0.0003003366554885295,-0.7451247101800378
Learned,Learned Basis,-0.228515625,0.0002995594133615314,-0.756378398052428
Learned,Learned Basis,-0.228271484375,0.0002988442988058176,-0.766758362180447
Learned,Learned Basis,-0.22802734375,0.0002981966471055655,-0.7761805524629517
Learned,Learned Basis,-0.227783203125,0.00029762124965675954,-0.7845687534874954
Learned,Learned Basis,-0.2275390625,0.0002971223798666291,-0.7918544623912587
Learned,Learned Basis,-0.227294921875,0.00029670365847657236,-0.7979790984817297
Learned,Learned Basis,-0.22705078125,0.00029636812090069395,-0.8028932467615922
Learned,Learned Basis,-0.226806640625,0.00029611813952749215,-0.8065579912342764
Learned,Learned Basis,-0.2265625,0.0002959554340796338,-0.8089449270175686
Learned,Learned Basis,-0.226318359375,0.00029588105089440426,-0.8100365868892339
Learned,Learned Basis,-0.22607421875,0.0002958953784633698,-0.8098262917901606
Learned,Learned Basis,-0.225830078125,0.00029599812153294,-0.8083185628282247
Learned,Learned Basis,-0.2255859375,0.0002961883373635806,-0.805528573721994
Learned,Learned Basis,-0.225341796875,0.0002964644098303758,-0.8014824688764665
Learned,Learned Basis,-0.22509765625,0.0002968241064017912,-0.7962164220546869
Learned,Learned Basis,-0.224853515625,0.00029726461957877424,-0.7897758865365051
Learned,Learned Basis,-0.224609375,0.00029778248919644097,-0.7822165531403851
Learned,Learned Basis,-0.224365234375,0.0002983737733603652,-0.7736016462791677
Learned,Learned Basis,-0.22412109375,0.0002990339500287152,-0.7640031362623376
Learned,Learned Basis,-0.223876953125,0.0002997581138479802,-0.7534986381902431
Learned,Learned Basis,-0.2236328125,0.00030054087255522,-0.7421726827052304
Learned,Learned Basis,-0.223388671875,0.0003013764609355904,-0.7301148257318807
Learned,Learned Basis,-0.22314453125,0.0003022587926212192,-0.7174186800736139
Learned,Learned Basis,-0.222900390625,0.000303181496350419,-0.7041811914039762
Learned,Learned Basis,-0.22265625,0.00030413801438555044,-0.6905010497111508
Learned,Learned Basis,-0.222412109375,0.00030512156625380957,-0.6764790619184268
Learned,Learned Basis,-0.22216796875,0.0003061253093237417,-0.6622157426028497
Learned,Learned Basis,-0.221923828125,0.0003071423129058039,-0.6478116086606662
Learned,Learned Basis,-0.2216796875,0.0003081656877495536,-0.6333653002461481
Learned,Learned Basis,-0.221435546875,0.0003091885756838735,-0.6189737258030646
Learned,Learned Basis,-0.22119140625,0.0003102042324951725,-0.6047309209731908
Learned,Learned Basis,-0.220947265625,0.00031120613152513655,-0.5907266615541844
Learned,Learned Basis,-0.220703125,0.00031218791187185327,-0.5770472835089664
Learned,Learned Basis,-0.220458984375,0.00031314351306688823,-0.5637739173416714
Learned,Learned Basis,-0.22021484375,0.0003140672061546102,-0.5509822003416085
Learned,Learned Basis,-0.219970703125,0.0003149535885123038,-0.5387425025489443
Learned,Learned Basis,-0.2197265625,0.00031579770298758284,-0.5271184446198998
Learned,Learned Basis,-0.219482421875,0.00031659501199895275,-0.5161674301861217
Learned,Learned Basis,-0.21923828125,0.0003173414493346863,-0.5059401034560098
Learned,Learned Basis,-0.218994140625,0.0003180334149729355,-0.49648058612062224
Learned,Learned Basis,-0.21875,0.0003186679097588086,-0.4878247952555974
Learned,Learned Basis,-0.218505859375,0.0003192424266267309,-0.48000207915497184
Learned,Learned Basis,-0.21826171875,0.0003197550075792083,-0.4730345667669466
Learned,Learned Basis,-0.218017578125,0.0003202042695862646,-0.4669369274449661
Learned,Learned Basis,-0.2177734375,0.00032058939940555445,-0.46171653331290113
Learned,Learned Basis,-0.217529296875,0.00032091011214326244,-0.457374089355908
Learned,Learned Basis,-0.21728515625,0.00032116674967196704,-0.45390234710417815
Learned,Learned Basis,-0.217041015625,0.0003213601304139012,-0.45128816256911336
Learned,Learned Basis,-0.216796875,0.00032149163221915347,-0.44951137630211935
Learned,Learned Basis,-0.216552734375,0.00032156314574667983,-0.44854542653925744
Learned,Learned Basis,-0.21630859375,0.0003215770433849787,-0.44835773285356895
Learned,Learned Basis,-0.216064453125,0.00032153612745321484,-0.44891034362929877
Learned,Learned Basis,-0.2158203125,0.0003214436302012202,-0.45015987119004675
Learned,Learned Basis,-0.215576171875,0.00032130317237039253,-0.45205797668339165
Learned,Learned Basis,-0.21533203125,0.00032111872693448354,-0.4545517782588115
Learned,Learned Basis,-0.215087890625,0.0003208945517610598,-0.4575846764241636
Learned,Learned Basis,-0.21484375,0.00032063513263274045,-0.46109704084972164
Learned,Learned Basis,-0.214599609375,0.00032034522468629706,-0.4650255677865578
Learned,Learned Basis,-0.21435546875,0.0003200296970160274,-0.4693053086861854
Learned,Learned Basis,-0.214111328125,0.0003196935274938678,-0.47386967578442324
Learned,Learned Basis,-0.2138671875,0.000319341792409618,-0.47865052644634837
Learned,Learned Basis,-0.213623046875,0.00031897952143408986,-0.4835800908868759
Learned,Learned Basis,-0.21337890625,0.0003186117597777579,-0.4885900990353375
Learned,Learned Basis,-0.213134765625,0.0003182434179740202,-0.4936138104298132
Learned,Learned Basis,-0.212890625,0.0003178792925987489,-0.49858573348316704
Learned,Learned Basis,-0.212646484375,0.00031752398339208906,-0.5034427699428794
Learned,Learned Basis,-0.21240234375,0.0003171818828986838,-0.5081243832324442
Learned,Learned Basis,-0.212158203125,0.0003168570935894732,-0.512573769542742
Learned,Learned Basis,-0.2119140625,0.00031655342786169493,-0.5167379049827024
Learned,Learned Basis,-0.211669921875,0.00031627437177967043,-0.5205680946326778
Learned,Learned Basis,-0.21142578125,0.0003160229762971673,-0.5240215228942882
Learned,Learned Basis,-0.211181640625,0.00031580196085514956,-0.5270598895415868
Learned,Learned Basis,-0.2109375,0.0003156135838845895,-0.5296512442188893
Learned,Learned Basis,-0.210693359375,0.00031545965316624226,-0.5317698972998481
Learned,Learned Basis,-0.21044921875,0.0003153415569099715,-0.5333960372695177
Learned,Learned Basis,-0.210205078125,0.0003152601912363234,-0.5345167656335501
Learned,Learned Basis,-0.2099609375,0.0003152159446368645,-0.535126338396933
Learned,Learned Basis,-0.209716796875,0.00031520878603226926,-0.5352249684893997
Learned,Learned Basis,-0.20947265625,0.0003152381870740076,-0.5348198999985312
Learned,Learned Basis,-0.209228515625,0.0003153031635834449,-0.5339248297680885
Learned,Learned Basis,-0.208984375,0.00031540224965240427,-0.5325602455284897
Learned,Learned Basis,-0.208740234375,0.00031553359606102996,-0.530752041994151
Learned,Learned Basis,-0.20849609375,0.0003156949340185749,-0.5285319843487764
Learned,Learned Basis,-0.208251953125,0.00031588357516340007,-0.5259376652102153
Learned,Learned Basis,-0.2080078125,0.0003160965099808385,-0.5230111040133731
Learned,Learned Basis,-0.207763671875,0.0003163303922635324,-0.5197989133535834
Learned,Learned Basis,-0.20751953125,0.00031658158055053356,-0.5163516822258191
Learned,Learned Basis,-0.207275390625,0.0003168462469049419,-0.512722440219961
Learned,Learned Basis,-0.20703125,0.0003171202525966043,-0.5089683249030645
Learned,Learned Basis,-0.206787109375,0.00031739940191660465,-0.5051470715734863
Learned,Learned Basis,-0.20654296875,0.0003176793230398501,-0.5013186263024045
Learned,Learned Basis,-0.206298828125,0.00031795564414124775,-0.4975427252483116
Learned,Learned Basis,-0.2060546875,0.00031822385353874084,-0.49388080691702757
Learned,Learned Basis,-0.205810546875,0.0003184796001267867,-0.4903919193575896
Learned,Learned Basis,-0.20556640625,0.00031871849654062975,-0.4871354313146297
Learned,Learned Basis,-0.205322265625,0.00031893637297079165,-0.48416760217812765
Learned,Learned Basis,-0.205078125,0.0003191291424859948,-0.4815434597585497
Learned,Learned Basis,-0.204833984375,0.0003192930082286645,-0.4793140261683277
Learned,Learned Basis,-0.20458984375,0.00031942436499706535,-0.47752771119169546
Learned,Learned Basis,-0.204345703125,0.00031951994946204034,-0.4762283239034898
Learned,Learned Basis,-0.2041015625,0.00031957678836813533,-0.47545583292118965
Learned,Learned Basis,-0.203857421875,0.00031959233321067525,-0.47524458869456637
Learned,Learned Basis,-0.20361328125,0.0003195643877173387,-0.4756243570099253
Learned,Learned Basis,-0.203369140625,0.00031949117518669564,-0.47661944413690605
Learned,Learned Basis,-0.203125,0.00031937143690607126,-0.47824738961915314
Learned,Learned Basis,-0.202880859375,0.00031920432855379475,-0.48052039278826114
Learned,Learned Basis,-0.20263671875,0.00031898943055897453,-0.4834451790468936
Learned,Learned Basis,-0.202392578125,0.00031872698637632553,-0.4870197480477786
Learned,Learned Basis,-0.2021484375,0.00031841757615325335,-0.49123779120439925
Learned,Learned Basis,-0.201904296875,0.0003180623860840072,-0.4960849855315025
Learned,Learned Basis,-0.20166015625,0.0003176630115739526,-0.5015416235511839
Learned,Learned Basis,-0.201416015625,0.00031722159709653575,-0.5075806391469616
Learned,Learned Basis,-0.201171875,0.00031674073259553196,-0.5141689435176875
Learned,Learned Basis,-0.200927734375,0.000316223500104034,-0.521266698977256
Learned,Learned Basis,-0.20068359375,0.0003156733649668133,-0.5288287151215637
Learned,Learned Basis,-0.200439453125,0.0003150942172794206,-0.536803783041996
Learned,Learned Basis,-0.2001953125,0.0003144903408088603,-0.5451350006988731
Learned,Learned Basis,-0.199951171875,0.00031386628349640213,-0.5537614629917212
Learned,Learned Basis,-0.19970703125,0.00031322702839386984,-0.5626158090502822
Learned,Learned Basis,-0.199462890625,0.0003125776310715131,-0.5716291575649791
Learned,Learned Basis,-0.19921875,0.00031192353041126024,-0.5807267358805197
Learned,Learned Basis,-0.198974609375,0.0003112702429933528,-0.5898320651289619
Learned,Learned Basis,-0.19873046875,0.00031062338899578355,-0.5988665754889504
Learned,Learned Basis,-0.198486328125,0.00030998871809373376,-0.6077492306458179
Learned,Learned Basis,-0.1982421875,0.0003093719178037342,-0.6163992169514323
Learned,Learned Basis,-0.197998046875,0.00030877871190152856,-0.6247346004862713
Learned,Learned Basis,-0.19775390625,0.0003082146325070211,-0.6326755819851217
Learned,Learned Basis,-0.197509765625,0.00030768517030101573,-0.6401424644240938
Learned,Learned Basis,-0.197265625,0.0003071955569699386,-0.6470588110735542
Learned,Learned Basis,-0.197021484375,0.00030675075484606353,-0.6533517112186928
Learned,Learned Basis,-0.19677734375,0.0003063554931667243,-0.6589513928589659
Learned,Learned Basis,-0.196533203125,0.0003060141437570139,-0.6637931149645003
Learned,Learned Basis,-0.1962890625,0.0003057306174320331,-0.6678187784451575
Learned,Learned Basis,-0.196044921875,0.00030550847277452934,-0.6709755203725499
Learned,Learned Basis,-0.19580078125,0.00030535078663770774,-0.6732176807248793
Learned,Learned Basis,-0.195556640625,0.00030526010752624335,-0.6745075836204479
Learned,Learned Basis,-0.1953125,0.000305238455596281,-0.6748156372106494
Learned,Learned Basis,-0.195068359375,0.0003052873122956602,-0.6741205577854863
Learned,Learned Basis,-0.19482421875,0.0003054075841047023,-0.6724099365250596
Learned,Learned Basis,-0.194580078125,0.00030559955591722267,-0.6696809241734549
Learned,Learned Basis,-0.1943359375,0.0003058629272997433,-0.6659397054287963
Learned,Learned Basis,-0.194091796875,0.0003061967762322802,-0.6612019727294445
Learned,Learned Basis,-0.19384765625,0.00030659955910834313,-0.6554928522408912
Learned,Learned Basis,-0.193603515625,0.0003070691573539239,-0.6488461400620051
Learned,Learned Basis,-0.193359375,0.0003076028463481708,-0.6413046141066794
Learned,Learned Basis,-0.193115234375,0.00030819724880440066,-0.6329205365797361
Learned,Learned Basis,-0.19287109375,0.00030884856268515115,-0.623752266601047
Learned,Learned Basis,-0.192626953125,0.00030955233846701623,-0.6138672205105007
Learned,Learned Basis,-0.1923828125,0.0003103036656165977,-0.6033390529098048
Learned,Learned Basis,-0.192138671875,0.00031109714669106764,-0.5922478334389559
Learned,Learned Basis,-0.19189453125,0.00031192697503648153,-0.5806787762583733
Learned,Learned Basis,-0.191650390625,0.0003127869192481158,-0.5687222865703555
Learned,Learned Basis,-0.19140625,0.00031367047856709415,-0.5564716469435886
Learned,Learned Basis,-0.191162109375,0.00031457075856308655,-0.5440246161231101
Learned,Learned Basis,-0.19091796875,0.00031548075602812425,-0.5314793831296485
Learned,Learned Basis,-0.190673828125,0.00031639318286042325,-0.5189369378904664
Learned,Learned Basis,-0.1904296875,0.000317300688799549,-0.506497963530222
Learned,Learned Basis,-0.190185546875,0.00031819581998731585,-0.4942634103218676
Learned,Learned Basis,-0.18994140625,0.000319071148464976,-0.4823327569036082
Learned,Learned Basis,-0.189697265625,0.0003199193291519824,-0.47080330783453755
Learned,Learned Basis,-0.189453125,0.0003207330687666635,-0.4597707161962856
Learned,Learned Basis,-0.189208984375,0.0003215053174820627,-0.44932650966570575
Learned,Learned Basis,-0.18896484375,0.0003222292637460506,-0.439558322299067
Learned,Learned Basis,-0.188720703125,0.0003228983446411004,-0.4305499264073104
Learned,Learned Basis,-0.1884765625,0.0003235064064608017,-0.4223792571665607
Learned,Learned Basis,-0.188232421875,0.0003240477047098607,-0.41511861613812545
Learned,Learned Basis,-0.18798828125,0.0003245169144638752,-0.4088347321102006
Learned,Learned Basis,-0.187744140625,0.00032490925468663573,-0.40358729298325174
Learned,Learned Basis,-0.1875,0.0003252204778703507,-0.39942927605574097
Learned,Learned Basis,-0.187255859375,0.0003254469373741843,-0.3964062226629816
Learned,Learned Basis,-0.18701171875,0.00032558560296391933,-0.3945561860632385
Learned,Learned Basis,-0.186767578125,0.00032563411779072015,-0.3939091011873489
Learned,Learned Basis,-0.1865234375,0.0003255907880313577,-0.39448702366091715
Learned,Learned Basis,-0.186279296875,0.0003254546398669723,-0.3963034375344198
Learned,Learned Basis,-0.18603515625,0.0003252253935836364,-0.39936363286394483
Learned,Learned Basis,-0.185791015625,0.0003249034998315668,-0.4036642167365416
Learned,Learned Basis,-0.185546875,0.00032449010854579977,-0.40919348515589626
Learned,Learned Basis,-0.185302734375,0.00032398714146461674,-0.41593037135306354
Learned,Learned Basis,-0.18505859375,0.00032339719371168055,-0.4238456424126704
Learned,Learned Basis,-0.184814453125,0.0003227235907747989,-0.4329009816461813
Learned,Learned Basis,-0.1845703125,0.00032197027454839794,-0.44305033304377567
Learned,Learned Basis,-0.184326171875,0.00032114191211116095,-0.45423822349038334
Learned,Learned Basis,-0.18408203125,0.00032024371960985153,-0.4664018979698032
Learned,Learned Basis,-0.183837890625,0.00031928158139672745,-0.4794694539018152
Learned,Learned Basis,-0.18359375,0.0003182617910351629,-0.49336308760903436
Learned,Learned Basis,-0.183349609375,0.0003171912740348134,-0.507995799021224
Learned,Learned Basis,-0.18310546875,0.0003160773081376877,-0.5232749319128003
Learned,Learned Basis,-0.182861328125,0.0003149275958365739,-0.5391009344540816
Learned,Learned Basis,-0.1826171875,0.0003137501607772882,-0.5553685418747041
Learned,Learned Basis,-0.182373046875,0.0003125533270391247,-0.5719668502363355
Learned,Learned Basis,-0.18212890625,0.0003113455740980042,-0.588781147939667
Learned,Learned Basis,-0.181884765625,0.00031013555236613635,-0.605692568183528
Learned,Learned Basis,-0.181640625,0.00030893201067359465,-0.6225790020896591
Learned,Learned Basis,-0.181396484375,0.0003077436926705647,-0.6393165056896626
Learned,Learned Basis,-0.18115234375,0.00030657927466869417,-0.6557801883238085
Learned,Learned Basis,-0.180908203125,0.0003054473397416547,-0.6718446417847426
Learned,Learned Basis,-0.1806640625,0.00030435625858772847,-0.6873857449009879
Learned,Learned Basis,-0.180419921875,0.00030331415845048266,-0.702281279393787
Learned,Learned Basis,-0.18017578125,0.0003023288454204563,-0.7164122571045559
Learned,Learned Basis,-0.179931640625,0.00030140774227650964,-0.7296640735825187
Learned,Learned Basis,-0.1796875,0.0003005578833059368,-0.741926877000285
Learned,Learned Basis,-0.179443359375,0.00029978573818828866,-0.7530984306481281
Learned,Learned Basis,-0.17919921875,0.0002990973155931242,-0.7630829598177956
Learned,Learned Basis,-0.178955078125,0.0002984979767040584,-0.771794195094801
Learned,Learned Basis,-0.1787109375,0.0002979924662980879,-0.7791552663405242
Learned,Learned Basis,-0.178466796875,0.0002975849075657031,-0.7850990964429481
Learned,Learned Basis,-0.17822265625,0.0002972786777935871,-0.7895705051909662
Learned,Learned Basis,-0.177978515625,0.00029707644980371615,-0.7925258596381148
Learned,Learned Basis,-0.177734375,0.0002969801556941467,-0.7939338063019523
Learned,Learned Basis,-0.177490234375,0.00029699094539991505,-0.7937760238890228
Learned,Learned Basis,-0.17724609375,0.0002971092177723626,-0.792046852864397
Learned,Learned Basis,-0.177001953125,0.0002973346205791358,-0.7887533138094661
Learned,Learned Basis,-0.1767578125,0.00029766597280587315,-0.7839161939774972
Learned,Learned Basis,-0.176513671875,0.0002981013993332813,-0.7775679654358929
Learned,Learned Basis,-0.17626953125,0.00029863821697960886,-0.7697542725586628
Learned,Learned Basis,-0.176025390625,0.0002992730743576105,-0.7605316616573363
Learned,Learned Basis,-0.17578125,0.0003000018534566833,-0.7499687336057713
Learned,Learned Basis,-0.175537109375,0.0003008198457590436,-0.7381432698080825
Learned,Learned Basis,-0.17529296875,0.0003017216538218635,-0.7251433168379464
Learned,Learned Basis,-0.175048828125,0.00030270131041468435,-0.7110651017414762
Learned,Learned Basis,-0.1748046875,0.0003037522992389674,-0.6960123723453143
Learned,Learned Basis,-0.174560546875,0.0003048676326264065,-0.6800949285509463
Learned,Learned Basis,-0.17431640625,0.00030603985153892854,-0.6634282861121485
Learned,Learned Basis,-0.174072265625,0.0003072611291664442,-0.6461318899785675
Learned,Learned Basis,-0.173828125,0.000308523296826286,-0.6283284771474341
Learned,Learned Basis,-0.173583984375,0.0003098179631006215,-0.6101421688116134
Learned,Learned Basis,-0.17333984375,0.00031113651383645374,-0.5916982992328572
Learned,Learned Basis,-0.173095703125,0.00031247022092325963,-0.5731217676106644
Learned,Learned Basis,-0.1728515625,0.0003138102785522028,-0.5545364684566444
Learned,Learned Basis,-0.172607421875,0.0003151478809144469,-0.5360641999296044
Learned,Learned Basis,-0.17236328125,0.00031647431025924393,-0.5178234921150071
Learned,Learned Basis,-0.172119140625,0.00031778097833303463,-0.4999291348371625
Learned,Learned Basis,-0.171875,0.000319059467818549,-0.48249174756036267
Learned,Learned Basis,-0.171630859375,0.0003203016411124446,-0.4656164738430902
Learned,Learned Basis,-0.17138671875,0.00032149970766384516,-0.4494022886410217
Learned,Learned Basis,-0.171142578125,0.0003226462032547899,-0.4339425232051476
Learned,Learned Basis,-0.1708984375,0.0003237341402169728,-0.4193230976525337
Learned,Learned Basis,-0.170654296875,0.0003247570074317425,-0.4056228040679693
Learned,Learned Basis,-0.17041015625,0.00032570877033010235,-0.39291358295426454
Learned,Learned Basis,-0.170166015625,0.00032658403146922435,-0.3812586540624794
Learned,Learned Basis,-0.169921875,0.00032737798391346135,-0.37071341361345866
Learned,Learned Basis,-0.169677734375,0.0003280864371337848,-0.361325339014596
Learned,Learned Basis,-0.16943359375,0.0003287058739865477,-0.353133462153371
Learned,Learned Basis,-0.169189453125,0.0003292334817928099,-0.3461681634226518
Learned,Learned Basis,-0.1689453125,0.00032966714197856325,-0.34045148184448715
Learned,Learned Basis,-0.168701171875,0.00033000544043450627,-0.3359971155588756
Learned,Learned Basis,-0.16845703125,0.00033024769341548224,-0.3328101821786381
Learned,Learned Basis,-0.168212890625,0.0003303939475404792,-0.3308872830895797
Learned,Learned Basis,-0.16796875,0.00033044494353341687,-0.33021700539632837
Learned,Learned Basis,-0.167724609375,0.0003304020955035966,-0.33078018149724786
Learned,Learned Basis,-0.16748046875,0.00033026756864401466,-0.332548819494788
Learned,Learned Basis,-0.167236328125,0.00033004411347496053,-0.3354881995846903
Learned,Learned Basis,-0.1669921875,0.0003297351331825551,-0.33955587665995723
Learned,Learned Basis,-0.166748046875,0.0003293446421796502,-0.34470208547951525
Learned,Learned Basis,-0.16650390625,0.00032887720912706564,-0.35087032888009456
Learned,Learned Basis,-0.166259765625,0.00032833791031460126,-0.3579978140517403
Learned,Learned Basis,-0.166015625,0.0003277322830420488,-0.36601587857998774
Learned,Learned Basis,-0.165771484375,0.00032706635669851745,-0.3748493800109447
Learned,Learned Basis,-0.16552734375,0.0003263464144876063,-0.38441965686509116
Learned,Learned Basis,-0.165283203125,0.00032557916436369366,-0.3946420705794035
Learned,Learned Basis,-0.1650390625,0.00032477152665654743,-0.4054286441847798
Learned,Learned Basis,-0.164794921875,0.000323930634071325,-0.41668790109162546
Learned,Learned Basis,-0.16455078125,0.0003230637436304851,-0.4283258989829093
Learned,Learned Basis,-0.164306640625,0.0003221782729330005,-0.44024562117504773
Learned,Learned Basis,-0.1640625,0.00032128155669964307,-0.4523501581221337
Learned,Learned Basis,-0.163818359375,0.0003203809659103976,-0.46454104829454235
Learned,Learned Basis,-0.16357421875,0.0003194837575877229,-0.4767202750815252
Learned,Learned Basis,-0.163330078125,0.0003185970799764389,-0.48879020161746367
Learned,Learned Basis,-0.1630859375,0.0003177277808878879,-0.5006562170873223
Learned,Learned Basis,-0.162841796875,0.00031688259417588584,-0.5122242644009916
Learned,Learned Basis,-0.16259765625,0.00031606779268425684,-0.5234056774936092
Learned,Learned Basis,-0.162353515625,0.0003152894006222224,-0.5341144031456956
Learned,Learned Basis,-0.162109375,0.000314553017448225,-0.5442695557862736
Learned,Learned Basis,-0.161865234375,0.00031386376089116485,-0.5537963682362405
Learned,Learned Basis,-0.16162109375,0.0003132263550084882,-0.5626251456605769
Learned,Learned Basis,-0.161376953125,0.0003126449592498984,-0.5706938024797658
Learned,Learned Basis,-0.1611328125,0.00031212319953668105,-0.5779476105947241
Learned,Learned Basis,-0.160888671875,0.000311664178621479,-0.5843392207334613
Learned,Learned Basis,-0.16064453125,0.0003112703828503167,-0.5898301137990357
Learned,Learned Basis,-0.160400390625,0.0003109437495011381,-0.5943898004666581
Learned,Learned Basis,-0.16015625,0.0003106856098050438,-0.5979967295905718
Learned,Learned Basis,-0.159912109375,0.0003104966837664033,-0.6006384513346854
Learned,Learned Basis,-0.15966796875,0.0003103771371416183,-0.6023108826199975
Learned,Learned Basis,-0.159423828125,0.0003103264933810341,-0.603019572072799
Learned,Learned Basis,-0.1591796875,0.00031034374758646586,-0.6027781103201336
Learned,Learned Basis,-0.158935546875,0.00031042733543187314,-0.6016085410142484
Learned,Learned Basis,-0.15869140625,0.00031057510208403496,-0.5995417458141822
Learned,Learned Basis,-0.158447265625,0.00031078444723940066,-0.5966153419525998
Learned,Learned Basis,-0.158203125,0.00031105227332521503,-0.5928743149426274
Learned,Learned Basis,-0.157958984375,0.00031137500621906787,-0.5883706200662613
Learned,Learned Basis,-0.15771484375,0.00031174869884664547,-0.5831616169671421
Learned,Learned Basis,-0.157470703125,0.00031216901564206794,-0.5773101628962343
Learned,Learned Basis,-0.1572265625,0.0003126312791668768,-0.5708838363945122
Learned,Learned Basis,-0.156982421875,0.0003131305322686859,-0.5639539499990288
Learned,Learned Basis,-0.15673828125,0.0003136616831180329,-0.5565934266075915
Learned,Learned Basis,-0.156494140625,0.00031421924103411386,-0.5488803593482378
Learned,Learned Basis,-0.15625,0.0003147977774947756,-0.5408915369191922
Learned,Learned Basis,-0.156005859375,0.0003153916516024753,-0.5327061782838429
Learned,Learned Basis,-0.15576171875,0.00031599525353899537,-0.5244025195281372
Learned,Learned Basis,-0.155517578125,0.00031660295276656814,-0.5160585027495375
Learned,Learned Basis,-0.1552734375,0.00031720916536641386,-0.5077508399667383
Learned,Learned Basis,-0.155029296875,0.0003178084472767166,-0.4995537475134738
Learned,Learned Basis,-0.15478515625,0.00031839545285352385,-0.49153954467237926
Learned,Learned Basis,-0.154541015625,0.0003189650902673733,-0.48377657741434316
Learned,Learned Basis,-0.154296875,0.0003195124956038547,-0.4763296386177596
Learned,Learned Basis,-0.154052734375,0.0003200330535831603,-0.4692597588215007
Learned,Learned Basis,-0.15380859375,0.0003205225011578358,-0.4626228817963136
Learned,Learned Basis,-0.153564453125,0.00032097688607367987,-0.4564705175527573
Learned,Learned Basis,-0.1533203125,0.00032139264974794516,-0.4508487100213099
Learned,Learned Basis,-0.153076171875,0.00032176665834866337,-0.44579770981838196
Learned,Learned Basis,-0.15283203125,0.00032209617171532025,-0.4413524819634972
Learned,Learned Basis,-0.152587890625,0.00032237886407840535,-0.43754250533385747
Learned,Learned Basis,-0.15234375,0.00032261295873648886,-0.43439003055459424
Learned,Learned Basis,-0.152099609375,0.000322797057119932,-0.43191244538359364
Learned,Learned Basis,-0.15185546875,0.00032293029418751373,-0.4301202300177815
Learned,Learned Basis,-0.151611328125,0.0003230122244689048,-0.4290185261270474
Learned,Learned Basis,-0.1513671875,0.00032304288940320555,-0.4286062513387581
Learned,Learned Basis,-0.151123046875,0.0003230228173389462,-0.4288761058337439
Learned,Learned Basis,-0.15087890625,0.00032295293029611076,-0.4298158178055792
Learned,Learned Basis,-0.150634765625,0.0003228346113046753,-0.43140721690666356
Learned,Learned Basis,-0.150390625,0.0003226696836850577,-0.43362647887681455
Learned,Learned Basis,-0.150146484375,0.0003224603437095795,-0.43644498663563314
Learned,Learned Basis,-0.14990234375,0.00032220910880359044,-0.439829975281547
Learned,Learned Basis,-0.149658203125,0.0003219188693443438,-0.44374377528367115
Learned,Learned Basis,-0.1494140625,0.00032159282650234594,-0.4481445847848513
Learned,Learned Basis,-0.149169921875,0.00032123440418326807,-0.4529875921767879
Learned,Learned Basis,-0.14892578125,0.00032084732672625914,-0.4582238608921304
Learned,Learned Basis,-0.148681640625,0.00032043543242799434,-0.4638027866595707
Learned,Learned Basis,-0.1484375,0.0003200027460611006,-0.4696710604895591
Learned,Learned Basis,-0.148193359375,0.0003195534167155061,-0.47577345770855306
Learned,Learned Basis,-0.14794921875,0.0003190916504599021,-0.4820537088838094
Learned,Learned Basis,-0.147705078125,0.0003186216792624177,-0.4884548902660707
Learned,Learned Basis,-0.1474609375,0.0003181476781124187,-0.4949205318519411
Learned,Learned Basis,-0.147216796875,0.00031767384271882135,-0.5013935475685656
Learned,Learned Basis,-0.14697265625,0.0003172042600129032,-0.5078180002088225
Learned,Learned Basis,-0.146728515625,0.0003167427993706648,-0.5141406053213416
Learned,Learned Basis,-0.146484375,0.0003162932939088935,-0.5203082717945645
Learned,Learned Basis,-0.146240234375,0.0003158592141522486,-0.5262726069903466
Learned,Learned Basis,-0.14599609375,0.000315443927027638,-0.5319864050336222
Learned,Learned Basis,-0.145751953125,0.0003150504472296163,-0.53740710771342
Learned,Learned Basis,-0.1455078125,0.0003146815200985854,-0.5424957182294577
Learned,Learned Basis,-0.145263671875,0.00031433955946214394,-0.5472177104453283
Learned,Learned Basis,-0.14501953125,0.0003140266631747501,-0.5515428678888469
Learned,Learned Basis,-0.144775390625,0.00031374451987974534,-0.5554466241517791
Learned,Learned Basis,-0.14453125,0.0003134944763478929,-0.5589091809291651
Learned,Learned Basis,-0.144287109375,0.00031327748567850223,-0.561916266753528
Learned,Learned Basis,-0.14404296875,0.0003130940606804407,-0.56445981992868
Learned,Learned Basis,-0.143798828125,0.0003129444189089855,-0.5665360053058327
Learned,Learned Basis,-0.1435546875,0.0003128282961898716,-0.5681478191640217
Learned,Learned Basis,-0.143310546875,0.0003127450502170426,-0.5693036633847305
Learned,Learned Basis,-0.14306640625,0.0003126937019917515,-0.5700167708111827
Learned,Learned Basis,-0.142822265625,0.0003126728529443595,-0.5703063490167058
Learned,Learned Basis,-0.142578125,0.0003126807522728745,-0.5701966307786931
Learned,Learned Basis,-0.142333984375,0.00031271533320216365,-0.5697163493335904
Learned,Learned Basis,-0.14208984375,0.0003127742285236163,-0.5688984967343614
Learned,Learned Basis,-0.141845703125,0.0003128547291560434,-0.5677808700575083
Learned,Learned Basis,-0.1416015625,0.0003129539291825288,-0.5664040267078969
Learned,Learned Basis,-0.141357421875,0.0003130686429722289,-0.5648124046597945
Learned,Learned Basis,-0.14111328125,0.0003131954984183481,-0.5630529994069216
Learned,Learned Basis,-0.140869140625,0.0003133309628375767,-0.5611749797439035
Learned,Learned Basis,-0.140625,0.00031347139476896655,-0.5592289496064622
Learned,Learned Basis,-0.140380859375,0.000313613007714718,-0.5572674362373585
Learned,Learned Basis,-0.14013671875,0.0003137520462563567,-0.5553424430611533
Learned,Learned Basis,-0.139892578125,0.0003138846358379946,-0.5535075304066649
Learned,Learned Basis,-0.1396484375,0.0003140069951417197,-0.5518148825525415
Learned,Learned Basis,-0.139404296875,0.00031411539464849537,-0.5503158973590094
Learned,Learned Basis,-0.13916015625,0.0003142061721778232,-0.5490609927870936
Learned,Learned Basis,-0.138916015625,0.00031427582612571887,-0.5480983454743821
Learned,Learned Basis,-0.138671875,0.00031432103100437474,-0.5474737088995562
Learned,Learned Basis,-0.138427734375,0.0003143386426220475,-0.5472303776125171
Learned,Learned Basis,-0.13818359375,0.0003143257861411464,-0.5474080081084495
Learned,Learned Basis,-0.137939453125,0.00031427979909947034,-0.5480434437120626
Learned,Learned Basis,-0.1376953125,0.00031419835572750904,-0.5491690327864549
Learned,Learned Basis,-0.137451171875,0.00031407944104900525,-0.5508130186020656
Learned,Learned Basis,-0.13720703125,0.00031392136642061736,-0.5529993514688731
Learned,Learned Basis,-0.136962890625,0.00031372281097101994,-0.5557471357101595
Learned,Learned Basis,-0.13671875,0.00031348284232045386,-0.5590703540296661
Learned,Learned Basis,-0.136474609375,0.00031320086478185075,-0.5629785870318162
Learned,Learned Basis,-0.13623046875,0.00031287674885802183,-0.567475210668382
Learned,Learned Basis,-0.135986328125,0.00031251068102491897,-0.5725594592630759
Learned,Learned Basis,-0.1357421875,0.000312103308768486,-0.5782243835531268
Learned,Learned Basis,-0.135498046875,0.0003116556525265704,-0.5844580308783077
Learned,Learned Basis,-0.13525390625,0.00031116915748779887,-0.5912426724142492
Learned,Learned Basis,-0.135009765625,0.00031064557963405117,-0.5985563307402098
Learned,Learned Basis,-0.134765625,0.000310087135957199,-0.6063706143006288
Learned,Learned Basis,-0.134521484375,0.0003094963076233792,-0.6146533909165928
Learned,Learned Basis,-0.13427734375,0.0003088759591104074,-0.6233670425764006
Learned,Learned Basis,-0.134033203125,0.00030822926568935217,-0.6324693958144468
Learned,Learned Basis,-0.1337890625,0.00030755963054633444,-0.6419148068607683
Learned,Learned Basis,-0.133544921875,0.0003068708142797161,-0.6516522549797159
Learned,Learned Basis,-0.13330078125,0.00030616671734482283,-0.6616283341668027
Learned,Learned Basis,-0.133056640625,0.00030545145775225763,-0.6717860910300631
Learned,Learned Basis,-0.1328125,0.0003047293244489125,-0.6820656234050213
Learned,Learned Basis,-0.132568359375,0.0003040047255190932,-0.6924047679118324
Learned,Learned Basis,-0.13232421875,0.0003032821467454187,-0.7027396569592094
Learned,Learned Basis,-0.132080078125,0.00030256611016972083,-0.7130052927816444
Learned,Learned Basis,-0.1318359375,0.0003018611844528195,-0.723135394136455
Learned,Learned Basis,-0.131591796875,0.00030117187091699627,-0.7330640437396464
Learned,Learned Basis,-0.13134765625,0.00030050265534487013,-0.7427249729411488
Learned,Learned Basis,-0.131103515625,0.0002998578422229959,-0.7520539974024407
Learned,Learned Basis,-0.130859375,0.00029924164797983976,-0.7609877340630834
Learned,Learned Basis,-0.130615234375,0.00029865809738802883,-0.7694651714384891
Learned,Learned Basis,-0.13037109375,0.00029811102874423826,-0.7774276798649784
Learned,Learned Basis,-0.130126953125,0.0002976039799116651,-0.7848207641425521
Learned,Learned Basis,-0.1298828125,0.0002971402711982296,-0.7915929582709368
Learned,Learned Basis,-0.129638671875,0.0002967228603197232,-0.7976980441553199
Learned,Learned Basis,-0.12939453125,0.00029635442009812206,-0.8030940214088889
Learned,Learned Basis,-0.129150390625,0.00029603728666271166,-0.8077439620684665
Learned,Learned Basis,-0.12890625,0.0002957733610322231,-0.8116175474119953
Learned,Learned Basis,-0.128662109375,0.0002955641764533714,-0.8146901652089421
Learned,Learned Basis,-0.12841796875,0.0002954109294801809,-0.8169425212100176
Learned,Learned Basis,-0.128173828125,0.0002953143038578082,-0.8183632824239597
Learned,Learned Basis,-0.1279296875,0.0002952746207392815,-0.8189469086556421
Learned,Learned Basis,-0.127685546875,0.00029529178170673725,-0.8186945098249131
Learned,Learned Basis,-0.12744140625,0.0002953652221524326,-0.8176145334504703
Learned,Learned Basis,-0.127197265625,0.0002954940407759335,-0.8157208433029399
Learned,Learned Basis,-0.126953125,0.00029567680792827607,-0.8130355022229987
Learned,Learned Basis,-0.126708984375,0.00029591181942645604,-0.8095849895696805
Learned,Learned Basis,-0.12646484375,0.00029619688417803947,-0.8054032554587216
Learned,Learned Basis,-0.126220703125,0.0002965295106571143,-0.8005289032847578
Learned,Learned Basis,-0.1259765625,0.0002969068136663149,-0.7950064696127903
Learned,Learned Basis,-0.125732421875,0.00029732561793457247,-0.7888848107081474
Learned,Learned Basis,-0.12548828125,0.0002977823907785775,-0.7822179884948346
Learned,Learned Basis,-0.125244140625,0.0002982734441183937,-0.7750622224888947
Learned,Learned Basis,-0.125,0.0002987947583612817,-0.767478366721122
Learned,Learned Basis,-0.124755859375,0.00029934209117933743,-0.7595302294620644
Learned,Learned Basis,-0.12451171875,0.0002999110759273555,-0.7512830636839463
Learned,Learned Basis,-0.124267578125,0.0003004972164629418,-0.7428035778301034
Learned,Learned Basis,-0.1240234375,0.00030109590268617616,-0.734159655527829
Learned,Learned Basis,-0.123779296875,0.0003017024467988251,-0.7254197891934124
Learned,Learned Basis,-0.12353515625,0.0003023121247434423,-0.716652455771899
Learned,Learned Basis,-0.123291015625,0.0003029202487217942,-0.7079250648203078
Learned,Learned Basis,-0.123046875,0.00030352219309429806,-0.6993035968220979
Learned,Learned Basis,-0.122802734375,0.00030411337884035883,-0.6908528477163967
Learned,Learned Basis,-0.12255859375,0.0003046893771561207,-0.6826349820021769
Learned,Learned Basis,-0.122314453125,0.0003052459042745791,-0.6747096584142991
Learned,Learned Basis,-0.1220703125,0.00030577887844434394,-0.6671332783336295
Learned,Learned Basis,-0.121826171875,0.0003062844147497522,-0.6599591288556919
Learned,Learned Basis,-0.12158203125,0.00030675892352873116,-0.6532360614112906
Learned,Learned Basis,-0.121337890625,0.0003071990430342603,-0.6470095274861499
Learned,Learned Basis,-0.12109375,0.00030760179483099796,-0.6413194601619664
Learned,Learned Basis,-0.120849609375,0.00030796437141989157,-0.6362033560397089
Learned,Learned Basis,-0.12060546875,0.00030828447811075615,-0.6316915234554439
Learned,Learned Basis,-0.120361328125,0.00030856011028710956,-0.6278103013958224
Learned,Learned Basis,-0.1201171875,0.00030878961556482303,-0.6245812441500991
Learned,Learned Basis,-0.119873046875,0.00030897178703009724,-0.6220198648185384
Learned,Learned Basis,-0.11962890625,0.0003091057544618237,-0.6201372105119531
Learned,Learned Basis,-0.119384765625,0.00030919105167012277,-0.6189389475821218
Learned,Learned Basis,-0.119140625,0.0003092276579354443,-0.6184248008137956
Learned,Learned Basis,-0.118896484375,0.0003092158788711538,-0.6185902349179467
Learned,Learned Basis,-0.11865234375,0.00030915642412184565,-0.6194253586614283
Learned,Learned Basis,-0.118408203125,0.0003090503918236807,-0.6209151268509836
Learned,Learned Basis,-0.1181640625,0.0003088992634244984,-0.623039385051466
Learned,Learned Basis,-0.117919921875,0.0003087048052659537,-0.6257742150919111
Learned,Learned Basis,-0.11767578125,0.00030846916182149253,-0.6290905783235645
Learned,Learned Basis,-0.117431640625,0.00030819478317792645,-0.6329552809604753
Learned,Learned Basis,-0.1171875,0.0003078844043158823,-0.637331206692938
Learned,Learned Basis,-0.116943359375,0.00030754094151205113,-0.6421787163686615
Learned,Learned Basis,-0.11669921875,0.0003071676736352526,-0.6474530266709808
Learned,Learned Basis,-0.116455078125,0.0003067679624325073,-0.653108094858478
Learned,Learned Basis,-0.1162109375,0.0003063454131055505,-0.6590942917807932
Learned,Learned Basis,-0.115966796875,0.0003059037189142059,-0.6653605442991423
Learned,Learned Basis,-0.11572265625,0.0003054467129752611,-0.6718535533524682
Learned,Learned Basis,-0.115478515625,0.00030497826984460415,-0.6785191490404565
Learned,Learned Basis,-0.115234375,0.0003045023158769985,-0.6853021123909507
Learned,Learned Basis,-0.114990234375,0.0003040227774272077,-0.6921468899689337
Learned,Learned Basis,-0.11474609375,0.00030354354459078244,-0.6989980998542498
Learned,Learned Basis,-0.114501953125,0.00030306842458507254,-0.7058011980257559
Learned,Learned Basis,-0.1142578125,0.0003026011676486647,-0.7125021172059041
Learned,Learned Basis,-0.114013671875,0.00030214534790396906,-0.7190489936991487
Learned,Learned Basis,-0.11376953125,0.0003017044255158695,-0.7253913060609503
Learned,Learned Basis,-0.113525390625,0.0003012816223744227,-0.731481699097307
Learned,Learned Basis,-0.11328125,0.0003008799687138458,-0.7372753596985847
Learned,Learned Basis,-0.113037109375,0.0003005022823929665,-0.7427303629452432
Learned,Learned Basis,-0.11279296875,0.0003001510601175842,-0.7478092962569921
Learned,Learned Basis,-0.112548828125,0.0002998285862181089,-0.7524777429098406
Learned,Learned Basis,-0.1123046875,0.00029953678761270947,-0.7567064334447732
Learned,Learned Basis,-0.112060546875,0.0002992773166855146,-0.7604700989342377
Learned,Learned Basis,-0.11181640625,0.0002990514891279622,-0.7637484190087808
Learned,Learned Basis,-0.111572265625,0.00029886025285947405,-0.7665265166156333
Learned,Learned Basis,-0.111328125,0.00029870430716486955,-0.76879326269502
Learned,Learned Basis,-0.111083984375,0.0002985839265781889,-0.7705438622306561
Learned,Learned Basis,-0.11083984375,0.00029849906448044407,-0.7717783687087633
Learned,Learned Basis,-0.110595703125,0.00029844935827950654,-0.7725016180887895
Learned,Learned Basis,-0.1103515625,0.0002984341190503321,-0.7727233804056145
Learned,Learned Basis,-0.110107421875,0.0002984522797360852,-0.7724591061440926
Learned,Learned Basis,-0.10986328125,0.00029850256608442843,-0.7717274232101125
Learned,Learned Basis,-0.109619140625,0.00029858328945202013,-0.7705531293294503
Learned,Learned Basis,-0.109375,0.0002986925540000168,-0.7689641485825409
Learned,Learned Basis,-0.109130859375,0.00029882822561474743,-0.7669919515761381
Learned,Learned Basis,-0.10888671875,0.0002989878801088383,-0.7646722727725958
Learned,Learned Basis,-0.108642578125,0.0002991689119988514,-0.7620434920141381
Learned,Learned Basis,-0.1083984375,0.00029936850342595896,-0.7591470495727093
Learned,Learned Basis,-0.108154296875,0.00029958369149448203,-0.7560264334185471
Learned,Learned Basis,-0.10791015625,0.0002998113734517776,-0.7527270728391582
Learned,Learned Basis,-0.107666015625,0.0003000483740267771,-0.7492953357466641
Learned,Learned Basis,-0.107421875,0.00030029138845122307,-0.745779332445843
Learned,Learned Basis,-0.107177734375,0.000300537101597083,-0.7422271750134115
Learned,Learned Basis,-0.10693359375,0.00030078218279666174,-0.7386870451272987
Learned,Learned Basis,-0.106689453125,0.0003010232962023765,-0.7352070426722888
Learned,Learned Basis,-0.1064453125,0.00030125717848507045,-0.7318340696418301
Learned,Learned Basis,-0.106201171875,0.0003014806232943495,-0.7286140674505358
Learned,Learned Basis,-0.10595703125,0.0003016905278775707,-0.725591363008453
Learned,Learned Basis,-0.105712890625,0.0003018839241591675,-0.722808245183997
Learned,Learned Basis,-0.10546875,0.00030205804089930024,-0.7203040992257227
Learned,Learned Basis,-0.105224609375,0.0003022101586570047,-0.7181175236549875
Learned,Learned Basis,-0.10498046875,0.00030233795684265813,-0.7162813737694685
Learned,Learned Basis,-0.104736328125,0.00030243916148562576,-0.7148278591750143
Learned,Learned Basis,-0.1044921875,0.0003025118404878511,-0.7137843336773925
Learned,Learned Basis,-0.104248046875,0.00030255430520599255,-0.7131747410592648
Learned,Learned Basis,-0.10400390625,0.00030256513117097374,-0.7130193450640128
Learned,Learned Basis,-0.103759765625,0.00030254312700865794,-0.7133351988355551
Learned,Learned Basis,-0.103515625,0.0003024875519951254,-0.7141330400893741
Learned,Learned Basis,-0.103271484375,0.00030239776900420725,-0.7154222847265705
Learned,Learned Basis,-0.10302734375,0.0003022735863800643,-0.7172061241193768
Learned,Learned Basis,-0.102783203125,0.00030211507664112215,-0.719484125370582
Learned,Learned Basis,-0.1025390625,0.0003019225971996218,-0.7222519249888159
Learned,Learned Basis,-0.102294921875,0.00030169681108116984,-0.7255009149504412
Learned,Learned Basis,-0.10205078125,0.00030143873872361365,-0.7292174727854002
Learned,Learned Basis,-0.101806640625,0.00030114957150109006,-0.7333856166606861
Learned,Learned Basis,-0.1015625,0.00030083086337986416,-0.7379842110102146
Learned,Learned Basis,-0.101318359375,0.000300484391061366,-0.7429889412776254
Learned,Learned Basis,-0.10107421875,0.000300112190241403,-0.7483717485727477
Learned,Learned Basis,-0.100830078125,0.00029971651417105973,-0.754101382971093
Learned,Learned Basis,-0.1005859375,0.00029929981293714777,-0.7601436581977346
Learned,Learned Basis,-0.100341796875,0.00029886469202310514,-0.7664620085409478
Learned,Learned Basis,-0.10009765625,0.0002984140003670848,-0.7730161662195101
Learned,Learned Basis,-0.099853515625,0.00029795065942566534,-0.7797646028105604
Learned,Learned Basis,-0.099609375,0.0002974777097928392,-0.7866638192258173
Learned,Learned Basis,-0.099365234375,0.0002969982697609119,-0.7936689199388712
Learned,Learned Basis,-0.09912109375,0.0002965155508601649,-0.8007333620410362
Learned,Learned Basis,-0.098876953125,0.0002960327749806549,-0.8078101501346541
Learned,Learned Basis,-0.0986328125,0.00029555313811300063,-0.8148523628030515
Learned,Learned Basis,-0.098388671875,0.0002950798776869214,-0.8218121645763544
Learned,Learned Basis,-0.09814453125,0.0002946161275343855,-0.8286429442311269
Learned,Learned Basis,-0.097900390625,0.0002941649955879233,-0.835298189978852
Learned,Learned Basis,-0.09765625,0.0002937294654627642,-0.8417329627890813
Learned,Learned Basis,-0.097412109375,0.00029331237055739835,-0.847904313285647
Learned,Learned Basis,-0.09716796875,0.0002929164717518904,-0.853770169086444
Learned,Learned Basis,-0.096923828125,0.0002925442916514776,-0.8592918298282266
Learned,Learned Basis,-0.0966796875,0.0002921981922848831,-0.8644328642761688
Learned,Learned Basis,-0.096435546875,0.0002918803802842035,-0.8691590781207336
Learned,Learned Basis,-0.09619140625,0.00029159275666817004,-0.8734407957017294
Learned,Learned Basis,-0.095947265625,0.00029133707223877477,-0.8772505971018123
Learned,Learned Basis,-0.095703125,0.0002911147825444196,-0.8805655214697814
Learned,Learned Basis,-0.095458984375,0.00029092710485867883,-0.8833662610001294
Learned,Learned Basis,-0.09521484375,0.0002907749974607495,-0.8856375061897062
Learned,Learned Basis,-0.094970703125,0.0002906591440957882,-0.8873682087467928
Learned,Learned Basis,-0.0947265625,0.00029058000059389947,-0.8885509090750566
Learned,Learned Basis,-0.094482421875,0.0002905376809126094,-0.8891834557924455
Learned,Learned Basis,-0.09423828125,0.0002905320918139421,-0.8892670022037036
Learned,Learned Basis,-0.093994140625,0.0002905628758856565,-0.88880685874242
Learned,Learned Basis,-0.09375,0.0002906293804619213,-0.887812951122223
Learned,Learned Basis,-0.093505859375,0.00029073073532162786,-0.8862986450824528
Learned,Learned Basis,-0.09326171875,0.00029086582678895285,-0.8842811132162509
Learned,Learned Basis,-0.093017578125,0.0002910333184529081,-0.8817809993039283
Learned,Learned Basis,-0.0927734375,0.0002912316874265537,-0.8788218465779957
Learned,Learned Basis,-0.092529296875,0.00029145916736823477,-0.8754309133714147
Learned,Learned Basis,-0.09228515625,0.00029171387797877045,-0.8716372051211935
Learned,Learned Basis,-0.092041015625,0.00029199370068415246,-0.8674732891259138
Learned,Learned Basis,-0.091796875,0.00029229646511149695,-0.8629724797822635
Learned,Learned Basis,-0.091552734375,0.0002926198247717434,-0.8581706531670508
Learned,Learned Basis,-0.09130859375,0.00029296134511774303,-0.8531049022116389
Learned,Learned Basis,-0.091064453125,0.00029331856570290914,-0.8478125855112072
Learned,Learned Basis,-0.0908203125,0.0002936889069432414,-0.8423326832635629
Learned,Learned Basis,-0.090576171875,0.0002940697944346271,-0.8367039326044039
Learned,Learned Basis,-0.09033203125,0.0002944586796723913,-0.8309645080951146
Learned,Learned Basis,-0.090087890625,0.0002948529519932083,-0.8251533104317543
Learned,Learned Basis,-0.08984375,0.0002952501250510537,-0.819307209974416
Learned,Learned Basis,-0.089599609375,0.0002956476814205779,-0.8134633377619798
Learned,Learned Basis,-0.08935546875,0.0002960432487132826,-0.8076564980999968
Learned,Learned Basis,-0.089111328125,0.000296434552958533,-0.8019198680123392
Learned,Learned Basis,-0.0888671875,0.0002968193978840075,-0.7962853146906437
Learned,Learned Basis,-0.088623046875,0.0002971957270743485,-0.7907825015216416
Learned,Learned Basis,-0.08837890625,0.00029756166541026265,-0.7854383049780821
Learned,Learned Basis,-0.088134765625,0.0002979154310104323,-0.7802781244425272
Learned,Learned Basis,-0.087890625,0.0002982555113476928,-0.7753233364982524
Learned,Learned Basis,-0.087646484375,0.00029858048713285516,-0.7705938897304525
Learned,Learned Basis,-0.08740234375,0.0002988891825314453,-0.7661061399104012
Learned,Learned Basis,-0.087158203125,0.00029918059264527847,-0.7618739309047995
Learned,Learned Basis,-0.0869140625,0.00029945394049122194,-0.7579077892002097
Learned,Learned Basis,-0.086669921875,0.00029970862520231986,-0.7542156970152254
Learned,Learned Basis,-0.08642578125,0.0002999442790065561,-0.7508022839768004
Learned,Learned Basis,-0.086181640625,0.00030016072060786645,-0.7476695189693517
Learned,Learned Basis,-0.0859375,0.0003003579810855762,-0.7448163475424958
Learned,Learned Basis,-0.085693359375,0.00030053626245529975,-0.7422393011420271
Learned,Learned Basis,-0.08544921875,0.0003006959946477039,-0.7399316800669431
Learned,Learned Basis,-0.085205078125,0.0003008377578101943,-0.7378846807058936
Learned,Learned Basis,-0.0849609375,0.00030096233410579115,-0.7360866484605273
Learned,Learned Basis,-0.084716796875,0.0003010706196550407,-0.7345243480342036
Learned,Learned Basis,-0.08447265625,0.0003011636970544411,-0.7331819136976079
Learned,Learned Basis,-0.084228515625,0.0003012427473183539,-0.7320421153462425
Learned,Learned Basis,-0.083984375,0.0003013091223974299,-0.7310853070731628
Learned,Learned Basis,-0.083740234375,0.0003013642208613078,-0.7302912132524271
Learned,Learned Basis,-0.08349609375,0.0003014095396974898,-0.7296381748554349
Learned,Learned Basis,-0.083251953125,0.00030144667949122904,-0.7291030685734735
Learned,Learned Basis,-0.0830078125,0.00030147723564789126,-0.7286628680803529
Learned,Learned Basis,-0.082763671875,0.00030150283983205485,-0.7282940414356673
Learned,Learned Basis,-0.08251953125,0.00030152522730604944,-0.7279715769616599
Learned,Learned Basis,-0.082275390625,0.00030154599865512817,-0.7276724122228427
Learned,Learned Basis,-0.08203125,0.0003015668477025202,-0.7273721491363049
Learned,Learned Basis,-0.081787109375,0.0003015893335943782,-0.7270483358666426
Learned,Learned Basis,-0.08154296875,0.0003016150206567426,-0.7266784529448997
Learned,Learned Basis,-0.081298828125,0.00030164541623689073,-0.7262408100319413
Learned,Learned Basis,-0.0810546875,0.0003016818671055858,-0.7257160397591168
Learned,Learned Basis,-0.080810546875,0.0003017257096738158,-0.7250849377901991
Learned,Learned Basis,-0.08056640625,0.00030177810423639214,-0.7243308524326142
Learned,Learned Basis,-0.080322265625,0.00030184011785015037,-0.7234384946684722
Learned,Learned Basis,-0.080078125,0.00030191269843451226,-0.7223943141169837
Learned,Learned Basis,-0.079833984375,0.0003019966177927228,-0.7211873211645331
Learned,Learned Basis,-0.07958984375,0.0003020925182308384,-0.7198084176566915
Learned,Learned Basis,-0.079345703125,0.00030220088665828876,-0.7182507699915687
Learned,Learned Basis,-0.0791015625,0.00030232207012753984,-0.7165095850751702
Learned,Learned Basis,-0.078857421875,0.0003024562447547683,-0.7145825549638428
Learned,Learned Basis,-0.07861328125,0.0003026034208997493,-0.7124697785709727
Learned,Learned Basis,-0.078369140625,0.0003027634638854065,-0.710173459135454
Learned,Learned Basis,-0.078125,0.00030293607327826195,-0.7076981952703997
Learned,Learned Basis,-0.077880859375,0.00030312079324821113,-0.7050508243532049
Learned,Learned Basis,-0.07763671875,0.00030331706436739867,-0.7022396717865942
Learned,Learned Basis,-0.077392578125,0.00030352415109179224,-0.6992755809213203
Learned,Learned Basis,-0.0771484375,0.0003037412039198336,-0.696171012259988
Learned,Learned Basis,-0.076904296875,0.00030396725939243823,-0.6929400337625274
Learned,Learned Basis,-0.07666015625,0.0003042012504527707,-0.6895981628933083
Learned,Learned Basis,-0.076416015625,0.00030444198054680675,-0.6861627264473014
Learned,Learned Basis,-0.076171875,0.00030468824276074706,-0.6826511513406943
Learned,Learned Basis,-0.075927734375,0.00030493868514394086,-0.6790828788056116
Learned,Learned Basis,-0.07568359375,0.00030519197646528765,-0.6754769944789922
Learned,Learned Basis,-0.075439453125,0.000305446702615486,-0.671853700651262
Learned,Learned Basis,-0.0751953125,0.0003057014546651221,-0.6682330592568475
Learned,Learned Basis,-0.074951171875,0.00030595475634624393,-0.6646360213562643
Learned,Learned Basis,-0.07470703125,0.00030620526088808835,-0.6610816322022999
Learned,Learned Basis,-0.074462890625,0.00030645149720259096,-0.6575906373841207
Learned,Learned Basis,-0.07421875,0.00030669217031786394,-0.6541812240015665
Learned,Learned Basis,-0.073974609375,0.0003069259334631442,-0.6508722587558124
Learned,Learned Basis,-0.07373046875,0.0003071515900844074,-0.6476804327705642
Learned,Learned Basis,-0.073486328125,0.0003073679850667298,-0.6446218109001205
Learned,Learned Basis,-0.0732421875,0.00030757407725271363,-0.6417108146300139
Learned,Learned Basis,-0.072998046875,0.00030776888246372426,-0.6389610364882996
Learned,Learned Basis,-0.07275390625,0.00030795159263730375,-0.6363835674675002
Learned,Learned Basis,-0.072509765625,0.00030812148776908257,-0.6339882503387102
Learned,Learned Basis,-0.072265625,0.0003082780291507554,-0.6317823738626437
Learned,Learned Basis,-0.072021484375,0.00030842074023266765,-0.629772360560712
Learned,Learned Basis,-0.07177734375,0.00030854938273999186,-0.6279612928996217
Learned,Learned Basis,-0.071533203125,0.00030866377019677624,-0.6263515461982503
Learned,Learned Basis,-0.0712890625,0.0003087639388622337,-0.6249423869262842
Learned,Learned Basis,-0.071044921875,0.0003088500441329907,-0.6237314349328242
Learned,Learned Basis,-0.07080078125,0.000308922412341963,-0.6227139368674369
Learned,Learned Basis,-0.070556640625,0.0003089814682399297,-0.6218837866937653
Learned,Learned Basis,-0.0703125,0.0003090278644927223,-0.6212317047416187
Learned,Learned Basis,-0.070068359375,0.0003090622952052724,-0.6207478572559606
Learned,Learned Basis,-0.06982421875,0.0003090856823975643,-0.6204192327539825
Learned,Learned Basis,-0.069580078125,0.00030909898952868236,-0.6202322590589724
Learned,Learned Basis,-0.0693359375,0.00030910333545433746,-0.6201711977703124
Learned,Learned Basis,-0.069091796875,0.00030909993744810413,-0.6202189404925305
Learned,Learned Basis,-0.06884765625,0.00030909008530198253,-0.6203573682425236
Learned,Learned Basis,-0.068603515625,0.0003090751620459486,-0.6205670561140639
Learned,Learned Basis,-0.068359375,0.00030905661804851676,-0.6208276334219727
Learned,Learned Basis,-0.068115234375,0.0003090359451173015,-0.6211181446007162
Learned,Learned Basis,-0.06787109375,0.0003090146764990179,-0.621417047093129
Learned,Learned Basis,-0.067626953125,0.0003089943350806059,-0.6217029382567882
Learned,Learned Basis,-0.0673828125,0.0003089765110875436,-0.6219534634031634
Learned,Learned Basis,-0.067138671875,0.0003089627274067709,-0.6221472098470845
Learned,Learned Basis,-0.06689453125,0.0003089545017453402,-0.6222628356688296
Learned,Learned Basis,-0.066650390625,0.00030895328965165335,-0.6222798739909573
Learned,Learned Basis,-0.06640625,0.00030896051041489914,-0.6221783731786249
Learned,Learned Basis,-0.066162109375,0.00030897751080584087,-0.6219394114794088
Learned,Learned Basis,-0.06591796875,0.0003090055184578281,-0.62154575766882
Learned,Learned Basis,-0.065673828125,0.0003090456988455597,-0.6209810756421981
Learned,Learned Basis,-0.0654296875,0.00030909907240688313,-0.6202310945925184
Learned,Learned Basis,-0.065185546875,0.00030916656116178256,-0.6192829586338502
Learned,Learned Basis,-0.06494140625,0.0003092489317336155,-0.6181260314403767
Learned,Learned Basis,-0.064697265625,0.0003093468057088879,-0.616751753372662
Learned,Learned Basis,-0.064453125,0.0003094606492774795,-0.6151537883255734
Learned,Learned Basis,-0.064208984375,0.000309590799132081,-0.6133276601531268
Learned,Learned Basis,-0.06396484375,0.0003097373744101061,-0.611271986333085
Learned,Learned Basis,-0.063720703125,0.0003099003802914423,-0.6089870204517132
Learned,Learned Basis,-0.0634765625,0.0003100795888610375,-0.6064763169153075
Learned,Learned Basis,-0.063232421875,0.00031027465824631323,-0.6037450529382888
Learned,Learned Basis,-0.06298828125,0.0003104850600987393,-0.6008010356546405
Learned,Learned Basis,-0.062744140625,0.0003107100692340587,-0.5976548348714587
Learned,Learned Basis,-0.0625,0.0003109488257909379,-0.5943189006123674
Learned,Learned Basis,-0.062255859375,0.0003112003041516419,-0.5908079844971278
Learned,Learned Basis,-0.06201171875,0.0003114633284816966,-0.5871389080983581
Learned,Learned Basis,-0.061767578125,0.0003117365364706762,-0.5833310533057033
Learned,Learned Basis,-0.0615234375,0.000312018529548942,-0.5794042540589803
Learned,Learned Basis,-0.061279296875,0.00031230770195135317,-0.5753811654450418
Learned,Learned Basis,-0.06103515625,0.0003126023753943433,-0.5712853742463171
Learned,Learned Basis,-0.060791015625,0.0003129007472770447,-0.5671421088542223
Learned,Learned Basis,-0.060546875,0.0003132009735594893,-0.5629770786860463
Learned,Learned Basis,-0.060302734375,0.0003135011014240704,-0.5588174024819738
Learned,Learned Basis,-0.06005859375,0.0003137991625135188,-0.5546903104464469
Learned,Learned Basis,-0.059814453125,0.0003140931573912398,-0.5506233595255604
Learned,Learned Basis,-0.0595703125,0.00031438101928210057,-0.5466449354587062
Learned,Learned Basis,-0.059326171875,0.0003146607435696191,-0.5427824662331229
Learned,Learned Basis,-0.05908203125,0.0003149303100976505,-0.539063504151249
Learned,Learned Basis,-0.058837890625,0.0003151877090698251,-0.5355153764646762
Learned,Learned Basis,-0.05859375,0.00031543104464729917,-0.5321637697079842
Learned,Learned Basis,-0.058349609375,0.00031565843135100436,-0.5290341724414621
Learned,Learned Basis,-0.05810546875,0.0003158680924795107,-0.5261505350615805
Learned,Learned Basis,-0.057861328125,0.00031605834456936417,-0.5235355017144653
Learned,Learned Basis,-0.0576171875,0.00031622766473362484,-0.5212095032362705
Learned,Learned Basis,-0.057373046875,0.00031637457670434077,-0.5191923412606994
Learned,Learned Basis,-0.05712890625,0.0003164977751498491,-0.5175014977412309
Learned,Learned Basis,-0.056884765625,0.00031659617229376415,-0.5161515136779176
Learned,Learned Basis,-0.056640625,0.00031666873215857583,-0.5151562793356477
Learned,Learned Basis,-0.056396484375,0.00031671468812092656,-0.514526063253083
Learned,Learned Basis,-0.05615234375,0.0003167333926948725,-0.5142695846718246
Learned,Learned Basis,-0.055908203125,0.00031672443148940963,-0.5143924595321672
Learned,Learned Basis,-0.0556640625,0.00031668749889117236,-0.5148989111118
Learned,Learned Basis,-0.055419921875,0.000316622615619711,-0.5157887894262768
Learned,Learned Basis,-0.05517578125,0.00031652989045266404,-0.5170608377332396
Learned,Learned Basis,-0.054931640625,0.00031640966008272234,-0.518710770552471
Learned,Learned Basis,-0.0546875,0.0003162624580383036,-0.5207316921305983
Learned,Learned Basis,-0.054443359375,0.00031608901986344,-0.5231140142035487
Learned,Learned Basis,-0.05419921875,0.00031589022613901527,-0.5258462248243335
Learned,Learned Basis,-0.053955078125,0.00031566720608051544,-0.5289134481628597
Learned,Learned Basis,-0.0537109375,0.0003154211717816273,-0.5322997042730235
Learned,Learned Basis,-0.053466796875,0.00031515358397064033,-0.5359856087800408
Learned,Learned Basis,-0.05322265625,0.0003148659914339322,-0.5399505605142487
Learned,Learned Basis,-0.052978515625,0.0003145601035343945,-0.5441717212945357
Learned,Learned Basis,-0.052734375,0.000314237759132108,-0.5486244211448473
Learned,Learned Basis,-0.052490234375,0.000313900936944117,-0.5532819922373792
Learned,Learned Basis,-0.05224609375,0.0003135516208673534,-0.558117610751099
Learned,Learned Basis,-0.052001953125,0.00031319200717413884,-0.5631014112312807
Learned,Learned Basis,-0.0517578125,0.0003128242247982567,-0.5682043420054625
Learned,Learned Basis,-0.051513671875,0.0003124505010913537,-0.5733958572313774
Learned,Learned Basis,-0.05126953125,0.0003120731618229403,-0.5786439011967351
Learned,Learned Basis,-0.051025390625,0.0003116944291647757,-0.5839177091388656
Learned,Learned Basis,-0.05078125,0.0003113165874472699,-0.5891855001951704
Learned,Learned Basis,-0.050537109375,0.00031094191582094514,-0.5944154115149194
Learned,Learned Basis,-0.05029296875,0.00031057258465868524,-0.5995769485191533
Learned,Learned Basis,-0.050048828125,0.00031021073325404873,-0.6046399095094411
Learned,Learned Basis,-0.0498046875,0.00030985846464138124,-0.6095744662204506
Learned,Learned Basis,-0.049560546875,0.0003095177316382893,-0.6143527731318823
Learned,Learned Basis,-0.04931640625,0.0003091904456232793,-0.6189474602171554
Learned,Learned Basis,-0.049072265625,0.0003088783366787932,-0.6233336129479105
Learned,Learned Basis,-0.048828125,0.0003085830312895219,-0.6274877031458764
Learned,Learned Basis,-0.048583984375,0.00030830601090330484,-0.6313881917254132
Learned,Learned Basis,-0.04833984375,0.0003080486067512428,-0.6350156232772024
Learned,Learned Basis,-0.048095703125,0.0003078119739482594,-0.6383530125776705
Learned,Learned Basis,-0.0478515625,0.00030759709149310183,-0.6413858657989159
Learned,Learned Basis,-0.047607421875,0.00030740478298789067,-0.6441019071257448
Learned,Learned Basis,-0.04736328125,0.0003072356492995818,-0.6464920469711541
Learned,Learned Basis,-0.047119140625,0.0003070901307186171,-0.6485495194056491
Learned,Learned Basis,-0.046875,0.00030696847587959893,-0.6502703331978819
Learned,Learned Basis,-0.046630859375,0.00030687075212106546,-0.6516531346711186
Learned,Learned Basis,-0.04638671875,0.00030679678850672754,-0.65270002040639
Learned,Learned Basis,-0.046142578125,0.0003067462949628823,-0.6534148542331929
Learned,Learned Basis,-0.0458984375,0.0003067187638605498,-0.653804659835314
Learned,Learned Basis,-0.045654296875,0.00030671350109479816,-0.6538791779282185
Learned,Learned Basis,-0.04541015625,0.0003067296571640691,-0.6536504202465729
Learned,Learned Basis,-0.045166015625,0.000306766247889728,-0.6531323678804386
Learned,Learned Basis,-0.044921875,0.0003068220818976381,-0.6523419877370213
Learned,Learned Basis,-0.044677734375,0.0003068959108348997,-0.6512970941346878
Learned,Learned Basis,-0.04443359375,0.0003069862377140106,-0.6500190486485549
Learned,Learned Basis,-0.044189453125,0.0003070916173463442,-0.6485284951983836
Learned,Learned Basis,-0.0439453125,0.00030721032482934597,-0.6468500370353698
Learned,Learned Basis,-0.043701171875,0.0003073407129587748,-0.6450071682585102
Learned,Learned Basis,-0.04345703125,0.0003074809376946626,-0.6430261440049361
Learned,Learned Basis,-0.043212890625,0.0003076292016160293,-0.6409325285677381
Learned,Learned Basis,-0.04296875,0.0003077835778047059,-0.6387536746170975
Learned,Learned Basis,-0.042724609375,0.0003079421859615115,-0.6365162288949058
Learned,Learned Basis,-0.04248046875,0.00030810314060737763,-0.6342468596419569
Learned,Learned Basis,-0.042236328125,0.00030826453554368556,-0.6319724726304474
Learned,Learned Basis,-0.0419921875,0.0003084245319103548,-0.6297189693856129
Learned,Learned Basis,-0.041748046875,0.0003085812908473048,-0.627512197901126
Learned,Learned Basis,-0.04150390625,0.000308733077092206,-0.6253764974106966
Learned,Learned Basis,-0.041259765625,0.0003088782020017169,-0.6233355065583353
Learned,Learned Basis,-0.041015625,0.0003090150649905842,-0.6214115871700161
Learned,Learned Basis,-0.040771484375,0.00030914220015063114,-0.6196251777122169
Learned,Learned Basis,-0.04052734375,0.000309258265890982,-0.6179949489548899
Learned,Learned Basis,-0.040283203125,0.00030936196205986154,-0.6165389773482105
Learned,Learned Basis,-0.0400390625,0.00030945222160043434,-0.6152720632495061
Learned,Learned Basis,-0.039794921875,0.00030952809141339096,-0.614207414161891
Learned,Learned Basis,-0.03955078125,0.00030958874789661087,-0.6133564350133442
Learned,Learned Basis,-0.039306640625,0.00030963356946358796,-0.6127277186800764
Learned,Learned Basis,-0.0390625,0.00030966207438478,-0.6123279248138511
Learned,Learned Basis,-0.038818359375,0.00030967393632727136,-0.6121615667762049
Learned,Learned Basis,-0.03857421875,0.00030966902061398566,-0.6122305065172877
Learned,Learned Basis,-0.038330078125,0.0003096473790437984,-0.6125340287402123
Learned,Learned Basis,-0.0380859375,0.0003096091929127739,-0.613069639560063
Learned,Learned Basis,-0.037841796875,0.0003095548403527033,-0.6138321197982031
Learned,Learned Basis,-0.03759765625,0.00030948486525177947,-0.614813956667669
Learned,Learned Basis,-0.037353515625,0.0003093999617149343,-0.6160055560144481
Learned,Learned Basis,-0.037109375,0.00030930096888395086,-0.6173953079441679
Learned,Learned Basis,-0.036865234375,0.0003091888605776888,-0.6189697241107434
Learned,Learned Basis,-0.03662109375,0.0003090647867311844,-0.6207128464633028
Learned,Learned Basis,-0.036376953125,0.0003089300008772249,-0.622607255759793
Learned,Learned Basis,-0.0361328125,0.00030878587568601134,-0.624633843670447
Learned,Learned Basis,-0.035888671875,0.00030863386670594545,-0.6267723131116881
Learned,Learned Basis,-0.03564453125,0.00030847552272340493,-0.6290010239544357
Learned,Learned Basis,-0.035400390625,0.00030831253238173135,-0.6312963280561984
Learned,Learned Basis,-0.03515625,0.0003081465584248285,-0.6336348960630376
Learned,Learned Basis,-0.034912109375,0.0003079793412949134,-0.6359922544736456
Learned,Learned Basis,-0.03466796875,0.0003078127094922916,-0.6383426347379586
Learned,Learned Basis,-0.034423828125,0.00030764843453850543,-0.6406610169244029
Learned,Learned Basis,-0.0341796875,0.00030748831385453494,-0.6429219623561043
Learned,Learned Basis,-0.033935546875,0.00030733415522113546,-0.6450998347857451
Learned,Learned Basis,-0.03369140625,0.00030718773015984936,-0.6471694631861379
Learned,Learned Basis,-0.033447265625,0.0003070507532134559,-0.6491064415605974
Learned,Learned Basis,-0.033203125,0.00030692490266552157,-0.6508868443747649
Learned,Learned Basis,-0.032958984375,0.00030681175838174937,-0.6524881154663104
Learned,Learned Basis,-0.03271484375,0.00030671288986806715,-0.6538878326714898
Learned,Learned Basis,-0.032470703125,0.0003066296646147884,-0.6550664324021498
Learned,Learned Basis,-0.0322265625,0.00030656345011222645,-0.6560043618245698
Learned,Learned Basis,-0.031982421875,0.00030651540665519274,-0.6566850249429825
Learned,Learned Basis,-0.03173828125,0.00030648666345917336,-0.657092299633924
Learned,Learned Basis,-0.031494140625,0.00030647810110505185,-0.6572136306911818
Learned,Learned Basis,-0.03125,0.00030649055873461156,-0.6570371035657157
Learned,Learned Basis,-0.031005859375,0.00030652471491312156,-0.6565531404247361
Learned,Learned Basis,-0.03076171875,0.0003065810047511361,-0.6557556803677979
Learned,Learned Basis,-0.030517578125,0.0003066598270999967,-0.6546392474895112
Learned,Learned Basis,-0.0302734375,0.0003067613528959925,-0.6532016677380363
Learned,Learned Basis,-0.030029296875,0.00030688561839833624,-0.6514427468854588
Learned,Learned Basis,-0.02978515625,0.00030703247857017665,-0.6493649269360807
Learned,Learned Basis,-0.029541015625,0.00030720165887747347,-0.6469725468554486
Learned,Learned Basis,-0.029296875,0.0003073927138498973,-0.6442724205081019
Learned,Learned Basis,-0.029052734375,0.0003076050374406048,-0.6412736788934448
Learned,Learned Basis,-0.02880859375,0.0003078379251848889,-0.6379868798490107
Learned,Learned Basis,-0.028564453125,0.00030809043952310304,-0.6344258946398307
Learned,Learned Basis,-0.0283203125,0.0003083616480754881,-0.6306045308156301
Learned,Learned Basis,-0.028076171875,0.0003086503801874574,-0.6265399496928757
Learned,Learned Basis,-0.02783203125,0.0003089553875061114,-0.6222503846295464
Learned,Learned Basis,-0.027587890625,0.00030927533880034945,-0.6177551989955028
Learned,Learned Basis,-0.02734375,0.00030960877334188224,-0.6130755249617451
Learned,Learned Basis,-0.027099609375,0.00030995418896332007,-0.6082330110277976
Learned,Learned Basis,-0.02685546875,0.0003103099850794097,-0.6032506079384494
Learned,Learned Basis,-0.026611328125,0.0003106745093060224,-0.5981519016179875
Learned,Learned Basis,-0.0263671875,0.00031104609889925444,-0.5929605237881547
Learned,Learned Basis,-0.026123046875,0.0003114230237766638,-0.587700940351961
Learned,Learned Basis,-0.02587890625,0.0003118035383161459,-0.5823977201310309
Learned,Learned Basis,-0.025634765625,0.0003121859124352587,-0.5770750983931319
Learned,Learned Basis,-0.025390625,0.0003125684056917851,-0.5717573366231197
Learned,Learned Basis,-0.025146484375,0.00031294931908260856,-0.5664680027604889
Learned,Learned Basis,-0.02490234375,0.00031332698986382524,-0.5612300477620974
Learned,Learned Basis,-0.024658203125,0.0003136997915507442,-0.5560658111026837
Learned,Learned Basis,-0.0244140625,0.00031406614945754985,-0.5509968124521821
Learned,Learned Basis,-0.024169921875,0.0003144245562369651,-0.5460435457756979
Learned,Learned Basis,-0.02392578125,0.0003147736599383391,-0.5412242750664378
Learned,Learned Basis,-0.023681640625,0.00031511206199203313,-0.5365578362631158
Learned,Learned Basis,-0.0234375,0.0003154386124630109,-0.5320595751071893
Learned,Learned Basis,-0.023193359375,0.0003157521562363486,-0.527744862391198
Learned,Learned Basis,-0.02294921875,0.0003160517194931867,-0.5236265375700779
Learned,Learned Basis,-0.022705078125,0.0003163363905733162,-0.5197165624886222
Learned,Learned Basis,-0.0224609375,0.00031660547019191787,-0.5160239705513432
Learned,Learned Basis,-0.022216796875,0.0003168583212228228,-0.5125569432394184
Learned,Learned Basis,-0.02197265625,0.0003170944360370511,-0.5093218956910895
Learned,Learned Basis,-0.021728515625,0.0003173135090212372,-0.5063224946687991
Learned,Learned Basis,-0.021484375,0.0003175153226201041,-0.5035612295546453
Learned,Learned Basis,-0.021240234375,0.0003176997887755633,-0.5010388514112839
Learned,Learned Basis,-0.02099609375,0.0003178669437468278,-0.49875444980239153
Learned,Learned Basis,-0.020751953125,0.0003180170413483874,-0.49670418394123206
Learned,Learned Basis,-0.0205078125,0.0003181503820137202,-0.4948836218096689
Learned,Learned Basis,-0.020263671875,0.00031826740085338044,-0.49328653768398845
Learned,Learned Basis,-0.02001953125,0.0003183687039142115,-0.491904418122729
Learned,Learned Basis,-0.019775390625,0.00031845495422181997,-0.4907280160714772
Learned,Learned Basis,-0.01953125,0.00031852695983866365,-0.48974614699468955
Learned,Learned Basis,-0.019287109375,0.0003185856117054014,-0.48894653376188946
Learned,Learned Basis,-0.01904296875,0.0003186318991805554,-0.4883155908034006
Learned,Learned Basis,-0.018798828125,0.00031866689450084866,-0.4878386316545126
Learned,Learned Basis,-0.0185546875,0.00031869175278120495,-0.48749986433599113
Learned,Learned Basis,-0.018310546875,0.0003187076757555361,-0.48728288077499793
Learned,Learned Basis,-0.01806640625,0.000318715922136517,-0.4871705109861254
Learned,Learned Basis,-0.017822265625,0.00031871781279547306,-0.4871447482218793
Learned,Learned Basis,-0.017578125,0.0003187146634238422,-0.4871876627193923
Learned,Learned Basis,-0.017333984375,0.0003187078466918253,-0.48728055147222604
Learned,Learned Basis,-0.01708984375,0.00031869878706849893,-0.4874040062406784
Learned,Learned Basis,-0.016845703125,0.00031868881578496364,-0.48753988818748206
Learned,Learned Basis,-0.0166015625,0.00031867928479187014,-0.48766977412636503
Learned,Learned Basis,-0.016357421875,0.0003186715667594195,-0.4877749563473185
Learned,Learned Basis,-0.01611328125,0.00031866695665949923,-0.4878377845267822
Learned,Learned Basis,-0.015869140625,0.0003186667598237723,-0.48784046709849704
Learned,Learned Basis,-0.015625,0.00031867217798615044,-0.48776662638727325
Learned,Learned Basis,-0.015380859375,0.0003186843973408828,-0.4876001011315916
Learned,Learned Basis,-0.01513671875,0.00031870450048446746,-0.48732614956574527
Learned,Learned Basis,-0.014892578125,0.0003187335389340773,-0.48693046441181836
Learned,Learned Basis,-0.0146484375,0.0003187724450694714,-0.4864003762131574
Learned,Learned Basis,-0.014404296875,0.0003188220683922081,-0.48572436238848493
Learned,Learned Basis,-0.01416015625,0.00031888320142508267,-0.4848916975140554
Learned,Learned Basis,-0.013916015625,0.000318956491654039,-0.4838936554511797
Learned,Learned Basis,-0.013671875,0.0003190425451259205,-0.4827221004468959
Learned,Learned Basis,-0.013427734375,0.00031914176587195613,-0.4813716748065843
Learned,Learned Basis,-0.01318359375,0.00031925456310326247,-0.4798369787747722
Learned,Learned Basis,-0.012939453125,0.0003193811388354539,-0.4781154607767486
Learned,Learned Basis,-0.0126953125,0.00031952163292549437,-0.4762054421721995
Learned,Learned Basis,-0.012451171875,0.0003196761075320344,-0.4741063274139856
Learned,Learned Basis,-0.01220703125,0.0003198444279779978,-0.4718202196659968
Learned,Learned Basis,-0.011962890625,0.0003200264077874326,-0.46934994520531936
Learned,Learned Basis,-0.01171875,0.00032022173616708593,-0.46670003388967146
Learned,Learned Basis,-0.011474609375,0.00032043001426561616,-0.4638762210453714
Learned,Learned Basis,-0.01123046875,0.00032065073963393105,-0.46088565198897763
Learned,Learned Basis,-0.010986328125,0.00032088326996597416,-0.4577373654447654
Learned,Learned Basis,-0.0107421875,0.0003211269370562516,-0.4544407425358874
Learned,Learned Basis,-0.010498046875,0.000321380912122755,-0.45100732220307
Learned,Learned Basis,-0.01025390625,0.0003216443404840387,-0.44744897081270857
Learned,Learned Basis,-0.010009765625,0.0003219162794005684,-0.4437787158516812
Learned,Learned Basis,-0.009765625,0.00032219568253505875,-0.44001094706869315
Learned,Learned Basis,-0.009521484375,0.00032248145693123656,-0.4361606398727157
Learned,Learned Basis,-0.00927734375,0.0003227724681937283,-0.43224327992743833
Learned,Learned Basis,-0.009033203125,0.0003230675353081723,-0.4282749277716274
Learned,Learned Basis,-0.0087890625,0.0003233653995618937,-0.42427263135618587
Learned,Learned Basis,-0.008544921875,0.00032366475562322977,-0.42025400274059316
Learned,Learned Basis,-0.00830078125,0.00032396433441973056,-0.4162361033134135
Learned,Learned Basis,-0.008056640625,0.0003242627943605203,-0.41223690276290736
Learned,Learned Basis,-0.0078125,0.0003245587886748359,-0.40827437409058653
Learned,Learned Basis,-0.007568359375,0.00032485098613157674,-0.40436621758985947
Learned,Learned Basis,-0.00732421875,0.00032513799852087924,-0.4005308324385288
Learned,Learned Basis,-0.007080078125,0.0003254185205110806,-0.39678544963523127
Learned,Learned Basis,-0.0068359375,0.00032569120015153003,-0.3931478670177475
Learned,Learned Basis,-0.006591796875,0.00032595473729045226,-0.38963513948047457
Learned,Learned Basis,-0.00634765625,0.00032620783695595963,-0.3862642072019097
Learned,Learned Basis,-0.006103515625,0.0003264492611549275,-0.3830512121239296
Learned,Learned Basis,-0.005859375,0.000326677797793669,-0.38001191972870463
Learned,Learned Basis,-0.005615234375,0.0003268922762175976,-0.37716151996142333
Learned,Learned Basis,-0.00537109375,0.00032709159311066497,-0.374514291687174
Learned,Learned Basis,-0.005126953125,0.0003272746710562606,-0.3720841620194669
Learned,Learned Basis,-0.0048828125,0.0003274405103360871,-0.36988402713031854
Learned,Learned Basis,-0.004638671875,0.00032758817857038544,-0.3679258991435379
Learned,Learned Basis,-0.00439453125,0.00032771678999838434,-0.3662211895232592
Learned,Learned Basis,-0.004150390625,0.0003278255831766139,-0.36477968766644586
Learned,Learned Basis,-0.00390625,0.00032791379148171653,-0.36361128503955964
Learned,Learned Basis,-0.003662109375,0.0003279807674277484,-0.3627243350416399
Learned,Learned Basis,-0.00341796875,0.000328025941227079,-0.3621262090911567
Learned,Learned Basis,-0.003173828125,0.00032804882597027845,-0.361823233936731
Learned,Learned Basis,-0.0029296875,0.00032804900208645516,-0.3618209023855368
Learned,Learned Basis,-0.002685546875,0.000328026148422581,-0.3621234658985164
Learned,Learned Basis,-0.00244140625,0.0003279800370636038,-0.36273400614136503
Learned,Learned Basis,-0.002197265625,0.00032791048153357153,-0.3636551227648133
Learned,Learned Basis,-0.001953125,0.0003278174455732716,-0.36488749377656005
Learned,Learned Basis,-0.001708984375,0.00032770091882292865,-0.366431521463648
Learned,Learned Basis,-0.00146484375,0.0003275610359596192,-0.3682857526189151
Learned,Learned Basis,-0.001220703125,0.00032739795755985725,-0.37044845444601016
Learned,Learned Basis,-0.0009765625,0.0003272119736973456,-0.3729162375800069
Learned,Learned Basis,-0.000732421875,0.0003270034210647752,-0.37568515012180836
Learned,Learned Basis,-0.00048828125,0.00032677277621180053,-0.3787494339393953
Learned,Learned Basis,-0.000244140625,0.0003265205415875141,-0.38210303049185435
Learned,Learned Basis,0.0,0.0003262473491381972,-0.3857381964321148
Learned,Learned Basis,0.000244140625,0.0003259538256302433,-0.3896472862452404
Learned,Learned Basis,0.00048828125,0.00032564079984566066,-0.39381998430260656
Learned,Learned Basis,0.000732421875,0.00032530904358769435,-0.3982467439400699
Learned,Learned Basis,0.0009765625,0.0003249595047757661,-0.40291567010093265
Learned,Learned Basis,0.001220703125,0.0003245931365091853,-0.40781478753284967
Learned,Learned Basis,0.00146484375,0.00032421102656433757,-0.4129302990896286
Learned,Learned Basis,0.001708984375,0.0003238142678974962,-0.4182483051199431
Learned,Learned Basis,0.001953125,0.0003234040104436974,-0.4237541005577502
Learned,Learned Basis,0.002197265625,0.0003229814870161783,-0.4294318151693276
Learned,Learned Basis,0.00244140625,0.0003225479874069391,-0.43526474841126084
Learned,Learned Basis,0.002685546875,0.0003221048894660682,-0.44123493881515974
Learned,Learned Basis,0.0029296875,0.00032165351406489116,-0.44732510795460556
Learned,Learned Basis,0.003173828125,0.00032119531157192216,-0.45351613887988407
Learned,Learned Basis,0.00341796875,0.00032073175825511315,-0.45978846145403957
Learned,Learned Basis,0.003662109375,0.00032026432002264105,-0.46612253705475115
Learned,Learned Basis,0.00390625,0.0003197945922798715,-0.4724969566397079
Learned,Learned Basis,0.004150390625,0.0003193240409349814,-0.4788919474549516
Learned,Learned Basis,0.00439453125,0.00031885430283243673,-0.4852852920336093
Learned,Learned Basis,0.004638671875,0.0003183869422982779,-0.49165563102180115
Learned,Learned Basis,0.0048828125,0.00031792355991775806,-0.497980984626527
Learned,Learned Basis,0.005126953125,0.00031746575109624294,-0.5042393171451993
Learned,Learned Basis,0.00537109375,0.00031701513713853585,-0.5104081140887469
Learned,Learned Basis,0.005615234375,0.00031657327201090204,-0.5164656623335372
Learned,Learned Basis,0.005859375,0.00031614177701814496,-0.5223892111305105
Learned,Learned Basis,0.006103515625,0.0003157221595075419,-0.5281574655163264
Learned,Learned Basis,0.00634765625,0.0003153159889850207,-0.5337481779454905
Learned,Learned Basis,0.006591796875,0.00031492474689842094,-0.5391402223326895
Learned,Learned Basis,0.0068359375,0.0003145498836162568,-0.5443128239361649
Learned,Learned Basis,0.007080078125,0.0003141928236076048,-0.5492455000962048
Learned,Learned Basis,0.00732421875,0.00031385490846334055,-0.5539188613448094
Learned,Learned Basis,0.007568359375,0.00031353742279557667,-0.5583142700386332
Learned,Learned Basis,0.0078125,0.00031324166157620085,-0.5624129222838102
Learned,Learned Basis,0.008056640625,0.00031296871776148637,-0.5661988065175426
Learned,Learned Basis,0.00830078125,0.00031271971538703166,-0.5696554906173678
Learned,Learned Basis,0.008544921875,0.0003124956541711341,-0.5727682916960574
Learned,Learned Basis,0.0087890625,0.0003122974198745648,-0.575524150158297
Learned,Learned Basis,0.009033203125,0.00031212585163910707,-0.5779107088662584
Learned,Learned Basis,0.00927734375,0.00031198163320991757,-0.5799178397089761
Learned,Learned Basis,0.009521484375,0.0003118654017131651,-0.5815361434091215
Learned,Learned Basis,0.009765625,0.0003117776492381669,-0.5827583302308442
Learned,Learned Basis,0.010009765625,0.0003117187539167143,-0.5835787972957205
Learned,Learned Basis,0.01025390625,0.0003116889695632972,-0.5839937802950891
Learned,Learned Basis,0.010498046875,0.0003116884515745421,-0.584000997741547
Learned,Learned Basis,0.0107421875,0.00031171724138954945,-0.5835998702593084
Learned,Learned Basis,0.010986328125,0.000311775204331243,-0.5827923869937878
Learned,Learned Basis,0.01123046875,0.0003118620865851326,-0.5815823091413794
Learned,Learned Basis,0.011474609375,0.00031197757217807777,-0.5799743717291355
Learned,Learned Basis,0.01171875,0.0003121211742006487,-0.5779757916180491
Learned,Learned Basis,0.011962890625,0.00031229220372780116,-0.5755966887875251
Learned,Learned Basis,0.01220703125,0.0003124899666546033,-0.5728473353400327
Learned,Learned Basis,0.012451171875,0.0003127135824001715,-0.5697406642837035
Learned,Learned Basis,0.0126953125,0.0003129620357065458,-0.5662915317774054
Learned,Learned Basis,0.012939453125,0.000313234233617453,-0.5625159085765279
Learned,Learned Basis,0.01318359375,0.0003135289122403307,-0.5584321550844408
Learned,Learned Basis,0.013427734375,0.00031384476106362854,-0.5540592775315596
Learned,Learned Basis,0.013671875,0.00031418029863950695,-0.549418630497205
Learned,Learned Basis,0.013916015625,0.0003145339969011385,-0.5445321750569485
Learned,Learned Basis,0.01416015625,0.00031490420346439444,-0.5394235341758522
Learned,Learned Basis,0.014404296875,0.0003152891830669453,-0.5341173998556636
Learned,Learned Basis,0.0146484375,0.0003156871434676985,-0.5286391585425779
Learned,Learned Basis,0.014892578125,0.0003160961940076979,-0.523015445265353
Learned,Learned Basis,0.01513671875,0.00031651443366821245,-0.5172729175494815
Learned,Learned Basis,0.015380859375,0.0003169398215735471,-0.5114400212922612
Learned,Learned Basis,0.015625,0.0003173703945463202,-0.5055439947077632
Learned,Learned Basis,0.015869140625,0.00031780407545162366,-0.4996134901851754
Learned,Learned Basis,0.01611328125,0.00031823878197466225,-0.49367707658052273
Learned,Learned Basis,0.016357421875,0.00031867246287996574,-0.4877627437842361
Learned,Learned Basis,0.0166015625,0.0003191030254929637,-0.4818988936126461
Learned,Learned Basis,0.016845703125,0.0003195284444776237,-0.4761128603978546
Learned,Learned Basis,0.01708984375,0.0003199466426990378,-0.47043253885176894
Learned,Learned Basis,0.017333984375,0.0003203556673395995,-0.4648839982410009
Learned,Learned Basis,0.017578125,0.0003207535604018145,-0.4594932543235163
Learned,Learned Basis,0.017822265625,0.00032113845712616456,-0.4542849470395021
Learned,Learned Basis,0.01806640625,0.00032150854973189436,-0.4492828481418227
Learned,Learned Basis,0.018310546875,0.00032186211849633716,-0.44450945742284426
Learned,Learned Basis,0.0185546875,0.00032219751621525173,-0.4399862305697935
Learned,Learned Basis,0.018798828125,0.0003225132303614732,-0.4357327595907249
Learned,Learned Basis,0.01904296875,0.00032280784164581276,-0.43176735168652436
Learned,Learned Basis,0.019287109375,0.0003230800654561577,-0.42810649027772596
Learned,Learned Basis,0.01953125,0.00032332873631780914,-0.4247650633647114
Learned,Learned Basis,0.019775390625,0.00032355280789348183,-0.4217563810602357
Learned,Learned Basis,0.02001953125,0.0003237514151419547,-0.419091357977892
Learned,Learned Basis,0.020263671875,0.0003239238225191957,-0.416779224674352
Learned,Learned Basis,0.0205078125,0.0003240694187984737,-0.41482760982072925
Learned,Learned Basis,0.020751953125,0.0003241877792290096,-0.4132417182152045
Learned,Learned Basis,0.02099609375,0.0003242786551762009,-0.41202447949420623
Learned,Learned Basis,0.021240234375,0.00032434190678308375,-0.41117745658007454
Learned,Learned Basis,0.021484375,0.000324377570308871,-0.41069994748663197
Learned,Learned Basis,0.021728515625,0.00032438588402839005,-0.41058864027636144
Learned,Learned Basis,0.02197265625,0.00032436717945444414,-0.4108390681729082
Learned,Learned Basis,0.022216796875,0.000324322000475226,-0.41144401063260183
Learned,Learned Basis,0.0224609375,0.00032425104119566755,-0.41239431913126046
Learned,Learned Basis,0.022705078125,0.0003241550630592387,-0.41368001878971
Learned,Learned Basis,0.02294921875,0.00032403503470491144,-0.41528842511161645
Learned,Learned Basis,0.023193359375,0.00032389211642749725,-0.41720433865659645
Learned,Learned Basis,0.0234375,0.00032372746334191984,-0.4194126699136846
Learned,Learned Basis,0.023681640625,0.00032354245329826775,-0.42189536967084373
Learned,Learned Basis,0.02392578125,0.0003233385366650553,-0.4246334273006063
Learned,Learned Basis,0.024169921875,0.00032311724668899734,-0.427606717098019
Learned,Learned Basis,0.0244140625,0.00032288028237321075,-0.43079286858436694
Learned,Learned Basis,0.024658203125,0.00032262931682137426,-0.43416982719003316
Learned,Learned Basis,0.02490234375,0.0003223661681740183,-0.4377135422846818
Learned,Learned Basis,0.025146484375,0.00032209268565099855,-0.4413994861449936
Learned,Learned Basis,0.025390625,0.0003218107443716083,-0.4452027132742813
Learned,Learned Basis,0.025634765625,0.0003215222971534542,-0.44909715162808067
Learned,Learned Basis,0.02587890625,0.0003212292450152675,-0.4530573423703343
Learned,Learned Basis,0.026123046875,0.00032093356149420494,-0.4570567558947752
Learned,Learned Basis,0.0263671875,0.0003206371735084355,-0.4610693976459175
Learned,Learned Basis,0.026611328125,0.0003203420131560156,-0.4650691069675288
Learned,Learned Basis,0.02685546875,0.0003200499451964635,-0.4690305405962484
Learned,Learned Basis,0.027099609375,0.00031976282920941,-0.4729283338945902
Learned,Learned Basis,0.02734375,0.00031948243153650987,-0.4767383009719194
Learned,Learned Basis,0.027587890625,0.0003192104615406549,-0.4804369510387162
Learned,Learned Basis,0.02783203125,0.0003189485819657489,-0.4840013559263816
Learned,Learned Basis,0.028076171875,0.0003186983312383945,-0.48741021789408445
Learned,Learned Basis,0.0283203125,0.0003184611286477805,-0.49064381285551906
Learned,Learned Basis,0.028564453125,0.00031823834168422045,-0.4936830851455505
Learned,Learned Basis,0.02880859375,0.00031803121870061397,-0.4965105776937898
Learned,Learned Basis,0.029052734375,0.00031784080085435886,-0.4991116489727042
Learned,Learned Basis,0.029296875,0.0003176681241229653,-0.5014717276591059
Learned,Learned Basis,0.029541015625,0.00031751398102922845,-0.5035795797476499
Learned,Learned Basis,0.02978515625,0.0003173791381965059,-0.5054243469149979
Learned,Learned Basis,0.030029296875,0.00031726412397332785,-0.5069984609406529
Learned,Learned Basis,0.0302734375,0.00031716937347024855,-0.5082956692727052
Learned,Learned Basis,0.030517578125,0.00031709518712074597,-0.5093116088149812
Learned,Learned Basis,0.03076171875,0.0003170416892421212,-0.5100443791174635
Learned,Learned Basis,0.031005859375,0.0003170088746544869,-0.5104939077563362
Learned,Learned Basis,0.03125,0.000316996650119867,-0.5106613841495993
Learned,Learned Basis,0.031494140625,0.00031700471002489604,-0.510550962548038
Learned,Learned Basis,0.03173828125,0.00031703267623778286,-0.5101678440693012
Learned,Learned Basis,0.031982421875,0.00031708000487033457,-0.5095195503321226
Learned,Learned Basis,0.0322265625,0.00031714604325671974,-0.5086151375603916
Learned,Learned Basis,0.032470703125,0.00031723008693223154,-0.5074644100033409
Learned,Learned Basis,0.03271484375,0.00031733122941654854,-0.5060799693806574
Learned,Learned Basis,0.032958984375,0.0003174485176103614,-0.5044750783555876
Learned,Learned Basis,0.033203125,0.00031758092589593504,-0.5026640067838904
Learned,Learned Basis,0.033447265625,0.00031772730433823323,-0.5006627309351201
Learned,Learned Basis,0.03369140625,0.00031788648746255694,-0.49848743660252315
Learned,Learned Basis,0.033935546875,0.00031805722691600655,-0.4961554313454076
Learned,Learned Basis,0.0341796875,0.00031823819146748145,-0.49368513512846235
Learned,Learned Basis,0.034423828125,0.0003184280809652064,-0.4910945168705308
Learned,Learned Basis,0.03466796875,0.00031862554345853057,-0.48840221999968153
Learned,Learned Basis,0.034912109375,0.00031882914929849004,-0.4856279084512874
Learned,Learned Basis,0.03515625,0.00031903753617465886,-0.4827902849885185
Learned,Learned Basis,0.035400390625,0.00031924935213638637,-0.4799078661759524
Learned,Learned Basis,0.03564453125,0.00031946319343414617,-0.476999825626752
Learned,Learned Basis,0.035888671875,0.0003196777650960507,-0.47408380871388833
Learned,Learned Basis,0.0361328125,0.0003198916996317864,-0.47117839821674046
Learned,Learned Basis,0.036376953125,0.0003201037590482288,-0.4683003703645769
Learned,Learned Basis,0.03662109375,0.00032031271053214067,-0.4654663870434418
Learned,Learned Basis,0.036865234375,0.0003205174300479236,-0.46269159374216384
Learned,Learned Basis,0.037109375,0.00032071676766054117,-0.45999144991659635
Learned,Learned Basis,0.037353515625,0.00032090972365169616,-0.4573793468981057
Learned,Learned Basis,0.03759765625,0.00032109532938241655,-0.45486822812960725
Learned,Learned Basis,0.037841796875,0.000321272678372381,-0.4524701731598763
Learned,Learned Basis,0.0380859375,0.0003214410454373323,-0.45019479343150254
Learned,Learned Basis,0.038330078125,0.00032159960697515,-0.4480530189712524
Learned,Learned Basis,0.03857421875,0.000321747808737866,-0.44605213399612365
Learned,Learned Basis,0.038818359375,0.0003218850964775125,-0.44419942235933346
Learned,Learned Basis,0.0390625,0.00032201096774499705,-0.4425014713814519
Learned,Learned Basis,0.039306640625,0.0003221250703079662,-0.4409628487595407
Learned,Learned Basis,0.03955078125,0.00032222710891282946,-0.43958736482908345
Learned,Learned Basis,0.039794921875,0.0003223168660043098,-0.43837779616315714
Learned,Learned Basis,0.0400390625,0.0003223941913656682,-0.4373360278383778
Learned,Learned Basis,0.040283203125,0.00032245902283825406,-0.4364627763674264
Learned,Learned Basis,0.04052734375,0.0003225113397025172,-0.4357582191713316
Learned,Learned Basis,0.040771484375,0.0003225512092969957,-0.43522136751480145
Learned,Learned Basis,0.041015625,0.0003225787144998905,-0.4348510434170524
Learned,Learned Basis,0.041259765625,0.00032259406250670353,-0.43464441490122124
Learned,Learned Basis,0.04150390625,0.0003225974138939489,-0.434599296853614
Learned,Learned Basis,0.041748046875,0.00032258902765600414,-0.43471219745502115
Learned,Learned Basis,0.0419921875,0.0003225691420676966,-0.43497992098947735
Learned,Learned Basis,0.042236328125,0.0003225380472027291,-0.4353985902743957
Learned,Learned Basis,0.04248046875,0.00032249606421412986,-0.43596392410668433
Learned,Learned Basis,0.042724609375,0.0003224434417365012,-0.43667263093881514
Learned,Learned Basis,0.04296875,0.0003223805371820843,-0.4375199660829682
Learned,Learned Basis,0.043212890625,0.0003223075991854814,-0.43850266043684116
Learned,Learned Basis,0.04345703125,0.00032222491782039545,-0.43961689625466543
Learned,Learned Basis,0.043701171875,0.000322132752081204,-0.4408592830250586
Learned,Learned Basis,0.0439453125,0.00032203133506284685,-0.44222678713423014
Learned,Learned Basis,0.044189453125,0.00032192088950048857,-0.443716521835768
Learned,Learned Basis,0.04443359375,0.00032180152417176787,-0.4453271447715889
Learned,Learned Basis,0.044677734375,0.00032167339965319874,-0.44705662233431004
Learned,Learned Basis,0.044921875,0.0003215365781034318,-0.44890425676226803
Learned,Learned Basis,0.045166015625,0.00032139112686100523,-0.4508692886799083
Learned,Learned Basis,0.04541015625,0.00032123702520636877,-0.4529521572666106
Learned,Learned Basis,0.045654296875,0.0003210741902613217,-0.4551541527450325
Learned,Learned Basis,0.0458984375,0.00032090255468732583,-0.4574763672192244
Learned,Learned Basis,0.046142578125,0.00032072193718831686,-0.45992144798593326
Learned,Learned Basis,0.04638671875,0.0003205321720078931,-0.4624918478302153
Learned,Learned Basis,0.046630859375,0.0003203330415907776,-0.46519073808921174
Learned,Learned Basis,0.046875,0.0003201242299638296,-0.4680226441220341
Learned,Learned Basis,0.047119140625,0.00031990549367233423,-0.4709911302588096
Learned,Learned Basis,0.04736328125,0.0003196764442247252,-0.47410175329357823
Learned,Learned Basis,0.047607421875,0.0003194367967271873,-0.47735869068719106
Learned,Learned Basis,0.0478515625,0.0003191861160691661,-0.4807681904063091
Learned,Learned Basis,0.048095703125,0.0003189240810976336,-0.4843349833867103
Learned,Learned Basis,0.04833984375,0.00031865026706181057,-0.4880652442568272
Learned,Learned Basis,0.048583984375,0.00031836434244889375,-0.4919639143380229
Learned,Learned Basis,0.048828125,0.0003180659757460799,-0.49603597119654663
Learned,Learned Basis,0.049072265625,0.00031775476292214,-0.5002874217928677
Learned,Learned Basis,0.04931640625,0.00031743048642179705,-0.5047217661700536
Learned,Learned Basis,0.049560546875,0.00031709285099146056,-0.5093436046268442
Learned,Learned Basis,0.0498046875,0.00031674165461551603,-0.5141563013922115
Learned,Learned Basis,0.050048828125,0.00031637675743699967,-0.5191624059572344
Learned,Learned Basis,0.05029296875,0.0003159980765777106,-0.5243637206966363
Learned,Learned Basis,0.050537109375,0.0003156056120376488,-0.5297609407921076
Learned,Learned Basis,0.05078125,0.00031519946223467784,-0.5353534336183309
Learned,Learned Basis,0.051025390625,0.00031477975148609883,-0.5411402305507417
Learned,Learned Basis,0.05126953125,0.0003143467802253898,-0.5471179488492837
Learned,Learned Basis,0.051513671875,0.0003139009162245668,-0.5532822789006404
Learned,Learned Basis,0.0517578125,0.00031344261013384675,-0.5596277605472654
Learned,Learned Basis,0.052001953125,0.00031297247317996067,-0.5661466943528777
Learned,Learned Basis,0.05224609375,0.00031249118392817773,-0.5728304178635351
Learned,Learned Basis,0.052490234375,0.0003119995867001687,-0.579667925080128
Learned,Learned Basis,0.052734375,0.00031149856207681717,-0.5866476499271378
Learned,Learned Basis,0.052978515625,0.0003109892185540591,-0.593754781587441
Learned,Learned Basis,0.05322265625,0.00031047267498760536,-0.6009742772496807
Learned,Learned Basis,0.053466796875,0.0003099502263493437,-0.6082885338258734
Learned,Learned Basis,0.0537109375,0.0003094232608491378,-0.615678526095288
Learned,Learned Basis,0.053955078125,0.0003088932547549395,-0.6231238642886308
Learned,Learned Basis,0.05419921875,0.00030836180865200213,-0.6306022692673395
Learned,Learned Basis,0.054443359375,0.00030783058528422943,-0.6380904316240352
Learned,Learned Basis,0.0546875,0.0003073013665329389,-0.6455631970829806
Learned,Learned Basis,0.054931640625,0.00030677597053866085,-0.6529947247760347
Learned,Learned Basis,0.05517578125,0.0003062562931402389,-0.6603578961436495
Learned,Learned Basis,0.055419921875,0.0003057442975150548,-0.6676244553609535
Learned,Learned Basis,0.0556640625,0.0003052419313008276,-0.6747661850304407
Learned,Learned Basis,0.055908203125,0.0003047512250134773,-0.6817535119076643
Learned,Learned Basis,0.05615234375,0.000304274229888474,-0.6885563931788554
Learned,Learned Basis,0.056396484375,0.0003038129142830869,-0.6951458059691336
Learned,Learned Basis,0.056640625,0.0003033692931735734,-0.70149191531928
Learned,Learned Basis,0.056884765625,0.00030294533491720274,-0.7075654208154889
Learned,Learned Basis,0.05712890625,0.0003025429457125937,-0.7133378013043226
Learned,Learned Basis,0.057373046875,0.0003021639799594893,-0.718781190488825
Learned,Learned Basis,0.0576171875,0.00030181021953920714,-0.7238686997281643
Learned,Learned Basis,0.057861328125,0.0003014833064761008,-0.7285754153530879
Learned,Learned Basis,0.05810546875,0.0003011848154559857,-0.7328773855026935
Learned,Learned Basis,0.058349609375,0.00030091617094793834,-0.7367528428699865
Learned,Learned Basis,0.05859375,0.0003006786627439589,-0.7401820115389096
Learned,Learned Basis,0.058837890625,0.0003004734304193085,-0.7431473599284554
Learned,Learned Basis,0.05908203125,0.0003003014167135214,-0.7456343017714102
Learned,Learned Basis,0.059326171875,0.0003001634452287182,-0.7476300973412203
Learned,Learned Basis,0.0595703125,0.00030006006503297927,-0.7491261216796165
Learned,Learned Basis,0.059814453125,0.0002999916956971962,-0.7501157838165741
Learned,Learned Basis,0.06005859375,0.0002999585029777706,-0.7505963375336139
Learned,Learned Basis,0.060302734375,0.00029996047133503995,-0.7505678387950477
Learned,Learned Basis,0.060546875,0.00029999734177462654,-0.7500340469807544
Learned,Learned Basis,0.060791015625,0.0003000686222072132,-0.7490022704580458
Learned,Learned Basis,0.06103515625,0.0003001736340675306,-0.7474826816100828
Learned,Learned Basis,0.061279296875,0.0003003114087166069,-0.745489800301583
Learned,Learned Basis,0.0615234375,0.00030048080657918083,-0.7430407486315169
Learned,Learned Basis,0.061767578125,0.00030068044980516393,-0.7401561996470141
Learned,Learned Basis,0.06201171875,0.0003009087222696403,-0.7368603465614729
Learned,Learned Basis,0.062255859375,0.0003011637954723045,-0.7331804944585546
Learned,Learned Basis,0.0625,0.0003014436855162247,-0.7291462030104727
Learned,Learned Basis,0.062744140625,0.00030174615986986635,-0.7247905940850417
Learned,Learned Basis,0.06298828125,0.000302068825425181,-0.7201490437120035
Learned,Learned Basis,0.063232421875,0.0003024091284976062,-0.715259146200164
Learned,Learned Basis,0.0634765625,0.0003027643444662901,-0.7101608277942227
Learned,Learned Basis,0.063720703125,0.000303131634752855,-0.704895496129337
Learned,Learned Basis,0.06396484375,0.00030350800020240886,-0.6995066804478853
Learned,Learned Basis,0.064208984375,0.00030389037950140916,-0.6940385973236287
Learned,Learned Basis,0.064453125,0.0003042756336380002,-0.6885363573293795
Learned,Learned Basis,0.064697265625,0.0003046605200025752,-0.6830463221079539
Learned,Learned Basis,0.06494140625,0.0003050418063453023,-0.6776144722001541
Learned,Learned Basis,0.065185546875,0.00030541621379736195,-0.6722872226453541
Learned,Learned Basis,0.0654296875,0.00030578046866982204,-0.6671106925893879
Learned,Learned Basis,0.065673828125,0.0003061313853318388,-0.6621295442219521
Learned,Learned Basis,0.06591796875,0.0003064657211738054,-0.65738906392444
Learned,Learned Basis,0.066162109375,0.00030678042524195454,-0.6529316611987563
Learned,Learned Basis,0.06640625,0.0003070724828417315,-0.6487991072308148
Learned,Learned Basis,0.066650390625,0.0003073390191355457,-0.6450311032621654
Learned,Learned Basis,0.06689453125,0.00030757730432265774,-0.6416652486535259
Learned,Learned Basis,0.067138671875,0.00030778476917884255,-0.6387368639017327
Learned,Learned Basis,0.0673828125,0.00030795901541616407,-0.6362788876046297
Learned,Learned Basis,0.067626953125,0.0003080979192807264,-0.6343204587803063
Learned,Learned Basis,0.06787109375,0.0003081994761560475,-0.6328891500882023
Learned,Learned Basis,0.068115234375,0.00030826203365799855,-0.6320077202646126
Learned,Learned Basis,0.068359375,0.0003082840844393023,-0.6316970692892887
Learned,Learned Basis,0.068603515625,0.0003082644837448101,-0.6319732023922289
Learned,Learned Basis,0.06884765625,0.0003082023250942004,-0.6328490049063874
Learned,Learned Basis,0.069091796875,0.00030809699726074236,-0.6343334555831214
Learned,Learned Basis,0.0693359375,0.00030794819463107043,-0.6364314887490831
Learned,Learned Basis,0.069580078125,0.0003077558913057468,-0.6391443593524447
Learned,Learned Basis,0.06982421875,0.00030752041879757484,-0.6424685379126307
Learned,Learned Basis,0.070068359375,0.00030724233653440993,-0.6463975202589813
Learned,Learned Basis,0.0703125,0.0003069225924356739,-0.6509195339298339
Learned,Learned Basis,0.070556640625,0.0003065624141347163,-0.6560190380710724
Learned,Learned Basis,0.07080078125,0.00030616326235982644,-0.661677343066211
Learned,Learned Basis,0.071044921875,0.00030572701741018527,-0.667869917544064
Learned,Learned Basis,0.0712890625,0.00030525570980171273,-0.6745701506315689
Learned,Learned Basis,0.071533203125,0.00030475173264245725,-0.6817462778011817
Learned,Learned Basis,0.07177734375,0.0003042176499767565,-0.6893640405552421
Learned,Learned Basis,0.072021484375,0.0003036563262824261,-0.6973847771493751
Learned,Learned Basis,0.072265625,0.0003030708332327836,-0.7057666824455062
Learned,Learned Basis,0.072509765625,0.00030246442379721104,-0.7144651143411295
Learned,Learned Basis,0.07275390625,0.00030184054778081707,-0.7234323087318744
Learned,Learned Basis,0.072998046875,0.00030120278448589945,-0.7326182881859572
Learned,Learned Basis,0.0732421875,0.00030055489969070754,-0.7419699892969077
Learned,Learned Basis,0.073486328125,0.00029990069543270364,-0.751433383893133
Learned,Learned Basis,0.07373046875,0.0002992441084264264,-0.7609520253310318
Learned,Learned Basis,0.073974609375,0.0002985890650266393,-0.7704691234250177
Learned,Learned Basis,0.07421875,0.0002979395951858568,-0.7799258787588965
Learned,Learned Basis,0.074462890625,0.0002972996822376056,-0.789263662064822
Learned,Learned Basis,0.07470703125,0.0002966732991556371,-0.7984235001524864
Learned,Learned Basis,0.074951171875,0.00029606431531595175,-0.8073474627202337
Learned,Learned Basis,0.0751953125,0.00029547659491466243,-0.8159772567633288
Learned,Learned Basis,0.075439453125,0.0002949138156719302,-0.8242569303248939
Learned,Learned Basis,0.07568359375,0.0002943795724297154,-0.8321314105188877
Learned,Learned Basis,0.075927734375,0.0002938772528344762,-0.8395483982024543
Learned,Learned Basis,0.076171875,0.0002934100891360443,-0.8464576790490799
Learned,Learned Basis,0.076416015625,0.00029298108566919916,-0.8528122723517788
Learned,Learned Basis,0.07666015625,0.00029259304475310574,-0.8585681295361938
Learned,Learned Basis,0.076904296875,0.00029224848899300136,-0.8636853681042396
Learned,Learned Basis,0.0771484375,0.0002919496612801955,-0.868128355058909
Learned,Learned Basis,0.077392578125,0.00029169859213060807,-0.871864782002038
Learned,Learned Basis,0.07763671875,0.0002914969287484801,-0.8748682789225501
Learned,Learned Basis,0.077880859375,0.0002913460593436754,-0.8771166289172057
Learned,Learned Basis,0.078125,0.00029124704061325425,-0.8785929007317617
Learned,Learned Basis,0.078369140625,0.00029120060810124886,-0.8792853366556452
Learned,Learned Basis,0.07861328125,0.0002912071658388882,-0.8791875361317482
Learned,Learned Basis,0.078857421875,0.0002912667759848228,-0.8782986257212952
Learned,Learned Basis,0.0791015625,0.0002913791847245628,-0.8766228740887584
Learned,Learned Basis,0.079345703125,0.0002915438067308149,-0.8741699109404948
Learned,Learned Basis,0.07958984375,0.0002917597407031453,-0.870954468917728
Learned,Learned Basis,0.079833984375,0.0002920257382886542,-0.8669968065318776
Learned,Learned Basis,0.080078125,0.00029234029731995184,-0.8623212690640703
Learned,Learned Basis,0.080322265625,0.0002927015633972951,-0.8569576910240727
Learned,Learned Basis,0.08056640625,0.00029310744902600103,-0.850939554966078
Learned,Learned Basis,0.080810546875,0.00029355558181757126,-0.8443046853335906
Learned,Learned Basis,0.0810546875,0.00029404334592879274,-0.8370945526860807
Learned,Learned Basis,0.081298828125,0.00029456792350083773,-0.8293535794149951
Learned,Learned Basis,0.08154296875,0.0002951262532201638,-0.8211296695235504
Learned,Learned Basis,0.081787109375,0.00029571515981570223,-0.8124722205414217
Learned,Learned Basis,0.08203125,0.00029633120384211934,-0.8034342588457464
Learned,Learned Basis,0.082275390625,0.0002969709147747561,-0.79406894471651
Learned,Learned Basis,0.08251953125,0.0002976307184912024,-0.7844305846860805
Learned,Learned Basis,0.082763671875,0.00029830688029253415,-0.7745754097213196
Learned,Learned Basis,0.0830078125,0.0002989956861993774,-0.7645588869794879
Learned,Learned Basis,0.083251953125,0.00029969338079325784,-0.7544366026068223
Learned,Learned Basis,0.08349609375,0.0003003961827562634,-0.7442640159632957
Learned,Learned Basis,0.083740234375,0.0003011004143682329,-0.7340945804496224
Learned,Learned Basis,0.083984375,0.00030180237718945523,-0.7239815498986562
Learned,Learned Basis,0.084228515625,0.0003024985281768455,-0.7139754531527426
Learned,Learned Basis,0.08447265625,0.00030318536572641945,-0.704125764607081
Learned,Learned Basis,0.084716796875,0.00030385956435036946,-0.694479003783634
Learned,Learned Basis,0.0849609375,0.00030451797985695217,-0.6850787116239266
Learned,Learned Basis,0.085205078125,0.0003051575612924001,-0.6759667571074546
Learned,Learned Basis,0.08544921875,0.0003057755477766488,-0.6671805837095389
Learned,Learned Basis,0.085693359375,0.00030636932346648495,-0.6587553367271732
Learned,Learned Basis,0.0859375,0.00030693655741251085,-0.650721934451754
Learned,Learned Basis,0.086181640625,0.0003074751569401559,-0.643107793729379
Learned,Learned Basis,0.08642578125,0.00030798323657035164,-0.6359373259215177
Learned,Learned Basis,0.086669921875,0.00030845926305638296,-0.6292299455140439
Learned,Learned Basis,0.0869140625,0.000308901920706812,-0.6230020253611549
Learned,Learned Basis,0.087158203125,0.00030931016318435354,-0.6172662112071983
Learned,Learned Basis,0.08740234375,0.0003096833171036259,-0.6120300104124264
Learned,Learned Basis,0.087646484375,0.0003100208851954242,-0.6072985926330704
Learned,Learned Basis,0.087890625,0.0003103227276027847,-0.6030722735556502
Learned,Learned Basis,0.088134765625,0.00031058894792345825,-0.5993481360371906
Learned,Learned Basis,0.08837890625,0.00031081995536856144,-0.5961191747919649
Learned,Learned Basis,0.088623046875,0.00031101639742403813,-0.5933752469671556
Learned,Learned Basis,0.0888671875,0.00031117920646964745,-0.5911024224314839
Learned,Learned Basis,0.089111328125,0.0003113094961812128,-0.5892844262697241
Learned,Learned Basis,0.08935546875,0.0003114087013875858,-0.5879006775937886
Learned,Learned Basis,0.089599609375,0.0003114783760550317,-0.5869290946272374
Learned,Learned Basis,0.08984375,0.00031152035904363095,-0.586343765017951
Learned,Learned Basis,0.090087890625,0.00031153658245144006,-0.5861175983220517
Learned,Learned Basis,0.09033203125,0.0003115291648524673,-0.5862210038556387
Learned,Learned Basis,0.090576171875,0.0003115004009368977,-0.5866220124274507
Learned,Learned Basis,0.0908203125,0.000311452611294354,-0.5872883476945439
Learned,Learned Basis,0.091064453125,0.00031138830299041076,-0.58818516551758
Learned,Learned Basis,0.09130859375,0.0003113099623710924,-0.589277922660194
Learned,Learned Basis,0.091552734375,0.0003112201690203992,-0.5905307698726152
Learned,Learned Basis,0.091796875,0.0003111215025223315,-0.591907837100407
Learned,Learned Basis,0.092041015625,0.00031101651138156427,-0.5933736556968525
Learned,Learned Basis,0.09228515625,0.00031090778036198534,-0.5948922097370419
Learned,Learned Basis,0.092529296875,0.000310797785449844,-0.5964289559560166
Learned,Learned Basis,0.0927734375,0.0003106889249330763,-0.5979503890429367
Learned,Learned Basis,0.093017578125,0.0003105835608404054,-0.5994234639182695
Learned,Learned Basis,0.09326171875,0.0003104838739044902,-0.6008176277122665
Learned,Learned Basis,0.093505859375,0.00031039192572057586,-0.60210395870507
Learned,Learned Basis,0.09375,0.0003103096535666064,-0.6032552476298858
Learned,Learned Basis,0.093994140625,0.0003102388082445741,-0.6042468779200062
Learned,Learned Basis,0.09423828125,0.0003101809644402943,-0.6050566923775658
Learned,Learned Basis,0.094482421875,0.0003101374741044177,-0.6056656574427529
Learned,Learned Basis,0.0947265625,0.0003101095493306313,-0.6060567137385124
Learned,Learned Basis,0.094970703125,0.00031009813285846937,-0.6062165992415682
Learned,Learned Basis,0.09521484375,0.00031010396023196403,-0.6061349872579589
Learned,Learned Basis,0.095458984375,0.00031012757533930814,-0.6058042749279379
Learned,Learned Basis,0.095703125,0.00031016924753465435,-0.605220747692347
Learned,Learned Basis,0.095947265625,0.00031022904933642836,-0.6043834922475866
Learned,Learned Basis,0.09619140625,0.0003103068460675539,-0.6032945402154741
Learned,Learned Basis,0.096435546875,0.0003104022854956775,-0.6019590091201822
Learned,Learned Basis,0.0966796875,0.0003105147615739556,-0.6003856027881407
Learned,Learned Basis,0.096923828125,0.00031064348695948065,-0.5985855872350452
Learned,Learned Basis,0.09716796875,0.00031078749301328057,-0.5965727800960061
Learned,Learned Basis,0.097412109375,0.00031094562980031907,-0.5943635384468904
Learned,Learned Basis,0.09765625,0.00031111654019005784,-0.5919771068452934
Learned,Learned Basis,0.097900390625,0.00031129878935364533,-0.5894337951824012
Learned,Learned Basis,0.09814453125,0.00031149074044661547,-0.5867567012646973
Learned,Learned Basis,0.098388671875,0.0003116906685664138,-0.5839701071548977
Learned,Learned Basis,0.0986328125,0.00031189672449318483,-0.5810999735950099
Learned,Learned Basis,0.098876953125,0.0003121069916685346,-0.5781731359794355
Learned,Learned Basis,0.09912109375,0.000312319512094969,-0.5752169369231935
Learned,Learned Basis,0.099365234375,0.00031253224489679297,-0.5722597975861358
Learned,Learned Basis,0.099609375,0.00031274315437819906,-0.5693299900953633
Learned,Learned Basis,0.099853515625,0.00031295023074281753,-0.5664553512416233
Learned,Learned Basis,0.10009765625,0.0003131514434747285,-0.5636639329859459
Learned,Learned Basis,0.100341796875,0.00031334480349711245,-0.5609831445913045
Learned,Learned Basis,0.1005859375,0.0003135284149711258,-0.5584390431714568
Learned,Learned Basis,0.100830078125,0.00031370046493612577,-0.556056488583211
Learned,Learned Basis,0.10107421875,0.0003138591766906824,-0.553859800456231
Learned,Learned Basis,0.101318359375,0.0003140029807288678,-0.5518704051530309
Learned,Learned Basis,0.1015625,0.00031413036970340475,-0.5501088578823078
Learned,Learned Basis,0.101806640625,0.00031424001756308014,-0.5485932084545873
Learned,Learned Basis,0.10205078125,0.00031433074847342005,-0.5473394455975965
Learned,Learned Basis,0.102294921875,0.00031440157825578973,-0.5463609374961376
Learned,Learned Basis,0.1025390625,0.0003144516315091932,-0.5456695884988585
Learned,Learned Basis,0.102783203125,0.00031448032290633704,-0.5452733448232481
Learned,Learned Basis,0.10302734375,0.0003144872173366672,-0.5451781344075499
Learned,Learned Basis,0.103271484375,0.00031447204026614333,-0.5453877288415796
Learned,Learned Basis,0.103515625,0.00031443480723442817,-0.5459019576276574
Learned,Learned Basis,0.103759765625,0.0003143756270191602,-0.5467194262829007
Learned,Learned Basis,0.10400390625,0.000314294908831456,-0.5478346515623662
Learned,Learned Basis,0.104248046875,0.0003141931810198458,-0.549240559751802
Learned,Learned Basis,0.1044921875,0.000314071210207687,-0.5509268323491019
Learned,Learned Basis,0.104736328125,0.0003139299391345139,-0.5528807538866911
Learned,Learned Basis,0.10498046875,0.00031377046075659976,-0.555087557674399
Learned,Learned Basis,0.105224609375,0.0003135940545061696,-0.5575299101278879
Learned,Learned Basis,0.10546875,0.0003134021189528621,-0.5601888276082413
Learned,Learned Basis,0.105712890625,0.00031319621842271764,-0.5630430154331164
Learned,Learned Basis,0.10595703125,0.00031297804673896534,-0.5660693538653044
Learned,Learned Basis,0.106201171875,0.00031274933398404715,-0.5692441771153457
Learned,Learned Basis,0.1064453125,0.0003125119500973689,-0.5725418230644903
Learned,Learned Basis,0.106689453125,0.00031226782199709953,-0.5759357707227177
Learned,Learned Basis,0.10693359375,0.00031201893876005846,-0.579398558307079
Learned,Learned Basis,0.107177734375,0.00031176725838374003,-0.5829030733178332
Learned,Learned Basis,0.107421875,0.00031151481138406403,-0.586421106331951
Learned,Learned Basis,0.107666015625,0.0003112635712981874,-0.5899251518120905
Learned,Learned Basis,0.10791015625,0.0003110154857638292,-0.5933879771505695
Learned,Learned Basis,0.108154296875,0.0003107724661594957,-0.5967827704463854
Learned,Learned Basis,0.1083984375,0.0003105363461653798,-0.6000837252506362
Learned,Learned Basis,0.108642578125,0.0003103088558639236,-0.6032664119077182
Learned,Learned Basis,0.10888671875,0.00031009160620015536,-0.6063080064839861
Learned,Learned Basis,0.109130859375,0.0003098861045213523,-0.6091870857428429
Learned,Learned Basis,0.109375,0.0003096936975982777,-0.6118844386059143
Learned,Learned Basis,0.109619140625,0.00030951564414360635,-0.6143820635532806
Learned,Learned Basis,0.10986328125,0.000309352881716985,-0.6166664526413936
Learned,Learned Basis,0.110107421875,0.0003092063478780603,-0.6187241000194535
Learned,Learned Basis,0.1103515625,0.0003090766745731135,-0.6205458030120741
Learned,Learned Basis,0.110595703125,0.00030896432281213656,-0.6221247840365793
Learned,Learned Basis,0.11083984375,0.00030886958784871987,-0.6234566265097001
Learned,Learned Basis,0.111083984375,0.0003087925266616266,-0.6245403014740842
Learned,Learned Basis,0.111328125,0.0003087329890341176,-0.6253777361230396
Learned,Learned Basis,0.111572265625,0.00030869065381316493,-0.625973306217956
Learned,Learned Basis,0.11181640625,0.00030866496157091295,-0.6263347834205978
Learned,Learned Basis,0.112060546875,0.00030865520266276723,-0.6264720943397283
Learned,Learned Basis,0.1123046875,0.00030866038773020557,-0.6263991382630679
Learned,Learned Basis,0.112548828125,0.0003086794911554929,-0.626130355620826
Learned,Learned Basis,0.11279296875,0.0003087111661678661,-0.6256847290815581
Learned,Learned Basis,0.113037109375,0.0003087540141976863,-0.6250819853631127
Learned,Learned Basis,0.11328125,0.0003088064242999254,-0.6243448455842621
Learned,Learned Basis,0.113525390625,0.0003088667440904545,-0.6234966121300585
Learned,Learned Basis,0.11376953125,0.00030893313470919313,-0.6225632005037778
Learned,Learned Basis,0.114013671875,0.00030900372621673553,-0.6215709469495124
Learned,Learned Basis,0.1142578125,0.00030907651917648694,-0.6205479865451565
Learned,Learned Basis,0.114501953125,0.0003091495296915155,-0.6195222108114002
Learned,Learned Basis,0.11474609375,0.00030922069098668846,-0.618522649159766
Learned,Learned Basis,0.114990234375,0.0003092879673661983,-0.6175778681901158
Learned,Learned Basis,0.115234375,0.0003093493438537878,-0.616716120297361
Learned,Learned Basis,0.115478515625,0.0003094028313726374,-0.615965275766222
Learned,Learned Basis,0.11572265625,0.00030944649782469066,-0.6153523931691902
Learned,Learned Basis,0.115966796875,0.00030947851470964217,-0.614903073584653
Learned,Learned Basis,0.1162109375,0.0003094971312254998,-0.6146418339005146
Learned,Learned Basis,0.116455078125,0.00030950078822611067,-0.614590518213152
Learned,Learned Basis,0.11669921875,0.00030948799390386015,-0.6147700530840355
Learned,Learned Basis,0.116943359375,0.000309457437747198,-0.6151988589062842
Learned,Learned Basis,0.1171875,0.00030940807341883883,-0.6158916962051125
Learned,Learned Basis,0.117431640625,0.0003093389426395858,-0.6168621450413898
Learned,Learned Basis,0.11767578125,0.00030924938756371993,-0.6181196299840465
Learned,Learned Basis,0.117919921875,0.0003091389212818115,-0.6196712407274344
Learned,Learned Basis,0.1181640625,0.0003090073158788082,-0.6215204957334695
Learned,Learned Basis,0.118408203125,0.00030885457653459763,-0.6236677023026376
Learned,Learned Basis,0.11865234375,0.00030868098814299514,-0.6261092939094439
Learned,Learned Basis,0.118896484375,0.000308487053153093,-0.6288386931362018
Learned,Learned Basis,0.119140625,0.0003082735330083613,-0.6318457148693489
Learned,Learned Basis,0.119384765625,0.00030804143778687246,-0.6351166942714425
Learned,Learned Basis,0.11962890625,0.00030779209871972693,-0.6386334428887895
Learned,Learned Basis,0.119873046875,0.00030752697653521415,-0.6423759275124487
Learned,Learned Basis,0.1201171875,0.00030724784275487643,-0.6463196891968942
Learned,Learned Basis,0.120361328125,0.0003069566657359831,-0.6504374245859288
Learned,Learned Basis,0.12060546875,0.00030665564175085566,-0.6546985211954303
Learned,Learned Basis,0.120849609375,0.00030634716390754265,-0.6590694713839862
Learned,Learned Basis,0.12109375,0.0003060337444515061,-0.6635149513231793
Learned,Learned Basis,0.121337890625,0.0003057181805220236,-0.6679954500293639
Learned,Learned Basis,0.12158203125,0.0003054032588985974,-0.6724714420849567
Learned,Learned Basis,0.121826171875,0.00030509199427578205,-0.6768999947759404
Learned,Learned Basis,0.1220703125,0.00030478744796712004,-0.6812373369838687
Learned,Learned Basis,0.122314453125,0.00030449271236547933,-0.6854390840201628
Learned,Learned Basis,0.12255859375,0.0003042109782815911,-0.689459285264673
Learned,Learned Basis,0.122802734375,0.00030394543134629914,-0.6932519140748628
Learned,Learned Basis,0.123046875,0.0003036992209312343,-0.6967713338574846
Learned,Learned Basis,0.123291015625,0.00030347544460915206,-0.6999725486570079
Learned,Learned Basis,0.12353515625,0.0003032771585137073,-0.7028110881115466
Learned,Learned Basis,0.123779296875,0.00030310732554057903,-0.7052437864058775
Learned,Learned Basis,0.1240234375,0.00030296867549050666,-0.7072308293711176
Learned,Learned Basis,0.124267578125,0.00030286392262456676,-0.7087326829272371
Learned,Learned Basis,0.12451171875,0.00030279548595024556,-0.7097141477479998
Learned,Learned Basis,0.124755859375,0.0003027656497979529,-0.7101421037559892
Learned,Learned Basis,0.125,0.00030277644468360877,-0.7099872620260304
Learned,Learned Basis,0.125244140625,0.0003028296058695427,-0.709224799044006
Learned,Learned Basis,0.12548828125,0.00030292663552314433,-0.7078334986950838
Learned,Learned Basis,0.125732421875,0.00030306871465877533,-0.7057970412961871
Learned,Learned Basis,0.1259765625,0.0003032567342170944,-0.7031035749593675
Learned,Learned Basis,0.126220703125,0.0003034912743455073,-0.6997460200208925
Learned,Learned Basis,0.12646484375,0.0003037725215199657,-0.6957232508229596
Learned,Learned Basis,0.126708984375,0.00030410039804215655,-0.6910382262541771
Learned,Learned Basis,0.126953125,0.0003044743859233246,-0.6857004798402488
Learned,Learned Basis,0.127197265625,0.0003048936926406746,-0.6797237105043807
Learned,Learned Basis,0.12744140625,0.00030535713717984504,-0.6731273591390656
Learned,Learned Basis,0.127685546875,0.0003058631914740084,-0.6659359544225181
Learned,Learned Basis,0.1279296875,0.00030640998040387126,-0.6581790416900415
Learned,Learned Basis,0.128173828125,0.00030699529215744945,-0.6498909570161147
Learned,Learned Basis,0.12841796875,0.0003076166196691684,-0.6411101574082768
Learned,Learned Basis,0.128662109375,0.00030827105702211207,-0.6318805966015935
Learned,Learned Basis,0.12890625,0.0003089555584424006,-0.6222479818015137
Learned,Learned Basis,0.129150390625,0.00030966665340537494,-0.6122637054974299
Learned,Learned Basis,0.12939453125,0.00031040072116963715,-0.6019808961974006
Learned,Learned Basis,0.129638671875,0.0003111538509200863,-0.591456309313608
Learned,Learned Basis,0.1298828125,0.0003119219660852199,-0.5807485162146259
Learned,Learned Basis,0.130126953125,0.0003127008450566841,-0.5699175632405739
Learned,Learned Basis,0.13037109375,0.0003134860383110727,-0.5590260774751867
Learned,Learned Basis,0.130615234375,0.0003142731015048671,-0.5481359968885897
Learned,Learned Basis,0.130859375,0.00031505742453814725,-0.5373109271472206
Learned,Learned Basis,0.131103515625,0.0003158344128506554,-0.5266136289025857
Learned,Learned Basis,0.13134765625,0.0003165994200832585,-0.5161069619762703
Learned,Learned Basis,0.131591796875,0.0003173478879349119,-0.5058519895273499
Learned,Learned Basis,0.1318359375,0.0003180752788241211,-0.4959089467211093
Learned,Learned Basis,0.132080078125,0.00031877713286770486,-0.4863365102809828
Learned,Learned Basis,0.13232421875,0.00031944920255787143,-0.47719002886595074
Learned,Learned Basis,0.132568359375,0.00032008733880469273,-0.4685231545046473
Learned,Learned Basis,0.1328125,0.0003206876256131803,-0.4603860911289615
Learned,Learned Basis,0.133056640625,0.00032124639044306066,-0.4528255463528279
Learned,Learned Basis,0.13330078125,0.0003217601731294498,-0.44588524291819187
Learned,Learned Basis,0.133544921875,0.0003222258657398173,-0.4396041202232079
Learned,Learned Basis,0.1337890625,0.0003226406763147732,-0.4340169186291717
Learned,Learned Basis,0.134033203125,0.00032300210296863055,-0.4291546132548816
Learned,Learned Basis,0.13427734375,0.00032330803748715614,-0.4250430985245316
Learned,Learned Basis,0.134521484375,0.0003235567808672333,-0.4217030534444191
Learned,Learned Basis,0.134765625,0.0003237469552587735,-0.4191511852375148
Learned,Learned Basis,0.135009765625,0.0003238776645412305,-0.4173981227645985
Learned,Learned Basis,0.13525390625,0.00032394842180517446,-0.4164494271175636
Learned,Learned Basis,0.135498046875,0.00032395915971206727,-0.4163054740648689
Learned,Learned Basis,0.1357421875,0.00032391022531437486,-0.416961530344874
Learned,Learned Basis,0.135986328125,0.0003238023800555671,-0.41840774586836893
Learned,Learned Basis,0.13623046875,0.00032363688264831894,-0.42062801938105177
Learned,Learned Basis,0.136474609375,0.00032341531295833326,-0.4236023234057428
Learned,Learned Basis,0.13671875,0.0003231397222210803,-0.4273046391310498
Learned,Learned Basis,0.136962890625,0.00032281255016359644,-0.43170400538218273
Learned,Learned Basis,0.13720703125,0.00032243658356538395,-0.4367650036517365
Learned,Learned Basis,0.137451171875,0.00032201499251762405,-0.4424471898260274
Learned,Learned Basis,0.1376953125,0.00032155126308463833,-0.44870591352212286
Learned,Learned Basis,0.137939453125,0.00032104921284355177,-0.4554920178551561
Learned,Learned Basis,0.13818359375,0.0003205128769267664,-0.462753288029392
Learned,Learned Basis,0.138427734375,0.00031994661679960005,-0.47043289040986824
Learned,Learned Basis,0.138671875,0.00031935497522343477,-0.47847124815381503
Learned,Learned Basis,0.138916015625,0.0003187426762557169,-0.48680596444544555
Learned,Learned Basis,0.13916015625,0.00031811458381085663,-0.4953723163887258
Learned,Learned Basis,0.139404296875,0.0003174756602211276,-0.5041037620158111
Learned,Learned Basis,0.1396484375,0.0003168309869562172,-0.5129316101623986
Learned,Learned Basis,0.139892578125,0.0003161856247662625,-0.5217869017879733
Learned,Learned Basis,0.14013671875,0.0003155446292215132,-0.530600186312103
Learned,Learned Basis,0.140380859375,0.0003149130507123312,-0.5393015206573676
Learned,Learned Basis,0.140625,0.0003142957945922272,-0.5478224120871996
Learned,Learned Basis,0.140869140625,0.0003136976936962861,-0.556094854464712
Learned,Learned Basis,0.14111328125,0.00031312336848420317,-0.5640533088075502
Learned,Learned Basis,0.141357421875,0.0003125773150983725,-0.5716335476891311
Learned,Learned Basis,0.1416015625,0.0003120637085281601,-0.5787754593197749
Learned,Learned Basis,0.141845703125,0.00031158650102776716,-0.585421769107423
Learned,Learned Basis,0.14208984375,0.00031114935995757973,-0.5915189925908586
Learned,Learned Basis,0.142333984375,0.00031075560044563024,-0.5970184697449519
Learned,Learned Basis,0.142578125,0.00031040820610714803,-0.6018761726048202
Learned,Learned Basis,0.142822265625,0.00031010976170602094,-0.6060537395176795
Learned,Learned Basis,0.14306640625,0.00030986247905423307,-0.6095182009814782
Learned,Learned Basis,0.143310546875,0.00030966818665209,-0.6122422024091272
Learned,Learned Basis,0.1435546875,0.00030952820537091704,-0.6142058152402741
Learned,Learned Basis,0.143798828125,0.0003094435038496863,-0.6153944124882882
Learned,Learned Basis,0.14404296875,0.00030941456381793997,-0.6158005959658693
Learned,Learned Basis,0.144287109375,0.000309441431894666,-0.6154234918398807
Learned,Learned Basis,0.14453125,0.0003095237144084105,-0.614268827733176
Learned,Learned Basis,0.144775390625,0.0003096606032967156,-0.6123485565604926
Learned,Learned Basis,0.14501953125,0.0003098507828681434,-0.6096821345097981
Learned,Learned Basis,0.145263671875,0.0003100926110983402,-0.6062939325451662
Learned,Learned Basis,0.1455078125,0.00031038399531273556,-0.6022149208815255
Learned,Learned Basis,0.145751953125,0.0003107224232658674,-0.5974821600303705
Learned,Learned Basis,0.14599609375,0.0003111050615592452,-0.5921373425557951
Learned,Learned Basis,0.146240234375,0.0003115287452815757,-0.586226852985231
Learned,Learned Basis,0.146484375,0.00031198990549033623,-0.5798026868368988
Learned,Learned Basis,0.146728515625,0.0003124848023067151,-0.572919109366823
Learned,Learned Basis,0.14697265625,0.0003130093798787602,-0.5656345908286573
Learned,Learned Basis,0.147216796875,0.0003135593492595792,-0.5580105675559488
Learned,Learned Basis,0.1474609375,0.00031413026092576616,-0.5501103617654381
Learned,Learned Basis,0.147705078125,0.00031471752031706347,-0.5419989047535725
Learned,Learned Basis,0.14794921875,0.00031531640337602475,-0.5337424704135405
Learned,Learned Basis,0.148193359375,0.0003159221290664407,-0.5254076368405742
Learned,Learned Basis,0.1484375,0.0003165298645532263,-0.5170611930862
Learned,Learned Basis,0.148681640625,0.0003171347821811843,-0.508769347581244
Learned,Learned Basis,0.14892578125,0.00031773215271298076,-0.5005964600699775
Learned,Learned Basis,0.149169921875,0.0003183172831704947,-0.4926059176296488
Learned,Learned Basis,0.1494140625,0.00031888562561245646,-0.48485868206535654
Learned,Learned Basis,0.149658203125,0.00031943277713444786,-0.47741333993071977
Learned,Learned Basis,0.14990234375,0.0003199545523873279,-0.47032517433973164
Learned,Learned Basis,0.150146484375,0.00032044696803756997,-0.46364644435461766
Learned,Learned Basis,0.150390625,0.00032090634636501304,-0.45742505273312006
Learned,Learned Basis,0.150634765625,0.00032132926346398595,-0.4517053266349712
Learned,Learned Basis,0.15087890625,0.0003217126424812836,-0.446526833293313
Learned,Learned Basis,0.151123046875,0.0003220537536161667,-0.4419244589426876
Learned,Learned Basis,0.1513671875,0.00032235021412036185,-0.437928481990223
Learned,Learned Basis,0.151611328125,0.0003226000141974994,-0.43456429059245744
Learned,Learned Basis,0.15185546875,0.0003228015791617638,-0.43185160579366394
Learned,Learned Basis,0.152099609375,0.0003229537383585687,-0.42980495131097424
Learned,Learned Basis,0.15234375,0.00032305571998466893,-0.42843376216608603
Learned,Learned Basis,0.152587890625,0.0003231072132468115,-0.4277415763875172
Learned,Learned Basis,0.15283203125,0.0003231082647639843,-0.42772744277044034
Learned,Learned Basis,0.153076171875,0.00032305943914393036,-0.42838376456668736
Learned,Learned Basis,0.1533203125,0.0003229616532267463,-0.4296985168268453
Learned,Learned Basis,0.153564453125,0.0003228162278837575,-0.43165452761333867
Learned,Learned Basis,0.15380859375,0.0003226249139169561,-0.43422909552186556
Learned,Learned Basis,0.154052734375,0.0003223898299003504,-0.43739478116532404
Learned,Learned Basis,0.154296875,0.00032211342592075197,-0.4411198432000294
Learned,Learned Basis,0.154541015625,0.0003217985301967635,-0.44536755082235135
Learned,Learned Basis,0.15478515625,0.0003214482144017026,-0.4500979356408493
Learned,Learned Basis,0.155029296875,0.0003210659179809031,-0.4552660475073328
Learned,Learned Basis,0.1552734375,0.0003206552823953131,-0.46082412453927074
Learned,Learned Basis,0.155517578125,0.00032022016666115804,-0.4667213200597606
Learned,Learned Basis,0.15576171875,0.0003197646369901652,-0.4729037811037256
Learned,Learned Basis,0.156005859375,0.0003192928735515882,-0.4793158580131188
Learned,Learned Basis,0.15625,0.0003188092326308572,-0.4858992126606567
Learned,Learned Basis,0.156494140625,0.0003183180808731775,-0.49259503422941964
Learned,Learned Basis,0.15673828125,0.00031782383672263,-0.49934345135296426
Learned,Learned Basis,0.156982421875,0.00031733097560205856,-0.5060834430468554
Learned,Learned Basis,0.1572265625,0.0003168438330773432,-0.5127555261728421
Learned,Learned Basis,0.157470703125,0.0003163667395344764,-0.5192999251828695
Learned,Learned Basis,0.15771484375,0.0003159039114019245,-0.525658080179974
Learned,Learned Basis,0.157958984375,0.0003154593941718647,-0.531773462886574
Learned,Learned Basis,0.158203125,0.0003150370106013095,-0.5375923344928898
Learned,Learned Basis,0.158447265625,0.00031464044359030754,-0.5430626554074227
Learned,Learned Basis,0.15869140625,0.00031427307560542937,-0.5481363547933329
Learned,Learned Basis,0.158935546875,0.0003139380249389807,-0.5527688953284335
Learned,Learned Basis,0.1591796875,0.00031363811980956427,-0.5569196953167597
Learned,Learned Basis,0.159423828125,0.00031337579994421646,-0.5605535564822515
Learned,Learned Basis,0.15966796875,0.0003131532564353713,-0.5636387899907496
Learned,Learned Basis,0.159912109375,0.0003129722608045711,-0.566149641368957
Learned,Learned Basis,0.16015625,0.0003128341805421293,-0.5680661284182849
Learned,Learned Basis,0.160400390625,0.0003127400309060059,-0.5693733647781621
Learned,Learned Basis,0.16064453125,0.0003126904490223696,-0.5700619509344744
Learned,Learned Basis,0.160888671875,0.00031268559028784697,-0.5701294342232358
Learned,Learned Basis,0.1611328125,0.0003127253200253616,-0.5695776560080255
Learned,Learned Basis,0.161376953125,0.0003128090166484075,-0.5684154821790721
Learned,Learned Basis,0.16162109375,0.00031293570633812506,-0.5666569173238214
Learned,Learned Basis,0.161865234375,0.000313104031963976,-0.5643215099124692
Learned,Learned Basis,0.162109375,0.00031331222718430544,-0.5614346742865894
Learned,Learned Basis,0.162353515625,0.00031355826148319357,-0.5580256337978698
Learned,Learned Basis,0.16259765625,0.0003138396692341661,-0.554129738206754
Learned,Learned Basis,0.162841796875,0.0003141537827951344,-0.5497851770602864
Learned,Learned Basis,0.1630859375,0.0003144975563922186,-0.5450353584625024
Learned,Learned Basis,0.163330078125,0.00031486774223592434,-0.5399264117795238
Learned,Learned Basis,0.16357421875,0.0003152608387222673,-0.5345078460397803
Learned,Learned Basis,0.163818359375,0.00031567316295119885,-0.5288314943961062
Learned,Learned Basis,0.1640625,0.00031610089734559403,-0.5229508251105696
Learned,Learned Basis,0.164306640625,0.0003165400171328259,-0.5169218969539682
Learned,Learned Basis,0.16455078125,0.00031698653379948026,-0.510799982845367
Learned,Learned Basis,0.164794921875,0.0003174362930757415,-0.5046423228018413
Learned,Learned Basis,0.1650390625,0.0003178851562314564,-0.49850562383458497
Learned,Learned Basis,0.165283203125,0.00031832903633534744,-0.4924455669142003
Learned,Learned Basis,0.16552734375,0.0003187638619957997,-0.4865173132877146
Learned,Learned Basis,0.165771484375,0.0003191856550591741,-0.48077446305509136
Learned,Learned Basis,0.166015625,0.0003195906445673337,-0.47526753575387887
Learned,Learned Basis,0.166259765625,0.0003199750854615793,-0.4700464749228103
Learned,Learned Basis,0.16650390625,0.00032033554865635216,-0.4651567484489707
Learned,Learned Basis,0.166748046875,0.0003206687345632825,-0.4606419326311206
Learned,Learned Basis,0.1669921875,0.0003209717165459042,-0.45654046388110536
Learned,Learned Basis,0.167236328125,0.0003212416922850521,-0.4528890614328147
Learned,Learned Basis,0.16748046875,0.00032147629975200307,-0.4497185034556689
Learned,Learned Basis,0.167724609375,0.00032167341001297384,-0.44705648246594987
Learned,Learned Basis,0.16796875,0.00032183130852518496,-0.44492520193436225
Learned,Learned Basis,0.168212890625,0.000321948560459785,-0.44334323669420617
Learned,Learned Basis,0.16845703125,0.0003220241660984765,-0.442323469536958
Learned,Learned Basis,0.168701171875,0.0003220574675955406,-0.4418743756435647
Learned,Learned Basis,0.1689453125,0.00032204817487727446,-0.44199968975351894
Learned,Learned Basis,0.169189453125,0.0003219964122609793,-0.442697784858212
Learned,Learned Basis,0.16943359375,0.000321902630396872,-0.4439628572895759
Learned,Learned Basis,0.169677734375,0.00032176773576527394,-0.44578316774905513
Learned,Learned Basis,0.169921875,0.00032159293527998453,-0.44814311579934196
Learned,Learned Basis,0.170166015625,0.00032137977254749386,-0.45102272175252694
Learned,Learned Basis,0.17041015625,0.0003211301641261957,-0.45439709961884156
Learned,Learned Basis,0.170654296875,0.00032084636844706226,-0.4582368320455159
Learned,Learned Basis,0.1708984375,0.0003205308770360054,-0.4625093936596276
Learned,Learned Basis,0.171142578125,0.0003201864663127525,-0.46717840075226663
Learned,Learned Basis,0.17138671875,0.000319816207950621,-0.47220341667667576
Learned,Learned Basis,0.171630859375,0.0003194232875804548,-0.4775423599451753
Learned,Learned Basis,0.171875,0.00031901118090680035,-0.4831490647211661
Learned,Learned Basis,0.172119140625,0.0003185834413325176,-0.4889761202888127
Learned,Learned Basis,0.17236328125,0.00031814375693754276,-0.49497405904144637
Learned,Learned Basis,0.172607421875,0.00031769594529900064,-0.5010913919170825
Learned,Learned Basis,0.1728515625,0.0003172437670152532,-0.5072771309048487
Learned,Learned Basis,0.173095703125,0.0003167910811025258,-0.5134786520963965
Learned,Learned Basis,0.17333984375,0.0003163416688787305,-0.5196440978636516
Learned,Learned Basis,0.173583984375,0.00031589927540256655,-0.525721814867654
Learned,Learned Basis,0.173828125,0.0003154675265953195,-0.5316615048605379
Learned,Learned Basis,0.174072265625,0.00031504992406097365,-0.5374143195566421
Learned,Learned Basis,0.17431640625,0.00031464978810744916,-0.5429336760581006
Learned,Learned Basis,0.174560546875,0.00031427026810637685,-0.5481751518423718
Learned,Learned Basis,0.1748046875,0.0003139142337154599,-0.5530980299920534
Learned,Learned Basis,0.175048828125,0.00031358435257678694,-0.5576642736310778
Learned,Learned Basis,0.17529296875,0.0003132829401000932,-0.5618406531302752
Learned,Learned Basis,0.175537109375,0.00031301208378006166,-0.5655970748812651
Learned,Learned Basis,0.17578125,0.00031277346708014634,-0.5689090695715605
Learned,Learned Basis,0.176025390625,0.0003125684833900984,-0.5717562570532109
Learned,Learned Basis,0.17626953125,0.00031239814278799017,-0.5741236790009714
Learned,Learned Basis,0.176513671875,0.00031226310311954075,-0.5760014002184615
Learned,Learned Basis,0.1767578125,0.0003121635871199147,-0.5773856860134209
Learned,Learned Basis,0.177001953125,0.0003120994963712486,-0.5782774337178942
Learned,Learned Basis,0.17724609375,0.00031207036986355044,-0.5786827554824934
Learned,Learned Basis,0.177490234375,0.00031207529593661125,-0.5786142020512987
Learned,Learned Basis,0.177734375,0.0003121130469570815,-0.5780888779217122
Learned,Learned Basis,0.177978515625,0.0003121820326994831,-0.5771290713061151
Learned,Learned Basis,0.17822265625,0.0003122802692668841,-0.5757626605760847
Learned,Learned Basis,0.178466796875,0.00031240550340819987,-0.5740213531979745
Learned,Learned Basis,0.1787109375,0.0003125551503595426,-0.5719415151777062
Learned,Learned Basis,0.178955078125,0.00031272633010343405,-0.5695636286620885
Learned,Learned Basis,0.17919921875,0.00031291590362801837,-0.5669317494914465
Learned,Learned Basis,0.179443359375,0.00031312054544548794,-0.5640924638431187
Learned,Learned Basis,0.1796875,0.0003133366710736577,-0.5610958610756566
Learned,Learned Basis,0.179931640625,0.00031356052509405325,-0.5579942817246556
Learned,Learned Basis,0.18017578125,0.0003137883158289874,-0.55484042992467
Learned,Learned Basis,0.180419921875,0.00031401607548459625,-0.5516892966309473
Learned,Learned Basis,0.1806640625,0.00031423978446814036,-0.5485964299374664
Learned,Learned Basis,0.180908203125,0.000314455438726543,-0.5456170066925882
Learned,Learned Basis,0.18115234375,0.0003146590393866149,-0.5428059874156731
Learned,Learned Basis,0.181396484375,0.0003148466238343797,-0.54021770592033
Learned,Learned Basis,0.181640625,0.0003150143641329374,-0.5379045387558188
Learned,Learned Basis,0.181884765625,0.0003151585773822393,-0.5359167980784134
Learned,Learned Basis,0.18212890625,0.00031527569981965053,-0.534303128558865
Learned,Learned Basis,0.182373046875,0.00031536243703668876,-0.5331084816521414
Learned,Learned Basis,0.1826171875,0.00031541571218014877,-0.532374876630755
Learned,Learned Basis,0.182861328125,0.00031543271257109055,-0.5321408053170029
Learned,Learned Basis,0.18310546875,0.00031541095704337713,-0.5324403503895991
Learned,Learned Basis,0.183349609375,0.00031534828558389997,-0.5333033696614199
Learned,Learned Basis,0.18359375,0.0003152428748722411,-0.534755318045861
Learned,Learned Basis,0.183837890625,0.0003150933522381996,-0.5368157059248667
Learned,Learned Basis,0.18408203125,0.00031489867652437773,-0.5394997586463139
Learned,Learned Basis,0.184326171875,0.00031465824686381964,-0.5428169258813499
Learned,Learned Basis,0.1845703125,0.00031437187160068586,-0.5467713058537695
Learned,Learned Basis,0.184814453125,0.0003140398356287918,-0.5513606985129873
Learned,Learned Basis,0.18505859375,0.00031366283305306916,-0.5565775046906913
Learned,Learned Basis,0.185302734375,0.0003132419723694539,-0.562408613287134
Learned,Learned Basis,0.185546875,0.00031277883862353655,-0.5688344848683325
Learned,Learned Basis,0.185791015625,0.0003122754260720241,-0.575830016388167
Learned,Learned Basis,0.18603515625,0.00031173415372240284,-0.5833642485927689
Learned,Learned Basis,0.186279296875,0.00031115781353406266,-0.5914010012908868
Learned,Learned Basis,0.1865234375,0.00031054961185739745,-0.599898204494021
Learned,Learned Basis,0.186767578125,0.0003099131072751547,-0.6088086681276932
Learned,Learned Basis,0.18701171875,0.0003092521484437845,-0.6180808577286055
Learned,Learned Basis,0.187255859375,0.0003085709776911911,-0.6276573467410446
Learned,Learned Basis,0.1875,0.00030787401864134295,-0.6374777070403321
Learned,Learned Basis,0.187744140625,0.00030716599017179864,-0.6474768286838483
Learned,Learned Basis,0.18798828125,0.00030645177173663115,-0.657586746766309
Learned,Learned Basis,0.188232421875,0.0003057364499854153,-0.6677359270248818
Learned,Learned Basis,0.1884765625,0.00030502518408615176,-0.6778511332731463
Learned,Learned Basis,0.188720703125,0.00030432326270402987,-0.6878565979436351
Learned,Learned Basis,0.18896484375,0.00030363595896457633,-0.6976760837894078
Learned,Learned Basis,0.189208984375,0.0003029685822525308,-0.7072321659035028
Learned,Learned Basis,0.189453125,0.00030232635907443187,-0.716447973537673
Learned,Learned Basis,0.189697265625,0.00030171441751895503,-0.7252474765516901
Learned,Learned Basis,0.18994140625,0.00030113778725691194,-0.7335555631869145
Learned,Learned Basis,0.190185546875,0.00030060124932451216,-0.7413003000565184
Learned,Learned Basis,0.1904296875,0.00030010940346190067,-0.7484120764440817
Learned,Learned Basis,0.190673828125,0.00029966656969529487,-0.7548251474836485
Learned,Learned Basis,0.19091796875,0.0002992767883369844,-0.760477766038991
Learned,Learned Basis,0.191162109375,0.00029894371120769265,-0.7653138950033915
Learned,Learned Basis,0.19140625,0.0002986706482555645,-0.769282666492783
Learned,Learned Basis,0.191650390625,0.00029846048985785324,-0.7723396377473197
Learned,Learned Basis,0.19189453125,0.00029831572236058336,-0.7744466830741699
Learned,Learned Basis,0.192138671875,0.0002982383400204619,-0.7755733780585561
Learned,Learned Basis,0.1923828125,0.0002982298553646537,-0.7756969333202488
Learned,Learned Basis,0.192626953125,0.0002982913095505564,-0.7748021045868667
Learned,Learned Basis,0.19287109375,0.0002984232309267003,-0.7728818320695596
Learned,Learned Basis,0.193115234375,0.00029862563503274797,-0.7699372493142687
Learned,Learned Basis,0.193359375,0.0002988979779805066,-0.7659783414146897
Learned,Learned Basis,0.193603515625,0.00029923922897235353,-0.7610228416711426
Learned,Learned Basis,0.19384765625,0.00029964787030123646,-0.7550961585961852
Learned,Learned Basis,0.194091796875,0.0003001217989328097,-0.7482327027428919
Learned,Learned Basis,0.1943359375,0.00030065845600262323,-0.7404738836349117
Learned,Learned Basis,0.194580078125,0.0003012548060965722,-0.73186827029709
Learned,Learned Basis,0.19482421875,0.00030190731653134694,-0.7224717322478493
Learned,Learned Basis,0.195068359375,0.00030261206613207156,-0.7123457045255113
Learned,Learned Basis,0.1953125,0.0003033646882535407,-0.701557838488941
Learned,Learned Basis,0.195556640625,0.000304160448478533,-0.6901807134490019
Learned,Learned Basis,0.19580078125,0.0003049942912367988,-0.6782910075577704
Learned,Learned Basis,0.196044921875,0.0003058608190855101,-0.665969640045968
Learned,Learned Basis,0.1962890625,0.000306754370407574,-0.6533005227820081
Learned,Learned Basis,0.196533203125,0.0003076691074697207,-0.6403691955690223
Learned,Learned Basis,0.19677734375,0.0003085989594437406,-0.627263538812196
Learned,Learned Basis,0.197021484375,0.0003095377622634483,-0.614071725953904
Learned,Learned Basis,0.197265625,0.0003104792327252447,-0.6008825474639996
Learned,Learned Basis,0.197509765625,0.00031141709798530566,-0.5877835791672177
Learned,Learned Basis,0.19775390625,0.0003123450644802571,-0.5748616339221142
Learned,Learned Basis,0.197998046875,0.00031325690598526287,-0.5622015710348331
Learned,Learned Basis,0.1982421875,0.00031414647915368777,-0.549886145701247
Learned,Learned Basis,0.198486328125,0.0003150078840936113,-0.5379938767222113
Learned,Learned Basis,0.19873046875,0.00031583531933097674,-0.5266011641799161
Learned,Learned Basis,0.198974609375,0.00031662329936486773,-0.515779410866018
Learned,Learned Basis,0.19921875,0.0003173666235881832,-0.5055955973798505
Learned,Learned Basis,0.199462890625,0.00031806039700718765,-0.4961121452280197
Learned,Learned Basis,0.19970703125,0.00031870011311971194,-0.4873859360267397
Learned,Learned Basis,0.199951171875,0.00031928172643357885,-0.4794674810761469
Learned,Learned Basis,0.2001953125,0.0003198015126096394,-0.4724029766730289
Learned,Learned Basis,0.200439453125,0.00032025633263603774,-0.4662308513741234
Learned,Learned Basis,0.20068359375,0.00032064347743158484,-0.46098401353104773
Learned,Learned Basis,0.200927734375,0.00032096075590384664,-0.4566887706444632
Learned,Learned Basis,0.201171875,0.00032120656746757005,-0.4533639483733253
Learned,Learned Basis,0.201416015625,0.00032137977254749386,-0.45102272175252694
Learned,Learned Basis,0.20166015625,0.0003214798168956501,-0.44967098929293176
Learned,Learned Basis,0.201904296875,0.0003215067678505769,-0.44930691790197996
Learned,Learned Basis,0.2021484375,0.0003214611278613668,-0.44992347109642594
Learned,Learned Basis,0.202392578125,0.0003213441090217066,-0.4515046852492837
Learned,Learned Basis,0.20263671875,0.00032115728083752416,-0.4540303903457068
Learned,Learned Basis,0.202880859375,0.0003209028965599042,-0.4574717404783947
Learned,Learned Basis,0.203125,0.00032058366527003566,-0.461794212914605
Learned,Learned Basis,0.203369140625,0.00032020278295853753,-0.46695709069007524
Learned,Learned Basis,0.20361328125,0.0003197639325254583,-0.4729133489369539
Learned,Learned Basis,0.203857421875,0.00031927113874342505,-0.47961149970517786
Learned,Learned Basis,0.2041015625,0.0003187289961726952,-0.4869923628322658
Learned,Learned Basis,0.204345703125,0.0003181423272885787,-0.4949935750632971
Learned,Learned Basis,0.20458984375,0.0003175163223384014,-0.5035475555230149
Learned,Learned Basis,0.204833984375,0.0003168564771828547,-0.5125822182175181
Learned,Learned Basis,0.205078125,0.00031616846379880673,-0.5220226214142637
Learned,Learned Basis,0.205322265625,0.0003154582701362662,-0.5317889375668856
Learned,Learned Basis,0.20556640625,0.0003147318893251294,-0.541800624135021
Learned,Learned Basis,0.205810546875,0.000313995506151132,-0.5519737865443299
Learned,Learned Basis,0.2060546875,0.0003132553571988852,-0.5622230432203593
Learned,Learned Basis,0.206298828125,0.00031251760653457436,-0.5724632168789245
Learned,Learned Basis,0.20654296875,0.0003117884234042726,-0.5826082527621509
Learned,Learned Basis,0.206787109375,0.00031107390453562715,-0.5925723081903969
Learned,Learned Basis,0.20703125,0.00031037994464067087,-0.6022715989329557
Learned,Learned Basis,0.207275390625,0.00030971224159570955,-0.6116243973228107
Learned,Learned Basis,0.20751953125,0.00030907632234076,-0.6205507523553023
Learned,Learned Basis,0.207763671875,0.0003084773771231481,-0.6289749164322599
Learned,Learned Basis,0.2080078125,0.0003079202957567218,-0.6368249599975173
Learned,Learned Basis,0.208251953125,0.0003074095847436503,-0.6440340695429116
Learned,Learned Basis,0.20849609375,0.00030694941389341194,-0.6505400277468012
Learned,Learned Basis,0.208740234375,0.0003065434505663928,-0.6562876955267218
Learned,Learned Basis,0.208984375,0.00030619497363141245,-0.6612275400108492
Learned,Learned Basis,0.209228515625,0.00030590675432831064,-0.6653174504439816
Learned,Learned Basis,0.20947265625,0.00030568104072828433,-0.6685230793405971
Learned,Learned Basis,0.209716796875,0.0003055196354322013,-0.670816840908685
Learned,Learned Basis,0.2099609375,0.00030542376089352346,-0.6721799060860812
Learned,Learned Basis,0.210205078125,0.0003053941060372951,-0.6726016010340843
Learned,Learned Basis,0.21044921875,0.0003054308417998054,-0.6720792209635756
Learned,Learned Basis,0.210693359375,0.00030553357968948807,-0.6706186285813434
Learned,Learned Basis,0.2109375,0.0003057014339455719,-0.6682333536089514
Learned,Learned Basis,0.211181640625,0.00030593296973920525,-0.6649452873479462
Learned,Learned Basis,0.21142578125,0.0003062262394326691,-0.6607841012572531
Learned,Learned Basis,0.211669921875,0.0003065788550978026,-0.6557861318908635
Learned,Learned Basis,0.2119140625,0.0003069878849182518,-0.6499957456562583
Learned,Learned Basis,0.212158203125,0.0003074500034062092,-0.6434630903314351
Learned,Learned Basis,0.21240234375,0.0003079614810426382,-0.6362441166243389
Learned,Learned Basis,0.212646484375,0.0003085181583778356,-0.6284008093963868
Learned,Learned Basis,0.212890625,0.0003091155703487325,-0.6199992992057992
Learned,Learned Basis,0.213134765625,0.00030974892037945683,-0.6111100989492958
Learned,Learned Basis,0.21337890625,0.00031041316325953414,-0.601806817262575
Learned,Learned Basis,0.213623046875,0.00031110302586343777,-0.5921657604267259
Learned,Learned Basis,0.2138671875,0.00031181302787013895,-0.5822655472171383
Learned,Learned Basis,0.214111328125,0.0003125375646413076,-0.5721858751009143
Learned,Learned Basis,0.21435546875,0.0003132709745598509,-0.5620065308936816
Learned,Learned Basis,0.214599609375,0.00031400745097182417,-0.5518085780956842
Learned,Learned Basis,0.21484375,0.0003147413426199096,-0.5416701812964437
Learned,Learned Basis,0.215087890625,0.0003154668998289258,-0.5316701333700886
Learned,Learned Basis,0.21533203125,0.00031617854385998056,-0.5218841621540037
Learned,Learned Basis,0.215576171875,0.0003168707943920451,-0.5123859860139315
Learned,Learned Basis,0.2158203125,0.0003175383938392554,-0.5032456750460141
Learned,Learned Basis,0.216064453125,0.00031817626073192405,-0.49453037604669525
Learned,Learned Basis,0.21630859375,0.00031877962439361677,-0.48630256644954406
Learned,Learned Basis,0.216552734375,0.000319343936883064,-0.4786213624008259
Learned,Learned Basis,0.216796875,0.0003198650646500002,-0.47154001770301546
Learned,Learned Basis,0.217041015625,0.00032033917975752527,-0.4651075201234947
Learned,Learned Basis,0.21728515625,0.0003207628790195184,-0.4593670837688939
Learned,Learned Basis,0.217529296875,0.0003211331322017623,-0.4543569597307975
Learned,Learned Basis,0.2177734375,0.00032144737525991937,-0.4501092729295745
Learned,Learned Basis,0.218017578125,0.0003217035258791942,-0.44664990418198774
Learned,Learned Basis,0.21826171875,0.0003218998798765825,-0.4439999660539886
Learned,Learned Basis,0.218505859375,0.00032203529767682316,-0.4421733472788994
Learned,Learned Basis,0.21875,0.0003221090799950968,-0.4411784382200259
Learned,Learned Basis,0.218994140625,0.0003221210040962388,-0.4410176704615471
Learned,Learned Basis,0.21923828125,0.0003220713341545141,-0.44168738912690086
Learned,Learned Basis,0.219482421875,0.0003219608108938426,-0.4431779868578322
Learned,Learned Basis,0.2197265625,0.0003217906412280236,-0.4454740204692606
Learned,Learned Basis,0.219970703125,0.0003215624671814107,-0.44855459106780565
Learned,Learned Basis,0.22021484375,0.0003212783814285744,-0.4523930802721729
Learned,Learned Basis,0.220458984375,0.0003209408288764387,-0.45695841316450014
Learned,Learned Basis,0.220703125,0.0003205527258016947,-0.46221336991679796
Learned,Learned Basis,0.220947265625,0.00032011725783518617,-0.4681172320878181
Learned,Learned Basis,0.22119140625,0.0003196379990993232,-0.4746240786066589
Learned,Learned Basis,0.221435546875,0.0003191187878907808,-0.48168437501577654
Learned,Learned Basis,0.2216796875,0.0003185637215006117,-0.48924495030746795
Learned,Learned Basis,0.221923828125,0.00031797714585447113,-0.4972490440431642
Learned,Learned Basis,0.22216796875,0.00031736353119531536,-0.5056379148638475
Learned,Learned Basis,0.222412109375,0.0003167275394219401,-0.5143498435798897
Learned,Learned Basis,0.22265625,0.00031607395157055477,-0.5233210518425345
Learned,Learned Basis,0.222900390625,0.0003154075590371438,-0.5324871383426791
Learned,Learned Basis,0.22314453125,0.0003147332050165673,-0.5417824691162119
Learned,Learned Basis,0.223388671875,0.0003140557223439101,-0.5511410022382615
Learned,Learned Basis,0.2236328125,0.00031337987651571897,-0.5604970613414765
Learned,Learned Basis,0.223876953125,0.0003127103087112394,-0.569786129289402
Learned,Learned Basis,0.22412109375,0.00031205160313095386,-0.5789439316232212
Learned,Learned Basis,0.224365234375,0.000311408053901642,-0.5879097075233826
Learned,Learned Basis,0.224609375,0.000310783867091995,-0.5966234490201949
Learned,Learned Basis,0.224853515625,0.00031018293797745113,-0.605029060328257
Learned,Learned Basis,0.22509765625,0.0003096089183787337,-0.613073490501002
Learned,Learned Basis,0.225341796875,0.00030906518558252577,-0.6207072418511849
Learned,Learned Basis,0.2255859375,0.00030855475946326956,-0.6278856142226986
Learned,Learned Basis,0.225830078125,0.0003080803283826039,-0.6345684269621559
Learned,Learned Basis,0.22607421875,0.0003076442388295893,-0.6407202464036041
Learned,Learned Basis,0.226318359375,0.000307248459161495,-0.6463109763049789
Learned,Learned Basis,0.2265625,0.0003068945640641365,-0.6513161525963214
Learned,Learned Basis,0.226806640625,0.00030658376045131317,-0.6557166440288366
Learned,Learned Basis,0.22705078125,0.00030631681494638246,-0.6594997361564902
Learned,Learned Basis,0.227294921875,0.0003060941419403485,-0.6626579311875731
Learned,Learned Basis,0.2275390625,0.0003059157310734362,-0.6651900098556809
Learned,Learned Basis,0.227783203125,0.0003057812093937418,-0.66710017223396
Learned,Learned Basis,0.22802734375,0.0003056898050980203,-0.6683985618749723
Learned,Learned Basis,0.228271484375,0.00030564040969033584,-0.669100380712533
Learned,Learned Basis,0.228515625,0.00030563151064352356,-0.6692268320281086
Learned,Learned Basis,0.228759765625,0.0003056612846371656,-0.6688037718758212
Learned,Learned Basis,0.22900390625,0.00030572765453635404,-0.6678608669834232
Learned,Learned Basis,0.229248046875,0.00030582818579394003,-0.6664330277595154
Learned,Learned Basis,0.2294921875,0.00030596022112761,-0.664558450959084
Learned,Learned Basis,0.229736328125,0.00030612084426067293,-0.6622790881131746
Learned,Learned Basis,0.22998046875,0.0003063069679801484,-0.6596393482061197
Learned,Learned Basis,0.230224609375,0.00030651533931665457,-0.6566859790470219
Learned,Learned Basis,0.23046875,0.0003067425032851951,-0.6534685375180853
Learned,Learned Basis,0.230712890625,0.00030698501526054865,-0.6500363427739833
Learned,Learned Basis,0.23095703125,0.0003072392545013172,-0.6464410857615042
Learned,Learned Basis,0.231201171875,0.00030750159508621523,-0.6427343831601318
Learned,Learned Basis,0.2314453125,0.0003077684628928326,-0.6389669570818878
Learned,Learned Basis,0.231689453125,0.000308036242359659,-0.6351899430010327
Learned,Learned Basis,0.23193359375,0.0003083014370625975,-0.6314526214946894
Learned,Learned Basis,0.232177734375,0.0003085605764769891,-0.6278037398367448
Learned,Learned Basis,0.232421875,0.00030881040763345197,-0.624288825745399
Learned,Learned Basis,0.232666015625,0.0003090477604408049,-0.6209521046370701
Learned,Learned Basis,0.23291015625,0.0003092697134424693,-0.6178341928174498
Learned,Learned Basis,0.233154296875,0.0003094734953986055,-0.6149735106799572
Learned,Learned Basis,0.2333984375,0.00030965660442352637,-0.6124046405361447
Learned,Learned Basis,0.233642578125,0.00030981676136670967,-0.6101590144268125
Learned,Learned Basis,0.23388671875,0.00030995199787088606,-0.6082637117813517
Learned,Learned Basis,0.234130859375,0.00031006057867372604,-0.6067425799275783
Learned,Learned Basis,0.234375,0.000310141125925141,-0.6056145202412125
Learned,Learned Basis,0.234619140625,0.0003101925207694201,-0.6048948914595503
Learned,Learned Basis,0.23486328125,0.000310213970683768,-0.6045945857867167
Learned,Learned Basis,0.235107421875,0.00031020500429841755,-0.6047201155283141
Learned,Learned Basis,0.2353515625,0.00031016547657651734,-0.6052735484222352
Learned,Learned Basis,0.235595703125,0.0003100955480945815,-0.6062527991812968
Learned,Learned Basis,0.23583984375,0.00030999569540226466,-0.6076514795886083
Learned,Learned Basis,0.236083984375,0.00030986665922348657,-0.6094596133073441
Learned,Learned Basis,0.236328125,0.0003097095117949703,-0.6116626761656594
Learned,Learned Basis,0.236572265625,0.0003095255791679288,-0.6142426632652644
Learned,Learned Basis,0.23681640625,0.00030931644638795266,-0.6171779912499694
Learned,Learned Basis,0.237060546875,0.0003090839471352348,-0.6204436148917759
Learned,Learned Basis,0.2373046875,0.0003088301171055828,-0.6240116510896664
Learned,Learned Basis,0.237548828125,0.0003085572302696313,-0.62785083746948
Learned,Learned Basis,0.23779296875,0.00030826764865610364,-0.6319286141724663
Learned,Learned Basis,0.238037109375,0.0003079639570288875,-0.6362091998276332
Learned,Learned Basis,0.23828125,0.0003076488230300717,-0.6406555327542257
Learned,Learned Basis,0.238525390625,0.0003073249920000581,-0.6452293223682093
Learned,Learned Basis,0.23876953125,0.0003069953491362125,-0.6498901509594512
Learned,Learned Basis,0.239013671875,0.00030666267603814964,-0.6545989007514481
Learned,Learned Basis,0.2392578125,0.00030632988898256073,-0.6593143770667287
Learned,Learned Basis,0.239501953125,0.00030599979028861064,-0.6639968237945798
Learned,Learned Basis,0.23974609375,0.00030567518745535196,-0.6686062401564518
Learned,Learned Basis,0.239990234375,0.000305358763664536,-0.6731042265065202
Learned,Learned Basis,0.240234375,0.0003050531502990386,-0.6774529689306201
Learned,Learned Basis,0.240478515625,0.00030476080262555874,-0.6816170255418992
Learned,Learned Basis,0.24072265625,0.0003044840049745064,-0.6855632783200071
Learned,Learned Basis,0.240966796875,0.00030422492253887783,-0.6892602202855433
Learned,Learned Basis,0.2412109375,0.0003039854874167295,-0.6926796079182623
Learned,Learned Basis,0.241455078125,0.00030376743487039087,-0.695795973738335
Learned,Learned Basis,0.24169921875,0.0003035722618873641,-0.6985872469883937
Learned,Learned Basis,0.241943359375,0.00030340120128088634,-0.7010351523397546
Learned,Learned Basis,0.2421875,0.0003032552838485802,-0.7031243457610561
Learned,Learned Basis,0.242431640625,0.00030313525031436543,-0.704843696552231
Learned,Learned Basis,0.24267578125,0.00030304157204800916,-0.706186009652165
Learned,Learned Basis,0.242919921875,0.00030297446660478846,-0.7071478166657326
Learned,Learned Basis,0.2431640625,0.0003029338666461653,-0.7077298300513988
Learned,Learned Basis,0.243408203125,0.0003029194820984367,-0.7079360558556238
Learned,Learned Basis,0.24365234375,0.00030293069137509663,-0.7077753518659833
Learned,Learned Basis,0.243896484375,0.0003029667174930125,-0.7072588966375997
Learned,Learned Basis,0.244140625,0.00030302646231602343,-0.7064025554144797
Learned,Learned Basis,0.244384765625,0.00030310863087224183,-0.7052250835547826
Learned,Learned Basis,0.24462890625,0.00030321174171382817,-0.7037479611626705
Learned,Learned Basis,0.244873046875,0.0003033340958376657,-0.7019958191726762
Learned,Learned Basis,0.2451171875,0.00030347379222502333,-0.6999961954882599
Learned,Learned Basis,0.245361328125,0.0003036288417990815,-0.6977778827310699
Learned,Learned Basis,0.24560546875,0.00030379709490650677,-0.6953719466795745
Learned,Learned Basis,0.245849609375,0.00030397625685711394,-0.6928114840155325
Learned,Learned Basis,0.24609375,0.0003041640174210555,-0.6901297547211965
Learned,Learned Basis,0.246337890625,0.0003043579834902829,-0.6873611318523865
Learned,Learned Basis,0.24658203125,0.00030455569461820955,-0.6845408682263955
Learned,Learned Basis,0.246826171875,0.0003047547525168994,-0.681703242498418
Learned,Learned Basis,0.2470703125,0.00030495271227942846,-0.6788831085656644
Learned,Learned Basis,0.247314453125,0.00030514728957538686,-0.6761129447057543
Learned,Learned Basis,0.24755859375,0.00030533609647661366,-0.6734266210535178
Learned,Learned Basis,0.247802734375,0.0003055169936895504,-0.6708543932975668
Learned,Learned Basis,0.248046875,0.00030568791443906425,-0.6684254226101785
Learned,Learned Basis,0.248291015625,0.00030584690590754865,-0.6661671989836291
Learned,Learned Basis,0.24853515625,0.000305992232832674,-0.6641040853694595
Learned,Learned Basis,0.248779296875,0.00030612231534873734,-0.6622582177965777
Learned,Learned Basis,0.2490234375,0.0003062357600659875,-0.6606490803574055
Learned,Learned Basis,0.249267578125,0.0003063314170493882,-0.659292713188673
Learned,Learned Basis,0.24951171875,0.00030640831765996743,-0.6582026088878403
Learned,Learned Basis,0.249755859375,0.0003064657988721187,-0.6573879628569436
Learned,Learned Basis,0.25,0.0003065034100356251,-0.6568550055549481
Learned,Learned Basis,0.250244140625,0.00030652090251588414,-0.6566071560815152
Learned,Learned Basis,0.25048828125,0.00030651836437098427,-0.6566431179646717
Learned,Learned Basis,0.250732421875,0.00030649605459530296,-0.6569592283912912
Learned,Learned Basis,0.2509765625,0.000306454610315009,-0.6575465194506194
Learned,Learned Basis,0.251220703125,0.00030639475671435945,-0.6583948221483206
Learned,Learned Basis,0.25146484375,0.0003063175712099649,-0.6594890139016463
Learned,Learned Basis,0.251708984375,0.00030622433323405045,-0.6608111353259093
Learned,Learned Basis,0.251953125,0.0003061164827953551,-0.6623409647821352
Learned,Learned Basis,0.252197265625,0.00030599572407688324,-0.6640545344566366
Learned,Learned Basis,0.25244140625,0.0003058639166582655,-0.6659256575591939
Learned,Learned Basis,0.252685546875,0.0003057231169548595,-0.6679253250459907
Learned,Learned Basis,0.2529296875,0.00030557546944011145,-0.6700232360700249
Learned,Learned Basis,0.253173828125,0.00030542325844443104,-0.6721870506201912
Learned,Learned Basis,0.25341796875,0.000305268887435642,-0.6743826733791598
Learned,Learned Basis,0.253662109375,0.0003051148479396562,-0.6765746880297749
Learned,Learned Basis,0.25390625,0.0003049636004030603,-0.6787280495218659
Learned,Learned Basis,0.254150390625,0.00030481768815064165,-0.6808064631585731
Learned,Learned Basis,0.25439453125,0.00030467963378763763,-0.6827738630772466
Learned,Learned Basis,0.254638671875,0.00030455191330029744,-0.6845947899138682
Learned,Learned Basis,0.2548828125,0.0003044369508759949,-0.6862344766152474
Learned,Learned Basis,0.255126953125,0.00030433706710435274,-0.6876596021943265
Learned,Learned Basis,0.25537109375,0.00030425449969679295,-0.6888380138472108
Learned,Learned Basis,0.255615234375,0.0003041913257882233,-0.6897398551892489
Learned,Learned Basis,0.255859375,0.00030414943085771244,-0.6903380310296998
Learned,Learned Basis,0.256103515625,0.0003041305812469151,-0.6906071926590496
Learned,Learned Basis,0.25634765625,0.0003041362635835583,-0.6905260503949424
Learned,Learned Basis,0.256591796875,0.00030416780391885514,-0.6900756903095556
Learned,Learned Basis,0.2568359375,0.0003042262278705407,-0.6892415861408683
Learned,Learned Basis,0.257080078125,0.00030431234868096035,-0.6880123528783215
Learned,Learned Basis,0.25732421875,0.0003044266946986443,-0.6863807885608395
Learned,Learned Basis,0.257568359375,0.0003045695093783075,-0.6843438750945721
Learned,Learned Basis,0.2578125,0.0003047407564607371,-0.6819026995861639
Learned,Learned Basis,0.258056640625,0.00030494006817391694,-0.6790631817007804
Learned,Learned Basis,0.25830078125,0.00030516689544976663,-0.6758339171731204
Learned,Learned Basis,0.258544921875,0.00030542026964931426,-0.6722295497927967
Learned,Learned Basis,0.2587890625,0.00030569899421853543,-0.6682680137086332
Learned,Learned Basis,0.259033203125,0.0003060015825297032,-0.6639713872367125
Learned,Learned Basis,0.25927734375,0.00030632631486015064,-0.6593650489323077
Learned,Learned Basis,0.259521484375,0.00030667113997440767,-0.6544790364714652
Learned,Learned Basis,0.259765625,0.0003070337994415021,-0.6493462433786705
Learned,Learned Basis,0.260009765625,0.00030741182245507226,-0.6440024562740414
Learned,Learned Basis,0.26025390625,0.000307802499933929,-0.6384866842933324
Learned,Learned Basis,0.260498046875,0.00030820299847958204,-0.6328395160994532
Learned,Learned Basis,0.2607421875,0.00030861023087905114,-0.627104917643367
Learned,Learned Basis,0.260986328125,0.00030902100114171745,-0.6213281603985941
Learned,Learned Basis,0.26123046875,0.0003094320666579741,-0.6155549329381605
Learned,Learned Basis,0.261474609375,0.00030984002424170036,-0.6098329326834653
Learned,Learned Basis,0.26171875,0.00031024146552688765,-0.6042096795401566
Learned,Learned Basis,0.261962890625,0.0003106329303486521,-0.5987331762213046
Learned,Learned Basis,0.26220703125,0.00031101098444154756,-0.593450832978154
Learned,Learned Basis,0.262451171875,0.00031137225569877837,-0.588408983487737
Learned,Learned Basis,0.2626953125,0.0003117133823733241,-0.5836536356467753
Learned,Learned Basis,0.262939453125,0.0003120311322153531,-0.5792288427474868
Learned,Learned Basis,0.26318359375,0.00031232243355154766,-0.5751763129311585
Learned,Learned Basis,0.263427734375,0.0003125843390258914,-0.5715359584354482
Learned,Learned Basis,0.263671875,0.0003128140670387695,-0.5683453646682928
Learned,Learned Basis,0.263916015625,0.0003130090949849449,-0.5656385436772355
Learned,Learned Basis,0.26416015625,0.0003131671540736701,-0.5634460558079137
Learned,Learned Basis,0.264404296875,0.0003132861412705996,-0.5617962765171317
Learned,Learned Basis,0.2646484375,0.000313364331673179,-0.5607124933869696
Learned,Learned Basis,0.264892578125,0.00031340028009278157,-0.5602143095396181
Learned,Learned Basis,0.26513671875,0.0003133928055150458,-0.5603178897462251
Learned,Learned Basis,0.265380859375,0.00031334111541717627,-0.5610342615134108
Learned,Learned Basis,0.265625,0.00031324472806963096,-0.5623704070369505
Learned,Learned Basis,0.265869140625,0.00031310350879533335,-0.5643287665882455
Learned,Learned Basis,0.26611328125,0.0003129177010489985,-0.5669068032435145
Learned,Learned Basis,0.266357421875,0.000312687838359044,-0.5700982104816735
Learned,Learned Basis,0.2666015625,0.00031241491526387967,-0.5738905150606677
Learned,Learned Basis,0.266845703125,0.0003121001231376422,-0.5782687121109695
Learned,Learned Basis,0.26708984375,0.00031174513508401054,-0.5832112637274772
Learned,Learned Basis,0.267333984375,0.00031135186248149087,-0.5886934324589852
Learned,Learned Basis,0.267578125,0.0003109225741208304,-0.5946855666297082
Learned,Learned Basis,0.267822265625,0.0003104598133268167,-0.6011541920846918
Learned,Learned Basis,0.26806640625,0.00030996643421749015,-0.6080614391807775
Learned,Learned Basis,0.268310546875,0.000309445513646056,-0.6153662057032774
Learned,Learned Basis,0.2685546875,0.00030890035638077165,-0.6230240187461719
Learned,Learned Basis,0.268798828125,0.0003083345417239347,-0.63098631163758
Learned,Learned Basis,0.26904296875,0.0003077517577554813,-0.6392026909775266
Learned,Learned Basis,0.269287109375,0.0003071558634916368,-0.6476200096984409
Learned,Learned Basis,0.26953125,0.00030655084744581534,-0.656182901731474
Learned,Learned Basis,0.269775390625,0.00030594078100963185,-0.6648344020014525
Learned,Learned Basis,0.27001953125,0.0003053297873735768,-0.6735163594426188
Learned,Learned Basis,0.270263671875,0.0003047220000879157,-0.6821700100700916
Learned,Learned Basis,0.2705078125,0.00030412157860235176,-0.6907357511456362
Learned,Learned Basis,0.270751953125,0.0003035325787688374,-0.6991549960251754
Learned,Learned Basis,0.27099609375,0.0003029589942806742,-0.7073696081798263
Learned,Learned Basis,0.271240234375,0.0003024047359529631,-0.7153222286793249
Learned,Learned Basis,0.271484375,0.00030187353848462817,-0.7229576575365658
Learned,Learned Basis,0.271728515625,0.0003013689397388666,-0.7302232102747065
Learned,Learned Basis,0.27197265625,0.000300894311822474,-0.7370683341365682
Learned,Learned Basis,0.272216796875,0.0003004527730277559,-0.7434459453825055
Learned,Learned Basis,0.2724609375,0.0003000471826526404,-0.749312579907454
Learned,Learned Basis,0.272705078125,0.00029968009956157755,-0.7546290691013081
Learned,Learned Basis,0.27294921875,0.0002993537873654271,-0.7593605410021721
Learned,Learned Basis,0.273193359375,0.0002990701988817957,-0.763476717011906
Learned,Learned Basis,0.2734375,0.00029883091915627386,-0.7669528058445968
Learned,Learned Basis,0.273681640625,0.0002986371913618738,-0.7697691876252021
Learned,Learned Basis,0.27392578125,0.00029848988571970405,-0.7719119150713578
Learned,Learned Basis,0.274169921875,0.0002983895150386321,-0.7733725261525883
Learned,Learned Basis,0.2744140625,0.00029833618291640903,-0.7741488240908441
Learned,Learned Basis,0.274658203125,0.000298329656258095,-0.7742438351172869
Learned,Learned Basis,0.27490234375,0.0002983693341967342,-0.7736662604907052
Learned,Learned Basis,0.275146484375,0.0002984541652151537,-0.7724316695780402
Learned,Learned Basis,0.275390625,0.0002985828388018032,-0.7705596841185857
Learned,Learned Basis,0.275634765625,0.00029875359897480304,-0.7680766545160765
Learned,Learned Basis,0.27587890625,0.0002989644359377834,-0.7650128241461391
Learned,Learned Basis,0.276123046875,0.00029921301874134647,-0.7614032549370813
Learned,Learned Basis,0.2763671875,0.000299496617584753,-0.7572888924981143
Learned,Learned Basis,0.276611328125,0.00029981235763041226,-0.752712816453759
Learned,Learned Basis,0.27685546875,0.0003001570636072556,-0.747722431450954
Learned,Learned Basis,0.277099609375,0.00030052730124983685,-0.742368798330645
Learned,Learned Basis,0.27734375,0.00030091950161563355,-0.7367047735824042
Learned,Learned Basis,0.277587890625,0.00030132988338673353,-0.7307860770860409
Learned,Learned Basis,0.27783203125,0.00030175456164747375,-0.7246696714241987
Learned,Learned Basis,0.278076171875,0.00030218956860399024,-0.7184134253904255
Learned,Learned Basis,0.2783203125,0.0003026308484043308,-0.7120761586289299
Learned,Learned Basis,0.278564453125,0.0003030742985775551,-0.7057170250273999
Learned,Learned Basis,0.27880859375,0.0003035158580918234,-0.6993942420991871
Learned,Learned Basis,0.279052734375,0.00030395146073540827,-0.6931657635959398
Learned,Learned Basis,0.279296875,0.0003043771697937711,-0.6870873672869316
Learned,Learned Basis,0.279541015625,0.0003047890848115861,-0.6812140134967882
Learned,Learned Basis,0.27978515625,0.000305183496989367,-0.6755976608478809
Learned,Learned Basis,0.280029296875,0.0003055568632840289,-0.6702876812805261
Learned,Learned Basis,0.2802734375,0.0003059057597899009,-0.6653315698852619
Learned,Learned Basis,0.280517578125,0.00030622706821467724,-0.6607723473668471
Learned,Learned Basis,0.28076171875,0.00030651790336099226,-0.6566496498488738
Learned,Learned Basis,0.281005859375,0.0003067756493856327,-0.6529992712553672
Learned,Learned Basis,0.28125,0.0003069979597995381,-0.6498532190691543
Learned,Learned Basis,0.281494140625,0.000307182798906901,-0.6472391805909633
Learned,Learned Basis,0.28173828125,0.00030732850396381756,-0.6451796935450944
Learned,Learned Basis,0.281982421875,0.00030743370747997437,-0.6436932877075457
Learned,Learned Basis,0.2822265625,0.0003074973993772991,-0.6427936409230349
Learned,Learned Basis,0.282470703125,0.00030751891145029757,-0.6424898254164582
Learned,Learned Basis,0.28271484375,0.00030749796398504213,-0.6427856666831675
Learned,Learned Basis,0.282958984375,0.00030743462949995844,-0.6436802628641048
Learned,Learned Basis,0.283203125,0.0003073293120262755,-0.6451682746041038
Learned,Learned Basis,0.283447265625,0.0003071827678275757,-0.6472396199899209
Learned,Learned Basis,0.28369140625,0.0003069961312992327,-0.6498790860149224
Learned,Learned Basis,0.283935546875,0.0003067708476298731,-0.6530672490220089
Learned,Learned Basis,0.2841796875,0.00030650862618238875,-0.6567810969325241
Learned,Learned Basis,0.284423828125,0.0003062115648112377,-0.6609922238476205
Learned,Learned Basis,0.28466796875,0.00030588196856638,-0.6656693470788587
Learned,Learned Basis,0.284912109375,0.0003055224429312538,-0.6707769326473836
Learned,Learned Basis,0.28515625,0.00030513580576468674,-0.6762763887092653
Learned,Learned Basis,0.285400390625,0.0003047251028405586,-0.6821257893872772
Learned,Learned Basis,0.28564453125,0.00030429349907016293,-0.6882813704038089
Learned,Learned Basis,0.285888671875,0.00030384443389883353,-0.6946952627396736
Learned,Learned Basis,0.2861328125,0.0003033813312322415,-0.701319585461089
Learned,Learned Basis,0.286376953125,0.0003029077910922345,-0.7081036725908492
Learned,Learned Basis,0.28662109375,0.0003024274445799858,-0.7149961140402693
Learned,Learned Basis,0.286865234375,0.0003019440004949817,-0.7219440645074204
Learned,Learned Basis,0.287109375,0.0003014611002981705,-0.7288953128572462
Learned,Learned Basis,0.287353515625,0.00030098238027061273,-0.7357973880497086
Learned,Learned Basis,0.28759765625,0.00030051143525426877,-0.7425980851938113
Learned,Learned Basis,0.287841796875,0.0003000517513134602,-0.7492464526717119
Learned,Learned Basis,0.2880859375,0.0002996067109147578,-0.7556927429199312
Learned,Learned Basis,0.288330078125,0.0002991794945091177,-0.7618898716229471
Learned,Learned Basis,0.28857421875,0.0002987731944894077,-0.7677918062395139
Learned,Learned Basis,0.288818359375,0.0002983906546138933,-0.7733559401038953
Learned,Learned Basis,0.2890625,0.00029803451144533777,-0.7785425432204783
Learned,Learned Basis,0.289306640625,0.0002977071529119021,-0.7833154180247863
Learned,Learned Basis,0.28955078125,0.00029741077010602015,-0.7876411969263729
Learned,Learned Basis,0.289794921875,0.00029714719670788505,-0.7914917375388736
Learned,Learned Basis,0.2900390625,0.0002969180643820752,-0.7948419051442617
Learned,Learned Basis,0.290283203125,0.0002967246681004784,-0.7976715848924908
Learned,Learned Basis,0.29052734375,0.00029656803348082964,-0.7999647380827344
Learned,Learned Basis,0.290771484375,0.00029644886498783585,-0.8017101932208326
Learned,Learned Basis,0.291015625,0.00029636758219238866,-0.8029011409391533
Learned,Learned Basis,0.291259765625,0.00029632431459167676,-0.8035352268907147
Learned,Learned Basis,0.29150390625,0.00029631884981031067,-0.8036153197538312
Learned,Learned Basis,0.291748046875,0.0002963507216584108,-0.8031482207685746
Learned,Learned Basis,0.2919921875,0.0002964191790522822,-0.8021451108434461
Learned,Learned Basis,0.292236328125,0.0002965232170937401,-0.8006210792319257
Learned,Learned Basis,0.29248046875,0.0002966615252712341,-0.7985958592595856
Learned,Learned Basis,0.292724609375,0.00029683263249669984,-0.796091675354156
Learned,Learned Basis,0.29296875,0.00029703475688881974,-0.7931354089177691
Learned,Learned Basis,0.293212890625,0.0002972659922489752,-0.7897558322926396
Learned,Learned Basis,0.29345703125,0.0002975241941037201,-0.7859852372038262
Learned,Learned Basis,0.293701171875,0.00029780712992152013,-0.7818572006401202
Learned,Learned Basis,0.2939453125,0.0002981123703351139,-0.7774081353279758
Learned,Learned Basis,0.294189453125,0.00029843739791915176,-0.7726756651236888
Learned,Learned Basis,0.29443359375,0.0002987795864706454,-0.7676988938719871
Learned,Learned Basis,0.294677734375,0.0002991363305061568,-0.7625164934688524
Learned,Learned Basis,0.294921875,0.00029950491058472185,-0.7571686389109112
Learned,Learned Basis,0.295166015625,0.00029988263834470155,-0.7516948814453084
Learned,Learned Basis,0.29541015625,0.00030026679952501937,-0.7461349627639693
Learned,Learned Basis,0.295654296875,0.00030065480936178747,-0.7405265588737169
Learned,Learned Basis,0.2958984375,0.00030104404683190504,-0.7349076780245268
Learned,Learned Basis,0.296142578125,0.0003014320411290105,-0.7293139687004617
Learned,Learned Basis,0.29638671875,0.000301816378425505,-0.7237800763857555
Learned,Learned Basis,0.296630859375,0.0003021948624490672,-0.7183373450817045
Learned,Learned Basis,0.296875,0.00030256532800670066,-0.7130165197337475
Learned,Learned Basis,0.297119140625,0.0003029258378204615,-0.7078449350723732
Learned,Learned Basis,0.29736328125,0.0003032746255486949,-0.7028473604548695
Learned,Learned Basis,0.297607421875,0.0003036101165055854,-0.6980457275894656
Learned,Learned Basis,0.2978515625,0.00030393088622205646,-0.6934597480376554
Learned,Learned Basis,0.298095703125,0.0003042357640435217,-0.6891054557873046
Learned,Learned Basis,0.29833984375,0.000304523781331009,-0.6849959735152966
Learned,Learned Basis,0.298583984375,0.0003047941093025104,-0.6811424200308294
Learned,Learned Basis,0.298828125,0.0003050462506888209,-0.6775511976009025
Learned,Learned Basis,0.299072265625,0.0003052798014587115,-0.6742274064829668
Learned,Learned Basis,0.29931640625,0.0003054946476546562,-0.6711720553188643
Learned,Learned Basis,0.299560546875,0.0003056908358956429,-0.6683839173249346
Learned,Learned Basis,0.2998046875,0.0003058685785570612,-0.6658594640207418
Learned,Learned Basis,0.300048828125,0.0003060283055695778,-0.6635921355370726
Learned,Learned Basis,0.30029296875,0.0003061705970805984,-0.661573300844518
Learned,Learned Basis,0.300537109375,0.0003062961989939303,-0.6597920379584044
Learned,Learned Basis,0.30078125,0.0003064059867105696,-0.6582356472309036
Learned,Learned Basis,0.301025390625,0.00030650092886948824,-0.6568901621335737
Learned,Learned Basis,0.30126953125,0.00030658210806718445,-0.6557400511147793
Learned,Learned Basis,0.301513671875,0.00030665073639734507,-0.6547679927690968
Learned,Learned Basis,0.3017578125,0.0003067080311335445,-0.6539566311594448
Learned,Learned Basis,0.302001953125,0.00030675524062868253,-0.6532882024460698
Learned,Learned Basis,0.30224609375,0.00030679371165352233,-0.6527435758515385
Learned,Learned Basis,0.302490234375,0.0003068246925609637,-0.6523050349907965
Learned,Learned Basis,0.302734375,0.0003068495094022196,-0.6519537796443236
Learned,Learned Basis,0.302978515625,0.0003068694001704147,-0.6516722680032054
Learned,Learned Basis,0.30322265625,0.00030688550444081015,-0.6514443595753658
Learned,Learned Basis,0.303466796875,0.0003068989669685547,-0.6512538463973627
Learned,Learned Basis,0.3037109375,0.00030691080301160825,-0.6510863571054758
Learned,Learned Basis,0.303955078125,0.0003069219086905172,-0.6509292089126041
Learned,Learned Basis,0.30419921875,0.00030693305580852654,-0.6507714800638993
Learned,Learned Basis,0.304443359375,0.0003069449177510179,-0.6506036429239082
Learned,Learned Basis,0.3046875,0.0003069579710676459,-0.6504189562744007
Learned,Learned Basis,0.304931640625,0.00030697255763098894,-0.6502125855638767
Learned,Learned Basis,0.30517578125,0.0003069888949963242,-0.6499814561473554
Learned,Learned Basis,0.305419921875,0.00030700697798376403,-0.6497256452532002
Learned,Learned Basis,0.3056640625,0.00030702666673634464,-0.6494471355435851
Learned,Learned Basis,0.305908203125,0.00030704764010103784,-0.6491504738381428
Learned,Learned Basis,0.30615234375,0.00030706940598852636,-0.6488426235710271
Learned,Learned Basis,0.306396484375,0.0003070913117329787,-0.6485328172396498
Learned,Learned Basis,0.306640625,0.00030711260625070004,-0.64823167648577
Learned,Learned Basis,0.306884765625,0.000307132279463618,-0.6479534822992751
Learned,Learned Basis,0.30712890625,0.00030714928503444727,-0.647713024958489
Learned,Learned Basis,0.307373046875,0.00030716240568961345,-0.6475275090966051
Learned,Learned Basis,0.3076171875,0.00030717035681700395,-0.6474150901939668
Learned,Learned Basis,0.307861328125,0.0003071716984078796,-0.6473961220797275
Learned,Learned Basis,0.30810546875,0.00030716499045350135,-0.6474909634793792
Learned,Learned Basis,0.308349609375,0.0003071486634479412,-0.6477218139049692
Learned,Learned Basis,0.30859375,0.00030712119450425926,-0.6481102298598885
Learned,Learned Basis,0.308837890625,0.000307080998576865,-0.6486786703403647
Learned,Learned Basis,0.30908203125,0.00030702650097994303,-0.6494494801969259
Learned,Learned Basis,0.309326171875,0.00030695617882655333,-0.6504443135793881
Learned,Learned Basis,0.3095703125,0.0003068685558487439,-0.6516842172150463
Learned,Learned Basis,0.309814453125,0.00030676223865676365,-0.653189127681859
Learned,Learned Basis,0.31005859375,0.00030663592191894974,-0.6549778080694423
Learned,Learned Basis,0.310302734375,0.00030648842980082817,-0.6570672704788317
Learned,Learned Basis,0.310546875,0.0003063187470444389,-0.6594723430511439
Learned,Learned Basis,0.310791015625,0.00030612600860856106,-0.6622058219859583
Learned,Learned Basis,0.31103515625,0.00030590951002848764,-0.6652783280652419
Learned,Learned Basis,0.311279296875,0.0003056687592149014,-0.6686975717013653
Learned,Learned Basis,0.3115234375,0.00030540349199353715,-0.6724681273918576
Learned,Learned Basis,0.311767578125,0.00030511370318450745,-0.6765909822802919
Learned,Learned Basis,0.31201171875,0.00030479951192522586,-0.681065439919769
Learned,Learned Basis,0.312255859375,0.0003044613895854596,-0.685885860238234
Learned,Learned Basis,0.3125,0.0003041000458098031,-0.6910432565881406
Learned,Learned Basis,0.312744140625,0.0003037164492372283,-0.6965249734622819
Learned,Learned Basis,0.31298828125,0.0003033117757022093,-0.7023153964457836
Learned,Learned Basis,0.313232421875,0.00030288750665258556,-0.7083945107747749
Learned,Learned Basis,0.3134765625,0.000302445408430012,-0.7147381556642706
Learned,Learned Basis,0.313720703125,0.0003019874027727699,-0.7213198422968876
Learned,Learned Basis,0.31396484375,0.0003015157429319439,-0.7281081849714621
Learned,Learned Basis,0.314208984375,0.0003010328582747953,-0.7350690902485317
Learned,Learned Basis,0.314453125,0.0003005413957238626,-0.7421651227000003
Learned,Learned Basis,0.314697265625,0.0003000442042172987,-0.7493556906089884
Learned,Learned Basis,0.31494140625,0.0002995443191692084,-0.7565972357621635
Learned,Learned Basis,0.315185546875,0.0002990449158506602,-0.763843879808632
Learned,Learned Basis,0.3154296875,0.0002985492886701367,-0.7710477046552435
Learned,Learned Basis,0.315673828125,0.00029806082527409586,-0.7781591162774764
Learned,Learned Basis,0.31591796875,0.00029758302726652213,-0.7851265375569878
Learned,Learned Basis,0.316162109375,0.00029711944287038786,-0.7918973917581309
Learned,Learned Basis,0.31640625,0.0002966736099488901,-0.7984189505106922
Learned,Learned Basis,0.316650390625,0.00029624901456635073,-0.8046389682861892
Learned,Learned Basis,0.31689453125,0.00029584919458596685,-0.8105041992544024
Learned,Learned Basis,0.317138671875,0.0002954775117547589,-0.815963780975947
Learned,Learned Basis,0.3173828125,0.0002951372967404221,-0.820967161101343
Learned,Learned Basis,0.317626953125,0.00029483170409447485,-0.8254662860223756
Learned,Learned Basis,0.31787109375,0.0002945636811729336,-0.8294161263768149
Learned,Learned Basis,0.318115234375,0.00029433605101451355,-0.8327735239518774
Learned,Learned Basis,0.318359375,0.00029415132586467675,-0.835500009481719
Learned,Learned Basis,0.318603515625,0.00029401183149293364,-0.8375600377674979
Learned,Learned Basis,0.31884765625,0.00029391953107666584,-0.8389236514252761
Learned,Learned Basis,0.319091796875,0.00029387620131730337,-0.8395639376468435
Learned,Learned Basis,0.3193359375,0.00029388315272639657,-0.8394612099372802
Learned,Learned Basis,0.319580078125,0.0002939414368211182,-0.8385999849646137
Learned,Learned Basis,0.31982421875,0.0002940517114471873,-0.8369709978820845
Learned,Learned Basis,0.320068359375,0.0002942142873978568,-0.8345705246199164
Learned,Learned Basis,0.3203125,0.0002944290507156007,-0.8314015249248281
Learned,Learned Basis,0.320556640625,0.0002946955611099771,-0.8274721694295762
Learned,Learned Basis,0.32080078125,0.00029501290692077707,-0.8227979429172821
Learned,Learned Basis,0.321044921875,0.00029537986051465115,-0.8173993015298514
Learned,Learned Basis,0.3212890625,0.0002957947436080328,-0.811303590840834
Learned,Learned Basis,0.321533203125,0.0002962555671241025,-0.8045429103058124
Learned,Learned Basis,0.32177734375,0.0002967598913358239,-0.797156078414014
Learned,Learned Basis,0.322021484375,0.0002973050123418954,-0.7891858007595822
Learned,Learned Basis,0.322265625,0.0002978878066701239,-0.7806808445961623
Learned,Learned Basis,0.322509765625,0.00029850491257348894,-0.7716932840313828
Learned,Learned Basis,0.32275390625,0.0002991526419720543,-0.7622796855061907
Learned,Learned Basis,0.322998046875,0.00029982704779150634,-0.7525000267056199
Learned,Learned Basis,0.3232421875,0.0003005239809419168,-0.7424167806393309
Learned,Learned Basis,0.323486328125,0.00030123903851886753,-0.7320955845527582
Learned,Learned Basis,0.32373046875,0.0003019677036604142,-0.7216031486455345
Learned,Learned Basis,0.323974609375,0.00030270531446776114,-0.7110076547930927
Learned,Learned Basis,0.32421875,0.0003034471572432371,-0.7003773794178283
Learned,Learned Basis,0.324462890625,0.0003041883836120945,-0.6897818608918654
Learned,Learned Basis,0.32470703125,0.000304924269516887,-0.6792881914003837
Learned,Learned Basis,0.324951171875,0.00030564999248230485,-0.6689642178132326
Learned,Learned Basis,0.3251953125,0.00030636091650899,-0.6588745113659187
Learned,Learned Basis,0.325439453125,0.0003070524263171348,-0.6490827771432939
Learned,Learned Basis,0.32568359375,0.00030772015008164626,-0.6396487564492286
Learned,Learned Basis,0.325927734375,0.00030835986619417056,-0.6306296267853899
Learned,Learned Basis,0.326171875,0.0003089676120407313,-0.6220785493706604
Learned,Learned Basis,0.326416015625,0.00030953968400172966,-0.6140447632423309
Learned,Learned Basis,0.32666015625,0.0003100726892508198,-0.6065729532657878
Learned,Learned Basis,0.326904296875,0.00031056359237389703,-0.5997026954908445
Learned,Learned Basis,0.3271484375,0.0003110096739299972,-0.5934691329470421
Learned,Learned Basis,0.327392578125,0.0003114086910278107,-0.5879008220725139
Learned,Learned Basis,0.32763671875,0.000311758794447482,-0.5830209782809244
Learned,Learned Basis,0.327880859375,0.00031205853382049685,-0.5788474755637464
Learned,Learned Basis,0.328125,0.00031230696640732096,-0.5753913939180691
Learned,Learned Basis,0.328369140625,0.0003125035897588619,-0.5726580073398917
Learned,Learned Basis,0.32861328125,0.0003126483831555695,-0.5706462413356216
Learned,Learned Basis,0.328857421875,0.00031274182832698606,-0.5693484045014788
Learned,Learned Basis,0.3291015625,0.00031278484729309547,-0.5687510550883802
Learned,Learned Basis,0.329345703125,0.00031277883862353655,-0.5688344848683325
Learned,Learned Basis,0.32958984375,0.00031272572923647814,-0.5695719731290837
Learned,Learned Basis,0.329833984375,0.00031262783972154306,-0.5709316160136864
Learned,Learned Basis,0.330078125,0.0003124879413185709,-0.5728754832873976
Learned,Learned Basis,0.330322265625,0.0003123091937589678,-0.575360420446963
Learned,Learned Basis,0.33056640625,0.0003120951867048063,-0.5783374042497009
Learned,Learned Basis,0.330810546875,0.00031184983097118737,-0.58175298234353
Learned,Learned Basis,0.3310546875,0.00031157737406590266,-0.5855489840931762
Learned,Learned Basis,0.331298828125,0.00031128235875033415,-0.5896630253920144
Learned,Learned Basis,0.33154296875,0.0003109695505210287,-0.5940294531136753
Learned,Learned Basis,0.331787109375,0.0003106439272499225,-0.5985794317680277
Learned,Learned Basis,0.33203125,0.00031031063256535356,-0.6032415460554074
Learned,Learned Basis,0.332275390625,0.0003099749188732984,-0.6079425621553868
Learned,Learned Basis,0.33251953125,0.0003096421214579343,-0.6126077693906541
Learned,Learned Basis,0.332763671875,0.0003093175445241134,-0.6171625729418263
Learned,Learned Basis,0.3330078125,0.00030900650263646274,-0.6215319254669972
Learned,Learned Basis,0.333251953125,0.00030871421194174597,-0.6256418813841342
Learned,Learned Basis,0.33349609375,0.00030844572283032513,-0.629420588987386
Learned,Learned Basis,0.333740234375,0.00030820594583559846,-0.6327979845653654
Learned,Learned Basis,0.333984375,0.000307999537676474,-0.6357074662327247
Learned,Learned Basis,0.334228515625,0.00030783089089759494,-0.6380861199624042
Learned,Learned Basis,0.33447265625,0.0003077040302715882,-0.6398762660201109
Learned,Learned Basis,0.334716796875,0.0003076226749577153,-0.6410246694225353
Learned,Learned Basis,0.3349609375,0.0003075901038247958,-0.6414845253877337
Learned,Learned Basis,0.335205078125,0.000307609139911545,-0.6412157582356603
Learned,Learned Basis,0.33544921875,0.0003076821607863487,-0.6401849436246327
Learned,Learned Basis,0.335693359375,0.0003078110778277131,-0.6383656560356199
Learned,Learned Basis,0.3359375,0.00030799717564775086,-0.6357407721260315
Learned,Learned Basis,0.336181640625,0.00030824127784858247,-0.6323001480044804
Learned,Learned Basis,0.33642578125,0.0003085436278849229,-0.628042295333862
Learned,Learned Basis,0.336669921875,0.0003089038787043062,-0.6229744973739416
Learned,Learned Basis,0.3369140625,0.0003093211393660737,-0.6171121001839032
Learned,Learned Basis,0.337158203125,0.00030979392842238573,-0.6104790935311079
Learned,Learned Basis,0.33740234375,0.00031032016873833455,-0.603108084831899
Learned,Learned Basis,0.337646484375,0.0003108972859098074,-0.5950388049617876
Learned,Learned Basis,0.337890625,0.00031152210466573555,-0.5863194291470699
Learned,Learned Basis,0.338134765625,0.0003121909680055082,-0.5770047688748211
Learned,Learned Basis,0.33837890625,0.00031289970611964697,-0.567156559751794
Learned,Learned Basis,0.338623046875,0.00031364370372834405,-0.5568423755213334
Learned,Learned Basis,0.3388671875,0.00031441788454179966,-0.5461356986015097
Learned,Learned Basis,0.339111328125,0.0003152168200378606,-0.5351142774177656
Learned,Learned Basis,0.33935546875,0.0003160346932028072,-0.52386050633803
Learned,Learned Basis,0.339599609375,0.0003168655005469682,-0.5124585426190484
Learned,Learned Basis,0.33984375,0.00031770281900978057,-0.5009974284147993
Learned,Learned Basis,0.340087890625,0.0003185401789116933,-0.48956591574042185
Learned,Learned Basis,0.34033203125,0.00031937093445697884,-0.47825422213498636
Learned,Learned Basis,0.340576171875,0.0003201883414320459,-0.46715296708585163
Learned,Learned Basis,0.3408203125,0.000320985614184203,-0.45635242435459256
Learned,Learned Basis,0.341064453125,0.0003217560965579473,-0.44594026662441383
Learned,Learned Basis,0.34130859375,0.000322493122038001,-0.436003545572743
Learned,Learned Basis,0.341552734375,0.0003231903038230139,-0.42662488390491915
Learned,Learned Basis,0.341796875,0.0003238414105082624,-0.41788428805099254
Learned,Learned Basis,0.342041015625,0.00032444048522306307,-0.40985768978693693
Learned,Learned Basis,0.34228515625,0.00032498192850897355,-0.40261599683497956
Learned,Learned Basis,0.342529296875,0.0003254605293991176,-0.3962248469151647
Learned,Learned Basis,0.3427734375,0.0003258715120371735,-0.3907441549117394
Learned,Learned Basis,0.343017578125,0.00032621062891534955,-0.3862270368083609
Learned,Learned Basis,0.34326171875,0.00032647410389562116,-0.38272072723760703
Learned,Learned Basis,0.343505859375,0.00032665878242647,-0.38026472262688155
Learned,Learned Basis,0.34375,0.0003267621315428836,-0.37889090827895633
Learned,Learned Basis,0.343994140625,0.00032678220878703054,-0.37862407293789313
Learned,Learned Basis,0.34423828125,0.0003267177865255612,-0.37948033102386675
Learned,Learned Basis,0.344482421875,0.0003265682846110699,-0.3814680622950384
Learned,Learned Basis,0.3447265625,0.00032633384808040803,-0.38458689101072757
Learned,Learned Basis,0.344970703125,0.0003260153160753589,-0.38882807688779136
Learned,Learned Basis,0.34521484375,0.0003256142477420753,-0.39417411382894624
Learned,Learned Basis,0.345458984375,0.00032513288079197907,-0.40059919168671243
Learned,Learned Basis,0.345703125,0.00032457414186153646,-0.40806893683879264
Learned,Learned Basis,0.345947265625,0.00032394166205192067,-0.41654005124071025
Learned,Learned Basis,0.34619140625,0.0003232397251301361,-0.4259608243763665
Learned,Learned Basis,0.346435546875,0.00032247318465081795,-0.4362720463347246
Learned,Learned Basis,0.3466796875,0.00032164749503555713,-0.44740637725744486
Learned,Learned Basis,0.346923828125,0.00032076870639301307,-0.45928818520145465
Learned,Learned Basis,0.34716796875,0.0003198432625032989,-0.47183604486438857
Learned,Learned Basis,0.347412109375,0.0003188781769341584,-0.4849601277689089
Learned,Learned Basis,0.34765625,0.0003178807222477129,-0.49856620131248564
Learned,Learned Basis,0.347900390625,0.0003168586164764132,-0.5125528964166982
Learned,Learned Basis,0.34814453125,0.0003158197796683244,-0.526814850090237
Learned,Learned Basis,0.348388671875,0.00031477232352735096,-0.5412427136216166
Learned,Learned Basis,0.3486328125,0.0003137244892545864,-0.5557239028652108
Learned,Learned Basis,0.348876953125,0.0003126846268287625,-0.5701428158954828
Learned,Learned Basis,0.34912109375,0.00031166102406996057,-0.5843831786646161
Learned,Learned Basis,0.349365234375,0.00031066191181949887,-0.598328006500874
Learned,Learned Basis,0.349609375,0.00030969531372319355,-0.6118617751708132
Learned,Learned Basis,0.349853515625,0.0003087690876704592,-0.6248699665405013
Learned,Learned Basis,0.35009765625,0.0003078907548580196,-0.6372416283666174
Learned,Learned Basis,0.350341796875,0.0003070674531709197,-0.6488702427538879
Learned,Learned Basis,0.3505859375,0.0003063059164629756,-0.6596542570700161
Learned,Learned Basis,0.350830078125,0.00030561233987969804,-0.6694992521739767
Learned,Learned Basis,0.35107421875,0.00030499240057784273,-0.6783179295468176
Learned,Learned Basis,0.351318359375,0.0003044511023287837,-0.6860326037807962
Learned,Learned Basis,0.3515625,0.00030399287393637693,-0.6925740803229586
Learned,Learned Basis,0.351806640625,0.0003036213257822453,-0.6978853891530452
Learned,Learned Basis,0.35205078125,0.0003033393948626302,-0.7019199517633735
Learned,Learned Basis,0.352294921875,0.00030314922047108996,-0.7046435541349263
Learned,Learned Basis,0.3525390625,0.00030305213383872526,-0.7060346493135595
Learned,Learned Basis,0.352783203125,0.0003030486322347409,-0.706084829988898
Learned,Learned Basis,0.35302734375,0.0003031383789664461,-0.7047988733480264
Learned,Learned Basis,0.353271484375,0.0003033201878395918,-0.7021949496158757
Learned,Learned Basis,0.353515625,0.00030359203351814555,-0.6983044006413792
Learned,Learned Basis,0.353759765625,0.00030395110332316725,-0.6931708704065775
Learned,Learned Basis,0.35400390625,0.00030439368327528306,-0.6868517543674479
Learned,Learned Basis,0.354248046875,0.00030491535493041205,-0.6794151610350087
Learned,Learned Basis,0.3544921875,0.0003055108969619031,-0.6709410595599581
Learned,Learned Basis,0.354736328125,0.0003061744405571611,-0.6615187825399693
Learned,Learned Basis,0.35498046875,0.00030689938135955875,-0.6512479823305429
Learned,Learned Basis,0.355224609375,0.0003076785141455129,-0.6402364163968455
Learned,Learned Basis,0.35546875,0.0003085041208825729,-0.628598416741804
Learned,Learned Basis,0.355712890625,0.00030936794482998276,-0.6164549896818219
Learned,Learned Basis,0.35595703125,0.00031026133039564497,-0.6039316081778782
Learned,Learned Basis,0.356201171875,0.0003111753060143217,-0.5911568591292475
Learned,Learned Basis,0.3564453125,0.0003121006204068471,-0.5782617925014071
Learned,Learned Basis,0.356689453125,0.0003130278047387784,-0.5653789569706477
Learned,Learned Basis,0.35693359375,0.0003139472710382589,-0.552640988848646
Learned,Learned Basis,0.357177734375,0.000314849560830621,-0.5401771936449807
Learned,Learned Basis,0.357421875,0.0003157251068635583,-0.5281169230823874
Learned,Learned Basis,0.357666015625,0.0003165646526780175,-0.5165839091977258
Learned,Learned Basis,0.35791015625,0.0003173591282908972,-0.5056981665994558
Learned,Learned Basis,0.358154296875,0.00031809977451234886,-0.49557449971073986
Learned,Learned Basis,0.3583984375,0.0003187782931625162,-0.48632070272564354
Learned,Learned Basis,0.358642578125,0.0003193869299497357,-0.4780367139169842
Learned,Learned Basis,0.35888671875,0.00031991844339121126,-0.47081533216419424
Learned,Learned Basis,0.359130859375,0.00032036626538952843,-0.46474032672397103
Learned,Learned Basis,0.359375,0.0003207245737510802,-0.45988574603293153
Learned,Learned Basis,0.359619140625,0.0003209883336251671,-0.4563156303940707
Learned,Learned Basis,0.35986328125,0.0003211533182235478,-0.4540839763019835
Learned,Learned Basis,0.360107421875,0.00032121627457684025,-0.4532327032271166
Learned,Learned Basis,0.3603515625,0.00032117483547643383,-0.4537930090092127
Learned,Learned Basis,0.360595703125,0.00032102760753257735,-0.45578429027620493
Learned,Learned Basis,0.36083984375,0.0003207742333330298,-0.459213355617884
Learned,Learned Basis,0.361083984375,0.0003204153551838474,-0.46407490730032636
Learned,Learned Basis,0.361328125,0.0003199526461887092,-0.4703510484522079
Learned,Learned Basis,0.361572265625,0.0003193887998891415,-0.4780112870158828
Learned,Learned Basis,0.36181640625,0.0003187275613438437,-0.4870119135999329
Learned,Learned Basis,0.362060546875,0.0003179736753298121,-0.49729644486909397
Learned,Learned Basis,0.3623046875,0.0003171328345434652,-0.5087960192350336
Learned,Learned Basis,0.362548828125,0.0003162117055000808,-0.5214286865253333
Learned,Learned Basis,0.36279296875,0.00031521777831705747,-0.5351010746091502
Learned,Learned Basis,0.363037109375,0.0003141594962111029,-0.5497061940080121
Learned,Learned Basis,0.36328125,0.00031304595506475636,-0.5651271468190242
Learned,Learned Basis,0.363525390625,0.00031188702774368973,-0.5812349961820319
Learned,Learned Basis,0.36376953125,0.0003106931931604182,-0.5978907263159883
Learned,Learned Basis,0.364013671875,0.0003094754896553125,-0.6149455247003603
Learned,Learned Basis,0.3642578125,0.0003082453440603098,-0.6322428577648316
Learned,Learned Basis,0.364501953125,0.00030701457687880106,-0.649618152017591
Learned,Learned Basis,0.36474609375,0.0003057952158096792,-0.666901246673614
Learned,Learned Basis,0.364990234375,0.00030459950610711424,-0.6839161641153442
Learned,Learned Basis,0.365234375,0.000303439604967188,-0.7004854691643285
Learned,Learned Basis,0.365478515625,0.0003023276592262071,-0.7164292967828829
Learned,Learned Basis,0.36572265625,0.00030127560334508867,-0.7315684636771571
Learned,Learned Basis,0.365966796875,0.0003002950247322837,-0.7457267432841624
Learned,Learned Basis,0.3662109375,0.0002993971171247896,-0.7587319699124233
Learned,Learned Basis,0.366455078125,0.0002985924941121979,-0.7704192480424542
Learned,Learned Basis,0.36669921875,0.0002978911632372568,-0.7806319090459799
Learned,Learned Basis,0.366943359375,0.0002973023032607063,-0.7892253744069487
Learned,Learned Basis,0.3671875,0.0002968342693411659,-0.7960677268228454
Learned,Learned Basis,0.367431640625,0.00029649443763850786,-0.8010426099742101
Learned,Learned Basis,0.36767578125,0.0002962891172557691,-0.8040511115453274
Learned,Learned Basis,0.367919921875,0.00029622348808050036,-0.8050131970277603
Learned,Learned Basis,0.3681640625,0.00029630148682724037,-0.8038698047005257
Learned,Learned Basis,0.368408203125,0.0002965257655984151,-0.8005837534274894
Learned,Learned Basis,0.36865234375,0.00029689762454579975,-0.7951408837086366
Learned,Learned Basis,0.368896484375,0.0002974169600716434,-0.7875508088097112
Learned,Learned Basis,0.369140625,0.0002980821923102429,-0.7778477954828499
Learned,Learned Basis,0.369384765625,0.00029889030656704384,-0.766089807384217
Learned,Learned Basis,0.36962890625,0.00029983677562032675,-0.7523591230121494
Learned,Learned Basis,0.369873046875,0.0003009155493614323,-0.7367618138690382
Learned,Learned Basis,0.3701171875,0.00030211911177352425,-0.7194261201875053
Learned,Learned Basis,0.370361328125,0.000303438429132714,-0.7005022981940513
Learned,Learned Basis,0.37060546875,0.00030486306914547423,-0.680159937400966
Learned,Learned Basis,0.370849609375,0.0003063811284302133,-0.6585879984382809
Learned,Learned Basis,0.37109375,0.00030797934647480094,-0.635992181429897
Learned,Learned Basis,0.371337890625,0.0003096432299538702,-0.6125922219966435
Learned,Learned Basis,0.37158203125,0.0003113569750305035,-0.5886221197782928
Learned,Learned Basis,0.371826171875,0.00031310370045117277,-0.5643261082006622
Learned,Learned Basis,0.3720703125,0.00031486542682618914,-0.5399583481526021
Learned,Learned Basis,0.372314453125,0.00031662333044419304,-0.5157789845683057
Learned,Learned Basis,0.37255859375,0.0003183576603939532,-0.4920550680778213
Learned,Learned Basis,0.372802734375,0.0003200480286380697,-0.4690565475754518
Learned,Learned Basis,0.373046875,0.00032167346699173686,-0.44705571319005066
Learned,Learned Basis,0.373291015625,0.00032321254626015703,-0.426326006271013
Learned,Learned Basis,0.37353515625,0.000324643578254155,-0.4071399467222835
Learned,Learned Basis,0.373779296875,0.00032594474528736676,-0.3897682726373345
Learned,Learned Basis,0.3740234375,0.00032709418305444036,-0.37447990395417574
Learned,Learned Basis,0.374267578125,0.00032807020854608814,-0.36154016534100986
Learned,Learned Basis,0.37451171875,0.00032885148580548835,-0.35121002811198143
Learned,Learned Basis,0.374755859375,0.0003294171036265984,-0.34374666853590585
Learned,Learned Basis,0.375,0.0003297467568502191,-0.33940278391236944
Learned,Learned Basis,0.375244140625,0.0003298209949985972,-0.3384251370145908
Learned,Learned Basis,0.37548828125,0.00032962116011677476,-0.3410572765722658
Learned,Learned Basis,0.375732421875,0.00032912978044404283,-0.3475363115709832
Learned,Learned Basis,0.3759765625,0.0003283305134351787,-0.35809565411227784
Learned,Learned Basis,0.376220703125,0.0003272083788553854,-0.37296395064457066
Learned,Learned Basis,0.37646484375,0.00032574980021939223,-0.39236653191093457
Learned,Learned Basis,0.376708984375,0.0003239428586059449,-0.41652400959151376
Learned,Learned Basis,0.376953125,0.0003217772408589297,-0.44565487804515236
Learned,Learned Basis,0.377197265625,0.00031924443124321306,-0.47997480862102754
Learned,Learned Basis,0.37744140625,0.0003163377736032923,-0.519697575075482
Learned,Learned Basis,0.377685546875,0.00031305254906160854,-0.5650356680364423
Learned,Learned Basis,0.3779296875,0.00030938598119843464,-0.6162018003293206
Learned,Learned Basis,0.378173828125,0.00030533738108872626,-0.6734083494248204
Learned,Learned Basis,0.37841796875,0.0003009081006831342,-0.7368693177825935
Learned,Learned Basis,0.378662109375,0.00029610158978676733,-0.8068007207726495
Learned,Learned Basis,0.37890625,0.00029092340641896755,-0.8834214714683563
Learned,Learned Basis,0.379150390625,0.00028538111839544674,-0.966955756209509
Learned,Learned Basis,0.37939453125,0.00027948448980423806,-1.0576309982340735
Learned,Learned Basis,0.379638671875,0.0002732451753923308,-1.1556830874259296
Learned,Learned Basis,0.3798828125,0.0002666768915019596,-1.261354270614796
Learned,Learned Basis,0.380126953125,0.0002597952244147647,-1.3748964766528244
Learned,Learned Basis,0.38037109375,0.0002526176148121297,-1.4965718096409388
Learned,Learned Basis,0.380615234375,0.00024516321273833,-1.6266550730121574
Learned,Learned Basis,0.380859375,0.00023745281544188202,-1.765434879131994
Learned,Learned Basis,0.381103515625,0.00022950878967723009,-1.9132148851883257
Learned,Learned Basis,0.38134765625,0.0002213548334299192,-2.0703180169823305
Learned,Learned Basis,0.381591796875,0.0002130159448372695,-2.237086984172564
Learned,Learned Basis,0.3818359375,0.00020451823053253707,-2.4138878461888904
Learned,Learned Basis,0.382080078125,0.00019588876578794992,-2.6011128128572776
Learned,Learned Basis,0.38232421875,0.0001871554391180816,-2.7991835810966705
Learned,Learned Basis,0.382568359375,0.0001783467761636744,-3.008555478844515
Learned,Learned Basis,0.3828125,0.00016949175839557504,-3.229722259153874
Learned,Learned Basis,0.383056640625,0.00016061970656726485,-3.4632198305739426
Learned,Learned Basis,0.38330078125,0.00015176004502997622,-3.709633644815903
Learned,Learned Basis,0.383544921875,0.0001429421256165157,-3.9696057524931465
Learned,Learned Basis,0.3837890625,0.00013419511368373816,-4.243841086473658
Learned,Learned Basis,0.384033203125,0.00012554773429805657,-4.533119316174784
Learned,Learned Basis,0.38427734375,0.00011702816604774728,-4.838304119836973
Learned,Learned Basis,0.384521484375,0.00010866381830778538,-5.160358497060962
Learned,Learned Basis,0.384765625,0.00010048120951248721,-5.5003595711088415
Learned,Learned Basis,0.385009765625,9.250579880916498e-05,-5.859518534929174
Learned,Learned Basis,0.38525390625,8.476181512183756e-05,-6.239205629393036
Learned,Learned Basis,0.385498046875,7.727215355347952e-05,-6.640977951449122
Learned,Learned Basis,0.3857421875,7.0058214809507e-05,-7.066617445904622
Learned,Learned Basis,0.385986328125,6.313978476539218e-05,-7.51817714115141
Learned,Learned Basis,0.38623046875,5.653494122868736e-05,-7.9980386619380965
Learned,Learned Basis,0.386474609375,5.025993868652698e-05,-8.50898856776147
Learned,Learned Basis,0.38671875,4.432913578720186e-05,-9.054315465740304
Learned,Learned Basis,0.386962890625,3.875491181447247e-05,-9.637940582220565
Learned,Learned Basis,0.38720703125,3.354761553617939e-05,-10.264591539716019
Learned,Learned Basis,0.387451171875,2.8715512757881797e-05,-10.94004235569637
Learned,Learned Basis,0.3876953125,2.426475653850411e-05,-11.671448730648299
Learned,Learned Basis,0.387939453125,2.019937424061708e-05,-12.467828956428752
Learned,Learned Basis,0.38818359375,1.652126461675105e-05,-13.340775239881486
Learned,Learned Basis,0.388427734375,1.3230205579227277e-05,-14.305542186455009
Learned,Learned Basis,0.388671875,1.0323884793868783e-05,-15.382776616985305
Learned,Learned Basis,0.388916015625,7.797936424827673e-06,-16.601411210836712
Learned,Learned Basis,0.38916015625,5.645999084577101e-06,-18.003800078294272
Learned,Learned Basis,0.389404296875,3.85978033969843e-06,-19.65558221572046
Learned,Learned Basis,0.3896484375,2.4291337617085517e-06,-21.666693810754158
Learned,Learned Basis,0.389892578125,1.342155402465518e-06,-24.243180073700774
Learned,Learned Basis,0.39013671875,5.852823030847167e-07,-27.847554184776968
Learned,Learned Basis,0.390380859375,1.4340707871699957e-07,-33.955502221539504
Learned,Learned Basis,0.390625,6.4749777868718365e-15,-107.40882528364776
Learned,Learned Basis,0.390869140625,1.3723935777689886e-07,-34.1464213415393
Learned,Learned Basis,0.39111328125,5.361500680855218e-07,-28.228344457497954
Learned,Learned Basis,0.391357421875,1.1767478743599125e-06,-24.814373887417688
Learned,Learned Basis,0.3916015625,2.0381901256610223e-06,-22.428761179758254
Learned,Learned Basis,0.391845703125,3.0989286718829285e-06,-20.609092310377125
Learned,Learned Basis,0.39208984375,4.336867812384504e-06,-19.149446261590736
Learned,Learned Basis,0.392333984375,5.729523314490441e-06,-17.940023202349053
Learned,Learned Basis,0.392578125,7.254181128483233e-06,-16.915324160163706
Learned,Learned Basis,0.392822265625,8.888056385870269e-06,-16.033140101175924
Learned,Learned Basis,0.39306640625,1.0608451305018383e-05,-15.264688240041771
Learned,Learned Basis,0.393310546875,1.2392908807194038e-05,-14.58947557258766
Learned,Learned Basis,0.3935546875,1.4219364352017153e-05,-13.992406286558747
Learned,Learned Basis,0.393798828125,1.6066289517469157e-05,-13.462052224615961
Learned,Learned Basis,0.39404296875,1.791282975252754e-05,-12.98956612934505
Learned,Learned Basis,0.394287109375,1.9738942129800416e-05,-12.567969374358277
Learned,Learned Basis,0.39453125,2.1525512864225313e-05,-12.191673035293778
Learned,Learned Basis,0.394775390625,2.3254479040426634e-05,-11.85614196571602
Learned,Learned Basis,0.39501953125,2.4908928649293978e-05,-11.557657626011242
Learned,Learned Basis,0.395263671875,2.647319706338777e-05,-11.29314418728488
Learned,Learned Basis,0.3955078125,2.793296124614409e-05,-11.060038323918882
Learned,Learned Basis,0.395751953125,2.9275292845722078e-05,-10.856195631377902
Learned,Learned Basis,0.39599609375,3.048873977823285e-05,-10.679813376198746
Learned,Learned Basis,0.396240234375,3.1563370256783684e-05,-10.529374413464668
Learned,Learned Basis,0.396484375,3.249079933840171e-05,-10.40360415239315
Learned,Learned Basis,0.396728515625,3.3264225830732734e-05,-10.301433908039366
Learned,Learned Basis,0.39697265625,3.3878443299302245e-05,-10.221973647630849
Learned,Learned Basis,0.397216796875,3.4329829060254404e-05,-10.164491702922295
Learned,Learned Basis,0.3974609375,3.4616344827837964e-05,-10.12839602824766
Learned,Learned Basis,0.397705078125,3.4737506930052876e-05,-10.113221647991288
Learned,Learned Basis,0.39794921875,3.46943455170358e-05,-10.118621119633868
Learned,Learned Basis,0.398193359375,3.448936312195973e-05,-10.144356364338126
Learned,Learned Basis,0.3984375,3.412647832975683e-05,-10.190293375047245
Learned,Learned Basis,0.398681640625,3.361094872629118e-05,-10.25640039881161
Learned,Learned Basis,0.39892578125,3.2949308739708115e-05,-10.342745034843464
Learned,Learned Basis,0.399169921875,3.21492641002254e-05,-10.449497748941319
Learned,Learned Basis,0.3994140625,3.1219611551876184e-05,-10.576933161480607
Learned,Learned Basis,0.399658203125,3.0170133312300168e-05,-10.725435820357978
Learned,Learned Basis,0.39990234375,2.9011498654880114e-05,-10.895506473749577
Learned,Learned Basis,0.400146484375,2.7755137001496876e-05,-11.087774358410895
Learned,Learned Basis,0.400390625,2.6413131087348644e-05,-11.303009244691097
Learned,Learned Basis,0.400634765625,2.499809911850918e-05,-11.54213825502439
Learned,Learned Basis,0.40087890625,2.3523068512168752e-05,-11.806268377421567
Learned,Learned Basis,0.401123046875,2.2001359349164254e-05,-12.0967129678479
Learned,Learned Basis,0.4013671875,2.0446450344388822e-05,-12.415028890850424
Learned,Learned Basis,0.401611328125,1.8871873630325962e-05,-12.76305791456928
Learned,Learned Basis,0.40185546875,1.7291084936117795e-05,-13.142985671135339
Learned,Learned Basis,0.402099609375,1.5717342507693586e-05,-13.557416939372935
Learned,Learned Basis,0.40234375,1.4163605452476523e-05,-14.009469908657955
Learned,Learned Basis,0.402587890625,1.2642419458114657e-05,-14.50290615700074
Learned,Learned Basis,0.40283203125,1.1165813842215813e-05,-15.042304282601082
Learned,Learned Basis,0.403076171875,9.745202972612646e-06,-15.633299222131702
Learned,Learned Basis,0.4033203125,8.391299018631704e-06,-16.282916140492837
Learned,Learned Basis,0.403564453125,7.1140334434227375e-06,-17.000049087309385
Learned,Learned Basis,0.40380859375,5.9224747732438315e-06,-17.796175917020783
Learned,Learned Basis,0.404052734375,4.824769676240512e-06,-18.686442253020502
Learned,Learned Basis,0.404296875,3.828084526839318e-06,-19.691392924824243
Learned,Learned Basis,0.404541015625,2.938559353310038e-06,-20.83986344163769
Learned,Learned Basis,0.40478515625,2.1612704454524623e-06,-22.17411696531454
Learned,Learned Basis,0.405029296875,1.5002028364437603e-06,-23.759708289744456
Learned,Learned Basis,0.4052734375,9.582343180292478e-07,-25.706490906812313
Learned,Learned Basis,0.405517578125,5.371274683517e-07,-28.220434487426957
Learned,Learned Basis,0.40576171875,2.375324088250981e-07,-31.763979382595082
Learned,Learned Basis,0.406005859375,5.8999150629297086e-08,-37.81275051780879
Learned,Learned Basis,0.40625,5.2834837738682005e-15,-108.29200433227683
Learned,Learned Basis,0.406494140625,5.7960021683643965e-08,-37.88992271950591
Learned,Learned Basis,0.40673828125,2.2929697946194037e-07,-31.91722477435858
Learned,Learned Basis,0.406982421875,5.094695700608288e-07,-28.450025619394626
Learned,Learned Basis,0.4072265625,8.930332321391256e-07,-26.01253190784583
Learned,Learned Basis,0.407470703125,1.3737023744932876e-06,-24.142281622838905
Learned,Learned Basis,0.40771484375,1.9444212517404653e-06,-22.633304521332548
Learned,Learned Basis,0.407958984375,2.5974383442663017e-06,-21.375755637786714
Learned,Learned Basis,0.408203125,3.32438651496139e-06,-20.304092992551823
Learned,Learned Basis,0.408447265625,4.116368254792564e-06,-19.376065909390213
Learned,Learned Basis,0.40869140625,4.964043012469581e-06,-18.562852753048983
Learned,Learned Basis,0.408935546875,5.857720513356774e-06,-17.843921646722496
Learned,Learned Basis,0.4091796875,6.787450436276277e-06,-17.204141399477965
Learned,Learned Basis,0.409423828125,7.743116056162654e-06,-16.632050425761086
Learned,Learned Basis,0.40966796875,8.71453322847657e-06,-16.11876681021512
Learned,Learned Basis,0.409912109375,9.691536262028084e-06,-15.65728186162307
Learned,Learned Basis,0.41015625,1.0664075365611206e-05,-15.241976055440636
Learned,Learned Basis,0.410400390625,1.1622304382349288e-05,-14.868285660179641
Learned,Learned Basis,0.41064453125,1.255666674345407e-05,-14.532464430858846
Learned,Learned Basis,0.410888671875,1.3457978184555003e-05,-14.231409912515034
Learned,Learned Basis,0.4111328125,1.4317506062727375e-05,-13.962534355385374
Learned,Learned Basis,0.411376953125,1.5127038961231276e-05,-13.72366885756658
Learned,Learned Basis,0.41162109375,1.5878964064081884e-05,-13.512986453715321
Learned,Learned Basis,0.411865234375,1.6566314098780392e-05,-13.328949198625642
Learned,Learned Basis,0.412109375,1.7182834998595152e-05,-13.170259915048002
Learned,Learned Basis,0.412353515625,1.7723025075461265e-05,-13.035829592808156
Learned,Learned Basis,0.41259765625,1.8182178077795853e-05,-12.92474904258598
Learned,Learned Basis,0.412841796875,1.8556417183510112e-05,-12.83626683503853
Learned,Learned Basis,0.4130859375,1.8842715719559513e-05,-12.769773152619573
Learned,Learned Basis,0.413330078125,1.9038917234008062e-05,-12.724785653211255
Learned,Learned Basis,0.41357421875,1.9143744560831514e-05,-12.700939204674846
Learned,Learned Basis,0.413818359375,1.9156792050086045e-05,-12.697980262943718
Learned,Learned Basis,0.4140625,1.9078532042767694e-05,-12.71575855440657
Learned,Learned Basis,0.414306640625,1.8910284438973003e-05,-12.754227498923157
Learned,Learned Basis,0.41455078125,1.8654204395666077e-05,-12.813440801717222
Learned,Learned Basis,0.414794921875,1.8313248009923564e-05,-12.893554342808427
Learned,Learned Basis,0.4150390625,1.7891135088492888e-05,-12.994829163241944
Learned,Learned Basis,0.415283203125,1.7392306413719944e-05,-13.117636331137613
Learned,Learned Basis,0.41552734375,1.6821870325958743e-05,-13.262465304004248
Learned,Learned Basis,0.415771484375,1.618555383838264e-05,-13.429932465143326
Learned,Learned Basis,0.416015625,1.5489636593418076e-05,-13.620795824476868
Learned,Learned Basis,0.416259765625,1.4740888380350972e-05,-13.835971535463777
Learned,Learned Basis,0.41650390625,1.3946502120531565e-05,-14.076555140269711
Learned,Learned Basis,0.416748046875,1.311401681654708e-05,-14.343850749839689
Learned,Learned Basis,0.4169921875,1.2251253451113287e-05,-14.63940286683686
Learned,Learned Basis,0.417236328125,1.1366225957757221e-05,-14.965045257640393
Learned,Learned Basis,0.41748046875,1.0467076472222806e-05,-15.322954141003397
Learned,Learned Basis,0.417724609375,9.561993425498944e-06,-15.715723704715408
Learned,Learned Basis,0.41796875,8.659132874277348e-06,-16.14646407287832
Learned,Learned Basis,0.418212890625,7.766547601241688e-06,-16.61892802840002
Learned,Learned Basis,0.41845703125,6.892109578625813e-06,-17.137686374849903
Learned,Learned Basis,0.418701171875,6.04344052534627e-06,-17.708365587352628
Learned,Learned Basis,0.4189453125,5.227843192556523e-06,-18.337982586421248
Learned,Learned Basis,0.419189453125,4.45223807189593e-06,-19.03542432169497
Learned,Learned Basis,0.41943359375,3.723099779995768e-06,-19.8121613565133
Learned,Learned Basis,0.419677734375,3.0464048549250055e-06,-20.68333192403862
Learned,Learned Basis,0.419921875,2.4275789860858807e-06,-21.66947441785058
Learned,Learned Basis,0.420166015625,1.8714537945271496e-06,-22.799417022058744
Learned,Learned Basis,0.42041015625,1.382225919926007e-06,-24.115417784921725
Learned,Learned Basis,0.420654296875,9.634263054736273e-07,-25.683023110716135
Learned,Learned Basis,0.4208984375,6.178920018857026e-07,-27.61208237566632
Learned,Learned Basis,0.421142578125,3.477482603693072e-07,-30.10855845138948
Learned,Learned Basis,0.42138671875,1.543946015581384e-07,-33.634887001640664
Learned,Learned Basis,0.421630859375,3.849925560635912e-08,-39.66668478838272
Learned,Learned Basis,0.421875,3.731811391717734e-15,-109.80201125134275
Learned,Learned Basis,0.422119140625,3.811180292618725e-08,-39.71061317127155
Learned,Learned Basis,0.42236328125,1.513408656245499e-07,-33.72164597551941
Learned,Learned Basis,0.422607421875,3.3750542224085543e-07,-30.23840056783113
Learned,Learned Basis,0.4228515625,5.937627401173307e-07,-27.78507870018423
Learned,Learned Basis,0.423095703125,9.1664125760573e-07,-25.899214104796968
Learned,Learned Basis,0.42333984375,1.302079624181735e-06,-24.37483268402199
Learned,Learned Basis,0.423583984375,1.7454696216811548e-06,-23.102085165117003
Learned,Learned Basis,0.423828125,2.2417046296345185e-06,-22.015424224893373
Learned,Learned Basis,0.424072265625,2.785230796890578e-06,-21.07259622608572
Learned,Learned Basis,0.42431640625,3.3701046880992432e-06,-20.244774193279696
Learned,Learned Basis,0.424560546875,3.990050869492715e-06,-19.51142378646551
Learned,Learned Basis,0.4248046875,4.63852528157224e-06,-18.857408832297594
Learned,Learned Basis,0.425048828125,5.308775859979601e-06,-18.27126421696732
Learned,Learned Basis,0.42529296875,5.993911088071427e-06,-17.744105147655663
Learned,Learned Basis,0.425537109375,6.686964017091885e-06,-17.26891824980776
Learned,Learned Basis,0.42578125,7.38095806693173e-06,-16.84008073226632
Learned,Learned Basis,0.426025390625,8.068972260337144e-06,-16.453025887818505
Learned,Learned Basis,0.42626953125,8.744205728696893e-06,-16.104004443300152
Learned,Learned Basis,0.426513671875,9.400041813150769e-06,-15.789910257979315
Learned,Learned Basis,0.4267578125,1.0030106823938993e-05,-15.508152528010923
Learned,Learned Basis,0.427001953125,1.0628327019165276e-05,-15.256559026310361
Learned,Learned Basis,0.42724609375,1.118898704040325e-05,-15.033300403963572
Learned,Learned Basis,0.427490234375,1.1706774427355108e-05,-14.836835610181225
Learned,Learned Basis,0.427734375,1.2176833359184942e-05,-14.665864484980224
Learned,Learned Basis,0.427978515625,1.2594800104374173e-05,-14.519295321467373
Learned,Learned Basis,0.42822265625,1.295684251736412e-05,-14.396216310145665
Learned,Learned Basis,0.428466796875,1.3259693707825087e-05,-14.295873190221563
Learned,Learned Basis,0.4287109375,1.3500673083949532e-05,-14.217653901852591
Learned,Learned Basis,0.428955078125,1.3677712251889825e-05,-14.16107348305199
Learned,Learned Basis,0.42919921875,1.3789367965477124e-05,-14.12576450444403
Learned,Learned Basis,0.429443359375,1.383482827733784e-05,-14.11147038327851
Learned,Learned Basis,0.4296875,1.3813918366267132e-05,-14.118039260228656
Learned,Learned Basis,0.429931640625,1.3727093091140556e-05,-14.14542232338092
Learned,Learned Basis,0.43017578125,1.3575435695942174e-05,-14.193670343046188
Learned,Learned Basis,0.430419921875,1.3360632557812744e-05,-14.262937909702035
Learned,Learned Basis,0.4306640625,1.3084963151017594e-05,-14.353483072782492
Learned,Learned Basis,0.430908203125,1.2751263787733758e-05,-14.465675810561756
Learned,Learned Basis,0.43115234375,1.236290495604195e-05,-14.600002807520113
Learned,Learned Basis,0.431396484375,1.1923751823283987e-05,-14.757078830210446
Learned,Learned Basis,0.431640625,1.1438125386906156e-05,-14.93765958169851
Learned,Learned Basis,0.431884765625,1.0910756502957199e-05,-15.142659475600125
Learned,Learned Basis,0.43212890625,1.0346740238329276e-05,-15.373172652479887
Learned,Learned Basis,0.432373046875,9.751484395625426e-06,-15.630500810898232
Learned,Learned Basis,0.4326171875,9.130657552412574e-06,-15.916187564619655
Learned,Learned Basis,0.432861328125,8.490131596844016e-06,-16.23206389374738
Learned,Learned Basis,0.43310546875,7.835926853225671e-06,-16.580304379338504
Learned,Learned Basis,0.433349609375,7.174151380208855e-06,-16.963502748352237
Learned,Learned Basis,0.43359375,6.51094771507139e-06,-17.384766033837437
Learned,Learned Basis,0.433837890625,5.852429258223627e-06,-17.84784638399381
Learned,Learned Basis,0.43408203125,5.204625803453417e-06,-18.357313006904295
Learned,Learned Basis,0.434326171875,4.57342728758474e-06,-18.91879032549362
Learned,Learned Basis,0.4345703125,3.9645272973291e-06,-19.5392939873938
Learned,Learned Basis,0.434814453125,3.3833728081891417e-06,-20.22770956618298
Learned,Learned Basis,0.43505859375,2.8351118190329326e-06,-20.99550618743732
Learned,Learned Basis,0.435302734375,2.3245493230497876e-06,-21.85782045605719
Learned,Learned Basis,0.435546875,1.8561022265414264e-06,-22.835189195147613
Learned,Learned Basis,0.435791015625,1.4337614305263854e-06,-23.956439179308177
Learned,Learned Basis,0.43603515625,1.0610556322289713e-06,-25.263826562243917
Learned,Learned Basis,0.436279296875,7.410220870421081e-07,-26.822896583909923
Learned,Learned Basis,0.4365234375,4.761801425393823e-07,-28.74349530541558
Learned,Learned Basis,0.436767578125,2.6851132828226956e-07,-31.231581982597763
Learned,Learned Basis,0.43701171875,1.1944355311631768e-07,-34.74958097253002
Learned,Learned Basis,0.437255859375,2.9841048905081125e-08,-40.77306726818697
Learned,Learned Basis,0.4375,4.9032245946129675e-15,-108.61639024451279
Learned,Learned Basis,0.437744140625,2.964895677146187e-08,-40.80111394346899
Learned,Learned Basis,0.43798828125,1.1795485141082305e-07,-34.80405003370209
Learned,Learned Basis,0.438232421875,2.635342960542804e-07,-31.312836694076797
Learned,Learned Basis,0.4384765625,4.6447002538490634e-07,-28.85163119224992
Learned,Learned Basis,0.438720703125,7.183321764099481e-07,-26.957954909088055
Learned,Learned Basis,0.43896484375,1.0222038654202305e-06,-25.42583292336972
Learned,Learned Basis,0.439208984375,1.3727127731638552e-06,-24.145411363917
Learned,Learned Basis,0.439453125,1.7660644903723077e-06,-23.051142528096737
Learned,Learned Basis,0.439697265625,2.19808103305715e-06,-22.100771124186114
Learned,Learned Basis,0.43994140625,2.6642435158805062e-06,-21.2654689374139
Learned,Learned Basis,0.440185546875,3.159735776520531e-06,-20.524700436692036
Learned,Learned Basis,0.4404296875,3.679491925420409e-06,-19.863329570137218
Learned,Learned Basis,0.440673828125,4.218246768756234e-06,-19.269888287155606
Learned,Learned Basis,0.44091796875,4.770584086607697e-06,-18.73549256071731
Learned,Learned Basis,0.441162109375,5.3309926404922285e-06,-18.25312728249373
Learned,Learned Basis,0.44140625,5.8939151394895024e-06,-17.81716932632476
Learned,Learned Basis,0.441650390625,6.453803357482407e-06,-17.423050825809415
Learned,Learned Basis,0.44189453125,7.0051700129682945e-06,-17.06702131304025
Learned,Learned Basis,0.442138671875,7.542639839512805e-06,-16.745974405432527
Learned,Learned Basis,0.4423828125,8.061000413396457e-06,-16.457318678003375
Learned,Learned Basis,0.442626953125,8.55525201003232e-06,-16.198880042500765
Learned,Learned Basis,0.44287109375,9.02065033803832e-06,-15.968829623707299
Learned,Learned Basis,0.443115234375,9.452753967582609e-06,-15.76562456823855
Learned,Learned Basis,0.443359375,9.847461884568328e-06,-15.58796502714302
Learned,Learned Basis,0.443603515625,1.0201053472890625e-05,-15.434757871263141
Learned,Learned Basis,0.44384765625,1.0510218784404536e-05,-15.305090546765562
Learned,Learned Basis,0.444091796875,1.077208880889286e-05,-15.198208859944671
Learned,Learned Basis,0.4443359375,1.0984262506604312e-05,-15.113499079172826
Learned,Learned Basis,0.444580078125,1.114482477598847e-05,-15.05047566531047
Learned,Learned Basis,0.44482421875,1.1252361345872478e-05,-15.008771410561232
Learned,Learned Basis,0.445068359375,1.1305973182023299e-05,-14.988128602545093
Learned,Learned Basis,0.4453125,1.1305281667035266e-05,-14.98839424117997
Learned,Learned Basis,0.445556640625,1.1250424067928477e-05,-15.009519183876936
Learned,Learned Basis,0.44580078125,1.1142058068550396e-05,-15.05155393703465
Learned,Learned Basis,0.446044921875,1.0981347201142125e-05,-15.114651882213186
Learned,Learned Basis,0.4462890625,1.0769949191591406e-05,-15.19907156754034
Learned,Learned Basis,0.446533203125,1.0509999772284028e-05,-15.305181046067606
Learned,Learned Basis,0.44677734375,1.0204085487694192e-05,-15.433467228439808
Learned,Learned Basis,0.447021484375,9.855222327348348e-06,-15.584543851008307
Learned,Learned Basis,0.447265625,9.466820761584247e-06,-15.759166566696612
Learned,Learned Basis,0.447509765625,9.04265385286819e-06,-15.958249045869872
Learned,Learned Basis,0.44775390625,8.586820025353265e-06,-16.18288450785554
Learned,Learned Basis,0.447998046875,8.10370033080705e-06,-16.43437438483557
Learned,Learned Basis,0.4482421875,7.597918304483098e-06,-16.714261916700714
Learned,Learned Basis,0.448486328125,7.074293831747427e-06,-17.024377168921404
Learned,Learned Basis,0.44873046875,6.537795557861665e-06,-17.3668947550724
Learned,Learned Basis,0.448974609375,5.993493945252101e-06,-17.744407402938048
Learned,Learned Basis,0.44921875,5.446514573586001e-06,-18.160021411857787
Learned,Learned Basis,0.449462890625,4.9019843984382584e-06,-18.617488865375236
Learned,Learned Basis,0.44970703125,4.364987641311474e-06,-19.12137792809807
Learned,Learned Basis,0.449951171875,3.840515285732331e-06,-19.677313132284365
Learned,Learned Basis,0.4501953125,3.333418782006618e-06,-20.29230933121484
Learned,Learned Basis,0.450439453125,2.8483653706890944e-06,-20.975251140777246
Learned,Learned Basis,0.45068359375,2.389792030145738e-06,-21.73760702783463
Learned,Learned Basis,0.450927734375,1.9618664250577578e-06,-22.594513763950197
Learned,Learned Basis,0.451171875,1.5684484214758033e-06,-23.566505697578634
Learned,Learned Basis,0.451416015625,1.2130531598872322e-06,-24.682409777620407
Learned,Learned Basis,0.45166015625,8.988202996337754e-07,-25.984479389341914
Learned,Learned Basis,0.451904296875,6.284852159040043e-07,-27.538257451569258
Learned,Learned Basis,0.4521484375,4.0435458748985425e-07,-29.453584365863303
Learned,Learned Basis,0.452392578125,2.2828632472236486e-07,-31.936409149584723
Learned,Learned Basis,0.45263671875,1.0167374400468531e-07,-35.449119950388194
Learned,Learned Basis,0.452880859375,2.5433609556048846e-08,-41.46712811292208
Learned,Learned Basis,0.453125,6.595576919485599e-15,-107.32868021655176
Learned,Learned Basis,0.453369140625,2.5321496479636445e-08,-41.48631442674497
Learned,Learned Basis,0.45361328125,1.0086368850408898e-07,-35.483859653113655
Learned,Learned Basis,0.453857421875,2.2561605728053786e-07,-31.987508057182325
Learned,Learned Basis,0.4541015625,3.9810343444494965e-07,-29.521248869593407
Learned,Learned Basis,0.454345703125,6.164017725180591e-07,-27.622569323247742
Learned,Learned Basis,0.45458984375,8.781576270239396e-07,-26.085483335852267
Learned,Learned Basis,0.454833984375,1.1806133047428927e-06,-24.800131380966526
Learned,Learned Basis,0.455078125,1.520632960430075e-06,-23.700964114367004
Learned,Learned Basis,0.455322265625,1.8947348395921094e-06,-22.745723704090977
Learned,Learned Basis,0.45556640625,2.2991258279323697e-06,-21.905580709776522
Learned,Learned Basis,0.455810546875,2.729737366586928e-06,-21.15999946502827
Learned,Learned Basis,0.4560546875,3.1822666686516684e-06,-20.49384241234892
Learned,Learned Basis,0.456298828125,3.6522176322003656e-06,-19.89564162393841
Learned,Learned Basis,0.45654296875,4.134943655292719e-06,-19.356512151994313
Learned,Learned Basis,0.456787109375,4.625694538237412e-06,-18.869438608577294
Learned,Learned Basis,0.45703125,5.11965873204995e-06,-18.428797986337038
Learned,Learned Basis,0.457275390625,5.612013032998846e-06,-18.03002140288648
Learned,Learned Basis,0.45751953125,6.09796612603535e-06,-17.669358036782103
Learned,Learned Basis,0.457763671875,6.5728044753597165e-06,-17.34370097937092
Learned,Learned Basis,0.4580078125,7.0319351394292425e-06,-17.050459549499724
Learned,Learned Basis,0.458251953125,7.4709351417614845e-06,-16.787458450875405
Learned,Learned Basis,0.45849609375,7.88558594956077e-06,-16.552868414987433
Learned,Learned Basis,0.458740234375,8.27191636966198e-06,-16.34514676236805
Learned,Learned Basis,0.458984375,8.6262399408438e-06,-16.16299277246687
Learned,Learned Basis,0.459228515625,8.945187146254431e-06,-16.005313801581035
Learned,Learned Basis,0.45947265625,9.225738273323244e-06,-15.871196813588558
Learned,Learned Basis,0.459716796875,9.465251579399325e-06,-15.7598864954538
Learned,Learned Basis,0.4599609375,9.661483201944263e-06,-15.670770081044727
Learned,Learned Basis,0.460205078125,9.812613543584351e-06,-15.603361161403559
Learned,Learned Basis,0.46044921875,9.91725730814272e-06,-15.557292298607342
Learned,Learned Basis,0.460693359375,9.974480497145368e-06,-15.532305257235175
Learned,Learned Basis,0.4609375,9.983804132865329e-06,-15.528247590041746
Learned,Learned Basis,0.461181640625,9.945208466981317e-06,-15.545069201840942
Learned,Learned Basis,0.46142578125,9.859133628063664e-06,-15.582820582600398
Learned,Learned Basis,0.461669921875,9.72647168987151e-06,-15.641654841649583
Learned,Learned Basis,0.4619140625,9.548558415907018e-06,-15.721830018692891
Learned,Learned Basis,0.462158203125,9.327159176596097e-06,-15.823714227622974
Learned,Learned Basis,0.46240234375,9.064449039095627e-06,-15.947793995452935
Learned,Learned Basis,0.462646484375,8.762993342715144e-06,-16.094683294674216
Learned,Learned Basis,0.462890625,8.425722123222057e-06,-16.265136790479808
Learned,Learned Basis,0.463134765625,8.055898062287428e-06,-16.460068491199454
Learned,Learned Basis,0.46337890625,7.657088645590388e-06,-16.68057136304828
Learned,Learned Basis,0.463623046875,7.2331290942478504e-06,-16.927945949296436
Learned,Learned Basis,0.4638671875,6.78808335378639e-06,-17.20373644658758
Learned,Learned Basis,0.464111328125,6.326210263001686e-06,-17.50977188845766
Learned,Learned Basis,0.46435546875,5.851917096842041e-06,-17.848226463077705
Learned,Learned Basis,0.464599609375,5.369718208243726e-06,-18.22169315808049
Learned,Learned Basis,0.46484375,4.884194964938195e-06,-18.633278196488593
Learned,Learned Basis,0.465087890625,4.399947592685022e-06,-19.08673307544415
Learned,Learned Basis,0.46533203125,3.92155438365743e-06,-19.586625690923775
Learned,Learned Basis,0.465576171875,3.453526129618997e-06,-20.138580649684524
Learned,Learned Basis,0.4658203125,3.0002649256304763e-06,-20.74961206285813
Learned,Learned Basis,0.466064453125,2.566021597848989e-06,-21.428605037744198
Learned,Learned Basis,0.46630859375,2.154855195188663e-06,-22.187027200434084
Learned,Learned Basis,0.466552734375,1.770595394668016e-06,-23.0400148094347
Learned,Learned Basis,0.466796875,1.4168065254722022e-06,-24.008102627821174
Learned,Learned Basis,0.467041015625,1.0967539401518027e-06,-25.12011607917551
Learned,Learned Basis,0.46728515625,8.133735018477215e-07,-26.418307914094754
Learned,Learned Basis,0.467529296875,5.692444303494155e-07,-27.968220211789777
Learned,Learned Basis,0.4677734375,3.665655069864581e-07,-29.879692148386777
Learned,Learned Basis,0.468017578125,2.0713540218451047e-07,-32.35866479307181
Learned,Learned Basis,0.46826171875,9.23356131990046e-08,-35.86751573549954
Learned,Learned Basis,0.468505859375,2.3118681009123926e-08,-41.881577585875405
Learned,Learned Basis,0.46875,7.607966212940446e-15,-106.70852235998129
Learned,Learned Basis,0.468994140625,2.305372122303453e-08,-41.89379774072725
Learned,Learned Basis,0.46923828125,9.191301733399555e-08,-35.88743787804697
Learned,Learned Basis,0.469482421875,2.0577445754931184e-07,-32.38729345725213
Learned,Learned Basis,0.4697265625,3.6340671645847987e-07,-29.91727861577737
Learned,Learned Basis,0.469970703125,5.631629590896712e-07,-28.014867289974816
Learned,Learned Basis,0.47021484375,8.029975193635816e-07,-26.474066075759918
Learned,Learned Basis,0.470458984375,1.0804863009591455e-06,-25.185015462120415
Learned,Learned Basis,0.470703125,1.3928503144392923e-06,-24.08216364654908
Learned,Learned Basis,0.470947265625,1.7369832662223353e-06,-23.12325176671315
Learned,Learned Basis,0.47119140625,2.109481565508681e-06,-22.279450767351207
Learned,Learned Basis,0.471435546875,2.506676840215573e-06,-21.530224627307906
Learned,Learned Basis,0.4716796875,2.9246732888224777e-06,-20.860434525289588
Learned,Learned Basis,0.471923828125,3.359382644612051e-06,-20.258613370118354
Learned,Learned Basis,0.47216796875,3.8065654124311893e-06,-19.7158751406858
Learned,Learned Basis,0.472412109375,4.26187137703039e-06,-19.225204726253764
Learned,Learned Basis,0.47265625,4.720879828128014e-06,-18.780978657919736
Learned,Learned Basis,0.472900390625,5.179144317876154e-06,-18.378627983375647
Learned,Learned Basis,0.47314453125,5.632233047796381e-06,-18.014401946938857
Learned,Learned Basis,0.473388671875,6.075771440980557e-06,-17.685193830635242
Learned,Learned Basis,0.4736328125,6.505485361777581e-06,-17.3884110724113
Learned,Learned Basis,0.473876953125,6.917239155592594e-06,-17.121880200545633
Learned,Learned Basis,0.47412109375,7.307077168923127e-06,-16.883771173383572
Learned,Learned Basis,0.474365234375,7.67126114167236e-06,-16.672540441673775
Learned,Learned Basis,0.474609375,8.006302743317799e-06,-16.486888031146762
Learned,Learned Basis,0.474853515625,8.308999508381157e-06,-16.32572077952385
Learned,Learned Basis,0.47509765625,8.576463973295834e-06,-16.18812543588425
Learned,Learned Basis,0.475341796875,8.80614989958764e-06,-16.07334737413908
Learned,Learned Basis,0.4755859375,8.995878173312542e-06,-15.980772458552723
Learned,Learned Basis,0.475830078125,9.143855096534593e-06,-15.909914760859126
Learned,Learned Basis,0.47607421875,9.248688250731538e-06,-15.860406704718537
Learned,Learned Basis,0.476318359375,9.309402522071942e-06,-15.83199002391537
Learned,Learned Basis,0.4765625,9.32544592878867e-06,-15.824512029395741
Learned,Learned Basis,0.476806640625,9.296694801066445e-06,-15.837922373803192
Learned,Learned Basis,0.47705078125,9.22345588537117e-06,-15.872271362958765
Learned,Learned Basis,0.477294921875,9.106459222104535e-06,-15.92771264023491
Learned,Learned Basis,0.4775390625,8.946856365017678e-06,-16.004503460940388
Learned,Learned Basis,0.477783203125,8.746203384705157e-06,-16.1030123899076
Learned,Learned Basis,0.47802734375,8.50644856637202e-06,-16.223725308059734
Learned,Learned Basis,0.478271484375,8.229912014026566e-06,-16.367256190296953
Learned,Learned Basis,0.478515625,7.91926428344421e-06,-16.534359746461654
Learned,Learned Basis,0.478759765625,7.577498216528912e-06,-16.72594968402978
Learned,Learned Basis,0.47900390625,7.207902070646519e-06,-16.943119337075224
Learned,Learned Basis,0.479248046875,6.814027953684993e-06,-17.18716900351804
Learned,Learned Basis,0.4794921875,6.399655079227106e-06,-17.459642436828496
Learned,Learned Basis,0.479736328125,5.9687585253536385e-06,-17.762368019814506
Learned,Learned Basis,0.47998046875,5.525462049105233e-06,-18.097522108615564
Learned,Learned Basis,0.480224609375,5.074009678036603e-06,-18.467695199766016
Learned,Learned Basis,0.48046875,4.618716986899251e-06,-18.875994596723384
Learned,Learned Basis,0.480712890625,4.1639318438061344e-06,-19.326171989605825
Learned,Learned Basis,0.48095703125,3.713994994524828e-06,-19.822794971343487
Learned,Learned Basis,0.481201171875,3.2731962762405695e-06,-20.371487627971145
Learned,Learned Basis,0.4814453125,2.8457336640703137e-06,-20.97926559762785
Learned,Learned Basis,0.481689453125,2.4356764048318035e-06,-21.655012222279574
Learned,Learned Basis,0.48193359375,2.046921068935131e-06,-22.410197150146125
Learned,Learned Basis,0.482177734375,1.6831589332783169e-06,-23.259956847997895
Learned,Learned Basis,0.482421875,1.3478399243738103e-06,-24.224824947598684
Learned,Learned Basis,0.482666015625,1.0441375529378448e-06,-25.33363095560244
Learned,Learned Basis,0.48291015625,7.749219825219591e-07,-26.628628303522458
Learned,Learned Basis,0.483154296875,5.427308622946214e-07,-28.175362928646422
Learned,Learned Basis,0.4833984375,3.497458759097004e-07,-30.083682090913875
Learned,Learned Basis,0.483642578125,1.977726694422054e-07,-32.55954535746433
Learned,Learned Basis,0.48388671875,8.822299999847552e-08,-36.065389894692665
Learned,Learned Basis,0.484130859375,2.2102315873494785e-08,-42.07683029920951
Learned,Learned Basis,0.484375,6.359119282436845e-15,-107.48723839800716
Learned,Learned Basis,0.484619140625,2.2084147696126955e-08,-42.08040168238178
Learned,Learned Basis,0.48486328125,8.8100210359405e-08,-36.071438658346125
Learned,Learned Basis,0.485107421875,1.9737374222353448e-07,-32.56831435768784
Learned,Learned Basis,0.4853515625,3.4881718884382924e-07,-30.09522933485162
Learned,Learned Basis,0.485595703125,5.409400578114812e-07,-28.189716681224503
Learned,Learned Basis,0.48583984375,7.718642099181894e-07,-26.645799073537276
Learned,Learned Basis,0.486083984375,1.0393411996390936e-06,-25.353626681002496
Learned,Learned Basis,0.486328125,1.3407743351812205e-06,-24.247651230326817
Learned,Learned Basis,0.486572265625,1.6732437382129053e-06,-23.285616028088093
Learned,Learned Basis,0.48681640625,2.03353397330305e-06,-22.438693788688774
Learned,Learned Basis,0.487060546875,2.418165390287596e-06,-21.686348101377572
Learned,Learned Basis,0.4873046875,2.8234275304974354e-06,-21.013441661362975
Learned,Learned Basis,0.487548828125,3.2454141921690615e-06,-20.408506802293278
Learned,Learned Basis,0.48779296875,3.680060660886339e-06,-19.862658337281385
Learned,Learned Basis,0.488037109375,4.12318385370902e-06,-19.368881107021334
Learned,Learned Basis,0.48828125,4.570520075696851e-06,-18.921551903339633
Learned,Learned Basis,0.488525390625,5.017769129889491e-06,-18.51610135897111
Learned,Learned Basis,0.48876953125,5.460631466812545e-06,-18.148779438511863
Learned,Learned Basis,0.489013671875,5.8948525372647115e-06,-17.816478657557433
Learned,Learned Basis,0.4892578125,6.316261803345909e-06,-17.51660688402034
Learned,Learned Basis,0.489501953125,6.720813125393015e-06,-17.246989913696854
Learned,Learned Basis,0.48974609375,7.104621911485899e-06,-17.005798403093944
Learned,Learned Basis,0.489990234375,7.464005261575939e-06,-16.791488743410287
Learned,Learned Basis,0.490234375,7.795513208682812e-06,-16.602760994795204
Learned,Learned Basis,0.490478515625,8.095966758693701e-06,-16.43852094899744
Learned,Learned Basis,0.49072265625,8.362481199857264e-06,-16.297856568090708
Learned,Learned Basis,0.490966796875,8.592501228896096e-06,-16.18001208303427
Learned,Learned Basis,0.4912109375,8.783819889970581e-06,-16.08437389127709
Learned,Learned Basis,0.491455078125,8.934602046044363e-06,-16.010455977586854
Learned,Learned Basis,0.49169921875,9.043401375390365e-06,-15.957890045631771
Learned,Learned Basis,0.491943359375,9.109172997566698e-06,-15.926418611344943
Learned,Learned Basis,0.4921875,9.13128642313554e-06,-15.915888456172834
Learned,Learned Basis,0.492431640625,9.109527819863929e-06,-15.926249447399275
Learned,Learned Basis,0.49267578125,9.04410600196876e-06,-15.957551673485106
Learned,Learned Basis,0.492919921875,8.93564660274328e-06,-16.00994826757139
Learned,Learned Basis,0.4931640625,8.785188513384397e-06,-16.08369726163018
Learned,Learned Basis,0.493408203125,8.594175951289865e-06,-16.179165703377503
Learned,Learned Basis,0.49365234375,8.364436769279178e-06,-16.296841087517
Learned,Learned Basis,0.493896484375,8.098175980734118e-06,-16.437336010760394
Learned,Learned Basis,0.494140625,7.797945651502373e-06,-16.60140607218038
Learned,Learned Basis,0.494384765625,7.466625475319215e-06,-16.789964434890646
Learned,Learned Basis,0.49462890625,7.1073942844259804e-06,-17.004104025226187
Learned,Learned Basis,0.494873046875,6.723698808373271e-06,-17.245125604720425
Learned,Learned Basis,0.4951171875,6.319221623466736e-06,-17.514572243119012
Learned,Learned Basis,0.495361328125,5.897846836012048e-06,-17.81427321262931
Learned,Learned Basis,0.49560546875,5.463620100057872e-06,-18.146403171448963
Learned,Learned Basis,0.495849609375,5.020713167540437e-06,-18.5135540030958
Learned,Learned Basis,0.49609375,4.573382611054614e-06,-18.918832750712294
Learned,Learned Basis,0.496337890625,4.1259296797254045e-06,-19.365989894222793
Learned,Learned Basis,0.49658203125,3.6826583744930667e-06,-19.859593782661392
Learned,Learned Basis,0.496826171875,3.2478348183701466e-06,-20.405268778774158
Learned,Learned Basis,0.4970703125,2.825647112312955e-06,-21.010028882296787
Learned,Learned Basis,0.497314453125,2.4201649887536922e-06,-21.68275837285034
Learned,Learned Basis,0.49755859375,2.0352987367108863e-06,-22.434926481883256
Learned,Learned Basis,0.497802734375,1.6747653706488255e-06,-23.281668388793104
Learned,Learned Basis,0.498046875,1.3420505299765498e-06,-24.243519433231533
Learned,Learned Basis,0.498291015625,1.040375760773752e-06,-25.34930586006784
Learned,Learned Basis,0.49853515625,7.726674971672789e-07,-26.641281675163167
Learned,Learned Basis,0.498779296875,5.415290069792205e-07,-28.184990866746674
Learned,Learned Basis,0.4990234375,3.4921522071084347e-07,-30.090276468485094
Learned,Learned Basis,0.499267578125,1.9761132403857218e-07,-32.56308983187519
Learned,Learned Basis,0.49951171875,8.82138492010347e-08,-36.06584038344886
Learned,Learned Basis,0.499755859375,2.2116628853792637e-08,-42.07401881258613
