method,method_label,eps,stream,diag_magnitude
Learned,Learned Basis,-0.2,0,0.9959083795547485
Learned,Learned Basis,-0.2,1,0.9949657320976257
Learned,Learned Basis,-0.2,2,0.9961460828781128
Learned,Learned Basis,-0.2,3,0.9952066540718079
Learned,Learned Basis,-0.2,4,0.9947414398193359
Learned,Learned Basis,-0.2,5,0.9944426417350769
Learned,Learned Basis,-0.2,6,0.9953522682189941
Learned,Learned Basis,-0.2,7,0.994879961013794
Learned,Learned Basis,-0.2,8,0.993689775466919
Learned,Learned Basis,-0.2,9,0.9961250424385071
Learned,Learned Basis,-0.2,10,0.9946820735931396
Learned,Learned Basis,-0.2,11,0.9941896200180054
Learned,Learned Basis,-0.2,12,0.9933573603630066
Learned,Learned Basis,-0.2,13,0.9939142465591431
Learned,Learned Basis,-0.2,14,0.9921371936798096
Learned,Learned Basis,-0.2,15,0.9932956695556641
Learned,Learned Basis,-0.2,16,0.9921073317527771
Learned,Learned Basis,-0.2,17,0.9940136671066284
Learned,Learned Basis,-0.2,18,0.9906501770019531
Learned,Learned Basis,-0.2,19,0.9893025755882263
Learned,Learned Basis,-0.2,20,0.9872877597808838
Learned,Learned Basis,-0.2,21,0.9836358428001404
Learned,Learned Basis,-0.2,22,0.9741544127464294
Learned,Learned Basis,-0.2,23,0.973950982093811
Learned,Learned Basis,-0.2,24,0.9825007915496826
Learned,Learned Basis,-0.2,25,0.9883302450180054
Learned,Learned Basis,-0.2,26,0.9887281060218811
Learned,Learned Basis,-0.2,27,0.9906652569770813
Learned,Learned Basis,-0.2,28,0.9916190505027771
Learned,Learned Basis,-0.2,29,0.9933207035064697
Learned,Learned Basis,-0.2,30,0.9931108355522156
Learned,Learned Basis,-0.2,31,0.993823230266571
Learned,Learned Basis,-0.2,32,0.9929259419441223
Learned,Learned Basis,-0.2,33,0.9928309321403503
Learned,Learned Basis,-0.2,34,0.9932810664176941
Learned,Learned Basis,-0.2,35,0.9937117695808411
Learned,Learned Basis,-0.2,36,0.9946304559707642
Learned,Learned Basis,-0.2,37,0.9931198954582214
Learned,Learned Basis,-0.2,38,0.9960206747055054
Learned,Learned Basis,-0.2,39,0.9943343997001648
Learned,Learned Basis,-0.2,40,0.9940482974052429
Learned,Learned Basis,-0.2,41,0.9948369264602661
Learned,Learned Basis,-0.2,42,0.993621289730072
Learned,Learned Basis,-0.2,43,0.9955057501792908
Learned,Learned Basis,-0.2,44,0.9951880574226379
Learned,Learned Basis,-0.19,0,0.995997965335846
Learned,Learned Basis,-0.19,1,0.9950728416442871
Learned,Learned Basis,-0.19,2,0.9962514638900757
Learned,Learned Basis,-0.19,3,0.9953153133392334
Learned,Learned Basis,-0.19,4,0.9948577284812927
Learned,Learned Basis,-0.19,5,0.9945544600486755
Learned,Learned Basis,-0.19,6,0.995468258857727
Learned,Learned Basis,-0.19,7,0.9950129985809326
Learned,Learned Basis,-0.19,8,0.9938191771507263
Learned,Learned Basis,-0.19,9,0.9962638020515442
Learned,Learned Basis,-0.19,10,0.9948408603668213
Learned,Learned Basis,-0.19,11,0.9943438172340393
Learned,Learned Basis,-0.19,12,0.9935309290885925
Learned,Learned Basis,-0.19,13,0.9941098093986511
Learned,Learned Basis,-0.19,14,0.9923769235610962
Learned,Learned Basis,-0.19,15,0.9935685992240906
Learned,Learned Basis,-0.19,16,0.9924310445785522
Learned,Learned Basis,-0.19,17,0.9943842887878418
Learned,Learned Basis,-0.19,18,0.991083025932312
Learned,Learned Basis,-0.19,19,0.9898381233215332
Learned,Learned Basis,-0.19,20,0.98802649974823
Learned,Learned Basis,-0.19,21,0.9847419857978821
Learned,Learned Basis,-0.19,22,0.9761010408401489
Learned,Learned Basis,-0.19,23,0.9758799076080322
Learned,Learned Basis,-0.19,24,0.983585774898529
Learned,Learned Basis,-0.19,25,0.9890598654747009
Learned,Learned Basis,-0.19,26,0.9892711043357849
Learned,Learned Basis,-0.19,27,0.9910985827445984
Learned,Learned Basis,-0.19,28,0.9919962286949158
Learned,Learned Basis,-0.19,29,0.9936226606369019
Learned,Learned Basis,-0.19,30,0.9933857917785645
Learned,Learned Basis,-0.19,31,0.9940440654754639
Learned,Learned Basis,-0.19,32,0.9931159019470215
Learned,Learned Basis,-0.19,33,0.9930024147033691
Learned,Learned Basis,-0.19,34,0.9934232831001282
Learned,Learned Basis,-0.19,35,0.9938601851463318
Learned,Learned Basis,-0.19,36,0.994773805141449
Learned,Learned Basis,-0.19,37,0.993251621723175
Learned,Learned Basis,-0.19,38,0.9961574077606201
Learned,Learned Basis,-0.19,39,0.994453489780426
Learned,Learned Basis,-0.19,40,0.9941660165786743
Learned,Learned Basis,-0.19,41,0.9949364066123962
Learned,Learned Basis,-0.19,42,0.9937298893928528
Learned,Learned Basis,-0.19,43,0.995609700679779
Learned,Learned Basis,-0.19,44,0.9952892661094666
Learned,Learned Basis,-0.18000000000000002,0,0.9960824847221375
Learned,Learned Basis,-0.18000000000000002,1,0.9951748251914978
Learned,Learned Basis,-0.18000000000000002,2,0.9963512420654297
Learned,Learned Basis,-0.18000000000000002,3,0.9954184293746948
Learned,Learned Basis,-0.18000000000000002,4,0.994968593120575
Learned,Learned Basis,-0.18000000000000002,5,0.9946616291999817
Learned,Learned Basis,-0.18000000000000002,6,0.9955790042877197
Learned,Learned Basis,-0.18000000000000002,7,0.995140016078949
Learned,Learned Basis,-0.18000000000000002,8,0.9939425587654114
Learned,Learned Basis,-0.18000000000000002,9,0.996396541595459
Learned,Learned Basis,-0.18000000000000002,10,0.9949928522109985
Learned,Learned Basis,-0.18000000000000002,11,0.9944912195205688
Learned,Learned Basis,-0.18000000000000002,12,0.9936966300010681
Learned,Learned Basis,-0.18000000000000002,13,0.9942970871925354
Learned,Learned Basis,-0.18000000000000002,14,0.9926075339317322
Learned,Learned Basis,-0.18000000000000002,15,0.9938306212425232
Learned,Learned Basis,-0.18000000000000002,16,0.9927428364753723
Learned,Learned Basis,-0.18000000000000002,17,0.9947412610054016
Learned,Learned Basis,-0.18000000000000002,18,0.9914992451667786
Learned,Learned Basis,-0.18000000000000002,19,0.9903548359870911
Learned,Learned Basis,-0.18000000000000002,20,0.9887402057647705
Learned,Learned Basis,-0.18000000000000002,21,0.9858120083808899
Learned,Learned Basis,-0.18000000000000002,22,0.9779855608940125
Learned,Learned Basis,-0.18000000000000002,23,0.9777473211288452
Learned,Learned Basis,-0.18000000000000002,24,0.9846364259719849
Learned,Learned Basis,-0.18000000000000002,25,0.9897631406784058
Learned,Learned Basis,-0.18000000000000002,26,0.9897948503494263
Learned,Learned Basis,-0.18000000000000002,27,0.9915159940719604
Learned,Learned Basis,-0.18000000000000002,28,0.9923596382141113
Learned,Learned Basis,-0.18000000000000002,29,0.9939135313034058
Learned,Learned Basis,-0.18000000000000002,30,0.9936501979827881
Learned,Learned Basis,-0.18000000000000002,31,0.9942559003829956
Learned,Learned Basis,-0.18000000000000002,32,0.9932979345321655
Learned,Learned Basis,-0.18000000000000002,33,0.9931662082672119
Learned,Learned Basis,-0.18000000000000002,34,0.9935580492019653
Learned,Learned Basis,-0.18000000000000002,35,0.9940019249916077
Learned,Learned Basis,-0.18000000000000002,36,0.9949110746383667
Learned,Learned Basis,-0.18000000000000002,37,0.993377685546875
Learned,Learned Basis,-0.18000000000000002,38,0.9962882399559021
Learned,Learned Basis,-0.18000000000000002,39,0.9945672154426575
Learned,Learned Basis,-0.18000000000000002,40,0.9942784905433655
Learned,Learned Basis,-0.18000000000000002,41,0.99503093957901
Learned,Learned Basis,-0.18000000000000002,42,0.9938331246376038
Learned,Learned Basis,-0.18000000000000002,43,0.9957084655761719
Learned,Learned Basis,-0.18000000000000002,44,0.9953855276107788
Learned,Learned Basis,-0.17,0,0.9961615800857544
Learned,Learned Basis,-0.17,1,0.9952719211578369
Learned,Learned Basis,-0.17,2,0.9964455366134644
Learned,Learned Basis,-0.17,3,0.9955163598060608
Learned,Learned Basis,-0.17,4,0.9950739741325378
Learned,Learned Basis,-0.17,5,0.9947630167007446
Learned,Learned Basis,-0.17,6,0.9956842064857483
Learned,Learned Basis,-0.17,7,0.9952613711357117
Learned,Learned Basis,-0.17,8,0.9940596222877502
Learned,Learned Basis,-0.17,9,0.9965227246284485
Learned,Learned Basis,-0.17,10,0.9951379895210266
Learned,Learned Basis,-0.17,11,0.9946315884590149
Learned,Learned Basis,-0.17,12,0.9938550591468811
Learned,Learned Basis,-0.17,13,0.9944764971733093
Learned,Learned Basis,-0.17,14,0.9928288459777832
Learned,Learned Basis,-0.17,15,0.9940820336341858
Learned,Learned Basis,-0.17,16,0.9930423498153687
Learned,Learned Basis,-0.17,17,0.9950841665267944
Learned,Learned Basis,-0.17,18,0.991897702217102
Learned,Learned Basis,-0.17,19,0.9908514022827148
Learned,Learned Basis,-0.17,20,0.9894269108772278
Learned,Learned Basis,-0.17,21,0.9868430495262146
Learned,Learned Basis,-0.17,22,0.9798021912574768
Learned,Learned Basis,-0.17,23,0.9795470833778381
Learned,Learned Basis,-0.17,24,0.9856492877006531
Learned,Learned Basis,-0.17,25,0.9904381036758423
Learned,Learned Basis,-0.17,26,0.9902982115745544
Learned,Learned Basis,-0.17,27,0.9919170141220093
Learned,Learned Basis,-0.17,28,0.9927085041999817
Learned,Learned Basis,-0.17,29,0.9941921234130859
Learned,Learned Basis,-0.17,30,0.993903398513794
Learned,Learned Basis,-0.17,31,0.9944581389427185
Learned,Learned Basis,-0.17,32,0.9934720993041992
Learned,Learned Basis,-0.17,33,0.9933225512504578
Learned,Learned Basis,-0.17,34,0.9936854839324951
Learned,Learned Basis,-0.17,35,0.9941372871398926
Learned,Learned Basis,-0.17,36,0.9950418472290039
Learned,Learned Basis,-0.17,37,0.9934979677200317
Learned,Learned Basis,-0.17,38,0.9964125752449036
Learned,Learned Basis,-0.17,39,0.9946748614311218
Learned,Learned Basis,-0.17,40,0.994385302066803
Learned,Learned Basis,-0.17,41,0.995120108127594
Learned,Learned Basis,-0.17,42,0.9939315319061279
Learned,Learned Basis,-0.17,43,0.995802104473114
Learned,Learned Basis,-0.17,44,0.9954764246940613
Learned,Learned Basis,-0.16,0,0.9962360858917236
Learned,Learned Basis,-0.16,1,0.995363712310791
Learned,Learned Basis,-0.16,2,0.9965344071388245
Learned,Learned Basis,-0.16,3,0.9956087470054626
Learned,Learned Basis,-0.16,4,0.9951743483543396
Learned,Learned Basis,-0.16,5,0.9948591589927673
Learned,Learned Basis,-0.16,6,0.9957836270332336
Learned,Learned Basis,-0.16,7,0.9953769445419312
Learned,Learned Basis,-0.16,8,0.9941704273223877
Learned,Learned Basis,-0.16,9,0.9966426491737366
Learned,Learned Basis,-0.16,10,0.9952754378318787
Learned,Learned Basis,-0.16,11,0.9947647452354431
Learned,Learned Basis,-0.16,12,0.9940047860145569
Learned,Learned Basis,-0.16,13,0.9946471452713013
Learned,Learned Basis,-0.16,14,0.9930403232574463
Learned,Learned Basis,-0.16,15,0.9943220019340515
Learned,Learned Basis,-0.16,16,0.9933291673660278
Learned,Learned Basis,-0.16,17,0.9954125285148621
Learned,Learned Basis,-0.16,18,0.9922773838043213
Learned,Learned Basis,-0.16,19,0.991326630115509
Learned,Learned Basis,-0.16,20,0.9900848269462585
Learned,Learned Basis,-0.16,21,0.9878325462341309
Learned,Learned Basis,-0.16,22,0.9815457463264465
Learned,Learned Basis,-0.16,23,0.9812732934951782
Learned,Learned Basis,-0.16,24,0.9866212606430054
Learned,Learned Basis,-0.16,25,0.9910833835601807
Learned,Learned Basis,-0.16,26,0.990780770778656
Learned,Learned Basis,-0.16,27,0.9922999143600464
Learned,Learned Basis,-0.16,28,0.9930425882339478
Learned,Learned Basis,-0.16,29,0.9944581389427185
Learned,Learned Basis,-0.16,30,0.9941451549530029
Learned,Learned Basis,-0.16,31,0.9946506023406982
Learned,Learned Basis,-0.16,32,0.9936375021934509
Learned,Learned Basis,-0.16,33,0.9934707283973694
Learned,Learned Basis,-0.16,34,0.9938052296638489
Learned,Learned Basis,-0.16,35,0.9942658543586731
Learned,Learned Basis,-0.16,36,0.9951661229133606
Learned,Learned Basis,-0.16,37,0.9936121702194214
Learned,Learned Basis,-0.16,38,0.9965307116508484
Learned,Learned Basis,-0.16,39,0.9947768449783325
Learned,Learned Basis,-0.16,40,0.9944868683815002
Learned,Learned Basis,-0.16,41,0.9952042102813721
Learned,Learned Basis,-0.16,42,0.994024395942688
Learned,Learned Basis,-0.16,43,0.9958906173706055
Learned,Learned Basis,-0.16,44,0.9955620765686035
Learned,Learned Basis,-0.15000000000000002,0,0.9963054060935974
Learned,Learned Basis,-0.15000000000000002,1,0.9954506754875183
Learned,Learned Basis,-0.15000000000000002,2,0.9966180324554443
Learned,Learned Basis,-0.15000000000000002,3,0.9956957101821899
Learned,Learned Basis,-0.15000000000000002,4,0.9952690601348877
Learned,Learned Basis,-0.15000000000000002,5,0.9949496388435364
Learned,Learned Basis,-0.15000000000000002,6,0.9958775043487549
Learned,Learned Basis,-0.15000000000000002,7,0.9954864382743835
Learned,Learned Basis,-0.15000000000000002,8,0.9942749738693237
Learned,Learned Basis,-0.15000000000000002,9,0.996756374835968
Learned,Learned Basis,-0.15000000000000002,10,0.9954056143760681
Learned,Learned Basis,-0.15000000000000002,11,0.9948906898498535
Learned,Learned Basis,-0.15000000000000002,12,0.9941467046737671
Learned,Learned Basis,-0.15000000000000002,13,0.9948094487190247
Learned,Learned Basis,-0.15000000000000002,14,0.993241548538208
Learned,Learned Basis,-0.15000000000000002,15,0.9945508241653442
Learned,Learned Basis,-0.15000000000000002,16,0.9936023950576782
Learned,Learned Basis,-0.15000000000000002,17,0.9957246780395508
Learned,Learned Basis,-0.15000000000000002,18,0.9926376342773438
Learned,Learned Basis,-0.15000000000000002,19,0.9917795658111572
Learned,Learned Basis,-0.15000000000000002,20,0.9907127022743225
Learned,Learned Basis,-0.15000000000000002,21,0.9887769222259521
Learned,Learned Basis,-0.15000000000000002,22,0.983210563659668
Learned,Learned Basis,-0.15000000000000002,23,0.9829214811325073
Learned,Learned Basis,-0.15000000000000002,24,0.987549364566803
Learned,Learned Basis,-0.15000000000000002,25,0.9916969537734985
Learned,Learned Basis,-0.15000000000000002,26,0.9912406802177429
Learned,Learned Basis,-0.15000000000000002,27,0.992664098739624
Learned,Learned Basis,-0.15000000000000002,28,0.9933605790138245
Learned,Learned Basis,-0.15000000000000002,29,0.9947118759155273
Learned,Learned Basis,-0.15000000000000002,30,0.9943746328353882
Learned,Learned Basis,-0.15000000000000002,31,0.9948323965072632
Learned,Learned Basis,-0.15000000000000002,32,0.9937944412231445
Learned,Learned Basis,-0.15000000000000002,33,0.9936108589172363
Learned,Learned Basis,-0.15000000000000002,34,0.9939173460006714
Learned,Learned Basis,-0.15000000000000002,35,0.9943875074386597
Learned,Learned Basis,-0.15000000000000002,36,0.995283842086792
Learned,Learned Basis,-0.15000000000000002,37,0.9937203526496887
Learned,Learned Basis,-0.15000000000000002,38,0.9966426491737366
Learned,Learned Basis,-0.15000000000000002,39,0.9948729276657104
Learned,Learned Basis,-0.15000000000000002,40,0.9945826530456543
Learned,Learned Basis,-0.15000000000000002,41,0.9952830076217651
Learned,Learned Basis,-0.15000000000000002,42,0.9941123723983765
Learned,Learned Basis,-0.15000000000000002,43,0.9959739446640015
Learned,Learned Basis,-0.15000000000000002,44,0.9956426024436951
Learned,Learned Basis,-0.14,0,0.9963696002960205
Learned,Learned Basis,-0.14,1,0.9955323338508606
Learned,Learned Basis,-0.14,2,0.9966956377029419
Learned,Learned Basis,-0.14,3,0.9957776069641113
Learned,Learned Basis,-0.14,4,0.9953583478927612
Learned,Learned Basis,-0.14,5,0.9950348138809204
Learned,Learned Basis,-0.14,6,0.9959657192230225
Learned,Learned Basis,-0.14,7,0.9955896735191345
Learned,Learned Basis,-0.14,8,0.9943729639053345
Learned,Learned Basis,-0.14,9,0.9968634247779846
Learned,Learned Basis,-0.14,10,0.9955286979675293
Learned,Learned Basis,-0.14,11,0.9950091242790222
Learned,Learned Basis,-0.14,12,0.994279682636261
Learned,Learned Basis,-0.14,13,0.9949629306793213
Learned,Learned Basis,-0.14,14,0.9934324622154236
Learned,Learned Basis,-0.14,15,0.9947669506072998
Learned,Learned Basis,-0.14,16,0.9938614368438721
Learned,Learned Basis,-0.14,17,0.9960212111473083
Learned,Learned Basis,-0.14,18,0.9929770231246948
Learned,Learned Basis,-0.14,19,0.9922086596488953
Learned,Learned Basis,-0.14,20,0.9913086891174316
Learned,Learned Basis,-0.14,21,0.9896743893623352
Learned,Learned Basis,-0.14,22,0.9847915768623352
Learned,Learned Basis,-0.14,23,0.9844859838485718
Learned,Learned Basis,-0.14,24,0.9884315133094788
Learned,Learned Basis,-0.14,25,0.9922776222229004
Learned,Learned Basis,-0.14,26,0.991676926612854
Learned,Learned Basis,-0.14,27,0.9930092096328735
Learned,Learned Basis,-0.14,28,0.9936621785163879
Learned,Learned Basis,-0.14,29,0.9949517846107483
Learned,Learned Basis,-0.14,30,0.9945920705795288
Learned,Learned Basis,-0.14,31,0.9950041770935059
Learned,Learned Basis,-0.14,32,0.9939425587654114
Learned,Learned Basis,-0.14,33,0.9937427043914795
Learned,Learned Basis,-0.14,34,0.9940216541290283
Learned,Learned Basis,-0.14,35,0.9945024251937866
Learned,Learned Basis,-0.14,36,0.995394766330719
Learned,Learned Basis,-0.14,37,0.9938225150108337
Learned,Learned Basis,-0.14,38,0.9967480301856995
Learned,Learned Basis,-0.14,39,0.994962751865387
Learned,Learned Basis,-0.14,40,0.9946728348731995
Learned,Learned Basis,-0.14,41,0.9953563809394836
Learned,Learned Basis,-0.14,42,0.9941946268081665
Learned,Learned Basis,-0.14,43,0.9960522651672363
Learned,Learned Basis,-0.14,44,0.9957177042961121
Learned,Learned Basis,-0.13,0,0.9964286684989929
Learned,Learned Basis,-0.13,1,0.9956088662147522
Learned,Learned Basis,-0.13,2,0.9967676401138306
Learned,Learned Basis,-0.13,3,0.9958537220954895
Learned,Learned Basis,-0.13,4,0.9954420328140259
Learned,Learned Basis,-0.13,5,0.9951147437095642
Learned,Learned Basis,-0.13,6,0.9960479736328125
Learned,Learned Basis,-0.13,7,0.9956870675086975
Learned,Learned Basis,-0.13,8,0.994464635848999
Learned,Learned Basis,-0.13,9,0.9969642162322998
Learned,Learned Basis,-0.13,10,0.9956437945365906
Learned,Learned Basis,-0.13,11,0.9951199889183044
Learned,Learned Basis,-0.13,12,0.9944044947624207
Learned,Learned Basis,-0.13,13,0.9951074719429016
Learned,Learned Basis,-0.13,14,0.9936130046844482
Learned,Learned Basis,-0.13,15,0.9949713945388794
Learned,Learned Basis,-0.13,16,0.9941065311431885
Learned,Learned Basis,-0.13,17,0.9963009357452393
Learned,Learned Basis,-0.13,18,0.993296205997467
Learned,Learned Basis,-0.13,19,0.9926133751869202
Learned,Learned Basis,-0.13,20,0.9918704628944397
Learned,Learned Basis,-0.13,21,0.9905214905738831
Learned,Learned Basis,-0.13,22,0.986284077167511
Learned,Learned Basis,-0.13,23,0.9859622120857239
Learned,Learned Basis,-0.13,24,0.9892653226852417
Learned,Learned Basis,-0.13,25,0.9928230047225952
Learned,Learned Basis,-0.13,26,0.9920884966850281
Learned,Learned Basis,-0.13,27,0.9933338165283203
Learned,Learned Basis,-0.13,28,0.9939471483230591
Learned,Learned Basis,-0.13,29,0.9951779246330261
Learned,Learned Basis,-0.13,30,0.994796633720398
Learned,Learned Basis,-0.13,31,0.9951649308204651
Learned,Learned Basis,-0.13,32,0.994081974029541
Learned,Learned Basis,-0.13,33,0.9938662052154541
Learned,Learned Basis,-0.13,34,0.9941180944442749
Learned,Learned Basis,-0.13,35,0.994610071182251
Learned,Learned Basis,-0.13,36,0.9954989552497864
Learned,Learned Basis,-0.13,37,0.9939184188842773
Learned,Learned Basis,-0.13,38,0.9968467354774475
Learned,Learned Basis,-0.13,39,0.9950467944145203
Learned,Learned Basis,-0.13,40,0.9947575926780701
Learned,Learned Basis,-0.13,41,0.9954242706298828
Learned,Learned Basis,-0.13,42,0.9942718744277954
Learned,Learned Basis,-0.13,43,0.9961249828338623
Learned,Learned Basis,-0.13,44,0.9957874417304993
Learned,Learned Basis,-0.12000000000000001,0,0.9964826703071594
Learned,Learned Basis,-0.12000000000000001,1,0.9956802725791931
Learned,Learned Basis,-0.12000000000000001,2,0.9968344569206238
Learned,Learned Basis,-0.12000000000000001,3,0.9959240555763245
Learned,Learned Basis,-0.12000000000000001,4,0.9955201148986816
Learned,Learned Basis,-0.12000000000000001,5,0.9951885342597961
Learned,Learned Basis,-0.12000000000000001,6,0.9961245059967041
Learned,Learned Basis,-0.12000000000000001,7,0.9957783222198486
Learned,Learned Basis,-0.12000000000000001,8,0.9945496916770935
Learned,Learned Basis,-0.12000000000000001,9,0.9970582127571106
Learned,Learned Basis,-0.12000000000000001,10,0.9957513213157654
Learned,Learned Basis,-0.12000000000000001,11,0.9952231049537659
Learned,Learned Basis,-0.12000000000000001,12,0.9945204854011536
Learned,Learned Basis,-0.12000000000000001,13,0.9952425956726074
Learned,Learned Basis,-0.12000000000000001,14,0.9937823414802551
Learned,Learned Basis,-0.12000000000000001,15,0.9951631426811218
Learned,Learned Basis,-0.12000000000000001,16,0.9943367838859558
Learned,Learned Basis,-0.12000000000000001,17,0.9965633749961853
Learned,Learned Basis,-0.12000000000000001,18,0.9935930371284485
Learned,Learned Basis,-0.12000000000000001,19,0.9929919838905334
Learned,Learned Basis,-0.12000000000000001,20,0.9923977255821228
Learned,Learned Basis,-0.12000000000000001,21,0.9913161993026733
Learned,Learned Basis,-0.12000000000000001,22,0.9876840114593506
Learned,Learned Basis,-0.12000000000000001,23,0.9873464107513428
Learned,Learned Basis,-0.12000000000000001,24,0.9900474548339844
Learned,Learned Basis,-0.12000000000000001,25,0.9933323860168457
Learned,Learned Basis,-0.12000000000000001,26,0.992474377155304
Learned,Learned Basis,-0.12000000000000001,27,0.9936376810073853
Learned,Learned Basis,-0.12000000000000001,28,0.9942144751548767
Learned,Learned Basis,-0.12000000000000001,29,0.9953895211219788
Learned,Learned Basis,-0.12000000000000001,30,0.9949883818626404
Learned,Learned Basis,-0.12000000000000001,31,0.9953145980834961
Learned,Learned Basis,-0.12000000000000001,32,0.9942119717597961
Learned,Learned Basis,-0.12000000000000001,33,0.9939810037612915
Learned,Learned Basis,-0.12000000000000001,34,0.9942063093185425
Learned,Learned Basis,-0.12000000000000001,35,0.9947106838226318
Learned,Learned Basis,-0.12000000000000001,36,0.9955961108207703
Learned,Learned Basis,-0.12000000000000001,37,0.9940083026885986
Learned,Learned Basis,-0.12000000000000001,38,0.9969388842582703
Learned,Learned Basis,-0.12000000000000001,39,0.9951248168945312
Learned,Learned Basis,-0.12000000000000001,40,0.9948366284370422
Learned,Learned Basis,-0.12000000000000001,41,0.995486855506897
Learned,Learned Basis,-0.12000000000000001,42,0.9943434596061707
Learned,Learned Basis,-0.12000000000000001,43,0.9961925745010376
Learned,Learned Basis,-0.12000000000000001,44,0.9958517551422119
Learned,Learned Basis,-0.11000000000000001,0,0.9965315461158752
Learned,Learned Basis,-0.11000000000000001,1,0.9957461953163147
Learned,Learned Basis,-0.11000000000000001,2,0.9968951344490051
Learned,Learned Basis,-0.11000000000000001,3,0.9959893226623535
Learned,Learned Basis,-0.11000000000000001,4,0.9955926537513733
Learned,Learned Basis,-0.11000000000000001,5,0.9952571392059326
Learned,Learned Basis,-0.11000000000000001,6,0.9961954355239868
Learned,Learned Basis,-0.11000000000000001,7,0.995863139629364
Learned,Learned Basis,-0.11000000000000001,8,0.9946277737617493
Learned,Learned Basis,-0.11000000000000001,9,0.9971454739570618
Learned,Learned Basis,-0.11000000000000001,10,0.9958513975143433
Learned,Learned Basis,-0.11000000000000001,11,0.9953184723854065
Learned,Learned Basis,-0.11000000000000001,12,0.9946273565292358
Learned,Learned Basis,-0.11000000000000001,13,0.9953688383102417
Learned,Learned Basis,-0.11000000000000001,14,0.9939410090446472
Learned,Learned Basis,-0.11000000000000001,15,0.9953418970108032
Learned,Learned Basis,-0.11000000000000001,16,0.9945513606071472
Learned,Learned Basis,-0.11000000000000001,17,0.996807873249054
Learned,Learned Basis,-0.11000000000000001,18,0.9938675165176392
Learned,Learned Basis,-0.11000000000000001,19,0.9933444261550903
Learned,Learned Basis,-0.11000000000000001,20,0.9928885698318481
Learned,Learned Basis,-0.11000000000000001,21,0.9920565485954285
Learned,Learned Basis,-0.11000000000000001,22,0.9889864921569824
Learned,Learned Basis,-0.11000000000000001,23,0.988633930683136
Learned,Learned Basis,-0.11000000000000001,24,0.990776777267456
Learned,Learned Basis,-0.11000000000000001,25,0.9938044548034668
Learned,Learned Basis,-0.11000000000000001,26,0.9928335547447205
Learned,Learned Basis,-0.11000000000000001,27,0.9939197301864624
Learned,Learned Basis,-0.11000000000000001,28,0.9944635629653931
Learned,Learned Basis,-0.11000000000000001,29,0.9955868721008301
Learned,Learned Basis,-0.11000000000000001,30,0.995166540145874
Learned,Learned Basis,-0.11000000000000001,31,0.9954530000686646
Learned,Learned Basis,-0.11000000000000001,32,0.9943328499794006
Learned,Learned Basis,-0.11000000000000001,33,0.9940873384475708
Learned,Learned Basis,-0.11000000000000001,34,0.9942864179611206
Learned,Learned Basis,-0.11000000000000001,35,0.9948040246963501
Learned,Learned Basis,-0.11000000000000001,36,0.9956866502761841
Learned,Learned Basis,-0.11000000000000001,37,0.9940916299819946
Learned,Learned Basis,-0.11000000000000001,38,0.9970245957374573
Learned,Learned Basis,-0.11000000000000001,39,0.9951966404914856
Learned,Learned Basis,-0.11000000000000001,40,0.9949097037315369
Learned,Learned Basis,-0.11000000000000001,41,0.9955441355705261
Learned,Learned Basis,-0.11000000000000001,42,0.9944096207618713
Learned,Learned Basis,-0.11000000000000001,43,0.9962550401687622
Learned,Learned Basis,-0.11000000000000001,44,0.9959108233451843
Learned,Learned Basis,-0.1,0,0.996574878692627
Learned,Learned Basis,-0.1,1,0.9958069920539856
Learned,Learned Basis,-0.1,2,0.9969502687454224
Learned,Learned Basis,-0.1,3,0.9960485696792603
Learned,Learned Basis,-0.1,4,0.9956594705581665
Learned,Learned Basis,-0.1,5,0.9953197836875916
Learned,Learned Basis,-0.1,6,0.9962600469589233
Learned,Learned Basis,-0.1,7,0.9959418177604675
Learned,Learned Basis,-0.1,8,0.9946998953819275
Learned,Learned Basis,-0.1,9,0.9972259402275085
Learned,Learned Basis,-0.1,10,0.9959428310394287
Learned,Learned Basis,-0.1,11,0.9954059720039368
Learned,Learned Basis,-0.1,12,0.9947259426116943
Learned,Learned Basis,-0.1,13,0.9954850673675537
Learned,Learned Basis,-0.1,14,0.9940876364707947
Learned,Learned Basis,-0.1,15,0.9955070614814758
Learned,Learned Basis,-0.1,16,0.994750440120697
Learned,Learned Basis,-0.1,17,0.997033953666687
Learned,Learned Basis,-0.1,18,0.9941192269325256
Learned,Learned Basis,-0.1,19,0.9936691522598267
Learned,Learned Basis,-0.1,20,0.9933415651321411
Learned,Learned Basis,-0.1,21,0.9927396774291992
Learned,Learned Basis,-0.1,22,0.9901878237724304
Learned,Learned Basis,-0.1,23,0.9898207187652588
Learned,Learned Basis,-0.1,24,0.9914504289627075
Learned,Learned Basis,-0.1,25,0.9942375421524048
Learned,Learned Basis,-0.1,26,0.9931650161743164
Learned,Learned Basis,-0.1,27,0.9941795468330383
Learned,Learned Basis,-0.1,28,0.9946943521499634
Learned,Learned Basis,-0.1,29,0.9957688450813293
Learned,Learned Basis,-0.1,30,0.9953312277793884
Learned,Learned Basis,-0.1,31,0.9955798983573914
Learned,Learned Basis,-0.1,32,0.9944441318511963
Learned,Learned Basis,-0.1,33,0.9941847324371338
Learned,Learned Basis,-0.1,34,0.9943584203720093
Learned,Learned Basis,-0.1,35,0.9948897957801819
Learned,Learned Basis,-0.1,36,0.9957697987556458
Learned,Learned Basis,-0.1,37,0.9941688179969788
Learned,Learned Basis,-0.1,38,0.9971034526824951
Learned,Learned Basis,-0.1,39,0.9952623248100281
Learned,Learned Basis,-0.1,40,0.9949770569801331
Learned,Learned Basis,-0.1,41,0.9955959916114807
Learned,Learned Basis,-0.1,42,0.9944704174995422
Learned,Learned Basis,-0.1,43,0.9963119626045227
Learned,Learned Basis,-0.1,44,0.995964527130127
Learned,Learned Basis,-0.09000000000000001,0,0.9966129064559937
Learned,Learned Basis,-0.09000000000000001,1,0.9958624839782715
Learned,Learned Basis,-0.09000000000000001,2,0.9969998002052307
Learned,Learned Basis,-0.09000000000000001,3,0.9961025714874268
Learned,Learned Basis,-0.09000000000000001,4,0.9957205653190613
Learned,Learned Basis,-0.09000000000000001,5,0.9953771233558655
Learned,Learned Basis,-0.09000000000000001,6,0.9963192343711853
Learned,Learned Basis,-0.09000000000000001,7,0.9960139393806458
Learned,Learned Basis,-0.09000000000000001,8,0.9947647452354431
Learned,Learned Basis,-0.09000000000000001,9,0.9972997307777405
Learned,Learned Basis,-0.09000000000000001,10,0.9960268139839172
Learned,Learned Basis,-0.09000000000000001,11,0.9954855442047119
Learned,Learned Basis,-0.09000000000000001,12,0.9948148727416992
Learned,Learned Basis,-0.09000000000000001,13,0.9955918192863464
Learned,Learned Basis,-0.09000000000000001,14,0.9942229390144348
Learned,Learned Basis,-0.09000000000000001,15,0.9956589937210083
Learned,Learned Basis,-0.09000000000000001,16,0.9949328899383545
Learned,Learned Basis,-0.09000000000000001,17,0.9972416758537292
Learned,Learned Basis,-0.09000000000000001,18,0.9943474531173706
Learned,Learned Basis,-0.09000000000000001,19,0.9939658045768738
Learned,Learned Basis,-0.09000000000000001,20,0.9937558174133301
Learned,Learned Basis,-0.09000000000000001,21,0.9933648705482483
Learned,Learned Basis,-0.09000000000000001,22,0.9912850260734558
Learned,Learned Basis,-0.09000000000000001,23,0.9909036755561829
Learned,Learned Basis,-0.09000000000000001,24,0.9920667409896851
Learned,Learned Basis,-0.09000000000000001,25,0.9946308135986328
Learned,Learned Basis,-0.09000000000000001,26,0.9934683442115784
Learned,Learned Basis,-0.09000000000000001,27,0.9944162368774414
Learned,Learned Basis,-0.09000000000000001,28,0.9949057698249817
Learned,Learned Basis,-0.09000000000000001,29,0.9959354996681213
Learned,Learned Basis,-0.09000000000000001,30,0.9954817295074463
Learned,Learned Basis,-0.09000000000000001,31,0.9956951141357422
Learned,Learned Basis,-0.09000000000000001,32,0.9945458769798279
Learned,Learned Basis,-0.09000000000000001,33,0.9942732453346252
Learned,Learned Basis,-0.09000000000000001,34,0.9944220781326294
Learned,Learned Basis,-0.09000000000000001,35,0.9949681758880615
Learned,Learned Basis,-0.09000000000000001,36,0.9958460927009583
Learned,Learned Basis,-0.09000000000000001,37,0.9942396879196167
Learned,Learned Basis,-0.09000000000000001,38,0.9971756935119629
Learned,Learned Basis,-0.09000000000000001,39,0.9953216314315796
Learned,Learned Basis,-0.09000000000000001,40,0.995038628578186
Learned,Learned Basis,-0.09000000000000001,41,0.9956421256065369
Learned,Learned Basis,-0.09000000000000001,42,0.9945257306098938
Learned,Learned Basis,-0.09000000000000001,43,0.9963637590408325
Learned,Learned Basis,-0.09000000000000001,44,0.996012806892395
Learned,Learned Basis,-0.08000000000000002,0,0.9966460466384888
Learned,Learned Basis,-0.08000000000000002,1,0.9959124326705933
Learned,Learned Basis,-0.08000000000000002,2,0.997043251991272
Learned,Learned Basis,-0.08000000000000002,3,0.9961508512496948
Learned,Learned Basis,-0.08000000000000002,4,0.9957759976387024
Learned,Learned Basis,-0.08000000000000002,5,0.9954285025596619
Learned,Learned Basis,-0.08000000000000002,6,0.9963719248771667
Learned,Learned Basis,-0.08000000000000002,7,0.9960795640945435
Learned,Learned Basis,-0.08000000000000002,8,0.994823157787323
Learned,Learned Basis,-0.08000000000000002,9,0.9973665475845337
Learned,Learned Basis,-0.08000000000000002,10,0.9961028099060059
Learned,Learned Basis,-0.08000000000000002,11,0.9955571889877319
Learned,Learned Basis,-0.08000000000000002,12,0.9948951005935669
Learned,Learned Basis,-0.08000000000000002,13,0.9956887364387512
Learned,Learned Basis,-0.08000000000000002,14,0.994346022605896
Learned,Learned Basis,-0.08000000000000002,15,0.995796799659729
Learned,Learned Basis,-0.08000000000000002,16,0.9950995445251465
Learned,Learned Basis,-0.08000000000000002,17,0.9974293112754822
Learned,Learned Basis,-0.08000000000000002,18,0.9945511817932129
Learned,Learned Basis,-0.08000000000000002,19,0.9942337274551392
Learned,Learned Basis,-0.08000000000000002,20,0.9941303730010986
Learned,Learned Basis,-0.08000000000000002,21,0.9939286112785339
Learned,Learned Basis,-0.08000000000000002,22,0.9922739267349243
Learned,Learned Basis,-0.08000000000000002,23,0.9918795228004456
Learned,Learned Basis,-0.08000000000000002,24,0.9926241636276245
Learned,Learned Basis,-0.08000000000000002,25,0.9949831366539001
Learned,Learned Basis,-0.08000000000000002,26,0.9937424063682556
Learned,Learned Basis,-0.08000000000000002,27,0.9946295619010925
Learned,Learned Basis,-0.08000000000000002,28,0.9950980544090271
Learned,Learned Basis,-0.08000000000000002,29,0.996086597442627
Learned,Learned Basis,-0.08000000000000002,30,0.9956183433532715
Learned,Learned Basis,-0.08000000000000002,31,0.9957984089851379
Learned,Learned Basis,-0.08000000000000002,32,0.9946379661560059
Learned,Learned Basis,-0.08000000000000002,33,0.9943526983261108
Learned,Learned Basis,-0.08000000000000002,34,0.994477391242981
Learned,Learned Basis,-0.08000000000000002,35,0.9950392842292786
Learned,Learned Basis,-0.08000000000000002,36,0.9959151744842529
Learned,Learned Basis,-0.08000000000000002,37,0.9943040013313293
Learned,Learned Basis,-0.08000000000000002,38,0.9972409009933472
Learned,Learned Basis,-0.08000000000000002,39,0.9953749775886536
Learned,Learned Basis,-0.08000000000000002,40,0.9950944781303406
Learned,Learned Basis,-0.08000000000000002,41,0.9956828951835632
Learned,Learned Basis,-0.08000000000000002,42,0.9945754408836365
Learned,Learned Basis,-0.08000000000000002,43,0.9964098930358887
Learned,Learned Basis,-0.08000000000000002,44,0.9960554838180542
Learned,Learned Basis,-0.07,0,0.9966739416122437
Learned,Learned Basis,-0.07,1,0.9959572553634644
Learned,Learned Basis,-0.07,2,0.9970812797546387
Learned,Learned Basis,-0.07,3,0.996193528175354
Learned,Learned Basis,-0.07,4,0.9958257079124451
Learned,Learned Basis,-0.07,5,0.9954740405082703
Learned,Learned Basis,-0.07,6,0.9964190125465393
Learned,Learned Basis,-0.07,7,0.9961391687393188
Learned,Learned Basis,-0.07,8,0.9948744177818298
Learned,Learned Basis,-0.07,9,0.9974261522293091
Learned,Learned Basis,-0.07,10,0.996170699596405
Learned,Learned Basis,-0.07,11,0.9956207871437073
Learned,Learned Basis,-0.07,12,0.9949653744697571
Learned,Learned Basis,-0.07,13,0.995775580406189
Learned,Learned Basis,-0.07,14,0.9944573640823364
Learned,Learned Basis,-0.07,15,0.9959207773208618
Learned,Learned Basis,-0.07,16,0.9952491521835327
Learned,Learned Basis,-0.07,17,0.9975984692573547
Learned,Learned Basis,-0.07,18,0.9947307705879211
Learned,Learned Basis,-0.07,19,0.994472086429596
Learned,Learned Basis,-0.07,20,0.994464099407196
Learned,Learned Basis,-0.07,21,0.9944308996200562
Learned,Learned Basis,-0.07,22,0.9931520223617554
Learned,Learned Basis,-0.07,23,0.9927452802658081
Learned,Learned Basis,-0.07,24,0.9931207299232483
Learned,Learned Basis,-0.07,25,0.9952934384346008
Learned,Learned Basis,-0.07,26,0.9939866662025452
Learned,Learned Basis,-0.07,27,0.994818925857544
Learned,Learned Basis,-0.07,28,0.9952705502510071
Learned,Learned Basis,-0.07,29,0.9962214827537537
Learned,Learned Basis,-0.07,30,0.9957403540611267
Learned,Learned Basis,-0.07,31,0.9958894848823547
Learned,Learned Basis,-0.07,32,0.9947203397750854
Learned,Learned Basis,-0.07,33,0.9944231510162354
Learned,Learned Basis,-0.07,34,0.994524359703064
Learned,Learned Basis,-0.07,35,0.9951027631759644
Learned,Learned Basis,-0.07,36,0.9959770441055298
Learned,Learned Basis,-0.07,37,0.9943620562553406
Learned,Learned Basis,-0.07,38,0.9972994327545166
Learned,Learned Basis,-0.07,39,0.9954216480255127
Learned,Learned Basis,-0.07,40,0.9951441287994385
Learned,Learned Basis,-0.07,41,0.9957181215286255
Learned,Learned Basis,-0.07,42,0.9946197271347046
Learned,Learned Basis,-0.07,43,0.9964506030082703
Learned,Learned Basis,-0.07,44,0.996092677116394
Learned,Learned Basis,-0.06,0,0.9966962337493896
Learned,Learned Basis,-0.06,1,0.9959966540336609
Learned,Learned Basis,-0.06,2,0.9971135258674622
Learned,Learned Basis,-0.06,3,0.9962303638458252
Learned,Learned Basis,-0.06,4,0.995869517326355
Learned,Learned Basis,-0.06,5,0.9955142140388489
Learned,Learned Basis,-0.06,6,0.9964600801467896
Learned,Learned Basis,-0.06,7,0.9961920976638794
Learned,Learned Basis,-0.06,8,0.9949187636375427
Learned,Learned Basis,-0.06,9,0.9974790215492249
Learned,Learned Basis,-0.06,10,0.9962306022644043
Learned,Learned Basis,-0.06,11,0.9956756830215454
Learned,Learned Basis,-0.06,12,0.9950269460678101
Learned,Learned Basis,-0.06,13,0.9958521127700806
Learned,Learned Basis,-0.06,14,0.9945564866065979
Learned,Learned Basis,-0.06,15,0.9960300922393799
Learned,Learned Basis,-0.06,16,0.9953819513320923
Learned,Learned Basis,-0.06,17,0.9977471232414246
Learned,Learned Basis,-0.06,18,0.994885265827179
Learned,Learned Basis,-0.06,19,0.9946799874305725
Learned,Learned Basis,-0.06,20,0.9947556853294373
Learned,Learned Basis,-0.06,21,0.9948696494102478
Learned,Learned Basis,-0.06,22,0.9939169883728027
Learned,Learned Basis,-0.06,23,0.9934985041618347
Learned,Learned Basis,-0.06,24,0.9935553669929504
Learned,Learned Basis,-0.06,25,0.9955609440803528
Learned,Learned Basis,-0.06,26,0.994200587272644
Learned,Learned Basis,-0.06,27,0.9949839115142822
Learned,Learned Basis,-0.06,28,0.9954228401184082
Learned,Learned Basis,-0.06,29,0.9963402152061462
Learned,Learned Basis,-0.06,30,0.9958479404449463
Learned,Learned Basis,-0.06,31,0.9959684610366821
Learned,Learned Basis,-0.06,32,0.9947927594184875
Learned,Learned Basis,-0.06,33,0.9944844841957092
Learned,Learned Basis,-0.06,34,0.9945626258850098
Learned,Learned Basis,-0.06,35,0.9951584339141846
Learned,Learned Basis,-0.06,36,0.9960318803787231
Learned,Learned Basis,-0.06,37,0.994413435459137
Learned,Learned Basis,-0.06,38,0.9973509311676025
Learned,Learned Basis,-0.06,39,0.9954624176025391
Learned,Learned Basis,-0.06,40,0.9951878190040588
Learned,Learned Basis,-0.06,41,0.9957478046417236
Learned,Learned Basis,-0.06,42,0.994658350944519
Learned,Learned Basis,-0.06,43,0.996486246585846
Learned,Learned Basis,-0.06,44,0.9961245656013489
Learned,Learned Basis,-0.05000000000000002,0,0.9967134594917297
Learned,Learned Basis,-0.05000000000000002,1,0.9960305690765381
Learned,Learned Basis,-0.05000000000000002,2,0.9971396923065186
Learned,Learned Basis,-0.05000000000000002,3,0.9962615966796875
Learned,Learned Basis,-0.05000000000000002,4,0.9959076046943665
Learned,Learned Basis,-0.05000000000000002,5,0.9955481290817261
Learned,Learned Basis,-0.05000000000000002,6,0.9964950680732727
Learned,Learned Basis,-0.05000000000000002,7,0.9962388277053833
Learned,Learned Basis,-0.05000000000000002,8,0.9949564933776855
Learned,Learned Basis,-0.05000000000000002,9,0.9975250363349915
Learned,Learned Basis,-0.05000000000000002,10,0.9962822794914246
Learned,Learned Basis,-0.05000000000000002,11,0.9957226514816284
Learned,Learned Basis,-0.05000000000000002,12,0.9950789213180542
Learned,Learned Basis,-0.05000000000000002,13,0.9959187507629395
Learned,Learned Basis,-0.05000000000000002,14,0.9946428537368774
Learned,Learned Basis,-0.05000000000000002,15,0.9961249232292175
Learned,Learned Basis,-0.05000000000000002,16,0.9954971671104431
Learned,Learned Basis,-0.05000000000000002,17,0.9978756308555603
Learned,Learned Basis,-0.05000000000000002,18,0.9950144290924072
Learned,Learned Basis,-0.05000000000000002,19,0.9948574900627136
Learned,Learned Basis,-0.05000000000000002,20,0.9950050711631775
Learned,Learned Basis,-0.05000000000000002,21,0.995243489742279
Learned,Learned Basis,-0.05000000000000002,22,0.9945658445358276
Learned,Learned Basis,-0.05000000000000002,23,0.9941368699073792
Learned,Learned Basis,-0.05000000000000002,24,0.9939266443252563
Learned,Learned Basis,-0.05000000000000002,25,0.9957851767539978
Learned,Learned Basis,-0.05000000000000002,26,0.9943835139274597
Learned,Learned Basis,-0.05000000000000002,27,0.9951240420341492
Learned,Learned Basis,-0.05000000000000002,28,0.9955548048019409
Learned,Learned Basis,-0.05000000000000002,29,0.9964423775672913
Learned,Learned Basis,-0.05000000000000002,30,0.9959404468536377
Learned,Learned Basis,-0.05000000000000002,31,0.9960352182388306
Learned,Learned Basis,-0.05000000000000002,32,0.9948550462722778
Learned,Learned Basis,-0.05000000000000002,33,0.9945362210273743
Learned,Learned Basis,-0.05000000000000002,34,0.9945927858352661
Learned,Learned Basis,-0.05000000000000002,35,0.9952064156532288
Learned,Learned Basis,-0.05000000000000002,36,0.9960792064666748
Learned,Learned Basis,-0.05000000000000002,37,0.9944583773612976
Learned,Learned Basis,-0.05000000000000002,38,0.9973956346511841
Learned,Learned Basis,-0.05000000000000002,39,0.9954966902732849
Learned,Learned Basis,-0.05000000000000002,40,0.9952258467674255
Learned,Learned Basis,-0.05000000000000002,41,0.9957722425460815
Learned,Learned Basis,-0.05000000000000002,42,0.9946913719177246
Learned,Learned Basis,-0.05000000000000002,43,0.9965161681175232
Learned,Learned Basis,-0.05000000000000002,44,0.99615079164505
Learned,Learned Basis,-0.04000000000000001,0,0.99672532081604
Learned,Learned Basis,-0.04000000000000001,1,0.9960591197013855
Learned,Learned Basis,-0.04000000000000001,2,0.9971601366996765
Learned,Learned Basis,-0.04000000000000001,3,0.9962872266769409
Learned,Learned Basis,-0.04000000000000001,4,0.9959398508071899
Learned,Learned Basis,-0.04000000000000001,5,0.9955763816833496
Learned,Learned Basis,-0.04000000000000001,6,0.996523916721344
Learned,Learned Basis,-0.04000000000000001,7,0.9962786436080933
Learned,Learned Basis,-0.04000000000000001,8,0.9949871897697449
Learned,Learned Basis,-0.04000000000000001,9,0.9975636601448059
Learned,Learned Basis,-0.04000000000000001,10,0.9963252544403076
Learned,Learned Basis,-0.04000000000000001,11,0.9957615733146667
Learned,Learned Basis,-0.04000000000000001,12,0.9951213002204895
Learned,Learned Basis,-0.04000000000000001,13,0.9959750175476074
Learned,Learned Basis,-0.04000000000000001,14,0.9947168827056885
Learned,Learned Basis,-0.04000000000000001,15,0.9962053298950195
Learned,Learned Basis,-0.04000000000000001,16,0.9955950975418091
Learned,Learned Basis,-0.04000000000000001,17,0.9979833364486694
Learned,Learned Basis,-0.04000000000000001,18,0.9951183795928955
Learned,Learned Basis,-0.04000000000000001,19,0.9950035810470581
Learned,Learned Basis,-0.04000000000000001,20,0.9952113032341003
Learned,Learned Basis,-0.04000000000000001,21,0.9955518841743469
Learned,Learned Basis,-0.04000000000000001,22,0.9950975179672241
Learned,Learned Basis,-0.04000000000000001,23,0.9946586489677429
Learned,Learned Basis,-0.04000000000000001,24,0.9942335486412048
Learned,Learned Basis,-0.04000000000000001,25,0.9959654211997986
Learned,Learned Basis,-0.04000000000000001,26,0.9945350885391235
Learned,Learned Basis,-0.04000000000000001,27,0.9952390193939209
Learned,Learned Basis,-0.04000000000000001,28,0.995665967464447
Learned,Learned Basis,-0.04000000000000001,29,0.9965277910232544
Learned,Learned Basis,-0.04000000000000001,30,0.9960183501243591
Learned,Learned Basis,-0.04000000000000001,31,0.9960892200469971
Learned,Learned Basis,-0.04000000000000001,32,0.9949073195457458
Learned,Learned Basis,-0.04000000000000001,33,0.9945792555809021
Learned,Learned Basis,-0.04000000000000001,34,0.9946138262748718
Learned,Learned Basis,-0.04000000000000001,35,0.9952467083930969
Learned,Learned Basis,-0.04000000000000001,36,0.9961190223693848
Learned,Learned Basis,-0.04000000000000001,37,0.9944967031478882
Learned,Learned Basis,-0.04000000000000001,38,0.997433066368103
Learned,Learned Basis,-0.04000000000000001,39,0.9955244660377502
Learned,Learned Basis,-0.04000000000000001,40,0.9952578544616699
Learned,Learned Basis,-0.04000000000000001,41,0.9957906603813171
Learned,Learned Basis,-0.04000000000000001,42,0.9947189688682556
Learned,Learned Basis,-0.04000000000000001,43,0.9965404868125916
Learned,Learned Basis,-0.04000000000000001,44,0.9961715340614319
Learned,Learned Basis,-0.03,0,0.9967319965362549
Learned,Learned Basis,-0.03,1,0.9960823655128479
Learned,Learned Basis,-0.03,2,0.9971749186515808
Learned,Learned Basis,-0.03,3,0.996307373046875
Learned,Learned Basis,-0.03,4,0.9959664940834045
Learned,Learned Basis,-0.03,5,0.9955989122390747
Learned,Learned Basis,-0.03,6,0.9965466856956482
Learned,Learned Basis,-0.03,7,0.9963119029998779
Learned,Learned Basis,-0.03,8,0.995011031627655
Learned,Learned Basis,-0.03,9,0.997595489025116
Learned,Learned Basis,-0.03,10,0.9963604211807251
Learned,Learned Basis,-0.03,11,0.9957915544509888
Learned,Learned Basis,-0.03,12,0.9951542019844055
Learned,Learned Basis,-0.03,13,0.9960207939147949
Learned,Learned Basis,-0.03,14,0.9947783946990967
Learned,Learned Basis,-0.03,15,0.9962712526321411
Learned,Learned Basis,-0.03,16,0.9956755638122559
Learned,Learned Basis,-0.03,17,0.9980704188346863
Learned,Learned Basis,-0.03,18,0.9951963424682617
Learned,Learned Basis,-0.03,19,0.9951184988021851
Learned,Learned Basis,-0.03,20,0.9953736662864685
Learned,Learned Basis,-0.03,21,0.9957931041717529
Learned,Learned Basis,-0.03,22,0.9955096244812012
Learned,Learned Basis,-0.03,23,0.9950622320175171
Learned,Learned Basis,-0.03,24,0.9944753646850586
Learned,Learned Basis,-0.03,25,0.9961010813713074
Learned,Learned Basis,-0.03,26,0.9946548342704773
Learned,Learned Basis,-0.03,27,0.9953287243843079
Learned,Learned Basis,-0.03,28,0.9957565069198608
Learned,Learned Basis,-0.03,29,0.9965965747833252
Learned,Learned Basis,-0.03,30,0.9960811138153076
Learned,Learned Basis,-0.03,31,0.9961307048797607
Learned,Learned Basis,-0.03,32,0.9949495792388916
Learned,Learned Basis,-0.03,33,0.9946125745773315
Learned,Learned Basis,-0.03,34,0.9946266412734985
Learned,Learned Basis,-0.03,35,0.9952792525291443
Learned,Learned Basis,-0.03,36,0.9961515069007874
Learned,Learned Basis,-0.03,37,0.9945284724235535
Learned,Learned Basis,-0.03,38,0.997463583946228
Learned,Learned Basis,-0.03,39,0.9955459833145142
Learned,Learned Basis,-0.03,40,0.9952839016914368
Learned,Learned Basis,-0.03,41,0.995803713798523
Learned,Learned Basis,-0.03,42,0.9947407841682434
Learned,Learned Basis,-0.03,43,0.9965595602989197
Learned,Learned Basis,-0.03,44,0.9961870908737183
Learned,Learned Basis,-0.020000000000000018,0,0.9967331290245056
Learned,Learned Basis,-0.020000000000000018,1,0.9961000680923462
Learned,Learned Basis,-0.020000000000000018,2,0.9971835613250732
Learned,Learned Basis,-0.020000000000000018,3,0.9963216781616211
Learned,Learned Basis,-0.020000000000000018,4,0.9959869980812073
Learned,Learned Basis,-0.020000000000000018,5,0.9956157207489014
Learned,Learned Basis,-0.020000000000000018,6,0.996563196182251
Learned,Learned Basis,-0.020000000000000018,7,0.9963388442993164
Learned,Learned Basis,-0.020000000000000018,8,0.9950277209281921
Learned,Learned Basis,-0.020000000000000018,9,0.9976199865341187
Learned,Learned Basis,-0.020000000000000018,10,0.9963869452476501
Learned,Learned Basis,-0.020000000000000018,11,0.99581378698349
Learned,Learned Basis,-0.020000000000000018,12,0.9951773881912231
Learned,Learned Basis,-0.020000000000000018,13,0.9960559010505676
Learned,Learned Basis,-0.020000000000000018,14,0.994827151298523
Learned,Learned Basis,-0.020000000000000018,15,0.9963216781616211
Learned,Learned Basis,-0.020000000000000018,16,0.9957373738288879
Learned,Learned Basis,-0.020000000000000018,17,0.9981364011764526
Learned,Learned Basis,-0.020000000000000018,18,0.9952483177185059
Learned,Learned Basis,-0.020000000000000018,19,0.9952014684677124
Learned,Learned Basis,-0.020000000000000018,20,0.9954928159713745
Learned,Learned Basis,-0.020000000000000018,21,0.9959671497344971
Learned,Learned Basis,-0.020000000000000018,22,0.9958016872406006
Learned,Learned Basis,-0.020000000000000018,23,0.9953463077545166
Learned,Learned Basis,-0.020000000000000018,24,0.9946511387825012
Learned,Learned Basis,-0.020000000000000018,25,0.9961917996406555
Learned,Learned Basis,-0.020000000000000018,26,0.9947425127029419
Learned,Learned Basis,-0.020000000000000018,27,0.9953925013542175
Learned,Learned Basis,-0.020000000000000018,28,0.9958257675170898
Learned,Learned Basis,-0.020000000000000018,29,0.9966481328010559
Learned,Learned Basis,-0.020000000000000018,30,0.9961287379264832
Learned,Learned Basis,-0.020000000000000018,31,0.996159553527832
Learned,Learned Basis,-0.020000000000000018,32,0.9949815273284912
Learned,Learned Basis,-0.020000000000000018,33,0.9946364164352417
Learned,Learned Basis,-0.020000000000000018,34,0.9946308135986328
Learned,Learned Basis,-0.020000000000000018,35,0.9953039288520813
Learned,Learned Basis,-0.020000000000000018,36,0.9961768984794617
Learned,Learned Basis,-0.020000000000000018,37,0.9945539832115173
Learned,Learned Basis,-0.020000000000000018,38,0.9974871277809143
Learned,Learned Basis,-0.020000000000000018,39,0.9955609440803528
Learned,Learned Basis,-0.020000000000000018,40,0.9953035712242126
Learned,Learned Basis,-0.020000000000000018,41,0.9958112835884094
Learned,Learned Basis,-0.020000000000000018,42,0.9947571754455566
Learned,Learned Basis,-0.020000000000000018,43,0.9965730905532837
Learned,Learned Basis,-0.020000000000000018,44,0.996196985244751
Learned,Learned Basis,-0.010000000000000009,0,0.9967291355133057
Learned,Learned Basis,-0.010000000000000009,1,0.9961125254631042
Learned,Learned Basis,-0.010000000000000009,2,0.9971870183944702
Learned,Learned Basis,-0.010000000000000009,3,0.9963299632072449
Learned,Learned Basis,-0.010000000000000009,4,0.9960018992424011
Learned,Learned Basis,-0.010000000000000009,5,0.9956264495849609
Learned,Learned Basis,-0.010000000000000009,6,0.9965737462043762
Learned,Learned Basis,-0.010000000000000009,7,0.9963589310646057
Learned,Learned Basis,-0.010000000000000009,8,0.9950374364852905
Learned,Learned Basis,-0.010000000000000009,9,0.9976374506950378
Learned,Learned Basis,-0.010000000000000009,10,0.9964056611061096
Learned,Learned Basis,-0.010000000000000009,11,0.9958275556564331
Learned,Learned Basis,-0.010000000000000009,12,0.9951909184455872
Learned,Learned Basis,-0.010000000000000009,13,0.9960811734199524
Learned,Learned Basis,-0.010000000000000009,14,0.9948626160621643
Learned,Learned Basis,-0.010000000000000009,15,0.9963575005531311
Learned,Learned Basis,-0.010000000000000009,16,0.9957819581031799
Learned,Learned Basis,-0.010000000000000009,17,0.9981814622879028
Learned,Learned Basis,-0.010000000000000009,18,0.995274543762207
Learned,Learned Basis,-0.010000000000000009,19,0.9952521920204163
Learned,Learned Basis,-0.010000000000000009,20,0.9955674409866333
Learned,Learned Basis,-0.010000000000000009,21,0.9960732460021973
Learned,Learned Basis,-0.010000000000000009,22,0.9959722757339478
Learned,Learned Basis,-0.010000000000000009,23,0.9955103993415833
Learned,Learned Basis,-0.010000000000000009,24,0.9947605133056641
Learned,Learned Basis,-0.010000000000000009,25,0.996237576007843
Learned,Learned Basis,-0.010000000000000009,26,0.9947977662086487
Learned,Learned Basis,-0.010000000000000009,27,0.9954307079315186
Learned,Learned Basis,-0.010000000000000009,28,0.9958738088607788
Learned,Learned Basis,-0.010000000000000009,29,0.9966827034950256
Learned,Learned Basis,-0.010000000000000009,30,0.9961610436439514
Learned,Learned Basis,-0.010000000000000009,31,0.9961758255958557
Learned,Learned Basis,-0.010000000000000009,32,0.9950032234191895
Learned,Learned Basis,-0.010000000000000009,33,0.9946508407592773
Learned,Learned Basis,-0.010000000000000009,34,0.9946264028549194
Learned,Learned Basis,-0.010000000000000009,35,0.995320737361908
Learned,Learned Basis,-0.010000000000000009,36,0.9961947798728943
Learned,Learned Basis,-0.010000000000000009,37,0.9945723414421082
Learned,Learned Basis,-0.010000000000000009,38,0.9975036382675171
Learned,Learned Basis,-0.010000000000000009,39,0.9955697655677795
Learned,Learned Basis,-0.010000000000000009,40,0.9953176975250244
Learned,Learned Basis,-0.010000000000000009,41,0.9958133101463318
Learned,Learned Basis,-0.010000000000000009,42,0.9947679042816162
Learned,Learned Basis,-0.010000000000000009,43,0.9965812563896179
Learned,Learned Basis,-0.010000000000000009,44,0.9962011575698853
Learned,Learned Basis,0.0,0,0.9967196583747864
Learned,Learned Basis,0.0,1,0.9961193799972534
Learned,Learned Basis,0.0,2,0.9971839189529419
Learned,Learned Basis,0.0,3,0.9963330030441284
Learned,Learned Basis,0.0,4,0.9960107207298279
Learned,Learned Basis,0.0,5,0.9956312775611877
Learned,Learned Basis,0.0,6,0.9965783357620239
Learned,Learned Basis,0.0,7,0.9963729977607727
Learned,Learned Basis,0.0,8,0.9950401186943054
Learned,Learned Basis,0.0,9,0.9976476430892944
Learned,Learned Basis,0.0,10,0.996415913105011
Learned,Learned Basis,0.0,11,0.9958323836326599
Learned,Learned Basis,0.0,12,0.995195209980011
Learned,Learned Basis,0.0,13,0.9960954785346985
Learned,Learned Basis,0.0,14,0.9948856234550476
Learned,Learned Basis,0.0,15,0.9963780641555786
Learned,Learned Basis,0.0,16,0.9958084225654602
Learned,Learned Basis,0.0,17,0.998205304145813
Learned,Learned Basis,0.0,18,0.9952746033668518
Learned,Learned Basis,0.0,19,0.9952713251113892
Learned,Learned Basis,0.0,20,0.9955973625183105
Learned,Learned Basis,0.0,21,0.9961118102073669
Learned,Learned Basis,0.0,22,0.996021032333374
Learned,Learned Basis,0.0,23,0.9955536127090454
Learned,Learned Basis,0.0,24,0.9948031902313232
Learned,Learned Basis,0.0,25,0.996238112449646
Learned,Learned Basis,0.0,26,0.9948205947875977
Learned,Learned Basis,0.0,27,0.9954429268836975
Learned,Learned Basis,0.0,28,0.995900571346283
Learned,Learned Basis,0.0,29,0.9966999888420105
Learned,Learned Basis,0.0,30,0.9961782693862915
Learned,Learned Basis,0.0,31,0.9961791038513184
Learned,Learned Basis,0.0,32,0.9950147271156311
Learned,Learned Basis,0.0,33,0.9946560859680176
Learned,Learned Basis,0.0,34,0.9946134090423584
Learned,Learned Basis,0.0,35,0.9953298568725586
Learned,Learned Basis,0.0,36,0.99620521068573
Learned,Learned Basis,0.0,37,0.9945843815803528
Learned,Learned Basis,0.0,38,0.9975129961967468
Learned,Learned Basis,0.0,39,0.995572030544281
Learned,Learned Basis,0.0,40,0.9953255653381348
Learned,Learned Basis,0.0,41,0.9958094954490662
Learned,Learned Basis,0.0,42,0.9947730302810669
Learned,Learned Basis,0.0,43,0.9965837597846985
Learned,Learned Basis,0.0,44,0.9962002038955688
Learned,Learned Basis,0.009999999999999981,0,0.9967051148414612
Learned,Learned Basis,0.009999999999999981,1,0.9961207509040833
Learned,Learned Basis,0.009999999999999981,2,0.997175395488739
Learned,Learned Basis,0.009999999999999981,3,0.9963299036026001
Learned,Learned Basis,0.009999999999999981,4,0.9960136413574219
Learned,Learned Basis,0.009999999999999981,5,0.9956304430961609
Learned,Learned Basis,0.009999999999999981,6,0.9965765476226807
Learned,Learned Basis,0.009999999999999981,7,0.9963800311088562
Learned,Learned Basis,0.009999999999999981,8,0.9950361847877502
Learned,Learned Basis,0.009999999999999981,9,0.997650682926178
Learned,Learned Basis,0.009999999999999981,10,0.9964176416397095
Learned,Learned Basis,0.009999999999999981,11,0.9958293437957764
Learned,Learned Basis,0.009999999999999981,12,0.9951899647712708
Learned,Learned Basis,0.009999999999999981,13,0.9960991740226746
Learned,Learned Basis,0.009999999999999981,14,0.9948958158493042
Learned,Learned Basis,0.009999999999999981,15,0.9963837265968323
Learned,Learned Basis,0.009999999999999981,16,0.9958164691925049
Learned,Learned Basis,0.009999999999999981,17,0.9982077479362488
Learned,Learned Basis,0.009999999999999981,18,0.9952486157417297
Learned,Learned Basis,0.009999999999999981,19,0.9952581524848938
Learned,Learned Basis,0.009999999999999981,20,0.9955828189849854
Learned,Learned Basis,0.009999999999999981,21,0.9960815906524658
Learned,Learned Basis,0.009999999999999981,22,0.9959476590156555
Learned,Learned Basis,0.009999999999999981,23,0.995476245880127
Learned,Learned Basis,0.009999999999999981,24,0.9947790503501892
Learned,Learned Basis,0.009999999999999981,25,0.9961933493614197
Learned,Learned Basis,0.009999999999999981,26,0.9948108792304993
Learned,Learned Basis,0.009999999999999981,27,0.9954292178153992
Learned,Learned Basis,0.009999999999999981,28,0.9959061145782471
Learned,Learned Basis,0.009999999999999981,29,0.9967001080513
Learned,Learned Basis,0.009999999999999981,30,0.9961801767349243
Learned,Learned Basis,0.009999999999999981,31,0.9961696863174438
Learned,Learned Basis,0.009999999999999981,32,0.9950159788131714
Learned,Learned Basis,0.009999999999999981,33,0.9946519136428833
Learned,Learned Basis,0.009999999999999981,34,0.9945917725563049
Learned,Learned Basis,0.009999999999999981,35,0.995330810546875
Learned,Learned Basis,0.009999999999999981,36,0.9962082505226135
Learned,Learned Basis,0.009999999999999981,37,0.994590163230896
Learned,Learned Basis,0.009999999999999981,38,0.9975153207778931
Learned,Learned Basis,0.009999999999999981,39,0.9955678582191467
Learned,Learned Basis,0.009999999999999981,40,0.9953274130821228
Learned,Learned Basis,0.009999999999999981,41,0.9958003163337708
Learned,Learned Basis,0.009999999999999981,42,0.9947724938392639
Learned,Learned Basis,0.009999999999999981,43,0.9965808391571045
Learned,Learned Basis,0.009999999999999981,44,0.9961936473846436
Learned,Learned Basis,0.01999999999999999,0,0.9966849088668823
Learned,Learned Basis,0.01999999999999999,1,0.9961168766021729
Learned,Learned Basis,0.01999999999999999,2,0.9971609711647034
Learned,Learned Basis,0.01999999999999999,3,0.9963213205337524
Learned,Learned Basis,0.01999999999999999,4,0.9960108399391174
Learned,Learned Basis,0.01999999999999999,5,0.9956238269805908
Learned,Learned Basis,0.01999999999999999,6,0.996569037437439
Learned,Learned Basis,0.01999999999999999,7,0.9963803291320801
Learned,Learned Basis,0.01999999999999999,8,0.9950248003005981
Learned,Learned Basis,0.01999999999999999,9,0.997646689414978
Learned,Learned Basis,0.01999999999999999,10,0.9964115023612976
Learned,Learned Basis,0.01999999999999999,11,0.9958178997039795
Learned,Learned Basis,0.01999999999999999,12,0.9951750636100769
Learned,Learned Basis,0.01999999999999999,13,0.9960927963256836
Learned,Learned Basis,0.01999999999999999,14,0.9948927760124207
Learned,Learned Basis,0.01999999999999999,15,0.9963741302490234
Learned,Learned Basis,0.01999999999999999,16,0.9958071112632751
Learned,Learned Basis,0.01999999999999999,17,0.9981890320777893
Learned,Learned Basis,0.01999999999999999,18,0.9951966404914856
Learned,Learned Basis,0.01999999999999999,19,0.995212972164154
Learned,Learned Basis,0.01999999999999999,20,0.9955235123634338
Learned,Learned Basis,0.01999999999999999,21,0.9959830045700073
Learned,Learned Basis,0.01999999999999999,22,0.9957532286643982
Learned,Learned Basis,0.01999999999999999,23,0.9952781200408936
Learned,Learned Basis,0.01999999999999999,24,0.9946880340576172
Learned,Learned Basis,0.01999999999999999,25,0.9961035847663879
Learned,Learned Basis,0.01999999999999999,26,0.9947686791419983
Learned,Learned Basis,0.01999999999999999,27,0.9953895211219788
Learned,Learned Basis,0.01999999999999999,28,0.9958903193473816
Learned,Learned Basis,0.01999999999999999,29,0.9966830611228943
Learned,Learned Basis,0.01999999999999999,30,0.9961665868759155
Learned,Learned Basis,0.01999999999999999,31,0.9961478114128113
Learned,Learned Basis,0.01999999999999999,32,0.9950070977210999
Learned,Learned Basis,0.01999999999999999,33,0.9946379661560059
Learned,Learned Basis,0.01999999999999999,34,0.994561493396759
Learned,Learned Basis,0.01999999999999999,35,0.9953241944313049
Learned,Learned Basis,0.01999999999999999,36,0.9962037801742554
Learned,Learned Basis,0.01999999999999999,37,0.9945889711380005
Learned,Learned Basis,0.01999999999999999,38,0.9975106120109558
Learned,Learned Basis,0.01999999999999999,39,0.9955573081970215
Learned,Learned Basis,0.01999999999999999,40,0.9953233003616333
Learned,Learned Basis,0.01999999999999999,41,0.9957853555679321
Learned,Learned Basis,0.01999999999999999,42,0.9947664737701416
Learned,Learned Basis,0.01999999999999999,43,0.9965723752975464
Learned,Learned Basis,0.01999999999999999,44,0.9961814284324646
Learned,Learned Basis,0.03,0,0.9966596961021423
Learned,Learned Basis,0.03,1,0.9961073398590088
Learned,Learned Basis,0.03,2,0.9971404075622559
Learned,Learned Basis,0.03,3,0.9963070750236511
Learned,Learned Basis,0.03,4,0.9960018396377563
Learned,Learned Basis,0.03,5,0.9956114292144775
Learned,Learned Basis,0.03,6,0.9965550303459167
Learned,Learned Basis,0.03,7,0.9963744282722473
Learned,Learned Basis,0.03,8,0.9950065612792969
Learned,Learned Basis,0.03,9,0.9976354241371155
Learned,Learned Basis,0.03,10,0.9963966608047485
Learned,Learned Basis,0.03,11,0.9957975149154663
Learned,Learned Basis,0.03,12,0.9951501488685608
Learned,Learned Basis,0.03,13,0.9960751533508301
Learned,Learned Basis,0.03,14,0.9948769211769104
Learned,Learned Basis,0.03,15,0.9963496327400208
Learned,Learned Basis,0.03,16,0.9957787394523621
Learned,Learned Basis,0.03,17,0.9981492161750793
Learned,Learned Basis,0.03,18,0.9951185584068298
Learned,Learned Basis,0.03,19,0.9951354265213013
Learned,Learned Basis,0.03,20,0.9954201579093933
Learned,Learned Basis,0.03,21,0.9958168268203735
Learned,Learned Basis,0.03,22,0.9954370260238647
Learned,Learned Basis,0.03,23,0.9949600696563721
Learned,Learned Basis,0.03,24,0.9945306181907654
Learned,Learned Basis,0.03,25,0.9959688782691956
Learned,Learned Basis,0.03,26,0.99469393491745
Learned,Learned Basis,0.03,27,0.995323896408081
Learned,Learned Basis,0.03,28,0.9958533644676208
Learned,Learned Basis,0.03,29,0.9966487884521484
Learned,Learned Basis,0.03,30,0.9961378574371338
Learned,Learned Basis,0.03,31,0.9961128234863281
Learned,Learned Basis,0.03,32,0.9949878454208374
Learned,Learned Basis,0.03,33,0.9946151375770569
Learned,Learned Basis,0.03,34,0.9945228099822998
Learned,Learned Basis,0.03,35,0.9953094720840454
Learned,Learned Basis,0.03,36,0.9961920380592346
Learned,Learned Basis,0.03,37,0.9945810437202454
Learned,Learned Basis,0.03,38,0.9974987506866455
Learned,Learned Basis,0.03,39,0.9955402612686157
Learned,Learned Basis,0.03,40,0.9953129291534424
Learned,Learned Basis,0.03,41,0.995764970779419
Learned,Learned Basis,0.03,42,0.9947543740272522
Learned,Learned Basis,0.03,43,0.9965583682060242
Learned,Learned Basis,0.03,44,0.9961637854576111
Learned,Learned Basis,0.03999999999999998,0,0.996628999710083
Learned,Learned Basis,0.03999999999999998,1,0.9960924983024597
Learned,Learned Basis,0.03999999999999998,2,0.9971144795417786
Learned,Learned Basis,0.03999999999999998,3,0.9962872266769409
Learned,Learned Basis,0.03999999999999998,4,0.9959875345230103
Learned,Learned Basis,0.03999999999999998,5,0.9955927133560181
Learned,Learned Basis,0.03999999999999998,6,0.9965352416038513
Learned,Learned Basis,0.03999999999999998,7,0.9963616728782654
Learned,Learned Basis,0.03999999999999998,8,0.994981586933136
Learned,Learned Basis,0.03999999999999998,9,0.997617244720459
Learned,Learned Basis,0.03999999999999998,10,0.99637371301651
Learned,Learned Basis,0.03999999999999998,11,0.9957692623138428
Learned,Learned Basis,0.03999999999999998,12,0.9951158761978149
Learned,Learned Basis,0.03999999999999998,13,0.99604731798172
Learned,Learned Basis,0.03999999999999998,14,0.9948484897613525
Learned,Learned Basis,0.03999999999999998,15,0.9963101148605347
Learned,Learned Basis,0.03999999999999998,16,0.9957329034805298
Learned,Learned Basis,0.03999999999999998,17,0.9980883002281189
Learned,Learned Basis,0.03999999999999998,18,0.9950152635574341
Learned,Learned Basis,0.03999999999999998,19,0.995026171207428
Learned,Learned Basis,0.03999999999999998,20,0.9952727556228638
Learned,Learned Basis,0.03999999999999998,21,0.9955829977989197
Learned,Learned Basis,0.03999999999999998,22,0.9950003623962402
Learned,Learned Basis,0.03999999999999998,23,0.9945229291915894
Learned,Learned Basis,0.03999999999999998,24,0.9943069219589233
Learned,Learned Basis,0.03999999999999998,25,0.995789647102356
Learned,Learned Basis,0.03999999999999998,26,0.9945868849754333
Learned,Learned Basis,0.03999999999999998,27,0.9952325224876404
Learned,Learned Basis,0.03999999999999998,28,0.9957950711250305
Learned,Learned Basis,0.03999999999999998,29,0.9965973496437073
Learned,Learned Basis,0.03999999999999998,30,0.9960939288139343
Learned,Learned Basis,0.03999999999999998,31,0.9960653185844421
Learned,Learned Basis,0.03999999999999998,32,0.9949585199356079
Learned,Learned Basis,0.03999999999999998,33,0.9945826530456543
Learned,Learned Basis,0.03999999999999998,34,0.9944755434989929
Learned,Learned Basis,0.03999999999999998,35,0.9952869415283203
Learned,Learned Basis,0.03999999999999998,36,0.9961726665496826
Learned,Learned Basis,0.03999999999999998,37,0.9945670366287231
Learned,Learned Basis,0.03999999999999998,38,0.9974800944328308
Learned,Learned Basis,0.03999999999999998,39,0.995516836643219
Learned,Learned Basis,0.03999999999999998,40,0.9952969551086426
Learned,Learned Basis,0.03999999999999998,41,0.9957391619682312
Learned,Learned Basis,0.03999999999999998,42,0.994736909866333
Learned,Learned Basis,0.03999999999999998,43,0.9965391159057617
Learned,Learned Basis,0.03999999999999998,44,0.996140718460083
Learned,Learned Basis,0.04999999999999999,0,0.996593177318573
Learned,Learned Basis,0.04999999999999999,1,0.99607253074646
Learned,Learned Basis,0.04999999999999999,2,0.9970824718475342
Learned,Learned Basis,0.04999999999999999,3,0.9962616562843323
Learned,Learned Basis,0.04999999999999999,4,0.9959670901298523
Learned,Learned Basis,0.04999999999999999,5,0.9955686330795288
Learned,Learned Basis,0.04999999999999999,6,0.9965088963508606
Learned,Learned Basis,0.04999999999999999,7,0.9963425993919373
Learned,Learned Basis,0.04999999999999999,8,0.9949492812156677
Learned,Learned Basis,0.04999999999999999,9,0.997592031955719
Learned,Learned Basis,0.04999999999999999,10,0.996342658996582
Learned,Learned Basis,0.04999999999999999,11,0.9957325458526611
Learned,Learned Basis,0.04999999999999999,12,0.9950721263885498
Learned,Learned Basis,0.04999999999999999,13,0.9960088133811951
Learned,Learned Basis,0.04999999999999999,14,0.9948070049285889
Learned,Learned Basis,0.04999999999999999,15,0.99625563621521
Learned,Learned Basis,0.04999999999999999,16,0.9956693649291992
Learned,Learned Basis,0.04999999999999999,17,0.9980060458183289
Learned,Learned Basis,0.04999999999999999,18,0.9948863387107849
Learned,Learned Basis,0.04999999999999999,19,0.9948853850364685
Learned,Learned Basis,0.04999999999999999,20,0.9950816035270691
Learned,Learned Basis,0.04999999999999999,21,0.9952828884124756
Learned,Learned Basis,0.04999999999999999,22,0.994445264339447
Learned,Learned Basis,0.04999999999999999,23,0.9939680099487305
Learned,Learned Basis,0.04999999999999999,24,0.9940177202224731
Learned,Learned Basis,0.04999999999999999,25,0.9955664277076721
Learned,Learned Basis,0.04999999999999999,26,0.9944477677345276
Learned,Learned Basis,0.04999999999999999,27,0.9951156377792358
Learned,Learned Basis,0.04999999999999999,28,0.9957157373428345
Learned,Learned Basis,0.04999999999999999,29,0.9965287446975708
Learned,Learned Basis,0.04999999999999999,30,0.9960348606109619
Learned,Learned Basis,0.04999999999999999,31,0.9960051774978638
Learned,Learned Basis,0.04999999999999999,32,0.9949188828468323
Learned,Learned Basis,0.04999999999999999,33,0.9945409893989563
Learned,Learned Basis,0.04999999999999999,34,0.9944199919700623
Learned,Learned Basis,0.04999999999999999,35,0.995256781578064
Learned,Learned Basis,0.04999999999999999,36,0.9961462020874023
Learned,Learned Basis,0.04999999999999999,37,0.994546115398407
Learned,Learned Basis,0.04999999999999999,38,0.9974539875984192
Learned,Learned Basis,0.04999999999999999,39,0.9954872727394104
Learned,Learned Basis,0.04999999999999999,40,0.9952747225761414
Learned,Learned Basis,0.04999999999999999,41,0.995707631111145
Learned,Learned Basis,0.04999999999999999,42,0.9947140216827393
Learned,Learned Basis,0.04999999999999999,43,0.996514081954956
Learned,Learned Basis,0.04999999999999999,44,0.9961121678352356
Learned,Learned Basis,0.06,0,0.9965518712997437
Learned,Learned Basis,0.06,1,0.9960467219352722
Learned,Learned Basis,0.06,2,0.9970446228981018
Learned,Learned Basis,0.06,3,0.9962302446365356
Learned,Learned Basis,0.06,4,0.9959406852722168
Learned,Learned Basis,0.06,5,0.995538592338562
Learned,Learned Basis,0.06,6,0.9964768886566162
Learned,Learned Basis,0.06,7,0.9963166117668152
Learned,Learned Basis,0.06,8,0.9949105381965637
Learned,Learned Basis,0.06,9,0.9975591897964478
Learned,Learned Basis,0.06,10,0.9963030815124512
Learned,Learned Basis,0.06,11,0.9956874251365662
Learned,Learned Basis,0.06,12,0.9950190186500549
Learned,Learned Basis,0.06,13,0.9959599375724792
Learned,Learned Basis,0.06,14,0.9947523474693298
Learned,Learned Basis,0.06,15,0.9961857795715332
Learned,Learned Basis,0.06,16,0.9955878257751465
Learned,Learned Basis,0.06,17,0.9979028701782227
Learned,Learned Basis,0.06,18,0.9947322010993958
Learned,Learned Basis,0.06,19,0.9947131872177124
Learned,Learned Basis,0.06,20,0.9948475956916809
Learned,Learned Basis,0.06,21,0.9949163198471069
Learned,Learned Basis,0.06,22,0.9937723875045776
Learned,Learned Basis,0.06,23,0.9932968020439148
Learned,Learned Basis,0.06,24,0.9936639070510864
Learned,Learned Basis,0.06,25,0.9952995777130127
Learned,Learned Basis,0.06,26,0.9942768812179565
Learned,Learned Basis,0.06,27,0.9949732422828674
Learned,Learned Basis,0.06,28,0.9956156015396118
Learned,Learned Basis,0.06,29,0.9964433908462524
Learned,Learned Basis,0.06,30,0.9959607720375061
Learned,Learned Basis,0.06,31,0.9959325194358826
Learned,Learned Basis,0.06,32,0.9948693513870239
Learned,Learned Basis,0.06,33,0.9944899082183838
Learned,Learned Basis,0.06,34,0.9943558573722839
Learned,Learned Basis,0.06,35,0.9952187538146973
Learned,Learned Basis,0.06,36,0.9961121678352356
Learned,Learned Basis,0.06,37,0.9945191144943237
Learned,Learned Basis,0.06,38,0.9974209070205688
Learned,Learned Basis,0.06,39,0.9954510927200317
Learned,Learned Basis,0.06,40,0.9952462315559387
Learned,Learned Basis,0.06,41,0.9956706166267395
Learned,Learned Basis,0.06,42,0.9946852922439575
Learned,Learned Basis,0.06,43,0.9964838027954102
Learned,Learned Basis,0.06,44,0.9960781335830688
Learned,Learned Basis,0.07,0,0.9965054392814636
Learned,Learned Basis,0.07,1,0.9960153698921204
Learned,Learned Basis,0.07,2,0.9970012307167053
Learned,Learned Basis,0.07,3,0.9961934685707092
Learned,Learned Basis,0.07,4,0.9959085583686829
Learned,Learned Basis,0.07,5,0.9955028891563416
Learned,Learned Basis,0.07,6,0.9964386820793152
Learned,Learned Basis,0.07,7,0.996284544467926
Learned,Learned Basis,0.07,8,0.9948646426200867
Learned,Learned Basis,0.07,9,0.9975196123123169
Learned,Learned Basis,0.07,10,0.9962557554244995
Learned,Learned Basis,0.07,11,0.9956340193748474
Learned,Learned Basis,0.07,12,0.9949564933776855
Learned,Learned Basis,0.07,13,0.9959008693695068
Learned,Learned Basis,0.07,14,0.994685173034668
Learned,Learned Basis,0.07,15,0.9961021542549133
Learned,Learned Basis,0.07,16,0.9954882264137268
Learned,Learned Basis,0.07,17,0.997779369354248
Learned,Learned Basis,0.07,18,0.994552731513977
Learned,Learned Basis,0.07,19,0.9945104122161865
Learned,Learned Basis,0.07,20,0.9945707321166992
Learned,Learned Basis,0.07,21,0.9944849610328674
Learned,Learned Basis,0.07,22,0.9929840564727783
Learned,Learned Basis,0.07,23,0.9925114512443542
Learned,Learned Basis,0.07,24,0.9932464361190796
Learned,Learned Basis,0.07,25,0.9949901103973389
Learned,Learned Basis,0.07,26,0.9940747022628784
Learned,Learned Basis,0.07,27,0.9948058128356934
Learned,Learned Basis,0.07,28,0.9954947829246521
Learned,Learned Basis,0.07,29,0.9963412284851074
Learned,Learned Basis,0.07,30,0.9958718419075012
Learned,Learned Basis,0.07,31,0.9958474636077881
Learned,Learned Basis,0.07,32,0.994809627532959
Learned,Learned Basis,0.07,33,0.9944297075271606
Learned,Learned Basis,0.07,34,0.9942834973335266
Learned,Learned Basis,0.07,35,0.995172917842865
Learned,Learned Basis,0.07,36,0.9960708618164062
Learned,Learned Basis,0.07,37,0.9944851398468018
Learned,Learned Basis,0.07,38,0.9973808526992798
Learned,Learned Basis,0.07,39,0.9954085350036621
Learned,Learned Basis,0.07,40,0.9952120780944824
Learned,Learned Basis,0.07,41,0.9956281185150146
Learned,Learned Basis,0.07,42,0.9946509003639221
Learned,Learned Basis,0.07,43,0.9964478015899658
Learned,Learned Basis,0.07,44,0.9960389137268066
Learned,Learned Basis,0.08000000000000002,0,0.9964536428451538
Learned,Learned Basis,0.08000000000000002,1,0.9959789514541626
Learned,Learned Basis,0.08000000000000002,2,0.996951699256897
Learned,Learned Basis,0.08000000000000002,3,0.9961511492729187
Learned,Learned Basis,0.08000000000000002,4,0.9958707094192505
Learned,Learned Basis,0.08000000000000002,5,0.9954611659049988
Learned,Learned Basis,0.08000000000000002,6,0.9963945746421814
Learned,Learned Basis,0.08000000000000002,7,0.9962456226348877
Learned,Learned Basis,0.08000000000000002,8,0.9948121905326843
Learned,Learned Basis,0.08000000000000002,9,0.9974730610847473
Learned,Learned Basis,0.08000000000000002,10,0.9961999654769897
Learned,Learned Basis,0.08000000000000002,11,0.9955726265907288
Learned,Learned Basis,0.08000000000000002,12,0.9948843717575073
Learned,Learned Basis,0.08000000000000002,13,0.9958311319351196
Learned,Learned Basis,0.08000000000000002,14,0.9946056604385376
Learned,Learned Basis,0.08000000000000002,15,0.9960029721260071
Learned,Learned Basis,0.08000000000000002,16,0.9953715801239014
Learned,Learned Basis,0.08000000000000002,17,0.997635006904602
Learned,Learned Basis,0.08000000000000002,18,0.9943495392799377
Learned,Learned Basis,0.08000000000000002,19,0.9942769408226013
Learned,Learned Basis,0.08000000000000002,20,0.9942523837089539
Learned,Learned Basis,0.08000000000000002,21,0.9939901232719421
Learned,Learned Basis,0.08000000000000002,22,0.9920828342437744
Learned,Learned Basis,0.08000000000000002,23,0.9916141629219055
Learned,Learned Basis,0.08000000000000002,24,0.9927663803100586
Learned,Learned Basis,0.08000000000000002,25,0.9946387410163879
Learned,Learned Basis,0.08000000000000002,26,0.9938415884971619
Learned,Learned Basis,0.08000000000000002,27,0.994613766670227
Learned,Learned Basis,0.08000000000000002,28,0.9953535795211792
Learned,Learned Basis,0.08000000000000002,29,0.9962223768234253
Learned,Learned Basis,0.08000000000000002,30,0.9957682490348816
Learned,Learned Basis,0.08000000000000002,31,0.995749831199646
Learned,Learned Basis,0.08000000000000002,32,0.9947400689125061
Learned,Learned Basis,0.08000000000000002,33,0.9943604469299316
Learned,Learned Basis,0.08000000000000002,34,0.994202733039856
Learned,Learned Basis,0.08000000000000002,35,0.9951193928718567
Learned,Learned Basis,0.08000000000000002,36,0.9960223436355591
Learned,Learned Basis,0.08000000000000002,37,0.9944449663162231
Learned,Learned Basis,0.08000000000000002,38,0.9973338842391968
Learned,Learned Basis,0.08000000000000002,39,0.9953596591949463
Learned,Learned Basis,0.08000000000000002,40,0.9951719641685486
Learned,Learned Basis,0.08000000000000002,41,0.9955800175666809
Learned,Learned Basis,0.08000000000000002,42,0.9946113228797913
Learned,Learned Basis,0.08000000000000002,43,0.9964064955711365
Learned,Learned Basis,0.08000000000000002,44,0.9959940314292908
Learned,Learned Basis,0.08999999999999997,0,0.9963966608047485
Learned,Learned Basis,0.08999999999999997,1,0.9959368705749512
Learned,Learned Basis,0.08999999999999997,2,0.9968969225883484
Learned,Learned Basis,0.08999999999999997,3,0.9961031079292297
Learned,Learned Basis,0.08999999999999997,4,0.9958269000053406
Learned,Learned Basis,0.08999999999999997,5,0.995414137840271
Learned,Learned Basis,0.08999999999999997,6,0.9963444471359253
Learned,Learned Basis,0.08999999999999997,7,0.996200442314148
Learned,Learned Basis,0.08999999999999997,8,0.9947524666786194
Learned,Learned Basis,0.08999999999999997,9,0.9974194765090942
Learned,Learned Basis,0.08999999999999997,10,0.996136486530304
Learned,Learned Basis,0.08999999999999997,11,0.9955031275749207
Learned,Learned Basis,0.08999999999999997,12,0.994803249835968
Learned,Learned Basis,0.08999999999999997,13,0.9957510828971863
Learned,Learned Basis,0.08999999999999997,14,0.9945134520530701
Learned,Learned Basis,0.08999999999999997,15,0.9958901405334473
Learned,Learned Basis,0.08999999999999997,16,0.9952374696731567
Learned,Learned Basis,0.08999999999999997,17,0.9974709153175354
Learned,Learned Basis,0.08999999999999997,18,0.994122326374054
Learned,Learned Basis,0.08999999999999997,19,0.9940139651298523
Learned,Learned Basis,0.08999999999999997,20,0.9938929080963135
Learned,Learned Basis,0.08999999999999997,21,0.9934329986572266
Learned,Learned Basis,0.08999999999999997,22,0.9910709857940674
Learned,Learned Basis,0.08999999999999997,23,0.9906073808670044
Learned,Learned Basis,0.08999999999999997,24,0.9922252297401428
Learned,Learned Basis,0.08999999999999997,25,0.994246244430542
Learned,Learned Basis,0.08999999999999997,26,0.9935782551765442
Learned,Learned Basis,0.08999999999999997,27,0.9943975210189819
Learned,Learned Basis,0.08999999999999997,28,0.995192289352417
Learned,Learned Basis,0.08999999999999997,29,0.9960872530937195
Learned,Learned Basis,0.08999999999999997,30,0.9956499934196472
Learned,Learned Basis,0.08999999999999997,31,0.9956403374671936
Learned,Learned Basis,0.08999999999999997,32,0.9946607947349548
Learned,Learned Basis,0.08999999999999997,33,0.9942819476127625
Learned,Learned Basis,0.08999999999999997,34,0.9941139221191406
Learned,Learned Basis,0.08999999999999997,35,0.9950581789016724
Learned,Learned Basis,0.08999999999999997,36,0.9959663152694702
Learned,Learned Basis,0.08999999999999997,37,0.9943983554840088
Learned,Learned Basis,0.08999999999999997,38,0.997279942035675
Learned,Learned Basis,0.08999999999999997,39,0.9953045845031738
Learned,Learned Basis,0.08999999999999997,40,0.9951257109642029
Learned,Learned Basis,0.08999999999999997,41,0.9955267906188965
Learned,Learned Basis,0.08999999999999997,42,0.9945659041404724
Learned,Learned Basis,0.08999999999999997,43,0.9963598847389221
Learned,Learned Basis,0.08999999999999997,44,0.9959439039230347
Learned,Learned Basis,0.09999999999999998,0,0.9963347911834717
Learned,Learned Basis,0.09999999999999998,1,0.9958895444869995
Learned,Learned Basis,0.09999999999999998,2,0.9968361258506775
Learned,Learned Basis,0.09999999999999998,3,0.9960492849349976
Learned,Learned Basis,0.09999999999999998,4,0.995777428150177
Learned,Learned Basis,0.09999999999999998,5,0.9953609704971313
Learned,Learned Basis,0.09999999999999998,6,0.9962880611419678
Learned,Learned Basis,0.09999999999999998,7,0.9961487650871277
Learned,Learned Basis,0.09999999999999998,8,0.9946861863136292
Learned,Learned Basis,0.09999999999999998,9,0.9973586201667786
Learned,Learned Basis,0.09999999999999998,10,0.9960649609565735
Learned,Learned Basis,0.09999999999999998,11,0.9954251050949097
Learned,Learned Basis,0.09999999999999998,12,0.994712769985199
Learned,Learned Basis,0.09999999999999998,13,0.9956610202789307
Learned,Learned Basis,0.09999999999999998,14,0.9944089651107788
Learned,Learned Basis,0.09999999999999998,15,0.9957623481750488
Learned,Learned Basis,0.09999999999999998,16,0.9950864911079407
Learned,Learned Basis,0.09999999999999998,17,0.9972867369651794
Learned,Learned Basis,0.09999999999999998,18,0.9938715100288391
Learned,Learned Basis,0.09999999999999998,19,0.9937215447425842
Learned,Learned Basis,0.09999999999999998,20,0.9934935569763184
Learned,Learned Basis,0.09999999999999998,21,0.9928150177001953
Learned,Learned Basis,0.09999999999999998,22,0.989951491355896
Learned,Learned Basis,0.09999999999999998,23,0.9894946217536926
Learned,Learned Basis,0.09999999999999998,24,0.9916244149208069
Learned,Learned Basis,0.09999999999999998,25,0.993813693523407
Learned,Learned Basis,0.09999999999999998,26,0.9932852983474731
Learned,Learned Basis,0.09999999999999998,27,0.9941571950912476
Learned,Learned Basis,0.09999999999999998,28,0.9950112104415894
Learned,Learned Basis,0.09999999999999998,29,0.9959359765052795
Learned,Learned Basis,0.09999999999999998,30,0.995517373085022
Learned,Learned Basis,0.09999999999999998,31,0.9955185651779175
Learned,Learned Basis,0.09999999999999998,32,0.9945716261863708
Learned,Learned Basis,0.09999999999999998,33,0.9941948652267456
Learned,Learned Basis,0.09999999999999998,34,0.9940170049667358
Learned,Learned Basis,0.09999999999999998,35,0.9949894547462463
Learned,Learned Basis,0.09999999999999998,36,0.9959032535552979
Learned,Learned Basis,0.09999999999999998,37,0.9943451285362244
Learned,Learned Basis,0.09999999999999998,38,0.9972190856933594
Learned,Learned Basis,0.09999999999999998,39,0.9952434301376343
Learned,Learned Basis,0.09999999999999998,40,0.9950735569000244
Learned,Learned Basis,0.09999999999999998,41,0.9954677224159241
Learned,Learned Basis,0.09999999999999998,42,0.994515061378479
Learned,Learned Basis,0.09999999999999998,43,0.9963076114654541
Learned,Learned Basis,0.09999999999999998,44,0.995888352394104
Learned,Learned Basis,0.10999999999999999,0,0.9962673783302307
Learned,Learned Basis,0.10999999999999999,1,0.9958369135856628
Learned,Learned Basis,0.10999999999999999,2,0.9967695474624634
Learned,Learned Basis,0.10999999999999999,3,0.9959902167320251
Learned,Learned Basis,0.10999999999999999,4,0.9957221746444702
Learned,Learned Basis,0.10999999999999999,5,0.9953022599220276
Learned,Learned Basis,0.10999999999999999,6,0.9962261319160461
Learned,Learned Basis,0.10999999999999999,7,0.9960910081863403
Learned,Learned Basis,0.10999999999999999,8,0.994613528251648
Learned,Learned Basis,0.10999999999999999,9,0.9972913265228271
Learned,Learned Basis,0.10999999999999999,10,0.9959852695465088
Learned,Learned Basis,0.10999999999999999,11,0.9953396320343018
Learned,Learned Basis,0.10999999999999999,12,0.9946136474609375
Learned,Learned Basis,0.10999999999999999,13,0.9955608248710632
Learned,Learned Basis,0.10999999999999999,14,0.9942923188209534
Learned,Learned Basis,0.10999999999999999,15,0.9956205487251282
Learned,Learned Basis,0.10999999999999999,16,0.9949188232421875
Learned,Learned Basis,0.10999999999999999,17,0.9970834255218506
Learned,Learned Basis,0.10999999999999999,18,0.9935980439186096
Learned,Learned Basis,0.10999999999999999,19,0.9934011697769165
Learned,Learned Basis,0.10999999999999999,20,0.9930552840232849
Learned,Learned Basis,0.10999999999999999,21,0.9921382665634155
Learned,Learned Basis,0.10999999999999999,22,0.9887281656265259
Learned,Learned Basis,0.10999999999999999,23,0.9882785081863403
Learned,Learned Basis,0.10999999999999999,24,0.9909654259681702
Learned,Learned Basis,0.10999999999999999,25,0.993342399597168
Learned,Learned Basis,0.10999999999999999,26,0.9929629564285278
Learned,Learned Basis,0.10999999999999999,27,0.9938936233520508
Learned,Learned Basis,0.10999999999999999,28,0.9948109984397888
Learned,Learned Basis,0.10999999999999999,29,0.9957687258720398
Learned,Learned Basis,0.10999999999999999,30,0.9953708052635193
Learned,Learned Basis,0.10999999999999999,31,0.9953852891921997
Learned,Learned Basis,0.10999999999999999,32,0.9944729804992676
Learned,Learned Basis,0.10999999999999999,33,0.9940986037254333
Learned,Learned Basis,0.10999999999999999,34,0.9939121007919312
Learned,Learned Basis,0.10999999999999999,35,0.9949131011962891
Learned,Learned Basis,0.10999999999999999,36,0.9958333969116211
Learned,Learned Basis,0.10999999999999999,37,0.9942858219146729
Learned,Learned Basis,0.10999999999999999,38,0.9971511363983154
Learned,Learned Basis,0.10999999999999999,39,0.9951757192611694
Learned,Learned Basis,0.10999999999999999,40,0.9950156807899475
Learned,Learned Basis,0.10999999999999999,41,0.9954035878181458
Learned,Learned Basis,0.10999999999999999,42,0.9944587349891663
Learned,Learned Basis,0.10999999999999999,43,0.9962502717971802
Learned,Learned Basis,0.10999999999999999,44,0.9958276152610779
Learned,Learned Basis,0.12,0,0.9961946606636047
Learned,Learned Basis,0.12,1,0.9957789182662964
Learned,Learned Basis,0.12,2,0.9966976046562195
Learned,Learned Basis,0.12,3,0.9959254860877991
Learned,Learned Basis,0.12,4,0.9956609606742859
Learned,Learned Basis,0.12,5,0.9952380061149597
Learned,Learned Basis,0.12,6,0.9961581230163574
Learned,Learned Basis,0.12,7,0.9960268139839172
Learned,Learned Basis,0.12,8,0.9945338368415833
Learned,Learned Basis,0.12,9,0.997217059135437
Learned,Learned Basis,0.12,10,0.9958979487419128
Learned,Learned Basis,0.12,11,0.9952457547187805
Learned,Learned Basis,0.12,12,0.9945050477981567
Learned,Learned Basis,0.12,13,0.9954507350921631
Learned,Learned Basis,0.12,14,0.994163453578949
Learned,Learned Basis,0.12,15,0.9954652786254883
Learned,Learned Basis,0.12,16,0.9947348237037659
Learned,Learned Basis,0.12,17,0.9968608617782593
Learned,Learned Basis,0.12,18,0.9933024048805237
Learned,Learned Basis,0.12,19,0.9930527210235596
Learned,Learned Basis,0.12,20,0.99257892370224
Learned,Learned Basis,0.12,21,0.991404116153717
Learned,Learned Basis,0.12,22,0.9874038100242615
Learned,Learned Basis,0.12,23,0.9869633316993713
Learned,Learned Basis,0.12,24,0.9902504086494446
Learned,Learned Basis,0.12,25,0.9928334951400757
Learned,Learned Basis,0.12,26,0.9926127195358276
Learned,Learned Basis,0.12,27,0.9936072826385498
Learned,Learned Basis,0.12,28,0.9945915341377258
Learned,Learned Basis,0.12,29,0.9955859780311584
Learned,Learned Basis,0.12,30,0.9952100515365601
Learned,Learned Basis,0.12,31,0.9952402114868164
Learned,Learned Basis,0.12,32,0.9943649172782898
Learned,Learned Basis,0.12,33,0.9939937591552734
Learned,Learned Basis,0.12,34,0.9937992095947266
Learned,Learned Basis,0.12,35,0.9948290586471558
Learned,Learned Basis,0.12,36,0.9957561492919922
Learned,Learned Basis,0.12,37,0.9942201972007751
Learned,Learned Basis,0.12,38,0.9970766305923462
Learned,Learned Basis,0.12,39,0.995101809501648
Learned,Learned Basis,0.12,40,0.9949519038200378
Learned,Learned Basis,0.12,41,0.9953339099884033
Learned,Learned Basis,0.12,42,0.9943966269493103
Learned,Learned Basis,0.12,43,0.9961872696876526
Learned,Learned Basis,0.12,44,0.9957613945007324
Learned,Learned Basis,0.13,0,0.9961172342300415
Learned,Learned Basis,0.13,1,0.9957155585289001
Learned,Learned Basis,0.13,2,0.9966198801994324
Learned,Learned Basis,0.13,3,0.995855450630188
Learned,Learned Basis,0.13,4,0.9955941438674927
Learned,Learned Basis,0.13,5,0.9951679706573486
Learned,Learned Basis,0.13,6,0.9960842728614807
Learned,Learned Basis,0.13,7,0.9959560036659241
Learned,Learned Basis,0.13,8,0.9944472908973694
Learned,Learned Basis,0.13,9,0.9971359372138977
Learned,Learned Basis,0.13,10,0.9958032965660095
Learned,Learned Basis,0.13,11,0.9951445460319519
Learned,Learned Basis,0.13,12,0.9943879246711731
Learned,Learned Basis,0.13,13,0.9953306317329407
Learned,Learned Basis,0.13,14,0.9940231442451477
Learned,Learned Basis,0.13,15,0.9952961802482605
Learned,Learned Basis,0.13,16,0.9945343136787415
Learned,Learned Basis,0.13,17,0.9966196417808533
Learned,Learned Basis,0.13,18,0.9929847121238708
Learned,Learned Basis,0.13,19,0.9926773905754089
Learned,Learned Basis,0.13,20,0.9920665621757507
Learned,Learned Basis,0.13,21,0.99061518907547
Learned,Learned Basis,0.13,22,0.9859830141067505
Learned,Learned Basis,0.13,23,0.985552191734314
Learned,Learned Basis,0.13,24,0.9894816875457764
Learned,Learned Basis,0.13,25,0.9922881722450256
Learned,Learned Basis,0.13,26,0.9922348260879517
Learned,Learned Basis,0.13,27,0.9932989478111267
Learned,Learned Basis,0.13,28,0.9943536520004272
Learned,Learned Basis,0.13,29,0.9953879117965698
Learned,Learned Basis,0.13,30,0.9950359463691711
Learned,Learned Basis,0.13,31,0.9950838088989258
Learned,Learned Basis,0.13,32,0.9942474365234375
Learned,Learned Basis,0.13,33,0.9938803911209106
Learned,Learned Basis,0.13,34,0.9936785101890564
Learned,Learned Basis,0.13,35,0.994737982749939
Learned,Learned Basis,0.13,36,0.9956718683242798
Learned,Learned Basis,0.13,37,0.9941482543945312
Learned,Learned Basis,0.13,38,0.9969952702522278
Learned,Learned Basis,0.13,39,0.9950221180915833
Learned,Learned Basis,0.13,40,0.9948822259902954
Learned,Learned Basis,0.13,41,0.9952589273452759
Learned,Learned Basis,0.13,42,0.9943294525146484
Learned,Learned Basis,0.13,43,0.9961190223693848
Learned,Learned Basis,0.13,44,0.9956899881362915
Learned,Learned Basis,0.14,0,0.9960343241691589
Learned,Learned Basis,0.14,1,0.9956468939781189
Learned,Learned Basis,0.14,2,0.996536374092102
Learned,Learned Basis,0.14,3,0.9957795143127441
Learned,Learned Basis,0.14,4,0.9955218434333801
Learned,Learned Basis,0.14,5,0.9950923919677734
Learned,Learned Basis,0.14,6,0.996004581451416
Learned,Learned Basis,0.14,7,0.9958792328834534
Learned,Learned Basis,0.14,8,0.9943549633026123
Learned,Learned Basis,0.14,9,0.9970482587814331
Learned,Learned Basis,0.14,10,0.9957005977630615
Learned,Learned Basis,0.14,11,0.9950355887413025
Learned,Learned Basis,0.14,12,0.994262158870697
Learned,Learned Basis,0.14,13,0.9952008724212646
Learned,Learned Basis,0.14,14,0.9938707947731018
Learned,Learned Basis,0.14,15,0.9951139688491821
Learned,Learned Basis,0.14,16,0.9943185448646545
Learned,Learned Basis,0.14,17,0.9963603615760803
Learned,Learned Basis,0.14,18,0.9926468729972839
Learned,Learned Basis,0.14,19,0.9922760725021362
Learned,Learned Basis,0.14,20,0.9915189146995544
Learned,Learned Basis,0.14,21,0.9897738099098206
Learned,Learned Basis,0.14,22,0.9844691753387451
Learned,Learned Basis,0.14,23,0.9840501546859741
Learned,Learned Basis,0.14,24,0.9886608123779297
Learned,Learned Basis,0.14,25,0.9917082190513611
Learned,Learned Basis,0.14,26,0.9918305277824402
Learned,Learned Basis,0.14,27,0.9929689764976501
Learned,Learned Basis,0.14,28,0.9940980076789856
Learned,Learned Basis,0.14,29,0.9951752424240112
Learned,Learned Basis,0.14,30,0.994848370552063
Learned,Learned Basis,0.14,31,0.9949160814285278
Learned,Learned Basis,0.14,32,0.9941207766532898
Learned,Learned Basis,0.14,33,0.9937585592269897
Learned,Learned Basis,0.14,34,0.9935504198074341
Learned,Learned Basis,0.14,35,0.9946393966674805
Learned,Learned Basis,0.14,36,0.995580792427063
Learned,Learned Basis,0.14,37,0.9940704703330994
Learned,Learned Basis,0.14,38,0.996907114982605
Learned,Learned Basis,0.14,39,0.9949361681938171
Learned,Learned Basis,0.14,40,0.9948067665100098
Learned,Learned Basis,0.14,41,0.9951785206794739
Learned,Learned Basis,0.14,42,0.9942565560340881
Learned,Learned Basis,0.14,43,0.9960456490516663
Learned,Learned Basis,0.14,44,0.9956132769584656
Learned,Learned Basis,0.15000000000000002,0,0.9959463477134705
Learned,Learned Basis,0.15000000000000002,1,0.9955729246139526
Learned,Learned Basis,0.15000000000000002,2,0.9964473247528076
Learned,Learned Basis,0.15000000000000002,3,0.9956986904144287
Learned,Learned Basis,0.15000000000000002,4,0.9954438805580139
Learned,Learned Basis,0.15000000000000002,5,0.9950113296508789
Learned,Learned Basis,0.15000000000000002,6,0.9959192872047424
Learned,Learned Basis,0.15000000000000002,7,0.9957960247993469
Learned,Learned Basis,0.15000000000000002,8,0.9942558407783508
Learned,Learned Basis,0.15000000000000002,9,0.9969534873962402
Learned,Learned Basis,0.15000000000000002,10,0.9955904483795166
Learned,Learned Basis,0.15000000000000002,11,0.9949187636375427
Learned,Learned Basis,0.15000000000000002,12,0.9941277503967285
Learned,Learned Basis,0.15000000000000002,13,0.995061993598938
Learned,Learned Basis,0.15000000000000002,14,0.9937076568603516
Learned,Learned Basis,0.15000000000000002,15,0.9949185252189636
Learned,Learned Basis,0.15000000000000002,16,0.9940877556800842
Learned,Learned Basis,0.15000000000000002,17,0.9960831999778748
Learned,Learned Basis,0.15000000000000002,18,0.9922884702682495
Learned,Learned Basis,0.15000000000000002,19,0.9918495416641235
Learned,Learned Basis,0.15000000000000002,20,0.990937352180481
Learned,Learned Basis,0.15000000000000002,21,0.9888818860054016
Learned,Learned Basis,0.15000000000000002,22,0.9828682541847229
Learned,Learned Basis,0.15000000000000002,23,0.9824610352516174
Learned,Learned Basis,0.15000000000000002,24,0.9877904057502747
Learned,Learned Basis,0.15000000000000002,25,0.9910947680473328
Learned,Learned Basis,0.15000000000000002,26,0.9914008378982544
Learned,Learned Basis,0.15000000000000002,27,0.992618203163147
Learned,Learned Basis,0.15000000000000002,28,0.9938245415687561
Learned,Learned Basis,0.15000000000000002,29,0.9949478507041931
Learned,Learned Basis,0.15000000000000002,30,0.9946481585502625
Learned,Learned Basis,0.15000000000000002,31,0.9947373867034912
Learned,Learned Basis,0.15000000000000002,32,0.9939852356910706
Learned,Learned Basis,0.15000000000000002,33,0.9936283826828003
Learned,Learned Basis,0.15000000000000002,34,0.9934144020080566
Learned,Learned Basis,0.15000000000000002,35,0.9945335984230042
Learned,Learned Basis,0.15000000000000002,36,0.9954828023910522
Learned,Learned Basis,0.15000000000000002,37,0.9939863085746765
Learned,Learned Basis,0.15000000000000002,38,0.9968122839927673
Learned,Learned Basis,0.15000000000000002,39,0.9948440790176392
Learned,Learned Basis,0.15000000000000002,40,0.9947254061698914
Learned,Learned Basis,0.15000000000000002,41,0.9950928092002869
Learned,Learned Basis,0.15000000000000002,42,0.994178295135498
Learned,Learned Basis,0.15000000000000002,43,0.9959666132926941
Learned,Learned Basis,0.15000000000000002,44,0.9955313801765442
Learned,Learned Basis,0.15999999999999998,0,0.9958534836769104
Learned,Learned Basis,0.15999999999999998,1,0.99549400806427
Learned,Learned Basis,0.15999999999999998,2,0.9963530898094177
Learned,Learned Basis,0.15999999999999998,3,0.995612382888794
Learned,Learned Basis,0.15999999999999998,4,0.9953601956367493
Learned,Learned Basis,0.15999999999999998,5,0.9949247241020203
Learned,Learned Basis,0.15999999999999998,6,0.9958279728889465
Learned,Learned Basis,0.15999999999999998,7,0.9957067966461182
Learned,Learned Basis,0.15999999999999998,8,0.9941502213478088
Learned,Learned Basis,0.15999999999999998,9,0.9968527555465698
Learned,Learned Basis,0.15999999999999998,10,0.99547278881073
Learned,Learned Basis,0.15999999999999998,11,0.9947946071624756
Learned,Learned Basis,0.15999999999999998,12,0.9939849972724915
Learned,Learned Basis,0.15999999999999998,13,0.9949137568473816
Learned,Learned Basis,0.15999999999999998,14,0.9935330152511597
Learned,Learned Basis,0.15999999999999998,15,0.9947108030319214
Learned,Learned Basis,0.15999999999999998,16,0.9938416481018066
Learned,Learned Basis,0.15999999999999998,17,0.9957895874977112
Learned,Learned Basis,0.15999999999999998,18,0.9919109344482422
Learned,Learned Basis,0.15999999999999998,19,0.9913994669914246
Learned,Learned Basis,0.15999999999999998,20,0.9903236031532288
Learned,Learned Basis,0.15999999999999998,21,0.987942099571228
Learned,Learned Basis,0.15999999999999998,22,0.9811837077140808
Learned,Learned Basis,0.15999999999999998,23,0.9807898998260498
Learned,Learned Basis,0.15999999999999998,24,0.9868725538253784
Learned,Learned Basis,0.15999999999999998,25,0.9904499053955078
Learned,Learned Basis,0.15999999999999998,26,0.9909465312957764
Learned,Learned Basis,0.15999999999999998,27,0.9922475218772888
Learned,Learned Basis,0.15999999999999998,28,0.9935342073440552
Learned,Learned Basis,0.15999999999999998,29,0.9947066307067871
Learned,Learned Basis,0.15999999999999998,30,0.9944353699684143
Learned,Learned Basis,0.15999999999999998,31,0.994548499584198
Learned,Learned Basis,0.15999999999999998,32,0.9938408732414246
Learned,Learned Basis,0.15999999999999998,33,0.9934901595115662
Learned,Learned Basis,0.15999999999999998,34,0.9932714104652405
Learned,Learned Basis,0.15999999999999998,35,0.9944208860397339
Learned,Learned Basis,0.15999999999999998,36,0.9953781962394714
Learned,Learned Basis,0.15999999999999998,37,0.9938963651657104
Learned,Learned Basis,0.15999999999999998,38,0.9967109560966492
Learned,Learned Basis,0.15999999999999998,39,0.994746208190918
Learned,Learned Basis,0.15999999999999998,40,0.9946388602256775
Learned,Learned Basis,0.15999999999999998,41,0.9950017929077148
Learned,Learned Basis,0.15999999999999998,42,0.9940948486328125
Learned,Learned Basis,0.15999999999999998,43,0.9958826303482056
Learned,Learned Basis,0.15999999999999998,44,0.9954445958137512
Learned,Learned Basis,0.16999999999999998,0,0.9957554936408997
Learned,Learned Basis,0.16999999999999998,1,0.9954094886779785
Learned,Learned Basis,0.16999999999999998,2,0.996253252029419
Learned,Learned Basis,0.16999999999999998,3,0.9955205917358398
Learned,Learned Basis,0.16999999999999998,4,0.9952709078788757
Learned,Learned Basis,0.16999999999999998,5,0.994832456111908
Learned,Learned Basis,0.16999999999999998,6,0.9957312941551208
Learned,Learned Basis,0.16999999999999998,7,0.9956115484237671
Learned,Learned Basis,0.16999999999999998,8,0.9940382838249207
Learned,Learned Basis,0.16999999999999998,9,0.9967451691627502
Learned,Learned Basis,0.16999999999999998,10,0.9953481554985046
Learned,Learned Basis,0.16999999999999998,11,0.994662880897522
Learned,Learned Basis,0.16999999999999998,12,0.9938339591026306
Learned,Learned Basis,0.16999999999999998,13,0.9947560429573059
Learned,Learned Basis,0.16999999999999998,14,0.9933477640151978
Learned,Learned Basis,0.16999999999999998,15,0.994490921497345
Learned,Learned Basis,0.16999999999999998,16,0.9935812950134277
Learned,Learned Basis,0.16999999999999998,17,0.9954789280891418
Learned,Learned Basis,0.16999999999999998,18,0.9915149211883545
Learned,Learned Basis,0.16999999999999998,19,0.9909261465072632
Learned,Learned Basis,0.16999999999999998,20,0.9896795153617859
Learned,Learned Basis,0.16999999999999998,21,0.9869570136070251
Learned,Learned Basis,0.16999999999999998,22,0.9794212579727173
Learned,Learned Basis,0.16999999999999998,23,0.9790416359901428
Learned,Learned Basis,0.16999999999999998,24,0.9859106540679932
Learned,Learned Basis,0.16999999999999998,25,0.9897747039794922
Learned,Learned Basis,0.16999999999999998,26,0.9904686808586121
Learned,Learned Basis,0.16999999999999998,27,0.9918573498725891
Learned,Learned Basis,0.16999999999999998,28,0.9932277202606201
Learned,Learned Basis,0.16999999999999998,29,0.9944513440132141
Learned,Learned Basis,0.16999999999999998,30,0.9942100048065186
Learned,Learned Basis,0.16999999999999998,31,0.9943490624427795
Learned,Learned Basis,0.16999999999999998,32,0.9936880469322205
Learned,Learned Basis,0.16999999999999998,33,0.9933437705039978
Learned,Learned Basis,0.16999999999999998,34,0.9931209683418274
Learned,Learned Basis,0.16999999999999998,35,0.9943009614944458
Learned,Learned Basis,0.16999999999999998,36,0.9952666759490967
Learned,Learned Basis,0.16999999999999998,37,0.993800163269043
Learned,Learned Basis,0.16999999999999998,38,0.9966027140617371
Learned,Learned Basis,0.16999999999999998,39,0.9946422576904297
Learned,Learned Basis,0.16999999999999998,40,0.994546115398407
Learned,Learned Basis,0.16999999999999998,41,0.9949058890342712
Learned,Learned Basis,0.16999999999999998,42,0.9940061569213867
Learned,Learned Basis,0.16999999999999998,43,0.9957932233810425
Learned,Learned Basis,0.16999999999999998,44,0.9953524470329285
Learned,Learned Basis,0.18,0,0.995652437210083
Learned,Learned Basis,0.18,1,0.9953199625015259
Learned,Learned Basis,0.18,2,0.9961476922035217
Learned,Learned Basis,0.18,3,0.9954236149787903
Learned,Learned Basis,0.18,4,0.9951761364936829
Learned,Learned Basis,0.18,5,0.994735062122345
Learned,Learned Basis,0.18,6,0.995629072189331
Learned,Learned Basis,0.18,7,0.9955102205276489
Learned,Learned Basis,0.18,8,0.9939203262329102
Learned,Learned Basis,0.18,9,0.9966313242912292
Learned,Learned Basis,0.18,10,0.9952160716056824
Learned,Learned Basis,0.18,11,0.9945243000984192
Learned,Learned Basis,0.18,12,0.9936750531196594
Learned,Learned Basis,0.18,13,0.9945895075798035
Learned,Learned Basis,0.18,14,0.9931514859199524
Learned,Learned Basis,0.18,15,0.9942585825920105
Learned,Learned Basis,0.18,16,0.9933069944381714
Learned,Learned Basis,0.18,17,0.9951523542404175
Learned,Learned Basis,0.18,18,0.9911016225814819
Learned,Learned Basis,0.18,19,0.9904314875602722
Learned,Learned Basis,0.18,20,0.9890064597129822
Learned,Learned Basis,0.18,21,0.9859302639961243
Learned,Learned Basis,0.18,22,0.9775863885879517
Learned,Learned Basis,0.18,23,0.9772214889526367
Learned,Learned Basis,0.18,24,0.9849069118499756
Learned,Learned Basis,0.18,25,0.9890713691711426
Learned,Learned Basis,0.18,26,0.9899685978889465
Learned,Learned Basis,0.18,27,0.9914490580558777
Learned,Learned Basis,0.18,28,0.9929056763648987
Learned,Learned Basis,0.18,29,0.9941829442977905
Learned,Learned Basis,0.18,30,0.993972659111023
Learned,Learned Basis,0.18,31,0.9941391348838806
Learned,Learned Basis,0.18,32,0.9935265779495239
Learned,Learned Basis,0.18,33,0.9931895732879639
Learned,Learned Basis,0.18,34,0.9929634928703308
Learned,Learned Basis,0.18,35,0.994174063205719
Learned,Learned Basis,0.18,36,0.9951487183570862
Learned,Learned Basis,0.18,37,0.9936982989311218
Learned,Learned Basis,0.18,38,0.9964883923530579
Learned,Learned Basis,0.18,39,0.9945327043533325
Learned,Learned Basis,0.18,40,0.9944480061531067
Learned,Learned Basis,0.18,41,0.9948046207427979
Learned,Learned Basis,0.18,42,0.9939120411872864
Learned,Learned Basis,0.18,43,0.9956986308097839
Learned,Learned Basis,0.18,44,0.995255172252655
Learned,Learned Basis,0.19,0,0.995544970035553
Learned,Learned Basis,0.19,1,0.9952255487442017
Learned,Learned Basis,0.19,2,0.9960368871688843
Learned,Learned Basis,0.19,3,0.9953214526176453
Learned,Learned Basis,0.19,4,0.9950757026672363
Learned,Learned Basis,0.19,5,0.9946325421333313
Learned,Learned Basis,0.19,6,0.995521068572998
Learned,Learned Basis,0.19,7,0.9954032897949219
Learned,Learned Basis,0.19,8,0.9937962889671326
Learned,Learned Basis,0.19,9,0.9965113997459412
Learned,Learned Basis,0.19,10,0.9950772523880005
Learned,Learned Basis,0.19,11,0.9943786859512329
Learned,Learned Basis,0.19,12,0.9935083389282227
Learned,Learned Basis,0.19,13,0.9944143295288086
Learned,Learned Basis,0.19,14,0.9929456114768982
Learned,Learned Basis,0.19,15,0.9940149784088135
Learned,Learned Basis,0.19,16,0.993019700050354
Learned,Learned Basis,0.19,17,0.9948111176490784
Learned,Learned Basis,0.19,18,0.9906718730926514
Learned,Learned Basis,0.19,19,0.9899157881736755
Learned,Learned Basis,0.19,20,0.9883066415786743
Learned,Learned Basis,0.19,21,0.9848635792732239
Learned,Learned Basis,0.19,22,0.9756841659545898
Learned,Learned Basis,0.19,23,0.975335419178009
Learned,Learned Basis,0.19,24,0.9838644862174988
Learned,Learned Basis,0.19,25,0.9883418083190918
Learned,Learned Basis,0.19,26,0.9894472360610962
Learned,Learned Basis,0.19,27,0.9910231232643127
Learned,Learned Basis,0.19,28,0.9925681948661804
Learned,Learned Basis,0.19,29,0.993902325630188
Learned,Learned Basis,0.19,30,0.9937238097190857
Learned,Learned Basis,0.19,31,0.9939199090003967
Learned,Learned Basis,0.19,32,0.9933571815490723
Learned,Learned Basis,0.19,33,0.9930279850959778
Learned,Learned Basis,0.19,34,0.9927991032600403
Learned,Learned Basis,0.19,35,0.9940405488014221
Learned,Learned Basis,0.19,36,0.9950242638587952
Learned,Learned Basis,0.19,37,0.9935905933380127
Learned,Learned Basis,0.19,38,0.9963676929473877
Learned,Learned Basis,0.19,39,0.9944170713424683
Learned,Learned Basis,0.19,40,0.9943443536758423
Learned,Learned Basis,0.19,41,0.9946983456611633
Learned,Learned Basis,0.19,42,0.9938123822212219
Learned,Learned Basis,0.19,43,0.9955989122390747
Learned,Learned Basis,0.19,44,0.9951527714729309
Learned,Learned Basis,0.2,0,0.9954320788383484
Learned,Learned Basis,0.2,1,0.9951256513595581
Learned,Learned Basis,0.2,2,0.9959208369255066
Learned,Learned Basis,0.2,3,0.9952141046524048
Learned,Learned Basis,0.2,4,0.9949702620506287
Learned,Learned Basis,0.2,5,0.9945247173309326
Learned,Learned Basis,0.2,6,0.9954078197479248
Learned,Learned Basis,0.2,7,0.9952902793884277
Learned,Learned Basis,0.2,8,0.9936662316322327
Learned,Learned Basis,0.2,9,0.9963852167129517
Learned,Learned Basis,0.2,10,0.9949314594268799
Learned,Learned Basis,0.2,11,0.9942258596420288
Learned,Learned Basis,0.2,12,0.9933337569236755
Learned,Learned Basis,0.2,13,0.9942303895950317
Learned,Learned Basis,0.2,14,0.9927292466163635
Learned,Learned Basis,0.2,15,0.9937601089477539
Learned,Learned Basis,0.2,16,0.9927193522453308
Learned,Learned Basis,0.2,17,0.994455099105835
Learned,Learned Basis,0.2,18,0.9902262687683105
Learned,Learned Basis,0.2,19,0.9893807172775269
Learned,Learned Basis,0.2,20,0.9875805974006653
Learned,Learned Basis,0.2,21,0.9837607741355896
Learned,Learned Basis,0.2,22,0.9737210273742676
Learned,Learned Basis,0.2,23,0.973388671875
Learned,Learned Basis,0.2,24,0.9827858805656433
Learned,Learned Basis,0.2,25,0.9875879287719727
Learned,Learned Basis,0.2,26,0.9889059066772461
Learned,Learned Basis,0.2,27,0.9905804395675659
Learned,Learned Basis,0.2,28,0.9922168254852295
Learned,Learned Basis,0.2,29,0.9936091303825378
Learned,Learned Basis,0.2,30,0.9934645295143127
Learned,Learned Basis,0.2,31,0.9936910271644592
Learned,Learned Basis,0.2,32,0.9931795001029968
Learned,Learned Basis,0.2,33,0.9928586483001709
Learned,Learned Basis,0.2,34,0.9926279187202454
Learned,Learned Basis,0.2,35,0.9939004182815552
Learned,Learned Basis,0.2,36,0.994893491268158
Learned,Learned Basis,0.2,37,0.9934772253036499
Learned,Learned Basis,0.2,38,0.9962405562400818
Learned,Learned Basis,0.2,39,0.9942958354949951
Learned,Learned Basis,0.2,40,0.9942353963851929
Learned,Learned Basis,0.2,41,0.9945870041847229
Learned,Learned Basis,0.2,42,0.9937076568603516
Learned,Learned Basis,0.2,43,0.9954943656921387
Learned,Learned Basis,0.2,44,0.9950453639030457
