method,method_label,papr_db
OFDM,Classical OFDM,7.708909
OFDM,Classical OFDM,5.974475
OFDM,Classical OFDM,4.9644413
OFDM,Classical OFDM,6.7826395
OFDM,Classical OFDM,5.448184
OFDM,Classical OFDM,6.06802
OFDM,Classical OFDM,5.9616003
OFDM,Classical OFDM,7.0344734
OFDM,Classical OFDM,6.3359747
OFDM,Classical OFDM,7.182853
OFDM,Classical OFDM,5.731016
OFDM,Classical OFDM,5.773647
OFDM,Classical OFDM,7.358539
OFDM,Classical OFDM,6.2705903
OFDM,Classical OFDM,6.692789
OFDM,Classical OFDM,7.034338
OFDM,Classical OFDM,5.2498875
OFDM,Classical OFDM,7.6757936
OFDM,Classical OFDM,8.63858
OFDM,Classical OFDM,6.702451
OFDM,Classical OFDM,5.6995106
OFDM,Classical OFDM,8.009733
OFDM,Classical OFDM,5.5623884
OFDM,Classical OFDM,7.794281
OFDM,Classical OFDM,5.5775876
OFDM,Classical OFDM,5.7449155
OFDM,Classical OFDM,6.6471186
OFDM,Classical OFDM,6.320748
OFDM,Classical OFDM,7.7165895
OFDM,Classical OFDM,5.664358
OFDM,Classical OFDM,6.8524017
OFDM,Classical OFDM,5.8131914
OFDM,Classical OFDM,6.5758443
OFDM,Classical OFDM,5.4019165
OFDM,Classical OFDM,5.1408696
OFDM,Classical OFDM,5.737423
OFDM,Classical OFDM,5.355221
OFDM,Classical OFDM,7.5815525
OFDM,Classical OFDM,8.484949
OFDM,Classical OFDM,6.637286
OFDM,Classical OFDM,7.4630938
OFDM,Classical OFDM,5.9213853
OFDM,Classical OFDM,6.509737
OFDM,Classical OFDM,6.5886
OFDM,Classical OFDM,7.76766
OFDM,Classical OFDM,5.0018606
OFDM,Classical OFDM,5.863537
OFDM,Classical OFDM,6.505609
OFDM,Classical OFDM,6.2254524
OFDM,Classical OFDM,6.5998898
OFDM,Classical OFDM,7.791788
OFDM,Classical OFDM,5.956862
OFDM,Classical OFDM,6.170208
OFDM,Classical OFDM,4.9122753
OFDM,Classical OFDM,6.594845
OFDM,Classical OFDM,7.385321
OFDM,Classical OFDM,5.1401496
OFDM,Classical OFDM,8.545236
OFDM,Classical OFDM,5.983913
OFDM,Classical OFDM,6.6429615
OFDM,Classical OFDM,6.889091
OFDM,Classical OFDM,4.1605797
OFDM,Classical OFDM,6.422744
OFDM,Classical OFDM,8.970638
OFDM,Classical OFDM,5.433683
OFDM,Classical OFDM,6.238516
OFDM,Classical OFDM,7.360916
OFDM,Classical OFDM,7.481763
OFDM,Classical OFDM,6.9341893
OFDM,Classical OFDM,7.8023915
OFDM,Classical OFDM,6.1733174
OFDM,Classical OFDM,8.830851
OFDM,Classical OFDM,5.991225
OFDM,Classical OFDM,6.211529
OFDM,Classical OFDM,5.9532733
OFDM,Classical OFDM,5.580907
OFDM,Classical OFDM,5.8697605
OFDM,Classical OFDM,5.429064
OFDM,Classical OFDM,8.649773
OFDM,Classical OFDM,6.054037
OFDM,Classical OFDM,6.5413523
OFDM,Classical OFDM,6.078055
OFDM,Classical OFDM,6.176363
OFDM,Classical OFDM,5.550045
OFDM,Classical OFDM,6.5986185
OFDM,Classical OFDM,7.761077
OFDM,Classical OFDM,5.9246397
OFDM,Classical OFDM,6.2313266
OFDM,Classical OFDM,6.4378147
OFDM,Classical OFDM,7.03453
OFDM,Classical OFDM,6.699052
OFDM,Classical OFDM,6.8950014
OFDM,Classical OFDM,8.227808
OFDM,Classical OFDM,6.8878627
OFDM,Classical OFDM,6.8225183
OFDM,Classical OFDM,5.33848
OFDM,Classical OFDM,6.9068713
OFDM,Classical OFDM,6.4317822
OFDM,Classical OFDM,7.383546
OFDM,Classical OFDM,8.510884
OFDM,Classical OFDM,7.7085614
OFDM,Classical OFDM,8.879459
OFDM,Classical OFDM,10.089338
OFDM,Classical OFDM,7.1831408
OFDM,Classical OFDM,7.6465726
OFDM,Classical OFDM,5.41534
OFDM,Classical OFDM,4.99404
OFDM,Classical OFDM,7.691601
OFDM,Classical OFDM,6.1479564
OFDM,Classical OFDM,6.3984766
OFDM,Classical OFDM,7.060564
OFDM,Classical OFDM,6.7719812
OFDM,Classical OFDM,5.32023
OFDM,Classical OFDM,7.177274
OFDM,Classical OFDM,6.876378
OFDM,Classical OFDM,5.155139
OFDM,Classical OFDM,7.1736817
OFDM,Classical OFDM,6.427937
OFDM,Classical OFDM,5.844342
OFDM,Classical OFDM,5.596683
OFDM,Classical OFDM,6.027243
OFDM,Classical OFDM,7.3740487
OFDM,Classical OFDM,9.065249
OFDM,Classical OFDM,6.2314014
OFDM,Classical OFDM,5.563381
OFDM,Classical OFDM,7.133351
OFDM,Classical OFDM,7.398703
OFDM,Classical OFDM,7.3809614
OFDM,Classical OFDM,8.072892
OFDM,Classical OFDM,6.821906
OFDM,Classical OFDM,6.4489355
OFDM,Classical OFDM,5.2820683
OFDM,Classical OFDM,6.9756165
OFDM,Classical OFDM,7.297271
OFDM,Classical OFDM,7.0153008
OFDM,Classical OFDM,5.7965465
OFDM,Classical OFDM,7.8737764
OFDM,Classical OFDM,6.4478226
OFDM,Classical OFDM,5.117732
OFDM,Classical OFDM,5.328928
OFDM,Classical OFDM,6.388781
OFDM,Classical OFDM,5.708621
OFDM,Classical OFDM,5.259149
OFDM,Classical OFDM,7.0791345
OFDM,Classical OFDM,7.256258
OFDM,Classical OFDM,5.8463044
OFDM,Classical OFDM,7.5146813
OFDM,Classical OFDM,7.0041094
OFDM,Classical OFDM,5.223526
OFDM,Classical OFDM,6.355464
OFDM,Classical OFDM,6.2669764
OFDM,Classical OFDM,6.200226
OFDM,Classical OFDM,5.8347607
OFDM,Classical OFDM,7.803083
OFDM,Classical OFDM,6.4818997
OFDM,Classical OFDM,6.314005
OFDM,Classical OFDM,5.4883347
OFDM,Classical OFDM,5.974497
OFDM,Classical OFDM,6.174772
OFDM,Classical OFDM,7.4656887
OFDM,Classical OFDM,8.274929
OFDM,Classical OFDM,5.1630564
OFDM,Classical OFDM,6.518367
OFDM,Classical OFDM,6.063964
OFDM,Classical OFDM,7.076943
OFDM,Classical OFDM,7.9953094
OFDM,Classical OFDM,6.1875477
OFDM,Classical OFDM,6.2644854
OFDM,Classical OFDM,6.952531
OFDM,Classical OFDM,8.106669
OFDM,Classical OFDM,8.997049
OFDM,Classical OFDM,6.278506
OFDM,Classical OFDM,6.1607037
OFDM,Classical OFDM,7.4116154
OFDM,Classical OFDM,6.308426
OFDM,Classical OFDM,6.793625
OFDM,Classical OFDM,6.06443
OFDM,Classical OFDM,8.749346
OFDM,Classical OFDM,4.096378
OFDM,Classical OFDM,7.6258607
OFDM,Classical OFDM,7.557425
OFDM,Classical OFDM,5.4028244
OFDM,Classical OFDM,6.764655
OFDM,Classical OFDM,8.808036
OFDM,Classical OFDM,7.2480483
OFDM,Classical OFDM,7.239656
OFDM,Classical OFDM,6.652403
OFDM,Classical OFDM,5.058274
OFDM,Classical OFDM,6.6956224
OFDM,Classical OFDM,6.654074
OFDM,Classical OFDM,5.5026364
OFDM,Classical OFDM,5.678635
OFDM,Classical OFDM,7.029086
OFDM,Classical OFDM,6.064308
OFDM,Classical OFDM,7.133543
OFDM,Classical OFDM,5.831129
OFDM,Classical OFDM,6.220159
OFDM,Classical OFDM,5.9138083
OFDM,Classical OFDM,5.719499
OFDM,Classical OFDM,7.3305416
OFDM,Classical OFDM,7.379689
OFDM,Classical OFDM,5.3255053
OFDM,Classical OFDM,7.0965505
OFDM,Classical OFDM,8.444605
OFDM,Classical OFDM,6.290529
OFDM,Classical OFDM,6.0441856
OFDM,Classical OFDM,7.153042
OFDM,Classical OFDM,5.527485
OFDM,Classical OFDM,5.7453527
OFDM,Classical OFDM,5.862722
OFDM,Classical OFDM,5.94598
OFDM,Classical OFDM,6.5523386
OFDM,Classical OFDM,6.33645
OFDM,Classical OFDM,4.978649
OFDM,Classical OFDM,6.419268
OFDM,Classical OFDM,7.241757
OFDM,Classical OFDM,7.580373
OFDM,Classical OFDM,7.869554
OFDM,Classical OFDM,6.8221493
OFDM,Classical OFDM,7.2922425
OFDM,Classical OFDM,5.056714
OFDM,Classical OFDM,6.243117
OFDM,Classical OFDM,5.5902796
OFDM,Classical OFDM,5.7447295
OFDM,Classical OFDM,5.42188
OFDM,Classical OFDM,6.7466187
OFDM,Classical OFDM,6.7541337
OFDM,Classical OFDM,7.069275
OFDM,Classical OFDM,8.543739
OFDM,Classical OFDM,5.4216175
OFDM,Classical OFDM,5.122848
OFDM,Classical OFDM,5.5000896
OFDM,Classical OFDM,8.078059
OFDM,Classical OFDM,8.487277
OFDM,Classical OFDM,8.559853
OFDM,Classical OFDM,6.314907
OFDM,Classical OFDM,6.3836107
OFDM,Classical OFDM,8.101947
OFDM,Classical OFDM,5.1844096
OFDM,Classical OFDM,6.8026137
OFDM,Classical OFDM,6.004241
OFDM,Classical OFDM,5.357614
OFDM,Classical OFDM,5.136128
OFDM,Classical OFDM,5.8297443
OFDM,Classical OFDM,5.8104796
OFDM,Classical OFDM,6.555072
OFDM,Classical OFDM,7.0224004
OFDM,Classical OFDM,5.725626
OFDM,Classical OFDM,7.4866247
OFDM,Classical OFDM,6.1379476
OFDM,Classical OFDM,4.611803
OFDM,Classical OFDM,7.0772986
OFDM,Classical OFDM,5.656105
OFDM,Classical OFDM,5.3174686
OFDM,Classical OFDM,7.375458
OFDM,Classical OFDM,6.639631
OFDM,Classical OFDM,6.734439
OFDM,Classical OFDM,6.7736053
OFDM,Classical OFDM,6.6101484
OFDM,Classical OFDM,4.6878233
OFDM,Classical OFDM,6.8552203
OFDM,Classical OFDM,6.1130614
OFDM,Classical OFDM,6.075678
OFDM,Classical OFDM,5.886605
OFDM,Classical OFDM,6.46617
OFDM,Classical OFDM,5.4695616
OFDM,Classical OFDM,6.4409757
OFDM,Classical OFDM,8.189693
OFDM,Classical OFDM,7.352091
OFDM,Classical OFDM,7.0999537
OFDM,Classical OFDM,6.752816
OFDM,Classical OFDM,5.339777
OFDM,Classical OFDM,6.316001
OFDM,Classical OFDM,7.1146064
OFDM,Classical OFDM,6.794085
OFDM,Classical OFDM,7.6217012
OFDM,Classical OFDM,7.093417
OFDM,Classical OFDM,6.451517
OFDM,Classical OFDM,6.4799433
OFDM,Classical OFDM,6.0378413
OFDM,Classical OFDM,6.364558
OFDM,Classical OFDM,7.3387785
OFDM,Classical OFDM,8.837772
OFDM,Classical OFDM,7.832914
OFDM,Classical OFDM,7.349571
OFDM,Classical OFDM,6.55158
OFDM,Classical OFDM,6.021722
OFDM,Classical OFDM,6.7656684
OFDM,Classical OFDM,5.6551323
OFDM,Classical OFDM,6.4155807
OFDM,Classical OFDM,6.775269
OFDM,Classical OFDM,6.4775095
OFDM,Classical OFDM,7.2875257
OFDM,Classical OFDM,6.4681153
OFDM,Classical OFDM,5.34487
OFDM,Classical OFDM,6.000769
OFDM,Classical OFDM,4.4200544
OFDM,Classical OFDM,6.1558867
OFDM,Classical OFDM,6.672943
OFDM,Classical OFDM,7.1146364
OFDM,Classical OFDM,6.274841
OFDM,Classical OFDM,6.311565
OFDM,Classical OFDM,6.877895
OFDM,Classical OFDM,6.5427394
OFDM,Classical OFDM,6.2692738
OFDM,Classical OFDM,7.775223
OFDM,Classical OFDM,8.611862
OFDM,Classical OFDM,7.7163367
OFDM,Classical OFDM,6.0131035
OFDM,Classical OFDM,9.436351
OFDM,Classical OFDM,5.5950108
OFDM,Classical OFDM,5.653736
OFDM,Classical OFDM,6.959768
OFDM,Classical OFDM,8.148036
OFDM,Classical OFDM,5.17366
OFDM,Classical OFDM,5.2819805
OFDM,Classical OFDM,6.121748
OFDM,Classical OFDM,6.1975374
OFDM,Classical OFDM,8.613779
OFDM,Classical OFDM,6.875343
OFDM,Classical OFDM,5.8891063
OFDM,Classical OFDM,7.4015703
OFDM,Classical OFDM,6.0418444
OFDM,Classical OFDM,5.1997375
OFDM,Classical OFDM,9.16406
OFDM,Classical OFDM,6.4991946
OFDM,Classical OFDM,6.009969
OFDM,Classical OFDM,7.560887
OFDM,Classical OFDM,6.1697617
OFDM,Classical OFDM,9.026868
OFDM,Classical OFDM,5.94891
OFDM,Classical OFDM,6.5159326
OFDM,Classical OFDM,6.5164094
OFDM,Classical OFDM,5.0566263
OFDM,Classical OFDM,6.1760416
OFDM,Classical OFDM,7.2370644
OFDM,Classical OFDM,5.3825884
OFDM,Classical OFDM,6.269238
OFDM,Classical OFDM,5.9130945
OFDM,Classical OFDM,6.787596
OFDM,Classical OFDM,6.8858557
OFDM,Classical OFDM,6.879068
OFDM,Classical OFDM,5.55407
OFDM,Classical OFDM,7.173872
OFDM,Classical OFDM,6.7482185
OFDM,Classical OFDM,8.011902
OFDM,Classical OFDM,7.856212
OFDM,Classical OFDM,6.8916698
OFDM,Classical OFDM,5.8373666
OFDM,Classical OFDM,6.3082533
OFDM,Classical OFDM,5.6083784
OFDM,Classical OFDM,6.385966
OFDM,Classical OFDM,5.416963
OFDM,Classical OFDM,6.372308
OFDM,Classical OFDM,5.7144146
OFDM,Classical OFDM,4.996456
OFDM,Classical OFDM,7.35565
OFDM,Classical OFDM,7.396428
OFDM,Classical OFDM,6.7267394
OFDM,Classical OFDM,6.170216
OFDM,Classical OFDM,6.2064786
OFDM,Classical OFDM,5.1787224
OFDM,Classical OFDM,5.4598513
OFDM,Classical OFDM,7.8108015
OFDM,Classical OFDM,8.412331
OFDM,Classical OFDM,5.617969
OFDM,Classical OFDM,6.143733
OFDM,Classical OFDM,7.978677
OFDM,Classical OFDM,8.035442
OFDM,Classical OFDM,7.6157236
OFDM,Classical OFDM,5.9775686
OFDM,Classical OFDM,7.283023
OFDM,Classical OFDM,7.810281
OFDM,Classical OFDM,6.0207615
OFDM,Classical OFDM,5.985446
OFDM,Classical OFDM,6.621465
OFDM,Classical OFDM,5.924697
OFDM,Classical OFDM,6.0847597
OFDM,Classical OFDM,6.5789433
OFDM,Classical OFDM,6.6914277
OFDM,Classical OFDM,5.482846
OFDM,Classical OFDM,5.664913
OFDM,Classical OFDM,6.0698004
OFDM,Classical OFDM,7.28584
OFDM,Classical OFDM,7.5935726
OFDM,Classical OFDM,5.9839563
OFDM,Classical OFDM,8.965394
OFDM,Classical OFDM,7.7486587
OFDM,Classical OFDM,7.4011297
OFDM,Classical OFDM,6.75025
OFDM,Classical OFDM,6.276266
OFDM,Classical OFDM,7.383397
OFDM,Classical OFDM,7.180773
OFDM,Classical OFDM,7.9123373
OFDM,Classical OFDM,7.0409565
OFDM,Classical OFDM,6.354969
OFDM,Classical OFDM,5.1389546
OFDM,Classical OFDM,7.669721
OFDM,Classical OFDM,6.764465
OFDM,Classical OFDM,6.0904956
OFDM,Classical OFDM,8.862205
OFDM,Classical OFDM,6.774445
OFDM,Classical OFDM,5.776875
OFDM,Classical OFDM,5.591479
OFDM,Classical OFDM,6.209082
OFDM,Classical OFDM,6.857038
OFDM,Classical OFDM,7.2445564
OFDM,Classical OFDM,6.2025547
OFDM,Classical OFDM,9.41615
OFDM,Classical OFDM,7.1024714
OFDM,Classical OFDM,5.6051416
OFDM,Classical OFDM,7.396314
OFDM,Classical OFDM,8.526455
OFDM,Classical OFDM,6.847787
OFDM,Classical OFDM,5.1909533
OFDM,Classical OFDM,5.105382
OFDM,Classical OFDM,8.603442
OFDM,Classical OFDM,7.892761
OFDM,Classical OFDM,8.253816
OFDM,Classical OFDM,5.6901984
OFDM,Classical OFDM,6.2007637
OFDM,Classical OFDM,5.699424
OFDM,Classical OFDM,6.1892643
OFDM,Classical OFDM,6.297541
OFDM,Classical OFDM,6.8972588
OFDM,Classical OFDM,5.4292173
OFDM,Classical OFDM,6.375581
OFDM,Classical OFDM,7.35141
OFDM,Classical OFDM,6.9538336
OFDM,Classical OFDM,7.195797
OFDM,Classical OFDM,7.2754197
OFDM,Classical OFDM,5.527811
OFDM,Classical OFDM,7.1663933
OFDM,Classical OFDM,5.3014665
OFDM,Classical OFDM,5.307038
OFDM,Classical OFDM,5.580105
OFDM,Classical OFDM,7.066677
OFDM,Classical OFDM,6.6190963
OFDM,Classical OFDM,7.424738
OFDM,Classical OFDM,5.851182
OFDM,Classical OFDM,6.9236493
OFDM,Classical OFDM,6.763287
OFDM,Classical OFDM,6.5301533
OFDM,Classical OFDM,8.539466
OFDM,Classical OFDM,6.710602
OFDM,Classical OFDM,5.9214334
OFDM,Classical OFDM,7.130412
OFDM,Classical OFDM,6.144084
OFDM,Classical OFDM,6.8993053
OFDM,Classical OFDM,6.581311
OFDM,Classical OFDM,6.7030644
OFDM,Classical OFDM,6.1053066
OFDM,Classical OFDM,5.320854
OFDM,Classical OFDM,6.2956743
OFDM,Classical OFDM,6.3951006
OFDM,Classical OFDM,6.251859
OFDM,Classical OFDM,6.398658
OFDM,Classical OFDM,6.857856
OFDM,Classical OFDM,5.673325
OFDM,Classical OFDM,7.2428155
OFDM,Classical OFDM,7.610265
OFDM,Classical OFDM,7.042762
OFDM,Classical OFDM,5.4619617
OFDM,Classical OFDM,5.2501817
OFDM,Classical OFDM,6.55787
OFDM,Classical OFDM,6.246661
OFDM,Classical OFDM,7.8123813
OFDM,Classical OFDM,7.034951
OFDM,Classical OFDM,5.5667443
OFDM,Classical OFDM,6.131813
OFDM,Classical OFDM,7.4182053
OFDM,Classical OFDM,7.36924
OFDM,Classical OFDM,7.0113606
OFDM,Classical OFDM,6.4439077
OFDM,Classical OFDM,6.7517095
OFDM,Classical OFDM,5.986515
OFDM,Classical OFDM,6.110882
OFDM,Classical OFDM,5.110696
OFDM,Classical OFDM,5.5556197
OFDM,Classical OFDM,6.1153297
OFDM,Classical OFDM,6.4997864
OFDM,Classical OFDM,6.715362
OFDM,Classical OFDM,6.2885866
OFDM,Classical OFDM,7.0052204
OFDM,Classical OFDM,6.2062845
OFDM,Classical OFDM,7.030878
OFDM,Classical OFDM,8.93006
OFDM,Classical OFDM,7.5268106
OFDM,Classical OFDM,6.693025
OFDM,Classical OFDM,6.281572
OFDM,Classical OFDM,7.107864
OFDM,Classical OFDM,6.029079
OFDM,Classical OFDM,6.0947304
OFDM,Classical OFDM,7.871047
OFDM,Classical OFDM,5.6049557
OFDM,Classical OFDM,7.8741417
OFDM,Classical OFDM,6.1744356
OFDM,Classical OFDM,5.285902
OFDM,Classical OFDM,5.4487514
OFDM,Classical OFDM,6.931223
OFDM,Classical OFDM,5.7655535
OFDM,Classical OFDM,7.0839176
OFDM,Classical OFDM,6.900775
OFDM,Classical OFDM,5.888138
OFDM,Classical OFDM,5.860277
OFDM,Classical OFDM,7.5155025
OFDM,Classical OFDM,6.3700337
OFDM,Classical OFDM,7.4082828
OFDM,Classical OFDM,6.5726924
OFDM,Classical OFDM,8.009312
OFDM,Classical OFDM,9.38231
OFDM,Classical OFDM,7.1927195
OFDM,Classical OFDM,7.811012
OFDM,Classical OFDM,5.021182
OFDM,Classical OFDM,6.560435
OFDM,Classical OFDM,6.3505845
OFDM,Classical OFDM,7.182625
OFDM,Classical OFDM,5.9747057
OFDM,Classical OFDM,5.575741
OFDM,Classical OFDM,5.4969263
OFDM,Classical OFDM,4.3136744
OFDM,Classical OFDM,6.108795
OFDM,Classical OFDM,6.303673
OFDM,Classical OFDM,6.3945107
OFDM,Classical OFDM,6.6464205
OFDM,Classical OFDM,6.0671234
OFDM,Classical OFDM,5.7955503
OFDM,Classical OFDM,5.912523
OFDM,Classical OFDM,5.9983487
OFDM,Classical OFDM,5.9968424
OFDM,Classical OFDM,6.914949
OFDM,Classical OFDM,7.1443276
OFDM,Classical OFDM,7.1098275
OFDM,Classical OFDM,6.236351
OFDM,Classical OFDM,5.600695
OFDM,Classical OFDM,6.879103
OFDM,Classical OFDM,5.0357714
OFDM,Classical OFDM,6.2502055
OFDM,Classical OFDM,5.3926926
OFDM,Classical OFDM,8.1536
OFDM,Classical OFDM,6.4039974
OFDM,Classical OFDM,5.3443437
OFDM,Classical OFDM,6.6429987
OFDM,Classical OFDM,7.8819265
OFDM,Classical OFDM,6.2647552
OFDM,Classical OFDM,7.111644
OFDM,Classical OFDM,4.9779625
OFDM,Classical OFDM,7.8447604
OFDM,Classical OFDM,8.087007
OFDM,Classical OFDM,6.209123
OFDM,Classical OFDM,7.3328056
OFDM,Classical OFDM,5.5223794
OFDM,Classical OFDM,6.722855
OFDM,Classical OFDM,6.0458064
OFDM,Classical OFDM,5.45939
OFDM,Classical OFDM,4.905067
OFDM,Classical OFDM,5.861229
OFDM,Classical OFDM,6.3803387
OFDM,Classical OFDM,6.4220695
OFDM,Classical OFDM,6.773384
OFDM,Classical OFDM,6.5078154
OFDM,Classical OFDM,6.745166
OFDM,Classical OFDM,7.8957553
OFDM,Classical OFDM,4.492706
OFDM,Classical OFDM,5.653894
OFDM,Classical OFDM,5.7688694
OFDM,Classical OFDM,5.0450892
OFDM,Classical OFDM,7.0399528
OFDM,Classical OFDM,7.679543
OFDM,Classical OFDM,5.536522
OFDM,Classical OFDM,7.344787
OFDM,Classical OFDM,6.2194023
OFDM,Classical OFDM,5.865066
OFDM,Classical OFDM,6.077624
OFDM,Classical OFDM,8.068856
OFDM,Classical OFDM,7.1819735
OFDM,Classical OFDM,6.5896416
OFDM,Classical OFDM,6.861005
OFDM,Classical OFDM,8.168419
OFDM,Classical OFDM,6.4479547
OFDM,Classical OFDM,6.530599
OFDM,Classical OFDM,6.503892
OFDM,Classical OFDM,6.637437
OFDM,Classical OFDM,5.5195932
OFDM,Classical OFDM,7.1439834
OFDM,Classical OFDM,6.16447
OFDM,Classical OFDM,5.1401715
OFDM,Classical OFDM,7.5088925
OFDM,Classical OFDM,8.237719
OFDM,Classical OFDM,6.2493916
OFDM,Classical OFDM,6.1061473
OFDM,Classical OFDM,6.7407017
OFDM,Classical OFDM,6.508478
OFDM,Classical OFDM,5.6585636
OFDM,Classical OFDM,5.777199
OFDM,Classical OFDM,7.2705145
OFDM,Classical OFDM,7.780591
OFDM,Classical OFDM,6.815143
OFDM,Classical OFDM,7.193919
OFDM,Classical OFDM,4.544848
OFDM,Classical OFDM,9.147149
OFDM,Classical OFDM,6.1256514
OFDM,Classical OFDM,5.9393506
OFDM,Classical OFDM,8.9126
OFDM,Classical OFDM,6.2038717
OFDM,Classical OFDM,6.357134
OFDM,Classical OFDM,5.892546
OFDM,Classical OFDM,7.360833
OFDM,Classical OFDM,7.0485773
OFDM,Classical OFDM,8.626539
OFDM,Classical OFDM,8.178484
OFDM,Classical OFDM,7.0635633
OFDM,Classical OFDM,5.3443146
OFDM,Classical OFDM,6.0078077
OFDM,Classical OFDM,7.392139
OFDM,Classical OFDM,6.7480235
OFDM,Classical OFDM,7.3073874
OFDM,Classical OFDM,6.961181
OFDM,Classical OFDM,6.886787
OFDM,Classical OFDM,6.9532948
OFDM,Classical OFDM,6.5509396
OFDM,Classical OFDM,5.4934416
OFDM,Classical OFDM,6.5066357
OFDM,Classical OFDM,7.5422077
OFDM,Classical OFDM,5.895539
OFDM,Classical OFDM,6.933784
OFDM,Classical OFDM,6.4206862
OFDM,Classical OFDM,7.029663
OFDM,Classical OFDM,7.527545
OFDM,Classical OFDM,7.1611166
OFDM,Classical OFDM,6.9392967
OFDM,Classical OFDM,6.6429305
OFDM,Classical OFDM,5.7523656
OFDM,Classical OFDM,5.918762
OFDM,Classical OFDM,5.512261
OFDM,Classical OFDM,6.0278583
OFDM,Classical OFDM,5.3673735
OFDM,Classical OFDM,6.067564
OFDM,Classical OFDM,5.7779646
OFDM,Classical OFDM,6.9451756
OFDM,Classical OFDM,7.1548843
OFDM,Classical OFDM,7.778555
OFDM,Classical OFDM,6.6241436
OFDM,Classical OFDM,5.8242807
OFDM,Classical OFDM,5.944362
OFDM,Classical OFDM,5.849373
OFDM,Classical OFDM,6.3573213
OFDM,Classical OFDM,5.998481
OFDM,Classical OFDM,7.783639
OFDM,Classical OFDM,5.878999
OFDM,Classical OFDM,6.639229
OFDM,Classical OFDM,6.562997
OFDM,Classical OFDM,7.4441433
OFDM,Classical OFDM,5.7459807
OFDM,Classical OFDM,7.668202
OFDM,Classical OFDM,6.8697352
OFDM,Classical OFDM,7.474742
OFDM,Classical OFDM,6.3010697
OFDM,Classical OFDM,6.2640424
OFDM,Classical OFDM,6.7188063
OFDM,Classical OFDM,7.4249783
OFDM,Classical OFDM,6.860723
OFDM,Classical OFDM,8.167906
OFDM,Classical OFDM,7.0739822
OFDM,Classical OFDM,6.281063
OFDM,Classical OFDM,6.93657
OFDM,Classical OFDM,7.0122976
OFDM,Classical OFDM,5.025607
OFDM,Classical OFDM,7.0581775
OFDM,Classical OFDM,7.295239
OFDM,Classical OFDM,5.2710304
OFDM,Classical OFDM,8.194443
OFDM,Classical OFDM,6.8847094
OFDM,Classical OFDM,5.770607
OFDM,Classical OFDM,5.5499887
OFDM,Classical OFDM,5.584941
OFDM,Classical OFDM,7.3299704
OFDM,Classical OFDM,7.4455786
OFDM,Classical OFDM,7.8457475
OFDM,Classical OFDM,6.269036
OFDM,Classical OFDM,6.472609
OFDM,Classical OFDM,8.602653
OFDM,Classical OFDM,7.4844623
OFDM,Classical OFDM,7.7969003
OFDM,Classical OFDM,8.603589
OFDM,Classical OFDM,7.650683
OFDM,Classical OFDM,6.8812037
OFDM,Classical OFDM,5.7798142
OFDM,Classical OFDM,6.095137
OFDM,Classical OFDM,6.338004
OFDM,Classical OFDM,7.236601
OFDM,Classical OFDM,7.5957623
OFDM,Classical OFDM,6.893842
OFDM,Classical OFDM,6.961031
OFDM,Classical OFDM,6.66534
OFDM,Classical OFDM,6.075097
OFDM,Classical OFDM,5.4168043
OFDM,Classical OFDM,6.981908
OFDM,Classical OFDM,5.8793635
OFDM,Classical OFDM,7.1392655
OFDM,Classical OFDM,4.9804316
OFDM,Classical OFDM,6.2065573
OFDM,Classical OFDM,6.708905
OFDM,Classical OFDM,6.6140966
OFDM,Classical OFDM,6.38434
OFDM,Classical OFDM,5.503307
OFDM,Classical OFDM,9.121229
OFDM,Classical OFDM,6.9987435
OFDM,Classical OFDM,7.4867153
OFDM,Classical OFDM,5.7888703
OFDM,Classical OFDM,6.6713333
OFDM,Classical OFDM,6.7586718
OFDM,Classical OFDM,7.656996
OFDM,Classical OFDM,6.3853483
OFDM,Classical OFDM,6.151467
OFDM,Classical OFDM,7.1717863
OFDM,Classical OFDM,6.8272457
OFDM,Classical OFDM,7.450424
OFDM,Classical OFDM,5.947681
OFDM,Classical OFDM,6.404319
OFDM,Classical OFDM,7.979329
OFDM,Classical OFDM,7.3634887
OFDM,Classical OFDM,6.89543
OFDM,Classical OFDM,6.3633447
OFDM,Classical OFDM,7.4085646
OFDM,Classical OFDM,6.93152
OFDM,Classical OFDM,5.5305595
OFDM,Classical OFDM,9.175173
OFDM,Classical OFDM,5.8871174
OFDM,Classical OFDM,6.7137003
OFDM,Classical OFDM,7.4805307
OFDM,Classical OFDM,5.574402
OFDM,Classical OFDM,5.995489
OFDM,Classical OFDM,6.076121
OFDM,Classical OFDM,6.3030057
OFDM,Classical OFDM,5.569645
OFDM,Classical OFDM,6.5446377
OFDM,Classical OFDM,6.543029
OFDM,Classical OFDM,6.905579
OFDM,Classical OFDM,7.6391735
OFDM,Classical OFDM,6.524719
OFDM,Classical OFDM,8.29726
OFDM,Classical OFDM,4.884934
OFDM,Classical OFDM,5.725338
OFDM,Classical OFDM,5.6322575
OFDM,Classical OFDM,6.3866014
OFDM,Classical OFDM,8.502833
OFDM,Classical OFDM,6.553622
OFDM,Classical OFDM,5.7727613
OFDM,Classical OFDM,6.6566076
OFDM,Classical OFDM,6.8541284
OFDM,Classical OFDM,6.413915
OFDM,Classical OFDM,6.8423223
OFDM,Classical OFDM,6.2716045
OFDM,Classical OFDM,7.5076904
OFDM,Classical OFDM,6.023643
OFDM,Classical OFDM,6.046014
OFDM,Classical OFDM,5.687189
OFDM,Classical OFDM,5.8717833
OFDM,Classical OFDM,6.907406
OFDM,Classical OFDM,7.184519
OFDM,Classical OFDM,8.0092945
OFDM,Classical OFDM,5.0694304
OFDM,Classical OFDM,7.440111
OFDM,Classical OFDM,7.8456287
OFDM,Classical OFDM,5.038108
OFDM,Classical OFDM,6.0181932
OFDM,Classical OFDM,7.157588
OFDM,Classical OFDM,5.959196
OFDM,Classical OFDM,7.2321672
OFDM,Classical OFDM,7.0340085
OFDM,Classical OFDM,6.356
OFDM,Classical OFDM,6.7644877
OFDM,Classical OFDM,6.7790966
OFDM,Classical OFDM,6.9890666
OFDM,Classical OFDM,6.53823
OFDM,Classical OFDM,7.6201286
OFDM,Classical OFDM,7.1230607
OFDM,Classical OFDM,6.317482
OFDM,Classical OFDM,6.5981436
OFDM,Classical OFDM,6.8625903
OFDM,Classical OFDM,4.562974
OFDM,Classical OFDM,7.264752
OFDM,Classical OFDM,8.291876
OFDM,Classical OFDM,6.22147
OFDM,Classical OFDM,6.760069
OFDM,Classical OFDM,9.160812
OFDM,Classical OFDM,7.4690495
OFDM,Classical OFDM,6.0499744
OFDM,Classical OFDM,6.1714993
OFDM,Classical OFDM,7.576029
OFDM,Classical OFDM,6.250208
OFDM,Classical OFDM,6.394867
OFDM,Classical OFDM,8.937946
OFDM,Classical OFDM,9.198549
OFDM,Classical OFDM,6.113332
OFDM,Classical OFDM,5.367838
OFDM,Classical OFDM,5.7084208
OFDM,Classical OFDM,6.8204393
OFDM,Classical OFDM,7.2379084
OFDM,Classical OFDM,7.010848
OFDM,Classical OFDM,5.0769954
OFDM,Classical OFDM,7.6356096
OFDM,Classical OFDM,4.7851505
OFDM,Classical OFDM,6.9898806
OFDM,Classical OFDM,5.6795144
OFDM,Classical OFDM,6.331284
OFDM,Classical OFDM,5.7373567
OFDM,Classical OFDM,7.099105
OFDM,Classical OFDM,6.022732
OFDM,Classical OFDM,6.1919
OFDM,Classical OFDM,6.2153425
OFDM,Classical OFDM,7.7087026
OFDM,Classical OFDM,5.846407
OFDM,Classical OFDM,6.7266417
OFDM,Classical OFDM,8.28921
OFDM,Classical OFDM,6.933887
OFDM,Classical OFDM,4.9846597
OFDM,Classical OFDM,7.6412582
OFDM,Classical OFDM,6.7122006
OFDM,Classical OFDM,8.320652
OFDM,Classical OFDM,7.5357604
OFDM,Classical OFDM,7.780912
OFDM,Classical OFDM,5.6121306
OFDM,Classical OFDM,8.0976095
OFDM,Classical OFDM,7.929628
OFDM,Classical OFDM,5.7141995
OFDM,Classical OFDM,7.139618
OFDM,Classical OFDM,4.771065
OFDM,Classical OFDM,7.6275597
OFDM,Classical OFDM,7.0543723
OFDM,Classical OFDM,6.746102
OFDM,Classical OFDM,6.721227
OFDM,Classical OFDM,8.232565
OFDM,Classical OFDM,6.905772
OFDM,Classical OFDM,6.437297
OFDM,Classical OFDM,5.49066
OFDM,Classical OFDM,6.831267
OFDM,Classical OFDM,6.817987
OFDM,Classical OFDM,7.188563
OFDM,Classical OFDM,8.19847
OFDM,Classical OFDM,6.003678
OFDM,Classical OFDM,8.439238
OFDM,Classical OFDM,7.061172
OFDM,Classical OFDM,9.190248
OFDM,Classical OFDM,6.338281
OFDM,Classical OFDM,6.539772
OFDM,Classical OFDM,5.505022
OFDM,Classical OFDM,6.328101
OFDM,Classical OFDM,6.885843
OFDM,Classical OFDM,7.8339553
OFDM,Classical OFDM,6.77367
OFDM,Classical OFDM,6.5836005
OFDM,Classical OFDM,5.7516003
OFDM,Classical OFDM,7.4965525
OFDM,Classical OFDM,6.913159
OFDM,Classical OFDM,6.696397
OFDM,Classical OFDM,7.9724736
OFDM,Classical OFDM,7.150959
OFDM,Classical OFDM,6.438579
OFDM,Classical OFDM,7.3758883
OFDM,Classical OFDM,7.7715707
OFDM,Classical OFDM,5.8997555
OFDM,Classical OFDM,8.1173525
OFDM,Classical OFDM,8.603259
OFDM,Classical OFDM,8.524028
OFDM,Classical OFDM,6.795315
OFDM,Classical OFDM,6.511441
OFDM,Classical OFDM,5.2747593
OFDM,Classical OFDM,6.799009
OFDM,Classical OFDM,6.7076406
OFDM,Classical OFDM,5.693107
OFDM,Classical OFDM,6.292404
OFDM,Classical OFDM,7.8391037
OFDM,Classical OFDM,8.770222
OFDM,Classical OFDM,5.995343
OFDM,Classical OFDM,6.594942
OFDM,Classical OFDM,6.625928
OFDM,Classical OFDM,8.616156
OFDM,Classical OFDM,5.314783
OFDM,Classical OFDM,6.682656
OFDM,Classical OFDM,6.0097413
OFDM,Classical OFDM,6.405552
OFDM,Classical OFDM,7.005994
OFDM,Classical OFDM,7.09562
OFDM,Classical OFDM,9.481995
OFDM,Classical OFDM,6.8028016
OFDM,Classical OFDM,6.915419
OFDM,Classical OFDM,5.12507
OFDM,Classical OFDM,6.0997634
OFDM,Classical OFDM,7.7441096
OFDM,Classical OFDM,6.4129677
OFDM,Classical OFDM,7.6010604
OFDM,Classical OFDM,6.4586697
OFDM,Classical OFDM,6.332471
OFDM,Classical OFDM,7.3762436
OFDM,Classical OFDM,5.514149
OFDM,Classical OFDM,5.0262094
OFDM,Classical OFDM,5.6183505
OFDM,Classical OFDM,5.5550866
OFDM,Classical OFDM,7.9866943
OFDM,Classical OFDM,6.604151
OFDM,Classical OFDM,5.7808256
OFDM,Classical OFDM,6.929603
OFDM,Classical OFDM,7.7281427
OFDM,Classical OFDM,5.7178297
OFDM,Classical OFDM,7.4397087
OFDM,Classical OFDM,6.409247
OFDM,Classical OFDM,8.365922
OFDM,Classical OFDM,6.8135123
OFDM,Classical OFDM,7.071328
OFDM,Classical OFDM,5.3988123
OFDM,Classical OFDM,7.7722445
OFDM,Classical OFDM,7.6208205
OFDM,Classical OFDM,5.8123417
OFDM,Classical OFDM,6.298862
OFDM,Classical OFDM,5.370746
OFDM,Classical OFDM,5.0131235
OFDM,Classical OFDM,7.5269294
OFDM,Classical OFDM,7.387052
OFDM,Classical OFDM,7.6193094
OFDM,Classical OFDM,6.2265196
OFDM,Classical OFDM,7.01101
OFDM,Classical OFDM,7.2677803
OFDM,Classical OFDM,6.718991
OFDM,Classical OFDM,4.7027807
OFDM,Classical OFDM,5.9922485
OFDM,Classical OFDM,5.234721
OFDM,Classical OFDM,9.129201
OFDM,Classical OFDM,8.34684
OFDM,Classical OFDM,5.988712
OFDM,Classical OFDM,6.4991646
OFDM,Classical OFDM,7.0655775
OFDM,Classical OFDM,6.035553
OFDM,Classical OFDM,7.3534184
OFDM,Classical OFDM,6.11897
OFDM,Classical OFDM,7.200112
OFDM,Classical OFDM,7.34463
OFDM,Classical OFDM,7.561588
OFDM,Classical OFDM,7.586425
OFDM,Classical OFDM,6.5654225
OFDM,Classical OFDM,6.0836225
OFDM,Classical OFDM,7.8699107
OFDM,Classical OFDM,7.522679
OFDM,Classical OFDM,7.089832
OFDM,Classical OFDM,6.3992243
OFDM,Classical OFDM,5.86909
OFDM,Classical OFDM,5.2820725
OFDM,Classical OFDM,6.0631456
OFDM,Classical OFDM,6.438734
OFDM,Classical OFDM,6.212904
OFDM,Classical OFDM,6.166413
OFDM,Classical OFDM,5.987974
OFDM,Classical OFDM,5.7213335
OFDM,Classical OFDM,7.2337885
OFDM,Classical OFDM,6.8258705
OFDM,Classical OFDM,4.9912453
OFDM,Classical OFDM,7.654343
OFDM,Classical OFDM,6.2513785
OFDM,Classical OFDM,7.7605877
OFDM,Classical OFDM,8.888239
OFDM,Classical OFDM,7.317264
OFDM,Classical OFDM,4.6699147
OFDM,Classical OFDM,5.4375296
OFDM,Classical OFDM,5.957407
OFDM,Classical OFDM,7.591841
OFDM,Classical OFDM,6.4725585
OFDM,Classical OFDM,5.7869525
OFDM,Classical OFDM,5.6330276
OFDM,Classical OFDM,7.5553493
OFDM,Classical OFDM,8.409889
OFDM,Classical OFDM,6.3956213
OFDM,Classical OFDM,5.940241
OFDM,Classical OFDM,5.6867895
OFDM,Classical OFDM,5.914605
OFDM,Classical OFDM,7.0400953
OFDM,Classical OFDM,6.604865
OFDM,Classical OFDM,5.719961
OFDM,Classical OFDM,5.6643276
OFDM,Classical OFDM,6.5744205
OFDM,Classical OFDM,5.43366
OFDM,Classical OFDM,8.541534
OFDM,Classical OFDM,7.8740454
OFDM,Classical OFDM,6.684469
OFDM,Classical OFDM,5.6064177
OFDM,Classical OFDM,7.6860375
OFDM,Classical OFDM,5.8633184
OFDM,Classical OFDM,6.6152387
OFDM,Classical OFDM,5.153637
OFDM,Classical OFDM,6.8802123
OFDM,Classical OFDM,7.5828476
OFDM,Classical OFDM,7.43638
OFDM,Classical OFDM,6.3575125
OFDM,Classical OFDM,7.8413205
OFDM,Classical OFDM,7.475687
OFDM,Classical OFDM,4.867603
OFDM,Classical OFDM,8.021342
OFDM,Classical OFDM,8.046548
OFDM,Classical OFDM,6.789417
OFDM,Classical OFDM,5.8794875
OFDM,Classical OFDM,5.2462435
OFDM,Classical OFDM,5.790894
OFDM,Classical OFDM,5.76404
OFDM,Classical OFDM,6.081967
OFDM,Classical OFDM,6.800632
OFDM,Classical OFDM,9.416915
OFDM,Classical OFDM,9.32716
OFDM,Classical OFDM,5.0984144
OFDM,Classical OFDM,4.823635
OFDM,Classical OFDM,5.224242
OFDM,Classical OFDM,6.0466185
OFDM,Classical OFDM,6.2663226
OFDM,Classical OFDM,4.95974
OFDM,Classical OFDM,6.56904
OFDM,Classical OFDM,6.303276
OFDM,Classical OFDM,7.0615478
OFDM,Classical OFDM,5.644169
OFDM,Classical OFDM,7.7770786
OFDM,Classical OFDM,6.2553353
OFDM,Classical OFDM,8.173328
OFDM,Classical OFDM,8.049408
OFDM,Classical OFDM,4.90022
OFDM,Classical OFDM,6.6087337
OFDM,Classical OFDM,6.459136
Learned,Learned Basis,6.423779
Learned,Learned Basis,4.8700027
Learned,Learned Basis,5.0064077
Learned,Learned Basis,5.532261
Learned,Learned Basis,4.128005
Learned,Learned Basis,4.254824
Learned,Learned Basis,5.8875775
Learned,Learned Basis,5.3869767
Learned,Learned Basis,4.5459075
Learned,Learned Basis,6.635964
Learned,Learned Basis,5.785696
Learned,Learned Basis,5.340524
Learned,Learned Basis,6.654436
Learned,Learned Basis,4.8000865
Learned,Learned Basis,5.5495634
Learned,Learned Basis,3.6803138
Learned,Learned Basis,5.000594
Learned,Learned Basis,4.5410614
Learned,Learned Basis,5.264783
Learned,Learned Basis,6.9771576
Learned,Learned Basis,6.494564
Learned,Learned Basis,6.123305
Learned,Learned Basis,5.511927
Learned,Learned Basis,4.1708584
Learned,Learned Basis,4.9333134
Learned,Learned Basis,5.149048
Learned,Learned Basis,4.496206
Learned,Learned Basis,5.579422
Learned,Learned Basis,4.184195
Learned,Learned Basis,4.709112
Learned,Learned Basis,5.654213
Learned,Learned Basis,5.739461
Learned,Learned Basis,5.2426863
Learned,Learned Basis,5.39019
Learned,Learned Basis,6.5256186
Learned,Learned Basis,5.592272
Learned,Learned Basis,5.6038656
Learned,Learned Basis,5.346499
Learned,Learned Basis,5.86631
Learned,Learned Basis,5.869416
Learned,Learned Basis,4.5827475
Learned,Learned Basis,4.4996424
Learned,Learned Basis,4.658949
Learned,Learned Basis,5.0433807
Learned,Learned Basis,7.3784504
Learned,Learned Basis,6.716643
Learned,Learned Basis,6.231683
Learned,Learned Basis,5.05835
Learned,Learned Basis,4.0174017
Learned,Learned Basis,6.8897204
Learned,Learned Basis,4.5266337
Learned,Learned Basis,3.9171991
Learned,Learned Basis,4.203068
Learned,Learned Basis,4.301201
Learned,Learned Basis,5.6527557
Learned,Learned Basis,3.9962387
Learned,Learned Basis,4.2930636
Learned,Learned Basis,4.255063
Learned,Learned Basis,5.031057
Learned,Learned Basis,5.7692885
Learned,Learned Basis,5.827913
Learned,Learned Basis,5.959057
Learned,Learned Basis,6.276044
Learned,Learned Basis,4.8899884
Learned,Learned Basis,5.9972963
Learned,Learned Basis,5.1995945
Learned,Learned Basis,5.340906
Learned,Learned Basis,4.5647535
Learned,Learned Basis,4.6429815
Learned,Learned Basis,4.6048045
Learned,Learned Basis,5.385457
Learned,Learned Basis,6.9057026
Learned,Learned Basis,6.1551905
Learned,Learned Basis,4.7566967
Learned,Learned Basis,5.3480577
Learned,Learned Basis,5.7312202
Learned,Learned Basis,5.3509
Learned,Learned Basis,3.4784367
Learned,Learned Basis,6.5565157
Learned,Learned Basis,4.8846855
Learned,Learned Basis,4.382492
Learned,Learned Basis,4.2906404
Learned,Learned Basis,7.4753165
Learned,Learned Basis,5.2204304
Learned,Learned Basis,7.5140266
Learned,Learned Basis,4.9629855
Learned,Learned Basis,6.2001743
Learned,Learned Basis,5.4830427
Learned,Learned Basis,7.481503
Learned,Learned Basis,5.7516727
Learned,Learned Basis,5.9091144
Learned,Learned Basis,4.894164
Learned,Learned Basis,5.0643845
Learned,Learned Basis,6.9146957
Learned,Learned Basis,5.5929737
Learned,Learned Basis,5.884004
Learned,Learned Basis,4.607645
Learned,Learned Basis,6.7243743
Learned,Learned Basis,5.5122213
Learned,Learned Basis,4.9690723
Learned,Learned Basis,6.6705704
Learned,Learned Basis,5.9486055
Learned,Learned Basis,4.3521023
Learned,Learned Basis,4.3022156
Learned,Learned Basis,6.446998
Learned,Learned Basis,3.720284
Learned,Learned Basis,5.424807
Learned,Learned Basis,6.6139145
Learned,Learned Basis,6.583038
Learned,Learned Basis,4.1624565
Learned,Learned Basis,4.5738716
Learned,Learned Basis,5.521596
Learned,Learned Basis,6.0785584
Learned,Learned Basis,6.590445
Learned,Learned Basis,5.4532595
Learned,Learned Basis,6.90442
Learned,Learned Basis,5.763984
Learned,Learned Basis,6.8754888
Learned,Learned Basis,5.2052026
Learned,Learned Basis,7.5207586
Learned,Learned Basis,5.5694585
Learned,Learned Basis,4.9643664
Learned,Learned Basis,5.3727465
Learned,Learned Basis,4.418247
Learned,Learned Basis,5.8304777
Learned,Learned Basis,5.291491
Learned,Learned Basis,5.901613
Learned,Learned Basis,6.44469
Learned,Learned Basis,5.372372
Learned,Learned Basis,4.57585
Learned,Learned Basis,4.0722413
Learned,Learned Basis,5.98629
Learned,Learned Basis,5.691265
Learned,Learned Basis,6.3696837
Learned,Learned Basis,5.2149353
Learned,Learned Basis,5.6643457
Learned,Learned Basis,4.1814766
Learned,Learned Basis,4.3357987
Learned,Learned Basis,4.891816
Learned,Learned Basis,4.7483644
Learned,Learned Basis,6.4481297
Learned,Learned Basis,4.6962757
Learned,Learned Basis,5.775948
Learned,Learned Basis,4.5169854
Learned,Learned Basis,4.4831834
Learned,Learned Basis,6.1433597
Learned,Learned Basis,5.145153
Learned,Learned Basis,4.92719
Learned,Learned Basis,5.4411135
Learned,Learned Basis,5.9247246
Learned,Learned Basis,6.19135
Learned,Learned Basis,4.631643
Learned,Learned Basis,6.89565
Learned,Learned Basis,5.7026443
Learned,Learned Basis,4.1542764
Learned,Learned Basis,5.204339
Learned,Learned Basis,6.263379
Learned,Learned Basis,5.3899
Learned,Learned Basis,5.223143
Learned,Learned Basis,5.6244016
Learned,Learned Basis,5.776234
Learned,Learned Basis,6.202045
Learned,Learned Basis,4.047386
Learned,Learned Basis,6.4135404
Learned,Learned Basis,4.433367
Learned,Learned Basis,4.8476005
Learned,Learned Basis,6.862328
Learned,Learned Basis,5.042074
Learned,Learned Basis,5.5249925
Learned,Learned Basis,6.199931
Learned,Learned Basis,4.1157236
Learned,Learned Basis,5.99831
Learned,Learned Basis,6.1461325
Learned,Learned Basis,5.598789
Learned,Learned Basis,6.5015674
Learned,Learned Basis,4.028024
Learned,Learned Basis,6.2058835
Learned,Learned Basis,6.2087803
Learned,Learned Basis,4.9671144
Learned,Learned Basis,5.3220053
Learned,Learned Basis,6.419082
Learned,Learned Basis,5.1014614
Learned,Learned Basis,4.693799
Learned,Learned Basis,5.507003
Learned,Learned Basis,6.123687
Learned,Learned Basis,5.2696137
Learned,Learned Basis,5.6309834
Learned,Learned Basis,4.9218946
Learned,Learned Basis,4.228823
Learned,Learned Basis,5.0204954
Learned,Learned Basis,5.633151
Learned,Learned Basis,6.1777205
Learned,Learned Basis,4.514502
Learned,Learned Basis,4.1707115
Learned,Learned Basis,4.4190874
Learned,Learned Basis,5.6685963
Learned,Learned Basis,4.7117987
Learned,Learned Basis,5.5446196
Learned,Learned Basis,5.302657
Learned,Learned Basis,5.355975
Learned,Learned Basis,5.3613024
Learned,Learned Basis,5.752493
Learned,Learned Basis,5.0225544
Learned,Learned Basis,4.8934155
Learned,Learned Basis,4.785962
Learned,Learned Basis,7.1331854
Learned,Learned Basis,6.0372963
Learned,Learned Basis,6.26894
Learned,Learned Basis,6.0102577
Learned,Learned Basis,5.9133406
Learned,Learned Basis,5.849633
Learned,Learned Basis,4.9368753
Learned,Learned Basis,5.320671
Learned,Learned Basis,4.849749
Learned,Learned Basis,5.106294
Learned,Learned Basis,5.374384
Learned,Learned Basis,5.297347
Learned,Learned Basis,5.0000153
Learned,Learned Basis,4.9325185
Learned,Learned Basis,6.484213
Learned,Learned Basis,4.6218147
Learned,Learned Basis,5.484559
Learned,Learned Basis,5.836259
Learned,Learned Basis,3.9627645
Learned,Learned Basis,5.610654
Learned,Learned Basis,6.509414
Learned,Learned Basis,5.6278367
Learned,Learned Basis,5.725722
Learned,Learned Basis,4.4688697
Learned,Learned Basis,6.9776583
Learned,Learned Basis,4.1104097
Learned,Learned Basis,5.3061495
Learned,Learned Basis,5.3528843
Learned,Learned Basis,6.01875
Learned,Learned Basis,5.0663857
Learned,Learned Basis,7.2564907
Learned,Learned Basis,5.948121
Learned,Learned Basis,5.107888
Learned,Learned Basis,5.5662756
Learned,Learned Basis,4.199398
Learned,Learned Basis,4.461009
Learned,Learned Basis,4.8319883
Learned,Learned Basis,4.436961
Learned,Learned Basis,6.2821393
Learned,Learned Basis,4.879142
Learned,Learned Basis,5.1997046
Learned,Learned Basis,5.242059
Learned,Learned Basis,5.534435
Learned,Learned Basis,4.8016777
Learned,Learned Basis,4.9890833
Learned,Learned Basis,5.895684
Learned,Learned Basis,7.049465
Learned,Learned Basis,4.8560505
Learned,Learned Basis,4.374275
Learned,Learned Basis,4.8772526
Learned,Learned Basis,5.450868
Learned,Learned Basis,4.9345846
Learned,Learned Basis,4.6426353
Learned,Learned Basis,6.1181335
Learned,Learned Basis,5.8530016
Learned,Learned Basis,6.038185
Learned,Learned Basis,4.234374
Learned,Learned Basis,4.9605427
Learned,Learned Basis,4.253057
Learned,Learned Basis,4.593922
Learned,Learned Basis,4.8569303
Learned,Learned Basis,5.305822
Learned,Learned Basis,5.5760865
Learned,Learned Basis,6.618696
Learned,Learned Basis,7.5105424
Learned,Learned Basis,6.5246143
Learned,Learned Basis,4.787108
Learned,Learned Basis,5.4990582
Learned,Learned Basis,4.9085436
Learned,Learned Basis,4.848586
Learned,Learned Basis,4.260185
Learned,Learned Basis,6.427415
Learned,Learned Basis,5.6589036
Learned,Learned Basis,5.8339586
Learned,Learned Basis,5.0810103
Learned,Learned Basis,4.0742426
Learned,Learned Basis,5.5599494
Learned,Learned Basis,5.1977262
Learned,Learned Basis,5.604166
Learned,Learned Basis,4.400699
Learned,Learned Basis,6.5752745
Learned,Learned Basis,4.9548774
Learned,Learned Basis,5.209381
Learned,Learned Basis,6.6069164
Learned,Learned Basis,4.35698
Learned,Learned Basis,4.9630227
Learned,Learned Basis,5.7633977
Learned,Learned Basis,6.488468
Learned,Learned Basis,6.469557
Learned,Learned Basis,6.761553
Learned,Learned Basis,5.890162
Learned,Learned Basis,5.5135536
Learned,Learned Basis,5.4098964
Learned,Learned Basis,5.155218
Learned,Learned Basis,4.4982176
Learned,Learned Basis,4.6788135
Learned,Learned Basis,6.2044964
Learned,Learned Basis,5.029223
Learned,Learned Basis,7.305421
Learned,Learned Basis,6.0338373
Learned,Learned Basis,4.740651
Learned,Learned Basis,5.59228
Learned,Learned Basis,5.539846
Learned,Learned Basis,5.71835
Learned,Learned Basis,7.6739907
Learned,Learned Basis,4.902874
Learned,Learned Basis,4.5011396
Learned,Learned Basis,4.227934
Learned,Learned Basis,4.917981
Learned,Learned Basis,4.6077743
Learned,Learned Basis,5.3994412
Learned,Learned Basis,4.5939856
Learned,Learned Basis,5.4891577
Learned,Learned Basis,3.6246662
Learned,Learned Basis,6.6816278
Learned,Learned Basis,5.7142925
Learned,Learned Basis,5.1475353
Learned,Learned Basis,4.851298
Learned,Learned Basis,4.9081335
Learned,Learned Basis,6.444053
Learned,Learned Basis,4.6857204
Learned,Learned Basis,4.2174573
Learned,Learned Basis,5.251258
Learned,Learned Basis,6.7692976
Learned,Learned Basis,4.6299777
Learned,Learned Basis,4.795
Learned,Learned Basis,5.051275
Learned,Learned Basis,5.597973
Learned,Learned Basis,5.000112
Learned,Learned Basis,6.3993115
Learned,Learned Basis,4.204049
Learned,Learned Basis,5.294163
Learned,Learned Basis,6.877231
Learned,Learned Basis,5.304125
Learned,Learned Basis,5.5102816
Learned,Learned Basis,4.718159
Learned,Learned Basis,5.65741
Learned,Learned Basis,4.6981583
Learned,Learned Basis,5.510071
Learned,Learned Basis,4.5805645
Learned,Learned Basis,3.9522133
Learned,Learned Basis,4.6132736
Learned,Learned Basis,5.9215307
Learned,Learned Basis,3.6449966
Learned,Learned Basis,5.3395367
Learned,Learned Basis,6.2011724
Learned,Learned Basis,4.5223947
Learned,Learned Basis,4.744495
Learned,Learned Basis,5.8387227
Learned,Learned Basis,4.800021
Learned,Learned Basis,5.569381
Learned,Learned Basis,4.8586216
Learned,Learned Basis,5.5310564
Learned,Learned Basis,5.31595
Learned,Learned Basis,6.885561
Learned,Learned Basis,5.452251
Learned,Learned Basis,4.189285
Learned,Learned Basis,6.6930776
Learned,Learned Basis,5.5714126
Learned,Learned Basis,5.203086
Learned,Learned Basis,6.721797
Learned,Learned Basis,6.777292
Learned,Learned Basis,3.8622732
Learned,Learned Basis,5.3284
Learned,Learned Basis,5.915198
Learned,Learned Basis,4.501453
Learned,Learned Basis,4.992672
Learned,Learned Basis,5.0166454
Learned,Learned Basis,6.394125
Learned,Learned Basis,6.061736
Learned,Learned Basis,4.3098264
Learned,Learned Basis,3.9871063
Learned,Learned Basis,5.3719783
Learned,Learned Basis,6.083737
Learned,Learned Basis,4.7765884
Learned,Learned Basis,5.7793574
Learned,Learned Basis,4.506509
Learned,Learned Basis,5.9884305
Learned,Learned Basis,5.698089
Learned,Learned Basis,4.6838326
Learned,Learned Basis,4.1609936
Learned,Learned Basis,5.9133854
Learned,Learned Basis,5.3190827
Learned,Learned Basis,4.6951904
Learned,Learned Basis,5.626245
Learned,Learned Basis,4.931803
Learned,Learned Basis,7.13139
Learned,Learned Basis,6.1048098
Learned,Learned Basis,5.293894
Learned,Learned Basis,6.29529
Learned,Learned Basis,4.929634
Learned,Learned Basis,5.313423
Learned,Learned Basis,5.1154423
Learned,Learned Basis,5.2083454
Learned,Learned Basis,5.7380896
Learned,Learned Basis,4.870066
Learned,Learned Basis,5.942294
Learned,Learned Basis,5.354581
Learned,Learned Basis,5.572361
Learned,Learned Basis,7.120428
Learned,Learned Basis,4.959042
Learned,Learned Basis,6.2226095
Learned,Learned Basis,5.5744987
Learned,Learned Basis,5.1236935
Learned,Learned Basis,5.9786663
Learned,Learned Basis,5.2622585
Learned,Learned Basis,4.3514485
Learned,Learned Basis,6.1420984
Learned,Learned Basis,5.0452166
Learned,Learned Basis,4.861598
Learned,Learned Basis,5.15193
Learned,Learned Basis,6.9129524
Learned,Learned Basis,5.7232256
Learned,Learned Basis,6.51434
Learned,Learned Basis,6.0159926
Learned,Learned Basis,5.0051665
Learned,Learned Basis,5.032105
Learned,Learned Basis,5.473637
Learned,Learned Basis,5.283517
Learned,Learned Basis,4.6380486
Learned,Learned Basis,5.468894
Learned,Learned Basis,5.2341776
Learned,Learned Basis,6.185156
Learned,Learned Basis,5.626778
Learned,Learned Basis,6.060186
Learned,Learned Basis,5.0194893
Learned,Learned Basis,5.2569604
Learned,Learned Basis,6.985303
Learned,Learned Basis,5.0426297
Learned,Learned Basis,6.208796
Learned,Learned Basis,4.6235027
Learned,Learned Basis,6.0379047
Learned,Learned Basis,4.812329
Learned,Learned Basis,6.2922964
Learned,Learned Basis,4.45888
Learned,Learned Basis,4.428462
Learned,Learned Basis,5.338852
Learned,Learned Basis,4.5917
Learned,Learned Basis,6.1473603
Learned,Learned Basis,5.1913495
Learned,Learned Basis,5.5366526
Learned,Learned Basis,6.4856405
Learned,Learned Basis,5.103986
Learned,Learned Basis,5.7288175
Learned,Learned Basis,5.4453773
Learned,Learned Basis,6.9115663
Learned,Learned Basis,4.5926824
Learned,Learned Basis,6.2642612
Learned,Learned Basis,5.3181562
Learned,Learned Basis,4.9299636
Learned,Learned Basis,7.1121163
Learned,Learned Basis,3.3631396
Learned,Learned Basis,5.4214344
Learned,Learned Basis,5.140483
Learned,Learned Basis,5.440139
Learned,Learned Basis,4.7698665
Learned,Learned Basis,5.914794
Learned,Learned Basis,4.8329573
Learned,Learned Basis,6.7272334
Learned,Learned Basis,5.9657006
Learned,Learned Basis,6.8388996
Learned,Learned Basis,5.575527
Learned,Learned Basis,4.975304
Learned,Learned Basis,5.6732025
Learned,Learned Basis,5.0327206
Learned,Learned Basis,5.1195116
Learned,Learned Basis,5.071113
Learned,Learned Basis,5.061918
Learned,Learned Basis,4.9640527
Learned,Learned Basis,4.740792
Learned,Learned Basis,3.97352
Learned,Learned Basis,4.449197
Learned,Learned Basis,4.030184
Learned,Learned Basis,7.456189
Learned,Learned Basis,5.410163
Learned,Learned Basis,4.3254967
Learned,Learned Basis,5.2192707
Learned,Learned Basis,5.56195
Learned,Learned Basis,6.2465925
Learned,Learned Basis,5.663847
Learned,Learned Basis,4.8181915
Learned,Learned Basis,5.090704
Learned,Learned Basis,4.890431
Learned,Learned Basis,5.049467
Learned,Learned Basis,5.0951986
Learned,Learned Basis,4.6587076
Learned,Learned Basis,4.891892
Learned,Learned Basis,5.489949
Learned,Learned Basis,4.800388
Learned,Learned Basis,5.3538394
Learned,Learned Basis,5.655492
Learned,Learned Basis,5.1067634
Learned,Learned Basis,5.5541987
Learned,Learned Basis,3.5288904
Learned,Learned Basis,4.8328295
Learned,Learned Basis,5.602824
Learned,Learned Basis,5.0734053
Learned,Learned Basis,4.515108
Learned,Learned Basis,6.6447124
Learned,Learned Basis,6.248653
Learned,Learned Basis,5.9421377
Learned,Learned Basis,5.1779294
Learned,Learned Basis,4.906178
Learned,Learned Basis,4.5529857
Learned,Learned Basis,5.633838
Learned,Learned Basis,4.759946
Learned,Learned Basis,4.3999743
Learned,Learned Basis,6.766172
Learned,Learned Basis,4.8050804
Learned,Learned Basis,6.8535404
Learned,Learned Basis,5.013562
Learned,Learned Basis,4.0832176
Learned,Learned Basis,5.3615756
Learned,Learned Basis,5.371864
Learned,Learned Basis,5.5292726
Learned,Learned Basis,4.2611556
Learned,Learned Basis,5.547772
Learned,Learned Basis,5.338926
Learned,Learned Basis,5.1197124
Learned,Learned Basis,5.5517097
Learned,Learned Basis,5.894096
Learned,Learned Basis,4.514093
Learned,Learned Basis,5.081479
Learned,Learned Basis,4.899851
Learned,Learned Basis,5.5476055
Learned,Learned Basis,7.2281957
Learned,Learned Basis,5.378263
Learned,Learned Basis,5.6095877
Learned,Learned Basis,5.4628553
Learned,Learned Basis,4.8508935
Learned,Learned Basis,5.347234
Learned,Learned Basis,4.4510407
Learned,Learned Basis,6.5679884
Learned,Learned Basis,4.702608
Learned,Learned Basis,4.3029137
Learned,Learned Basis,4.494384
Learned,Learned Basis,5.437259
Learned,Learned Basis,6.0645514
Learned,Learned Basis,7.1109276
Learned,Learned Basis,5.2584224
Learned,Learned Basis,4.346168
Learned,Learned Basis,5.823818
Learned,Learned Basis,5.730834
Learned,Learned Basis,5.278864
Learned,Learned Basis,4.6393485
Learned,Learned Basis,5.0107946
Learned,Learned Basis,4.0917697
Learned,Learned Basis,4.646907
Learned,Learned Basis,5.657639
Learned,Learned Basis,5.7757235
Learned,Learned Basis,4.575166
Learned,Learned Basis,5.354418
Learned,Learned Basis,5.100774
Learned,Learned Basis,6.817293
Learned,Learned Basis,4.2637415
Learned,Learned Basis,6.258902
Learned,Learned Basis,4.765958
Learned,Learned Basis,4.789471
Learned,Learned Basis,5.694878
Learned,Learned Basis,5.399194
Learned,Learned Basis,3.878529
Learned,Learned Basis,6.38169
Learned,Learned Basis,6.1575117
Learned,Learned Basis,5.9864206
Learned,Learned Basis,5.4431815
Learned,Learned Basis,5.2066603
Learned,Learned Basis,6.051036
Learned,Learned Basis,4.4807987
Learned,Learned Basis,7.178635
Learned,Learned Basis,4.0516953
Learned,Learned Basis,5.3582096
Learned,Learned Basis,3.9623034
Learned,Learned Basis,5.617333
Learned,Learned Basis,3.8697445
Learned,Learned Basis,5.5009995
Learned,Learned Basis,5.1121254
Learned,Learned Basis,5.1098194
Learned,Learned Basis,4.3035913
Learned,Learned Basis,4.547891
Learned,Learned Basis,5.9389277
Learned,Learned Basis,5.461531
Learned,Learned Basis,5.4697638
Learned,Learned Basis,4.8289776
Learned,Learned Basis,6.95128
Learned,Learned Basis,5.757719
Learned,Learned Basis,4.4446077
Learned,Learned Basis,5.2441816
Learned,Learned Basis,6.38186
Learned,Learned Basis,4.008345
Learned,Learned Basis,5.7831593
Learned,Learned Basis,5.5520535
Learned,Learned Basis,5.2804832
Learned,Learned Basis,5.028791
Learned,Learned Basis,4.9528093
Learned,Learned Basis,5.57059
Learned,Learned Basis,5.546064
Learned,Learned Basis,5.235919
Learned,Learned Basis,6.0552588
Learned,Learned Basis,6.0411816
Learned,Learned Basis,5.70866
Learned,Learned Basis,5.107723
Learned,Learned Basis,6.2553205
Learned,Learned Basis,4.057643
Learned,Learned Basis,5.5001016
Learned,Learned Basis,6.721616
Learned,Learned Basis,5.6598063
Learned,Learned Basis,4.551641
Learned,Learned Basis,5.0686007
Learned,Learned Basis,5.6428537
Learned,Learned Basis,5.111377
Learned,Learned Basis,4.875411
Learned,Learned Basis,5.1718884
Learned,Learned Basis,5.9143944
Learned,Learned Basis,4.4437113
Learned,Learned Basis,5.883164
Learned,Learned Basis,4.994274
Learned,Learned Basis,4.7601027
Learned,Learned Basis,6.0753775
Learned,Learned Basis,5.2776413
Learned,Learned Basis,7.069371
Learned,Learned Basis,4.866621
Learned,Learned Basis,6.325179
Learned,Learned Basis,4.2487497
Learned,Learned Basis,6.0372515
Learned,Learned Basis,4.8267093
Learned,Learned Basis,4.7752256
Learned,Learned Basis,5.166353
Learned,Learned Basis,4.773247
Learned,Learned Basis,4.942426
Learned,Learned Basis,4.337907
Learned,Learned Basis,4.563982
Learned,Learned Basis,6.284699
Learned,Learned Basis,4.3083706
Learned,Learned Basis,6.225614
Learned,Learned Basis,5.2041345
Learned,Learned Basis,5.790134
Learned,Learned Basis,4.6157374
Learned,Learned Basis,6.4530754
Learned,Learned Basis,6.8200197
Learned,Learned Basis,5.5369096
Learned,Learned Basis,5.6468434
Learned,Learned Basis,6.8998866
Learned,Learned Basis,5.6267614
Learned,Learned Basis,4.4167013
Learned,Learned Basis,4.065422
Learned,Learned Basis,4.0860386
Learned,Learned Basis,4.484847
Learned,Learned Basis,3.5058422
Learned,Learned Basis,5.8848004
Learned,Learned Basis,5.5604954
Learned,Learned Basis,5.1673265
Learned,Learned Basis,4.5309086
Learned,Learned Basis,4.019876
Learned,Learned Basis,5.650623
Learned,Learned Basis,4.4682665
Learned,Learned Basis,6.561509
Learned,Learned Basis,6.7388177
Learned,Learned Basis,4.809446
Learned,Learned Basis,4.9994626
Learned,Learned Basis,4.9649434
Learned,Learned Basis,5.9173203
Learned,Learned Basis,4.8404245
Learned,Learned Basis,4.620639
Learned,Learned Basis,4.9678073
Learned,Learned Basis,6.245267
Learned,Learned Basis,7.4390593
Learned,Learned Basis,5.798046
Learned,Learned Basis,3.96929
Learned,Learned Basis,5.1741147
Learned,Learned Basis,4.8017855
Learned,Learned Basis,6.127972
Learned,Learned Basis,5.2789598
Learned,Learned Basis,4.911674
Learned,Learned Basis,6.363752
Learned,Learned Basis,4.6891365
Learned,Learned Basis,5.871095
Learned,Learned Basis,5.4770894
Learned,Learned Basis,5.8017073
Learned,Learned Basis,4.9231663
Learned,Learned Basis,5.107297
Learned,Learned Basis,4.2962747
Learned,Learned Basis,4.6346817
Learned,Learned Basis,5.6528807
Learned,Learned Basis,5.0862656
Learned,Learned Basis,4.620524
Learned,Learned Basis,5.280781
Learned,Learned Basis,4.1402893
Learned,Learned Basis,4.173598
Learned,Learned Basis,4.7827444
Learned,Learned Basis,6.2701755
Learned,Learned Basis,5.8927574
Learned,Learned Basis,5.5857615
Learned,Learned Basis,5.012496
Learned,Learned Basis,5.13647
Learned,Learned Basis,5.465596
Learned,Learned Basis,4.493211
Learned,Learned Basis,5.46988
Learned,Learned Basis,4.650949
Learned,Learned Basis,5.2525177
Learned,Learned Basis,6.146235
Learned,Learned Basis,4.366602
Learned,Learned Basis,4.891805
Learned,Learned Basis,7.381899
Learned,Learned Basis,6.299557
Learned,Learned Basis,5.718875
Learned,Learned Basis,6.264708
Learned,Learned Basis,5.811575
Learned,Learned Basis,5.196286
Learned,Learned Basis,4.6526127
Learned,Learned Basis,4.081719
Learned,Learned Basis,5.0352073
Learned,Learned Basis,5.2915926
Learned,Learned Basis,4.7426243
Learned,Learned Basis,5.352187
Learned,Learned Basis,5.2390075
Learned,Learned Basis,5.7989173
Learned,Learned Basis,4.4371443
Learned,Learned Basis,8.0224695
Learned,Learned Basis,5.9340143
Learned,Learned Basis,5.203804
Learned,Learned Basis,4.2483997
Learned,Learned Basis,6.3091784
Learned,Learned Basis,4.4389505
Learned,Learned Basis,5.265049
Learned,Learned Basis,5.522995
Learned,Learned Basis,3.8973906
Learned,Learned Basis,5.763054
Learned,Learned Basis,5.114008
Learned,Learned Basis,4.375951
Learned,Learned Basis,6.4014153
Learned,Learned Basis,5.503382
Learned,Learned Basis,4.302264
Learned,Learned Basis,4.560414
Learned,Learned Basis,4.926638
Learned,Learned Basis,7.4603896
Learned,Learned Basis,5.8183837
Learned,Learned Basis,3.820355
Learned,Learned Basis,4.6587873
Learned,Learned Basis,6.0932183
Learned,Learned Basis,3.8100939
Learned,Learned Basis,5.65551
Learned,Learned Basis,7.4916024
Learned,Learned Basis,4.664025
Learned,Learned Basis,4.23811
Learned,Learned Basis,4.669844
Learned,Learned Basis,4.657528
Learned,Learned Basis,4.463985
Learned,Learned Basis,6.4256516
Learned,Learned Basis,4.215269
Learned,Learned Basis,6.0913925
Learned,Learned Basis,6.0386887
Learned,Learned Basis,5.032113
Learned,Learned Basis,4.1654263
Learned,Learned Basis,4.3744464
Learned,Learned Basis,4.241548
Learned,Learned Basis,5.633192
Learned,Learned Basis,7.7083654
Learned,Learned Basis,5.291049
Learned,Learned Basis,4.967007
Learned,Learned Basis,4.256606
Learned,Learned Basis,5.1426773
Learned,Learned Basis,5.715775
Learned,Learned Basis,6.613231
Learned,Learned Basis,5.9542847
Learned,Learned Basis,5.606741
Learned,Learned Basis,4.6726093
Learned,Learned Basis,4.8101883
Learned,Learned Basis,4.998655
Learned,Learned Basis,4.8121037
Learned,Learned Basis,4.110734
Learned,Learned Basis,6.216407
Learned,Learned Basis,4.623587
Learned,Learned Basis,4.522155
Learned,Learned Basis,4.7755046
Learned,Learned Basis,5.1346684
Learned,Learned Basis,6.2581663
Learned,Learned Basis,4.218876
Learned,Learned Basis,5.55319
Learned,Learned Basis,5.376411
Learned,Learned Basis,5.4464817
Learned,Learned Basis,4.385796
Learned,Learned Basis,4.398529
Learned,Learned Basis,5.855115
Learned,Learned Basis,5.494693
Learned,Learned Basis,6.2036557
Learned,Learned Basis,5.0055265
Learned,Learned Basis,4.9214215
Learned,Learned Basis,4.889163
Learned,Learned Basis,5.060136
Learned,Learned Basis,5.292321
Learned,Learned Basis,6.4375696
Learned,Learned Basis,5.9368997
Learned,Learned Basis,4.1886573
Learned,Learned Basis,4.4678583
Learned,Learned Basis,5.681968
Learned,Learned Basis,5.3802943
Learned,Learned Basis,4.9344153
Learned,Learned Basis,4.930359
Learned,Learned Basis,5.5341816
Learned,Learned Basis,5.4192348
Learned,Learned Basis,5.3256226
Learned,Learned Basis,5.837658
Learned,Learned Basis,4.2618027
Learned,Learned Basis,4.483116
Learned,Learned Basis,4.3692327
Learned,Learned Basis,4.961689
Learned,Learned Basis,4.015351
Learned,Learned Basis,5.362089
Learned,Learned Basis,7.1606297
Learned,Learned Basis,4.7364135
Learned,Learned Basis,4.238964
Learned,Learned Basis,5.495093
Learned,Learned Basis,5.8671684
Learned,Learned Basis,5.7762666
Learned,Learned Basis,4.075506
Learned,Learned Basis,5.5360603
Learned,Learned Basis,4.743269
Learned,Learned Basis,6.2476883
Learned,Learned Basis,5.3768864
Learned,Learned Basis,4.862904
Learned,Learned Basis,5.6531577
Learned,Learned Basis,4.9149485
Learned,Learned Basis,4.32022
Learned,Learned Basis,4.6918626
Learned,Learned Basis,5.838628
Learned,Learned Basis,4.9955826
Learned,Learned Basis,5.7637553
Learned,Learned Basis,5.1562524
Learned,Learned Basis,4.632345
Learned,Learned Basis,5.8392816
Learned,Learned Basis,4.9841156
Learned,Learned Basis,4.624669
Learned,Learned Basis,4.5533304
Learned,Learned Basis,6.354654
Learned,Learned Basis,4.9211307
Learned,Learned Basis,5.75441
Learned,Learned Basis,5.684891
Learned,Learned Basis,5.846856
Learned,Learned Basis,5.83791
Learned,Learned Basis,5.5380483
Learned,Learned Basis,4.250187
Learned,Learned Basis,6.9536443
Learned,Learned Basis,5.195286
Learned,Learned Basis,5.777939
Learned,Learned Basis,4.9786468
Learned,Learned Basis,4.7643585
Learned,Learned Basis,5.709566
Learned,Learned Basis,5.4908633
Learned,Learned Basis,5.923271
Learned,Learned Basis,7.163611
Learned,Learned Basis,6.200965
Learned,Learned Basis,5.7661285
Learned,Learned Basis,6.11032
Learned,Learned Basis,5.0105877
Learned,Learned Basis,4.9928355
Learned,Learned Basis,4.816368
Learned,Learned Basis,4.7965174
Learned,Learned Basis,6.1938677
Learned,Learned Basis,5.139835
Learned,Learned Basis,4.634529
Learned,Learned Basis,4.983654
Learned,Learned Basis,6.0005336
Learned,Learned Basis,5.159021
Learned,Learned Basis,5.274151
Learned,Learned Basis,5.4824114
Learned,Learned Basis,4.8480015
Learned,Learned Basis,4.7111244
Learned,Learned Basis,6.149525
Learned,Learned Basis,6.2259026
Learned,Learned Basis,5.441832
Learned,Learned Basis,5.797406
Learned,Learned Basis,6.1115246
Learned,Learned Basis,5.19216
Learned,Learned Basis,4.647078
Learned,Learned Basis,4.936267
Learned,Learned Basis,4.400678
Learned,Learned Basis,5.8151064
Learned,Learned Basis,4.6864705
Learned,Learned Basis,6.677286
Learned,Learned Basis,4.981771
Learned,Learned Basis,6.5566735
Learned,Learned Basis,4.786214
Learned,Learned Basis,5.4178023
Learned,Learned Basis,4.512711
Learned,Learned Basis,4.959795
Learned,Learned Basis,5.293672
Learned,Learned Basis,4.464986
Learned,Learned Basis,5.110565
Learned,Learned Basis,5.253724
Learned,Learned Basis,5.5478725
Learned,Learned Basis,5.0159316
Learned,Learned Basis,5.2513876
Learned,Learned Basis,4.637173
Learned,Learned Basis,6.525142
Learned,Learned Basis,5.461068
Learned,Learned Basis,5.565169
Learned,Learned Basis,5.148984
Learned,Learned Basis,4.8573575
Learned,Learned Basis,7.397392
Learned,Learned Basis,4.8498588
Learned,Learned Basis,4.443366
Learned,Learned Basis,4.442443
Learned,Learned Basis,4.2815356
Learned,Learned Basis,4.986934
Learned,Learned Basis,5.687023
Learned,Learned Basis,3.7174492
Learned,Learned Basis,5.907092
Learned,Learned Basis,4.635399
Learned,Learned Basis,5.118046
Learned,Learned Basis,5.1503706
Learned,Learned Basis,5.061367
Learned,Learned Basis,5.5206056
Learned,Learned Basis,4.3508215
Learned,Learned Basis,4.8388915
Learned,Learned Basis,5.279949
Learned,Learned Basis,5.3633623
Learned,Learned Basis,5.8651752
Learned,Learned Basis,6.0112762
Learned,Learned Basis,3.86873
Learned,Learned Basis,5.8232822
Learned,Learned Basis,4.5744185
Learned,Learned Basis,5.811306
Learned,Learned Basis,5.685894
Learned,Learned Basis,4.7728677
Learned,Learned Basis,5.3658123
Learned,Learned Basis,4.7199483
Learned,Learned Basis,5.237016
Learned,Learned Basis,4.848716
Learned,Learned Basis,4.707494
Learned,Learned Basis,3.3416495
Learned,Learned Basis,6.11005
Learned,Learned Basis,4.6843476
Learned,Learned Basis,6.1425548
Learned,Learned Basis,4.8273935
Learned,Learned Basis,4.985414
Learned,Learned Basis,6.435768
Learned,Learned Basis,6.313295
Learned,Learned Basis,4.7415314
Learned,Learned Basis,6.5867796
Learned,Learned Basis,5.297632
Learned,Learned Basis,4.618944
Learned,Learned Basis,4.536143
Learned,Learned Basis,7.298641
Learned,Learned Basis,4.7902107
Learned,Learned Basis,5.8350506
Learned,Learned Basis,6.5387444
Learned,Learned Basis,4.537079
Learned,Learned Basis,4.5879207
Learned,Learned Basis,6.0422554
Learned,Learned Basis,5.342052
Learned,Learned Basis,5.745611
Learned,Learned Basis,5.3790913
Learned,Learned Basis,4.1863575
Learned,Learned Basis,4.5797834
Learned,Learned Basis,5.052996
Learned,Learned Basis,4.3934474
Learned,Learned Basis,6.269217
Learned,Learned Basis,6.1778264
Learned,Learned Basis,5.910401
Learned,Learned Basis,5.431366
Learned,Learned Basis,4.504316
Learned,Learned Basis,4.154925
Learned,Learned Basis,4.513537
Learned,Learned Basis,5.514119
Learned,Learned Basis,5.709158
Learned,Learned Basis,4.8981366
Learned,Learned Basis,5.525818
Learned,Learned Basis,5.492344
Learned,Learned Basis,6.2445927
Learned,Learned Basis,4.7060184
Learned,Learned Basis,4.902454
Learned,Learned Basis,7.333731
Learned,Learned Basis,6.84004
Learned,Learned Basis,4.834511
Learned,Learned Basis,5.112547
Learned,Learned Basis,5.3552227
Learned,Learned Basis,5.963499
Learned,Learned Basis,5.565491
Learned,Learned Basis,5.1093936
Learned,Learned Basis,5.435452
Learned,Learned Basis,4.6220417
Learned,Learned Basis,7.009649
Learned,Learned Basis,5.5677266
Learned,Learned Basis,5.0768666
Learned,Learned Basis,6.416623
Learned,Learned Basis,4.6838245
Learned,Learned Basis,5.150916
Learned,Learned Basis,6.558894
Learned,Learned Basis,5.039396
Learned,Learned Basis,4.626488
Learned,Learned Basis,4.1391916
Learned,Learned Basis,6.5406027
Learned,Learned Basis,4.831472
Learned,Learned Basis,5.12451
Learned,Learned Basis,4.9402056
Learned,Learned Basis,4.454703
Learned,Learned Basis,5.650156
Learned,Learned Basis,5.1263533
Learned,Learned Basis,6.0365067
Learned,Learned Basis,5.9622602
Learned,Learned Basis,5.828819
Learned,Learned Basis,5.400466
Learned,Learned Basis,6.367772
Learned,Learned Basis,4.558273
Learned,Learned Basis,5.692669
Learned,Learned Basis,5.2513027
Learned,Learned Basis,7.041771
Learned,Learned Basis,6.153137
Learned,Learned Basis,5.3144116
Learned,Learned Basis,5.048625
Learned,Learned Basis,5.134534
Learned,Learned Basis,5.070639
Learned,Learned Basis,5.8305616
Learned,Learned Basis,5.2673426
Learned,Learned Basis,5.8255377
Learned,Learned Basis,3.7777636
Learned,Learned Basis,5.3031588
Learned,Learned Basis,5.9397264
Learned,Learned Basis,5.690453
LearnedNonlinear,Learned + Nonlinear RX,6.4161496
LearnedNonlinear,Learned + Nonlinear RX,4.87317
LearnedNonlinear,Learned + Nonlinear RX,5.02897
LearnedNonlinear,Learned + Nonlinear RX,5.5354433
LearnedNonlinear,Learned + Nonlinear RX,4.134664
LearnedNonlinear,Learned + Nonlinear RX,4.2781324
LearnedNonlinear,Learned + Nonlinear RX,5.890031
LearnedNonlinear,Learned + Nonlinear RX,5.373628
LearnedNonlinear,Learned + Nonlinear RX,4.5311565
LearnedNonlinear,Learned + Nonlinear RX,6.616697
LearnedNonlinear,Learned + Nonlinear RX,5.780607
LearnedNonlinear,Learned + Nonlinear RX,5.3477955
LearnedNonlinear,Learned + Nonlinear RX,6.647515
LearnedNonlinear,Learned + Nonlinear RX,4.7929535
LearnedNonlinear,Learned + Nonlinear RX,5.5379934
LearnedNonlinear,Learned + Nonlinear RX,3.6885905
LearnedNonlinear,Learned + Nonlinear RX,5.0132713
LearnedNonlinear,Learned + Nonlinear RX,4.5452957
LearnedNonlinear,Learned + Nonlinear RX,5.2624416
LearnedNonlinear,Learned + Nonlinear RX,6.9854493
LearnedNonlinear,Learned + Nonlinear RX,6.5120754
LearnedNonlinear,Learned + Nonlinear RX,6.110052
LearnedNonlinear,Learned + Nonlinear RX,5.5175285
LearnedNonlinear,Learned + Nonlinear RX,4.131399
LearnedNonlinear,Learned + Nonlinear RX,4.9051685
LearnedNonlinear,Learned + Nonlinear RX,5.1483994
LearnedNonlinear,Learned + Nonlinear RX,4.495049
LearnedNonlinear,Learned + Nonlinear RX,5.583803
LearnedNonlinear,Learned + Nonlinear RX,4.167013
LearnedNonlinear,Learned + Nonlinear RX,4.707105
LearnedNonlinear,Learned + Nonlinear RX,5.6132784
LearnedNonlinear,Learned + Nonlinear RX,5.743225
LearnedNonlinear,Learned + Nonlinear RX,5.2416162
LearnedNonlinear,Learned + Nonlinear RX,5.3714232
LearnedNonlinear,Learned + Nonlinear RX,6.5195236
LearnedNonlinear,Learned + Nonlinear RX,5.5850244
LearnedNonlinear,Learned + Nonlinear RX,5.5984635
LearnedNonlinear,Learned + Nonlinear RX,5.3283668
LearnedNonlinear,Learned + Nonlinear RX,5.871132
LearnedNonlinear,Learned + Nonlinear RX,5.860388
LearnedNonlinear,Learned + Nonlinear RX,4.5845275
LearnedNonlinear,Learned + Nonlinear RX,4.51994
LearnedNonlinear,Learned + Nonlinear RX,4.665043
LearnedNonlinear,Learned + Nonlinear RX,5.0327706
LearnedNonlinear,Learned + Nonlinear RX,7.3673134
LearnedNonlinear,Learned + Nonlinear RX,6.7152243
LearnedNonlinear,Learned + Nonlinear RX,6.214735
LearnedNonlinear,Learned + Nonlinear RX,5.051148
LearnedNonlinear,Learned + Nonlinear RX,4.011931
LearnedNonlinear,Learned + Nonlinear RX,6.902118
LearnedNonlinear,Learned + Nonlinear RX,4.5414124
LearnedNonlinear,Learned + Nonlinear RX,3.8928661
LearnedNonlinear,Learned + Nonlinear RX,4.206588
LearnedNonlinear,Learned + Nonlinear RX,4.3036075
LearnedNonlinear,Learned + Nonlinear RX,5.676992
LearnedNonlinear,Learned + Nonlinear RX,4.002543
LearnedNonlinear,Learned + Nonlinear RX,4.272848
LearnedNonlinear,Learned + Nonlinear RX,4.2756705
LearnedNonlinear,Learned + Nonlinear RX,5.0223436
LearnedNonlinear,Learned + Nonlinear RX,5.763352
LearnedNonlinear,Learned + Nonlinear RX,5.841626
LearnedNonlinear,Learned + Nonlinear RX,5.9756
LearnedNonlinear,Learned + Nonlinear RX,6.269724
LearnedNonlinear,Learned + Nonlinear RX,4.8946424
LearnedNonlinear,Learned + Nonlinear RX,5.991415
LearnedNonlinear,Learned + Nonlinear RX,5.205448
LearnedNonlinear,Learned + Nonlinear RX,5.328601
LearnedNonlinear,Learned + Nonlinear RX,4.537971
LearnedNonlinear,Learned + Nonlinear RX,4.6748633
LearnedNonlinear,Learned + Nonlinear RX,4.6323957
LearnedNonlinear,Learned + Nonlinear RX,5.4089537
LearnedNonlinear,Learned + Nonlinear RX,6.8944902
LearnedNonlinear,Learned + Nonlinear RX,6.188681
LearnedNonlinear,Learned + Nonlinear RX,4.7899966
LearnedNonlinear,Learned + Nonlinear RX,5.356452
LearnedNonlinear,Learned + Nonlinear RX,5.739665
LearnedNonlinear,Learned + Nonlinear RX,5.3497734
LearnedNonlinear,Learned + Nonlinear RX,3.497407
LearnedNonlinear,Learned + Nonlinear RX,6.5572224
LearnedNonlinear,Learned + Nonlinear RX,4.8977046
LearnedNonlinear,Learned + Nonlinear RX,4.375472
LearnedNonlinear,Learned + Nonlinear RX,4.283603
LearnedNonlinear,Learned + Nonlinear RX,7.466981
LearnedNonlinear,Learned + Nonlinear RX,5.209115
LearnedNonlinear,Learned + Nonlinear RX,7.4893193
LearnedNonlinear,Learned + Nonlinear RX,4.9683576
LearnedNonlinear,Learned + Nonlinear RX,6.2094016
LearnedNonlinear,Learned + Nonlinear RX,5.4609637
LearnedNonlinear,Learned + Nonlinear RX,7.508071
LearnedNonlinear,Learned + Nonlinear RX,5.754835
LearnedNonlinear,Learned + Nonlinear RX,5.899942
LearnedNonlinear,Learned + Nonlinear RX,4.9002705
LearnedNonlinear,Learned + Nonlinear RX,5.039748
LearnedNonlinear,Learned + Nonlinear RX,6.9129777
LearnedNonlinear,Learned + Nonlinear RX,5.586773
LearnedNonlinear,Learned + Nonlinear RX,5.8962417
LearnedNonlinear,Learned + Nonlinear RX,4.6257024
LearnedNonlinear,Learned + Nonlinear RX,6.722381
LearnedNonlinear,Learned + Nonlinear RX,5.518403
LearnedNonlinear,Learned + Nonlinear RX,4.9630938
LearnedNonlinear,Learned + Nonlinear RX,6.6829176
LearnedNonlinear,Learned + Nonlinear RX,5.9500628
LearnedNonlinear,Learned + Nonlinear RX,4.3636036
LearnedNonlinear,Learned + Nonlinear RX,4.28623
LearnedNonlinear,Learned + Nonlinear RX,6.4258585
LearnedNonlinear,Learned + Nonlinear RX,3.7316015
LearnedNonlinear,Learned + Nonlinear RX,5.440624
LearnedNonlinear,Learned + Nonlinear RX,6.607049
LearnedNonlinear,Learned + Nonlinear RX,6.597193
LearnedNonlinear,Learned + Nonlinear RX,4.147936
LearnedNonlinear,Learned + Nonlinear RX,4.5696454
LearnedNonlinear,Learned + Nonlinear RX,5.5058584
LearnedNonlinear,Learned + Nonlinear RX,6.0817504
LearnedNonlinear,Learned + Nonlinear RX,6.606351
LearnedNonlinear,Learned + Nonlinear RX,5.457068
LearnedNonlinear,Learned + Nonlinear RX,6.9071674
LearnedNonlinear,Learned + Nonlinear RX,5.7562976
LearnedNonlinear,Learned + Nonlinear RX,6.8945956
LearnedNonlinear,Learned + Nonlinear RX,5.192514
LearnedNonlinear,Learned + Nonlinear RX,7.5015993
LearnedNonlinear,Learned + Nonlinear RX,5.5672975
LearnedNonlinear,Learned + Nonlinear RX,4.957567
LearnedNonlinear,Learned + Nonlinear RX,5.3762884
LearnedNonlinear,Learned + Nonlinear RX,4.432555
LearnedNonlinear,Learned + Nonlinear RX,5.8470936
LearnedNonlinear,Learned + Nonlinear RX,5.304484
LearnedNonlinear,Learned + Nonlinear RX,5.922298
LearnedNonlinear,Learned + Nonlinear RX,6.449261
LearnedNonlinear,Learned + Nonlinear RX,5.3924828
LearnedNonlinear,Learned + Nonlinear RX,4.5675035
LearnedNonlinear,Learned + Nonlinear RX,4.070633
LearnedNonlinear,Learned + Nonlinear RX,6.0077963
LearnedNonlinear,Learned + Nonlinear RX,5.667795
LearnedNonlinear,Learned + Nonlinear RX,6.365034
LearnedNonlinear,Learned + Nonlinear RX,5.222735
LearnedNonlinear,Learned + Nonlinear RX,5.6231427
LearnedNonlinear,Learned + Nonlinear RX,4.1948314
LearnedNonlinear,Learned + Nonlinear RX,4.3293476
LearnedNonlinear,Learned + Nonlinear RX,4.9009256
LearnedNonlinear,Learned + Nonlinear RX,4.731501
LearnedNonlinear,Learned + Nonlinear RX,6.4246693
LearnedNonlinear,Learned + Nonlinear RX,4.6808414
LearnedNonlinear,Learned + Nonlinear RX,5.7907586
LearnedNonlinear,Learned + Nonlinear RX,4.528693
LearnedNonlinear,Learned + Nonlinear RX,4.435918
LearnedNonlinear,Learned + Nonlinear RX,6.1436467
LearnedNonlinear,Learned + Nonlinear RX,5.14485
LearnedNonlinear,Learned + Nonlinear RX,4.9104924
LearnedNonlinear,Learned + Nonlinear RX,5.455808
LearnedNonlinear,Learned + Nonlinear RX,5.932016
LearnedNonlinear,Learned + Nonlinear RX,6.1978073
LearnedNonlinear,Learned + Nonlinear RX,4.6141515
LearnedNonlinear,Learned + Nonlinear RX,6.879807
LearnedNonlinear,Learned + Nonlinear RX,5.724677
LearnedNonlinear,Learned + Nonlinear RX,4.1391206
LearnedNonlinear,Learned + Nonlinear RX,5.1834035
LearnedNonlinear,Learned + Nonlinear RX,6.279684
LearnedNonlinear,Learned + Nonlinear RX,5.392167
LearnedNonlinear,Learned + Nonlinear RX,5.1926947
LearnedNonlinear,Learned + Nonlinear RX,5.637025
LearnedNonlinear,Learned + Nonlinear RX,5.7594604
LearnedNonlinear,Learned + Nonlinear RX,6.1940136
LearnedNonlinear,Learned + Nonlinear RX,4.0551825
LearnedNonlinear,Learned + Nonlinear RX,6.4263396
LearnedNonlinear,Learned + Nonlinear RX,4.426508
LearnedNonlinear,Learned + Nonlinear RX,4.848563
LearnedNonlinear,Learned + Nonlinear RX,6.8756204
LearnedNonlinear,Learned + Nonlinear RX,5.05175
LearnedNonlinear,Learned + Nonlinear RX,5.5219765
LearnedNonlinear,Learned + Nonlinear RX,6.190072
LearnedNonlinear,Learned + Nonlinear RX,4.118102
LearnedNonlinear,Learned + Nonlinear RX,5.993206
LearnedNonlinear,Learned + Nonlinear RX,6.1643524
LearnedNonlinear,Learned + Nonlinear RX,5.5946503
LearnedNonlinear,Learned + Nonlinear RX,6.502809
LearnedNonlinear,Learned + Nonlinear RX,4.0278826
LearnedNonlinear,Learned + Nonlinear RX,6.228203
LearnedNonlinear,Learned + Nonlinear RX,6.1863995
LearnedNonlinear,Learned + Nonlinear RX,4.9508643
LearnedNonlinear,Learned + Nonlinear RX,5.3012943
LearnedNonlinear,Learned + Nonlinear RX,6.4135733
LearnedNonlinear,Learned + Nonlinear RX,5.077795
LearnedNonlinear,Learned + Nonlinear RX,4.688242
LearnedNonlinear,Learned + Nonlinear RX,5.5226383
LearnedNonlinear,Learned + Nonlinear RX,6.1184187
LearnedNonlinear,Learned + Nonlinear RX,5.28539
LearnedNonlinear,Learned + Nonlinear RX,5.6184697
LearnedNonlinear,Learned + Nonlinear RX,4.9047427
LearnedNonlinear,Learned + Nonlinear RX,4.2167645
LearnedNonlinear,Learned + Nonlinear RX,5.021761
LearnedNonlinear,Learned + Nonlinear RX,5.619874
LearnedNonlinear,Learned + Nonlinear RX,6.177687
LearnedNonlinear,Learned + Nonlinear RX,4.500433
LearnedNonlinear,Learned + Nonlinear RX,4.164194
LearnedNonlinear,Learned + Nonlinear RX,4.4224157
LearnedNonlinear,Learned + Nonlinear RX,5.677858
LearnedNonlinear,Learned + Nonlinear RX,4.7450824
LearnedNonlinear,Learned + Nonlinear RX,5.5306916
LearnedNonlinear,Learned + Nonlinear RX,5.2889633
LearnedNonlinear,Learned + Nonlinear RX,5.3526554
LearnedNonlinear,Learned + Nonlinear RX,5.329358
LearnedNonlinear,Learned + Nonlinear RX,5.758645
LearnedNonlinear,Learned + Nonlinear RX,5.0409884
LearnedNonlinear,Learned + Nonlinear RX,4.895076
LearnedNonlinear,Learned + Nonlinear RX,4.7973323
LearnedNonlinear,Learned + Nonlinear RX,7.1455746
LearnedNonlinear,Learned + Nonlinear RX,6.039148
LearnedNonlinear,Learned + Nonlinear RX,6.279497
LearnedNonlinear,Learned + Nonlinear RX,6.0066957
LearnedNonlinear,Learned + Nonlinear RX,5.9236927
LearnedNonlinear,Learned + Nonlinear RX,5.847913
LearnedNonlinear,Learned + Nonlinear RX,4.944504
LearnedNonlinear,Learned + Nonlinear RX,5.3359137
LearnedNonlinear,Learned + Nonlinear RX,4.875472
LearnedNonlinear,Learned + Nonlinear RX,5.0902033
LearnedNonlinear,Learned + Nonlinear RX,5.370269
LearnedNonlinear,Learned + Nonlinear RX,5.296907
LearnedNonlinear,Learned + Nonlinear RX,4.995563
LearnedNonlinear,Learned + Nonlinear RX,4.917862
LearnedNonlinear,Learned + Nonlinear RX,6.475596
LearnedNonlinear,Learned + Nonlinear RX,4.6019225
LearnedNonlinear,Learned + Nonlinear RX,5.482206
LearnedNonlinear,Learned + Nonlinear RX,5.82594
LearnedNonlinear,Learned + Nonlinear RX,3.9813685
LearnedNonlinear,Learned + Nonlinear RX,5.6105433
LearnedNonlinear,Learned + Nonlinear RX,6.494928
LearnedNonlinear,Learned + Nonlinear RX,5.644882
LearnedNonlinear,Learned + Nonlinear RX,5.73643
LearnedNonlinear,Learned + Nonlinear RX,4.4439287
LearnedNonlinear,Learned + Nonlinear RX,6.9669414
LearnedNonlinear,Learned + Nonlinear RX,4.126181
LearnedNonlinear,Learned + Nonlinear RX,5.3202915
LearnedNonlinear,Learned + Nonlinear RX,5.360749
LearnedNonlinear,Learned + Nonlinear RX,6.0318336
LearnedNonlinear,Learned + Nonlinear RX,5.0604954
LearnedNonlinear,Learned + Nonlinear RX,7.267212
LearnedNonlinear,Learned + Nonlinear RX,5.939493
LearnedNonlinear,Learned + Nonlinear RX,5.0873003
LearnedNonlinear,Learned + Nonlinear RX,5.5606327
LearnedNonlinear,Learned + Nonlinear RX,4.226175
LearnedNonlinear,Learned + Nonlinear RX,4.4490523
LearnedNonlinear,Learned + Nonlinear RX,4.862416
LearnedNonlinear,Learned + Nonlinear RX,4.439682
LearnedNonlinear,Learned + Nonlinear RX,6.298635
LearnedNonlinear,Learned + Nonlinear RX,4.8818674
LearnedNonlinear,Learned + Nonlinear RX,5.2054396
LearnedNonlinear,Learned + Nonlinear RX,5.2254157
LearnedNonlinear,Learned + Nonlinear RX,5.5302057
LearnedNonlinear,Learned + Nonlinear RX,4.785095
LearnedNonlinear,Learned + Nonlinear RX,4.979802
LearnedNonlinear,Learned + Nonlinear RX,5.9087524
LearnedNonlinear,Learned + Nonlinear RX,7.049819
LearnedNonlinear,Learned + Nonlinear RX,4.8848934
LearnedNonlinear,Learned + Nonlinear RX,4.3905487
LearnedNonlinear,Learned + Nonlinear RX,4.871887
LearnedNonlinear,Learned + Nonlinear RX,5.463582
LearnedNonlinear,Learned + Nonlinear RX,4.9086924
LearnedNonlinear,Learned + Nonlinear RX,4.632744
LearnedNonlinear,Learned + Nonlinear RX,6.088434
LearnedNonlinear,Learned + Nonlinear RX,5.842249
LearnedNonlinear,Learned + Nonlinear RX,6.021836
LearnedNonlinear,Learned + Nonlinear RX,4.2279468
LearnedNonlinear,Learned + Nonlinear RX,4.9638505
LearnedNonlinear,Learned + Nonlinear RX,4.2853727
LearnedNonlinear,Learned + Nonlinear RX,4.6011934
LearnedNonlinear,Learned + Nonlinear RX,4.880318
LearnedNonlinear,Learned + Nonlinear RX,5.30575
LearnedNonlinear,Learned + Nonlinear RX,5.610263
LearnedNonlinear,Learned + Nonlinear RX,6.616795
LearnedNonlinear,Learned + Nonlinear RX,7.4720917
LearnedNonlinear,Learned + Nonlinear RX,6.5131736
LearnedNonlinear,Learned + Nonlinear RX,4.8022203
LearnedNonlinear,Learned + Nonlinear RX,5.5062513
LearnedNonlinear,Learned + Nonlinear RX,4.925683
LearnedNonlinear,Learned + Nonlinear RX,4.82468
LearnedNonlinear,Learned + Nonlinear RX,4.2810965
LearnedNonlinear,Learned + Nonlinear RX,6.4283986
LearnedNonlinear,Learned + Nonlinear RX,5.641188
LearnedNonlinear,Learned + Nonlinear RX,5.820682
LearnedNonlinear,Learned + Nonlinear RX,5.0583
LearnedNonlinear,Learned + Nonlinear RX,4.0463657
LearnedNonlinear,Learned + Nonlinear RX,5.569136
LearnedNonlinear,Learned + Nonlinear RX,5.1808496
LearnedNonlinear,Learned + Nonlinear RX,5.593386
LearnedNonlinear,Learned + Nonlinear RX,4.3951807
LearnedNonlinear,Learned + Nonlinear RX,6.5709996
LearnedNonlinear,Learned + Nonlinear RX,4.9664955
LearnedNonlinear,Learned + Nonlinear RX,5.21234
LearnedNonlinear,Learned + Nonlinear RX,6.6240783
LearnedNonlinear,Learned + Nonlinear RX,4.3614445
LearnedNonlinear,Learned + Nonlinear RX,4.9475713
LearnedNonlinear,Learned + Nonlinear RX,5.7887278
LearnedNonlinear,Learned + Nonlinear RX,6.4895277
LearnedNonlinear,Learned + Nonlinear RX,6.4608154
LearnedNonlinear,Learned + Nonlinear RX,6.749254
LearnedNonlinear,Learned + Nonlinear RX,5.882266
LearnedNonlinear,Learned + Nonlinear RX,5.5228176
LearnedNonlinear,Learned + Nonlinear RX,5.432824
LearnedNonlinear,Learned + Nonlinear RX,5.173097
LearnedNonlinear,Learned + Nonlinear RX,4.4796367
LearnedNonlinear,Learned + Nonlinear RX,4.663273
LearnedNonlinear,Learned + Nonlinear RX,6.1604095
LearnedNonlinear,Learned + Nonlinear RX,5.044462
LearnedNonlinear,Learned + Nonlinear RX,7.30919
LearnedNonlinear,Learned + Nonlinear RX,6.015491
LearnedNonlinear,Learned + Nonlinear RX,4.7617455
LearnedNonlinear,Learned + Nonlinear RX,5.600784
LearnedNonlinear,Learned + Nonlinear RX,5.5233
LearnedNonlinear,Learned + Nonlinear RX,5.733815
LearnedNonlinear,Learned + Nonlinear RX,7.6710615
LearnedNonlinear,Learned + Nonlinear RX,4.909292
LearnedNonlinear,Learned + Nonlinear RX,4.515791
LearnedNonlinear,Learned + Nonlinear RX,4.214333
LearnedNonlinear,Learned + Nonlinear RX,4.9031487
LearnedNonlinear,Learned + Nonlinear RX,4.6151285
LearnedNonlinear,Learned + Nonlinear RX,5.3946867
LearnedNonlinear,Learned + Nonlinear RX,4.600895
LearnedNonlinear,Learned + Nonlinear RX,5.484261
LearnedNonlinear,Learned + Nonlinear RX,3.6478255
LearnedNonlinear,Learned + Nonlinear RX,6.6927233
LearnedNonlinear,Learned + Nonlinear RX,5.683722
LearnedNonlinear,Learned + Nonlinear RX,5.1618843
LearnedNonlinear,Learned + Nonlinear RX,4.8304524
LearnedNonlinear,Learned + Nonlinear RX,4.9250026
LearnedNonlinear,Learned + Nonlinear RX,6.4587364
LearnedNonlinear,Learned + Nonlinear RX,4.688105
LearnedNonlinear,Learned + Nonlinear RX,4.2244534
LearnedNonlinear,Learned + Nonlinear RX,5.2405925
LearnedNonlinear,Learned + Nonlinear RX,6.7781925
LearnedNonlinear,Learned + Nonlinear RX,4.637251
LearnedNonlinear,Learned + Nonlinear RX,4.7889132
LearnedNonlinear,Learned + Nonlinear RX,5.0594845
LearnedNonlinear,Learned + Nonlinear RX,5.5959654
LearnedNonlinear,Learned + Nonlinear RX,5.013091
LearnedNonlinear,Learned + Nonlinear RX,6.419922
LearnedNonlinear,Learned + Nonlinear RX,4.208927
LearnedNonlinear,Learned + Nonlinear RX,5.2955437
LearnedNonlinear,Learned + Nonlinear RX,6.8925953
LearnedNonlinear,Learned + Nonlinear RX,5.282121
LearnedNonlinear,Learned + Nonlinear RX,5.5107
LearnedNonlinear,Learned + Nonlinear RX,4.701544
LearnedNonlinear,Learned + Nonlinear RX,5.6681843
LearnedNonlinear,Learned + Nonlinear RX,4.7175617
LearnedNonlinear,Learned + Nonlinear RX,5.5181766
LearnedNonlinear,Learned + Nonlinear RX,4.577756
LearnedNonlinear,Learned + Nonlinear RX,3.9559758
LearnedNonlinear,Learned + Nonlinear RX,4.5866485
LearnedNonlinear,Learned + Nonlinear RX,5.9197435
LearnedNonlinear,Learned + Nonlinear RX,3.6356773
LearnedNonlinear,Learned + Nonlinear RX,5.33669
LearnedNonlinear,Learned + Nonlinear RX,6.2147627
LearnedNonlinear,Learned + Nonlinear RX,4.5099163
LearnedNonlinear,Learned + Nonlinear RX,4.721747
LearnedNonlinear,Learned + Nonlinear RX,5.8079867
LearnedNonlinear,Learned + Nonlinear RX,4.814329
LearnedNonlinear,Learned + Nonlinear RX,5.5744524
LearnedNonlinear,Learned + Nonlinear RX,4.8692665
LearnedNonlinear,Learned + Nonlinear RX,5.5390263
LearnedNonlinear,Learned + Nonlinear RX,5.325722
LearnedNonlinear,Learned + Nonlinear RX,6.8925495
LearnedNonlinear,Learned + Nonlinear RX,5.453405
LearnedNonlinear,Learned + Nonlinear RX,4.170979
LearnedNonlinear,Learned + Nonlinear RX,6.696358
LearnedNonlinear,Learned + Nonlinear RX,5.583211
LearnedNonlinear,Learned + Nonlinear RX,5.192541
LearnedNonlinear,Learned + Nonlinear RX,6.700463
LearnedNonlinear,Learned + Nonlinear RX,6.7856336
LearnedNonlinear,Learned + Nonlinear RX,3.8592253
LearnedNonlinear,Learned + Nonlinear RX,5.3380976
LearnedNonlinear,Learned + Nonlinear RX,5.9430842
LearnedNonlinear,Learned + Nonlinear RX,4.499896
LearnedNonlinear,Learned + Nonlinear RX,5.008127
LearnedNonlinear,Learned + Nonlinear RX,5.0287957
LearnedNonlinear,Learned + Nonlinear RX,6.381094
LearnedNonlinear,Learned + Nonlinear RX,6.061394
LearnedNonlinear,Learned + Nonlinear RX,4.3243666
LearnedNonlinear,Learned + Nonlinear RX,4.00284
LearnedNonlinear,Learned + Nonlinear RX,5.360622
LearnedNonlinear,Learned + Nonlinear RX,6.0811586
LearnedNonlinear,Learned + Nonlinear RX,4.7562685
LearnedNonlinear,Learned + Nonlinear RX,5.773364
LearnedNonlinear,Learned + Nonlinear RX,4.4960537
LearnedNonlinear,Learned + Nonlinear RX,5.9985237
LearnedNonlinear,Learned + Nonlinear RX,5.7090807
LearnedNonlinear,Learned + Nonlinear RX,4.6824102
LearnedNonlinear,Learned + Nonlinear RX,4.1287565
LearnedNonlinear,Learned + Nonlinear RX,5.902288
LearnedNonlinear,Learned + Nonlinear RX,5.3117094
LearnedNonlinear,Learned + Nonlinear RX,4.699146
LearnedNonlinear,Learned + Nonlinear RX,5.632772
LearnedNonlinear,Learned + Nonlinear RX,4.9282403
LearnedNonlinear,Learned + Nonlinear RX,7.1379476
LearnedNonlinear,Learned + Nonlinear RX,6.091673
LearnedNonlinear,Learned + Nonlinear RX,5.2858787
LearnedNonlinear,Learned + Nonlinear RX,6.2992287
LearnedNonlinear,Learned + Nonlinear RX,4.957365
LearnedNonlinear,Learned + Nonlinear RX,5.312536
LearnedNonlinear,Learned + Nonlinear RX,5.090661
LearnedNonlinear,Learned + Nonlinear RX,5.1834993
LearnedNonlinear,Learned + Nonlinear RX,5.749607
LearnedNonlinear,Learned + Nonlinear RX,4.8559833
LearnedNonlinear,Learned + Nonlinear RX,5.8932714
LearnedNonlinear,Learned + Nonlinear RX,5.353197
LearnedNonlinear,Learned + Nonlinear RX,5.554819
LearnedNonlinear,Learned + Nonlinear RX,7.1266246
LearnedNonlinear,Learned + Nonlinear RX,4.9516683
LearnedNonlinear,Learned + Nonlinear RX,6.235945
LearnedNonlinear,Learned + Nonlinear RX,5.5640135
LearnedNonlinear,Learned + Nonlinear RX,5.134545
LearnedNonlinear,Learned + Nonlinear RX,5.975837
LearnedNonlinear,Learned + Nonlinear RX,5.2361054
LearnedNonlinear,Learned + Nonlinear RX,4.346748
LearnedNonlinear,Learned + Nonlinear RX,6.15777
LearnedNonlinear,Learned + Nonlinear RX,5.0142136
LearnedNonlinear,Learned + Nonlinear RX,4.8747697
LearnedNonlinear,Learned + Nonlinear RX,5.1410637
LearnedNonlinear,Learned + Nonlinear RX,6.9075155
LearnedNonlinear,Learned + Nonlinear RX,5.696891
LearnedNonlinear,Learned + Nonlinear RX,6.5045567
LearnedNonlinear,Learned + Nonlinear RX,6.0058503
LearnedNonlinear,Learned + Nonlinear RX,5.0183306
LearnedNonlinear,Learned + Nonlinear RX,5.0367503
LearnedNonlinear,Learned + Nonlinear RX,5.460311
LearnedNonlinear,Learned + Nonlinear RX,5.2828193
LearnedNonlinear,Learned + Nonlinear RX,4.634197
LearnedNonlinear,Learned + Nonlinear RX,5.448591
LearnedNonlinear,Learned + Nonlinear RX,5.2446384
LearnedNonlinear,Learned + Nonlinear RX,6.187553
LearnedNonlinear,Learned + Nonlinear RX,5.6276536
LearnedNonlinear,Learned + Nonlinear RX,6.0722227
LearnedNonlinear,Learned + Nonlinear RX,5.013504
LearnedNonlinear,Learned + Nonlinear RX,5.2657166
LearnedNonlinear,Learned + Nonlinear RX,6.9797316
LearnedNonlinear,Learned + Nonlinear RX,5.052951
LearnedNonlinear,Learned + Nonlinear RX,6.221698
LearnedNonlinear,Learned + Nonlinear RX,4.5927052
LearnedNonlinear,Learned + Nonlinear RX,6.073495
LearnedNonlinear,Learned + Nonlinear RX,4.8194304
LearnedNonlinear,Learned + Nonlinear RX,6.286128
LearnedNonlinear,Learned + Nonlinear RX,4.4395647
LearnedNonlinear,Learned + Nonlinear RX,4.4328575
LearnedNonlinear,Learned + Nonlinear RX,5.3044186
LearnedNonlinear,Learned + Nonlinear RX,4.6028347
LearnedNonlinear,Learned + Nonlinear RX,6.1407614
LearnedNonlinear,Learned + Nonlinear RX,5.1831207
LearnedNonlinear,Learned + Nonlinear RX,5.5523653
LearnedNonlinear,Learned + Nonlinear RX,6.474286
LearnedNonlinear,Learned + Nonlinear RX,5.111547
LearnedNonlinear,Learned + Nonlinear RX,5.715155
LearnedNonlinear,Learned + Nonlinear RX,5.4520946
LearnedNonlinear,Learned + Nonlinear RX,6.9032164
LearnedNonlinear,Learned + Nonlinear RX,4.582032
LearnedNonlinear,Learned + Nonlinear RX,6.2408648
LearnedNonlinear,Learned + Nonlinear RX,5.304746
LearnedNonlinear,Learned + Nonlinear RX,4.9220066
LearnedNonlinear,Learned + Nonlinear RX,7.13111
LearnedNonlinear,Learned + Nonlinear RX,3.3833137
LearnedNonlinear,Learned + Nonlinear RX,5.433676
LearnedNonlinear,Learned + Nonlinear RX,5.1179643
LearnedNonlinear,Learned + Nonlinear RX,5.4184427
LearnedNonlinear,Learned + Nonlinear RX,4.7993355
LearnedNonlinear,Learned + Nonlinear RX,5.9118357
LearnedNonlinear,Learned + Nonlinear RX,4.8112154
LearnedNonlinear,Learned + Nonlinear RX,6.708093
LearnedNonlinear,Learned + Nonlinear RX,5.9716616
LearnedNonlinear,Learned + Nonlinear RX,6.853624
LearnedNonlinear,Learned + Nonlinear RX,5.5695677
LearnedNonlinear,Learned + Nonlinear RX,4.9557614
LearnedNonlinear,Learned + Nonlinear RX,5.6708727
LearnedNonlinear,Learned + Nonlinear RX,5.037355
LearnedNonlinear,Learned + Nonlinear RX,5.0954175
LearnedNonlinear,Learned + Nonlinear RX,5.082996
LearnedNonlinear,Learned + Nonlinear RX,5.066456
LearnedNonlinear,Learned + Nonlinear RX,4.944377
LearnedNonlinear,Learned + Nonlinear RX,4.758526
LearnedNonlinear,Learned + Nonlinear RX,3.997314
LearnedNonlinear,Learned + Nonlinear RX,4.461403
LearnedNonlinear,Learned + Nonlinear RX,4.0273433
LearnedNonlinear,Learned + Nonlinear RX,7.4549274
LearnedNonlinear,Learned + Nonlinear RX,5.4150476
LearnedNonlinear,Learned + Nonlinear RX,4.34533
LearnedNonlinear,Learned + Nonlinear RX,5.2180796
LearnedNonlinear,Learned + Nonlinear RX,5.546804
LearnedNonlinear,Learned + Nonlinear RX,6.2783523
LearnedNonlinear,Learned + Nonlinear RX,5.6764927
LearnedNonlinear,Learned + Nonlinear RX,4.8129845
LearnedNonlinear,Learned + Nonlinear RX,5.0945926
LearnedNonlinear,Learned + Nonlinear RX,4.8825827
LearnedNonlinear,Learned + Nonlinear RX,5.0538588
LearnedNonlinear,Learned + Nonlinear RX,5.0976925
LearnedNonlinear,Learned + Nonlinear RX,4.6121206
LearnedNonlinear,Learned + Nonlinear RX,4.8813653
LearnedNonlinear,Learned + Nonlinear RX,5.4854937
LearnedNonlinear,Learned + Nonlinear RX,4.7845783
LearnedNonlinear,Learned + Nonlinear RX,5.3439736
LearnedNonlinear,Learned + Nonlinear RX,5.6627502
LearnedNonlinear,Learned + Nonlinear RX,5.1201797
LearnedNonlinear,Learned + Nonlinear RX,5.565234
LearnedNonlinear,Learned + Nonlinear RX,3.528987
LearnedNonlinear,Learned + Nonlinear RX,4.857636
LearnedNonlinear,Learned + Nonlinear RX,5.6128364
LearnedNonlinear,Learned + Nonlinear RX,5.0548763
LearnedNonlinear,Learned + Nonlinear RX,4.4897714
LearnedNonlinear,Learned + Nonlinear RX,6.6270356
LearnedNonlinear,Learned + Nonlinear RX,6.2398095
LearnedNonlinear,Learned + Nonlinear RX,5.966528
LearnedNonlinear,Learned + Nonlinear RX,5.176477
LearnedNonlinear,Learned + Nonlinear RX,4.9172063
LearnedNonlinear,Learned + Nonlinear RX,4.563599
LearnedNonlinear,Learned + Nonlinear RX,5.644886
LearnedNonlinear,Learned + Nonlinear RX,4.7494154
LearnedNonlinear,Learned + Nonlinear RX,4.3855844
LearnedNonlinear,Learned + Nonlinear RX,6.7566347
LearnedNonlinear,Learned + Nonlinear RX,4.8009286
LearnedNonlinear,Learned + Nonlinear RX,6.857457
LearnedNonlinear,Learned + Nonlinear RX,5.006216
LearnedNonlinear,Learned + Nonlinear RX,4.064388
LearnedNonlinear,Learned + Nonlinear RX,5.3555417
LearnedNonlinear,Learned + Nonlinear RX,5.37569
LearnedNonlinear,Learned + Nonlinear RX,5.546938
LearnedNonlinear,Learned + Nonlinear RX,4.269176
LearnedNonlinear,Learned + Nonlinear RX,5.5594106
LearnedNonlinear,Learned + Nonlinear RX,5.3517003
LearnedNonlinear,Learned + Nonlinear RX,5.1280713
LearnedNonlinear,Learned + Nonlinear RX,5.524685
LearnedNonlinear,Learned + Nonlinear RX,5.8975697
LearnedNonlinear,Learned + Nonlinear RX,4.5244255
LearnedNonlinear,Learned + Nonlinear RX,5.0836773
LearnedNonlinear,Learned + Nonlinear RX,4.888992
LearnedNonlinear,Learned + Nonlinear RX,5.5480566
LearnedNonlinear,Learned + Nonlinear RX,7.207789
LearnedNonlinear,Learned + Nonlinear RX,5.3722806
LearnedNonlinear,Learned + Nonlinear RX,5.6086674
LearnedNonlinear,Learned + Nonlinear RX,5.4712934
LearnedNonlinear,Learned + Nonlinear RX,4.846492
LearnedNonlinear,Learned + Nonlinear RX,5.3397894
LearnedNonlinear,Learned + Nonlinear RX,4.4825153
LearnedNonlinear,Learned + Nonlinear RX,6.5610147
LearnedNonlinear,Learned + Nonlinear RX,4.683832
LearnedNonlinear,Learned + Nonlinear RX,4.307953
LearnedNonlinear,Learned + Nonlinear RX,4.494946
LearnedNonlinear,Learned + Nonlinear RX,5.4382744
LearnedNonlinear,Learned + Nonlinear RX,6.0764008
LearnedNonlinear,Learned + Nonlinear RX,7.108311
LearnedNonlinear,Learned + Nonlinear RX,5.271463
LearnedNonlinear,Learned + Nonlinear RX,4.3651066
LearnedNonlinear,Learned + Nonlinear RX,5.840907
LearnedNonlinear,Learned + Nonlinear RX,5.753458
LearnedNonlinear,Learned + Nonlinear RX,5.264511
LearnedNonlinear,Learned + Nonlinear RX,4.6562343
LearnedNonlinear,Learned + Nonlinear RX,4.980223
LearnedNonlinear,Learned + Nonlinear RX,4.093003
LearnedNonlinear,Learned + Nonlinear RX,4.635647
LearnedNonlinear,Learned + Nonlinear RX,5.637861
LearnedNonlinear,Learned + Nonlinear RX,5.7794714
LearnedNonlinear,Learned + Nonlinear RX,4.562872
LearnedNonlinear,Learned + Nonlinear RX,5.3751187
LearnedNonlinear,Learned + Nonlinear RX,5.129514
LearnedNonlinear,Learned + Nonlinear RX,6.801081
LearnedNonlinear,Learned + Nonlinear RX,4.245384
LearnedNonlinear,Learned + Nonlinear RX,6.279145
LearnedNonlinear,Learned + Nonlinear RX,4.769998
LearnedNonlinear,Learned + Nonlinear RX,4.7850513
LearnedNonlinear,Learned + Nonlinear RX,5.6764517
LearnedNonlinear,Learned + Nonlinear RX,5.396947
LearnedNonlinear,Learned + Nonlinear RX,3.8678637
LearnedNonlinear,Learned + Nonlinear RX,6.358857
LearnedNonlinear,Learned + Nonlinear RX,6.153165
LearnedNonlinear,Learned + Nonlinear RX,5.980883
LearnedNonlinear,Learned + Nonlinear RX,5.4543395
LearnedNonlinear,Learned + Nonlinear RX,5.1980634
LearnedNonlinear,Learned + Nonlinear RX,6.0670857
LearnedNonlinear,Learned + Nonlinear RX,4.4737635
LearnedNonlinear,Learned + Nonlinear RX,7.2100472
LearnedNonlinear,Learned + Nonlinear RX,4.0372033
LearnedNonlinear,Learned + Nonlinear RX,5.366329
LearnedNonlinear,Learned + Nonlinear RX,3.9399981
LearnedNonlinear,Learned + Nonlinear RX,5.612645
LearnedNonlinear,Learned + Nonlinear RX,3.8978186
LearnedNonlinear,Learned + Nonlinear RX,5.479982
LearnedNonlinear,Learned + Nonlinear RX,5.1023293
LearnedNonlinear,Learned + Nonlinear RX,5.106209
LearnedNonlinear,Learned + Nonlinear RX,4.284743
LearnedNonlinear,Learned + Nonlinear RX,4.52542
LearnedNonlinear,Learned + Nonlinear RX,5.9445276
LearnedNonlinear,Learned + Nonlinear RX,5.427867
LearnedNonlinear,Learned + Nonlinear RX,5.4638386
LearnedNonlinear,Learned + Nonlinear RX,4.826016
LearnedNonlinear,Learned + Nonlinear RX,6.9517493
LearnedNonlinear,Learned + Nonlinear RX,5.7592897
LearnedNonlinear,Learned + Nonlinear RX,4.438651
LearnedNonlinear,Learned + Nonlinear RX,5.248986
LearnedNonlinear,Learned + Nonlinear RX,6.376899
LearnedNonlinear,Learned + Nonlinear RX,4.0175705
LearnedNonlinear,Learned + Nonlinear RX,5.7653446
LearnedNonlinear,Learned + Nonlinear RX,5.5636
LearnedNonlinear,Learned + Nonlinear RX,5.2764707
LearnedNonlinear,Learned + Nonlinear RX,5.038717
LearnedNonlinear,Learned + Nonlinear RX,4.978185
LearnedNonlinear,Learned + Nonlinear RX,5.5683084
LearnedNonlinear,Learned + Nonlinear RX,5.525789
LearnedNonlinear,Learned + Nonlinear RX,5.2460833
LearnedNonlinear,Learned + Nonlinear RX,6.0371447
LearnedNonlinear,Learned + Nonlinear RX,6.028287
LearnedNonlinear,Learned + Nonlinear RX,5.6933527
LearnedNonlinear,Learned + Nonlinear RX,5.1039753
LearnedNonlinear,Learned + Nonlinear RX,6.2483225
LearnedNonlinear,Learned + Nonlinear RX,4.0657964
LearnedNonlinear,Learned + Nonlinear RX,5.5182076
LearnedNonlinear,Learned + Nonlinear RX,6.753601
LearnedNonlinear,Learned + Nonlinear RX,5.6420317
LearnedNonlinear,Learned + Nonlinear RX,4.570487
LearnedNonlinear,Learned + Nonlinear RX,5.062976
LearnedNonlinear,Learned + Nonlinear RX,5.6711793
LearnedNonlinear,Learned + Nonlinear RX,5.1132746
LearnedNonlinear,Learned + Nonlinear RX,4.871291
LearnedNonlinear,Learned + Nonlinear RX,5.189113
LearnedNonlinear,Learned + Nonlinear RX,5.8874917
LearnedNonlinear,Learned + Nonlinear RX,4.432885
LearnedNonlinear,Learned + Nonlinear RX,5.8581142
LearnedNonlinear,Learned + Nonlinear RX,4.987117
LearnedNonlinear,Learned + Nonlinear RX,4.7337694
LearnedNonlinear,Learned + Nonlinear RX,6.104918
LearnedNonlinear,Learned + Nonlinear RX,5.2849464
LearnedNonlinear,Learned + Nonlinear RX,7.0769114
LearnedNonlinear,Learned + Nonlinear RX,4.8699365
LearnedNonlinear,Learned + Nonlinear RX,6.356
LearnedNonlinear,Learned + Nonlinear RX,4.2556324
LearnedNonlinear,Learned + Nonlinear RX,6.023423
LearnedNonlinear,Learned + Nonlinear RX,4.8044453
LearnedNonlinear,Learned + Nonlinear RX,4.7594604
LearnedNonlinear,Learned + Nonlinear RX,5.185932
LearnedNonlinear,Learned + Nonlinear RX,4.7738447
LearnedNonlinear,Learned + Nonlinear RX,4.955081
LearnedNonlinear,Learned + Nonlinear RX,4.358009
LearnedNonlinear,Learned + Nonlinear RX,4.5648193
LearnedNonlinear,Learned + Nonlinear RX,6.2524157
LearnedNonlinear,Learned + Nonlinear RX,4.3078623
LearnedNonlinear,Learned + Nonlinear RX,6.2152343
LearnedNonlinear,Learned + Nonlinear RX,5.1478667
LearnedNonlinear,Learned + Nonlinear RX,5.7791624
LearnedNonlinear,Learned + Nonlinear RX,4.6280966
LearnedNonlinear,Learned + Nonlinear RX,6.43517
LearnedNonlinear,Learned + Nonlinear RX,6.8309946
LearnedNonlinear,Learned + Nonlinear RX,5.530656
LearnedNonlinear,Learned + Nonlinear RX,5.626419
LearnedNonlinear,Learned + Nonlinear RX,6.894236
LearnedNonlinear,Learned + Nonlinear RX,5.630208
LearnedNonlinear,Learned + Nonlinear RX,4.433555
LearnedNonlinear,Learned + Nonlinear RX,4.06224
LearnedNonlinear,Learned + Nonlinear RX,4.1360435
LearnedNonlinear,Learned + Nonlinear RX,4.5038877
LearnedNonlinear,Learned + Nonlinear RX,3.503649
LearnedNonlinear,Learned + Nonlinear RX,5.889991
LearnedNonlinear,Learned + Nonlinear RX,5.57333
LearnedNonlinear,Learned + Nonlinear RX,5.1647973
LearnedNonlinear,Learned + Nonlinear RX,4.4997406
LearnedNonlinear,Learned + Nonlinear RX,4.022746
LearnedNonlinear,Learned + Nonlinear RX,5.6620235
LearnedNonlinear,Learned + Nonlinear RX,4.453722
LearnedNonlinear,Learned + Nonlinear RX,6.533892
LearnedNonlinear,Learned + Nonlinear RX,6.739151
LearnedNonlinear,Learned + Nonlinear RX,4.83852
LearnedNonlinear,Learned + Nonlinear RX,4.993313
LearnedNonlinear,Learned + Nonlinear RX,4.953465
LearnedNonlinear,Learned + Nonlinear RX,5.920824
LearnedNonlinear,Learned + Nonlinear RX,4.8376026
LearnedNonlinear,Learned + Nonlinear RX,4.608417
LearnedNonlinear,Learned + Nonlinear RX,4.99027
LearnedNonlinear,Learned + Nonlinear RX,6.2475567
LearnedNonlinear,Learned + Nonlinear RX,7.4356313
LearnedNonlinear,Learned + Nonlinear RX,5.787157
LearnedNonlinear,Learned + Nonlinear RX,3.9776018
LearnedNonlinear,Learned + Nonlinear RX,5.187395
LearnedNonlinear,Learned + Nonlinear RX,4.789177
LearnedNonlinear,Learned + Nonlinear RX,6.120868
LearnedNonlinear,Learned + Nonlinear RX,5.2906513
LearnedNonlinear,Learned + Nonlinear RX,4.923808
LearnedNonlinear,Learned + Nonlinear RX,6.334705
LearnedNonlinear,Learned + Nonlinear RX,4.6704073
LearnedNonlinear,Learned + Nonlinear RX,5.8796463
LearnedNonlinear,Learned + Nonlinear RX,5.4765472
LearnedNonlinear,Learned + Nonlinear RX,5.8176136
LearnedNonlinear,Learned + Nonlinear RX,4.96134
LearnedNonlinear,Learned + Nonlinear RX,5.080823
LearnedNonlinear,Learned + Nonlinear RX,4.2954307
LearnedNonlinear,Learned + Nonlinear RX,4.6109004
LearnedNonlinear,Learned + Nonlinear RX,5.658476
LearnedNonlinear,Learned + Nonlinear RX,5.075611
LearnedNonlinear,Learned + Nonlinear RX,4.6007667
LearnedNonlinear,Learned + Nonlinear RX,5.290361
LearnedNonlinear,Learned + Nonlinear RX,4.126074
LearnedNonlinear,Learned + Nonlinear RX,4.1815367
LearnedNonlinear,Learned + Nonlinear RX,4.7876577
LearnedNonlinear,Learned + Nonlinear RX,6.2444158
LearnedNonlinear,Learned + Nonlinear RX,5.8771095
LearnedNonlinear,Learned + Nonlinear RX,5.587987
LearnedNonlinear,Learned + Nonlinear RX,5.017054
LearnedNonlinear,Learned + Nonlinear RX,5.1206617
LearnedNonlinear,Learned + Nonlinear RX,5.495662
LearnedNonlinear,Learned + Nonlinear RX,4.5260983
LearnedNonlinear,Learned + Nonlinear RX,5.4774194
LearnedNonlinear,Learned + Nonlinear RX,4.6476493
LearnedNonlinear,Learned + Nonlinear RX,5.2270985
LearnedNonlinear,Learned + Nonlinear RX,6.1485505
LearnedNonlinear,Learned + Nonlinear RX,4.3734617
LearnedNonlinear,Learned + Nonlinear RX,4.908065
LearnedNonlinear,Learned + Nonlinear RX,7.3967133
LearnedNonlinear,Learned + Nonlinear RX,6.278757
LearnedNonlinear,Learned + Nonlinear RX,5.7222776
LearnedNonlinear,Learned + Nonlinear RX,6.260268
LearnedNonlinear,Learned + Nonlinear RX,5.7956147
LearnedNonlinear,Learned + Nonlinear RX,5.1930313
LearnedNonlinear,Learned + Nonlinear RX,4.653651
LearnedNonlinear,Learned + Nonlinear RX,4.1215982
LearnedNonlinear,Learned + Nonlinear RX,5.0299497
LearnedNonlinear,Learned + Nonlinear RX,5.27678
LearnedNonlinear,Learned + Nonlinear RX,4.745496
LearnedNonlinear,Learned + Nonlinear RX,5.3505535
LearnedNonlinear,Learned + Nonlinear RX,5.22547
LearnedNonlinear,Learned + Nonlinear RX,5.806697
LearnedNonlinear,Learned + Nonlinear RX,4.4343457
LearnedNonlinear,Learned + Nonlinear RX,8.017405
LearnedNonlinear,Learned + Nonlinear RX,5.9233623
LearnedNonlinear,Learned + Nonlinear RX,5.194292
LearnedNonlinear,Learned + Nonlinear RX,4.2727356
LearnedNonlinear,Learned + Nonlinear RX,6.323545
LearnedNonlinear,Learned + Nonlinear RX,4.4490905
LearnedNonlinear,Learned + Nonlinear RX,5.264855
LearnedNonlinear,Learned + Nonlinear RX,5.518308
LearnedNonlinear,Learned + Nonlinear RX,3.938966
LearnedNonlinear,Learned + Nonlinear RX,5.7930856
LearnedNonlinear,Learned + Nonlinear RX,5.125331
LearnedNonlinear,Learned + Nonlinear RX,4.3578353
LearnedNonlinear,Learned + Nonlinear RX,6.433029
LearnedNonlinear,Learned + Nonlinear RX,5.498824
LearnedNonlinear,Learned + Nonlinear RX,4.3027563
LearnedNonlinear,Learned + Nonlinear RX,4.5734825
LearnedNonlinear,Learned + Nonlinear RX,4.949849
LearnedNonlinear,Learned + Nonlinear RX,7.4616985
LearnedNonlinear,Learned + Nonlinear RX,5.82617
LearnedNonlinear,Learned + Nonlinear RX,3.7758818
LearnedNonlinear,Learned + Nonlinear RX,4.6556077
LearnedNonlinear,Learned + Nonlinear RX,6.087742
LearnedNonlinear,Learned + Nonlinear RX,3.791122
LearnedNonlinear,Learned + Nonlinear RX,5.662164
LearnedNonlinear,Learned + Nonlinear RX,7.480964
LearnedNonlinear,Learned + Nonlinear RX,4.6562057
LearnedNonlinear,Learned + Nonlinear RX,4.263815
LearnedNonlinear,Learned + Nonlinear RX,4.6511106
LearnedNonlinear,Learned + Nonlinear RX,4.6483727
LearnedNonlinear,Learned + Nonlinear RX,4.4617305
LearnedNonlinear,Learned + Nonlinear RX,6.452183
LearnedNonlinear,Learned + Nonlinear RX,4.2016034
LearnedNonlinear,Learned + Nonlinear RX,6.0867634
LearnedNonlinear,Learned + Nonlinear RX,6.0859537
LearnedNonlinear,Learned + Nonlinear RX,5.0383925
LearnedNonlinear,Learned + Nonlinear RX,4.190245
LearnedNonlinear,Learned + Nonlinear RX,4.350962
LearnedNonlinear,Learned + Nonlinear RX,4.2466106
LearnedNonlinear,Learned + Nonlinear RX,5.6257715
LearnedNonlinear,Learned + Nonlinear RX,7.6886992
LearnedNonlinear,Learned + Nonlinear RX,5.2811384
LearnedNonlinear,Learned + Nonlinear RX,5.0044675
LearnedNonlinear,Learned + Nonlinear RX,4.244496
LearnedNonlinear,Learned + Nonlinear RX,5.1492577
LearnedNonlinear,Learned + Nonlinear RX,5.7195807
LearnedNonlinear,Learned + Nonlinear RX,6.6032405
LearnedNonlinear,Learned + Nonlinear RX,5.959201
LearnedNonlinear,Learned + Nonlinear RX,5.600482
LearnedNonlinear,Learned + Nonlinear RX,4.714138
LearnedNonlinear,Learned + Nonlinear RX,4.819507
LearnedNonlinear,Learned + Nonlinear RX,5.0149117
LearnedNonlinear,Learned + Nonlinear RX,4.8115735
LearnedNonlinear,Learned + Nonlinear RX,4.100094
LearnedNonlinear,Learned + Nonlinear RX,6.189307
LearnedNonlinear,Learned + Nonlinear RX,4.629193
LearnedNonlinear,Learned + Nonlinear RX,4.549485
LearnedNonlinear,Learned + Nonlinear RX,4.7300215
LearnedNonlinear,Learned + Nonlinear RX,5.1284876
LearnedNonlinear,Learned + Nonlinear RX,6.2377234
LearnedNonlinear,Learned + Nonlinear RX,4.2218924
LearnedNonlinear,Learned + Nonlinear RX,5.5362773
LearnedNonlinear,Learned + Nonlinear RX,5.3917103
LearnedNonlinear,Learned + Nonlinear RX,5.4571905
LearnedNonlinear,Learned + Nonlinear RX,4.3787704
LearnedNonlinear,Learned + Nonlinear RX,4.3892784
LearnedNonlinear,Learned + Nonlinear RX,5.8574696
LearnedNonlinear,Learned + Nonlinear RX,5.521886
LearnedNonlinear,Learned + Nonlinear RX,6.194193
LearnedNonlinear,Learned + Nonlinear RX,4.999331
LearnedNonlinear,Learned + Nonlinear RX,4.916825
LearnedNonlinear,Learned + Nonlinear RX,4.8825645
LearnedNonlinear,Learned + Nonlinear RX,5.0726957
LearnedNonlinear,Learned + Nonlinear RX,5.3026586
LearnedNonlinear,Learned + Nonlinear RX,6.4636517
LearnedNonlinear,Learned + Nonlinear RX,5.940074
LearnedNonlinear,Learned + Nonlinear RX,4.224158
LearnedNonlinear,Learned + Nonlinear RX,4.460669
LearnedNonlinear,Learned + Nonlinear RX,5.6824594
LearnedNonlinear,Learned + Nonlinear RX,5.3957596
LearnedNonlinear,Learned + Nonlinear RX,4.9367385
LearnedNonlinear,Learned + Nonlinear RX,4.922986
LearnedNonlinear,Learned + Nonlinear RX,5.5440087
LearnedNonlinear,Learned + Nonlinear RX,5.444176
LearnedNonlinear,Learned + Nonlinear RX,5.364232
LearnedNonlinear,Learned + Nonlinear RX,5.8169537
LearnedNonlinear,Learned + Nonlinear RX,4.2544518
LearnedNonlinear,Learned + Nonlinear RX,4.4779687
LearnedNonlinear,Learned + Nonlinear RX,4.4030747
LearnedNonlinear,Learned + Nonlinear RX,4.9300175
LearnedNonlinear,Learned + Nonlinear RX,4.006407
LearnedNonlinear,Learned + Nonlinear RX,5.382629
LearnedNonlinear,Learned + Nonlinear RX,7.1463747
LearnedNonlinear,Learned + Nonlinear RX,4.7297764
LearnedNonlinear,Learned + Nonlinear RX,4.226089
LearnedNonlinear,Learned + Nonlinear RX,5.5033083
LearnedNonlinear,Learned + Nonlinear RX,5.842056
LearnedNonlinear,Learned + Nonlinear RX,5.791939
LearnedNonlinear,Learned + Nonlinear RX,4.1036377
LearnedNonlinear,Learned + Nonlinear RX,5.5510783
LearnedNonlinear,Learned + Nonlinear RX,4.7348638
LearnedNonlinear,Learned + Nonlinear RX,6.2194624
LearnedNonlinear,Learned + Nonlinear RX,5.3832407
LearnedNonlinear,Learned + Nonlinear RX,4.854327
LearnedNonlinear,Learned + Nonlinear RX,5.637688
LearnedNonlinear,Learned + Nonlinear RX,4.916408
LearnedNonlinear,Learned + Nonlinear RX,4.3225117
LearnedNonlinear,Learned + Nonlinear RX,4.6845393
LearnedNonlinear,Learned + Nonlinear RX,5.814781
LearnedNonlinear,Learned + Nonlinear RX,4.969777
LearnedNonlinear,Learned + Nonlinear RX,5.7549314
LearnedNonlinear,Learned + Nonlinear RX,5.1583247
LearnedNonlinear,Learned + Nonlinear RX,4.629294
LearnedNonlinear,Learned + Nonlinear RX,5.828429
LearnedNonlinear,Learned + Nonlinear RX,4.9577994
LearnedNonlinear,Learned + Nonlinear RX,4.583978
LearnedNonlinear,Learned + Nonlinear RX,4.51768
LearnedNonlinear,Learned + Nonlinear RX,6.3435364
LearnedNonlinear,Learned + Nonlinear RX,4.923879
LearnedNonlinear,Learned + Nonlinear RX,5.738329
LearnedNonlinear,Learned + Nonlinear RX,5.658519
LearnedNonlinear,Learned + Nonlinear RX,5.845595
LearnedNonlinear,Learned + Nonlinear RX,5.8349905
LearnedNonlinear,Learned + Nonlinear RX,5.5688715
LearnedNonlinear,Learned + Nonlinear RX,4.226046
LearnedNonlinear,Learned + Nonlinear RX,6.9521036
LearnedNonlinear,Learned + Nonlinear RX,5.2590585
LearnedNonlinear,Learned + Nonlinear RX,5.813528
LearnedNonlinear,Learned + Nonlinear RX,4.962967
LearnedNonlinear,Learned + Nonlinear RX,4.768309
LearnedNonlinear,Learned + Nonlinear RX,5.72538
LearnedNonlinear,Learned + Nonlinear RX,5.494049
LearnedNonlinear,Learned + Nonlinear RX,5.914093
LearnedNonlinear,Learned + Nonlinear RX,7.1553745
LearnedNonlinear,Learned + Nonlinear RX,6.1964564
LearnedNonlinear,Learned + Nonlinear RX,5.790266
LearnedNonlinear,Learned + Nonlinear RX,6.0903397
LearnedNonlinear,Learned + Nonlinear RX,5.0141277
LearnedNonlinear,Learned + Nonlinear RX,5.0020447
LearnedNonlinear,Learned + Nonlinear RX,4.8298545
LearnedNonlinear,Learned + Nonlinear RX,4.804044
LearnedNonlinear,Learned + Nonlinear RX,6.189357
LearnedNonlinear,Learned + Nonlinear RX,5.141243
LearnedNonlinear,Learned + Nonlinear RX,4.632964
LearnedNonlinear,Learned + Nonlinear RX,4.9797397
LearnedNonlinear,Learned + Nonlinear RX,6.003791
LearnedNonlinear,Learned + Nonlinear RX,5.1640472
LearnedNonlinear,Learned + Nonlinear RX,5.2924767
LearnedNonlinear,Learned + Nonlinear RX,5.515135
LearnedNonlinear,Learned + Nonlinear RX,4.8570166
LearnedNonlinear,Learned + Nonlinear RX,4.699337
LearnedNonlinear,Learned + Nonlinear RX,6.1683264
LearnedNonlinear,Learned + Nonlinear RX,6.2325563
LearnedNonlinear,Learned + Nonlinear RX,5.4411583
LearnedNonlinear,Learned + Nonlinear RX,5.783807
LearnedNonlinear,Learned + Nonlinear RX,6.1120825
LearnedNonlinear,Learned + Nonlinear RX,5.194585
LearnedNonlinear,Learned + Nonlinear RX,4.6450963
LearnedNonlinear,Learned + Nonlinear RX,4.912609
LearnedNonlinear,Learned + Nonlinear RX,4.391442
LearnedNonlinear,Learned + Nonlinear RX,5.8278613
LearnedNonlinear,Learned + Nonlinear RX,4.7000084
LearnedNonlinear,Learned + Nonlinear RX,6.6770267
LearnedNonlinear,Learned + Nonlinear RX,4.987285
LearnedNonlinear,Learned + Nonlinear RX,6.551921
LearnedNonlinear,Learned + Nonlinear RX,4.7929907
LearnedNonlinear,Learned + Nonlinear RX,5.441287
LearnedNonlinear,Learned + Nonlinear RX,4.545029
LearnedNonlinear,Learned + Nonlinear RX,4.9515076
LearnedNonlinear,Learned + Nonlinear RX,5.2960353
LearnedNonlinear,Learned + Nonlinear RX,4.4858036
LearnedNonlinear,Learned + Nonlinear RX,5.1390796
LearnedNonlinear,Learned + Nonlinear RX,5.258828
LearnedNonlinear,Learned + Nonlinear RX,5.5490904
LearnedNonlinear,Learned + Nonlinear RX,4.9994354
LearnedNonlinear,Learned + Nonlinear RX,5.236679
LearnedNonlinear,Learned + Nonlinear RX,4.6255727
LearnedNonlinear,Learned + Nonlinear RX,6.527239
LearnedNonlinear,Learned + Nonlinear RX,5.45254
LearnedNonlinear,Learned + Nonlinear RX,5.56844
LearnedNonlinear,Learned + Nonlinear RX,5.1405773
LearnedNonlinear,Learned + Nonlinear RX,4.838332
LearnedNonlinear,Learned + Nonlinear RX,7.4020667
LearnedNonlinear,Learned + Nonlinear RX,4.8423095
LearnedNonlinear,Learned + Nonlinear RX,4.4411664
LearnedNonlinear,Learned + Nonlinear RX,4.4709797
LearnedNonlinear,Learned + Nonlinear RX,4.294619
LearnedNonlinear,Learned + Nonlinear RX,5.0085697
LearnedNonlinear,Learned + Nonlinear RX,5.6990557
LearnedNonlinear,Learned + Nonlinear RX,3.711773
LearnedNonlinear,Learned + Nonlinear RX,5.888166
LearnedNonlinear,Learned + Nonlinear RX,4.643023
LearnedNonlinear,Learned + Nonlinear RX,5.083409
LearnedNonlinear,Learned + Nonlinear RX,5.1458955
LearnedNonlinear,Learned + Nonlinear RX,5.0588818
LearnedNonlinear,Learned + Nonlinear RX,5.4856925
LearnedNonlinear,Learned + Nonlinear RX,4.357459
LearnedNonlinear,Learned + Nonlinear RX,4.8489428
LearnedNonlinear,Learned + Nonlinear RX,5.2642746
LearnedNonlinear,Learned + Nonlinear RX,5.3735332
LearnedNonlinear,Learned + Nonlinear RX,5.870599
LearnedNonlinear,Learned + Nonlinear RX,6.0187697
LearnedNonlinear,Learned + Nonlinear RX,3.8638754
LearnedNonlinear,Learned + Nonlinear RX,5.7995076
LearnedNonlinear,Learned + Nonlinear RX,4.557039
LearnedNonlinear,Learned + Nonlinear RX,5.7963915
LearnedNonlinear,Learned + Nonlinear RX,5.69828
LearnedNonlinear,Learned + Nonlinear RX,4.77759
LearnedNonlinear,Learned + Nonlinear RX,5.3543663
LearnedNonlinear,Learned + Nonlinear RX,4.7085276
LearnedNonlinear,Learned + Nonlinear RX,5.2197986
LearnedNonlinear,Learned + Nonlinear RX,4.894442
LearnedNonlinear,Learned + Nonlinear RX,4.6856585
LearnedNonlinear,Learned + Nonlinear RX,3.3553598
LearnedNonlinear,Learned + Nonlinear RX,6.129634
LearnedNonlinear,Learned + Nonlinear RX,4.677113
LearnedNonlinear,Learned + Nonlinear RX,6.1542683
LearnedNonlinear,Learned + Nonlinear RX,4.81069
LearnedNonlinear,Learned + Nonlinear RX,4.9761276
LearnedNonlinear,Learned + Nonlinear RX,6.4276667
LearnedNonlinear,Learned + Nonlinear RX,6.325755
LearnedNonlinear,Learned + Nonlinear RX,4.7345047
LearnedNonlinear,Learned + Nonlinear RX,6.5651064
LearnedNonlinear,Learned + Nonlinear RX,5.2767806
LearnedNonlinear,Learned + Nonlinear RX,4.6270976
LearnedNonlinear,Learned + Nonlinear RX,4.5293145
LearnedNonlinear,Learned + Nonlinear RX,7.275586
LearnedNonlinear,Learned + Nonlinear RX,4.76101
LearnedNonlinear,Learned + Nonlinear RX,5.824821
LearnedNonlinear,Learned + Nonlinear RX,6.5354066
LearnedNonlinear,Learned + Nonlinear RX,4.5400167
LearnedNonlinear,Learned + Nonlinear RX,4.573778
LearnedNonlinear,Learned + Nonlinear RX,6.03684
LearnedNonlinear,Learned + Nonlinear RX,5.3651648
LearnedNonlinear,Learned + Nonlinear RX,5.7446675
LearnedNonlinear,Learned + Nonlinear RX,5.3820014
LearnedNonlinear,Learned + Nonlinear RX,4.201192
LearnedNonlinear,Learned + Nonlinear RX,4.580868
LearnedNonlinear,Learned + Nonlinear RX,5.0430436
LearnedNonlinear,Learned + Nonlinear RX,4.3928204
LearnedNonlinear,Learned + Nonlinear RX,6.2854853
LearnedNonlinear,Learned + Nonlinear RX,6.184717
LearnedNonlinear,Learned + Nonlinear RX,5.909149
LearnedNonlinear,Learned + Nonlinear RX,5.413083
LearnedNonlinear,Learned + Nonlinear RX,4.507651
LearnedNonlinear,Learned + Nonlinear RX,4.152239
LearnedNonlinear,Learned + Nonlinear RX,4.5081816
LearnedNonlinear,Learned + Nonlinear RX,5.5132427
LearnedNonlinear,Learned + Nonlinear RX,5.7133503
LearnedNonlinear,Learned + Nonlinear RX,4.885458
LearnedNonlinear,Learned + Nonlinear RX,5.5335426
LearnedNonlinear,Learned + Nonlinear RX,5.50601
LearnedNonlinear,Learned + Nonlinear RX,6.248272
LearnedNonlinear,Learned + Nonlinear RX,4.7160726
LearnedNonlinear,Learned + Nonlinear RX,4.8898335
LearnedNonlinear,Learned + Nonlinear RX,7.316676
LearnedNonlinear,Learned + Nonlinear RX,6.843669
LearnedNonlinear,Learned + Nonlinear RX,4.8095493
LearnedNonlinear,Learned + Nonlinear RX,5.1090145
LearnedNonlinear,Learned + Nonlinear RX,5.3534703
LearnedNonlinear,Learned + Nonlinear RX,5.974514
LearnedNonlinear,Learned + Nonlinear RX,5.5576105
LearnedNonlinear,Learned + Nonlinear RX,5.100992
LearnedNonlinear,Learned + Nonlinear RX,5.439174
LearnedNonlinear,Learned + Nonlinear RX,4.5991206
LearnedNonlinear,Learned + Nonlinear RX,7.020029
LearnedNonlinear,Learned + Nonlinear RX,5.564145
LearnedNonlinear,Learned + Nonlinear RX,5.093722
LearnedNonlinear,Learned + Nonlinear RX,6.3953166
LearnedNonlinear,Learned + Nonlinear RX,4.708503
LearnedNonlinear,Learned + Nonlinear RX,5.156555
LearnedNonlinear,Learned + Nonlinear RX,6.577063
LearnedNonlinear,Learned + Nonlinear RX,5.0353074
LearnedNonlinear,Learned + Nonlinear RX,4.663871
LearnedNonlinear,Learned + Nonlinear RX,4.144114
LearnedNonlinear,Learned + Nonlinear RX,6.554146
LearnedNonlinear,Learned + Nonlinear RX,4.817123
LearnedNonlinear,Learned + Nonlinear RX,5.0958943
LearnedNonlinear,Learned + Nonlinear RX,4.923008
LearnedNonlinear,Learned + Nonlinear RX,4.447059
LearnedNonlinear,Learned + Nonlinear RX,5.654969
LearnedNonlinear,Learned + Nonlinear RX,5.1264067
LearnedNonlinear,Learned + Nonlinear RX,6.037345
LearnedNonlinear,Learned + Nonlinear RX,5.957322
LearnedNonlinear,Learned + Nonlinear RX,5.830238
LearnedNonlinear,Learned + Nonlinear RX,5.4136853
LearnedNonlinear,Learned + Nonlinear RX,6.3575983
LearnedNonlinear,Learned + Nonlinear RX,4.5360703
LearnedNonlinear,Learned + Nonlinear RX,5.7057815
LearnedNonlinear,Learned + Nonlinear RX,5.268228
LearnedNonlinear,Learned + Nonlinear RX,7.031507
LearnedNonlinear,Learned + Nonlinear RX,6.137612
LearnedNonlinear,Learned + Nonlinear RX,5.316371
LearnedNonlinear,Learned + Nonlinear RX,5.0848093
LearnedNonlinear,Learned + Nonlinear RX,5.1453905
LearnedNonlinear,Learned + Nonlinear RX,5.0813622
LearnedNonlinear,Learned + Nonlinear RX,5.846281
LearnedNonlinear,Learned + Nonlinear RX,5.2718353
LearnedNonlinear,Learned + Nonlinear RX,5.8270416
LearnedNonlinear,Learned + Nonlinear RX,3.766154
LearnedNonlinear,Learned + Nonlinear RX,5.3165383
LearnedNonlinear,Learned + Nonlinear RX,5.9472966
LearnedNonlinear,Learned + Nonlinear RX,5.701489
OFDM,Classical OFDM,8.073757
OFDM,Classical OFDM,5.3280144
OFDM,Classical OFDM,6.8606577
OFDM,Classical OFDM,6.6501617
OFDM,Classical OFDM,6.746769
OFDM,Classical OFDM,7.8337426
OFDM,Classical OFDM,9.039566
OFDM,Classical OFDM,6.6571
OFDM,Classical OFDM,7.363057
OFDM,Classical OFDM,6.9397597
OFDM,Classical OFDM,6.7928405
OFDM,Classical OFDM,7.0071225
OFDM,Classical OFDM,6.7344313
OFDM,Classical OFDM,5.636601
OFDM,Classical OFDM,5.87212
OFDM,Classical OFDM,5.7441545
OFDM,Classical OFDM,5.025585
OFDM,Classical OFDM,7.047848
OFDM,Classical OFDM,6.749883
OFDM,Classical OFDM,6.088546
OFDM,Classical OFDM,7.9512796
OFDM,Classical OFDM,6.172758
OFDM,Classical OFDM,6.4343224
OFDM,Classical OFDM,6.86208
OFDM,Classical OFDM,7.694018
OFDM,Classical OFDM,8.449293
OFDM,Classical OFDM,6.197627
OFDM,Classical OFDM,5.6863494
OFDM,Classical OFDM,6.9674993
OFDM,Classical OFDM,7.2273946
OFDM,Classical OFDM,5.7018604
OFDM,Classical OFDM,7.22351
OFDM,Classical OFDM,6.210942
OFDM,Classical OFDM,6.4521117
OFDM,Classical OFDM,7.3591495
OFDM,Classical OFDM,5.9448915
OFDM,Classical OFDM,5.551334
OFDM,Classical OFDM,6.7319064
OFDM,Classical OFDM,7.0918245
OFDM,Classical OFDM,8.176107
OFDM,Classical OFDM,5.395534
OFDM,Classical OFDM,5.139432
OFDM,Classical OFDM,5.592641
OFDM,Classical OFDM,6.905814
OFDM,Classical OFDM,5.6522803
OFDM,Classical OFDM,8.920502
OFDM,Classical OFDM,6.5570784
OFDM,Classical OFDM,4.621909
OFDM,Classical OFDM,7.414481
OFDM,Classical OFDM,4.7029047
OFDM,Classical OFDM,5.810454
OFDM,Classical OFDM,6.4293747
OFDM,Classical OFDM,7.7902927
OFDM,Classical OFDM,6.0654078
OFDM,Classical OFDM,8.072034
OFDM,Classical OFDM,6.9834924
OFDM,Classical OFDM,6.937293
OFDM,Classical OFDM,5.887422
OFDM,Classical OFDM,6.4594274
OFDM,Classical OFDM,5.232876
OFDM,Classical OFDM,7.176116
OFDM,Classical OFDM,6.2351055
OFDM,Classical OFDM,4.5535054
OFDM,Classical OFDM,5.0325212
OFDM,Classical OFDM,6.2174664
OFDM,Classical OFDM,6.0782337
OFDM,Classical OFDM,5.4189515
OFDM,Classical OFDM,4.7781706
OFDM,Classical OFDM,6.713561
OFDM,Classical OFDM,6.5256495
OFDM,Classical OFDM,6.1782074
OFDM,Classical OFDM,5.999558
OFDM,Classical OFDM,6.6634364
OFDM,Classical OFDM,6.7451024
OFDM,Classical OFDM,5.7014885
OFDM,Classical OFDM,7.0947914
OFDM,Classical OFDM,6.2299175
OFDM,Classical OFDM,5.9600143
OFDM,Classical OFDM,5.969636
OFDM,Classical OFDM,6.328929
OFDM,Classical OFDM,4.877369
OFDM,Classical OFDM,4.5504084
OFDM,Classical OFDM,6.4405375
OFDM,Classical OFDM,6.4300413
OFDM,Classical OFDM,9.233292
OFDM,Classical OFDM,6.8439035
OFDM,Classical OFDM,6.919135
OFDM,Classical OFDM,7.0088863
OFDM,Classical OFDM,4.9261603
OFDM,Classical OFDM,7.6649256
OFDM,Classical OFDM,5.5334845
OFDM,Classical OFDM,7.478726
OFDM,Classical OFDM,6.8731303
OFDM,Classical OFDM,7.4754715
OFDM,Classical OFDM,7.6928687
OFDM,Classical OFDM,6.3029475
OFDM,Classical OFDM,5.514605
OFDM,Classical OFDM,6.4835844
OFDM,Classical OFDM,7.338181
OFDM,Classical OFDM,7.840445
OFDM,Classical OFDM,5.766261
OFDM,Classical OFDM,7.5198326
OFDM,Classical OFDM,7.0175548
OFDM,Classical OFDM,8.078704
OFDM,Classical OFDM,7.5672235
OFDM,Classical OFDM,7.1552014
OFDM,Classical OFDM,5.5860324
OFDM,Classical OFDM,5.984493
OFDM,Classical OFDM,6.79957
OFDM,Classical OFDM,6.811883
OFDM,Classical OFDM,6.3373737
OFDM,Classical OFDM,6.1743393
OFDM,Classical OFDM,7.164382
OFDM,Classical OFDM,7.569767
OFDM,Classical OFDM,6.944482
OFDM,Classical OFDM,8.82182
OFDM,Classical OFDM,6.7106123
OFDM,Classical OFDM,5.425482
OFDM,Classical OFDM,6.6382036
OFDM,Classical OFDM,7.600437
OFDM,Classical OFDM,6.0071373
OFDM,Classical OFDM,5.6269016
OFDM,Classical OFDM,7.000961
OFDM,Classical OFDM,7.0637794
OFDM,Classical OFDM,4.978438
OFDM,Classical OFDM,5.1772933
OFDM,Classical OFDM,5.939167
OFDM,Classical OFDM,5.4085073
OFDM,Classical OFDM,5.201478
OFDM,Classical OFDM,6.064354
OFDM,Classical OFDM,6.589834
OFDM,Classical OFDM,5.8611794
OFDM,Classical OFDM,6.7190742
OFDM,Classical OFDM,7.753935
OFDM,Classical OFDM,8.169912
OFDM,Classical OFDM,5.0859494
OFDM,Classical OFDM,5.38485
OFDM,Classical OFDM,5.7021074
OFDM,Classical OFDM,6.561463
OFDM,Classical OFDM,8.035174
OFDM,Classical OFDM,8.041693
OFDM,Classical OFDM,5.6379156
OFDM,Classical OFDM,6.075571
OFDM,Classical OFDM,4.8130865
OFDM,Classical OFDM,7.521028
OFDM,Classical OFDM,7.3167543
OFDM,Classical OFDM,6.1614475
OFDM,Classical OFDM,5.551402
OFDM,Classical OFDM,6.7651596
OFDM,Classical OFDM,7.237752
OFDM,Classical OFDM,6.0946007
OFDM,Classical OFDM,6.332963
OFDM,Classical OFDM,8.199065
OFDM,Classical OFDM,5.6777115
OFDM,Classical OFDM,7.0091586
OFDM,Classical OFDM,5.846018
OFDM,Classical OFDM,5.5959506
OFDM,Classical OFDM,6.4287834
OFDM,Classical OFDM,8.324366
OFDM,Classical OFDM,7.3151445
OFDM,Classical OFDM,6.103325
OFDM,Classical OFDM,5.0039
OFDM,Classical OFDM,6.5805473
OFDM,Classical OFDM,6.426444
OFDM,Classical OFDM,6.0577364
OFDM,Classical OFDM,6.4599543
OFDM,Classical OFDM,7.783342
OFDM,Classical OFDM,7.845088
OFDM,Classical OFDM,5.8499365
OFDM,Classical OFDM,6.556685
OFDM,Classical OFDM,5.437432
OFDM,Classical OFDM,7.3191643
OFDM,Classical OFDM,8.0389805
OFDM,Classical OFDM,6.7806244
OFDM,Classical OFDM,7.707486
OFDM,Classical OFDM,6.4263244
OFDM,Classical OFDM,6.518069
OFDM,Classical OFDM,7.658322
OFDM,Classical OFDM,6.9905543
OFDM,Classical OFDM,7.042363
OFDM,Classical OFDM,6.9764204
OFDM,Classical OFDM,8.225863
OFDM,Classical OFDM,5.5403957
OFDM,Classical OFDM,5.740178
OFDM,Classical OFDM,7.848544
OFDM,Classical OFDM,5.2170725
OFDM,Classical OFDM,5.3424497
OFDM,Classical OFDM,6.933027
OFDM,Classical OFDM,8.273565
OFDM,Classical OFDM,8.007351
OFDM,Classical OFDM,6.2508097
OFDM,Classical OFDM,7.519298
OFDM,Classical OFDM,6.424733
OFDM,Classical OFDM,6.930335
OFDM,Classical OFDM,6.9580646
OFDM,Classical OFDM,6.6216583
OFDM,Classical OFDM,5.536695
OFDM,Classical OFDM,5.453144
OFDM,Classical OFDM,6.0185523
OFDM,Classical OFDM,8.163502
OFDM,Classical OFDM,6.8505535
OFDM,Classical OFDM,7.015026
OFDM,Classical OFDM,9.363306
OFDM,Classical OFDM,4.6357927
OFDM,Classical OFDM,6.8900175
OFDM,Classical OFDM,6.3855033
OFDM,Classical OFDM,6.5021944
OFDM,Classical OFDM,6.0200033
OFDM,Classical OFDM,5.3044043
OFDM,Classical OFDM,6.73975
OFDM,Classical OFDM,6.393734
OFDM,Classical OFDM,4.4151454
OFDM,Classical OFDM,5.923526
OFDM,Classical OFDM,5.4732656
OFDM,Classical OFDM,6.620653
OFDM,Classical OFDM,6.006594
OFDM,Classical OFDM,6.0477924
OFDM,Classical OFDM,6.073355
OFDM,Classical OFDM,6.9494557
OFDM,Classical OFDM,6.887257
OFDM,Classical OFDM,6.422179
OFDM,Classical OFDM,6.4576774
OFDM,Classical OFDM,7.683852
OFDM,Classical OFDM,5.237882
OFDM,Classical OFDM,6.7096863
OFDM,Classical OFDM,5.6248655
OFDM,Classical OFDM,8.360942
OFDM,Classical OFDM,6.1727405
OFDM,Classical OFDM,6.2366104
OFDM,Classical OFDM,5.6247225
OFDM,Classical OFDM,6.958508
OFDM,Classical OFDM,6.6873746
OFDM,Classical OFDM,7.1414337
OFDM,Classical OFDM,6.394024
OFDM,Classical OFDM,5.7606325
OFDM,Classical OFDM,7.0025597
OFDM,Classical OFDM,7.7799864
OFDM,Classical OFDM,9.351084
OFDM,Classical OFDM,6.345414
OFDM,Classical OFDM,6.0242376
OFDM,Classical OFDM,6.7409973
OFDM,Classical OFDM,7.3737774
OFDM,Classical OFDM,6.3810034
OFDM,Classical OFDM,6.034822
OFDM,Classical OFDM,6.934276
OFDM,Classical OFDM,5.719223
OFDM,Classical OFDM,6.305665
OFDM,Classical OFDM,7.2798767
OFDM,Classical OFDM,7.732677
OFDM,Classical OFDM,6.1200457
OFDM,Classical OFDM,6.389366
OFDM,Classical OFDM,7.6398153
OFDM,Classical OFDM,6.3654966
OFDM,Classical OFDM,6.466046
OFDM,Classical OFDM,5.918895
OFDM,Classical OFDM,5.461261
OFDM,Classical OFDM,4.493939
OFDM,Classical OFDM,7.4009542
OFDM,Classical OFDM,7.1043835
OFDM,Classical OFDM,6.9512916
OFDM,Classical OFDM,6.674077
OFDM,Classical OFDM,7.0127726
OFDM,Classical OFDM,6.1635275
OFDM,Classical OFDM,7.3151207
OFDM,Classical OFDM,8.491274
OFDM,Classical OFDM,6.205533
OFDM,Classical OFDM,6.377635
OFDM,Classical OFDM,5.522759
OFDM,Classical OFDM,6.713755
OFDM,Classical OFDM,8.11791
OFDM,Classical OFDM,6.550645
OFDM,Classical OFDM,5.641698
OFDM,Classical OFDM,6.9080596
OFDM,Classical OFDM,6.071246
OFDM,Classical OFDM,6.669993
OFDM,Classical OFDM,8.24681
OFDM,Classical OFDM,5.6939163
OFDM,Classical OFDM,6.4127007
OFDM,Classical OFDM,6.4821296
OFDM,Classical OFDM,5.646761
OFDM,Classical OFDM,6.5550513
OFDM,Classical OFDM,7.970478
OFDM,Classical OFDM,5.6837897
OFDM,Classical OFDM,7.849127
OFDM,Classical OFDM,7.047997
OFDM,Classical OFDM,6.41656
OFDM,Classical OFDM,5.512188
OFDM,Classical OFDM,6.497698
OFDM,Classical OFDM,5.856043
OFDM,Classical OFDM,6.68982
OFDM,Classical OFDM,6.1994653
OFDM,Classical OFDM,7.659361
OFDM,Classical OFDM,6.8435454
OFDM,Classical OFDM,6.874604
OFDM,Classical OFDM,8.050757
OFDM,Classical OFDM,6.1033096
OFDM,Classical OFDM,6.7083626
OFDM,Classical OFDM,6.926143
OFDM,Classical OFDM,7.655877
OFDM,Classical OFDM,6.9935026
OFDM,Classical OFDM,6.3029
OFDM,Classical OFDM,5.2060275
OFDM,Classical OFDM,7.536107
OFDM,Classical OFDM,6.8635364
OFDM,Classical OFDM,8.237932
OFDM,Classical OFDM,8.297998
OFDM,Classical OFDM,6.5479755
OFDM,Classical OFDM,6.2068415
OFDM,Classical OFDM,6.8142586
OFDM,Classical OFDM,6.136906
OFDM,Classical OFDM,6.3235817
OFDM,Classical OFDM,6.5731125
OFDM,Classical OFDM,6.0352306
OFDM,Classical OFDM,6.402047
OFDM,Classical OFDM,6.266123
OFDM,Classical OFDM,7.406066
OFDM,Classical OFDM,5.4752426
OFDM,Classical OFDM,6.348984
OFDM,Classical OFDM,7.52788
OFDM,Classical OFDM,7.0003896
OFDM,Classical OFDM,7.559739
OFDM,Classical OFDM,5.8139086
OFDM,Classical OFDM,6.359353
OFDM,Classical OFDM,6.1216087
OFDM,Classical OFDM,7.122714
OFDM,Classical OFDM,6.716073
OFDM,Classical OFDM,6.493037
OFDM,Classical OFDM,6.3132195
OFDM,Classical OFDM,6.445199
OFDM,Classical OFDM,6.336014
OFDM,Classical OFDM,7.8459625
OFDM,Classical OFDM,5.5348196
OFDM,Classical OFDM,5.7517123
OFDM,Classical OFDM,7.7759714
OFDM,Classical OFDM,7.7399783
OFDM,Classical OFDM,5.6743913
OFDM,Classical OFDM,5.318679
OFDM,Classical OFDM,6.505647
OFDM,Classical OFDM,6.2270823
OFDM,Classical OFDM,6.0070653
OFDM,Classical OFDM,7.99617
OFDM,Classical OFDM,6.7944736
OFDM,Classical OFDM,6.0216928
OFDM,Classical OFDM,7.152054
OFDM,Classical OFDM,6.646071
OFDM,Classical OFDM,6.15343
OFDM,Classical OFDM,5.404527
OFDM,Classical OFDM,6.657301
OFDM,Classical OFDM,6.159968
OFDM,Classical OFDM,7.5393558
OFDM,Classical OFDM,5.917738
OFDM,Classical OFDM,6.6922665
OFDM,Classical OFDM,6.2913475
OFDM,Classical OFDM,7.0106025
OFDM,Classical OFDM,6.780857
OFDM,Classical OFDM,6.811537
OFDM,Classical OFDM,8.08207
OFDM,Classical OFDM,7.076402
OFDM,Classical OFDM,7.363314
OFDM,Classical OFDM,5.874728
OFDM,Classical OFDM,6.645956
OFDM,Classical OFDM,6.111831
OFDM,Classical OFDM,6.2460284
OFDM,Classical OFDM,7.4512887
OFDM,Classical OFDM,7.16806
OFDM,Classical OFDM,5.6305885
OFDM,Classical OFDM,7.338517
OFDM,Classical OFDM,6.632438
OFDM,Classical OFDM,7.4258223
OFDM,Classical OFDM,7.816909
OFDM,Classical OFDM,5.322309
OFDM,Classical OFDM,5.5118804
OFDM,Classical OFDM,5.1077228
OFDM,Classical OFDM,5.853813
OFDM,Classical OFDM,7.196613
OFDM,Classical OFDM,7.2393103
OFDM,Classical OFDM,7.1570196
OFDM,Classical OFDM,6.296162
OFDM,Classical OFDM,5.4092255
OFDM,Classical OFDM,7.1569796
OFDM,Classical OFDM,6.8379517
OFDM,Classical OFDM,7.1009464
OFDM,Classical OFDM,6.189692
OFDM,Classical OFDM,8.996228
OFDM,Classical OFDM,5.232874
OFDM,Classical OFDM,4.4978433
OFDM,Classical OFDM,8.126451
OFDM,Classical OFDM,6.3747015
OFDM,Classical OFDM,6.002216
OFDM,Classical OFDM,7.613532
OFDM,Classical OFDM,7.078145
OFDM,Classical OFDM,5.94182
OFDM,Classical OFDM,5.6612787
OFDM,Classical OFDM,6.647853
OFDM,Classical OFDM,8.864094
OFDM,Classical OFDM,4.9367294
OFDM,Classical OFDM,6.5939064
OFDM,Classical OFDM,6.2612686
OFDM,Classical OFDM,5.845381
OFDM,Classical OFDM,9.163461
OFDM,Classical OFDM,5.357594
OFDM,Classical OFDM,7.4374447
OFDM,Classical OFDM,6.5589757
OFDM,Classical OFDM,6.125167
OFDM,Classical OFDM,5.2180047
OFDM,Classical OFDM,5.64933
OFDM,Classical OFDM,8.203383
OFDM,Classical OFDM,7.0237684
OFDM,Classical OFDM,5.9646273
OFDM,Classical OFDM,5.7486205
OFDM,Classical OFDM,8.493271
OFDM,Classical OFDM,6.5610843
OFDM,Classical OFDM,6.1429496
OFDM,Classical OFDM,5.0534863
OFDM,Classical OFDM,6.808867
OFDM,Classical OFDM,5.738477
OFDM,Classical OFDM,5.6676474
OFDM,Classical OFDM,5.5379467
OFDM,Classical OFDM,5.2658377
OFDM,Classical OFDM,7.887701
OFDM,Classical OFDM,7.5056753
OFDM,Classical OFDM,5.494766
OFDM,Classical OFDM,6.179674
OFDM,Classical OFDM,7.4596496
OFDM,Classical OFDM,7.246189
OFDM,Classical OFDM,9.551146
OFDM,Classical OFDM,8.245568
OFDM,Classical OFDM,7.6685023
OFDM,Classical OFDM,6.4459043
OFDM,Classical OFDM,7.8466134
OFDM,Classical OFDM,7.0259724
OFDM,Classical OFDM,6.864443
OFDM,Classical OFDM,6.4159336
OFDM,Classical OFDM,6.7792883
OFDM,Classical OFDM,5.3029375
OFDM,Classical OFDM,4.972331
OFDM,Classical OFDM,5.2706003
OFDM,Classical OFDM,6.6386614
OFDM,Classical OFDM,5.884209
OFDM,Classical OFDM,6.5971823
OFDM,Classical OFDM,5.8042
OFDM,Classical OFDM,6.3219805
OFDM,Classical OFDM,7.4513636
OFDM,Classical OFDM,6.294337
OFDM,Classical OFDM,5.8688493
OFDM,Classical OFDM,7.292574
OFDM,Classical OFDM,6.031374
OFDM,Classical OFDM,6.0766726
OFDM,Classical OFDM,5.3546724
OFDM,Classical OFDM,5.8070917
OFDM,Classical OFDM,8.29962
OFDM,Classical OFDM,9.483648
OFDM,Classical OFDM,6.533814
OFDM,Classical OFDM,5.8653154
OFDM,Classical OFDM,6.6641135
OFDM,Classical OFDM,6.5280027
OFDM,Classical OFDM,5.417028
OFDM,Classical OFDM,5.6645565
OFDM,Classical OFDM,6.851599
OFDM,Classical OFDM,9.084961
OFDM,Classical OFDM,6.52969
OFDM,Classical OFDM,7.494736
OFDM,Classical OFDM,6.724229
OFDM,Classical OFDM,7.231426
OFDM,Classical OFDM,5.683524
OFDM,Classical OFDM,8.407724
OFDM,Classical OFDM,7.980488
OFDM,Classical OFDM,6.330939
OFDM,Classical OFDM,6.522051
OFDM,Classical OFDM,5.40189
OFDM,Classical OFDM,7.4941564
OFDM,Classical OFDM,5.523385
OFDM,Classical OFDM,7.0157123
OFDM,Classical OFDM,5.1929197
OFDM,Classical OFDM,4.8738937
OFDM,Classical OFDM,8.221513
OFDM,Classical OFDM,6.414325
OFDM,Classical OFDM,7.7769284
OFDM,Classical OFDM,5.6722374
OFDM,Classical OFDM,6.8131733
OFDM,Classical OFDM,7.990035
OFDM,Classical OFDM,7.258079
OFDM,Classical OFDM,7.7763147
OFDM,Classical OFDM,7.1796703
OFDM,Classical OFDM,5.018652
OFDM,Classical OFDM,6.1304927
OFDM,Classical OFDM,6.3338118
OFDM,Classical OFDM,6.0530977
OFDM,Classical OFDM,9.317801
OFDM,Classical OFDM,7.803886
OFDM,Classical OFDM,5.7099752
OFDM,Classical OFDM,5.687314
OFDM,Classical OFDM,6.642821
OFDM,Classical OFDM,7.496143
OFDM,Classical OFDM,6.91751
OFDM,Classical OFDM,7.3327045
OFDM,Classical OFDM,6.681801
OFDM,Classical OFDM,7.9435487
OFDM,Classical OFDM,5.3531084
OFDM,Classical OFDM,5.4991317
OFDM,Classical OFDM,5.818638
OFDM,Classical OFDM,5.001457
OFDM,Classical OFDM,6.5218716
OFDM,Classical OFDM,6.7963643
OFDM,Classical OFDM,6.737165
OFDM,Classical OFDM,6.090187
OFDM,Classical OFDM,8.314372
OFDM,Classical OFDM,6.3338137
OFDM,Classical OFDM,6.4672284
OFDM,Classical OFDM,6.3747973
OFDM,Classical OFDM,6.4316506
OFDM,Classical OFDM,6.0018263
OFDM,Classical OFDM,5.4588623
OFDM,Classical OFDM,6.0719967
OFDM,Classical OFDM,8.78742
OFDM,Classical OFDM,6.048497
OFDM,Classical OFDM,7.0677633
OFDM,Classical OFDM,5.6796093
OFDM,Classical OFDM,6.8616257
OFDM,Classical OFDM,7.3282666
OFDM,Classical OFDM,7.183749
OFDM,Classical OFDM,6.488549
OFDM,Classical OFDM,7.78127
OFDM,Classical OFDM,7.9934096
OFDM,Classical OFDM,6.952361
OFDM,Classical OFDM,6.815547
OFDM,Classical OFDM,6.1535783
OFDM,Classical OFDM,6.211359
OFDM,Classical OFDM,6.0306416
OFDM,Classical OFDM,6.51555
OFDM,Classical OFDM,7.4009542
OFDM,Classical OFDM,7.2547884
OFDM,Classical OFDM,6.5286584
OFDM,Classical OFDM,5.7106647
OFDM,Classical OFDM,5.516043
OFDM,Classical OFDM,5.800618
OFDM,Classical OFDM,6.2412233
OFDM,Classical OFDM,6.8412104
OFDM,Classical OFDM,6.3541136
OFDM,Classical OFDM,6.4748554
OFDM,Classical OFDM,6.608945
OFDM,Classical OFDM,5.90497
OFDM,Classical OFDM,5.8097367
OFDM,Classical OFDM,7.779879
OFDM,Classical OFDM,5.494315
OFDM,Classical OFDM,6.6654825
OFDM,Classical OFDM,7.5033884
OFDM,Classical OFDM,6.6189456
OFDM,Classical OFDM,6.8168254
OFDM,Classical OFDM,5.9843426
OFDM,Classical OFDM,7.822484
OFDM,Classical OFDM,7.2601676
OFDM,Classical OFDM,5.587087
OFDM,Classical OFDM,6.7299223
OFDM,Classical OFDM,5.796945
OFDM,Classical OFDM,6.773145
OFDM,Classical OFDM,5.6035275
OFDM,Classical OFDM,8.346261
OFDM,Classical OFDM,6.6291184
OFDM,Classical OFDM,6.2398987
OFDM,Classical OFDM,5.1797047
OFDM,Classical OFDM,7.8844347
OFDM,Classical OFDM,7.17927
OFDM,Classical OFDM,8.182213
OFDM,Classical OFDM,6.0373125
OFDM,Classical OFDM,6.40302
OFDM,Classical OFDM,5.3301973
OFDM,Classical OFDM,5.83183
OFDM,Classical OFDM,6.5422516
OFDM,Classical OFDM,7.1571217
OFDM,Classical OFDM,5.834688
OFDM,Classical OFDM,6.681738
OFDM,Classical OFDM,6.6241508
OFDM,Classical OFDM,8.385796
OFDM,Classical OFDM,5.8343573
OFDM,Classical OFDM,5.8256717
OFDM,Classical OFDM,5.374343
OFDM,Classical OFDM,7.5722256
OFDM,Classical OFDM,5.3901987
OFDM,Classical OFDM,7.203248
OFDM,Classical OFDM,6.7577953
OFDM,Classical OFDM,6.8236065
OFDM,Classical OFDM,7.3332734
OFDM,Classical OFDM,7.186894
OFDM,Classical OFDM,5.6146245
OFDM,Classical OFDM,6.001912
OFDM,Classical OFDM,5.2571
OFDM,Classical OFDM,8.262252
OFDM,Classical OFDM,7.2094197
OFDM,Classical OFDM,6.4431715
OFDM,Classical OFDM,5.019021
OFDM,Classical OFDM,5.99689
OFDM,Classical OFDM,8.124206
OFDM,Classical OFDM,7.311833
OFDM,Classical OFDM,6.117115
OFDM,Classical OFDM,6.549963
OFDM,Classical OFDM,6.2786098
OFDM,Classical OFDM,6.318618
OFDM,Classical OFDM,5.640762
OFDM,Classical OFDM,8.350908
OFDM,Classical OFDM,6.2399445
OFDM,Classical OFDM,7.0725403
OFDM,Classical OFDM,5.2160387
OFDM,Classical OFDM,6.3114624
OFDM,Classical OFDM,7.21365
OFDM,Classical OFDM,8.01284
OFDM,Classical OFDM,6.8166156
OFDM,Classical OFDM,6.5019517
OFDM,Classical OFDM,7.079227
OFDM,Classical OFDM,4.935181
OFDM,Classical OFDM,6.53105
OFDM,Classical OFDM,7.1414337
OFDM,Classical OFDM,5.875073
OFDM,Classical OFDM,6.6153116
OFDM,Classical OFDM,5.336681
OFDM,Classical OFDM,7.6432476
OFDM,Classical OFDM,5.978462
OFDM,Classical OFDM,6.1213026
OFDM,Classical OFDM,7.93132
OFDM,Classical OFDM,7.8798456
OFDM,Classical OFDM,5.4714804
OFDM,Classical OFDM,7.5153785
OFDM,Classical OFDM,6.4444675
OFDM,Classical OFDM,5.8536606
OFDM,Classical OFDM,6.023476
OFDM,Classical OFDM,5.8025646
OFDM,Classical OFDM,5.1679225
OFDM,Classical OFDM,8.969134
OFDM,Classical OFDM,7.9275393
OFDM,Classical OFDM,6.4498944
OFDM,Classical OFDM,5.4178243
OFDM,Classical OFDM,4.692348
OFDM,Classical OFDM,7.799787
OFDM,Classical OFDM,9.718353
OFDM,Classical OFDM,7.509095
OFDM,Classical OFDM,5.9327455
OFDM,Classical OFDM,6.770119
OFDM,Classical OFDM,5.9471235
OFDM,Classical OFDM,5.96726
OFDM,Classical OFDM,6.538767
OFDM,Classical OFDM,5.7695045
OFDM,Classical OFDM,6.424158
OFDM,Classical OFDM,6.1663294
OFDM,Classical OFDM,5.7682376
OFDM,Classical OFDM,5.6402807
OFDM,Classical OFDM,5.469368
OFDM,Classical OFDM,5.9851046
OFDM,Classical OFDM,6.3786087
OFDM,Classical OFDM,9.355577
OFDM,Classical OFDM,5.88362
OFDM,Classical OFDM,7.267468
OFDM,Classical OFDM,6.484578
OFDM,Classical OFDM,6.8587866
OFDM,Classical OFDM,7.801872
OFDM,Classical OFDM,7.2631955
OFDM,Classical OFDM,7.3060503
OFDM,Classical OFDM,7.093592
OFDM,Classical OFDM,6.887662
OFDM,Classical OFDM,6.956578
OFDM,Classical OFDM,5.594331
OFDM,Classical OFDM,9.296714
OFDM,Classical OFDM,8.464986
OFDM,Classical OFDM,6.582
OFDM,Classical OFDM,6.1694436
OFDM,Classical OFDM,8.688475
OFDM,Classical OFDM,6.391946
OFDM,Classical OFDM,7.569109
OFDM,Classical OFDM,7.3659363
OFDM,Classical OFDM,7.4189043
OFDM,Classical OFDM,7.0188007
OFDM,Classical OFDM,6.1371794
OFDM,Classical OFDM,6.7696953
OFDM,Classical OFDM,6.9724436
OFDM,Classical OFDM,5.431363
OFDM,Classical OFDM,7.6894116
OFDM,Classical OFDM,6.395238
OFDM,Classical OFDM,5.994912
OFDM,Classical OFDM,6.8413296
OFDM,Classical OFDM,7.9866877
OFDM,Classical OFDM,6.5702815
OFDM,Classical OFDM,7.1943617
OFDM,Classical OFDM,7.872636
OFDM,Classical OFDM,6.6227407
OFDM,Classical OFDM,8.767137
OFDM,Classical OFDM,5.7820554
OFDM,Classical OFDM,5.7639117
OFDM,Classical OFDM,5.3385754
OFDM,Classical OFDM,7.2835445
OFDM,Classical OFDM,6.9333315
OFDM,Classical OFDM,6.367441
OFDM,Classical OFDM,6.2701826
OFDM,Classical OFDM,6.1869235
OFDM,Classical OFDM,6.774444
OFDM,Classical OFDM,5.265683
OFDM,Classical OFDM,6.9134545
OFDM,Classical OFDM,7.9411306
OFDM,Classical OFDM,7.18429
OFDM,Classical OFDM,6.4773865
OFDM,Classical OFDM,6.166077
OFDM,Classical OFDM,5.953429
OFDM,Classical OFDM,6.335201
OFDM,Classical OFDM,6.0939984
OFDM,Classical OFDM,7.2213078
OFDM,Classical OFDM,5.6381397
OFDM,Classical OFDM,6.8463697
OFDM,Classical OFDM,7.1630754
OFDM,Classical OFDM,6.90012
OFDM,Classical OFDM,6.8194523
OFDM,Classical OFDM,5.854058
OFDM,Classical OFDM,5.8203006
OFDM,Classical OFDM,5.937795
OFDM,Classical OFDM,5.7752013
OFDM,Classical OFDM,5.916281
OFDM,Classical OFDM,5.6289387
OFDM,Classical OFDM,8.1449995
OFDM,Classical OFDM,8.579413
OFDM,Classical OFDM,5.7148957
OFDM,Classical OFDM,8.089231
OFDM,Classical OFDM,6.0419755
OFDM,Classical OFDM,8.285215
OFDM,Classical OFDM,8.291164
OFDM,Classical OFDM,6.3844132
OFDM,Classical OFDM,5.4563165
OFDM,Classical OFDM,7.3715014
OFDM,Classical OFDM,6.06004
OFDM,Classical OFDM,6.525803
OFDM,Classical OFDM,8.353147
OFDM,Classical OFDM,6.453992
OFDM,Classical OFDM,6.1808195
OFDM,Classical OFDM,7.9604383
OFDM,Classical OFDM,6.693783
OFDM,Classical OFDM,4.950133
OFDM,Classical OFDM,6.612394
OFDM,Classical OFDM,5.675391
OFDM,Classical OFDM,6.138854
OFDM,Classical OFDM,6.7679267
OFDM,Classical OFDM,6.296047
OFDM,Classical OFDM,6.08275
OFDM,Classical OFDM,5.993337
OFDM,Classical OFDM,7.2451735
OFDM,Classical OFDM,6.5129614
OFDM,Classical OFDM,5.2226133
OFDM,Classical OFDM,6.3688188
OFDM,Classical OFDM,5.736511
OFDM,Classical OFDM,5.785265
OFDM,Classical OFDM,7.19611
OFDM,Classical OFDM,6.6712136
OFDM,Classical OFDM,8.107327
OFDM,Classical OFDM,6.1131835
OFDM,Classical OFDM,7.665014
OFDM,Classical OFDM,7.121939
OFDM,Classical OFDM,4.5127926
OFDM,Classical OFDM,6.8645854
OFDM,Classical OFDM,5.2350307
OFDM,Classical OFDM,8.009024
OFDM,Classical OFDM,5.765574
OFDM,Classical OFDM,6.6631722
OFDM,Classical OFDM,7.871864
OFDM,Classical OFDM,5.5187793
OFDM,Classical OFDM,6.2055264
OFDM,Classical OFDM,6.9774776
OFDM,Classical OFDM,6.5675836
OFDM,Classical OFDM,6.1849694
OFDM,Classical OFDM,7.4200516
OFDM,Classical OFDM,6.0787845
OFDM,Classical OFDM,7.3956575
OFDM,Classical OFDM,6.141784
OFDM,Classical OFDM,6.291106
OFDM,Classical OFDM,6.008139
OFDM,Classical OFDM,8.35051
OFDM,Classical OFDM,5.021687
OFDM,Classical OFDM,7.887674
OFDM,Classical OFDM,6.360615
OFDM,Classical OFDM,7.1406918
OFDM,Classical OFDM,6.1221085
OFDM,Classical OFDM,5.791269
OFDM,Classical OFDM,7.163584
OFDM,Classical OFDM,5.50751
OFDM,Classical OFDM,7.0630426
OFDM,Classical OFDM,6.3712893
OFDM,Classical OFDM,6.482423
OFDM,Classical OFDM,7.1078134
OFDM,Classical OFDM,6.1065893
OFDM,Classical OFDM,7.0449314
OFDM,Classical OFDM,7.1129827
OFDM,Classical OFDM,6.6132402
OFDM,Classical OFDM,5.7768245
OFDM,Classical OFDM,6.735276
OFDM,Classical OFDM,7.8700104
OFDM,Classical OFDM,6.363641
OFDM,Classical OFDM,8.065394
OFDM,Classical OFDM,8.86863
OFDM,Classical OFDM,5.5218487
OFDM,Classical OFDM,6.4910765
OFDM,Classical OFDM,7.8131084
OFDM,Classical OFDM,6.4538946
OFDM,Classical OFDM,6.634019
OFDM,Classical OFDM,7.427612
OFDM,Classical OFDM,4.870717
OFDM,Classical OFDM,5.6834974
OFDM,Classical OFDM,5.321868
OFDM,Classical OFDM,6.321676
OFDM,Classical OFDM,6.7636795
OFDM,Classical OFDM,8.253941
OFDM,Classical OFDM,5.7225184
OFDM,Classical OFDM,6.6026425
OFDM,Classical OFDM,6.635842
OFDM,Classical OFDM,6.925221
OFDM,Classical OFDM,6.203131
OFDM,Classical OFDM,5.2553344
OFDM,Classical OFDM,5.921693
OFDM,Classical OFDM,6.671609
OFDM,Classical OFDM,6.391288
OFDM,Classical OFDM,7.798445
OFDM,Classical OFDM,8.486556
OFDM,Classical OFDM,6.754517
OFDM,Classical OFDM,7.2586923
OFDM,Classical OFDM,7.9194384
OFDM,Classical OFDM,5.6468415
OFDM,Classical OFDM,6.5227866
OFDM,Classical OFDM,8.080734
OFDM,Classical OFDM,7.7094784
OFDM,Classical OFDM,7.074108
OFDM,Classical OFDM,7.780054
OFDM,Classical OFDM,6.134635
OFDM,Classical OFDM,7.303272
OFDM,Classical OFDM,5.294445
OFDM,Classical OFDM,5.9798136
OFDM,Classical OFDM,7.5111203
OFDM,Classical OFDM,5.5826335
OFDM,Classical OFDM,6.8080606
OFDM,Classical OFDM,8.355528
OFDM,Classical OFDM,6.816821
OFDM,Classical OFDM,6.001014
OFDM,Classical OFDM,6.8652487
OFDM,Classical OFDM,7.301531
OFDM,Classical OFDM,6.553959
OFDM,Classical OFDM,7.2508583
OFDM,Classical OFDM,5.9753046
OFDM,Classical OFDM,7.2192764
OFDM,Classical OFDM,4.7782097
OFDM,Classical OFDM,5.7178717
OFDM,Classical OFDM,6.7488837
OFDM,Classical OFDM,5.9982276
OFDM,Classical OFDM,5.1750145
OFDM,Classical OFDM,6.7016525
OFDM,Classical OFDM,10.715795
OFDM,Classical OFDM,4.914039
OFDM,Classical OFDM,8.359434
OFDM,Classical OFDM,6.6914234
OFDM,Classical OFDM,5.883253
OFDM,Classical OFDM,5.7909565
OFDM,Classical OFDM,7.811059
OFDM,Classical OFDM,5.4704647
OFDM,Classical OFDM,4.664695
OFDM,Classical OFDM,5.2621646
OFDM,Classical OFDM,8.324894
OFDM,Classical OFDM,5.7018414
OFDM,Classical OFDM,5.8041615
OFDM,Classical OFDM,6.1566324
OFDM,Classical OFDM,6.614233
OFDM,Classical OFDM,5.1109934
OFDM,Classical OFDM,6.786889
OFDM,Classical OFDM,5.9266067
OFDM,Classical OFDM,6.8286276
OFDM,Classical OFDM,6.9874125
OFDM,Classical OFDM,5.635464
OFDM,Classical OFDM,6.101717
OFDM,Classical OFDM,7.243302
OFDM,Classical OFDM,6.397424
OFDM,Classical OFDM,5.5321207
OFDM,Classical OFDM,5.9858565
OFDM,Classical OFDM,6.2590976
OFDM,Classical OFDM,6.366444
OFDM,Classical OFDM,6.6382403
OFDM,Classical OFDM,8.629498
OFDM,Classical OFDM,7.5959826
OFDM,Classical OFDM,7.7708607
OFDM,Classical OFDM,8.3661995
OFDM,Classical OFDM,6.4429
OFDM,Classical OFDM,7.4485583
OFDM,Classical OFDM,6.6656804
OFDM,Classical OFDM,6.0345607
OFDM,Classical OFDM,5.8871994
OFDM,Classical OFDM,6.0229235
OFDM,Classical OFDM,8.819848
OFDM,Classical OFDM,5.555339
OFDM,Classical OFDM,7.86192
OFDM,Classical OFDM,7.693934
OFDM,Classical OFDM,6.238618
OFDM,Classical OFDM,5.5670066
OFDM,Classical OFDM,7.986991
OFDM,Classical OFDM,5.7649508
OFDM,Classical OFDM,4.97476
OFDM,Classical OFDM,7.6479907
OFDM,Classical OFDM,7.1650434
OFDM,Classical OFDM,5.3473144
OFDM,Classical OFDM,6.449792
OFDM,Classical OFDM,6.58352
OFDM,Classical OFDM,6.2251654
OFDM,Classical OFDM,5.098069
OFDM,Classical OFDM,7.170245
OFDM,Classical OFDM,6.255164
OFDM,Classical OFDM,7.823756
OFDM,Classical OFDM,8.039833
OFDM,Classical OFDM,8.54385
OFDM,Classical OFDM,7.1218996
OFDM,Classical OFDM,6.5731435
OFDM,Classical OFDM,7.873782
OFDM,Classical OFDM,6.580139
OFDM,Classical OFDM,5.427325
OFDM,Classical OFDM,7.909935
OFDM,Classical OFDM,7.4968963
OFDM,Classical OFDM,6.020613
OFDM,Classical OFDM,5.46427
OFDM,Classical OFDM,6.0338025
OFDM,Classical OFDM,5.93718
OFDM,Classical OFDM,6.889496
OFDM,Classical OFDM,5.8311105
OFDM,Classical OFDM,6.7012997
OFDM,Classical OFDM,5.9139624
OFDM,Classical OFDM,6.0084286
OFDM,Classical OFDM,7.811615
OFDM,Classical OFDM,7.12841
OFDM,Classical OFDM,6.9400983
OFDM,Classical OFDM,7.6671343
OFDM,Classical OFDM,5.5357814
OFDM,Classical OFDM,7.344352
OFDM,Classical OFDM,6.629298
OFDM,Classical OFDM,7.2998767
OFDM,Classical OFDM,6.932202
OFDM,Classical OFDM,5.9178395
OFDM,Classical OFDM,5.99947
OFDM,Classical OFDM,7.4377227
OFDM,Classical OFDM,7.2579813
OFDM,Classical OFDM,5.6495895
OFDM,Classical OFDM,6.085372
OFDM,Classical OFDM,7.0583906
OFDM,Classical OFDM,7.5510855
OFDM,Classical OFDM,7.1561627
OFDM,Classical OFDM,6.247516
OFDM,Classical OFDM,7.0083437
OFDM,Classical OFDM,6.058845
OFDM,Classical OFDM,6.860888
OFDM,Classical OFDM,6.946831
OFDM,Classical OFDM,7.0315976
OFDM,Classical OFDM,5.5010624
OFDM,Classical OFDM,6.74982
OFDM,Classical OFDM,6.4548435
OFDM,Classical OFDM,7.0012846
OFDM,Classical OFDM,6.674364
OFDM,Classical OFDM,9.409934
OFDM,Classical OFDM,5.775303
OFDM,Classical OFDM,7.6389623
OFDM,Classical OFDM,6.275238
OFDM,Classical OFDM,7.872687
OFDM,Classical OFDM,7.9047337
OFDM,Classical OFDM,6.354077
OFDM,Classical OFDM,8.419291
OFDM,Classical OFDM,6.5459814
OFDM,Classical OFDM,6.104332
OFDM,Classical OFDM,7.176832
OFDM,Classical OFDM,6.9581075
OFDM,Classical OFDM,7.5116324
OFDM,Classical OFDM,8.352027
OFDM,Classical OFDM,6.5362697
OFDM,Classical OFDM,6.949856
OFDM,Classical OFDM,5.7090635
OFDM,Classical OFDM,5.3344183
OFDM,Classical OFDM,7.7826643
OFDM,Classical OFDM,8.120031
OFDM,Classical OFDM,6.0239477
OFDM,Classical OFDM,6.358008
OFDM,Classical OFDM,5.7224565
OFDM,Classical OFDM,5.7111483
OFDM,Classical OFDM,7.8979545
OFDM,Classical OFDM,6.631896
OFDM,Classical OFDM,6.545405
OFDM,Classical OFDM,7.214685
OFDM,Classical OFDM,5.416215
OFDM,Classical OFDM,8.45434
OFDM,Classical OFDM,6.134352
OFDM,Classical OFDM,5.585213
OFDM,Classical OFDM,8.058517
OFDM,Classical OFDM,7.238266
OFDM,Classical OFDM,8.841837
OFDM,Classical OFDM,6.0716105
OFDM,Classical OFDM,7.0137463
OFDM,Classical OFDM,8.245047
OFDM,Classical OFDM,8.189698
OFDM,Classical OFDM,5.6374397
OFDM,Classical OFDM,7.2307186
OFDM,Classical OFDM,8.195797
OFDM,Classical OFDM,6.7386265
OFDM,Classical OFDM,6.721033
OFDM,Classical OFDM,6.222911
OFDM,Classical OFDM,5.181565
OFDM,Classical OFDM,9.238064
OFDM,Classical OFDM,7.7029204
OFDM,Classical OFDM,6.2237997
OFDM,Classical OFDM,7.002204
OFDM,Classical OFDM,7.7031555
OFDM,Classical OFDM,6.009858
OFDM,Classical OFDM,6.3673935
OFDM,Classical OFDM,7.097127
OFDM,Classical OFDM,6.7797475
OFDM,Classical OFDM,7.557618
OFDM,Classical OFDM,4.929048
OFDM,Classical OFDM,7.850878
OFDM,Classical OFDM,6.1678724
OFDM,Classical OFDM,5.924148
OFDM,Classical OFDM,6.016126
OFDM,Classical OFDM,5.899176
OFDM,Classical OFDM,6.7127047
OFDM,Classical OFDM,5.981224
OFDM,Classical OFDM,8.722341
OFDM,Classical OFDM,8.265211
OFDM,Classical OFDM,6.05376
OFDM,Classical OFDM,5.983064
OFDM,Classical OFDM,5.552908
OFDM,Classical OFDM,5.4720354
OFDM,Classical OFDM,7.052286
OFDM,Classical OFDM,6.52231
OFDM,Classical OFDM,6.9887853
Learned,Learned Basis,5.2371416
Learned,Learned Basis,6.0180473
Learned,Learned Basis,4.9301934
Learned,Learned Basis,5.7360783
Learned,Learned Basis,6.037268
Learned,Learned Basis,4.9489183
Learned,Learned Basis,4.322406
Learned,Learned Basis,5.1791406
Learned,Learned Basis,4.2455044
Learned,Learned Basis,4.006147
Learned,Learned Basis,4.5226717
Learned,Learned Basis,5.1746078
Learned,Learned Basis,4.674865
Learned,Learned Basis,4.3753633
Learned,Learned Basis,5.6876516
Learned,Learned Basis,5.07734
Learned,Learned Basis,4.9572287
Learned,Learned Basis,5.100626
Learned,Learned Basis,4.812601
Learned,Learned Basis,5.156454
Learned,Learned Basis,5.36859
Learned,Learned Basis,5.6985235
Learned,Learned Basis,5.953923
Learned,Learned Basis,5.099006
Learned,Learned Basis,3.8284912
Learned,Learned Basis,4.3007426
Learned,Learned Basis,5.0512033
Learned,Learned Basis,5.6038513
Learned,Learned Basis,4.315374
Learned,Learned Basis,4.0018272
Learned,Learned Basis,5.6686363
Learned,Learned Basis,4.1081915
Learned,Learned Basis,4.498089
Learned,Learned Basis,5.5511374
Learned,Learned Basis,6.6457934
Learned,Learned Basis,5.1845446
Learned,Learned Basis,3.9113636
Learned,Learned Basis,7.0313673
Learned,Learned Basis,3.9949658
Learned,Learned Basis,5.2185583
Learned,Learned Basis,6.336956
Learned,Learned Basis,5.003593
Learned,Learned Basis,5.2045484
Learned,Learned Basis,5.0395565
Learned,Learned Basis,4.191348
Learned,Learned Basis,6.243579
Learned,Learned Basis,5.3925533
Learned,Learned Basis,4.724342
Learned,Learned Basis,5.7769747
Learned,Learned Basis,5.3300757
Learned,Learned Basis,5.234158
Learned,Learned Basis,4.857681
Learned,Learned Basis,4.979718
Learned,Learned Basis,5.0673037
Learned,Learned Basis,4.028482
Learned,Learned Basis,5.201164
Learned,Learned Basis,4.141806
Learned,Learned Basis,4.396439
Learned,Learned Basis,5.4509683
Learned,Learned Basis,5.099434
Learned,Learned Basis,4.389964
Learned,Learned Basis,7.3381615
Learned,Learned Basis,5.570158
Learned,Learned Basis,5.116848
Learned,Learned Basis,4.6361623
Learned,Learned Basis,6.273304
Learned,Learned Basis,4.839726
Learned,Learned Basis,5.2369957
Learned,Learned Basis,6.498513
Learned,Learned Basis,5.041031
Learned,Learned Basis,3.9949784
Learned,Learned Basis,5.6999464
Learned,Learned Basis,5.462423
Learned,Learned Basis,5.2857633
Learned,Learned Basis,5.1823425
Learned,Learned Basis,5.661891
Learned,Learned Basis,5.0664525
Learned,Learned Basis,5.3317204
Learned,Learned Basis,5.160225
Learned,Learned Basis,5.811177
Learned,Learned Basis,4.3299026
Learned,Learned Basis,5.6951704
Learned,Learned Basis,4.5591364
Learned,Learned Basis,5.7741737
Learned,Learned Basis,4.9951754
Learned,Learned Basis,4.8618145
Learned,Learned Basis,4.387531
Learned,Learned Basis,4.843515
Learned,Learned Basis,5.607999
Learned,Learned Basis,4.8435946
Learned,Learned Basis,5.836215
Learned,Learned Basis,4.1855817
Learned,Learned Basis,4.9376497
Learned,Learned Basis,6.3746176
Learned,Learned Basis,5.1506577
Learned,Learned Basis,6.19345
Learned,Learned Basis,4.132275
Learned,Learned Basis,7.097197
Learned,Learned Basis,5.16671
Learned,Learned Basis,5.4345675
Learned,Learned Basis,4.296679
Learned,Learned Basis,6.8984776
Learned,Learned Basis,6.6076374
Learned,Learned Basis,4.1645594
Learned,Learned Basis,4.655131
Learned,Learned Basis,4.0712824
Learned,Learned Basis,5.1255083
Learned,Learned Basis,5.629282
Learned,Learned Basis,4.483935
Learned,Learned Basis,5.2541633
Learned,Learned Basis,4.881759
Learned,Learned Basis,5.5778103
Learned,Learned Basis,6.7016606
Learned,Learned Basis,5.743752
Learned,Learned Basis,5.8146615
Learned,Learned Basis,4.6218777
Learned,Learned Basis,5.8074007
Learned,Learned Basis,6.2593627
Learned,Learned Basis,5.161839
Learned,Learned Basis,4.799367
Learned,Learned Basis,6.2020707
Learned,Learned Basis,6.5461297
Learned,Learned Basis,4.8586855
Learned,Learned Basis,5.340682
Learned,Learned Basis,4.1384325
Learned,Learned Basis,5.46139
Learned,Learned Basis,5.487544
Learned,Learned Basis,5.8247128
Learned,Learned Basis,6.2300825
Learned,Learned Basis,5.007908
Learned,Learned Basis,5.8475213
Learned,Learned Basis,4.6469393
Learned,Learned Basis,5.097193
Learned,Learned Basis,4.9297447
Learned,Learned Basis,6.1721377
Learned,Learned Basis,5.30539
Learned,Learned Basis,5.02871
Learned,Learned Basis,5.9917383
Learned,Learned Basis,5.580858
Learned,Learned Basis,6.855899
Learned,Learned Basis,6.356785
Learned,Learned Basis,6.1564703
Learned,Learned Basis,5.2515197
Learned,Learned Basis,4.1516294
Learned,Learned Basis,5.534187
Learned,Learned Basis,5.21337
Learned,Learned Basis,4.8437586
Learned,Learned Basis,6.4314647
Learned,Learned Basis,5.1756744
Learned,Learned Basis,4.697886
Learned,Learned Basis,4.8304124
Learned,Learned Basis,5.1454062
Learned,Learned Basis,4.8572025
Learned,Learned Basis,5.9120536
Learned,Learned Basis,5.481436
Learned,Learned Basis,4.818118
Learned,Learned Basis,5.8570843
Learned,Learned Basis,5.8037143
Learned,Learned Basis,6.701228
Learned,Learned Basis,6.432597
Learned,Learned Basis,4.7224827
Learned,Learned Basis,5.6225834
Learned,Learned Basis,4.8970346
Learned,Learned Basis,4.991303
Learned,Learned Basis,6.123085
Learned,Learned Basis,5.376318
Learned,Learned Basis,5.235403
Learned,Learned Basis,5.8020735
Learned,Learned Basis,5.8515306
Learned,Learned Basis,3.8641
Learned,Learned Basis,4.8468094
Learned,Learned Basis,5.2148495
Learned,Learned Basis,5.278122
Learned,Learned Basis,5.5607696
Learned,Learned Basis,4.8701944
Learned,Learned Basis,5.501242
Learned,Learned Basis,6.309458
Learned,Learned Basis,5.9779434
Learned,Learned Basis,5.564312
Learned,Learned Basis,6.0089436
Learned,Learned Basis,5.789271
Learned,Learned Basis,5.228773
Learned,Learned Basis,4.8980746
Learned,Learned Basis,5.672969
Learned,Learned Basis,5.5694885
Learned,Learned Basis,6.623452
Learned,Learned Basis,5.217116
Learned,Learned Basis,5.5769167
Learned,Learned Basis,5.089116
Learned,Learned Basis,3.3771384
Learned,Learned Basis,5.621205
Learned,Learned Basis,4.8460712
Learned,Learned Basis,4.6319575
Learned,Learned Basis,4.3195653
Learned,Learned Basis,4.032447
Learned,Learned Basis,5.479986
Learned,Learned Basis,4.76258
Learned,Learned Basis,4.5176306
Learned,Learned Basis,5.7462263
Learned,Learned Basis,5.027584
Learned,Learned Basis,4.9897594
Learned,Learned Basis,5.6219254
Learned,Learned Basis,5.367712
Learned,Learned Basis,7.132771
Learned,Learned Basis,4.508021
Learned,Learned Basis,4.8307643
Learned,Learned Basis,5.0341363
Learned,Learned Basis,4.3116007
Learned,Learned Basis,5.6144876
Learned,Learned Basis,5.8861375
Learned,Learned Basis,5.4493628
Learned,Learned Basis,6.08324
Learned,Learned Basis,4.7879047
Learned,Learned Basis,4.642761
Learned,Learned Basis,5.5910115
Learned,Learned Basis,6.037798
Learned,Learned Basis,5.737496
Learned,Learned Basis,4.744095
Learned,Learned Basis,5.0097713
Learned,Learned Basis,5.3971577
Learned,Learned Basis,4.314455
Learned,Learned Basis,6.584001
Learned,Learned Basis,5.6780934
Learned,Learned Basis,6.333481
Learned,Learned Basis,5.7254725
Learned,Learned Basis,5.475802
Learned,Learned Basis,3.8879368
Learned,Learned Basis,4.225801
Learned,Learned Basis,5.6553745
Learned,Learned Basis,6.9588904
Learned,Learned Basis,5.0056095
Learned,Learned Basis,4.573842
Learned,Learned Basis,4.5018444
Learned,Learned Basis,5.243598
Learned,Learned Basis,7.3493457
Learned,Learned Basis,5.8220596
Learned,Learned Basis,6.0914373
Learned,Learned Basis,4.6649985
Learned,Learned Basis,4.8570914
Learned,Learned Basis,5.8650374
Learned,Learned Basis,7.090223
Learned,Learned Basis,6.089532
Learned,Learned Basis,5.2608852
Learned,Learned Basis,5.615018
Learned,Learned Basis,4.395873
Learned,Learned Basis,6.361161
Learned,Learned Basis,6.1704135
Learned,Learned Basis,5.5485387
Learned,Learned Basis,6.66523
Learned,Learned Basis,6.3595576
Learned,Learned Basis,7.3025393
Learned,Learned Basis,5.6931853
Learned,Learned Basis,5.759502
Learned,Learned Basis,5.36268
Learned,Learned Basis,6.1140985
Learned,Learned Basis,6.121501
Learned,Learned Basis,5.491124
Learned,Learned Basis,5.2639604
Learned,Learned Basis,4.9192486
Learned,Learned Basis,4.6884284
Learned,Learned Basis,6.3522696
Learned,Learned Basis,6.399176
Learned,Learned Basis,5.566701
Learned,Learned Basis,4.6807113
Learned,Learned Basis,3.5757375
Learned,Learned Basis,5.164263
Learned,Learned Basis,5.803406
Learned,Learned Basis,5.5957336
Learned,Learned Basis,5.6465836
Learned,Learned Basis,5.471709
Learned,Learned Basis,5.3488274
Learned,Learned Basis,5.4071884
Learned,Learned Basis,6.1610317
Learned,Learned Basis,5.7410107
Learned,Learned Basis,6.451633
Learned,Learned Basis,6.117974
Learned,Learned Basis,4.663555
Learned,Learned Basis,5.068265
Learned,Learned Basis,5.145262
Learned,Learned Basis,5.6530266
Learned,Learned Basis,5.5415936
Learned,Learned Basis,5.234153
Learned,Learned Basis,4.7986417
Learned,Learned Basis,5.020513
Learned,Learned Basis,5.2348337
Learned,Learned Basis,5.35181
Learned,Learned Basis,6.3976283
Learned,Learned Basis,6.305421
Learned,Learned Basis,5.4176474
Learned,Learned Basis,5.099154
Learned,Learned Basis,6.891498
Learned,Learned Basis,5.542748
Learned,Learned Basis,4.6739492
Learned,Learned Basis,4.1814737
Learned,Learned Basis,4.5955234
Learned,Learned Basis,4.8104944
Learned,Learned Basis,5.9070673
Learned,Learned Basis,6.1851363
Learned,Learned Basis,4.4821415
Learned,Learned Basis,4.926512
Learned,Learned Basis,6.037614
Learned,Learned Basis,5.160654
Learned,Learned Basis,5.1756325
Learned,Learned Basis,6.8942776
Learned,Learned Basis,5.052855
Learned,Learned Basis,6.6003413
Learned,Learned Basis,5.895981
Learned,Learned Basis,6.440925
Learned,Learned Basis,5.5004044
Learned,Learned Basis,6.1231856
Learned,Learned Basis,4.585523
Learned,Learned Basis,4.43799
Learned,Learned Basis,5.21397
Learned,Learned Basis,5.603554
Learned,Learned Basis,4.9895005
Learned,Learned Basis,5.341943
Learned,Learned Basis,4.618524
Learned,Learned Basis,5.566354
Learned,Learned Basis,4.8927507
Learned,Learned Basis,8.507119
Learned,Learned Basis,3.3640437
Learned,Learned Basis,5.8809857
Learned,Learned Basis,5.450642
Learned,Learned Basis,5.412484
Learned,Learned Basis,6.7803006
Learned,Learned Basis,5.3355575
Learned,Learned Basis,4.4895735
Learned,Learned Basis,5.304422
Learned,Learned Basis,5.4828935
Learned,Learned Basis,4.5894914
Learned,Learned Basis,4.98308
Learned,Learned Basis,4.3358173
Learned,Learned Basis,6.7684975
Learned,Learned Basis,5.5348244
Learned,Learned Basis,4.14583
Learned,Learned Basis,5.2766924
Learned,Learned Basis,4.688367
Learned,Learned Basis,5.7773285
Learned,Learned Basis,4.677867
Learned,Learned Basis,4.3422737
Learned,Learned Basis,5.965274
Learned,Learned Basis,4.352854
Learned,Learned Basis,5.747643
Learned,Learned Basis,4.8453755
Learned,Learned Basis,4.88661
Learned,Learned Basis,4.5314593
Learned,Learned Basis,4.8748775
Learned,Learned Basis,5.4539223
Learned,Learned Basis,6.0457087
Learned,Learned Basis,5.6932106
Learned,Learned Basis,5.104086
Learned,Learned Basis,6.7048526
Learned,Learned Basis,5.0495176
Learned,Learned Basis,7.8573775
Learned,Learned Basis,5.3288326
Learned,Learned Basis,4.94849
Learned,Learned Basis,5.136777
Learned,Learned Basis,3.8329835
Learned,Learned Basis,5.033653
Learned,Learned Basis,6.8497033
Learned,Learned Basis,4.5032206
Learned,Learned Basis,5.1985955
Learned,Learned Basis,5.1739883
Learned,Learned Basis,6.1940975
Learned,Learned Basis,4.374075
Learned,Learned Basis,4.750661
Learned,Learned Basis,4.916862
Learned,Learned Basis,3.889396
Learned,Learned Basis,3.480237
Learned,Learned Basis,4.521094
Learned,Learned Basis,4.0965834
Learned,Learned Basis,6.1227326
Learned,Learned Basis,4.9781065
Learned,Learned Basis,6.984844
Learned,Learned Basis,4.1598334
Learned,Learned Basis,4.797358
Learned,Learned Basis,4.257096
Learned,Learned Basis,5.36996
Learned,Learned Basis,5.0354533
Learned,Learned Basis,4.7764544
Learned,Learned Basis,4.7358303
Learned,Learned Basis,4.603161
Learned,Learned Basis,6.4838843
Learned,Learned Basis,6.474705
Learned,Learned Basis,3.7104096
Learned,Learned Basis,5.020277
Learned,Learned Basis,4.1185436
Learned,Learned Basis,4.458961
Learned,Learned Basis,6.456232
Learned,Learned Basis,6.092648
Learned,Learned Basis,5.7836733
Learned,Learned Basis,4.278987
Learned,Learned Basis,4.677161
Learned,Learned Basis,4.6765876
Learned,Learned Basis,7.8298435
Learned,Learned Basis,6.5646267
Learned,Learned Basis,5.1694727
Learned,Learned Basis,6.666937
Learned,Learned Basis,3.8181129
Learned,Learned Basis,6.8143816
Learned,Learned Basis,5.3431625
Learned,Learned Basis,5.7653503
Learned,Learned Basis,4.8263288
Learned,Learned Basis,5.828251
Learned,Learned Basis,5.2324843
Learned,Learned Basis,6.940866
Learned,Learned Basis,6.4469047
Learned,Learned Basis,5.4109025
Learned,Learned Basis,4.641524
Learned,Learned Basis,5.468314
Learned,Learned Basis,6.7780585
Learned,Learned Basis,6.656532
Learned,Learned Basis,4.9052563
Learned,Learned Basis,5.178562
Learned,Learned Basis,4.9220147
Learned,Learned Basis,6.8731184
Learned,Learned Basis,5.248991
Learned,Learned Basis,4.8051186
Learned,Learned Basis,4.706375
Learned,Learned Basis,6.6153474
Learned,Learned Basis,5.4365044
Learned,Learned Basis,5.4784846
Learned,Learned Basis,6.634533
Learned,Learned Basis,6.2452145
Learned,Learned Basis,5.596717
Learned,Learned Basis,5.7598467
Learned,Learned Basis,7.2301393
Learned,Learned Basis,5.0808544
Learned,Learned Basis,5.229817
Learned,Learned Basis,6.9091835
Learned,Learned Basis,5.4755335
Learned,Learned Basis,6.5828333
Learned,Learned Basis,4.349194
Learned,Learned Basis,4.561133
Learned,Learned Basis,5.9083037
Learned,Learned Basis,4.708543
Learned,Learned Basis,5.1838727
Learned,Learned Basis,5.0767603
Learned,Learned Basis,5.5374794
Learned,Learned Basis,5.4794893
Learned,Learned Basis,6.418931
Learned,Learned Basis,4.8179193
Learned,Learned Basis,6.1824756
Learned,Learned Basis,4.3542547
Learned,Learned Basis,3.8912818
Learned,Learned Basis,5.2305408
Learned,Learned Basis,6.3165526
Learned,Learned Basis,6.2228827
Learned,Learned Basis,4.32016
Learned,Learned Basis,5.2660174
Learned,Learned Basis,4.600106
Learned,Learned Basis,4.237424
Learned,Learned Basis,4.80079
Learned,Learned Basis,4.6754637
Learned,Learned Basis,4.8253508
Learned,Learned Basis,4.9458094
Learned,Learned Basis,5.9485574
Learned,Learned Basis,5.723563
Learned,Learned Basis,5.8386536
Learned,Learned Basis,6.262369
Learned,Learned Basis,5.3440766
Learned,Learned Basis,4.553873
Learned,Learned Basis,5.994707
Learned,Learned Basis,6.309328
Learned,Learned Basis,4.9116664
Learned,Learned Basis,5.809211
Learned,Learned Basis,7.2940106
Learned,Learned Basis,5.9541826
Learned,Learned Basis,6.4246216
Learned,Learned Basis,4.5624475
Learned,Learned Basis,4.8865857
Learned,Learned Basis,4.849053
Learned,Learned Basis,4.4457664
Learned,Learned Basis,6.265806
Learned,Learned Basis,5.067399
Learned,Learned Basis,4.213816
Learned,Learned Basis,4.403395
Learned,Learned Basis,4.259935
Learned,Learned Basis,5.827913
Learned,Learned Basis,5.3460484
Learned,Learned Basis,5.532219
Learned,Learned Basis,4.611555
Learned,Learned Basis,6.045196
Learned,Learned Basis,5.581068
Learned,Learned Basis,5.633954
Learned,Learned Basis,7.5045104
Learned,Learned Basis,4.0561385
Learned,Learned Basis,4.7053213
Learned,Learned Basis,5.951578
Learned,Learned Basis,4.8319235
Learned,Learned Basis,5.8602676
Learned,Learned Basis,4.4606943
Learned,Learned Basis,5.682271
Learned,Learned Basis,5.3537855
Learned,Learned Basis,5.8388033
Learned,Learned Basis,5.424802
Learned,Learned Basis,5.434711
Learned,Learned Basis,5.089969
Learned,Learned Basis,6.123957
Learned,Learned Basis,4.609058
Learned,Learned Basis,4.698064
Learned,Learned Basis,5.630045
Learned,Learned Basis,6.7380166
Learned,Learned Basis,5.131976
Learned,Learned Basis,6.2088366
Learned,Learned Basis,5.5644217
Learned,Learned Basis,5.41388
Learned,Learned Basis,5.9252195
Learned,Learned Basis,6.1774216
Learned,Learned Basis,7.175701
Learned,Learned Basis,7.3010545
Learned,Learned Basis,6.8715105
Learned,Learned Basis,4.3400674
Learned,Learned Basis,4.607163
Learned,Learned Basis,5.225973
Learned,Learned Basis,6.4139824
Learned,Learned Basis,6.0671973
Learned,Learned Basis,5.716854
Learned,Learned Basis,6.9679193
Learned,Learned Basis,6.2447405
Learned,Learned Basis,6.896164
Learned,Learned Basis,5.535782
Learned,Learned Basis,6.926095
Learned,Learned Basis,7.2119994
Learned,Learned Basis,4.361709
Learned,Learned Basis,5.6567993
Learned,Learned Basis,4.2838707
Learned,Learned Basis,5.242401
Learned,Learned Basis,5.9553127
Learned,Learned Basis,6.4146576
Learned,Learned Basis,5.395451
Learned,Learned Basis,4.024104
Learned,Learned Basis,5.092473
Learned,Learned Basis,6.3214545
Learned,Learned Basis,5.678835
Learned,Learned Basis,5.99526
Learned,Learned Basis,6.4789743
Learned,Learned Basis,4.8996015
Learned,Learned Basis,5.468493
Learned,Learned Basis,4.080742
Learned,Learned Basis,5.32816
Learned,Learned Basis,4.162914
Learned,Learned Basis,5.1675057
Learned,Learned Basis,4.390433
Learned,Learned Basis,5.132363
Learned,Learned Basis,4.93801
Learned,Learned Basis,4.1601233
Learned,Learned Basis,5.820801
Learned,Learned Basis,4.96736
Learned,Learned Basis,4.923231
Learned,Learned Basis,4.4991226
Learned,Learned Basis,5.3953624
Learned,Learned Basis,5.41415
Learned,Learned Basis,6.098252
Learned,Learned Basis,5.1239114
Learned,Learned Basis,5.1467967
Learned,Learned Basis,4.5008154
Learned,Learned Basis,5.5677385
Learned,Learned Basis,4.6784477
Learned,Learned Basis,4.2736726
Learned,Learned Basis,4.9833484
Learned,Learned Basis,4.453082
Learned,Learned Basis,5.964461
Learned,Learned Basis,4.553526
Learned,Learned Basis,5.2936845
Learned,Learned Basis,5.728555
Learned,Learned Basis,6.848793
Learned,Learned Basis,4.8503585
Learned,Learned Basis,6.573823
Learned,Learned Basis,4.6642056
Learned,Learned Basis,5.476266
Learned,Learned Basis,5.999289
Learned,Learned Basis,5.1236005
Learned,Learned Basis,4.790905
Learned,Learned Basis,6.2006383
Learned,Learned Basis,5.9230537
Learned,Learned Basis,5.4791255
Learned,Learned Basis,6.6354456
Learned,Learned Basis,6.6431026
Learned,Learned Basis,5.892367
Learned,Learned Basis,4.5454683
Learned,Learned Basis,4.418776
Learned,Learned Basis,6.0320606
Learned,Learned Basis,4.1893167
Learned,Learned Basis,5.3108406
Learned,Learned Basis,5.2954693
Learned,Learned Basis,5.2482085
Learned,Learned Basis,5.871382
Learned,Learned Basis,6.563998
Learned,Learned Basis,5.181883
Learned,Learned Basis,5.019348
Learned,Learned Basis,5.147025
Learned,Learned Basis,4.373753
Learned,Learned Basis,4.537753
Learned,Learned Basis,4.4213333
Learned,Learned Basis,6.1923046
Learned,Learned Basis,5.1639028
Learned,Learned Basis,4.8048234
Learned,Learned Basis,5.6790633
Learned,Learned Basis,5.5115223
Learned,Learned Basis,5.461059
Learned,Learned Basis,4.423665
Learned,Learned Basis,4.801565
Learned,Learned Basis,5.4319067
Learned,Learned Basis,4.409484
Learned,Learned Basis,4.2773275
Learned,Learned Basis,5.509395
Learned,Learned Basis,5.486368
Learned,Learned Basis,5.464984
Learned,Learned Basis,5.815434
Learned,Learned Basis,5.9994984
Learned,Learned Basis,4.314563
Learned,Learned Basis,6.0744996
Learned,Learned Basis,6.3539944
Learned,Learned Basis,3.9184628
Learned,Learned Basis,5.6874657
Learned,Learned Basis,5.5805798
Learned,Learned Basis,5.0640764
Learned,Learned Basis,6.0251245
Learned,Learned Basis,5.2228928
Learned,Learned Basis,4.6181793
Learned,Learned Basis,5.720392
Learned,Learned Basis,4.962949
Learned,Learned Basis,6.3416567
Learned,Learned Basis,4.9807224
Learned,Learned Basis,5.2605085
Learned,Learned Basis,5.499785
Learned,Learned Basis,4.527664
Learned,Learned Basis,4.5187006
Learned,Learned Basis,5.404517
Learned,Learned Basis,4.5512476
Learned,Learned Basis,4.5520234
Learned,Learned Basis,4.9187465
Learned,Learned Basis,4.656262
Learned,Learned Basis,7.264365
Learned,Learned Basis,5.327415
Learned,Learned Basis,4.2439313
Learned,Learned Basis,4.5229964
Learned,Learned Basis,6.426329
Learned,Learned Basis,4.888664
Learned,Learned Basis,4.0988607
Learned,Learned Basis,6.3149643
Learned,Learned Basis,5.440421
Learned,Learned Basis,5.274209
Learned,Learned Basis,5.7325597
Learned,Learned Basis,5.7133107
Learned,Learned Basis,5.3240943
Learned,Learned Basis,4.550602
Learned,Learned Basis,5.461278
Learned,Learned Basis,5.858292
Learned,Learned Basis,5.3553286
Learned,Learned Basis,4.598922
Learned,Learned Basis,6.4681125
Learned,Learned Basis,5.0662446
Learned,Learned Basis,7.246092
Learned,Learned Basis,5.1884184
Learned,Learned Basis,3.6948977
Learned,Learned Basis,6.6897783
Learned,Learned Basis,5.529857
Learned,Learned Basis,6.698473
Learned,Learned Basis,6.2230687
Learned,Learned Basis,5.6351185
Learned,Learned Basis,6.3031178
Learned,Learned Basis,5.9776835
Learned,Learned Basis,5.245884
Learned,Learned Basis,5.351806
Learned,Learned Basis,6.4637604
Learned,Learned Basis,5.203118
Learned,Learned Basis,4.026271
Learned,Learned Basis,5.7210727
Learned,Learned Basis,5.1796446
Learned,Learned Basis,4.935006
Learned,Learned Basis,5.9257054
Learned,Learned Basis,5.2899003
Learned,Learned Basis,5.6554356
Learned,Learned Basis,5.074501
Learned,Learned Basis,5.1079206
Learned,Learned Basis,4.629134
Learned,Learned Basis,5.0431323
Learned,Learned Basis,5.6601434
Learned,Learned Basis,5.048201
Learned,Learned Basis,5.1465683
Learned,Learned Basis,6.081789
Learned,Learned Basis,6.080994
Learned,Learned Basis,5.9526024
Learned,Learned Basis,6.299185
Learned,Learned Basis,5.776868
Learned,Learned Basis,5.464512
Learned,Learned Basis,5.632185
Learned,Learned Basis,5.7927265
Learned,Learned Basis,5.597875
Learned,Learned Basis,5.431903
Learned,Learned Basis,5.7623954
Learned,Learned Basis,5.5753613
Learned,Learned Basis,5.109459
Learned,Learned Basis,4.783267
Learned,Learned Basis,4.9009476
Learned,Learned Basis,5.876197
Learned,Learned Basis,4.767471
Learned,Learned Basis,3.9153597
Learned,Learned Basis,5.280848
Learned,Learned Basis,6.496601
Learned,Learned Basis,4.8499517
Learned,Learned Basis,5.3661447
Learned,Learned Basis,3.7920942
Learned,Learned Basis,5.176553
Learned,Learned Basis,5.6774907
Learned,Learned Basis,4.605537
Learned,Learned Basis,5.1164865
Learned,Learned Basis,4.776507
Learned,Learned Basis,7.117489
Learned,Learned Basis,6.0894465
Learned,Learned Basis,5.6431828
Learned,Learned Basis,5.0629168
Learned,Learned Basis,5.5250053
Learned,Learned Basis,5.58199
Learned,Learned Basis,5.0989695
Learned,Learned Basis,7.268285
Learned,Learned Basis,5.2049274
Learned,Learned Basis,6.571583
Learned,Learned Basis,4.4022694
Learned,Learned Basis,5.1274586
Learned,Learned Basis,4.1085315
Learned,Learned Basis,4.967563
Learned,Learned Basis,6.6752853
Learned,Learned Basis,4.935259
Learned,Learned Basis,5.1729674
Learned,Learned Basis,4.6559863
Learned,Learned Basis,4.059935
Learned,Learned Basis,5.517473
Learned,Learned Basis,5.5503387
Learned,Learned Basis,6.379035
Learned,Learned Basis,5.912532
Learned,Learned Basis,5.9397693
Learned,Learned Basis,6.6870937
Learned,Learned Basis,6.1837034
Learned,Learned Basis,6.731838
Learned,Learned Basis,5.683483
Learned,Learned Basis,5.644155
Learned,Learned Basis,5.3940125
Learned,Learned Basis,5.683071
Learned,Learned Basis,6.9222717
Learned,Learned Basis,4.8033657
Learned,Learned Basis,5.427064
Learned,Learned Basis,6.4939694
Learned,Learned Basis,5.3402643
Learned,Learned Basis,6.7194157
Learned,Learned Basis,6.134618
Learned,Learned Basis,4.869751
Learned,Learned Basis,4.7156587
Learned,Learned Basis,6.4386945
Learned,Learned Basis,5.524022
Learned,Learned Basis,6.138689
Learned,Learned Basis,5.680355
Learned,Learned Basis,5.5507584
Learned,Learned Basis,4.667033
Learned,Learned Basis,3.892613
Learned,Learned Basis,6.920989
Learned,Learned Basis,5.105853
Learned,Learned Basis,4.0664096
Learned,Learned Basis,5.44251
Learned,Learned Basis,4.835882
Learned,Learned Basis,5.488959
Learned,Learned Basis,5.2820063
Learned,Learned Basis,5.154243
Learned,Learned Basis,5.8230953
Learned,Learned Basis,6.0925584
Learned,Learned Basis,5.6770277
Learned,Learned Basis,5.4139376
Learned,Learned Basis,4.8559375
Learned,Learned Basis,5.135583
Learned,Learned Basis,4.24574
Learned,Learned Basis,6.888069
Learned,Learned Basis,4.5334635
Learned,Learned Basis,4.2390394
Learned,Learned Basis,6.0093713
Learned,Learned Basis,6.377431
Learned,Learned Basis,4.349334
Learned,Learned Basis,6.3181014
Learned,Learned Basis,3.8649247
Learned,Learned Basis,6.237978
Learned,Learned Basis,5.0141163
Learned,Learned Basis,5.4855804
Learned,Learned Basis,4.25427
Learned,Learned Basis,6.0805626
Learned,Learned Basis,5.3215837
Learned,Learned Basis,5.7819514
Learned,Learned Basis,6.1096053
Learned,Learned Basis,4.6676307
Learned,Learned Basis,5.275791
Learned,Learned Basis,6.1330485
Learned,Learned Basis,4.381727
Learned,Learned Basis,5.4289713
Learned,Learned Basis,5.970519
Learned,Learned Basis,3.9360547
Learned,Learned Basis,5.45685
Learned,Learned Basis,5.378248
Learned,Learned Basis,4.398126
Learned,Learned Basis,5.080548
Learned,Learned Basis,6.6985006
Learned,Learned Basis,5.635997
Learned,Learned Basis,4.451671
Learned,Learned Basis,6.5089436
Learned,Learned Basis,5.004048
Learned,Learned Basis,5.8317986
Learned,Learned Basis,5.1149325
Learned,Learned Basis,4.2815866
Learned,Learned Basis,5.9559875
Learned,Learned Basis,5.642118
Learned,Learned Basis,4.965382
Learned,Learned Basis,3.8334181
Learned,Learned Basis,5.0646906
Learned,Learned Basis,6.158438
Learned,Learned Basis,5.2988057
Learned,Learned Basis,4.4731717
Learned,Learned Basis,6.3219795
Learned,Learned Basis,4.776687
Learned,Learned Basis,4.632797
Learned,Learned Basis,4.487922
Learned,Learned Basis,5.028524
Learned,Learned Basis,5.6162353
Learned,Learned Basis,5.2413993
Learned,Learned Basis,3.7256608
Learned,Learned Basis,4.1883497
Learned,Learned Basis,5.9044914
Learned,Learned Basis,5.425477
Learned,Learned Basis,6.6048098
Learned,Learned Basis,5.126612
Learned,Learned Basis,7.244981
Learned,Learned Basis,4.8420625
Learned,Learned Basis,5.3974895
Learned,Learned Basis,5.291762
Learned,Learned Basis,6.721469
Learned,Learned Basis,6.7639084
Learned,Learned Basis,4.804413
Learned,Learned Basis,4.7520237
Learned,Learned Basis,5.2395387
Learned,Learned Basis,5.637823
Learned,Learned Basis,5.8889775
Learned,Learned Basis,5.7107534
Learned,Learned Basis,5.653659
Learned,Learned Basis,5.818693
Learned,Learned Basis,4.9935164
Learned,Learned Basis,5.066099
Learned,Learned Basis,5.232196
Learned,Learned Basis,4.0535874
Learned,Learned Basis,4.643237
Learned,Learned Basis,5.822286
Learned,Learned Basis,5.5851927
Learned,Learned Basis,4.4221077
Learned,Learned Basis,6.2826653
Learned,Learned Basis,6.3591
Learned,Learned Basis,4.795954
Learned,Learned Basis,6.1835623
Learned,Learned Basis,5.5869856
Learned,Learned Basis,4.61016
Learned,Learned Basis,5.8248496
Learned,Learned Basis,6.1895313
Learned,Learned Basis,5.668906
Learned,Learned Basis,5.508601
Learned,Learned Basis,5.393872
Learned,Learned Basis,5.528249
Learned,Learned Basis,5.4074717
Learned,Learned Basis,5.1855555
Learned,Learned Basis,5.284829
Learned,Learned Basis,6.159076
Learned,Learned Basis,5.7466784
Learned,Learned Basis,7.421345
Learned,Learned Basis,5.214116
Learned,Learned Basis,5.8732233
Learned,Learned Basis,6.0622907
Learned,Learned Basis,4.6224594
Learned,Learned Basis,5.8160315
Learned,Learned Basis,4.470835
Learned,Learned Basis,5.9940977
Learned,Learned Basis,6.5599675
Learned,Learned Basis,4.2515936
Learned,Learned Basis,4.6181707
Learned,Learned Basis,4.931868
Learned,Learned Basis,4.6045675
Learned,Learned Basis,4.811487
Learned,Learned Basis,5.9426837
Learned,Learned Basis,4.6033325
Learned,Learned Basis,6.2581406
Learned,Learned Basis,5.987384
Learned,Learned Basis,5.896893
Learned,Learned Basis,5.4332204
Learned,Learned Basis,5.060032
Learned,Learned Basis,4.2079263
Learned,Learned Basis,7.19668
Learned,Learned Basis,4.640186
Learned,Learned Basis,5.5734053
Learned,Learned Basis,4.3973017
Learned,Learned Basis,4.8302503
Learned,Learned Basis,5.6168385
Learned,Learned Basis,5.284431
Learned,Learned Basis,5.4731083
Learned,Learned Basis,6.474772
Learned,Learned Basis,5.9941664
Learned,Learned Basis,5.5350494
Learned,Learned Basis,5.3399096
Learned,Learned Basis,4.987001
Learned,Learned Basis,4.8562317
Learned,Learned Basis,4.692031
Learned,Learned Basis,7.8797407
Learned,Learned Basis,4.3118773
Learned,Learned Basis,5.5299206
Learned,Learned Basis,6.8531823
Learned,Learned Basis,7.549629
Learned,Learned Basis,5.284439
Learned,Learned Basis,5.3915443
Learned,Learned Basis,5.385098
Learned,Learned Basis,4.8069234
Learned,Learned Basis,4.8699527
Learned,Learned Basis,3.7537777
Learned,Learned Basis,5.4217362
Learned,Learned Basis,5.9055347
Learned,Learned Basis,5.1124926
Learned,Learned Basis,4.4427805
Learned,Learned Basis,4.162696
Learned,Learned Basis,5.853318
Learned,Learned Basis,5.1937575
Learned,Learned Basis,4.9438715
Learned,Learned Basis,4.879513
Learned,Learned Basis,4.6681733
Learned,Learned Basis,4.569856
Learned,Learned Basis,4.224527
Learned,Learned Basis,4.6821527
Learned,Learned Basis,5.919446
Learned,Learned Basis,6.7022667
Learned,Learned Basis,4.920298
Learned,Learned Basis,4.182067
Learned,Learned Basis,4.6329956
Learned,Learned Basis,6.2464004
Learned,Learned Basis,6.0310526
Learned,Learned Basis,7.9108667
Learned,Learned Basis,5.5919247
Learned,Learned Basis,6.2972364
Learned,Learned Basis,5.286548
Learned,Learned Basis,5.007751
Learned,Learned Basis,4.6080284
Learned,Learned Basis,5.0777583
Learned,Learned Basis,7.1868186
Learned,Learned Basis,6.8147287
Learned,Learned Basis,4.959616
Learned,Learned Basis,5.6005564
Learned,Learned Basis,5.562019
Learned,Learned Basis,4.8894925
Learned,Learned Basis,5.2946978
Learned,Learned Basis,4.940552
Learned,Learned Basis,4.6894546
Learned,Learned Basis,5.4572635
Learned,Learned Basis,5.3342648
Learned,Learned Basis,5.2899113
Learned,Learned Basis,5.1954274
Learned,Learned Basis,5.3961763
Learned,Learned Basis,5.6346645
Learned,Learned Basis,5.4455714
Learned,Learned Basis,5.573639
Learned,Learned Basis,4.861627
Learned,Learned Basis,5.9920893
Learned,Learned Basis,5.774674
Learned,Learned Basis,5.367326
Learned,Learned Basis,4.1343255
Learned,Learned Basis,5.0077667
Learned,Learned Basis,5.500146
Learned,Learned Basis,5.873587
Learned,Learned Basis,5.166114
Learned,Learned Basis,5.6726723
Learned,Learned Basis,6.9791355
Learned,Learned Basis,6.040366
Learned,Learned Basis,7.084833
Learned,Learned Basis,5.702568
Learned,Learned Basis,5.4339075
Learned,Learned Basis,5.3970714
Learned,Learned Basis,4.200674
Learned,Learned Basis,4.717055
Learned,Learned Basis,4.606238
Learned,Learned Basis,4.4192104
Learned,Learned Basis,6.3685937
Learned,Learned Basis,4.439618
Learned,Learned Basis,6.781748
Learned,Learned Basis,4.377523
Learned,Learned Basis,4.431989
Learned,Learned Basis,5.1255236
Learned,Learned Basis,4.7048764
Learned,Learned Basis,6.101218
Learned,Learned Basis,7.603119
Learned,Learned Basis,5.707686
Learned,Learned Basis,4.7737484
Learned,Learned Basis,4.5929227
Learned,Learned Basis,5.675342
Learned,Learned Basis,6.1748767
Learned,Learned Basis,5.552662
Learned,Learned Basis,6.247319
Learned,Learned Basis,5.4391003
Learned,Learned Basis,5.1586204
Learned,Learned Basis,5.161486
Learned,Learned Basis,4.8047047
Learned,Learned Basis,4.8822107
Learned,Learned Basis,5.2436123
Learned,Learned Basis,4.471273
Learned,Learned Basis,4.362101
Learned,Learned Basis,5.222509
Learned,Learned Basis,5.933917
Learned,Learned Basis,5.3205495
Learned,Learned Basis,5.144425
Learned,Learned Basis,6.0710754
Learned,Learned Basis,4.7632866
Learned,Learned Basis,5.099758
Learned,Learned Basis,4.3514595
Learned,Learned Basis,4.909383
Learned,Learned Basis,5.419292
Learned,Learned Basis,5.1694574
Learned,Learned Basis,5.293293
Learned,Learned Basis,5.8821173
Learned,Learned Basis,6.9514155
Learned,Learned Basis,6.261836
Learned,Learned Basis,4.2123966
Learned,Learned Basis,6.3453717
Learned,Learned Basis,4.5763984
Learned,Learned Basis,5.3397703
Learned,Learned Basis,6.6549616
Learned,Learned Basis,5.384034
LearnedNonlinear,Learned + Nonlinear RX,5.211261
LearnedNonlinear,Learned + Nonlinear RX,6.025136
LearnedNonlinear,Learned + Nonlinear RX,4.9569116
LearnedNonlinear,Learned + Nonlinear RX,5.7233047
LearnedNonlinear,Learned + Nonlinear RX,6.0165544
LearnedNonlinear,Learned + Nonlinear RX,4.950493
LearnedNonlinear,Learned + Nonlinear RX,4.315365
LearnedNonlinear,Learned + Nonlinear RX,5.164111
LearnedNonlinear,Learned + Nonlinear RX,4.2439756
LearnedNonlinear,Learned + Nonlinear RX,3.995333
LearnedNonlinear,Learned + Nonlinear RX,4.5214434
LearnedNonlinear,Learned + Nonlinear RX,5.161396
LearnedNonlinear,Learned + Nonlinear RX,4.6504893
LearnedNonlinear,Learned + Nonlinear RX,4.377653
LearnedNonlinear,Learned + Nonlinear RX,5.6840477
LearnedNonlinear,Learned + Nonlinear RX,5.0521936
LearnedNonlinear,Learned + Nonlinear RX,4.9577246
LearnedNonlinear,Learned + Nonlinear RX,5.0844836
LearnedNonlinear,Learned + Nonlinear RX,4.8279533
LearnedNonlinear,Learned + Nonlinear RX,5.1645236
LearnedNonlinear,Learned + Nonlinear RX,5.358533
LearnedNonlinear,Learned + Nonlinear RX,5.709309
LearnedNonlinear,Learned + Nonlinear RX,5.9706826
LearnedNonlinear,Learned + Nonlinear RX,5.1057615
LearnedNonlinear,Learned + Nonlinear RX,3.8187244
LearnedNonlinear,Learned + Nonlinear RX,4.2976756
LearnedNonlinear,Learned + Nonlinear RX,5.0576067
LearnedNonlinear,Learned + Nonlinear RX,5.5959826
LearnedNonlinear,Learned + Nonlinear RX,4.2873983
LearnedNonlinear,Learned + Nonlinear RX,4.0109735
LearnedNonlinear,Learned + Nonlinear RX,5.678978
LearnedNonlinear,Learned + Nonlinear RX,4.1134796
LearnedNonlinear,Learned + Nonlinear RX,4.493543
LearnedNonlinear,Learned + Nonlinear RX,5.591173
LearnedNonlinear,Learned + Nonlinear RX,6.6536465
LearnedNonlinear,Learned + Nonlinear RX,5.1834116
LearnedNonlinear,Learned + Nonlinear RX,3.908699
LearnedNonlinear,Learned + Nonlinear RX,7.036647
LearnedNonlinear,Learned + Nonlinear RX,3.9979708
LearnedNonlinear,Learned + Nonlinear RX,5.235843
LearnedNonlinear,Learned + Nonlinear RX,6.352041
LearnedNonlinear,Learned + Nonlinear RX,5.0083447
LearnedNonlinear,Learned + Nonlinear RX,5.2104416
LearnedNonlinear,Learned + Nonlinear RX,5.042093
LearnedNonlinear,Learned + Nonlinear RX,4.2149096
LearnedNonlinear,Learned + Nonlinear RX,6.20367
LearnedNonlinear,Learned + Nonlinear RX,5.3801117
LearnedNonlinear,Learned + Nonlinear RX,4.713002
LearnedNonlinear,Learned + Nonlinear RX,5.811396
LearnedNonlinear,Learned + Nonlinear RX,5.3132873
LearnedNonlinear,Learned + Nonlinear RX,5.2398725
LearnedNonlinear,Learned + Nonlinear RX,4.8459225
LearnedNonlinear,Learned + Nonlinear RX,4.9761453
LearnedNonlinear,Learned + Nonlinear RX,5.046833
LearnedNonlinear,Learned + Nonlinear RX,4.018049
LearnedNonlinear,Learned + Nonlinear RX,5.2254124
LearnedNonlinear,Learned + Nonlinear RX,4.164183
LearnedNonlinear,Learned + Nonlinear RX,4.399273
LearnedNonlinear,Learned + Nonlinear RX,5.4475584
LearnedNonlinear,Learned + Nonlinear RX,5.0814085
LearnedNonlinear,Learned + Nonlinear RX,4.4154716
LearnedNonlinear,Learned + Nonlinear RX,7.3365726
LearnedNonlinear,Learned + Nonlinear RX,5.5697165
LearnedNonlinear,Learned + Nonlinear RX,5.1146393
LearnedNonlinear,Learned + Nonlinear RX,4.6273365
LearnedNonlinear,Learned + Nonlinear RX,6.289888
LearnedNonlinear,Learned + Nonlinear RX,4.8539104
LearnedNonlinear,Learned + Nonlinear RX,5.251024
LearnedNonlinear,Learned + Nonlinear RX,6.491498
LearnedNonlinear,Learned + Nonlinear RX,5.0509415
LearnedNonlinear,Learned + Nonlinear RX,4.008483
LearnedNonlinear,Learned + Nonlinear RX,5.678807
LearnedNonlinear,Learned + Nonlinear RX,5.450448
LearnedNonlinear,Learned + Nonlinear RX,5.3160357
LearnedNonlinear,Learned + Nonlinear RX,5.172127
LearnedNonlinear,Learned + Nonlinear RX,5.6581383
LearnedNonlinear,Learned + Nonlinear RX,5.069821
LearnedNonlinear,Learned + Nonlinear RX,5.319871
LearnedNonlinear,Learned + Nonlinear RX,5.1530247
LearnedNonlinear,Learned + Nonlinear RX,5.8234067
LearnedNonlinear,Learned + Nonlinear RX,4.301283
LearnedNonlinear,Learned + Nonlinear RX,5.683375
LearnedNonlinear,Learned + Nonlinear RX,4.531674
LearnedNonlinear,Learned + Nonlinear RX,5.757267
LearnedNonlinear,Learned + Nonlinear RX,4.9856763
LearnedNonlinear,Learned + Nonlinear RX,4.86508
LearnedNonlinear,Learned + Nonlinear RX,4.3615746
LearnedNonlinear,Learned + Nonlinear RX,4.8406286
LearnedNonlinear,Learned + Nonlinear RX,5.6191564
LearnedNonlinear,Learned + Nonlinear RX,4.8181634
LearnedNonlinear,Learned + Nonlinear RX,5.849604
LearnedNonlinear,Learned + Nonlinear RX,4.17075
LearnedNonlinear,Learned + Nonlinear RX,4.9293475
LearnedNonlinear,Learned + Nonlinear RX,6.35347
LearnedNonlinear,Learned + Nonlinear RX,5.147512
LearnedNonlinear,Learned + Nonlinear RX,6.197887
LearnedNonlinear,Learned + Nonlinear RX,4.1266766
LearnedNonlinear,Learned + Nonlinear RX,7.086618
LearnedNonlinear,Learned + Nonlinear RX,5.1625776
LearnedNonlinear,Learned + Nonlinear RX,5.449196
LearnedNonlinear,Learned + Nonlinear RX,4.2899957
LearnedNonlinear,Learned + Nonlinear RX,6.9046884
LearnedNonlinear,Learned + Nonlinear RX,6.6185055
LearnedNonlinear,Learned + Nonlinear RX,4.1741595
LearnedNonlinear,Learned + Nonlinear RX,4.6643047
LearnedNonlinear,Learned + Nonlinear RX,4.095425
LearnedNonlinear,Learned + Nonlinear RX,5.128488
LearnedNonlinear,Learned + Nonlinear RX,5.6146502
LearnedNonlinear,Learned + Nonlinear RX,4.4722233
LearnedNonlinear,Learned + Nonlinear RX,5.2727675
LearnedNonlinear,Learned + Nonlinear RX,4.8730288
LearnedNonlinear,Learned + Nonlinear RX,5.569718
LearnedNonlinear,Learned + Nonlinear RX,6.671291
LearnedNonlinear,Learned + Nonlinear RX,5.7574964
LearnedNonlinear,Learned + Nonlinear RX,5.8238916
LearnedNonlinear,Learned + Nonlinear RX,4.6136575
LearnedNonlinear,Learned + Nonlinear RX,5.824489
LearnedNonlinear,Learned + Nonlinear RX,6.2607174
LearnedNonlinear,Learned + Nonlinear RX,5.151422
LearnedNonlinear,Learned + Nonlinear RX,4.8022614
LearnedNonlinear,Learned + Nonlinear RX,6.187132
LearnedNonlinear,Learned + Nonlinear RX,6.547794
LearnedNonlinear,Learned + Nonlinear RX,4.8569646
LearnedNonlinear,Learned + Nonlinear RX,5.3308563
LearnedNonlinear,Learned + Nonlinear RX,4.1493206
LearnedNonlinear,Learned + Nonlinear RX,5.459056
LearnedNonlinear,Learned + Nonlinear RX,5.4666376
LearnedNonlinear,Learned + Nonlinear RX,5.8089514
LearnedNonlinear,Learned + Nonlinear RX,6.2446303
LearnedNonlinear,Learned + Nonlinear RX,4.993247
LearnedNonlinear,Learned + Nonlinear RX,5.8286095
LearnedNonlinear,Learned + Nonlinear RX,4.618216
LearnedNonlinear,Learned + Nonlinear RX,5.1200843
LearnedNonlinear,Learned + Nonlinear RX,4.918311
LearnedNonlinear,Learned + Nonlinear RX,6.1266346
LearnedNonlinear,Learned + Nonlinear RX,5.3257113
LearnedNonlinear,Learned + Nonlinear RX,5.0273423
LearnedNonlinear,Learned + Nonlinear RX,6.000364
LearnedNonlinear,Learned + Nonlinear RX,5.580876
LearnedNonlinear,Learned + Nonlinear RX,6.839611
LearnedNonlinear,Learned + Nonlinear RX,6.3749704
LearnedNonlinear,Learned + Nonlinear RX,6.153627
LearnedNonlinear,Learned + Nonlinear RX,5.2260513
LearnedNonlinear,Learned + Nonlinear RX,4.1689243
LearnedNonlinear,Learned + Nonlinear RX,5.5037255
LearnedNonlinear,Learned + Nonlinear RX,5.218305
LearnedNonlinear,Learned + Nonlinear RX,4.8682547
LearnedNonlinear,Learned + Nonlinear RX,6.4298687
LearnedNonlinear,Learned + Nonlinear RX,5.1686916
LearnedNonlinear,Learned + Nonlinear RX,4.712655
LearnedNonlinear,Learned + Nonlinear RX,4.8482747
LearnedNonlinear,Learned + Nonlinear RX,5.143013
LearnedNonlinear,Learned + Nonlinear RX,4.8252606
LearnedNonlinear,Learned + Nonlinear RX,5.9180355
LearnedNonlinear,Learned + Nonlinear RX,5.468171
LearnedNonlinear,Learned + Nonlinear RX,4.815032
LearnedNonlinear,Learned + Nonlinear RX,5.833152
LearnedNonlinear,Learned + Nonlinear RX,5.774227
LearnedNonlinear,Learned + Nonlinear RX,6.6939287
LearnedNonlinear,Learned + Nonlinear RX,6.4257317
LearnedNonlinear,Learned + Nonlinear RX,4.721396
LearnedNonlinear,Learned + Nonlinear RX,5.6279273
LearnedNonlinear,Learned + Nonlinear RX,4.89656
LearnedNonlinear,Learned + Nonlinear RX,4.990176
LearnedNonlinear,Learned + Nonlinear RX,6.115832
LearnedNonlinear,Learned + Nonlinear RX,5.3801637
LearnedNonlinear,Learned + Nonlinear RX,5.232086
LearnedNonlinear,Learned + Nonlinear RX,5.764708
LearnedNonlinear,Learned + Nonlinear RX,5.869243
LearnedNonlinear,Learned + Nonlinear RX,3.8919737
LearnedNonlinear,Learned + Nonlinear RX,4.8667045
LearnedNonlinear,Learned + Nonlinear RX,5.2607937
LearnedNonlinear,Learned + Nonlinear RX,5.2757235
LearnedNonlinear,Learned + Nonlinear RX,5.5455713
LearnedNonlinear,Learned + Nonlinear RX,4.8706074
LearnedNonlinear,Learned + Nonlinear RX,5.5209637
LearnedNonlinear,Learned + Nonlinear RX,6.272798
LearnedNonlinear,Learned + Nonlinear RX,5.974784
LearnedNonlinear,Learned + Nonlinear RX,5.5556035
LearnedNonlinear,Learned + Nonlinear RX,6.0195804
LearnedNonlinear,Learned + Nonlinear RX,5.7879467
LearnedNonlinear,Learned + Nonlinear RX,5.2445602
LearnedNonlinear,Learned + Nonlinear RX,4.8829327
LearnedNonlinear,Learned + Nonlinear RX,5.6635094
LearnedNonlinear,Learned + Nonlinear RX,5.5575447
LearnedNonlinear,Learned + Nonlinear RX,6.6203766
LearnedNonlinear,Learned + Nonlinear RX,5.2034845
LearnedNonlinear,Learned + Nonlinear RX,5.5822573
LearnedNonlinear,Learned + Nonlinear RX,5.111298
LearnedNonlinear,Learned + Nonlinear RX,3.3851767
LearnedNonlinear,Learned + Nonlinear RX,5.643985
LearnedNonlinear,Learned + Nonlinear RX,4.8236237
LearnedNonlinear,Learned + Nonlinear RX,4.6376476
LearnedNonlinear,Learned + Nonlinear RX,4.3242474
LearnedNonlinear,Learned + Nonlinear RX,4.0617633
LearnedNonlinear,Learned + Nonlinear RX,5.4527736
LearnedNonlinear,Learned + Nonlinear RX,4.7632675
LearnedNonlinear,Learned + Nonlinear RX,4.5029864
LearnedNonlinear,Learned + Nonlinear RX,5.7516356
LearnedNonlinear,Learned + Nonlinear RX,4.990243
LearnedNonlinear,Learned + Nonlinear RX,4.9560223
LearnedNonlinear,Learned + Nonlinear RX,5.6503205
LearnedNonlinear,Learned + Nonlinear RX,5.37356
LearnedNonlinear,Learned + Nonlinear RX,7.120963
LearnedNonlinear,Learned + Nonlinear RX,4.5380526
LearnedNonlinear,Learned + Nonlinear RX,4.832088
LearnedNonlinear,Learned + Nonlinear RX,5.06604
LearnedNonlinear,Learned + Nonlinear RX,4.3103423
LearnedNonlinear,Learned + Nonlinear RX,5.625967
LearnedNonlinear,Learned + Nonlinear RX,5.876901
LearnedNonlinear,Learned + Nonlinear RX,5.4525
LearnedNonlinear,Learned + Nonlinear RX,6.075296
LearnedNonlinear,Learned + Nonlinear RX,4.80362
LearnedNonlinear,Learned + Nonlinear RX,4.611526
LearnedNonlinear,Learned + Nonlinear RX,5.5847335
LearnedNonlinear,Learned + Nonlinear RX,6.036214
LearnedNonlinear,Learned + Nonlinear RX,5.738557
LearnedNonlinear,Learned + Nonlinear RX,4.7346954
LearnedNonlinear,Learned + Nonlinear RX,4.9927597
LearnedNonlinear,Learned + Nonlinear RX,5.375746
LearnedNonlinear,Learned + Nonlinear RX,4.295831
LearnedNonlinear,Learned + Nonlinear RX,6.6049185
LearnedNonlinear,Learned + Nonlinear RX,5.6668243
LearnedNonlinear,Learned + Nonlinear RX,6.344364
LearnedNonlinear,Learned + Nonlinear RX,5.7189007
LearnedNonlinear,Learned + Nonlinear RX,5.4846835
LearnedNonlinear,Learned + Nonlinear RX,3.8840275
LearnedNonlinear,Learned + Nonlinear RX,4.207676
LearnedNonlinear,Learned + Nonlinear RX,5.6708093
LearnedNonlinear,Learned + Nonlinear RX,6.937139
LearnedNonlinear,Learned + Nonlinear RX,4.9855833
LearnedNonlinear,Learned + Nonlinear RX,4.582668
LearnedNonlinear,Learned + Nonlinear RX,4.5319014
LearnedNonlinear,Learned + Nonlinear RX,5.2439833
LearnedNonlinear,Learned + Nonlinear RX,7.349456
LearnedNonlinear,Learned + Nonlinear RX,5.8497424
LearnedNonlinear,Learned + Nonlinear RX,6.120351
LearnedNonlinear,Learned + Nonlinear RX,4.6600056
LearnedNonlinear,Learned + Nonlinear RX,4.8692183
LearnedNonlinear,Learned + Nonlinear RX,5.8630824
LearnedNonlinear,Learned + Nonlinear RX,7.0918055
LearnedNonlinear,Learned + Nonlinear RX,6.120055
LearnedNonlinear,Learned + Nonlinear RX,5.237494
LearnedNonlinear,Learned + Nonlinear RX,5.6186857
LearnedNonlinear,Learned + Nonlinear RX,4.3945165
LearnedNonlinear,Learned + Nonlinear RX,6.333729
LearnedNonlinear,Learned + Nonlinear RX,6.1445236
LearnedNonlinear,Learned + Nonlinear RX,5.5772867
LearnedNonlinear,Learned + Nonlinear RX,6.685514
LearnedNonlinear,Learned + Nonlinear RX,6.367115
LearnedNonlinear,Learned + Nonlinear RX,7.324644
LearnedNonlinear,Learned + Nonlinear RX,5.6975455
LearnedNonlinear,Learned + Nonlinear RX,5.76828
LearnedNonlinear,Learned + Nonlinear RX,5.3391314
LearnedNonlinear,Learned + Nonlinear RX,6.1076784
LearnedNonlinear,Learned + Nonlinear RX,6.122777
LearnedNonlinear,Learned + Nonlinear RX,5.484562
LearnedNonlinear,Learned + Nonlinear RX,5.2620087
LearnedNonlinear,Learned + Nonlinear RX,4.9009185
LearnedNonlinear,Learned + Nonlinear RX,4.685787
LearnedNonlinear,Learned + Nonlinear RX,6.3618345
LearnedNonlinear,Learned + Nonlinear RX,6.4013953
LearnedNonlinear,Learned + Nonlinear RX,5.583892
LearnedNonlinear,Learned + Nonlinear RX,4.6754737
LearnedNonlinear,Learned + Nonlinear RX,3.591804
LearnedNonlinear,Learned + Nonlinear RX,5.1649103
LearnedNonlinear,Learned + Nonlinear RX,5.815962
LearnedNonlinear,Learned + Nonlinear RX,5.611296
LearnedNonlinear,Learned + Nonlinear RX,5.647325
LearnedNonlinear,Learned + Nonlinear RX,5.4520755
LearnedNonlinear,Learned + Nonlinear RX,5.368656
LearnedNonlinear,Learned + Nonlinear RX,5.386617
LearnedNonlinear,Learned + Nonlinear RX,6.1697054
LearnedNonlinear,Learned + Nonlinear RX,5.746305
LearnedNonlinear,Learned + Nonlinear RX,6.463751
LearnedNonlinear,Learned + Nonlinear RX,6.086275
LearnedNonlinear,Learned + Nonlinear RX,4.664578
LearnedNonlinear,Learned + Nonlinear RX,5.071676
LearnedNonlinear,Learned + Nonlinear RX,5.148253
LearnedNonlinear,Learned + Nonlinear RX,5.668134
LearnedNonlinear,Learned + Nonlinear RX,5.5050797
LearnedNonlinear,Learned + Nonlinear RX,5.241792
LearnedNonlinear,Learned + Nonlinear RX,4.8003488
LearnedNonlinear,Learned + Nonlinear RX,5.018361
LearnedNonlinear,Learned + Nonlinear RX,5.2033973
LearnedNonlinear,Learned + Nonlinear RX,5.3771873
LearnedNonlinear,Learned + Nonlinear RX,6.3841095
LearnedNonlinear,Learned + Nonlinear RX,6.299011
LearnedNonlinear,Learned + Nonlinear RX,5.434888
LearnedNonlinear,Learned + Nonlinear RX,5.1330786
LearnedNonlinear,Learned + Nonlinear RX,6.889071
LearnedNonlinear,Learned + Nonlinear RX,5.537696
LearnedNonlinear,Learned + Nonlinear RX,4.6924596
LearnedNonlinear,Learned + Nonlinear RX,4.1837854
LearnedNonlinear,Learned + Nonlinear RX,4.5777893
LearnedNonlinear,Learned + Nonlinear RX,4.8306293
LearnedNonlinear,Learned + Nonlinear RX,5.9080734
LearnedNonlinear,Learned + Nonlinear RX,6.1953173
LearnedNonlinear,Learned + Nonlinear RX,4.5083437
LearnedNonlinear,Learned + Nonlinear RX,4.959425
LearnedNonlinear,Learned + Nonlinear RX,6.0344453
LearnedNonlinear,Learned + Nonlinear RX,5.123233
LearnedNonlinear,Learned + Nonlinear RX,5.1888227
LearnedNonlinear,Learned + Nonlinear RX,6.917948
LearnedNonlinear,Learned + Nonlinear RX,5.0366926
LearnedNonlinear,Learned + Nonlinear RX,6.585839
LearnedNonlinear,Learned + Nonlinear RX,5.877316
LearnedNonlinear,Learned + Nonlinear RX,6.4526396
LearnedNonlinear,Learned + Nonlinear RX,5.488632
LearnedNonlinear,Learned + Nonlinear RX,6.128929
LearnedNonlinear,Learned + Nonlinear RX,4.585341
LearnedNonlinear,Learned + Nonlinear RX,4.4598494
LearnedNonlinear,Learned + Nonlinear RX,5.2083054
LearnedNonlinear,Learned + Nonlinear RX,5.584646
LearnedNonlinear,Learned + Nonlinear RX,4.9845767
LearnedNonlinear,Learned + Nonlinear RX,5.322762
LearnedNonlinear,Learned + Nonlinear RX,4.637419
LearnedNonlinear,Learned + Nonlinear RX,5.5612144
LearnedNonlinear,Learned + Nonlinear RX,4.9027276
LearnedNonlinear,Learned + Nonlinear RX,8.512657
LearnedNonlinear,Learned + Nonlinear RX,3.3767095
LearnedNonlinear,Learned + Nonlinear RX,5.8622437
LearnedNonlinear,Learned + Nonlinear RX,5.4383616
LearnedNonlinear,Learned + Nonlinear RX,5.4132233
LearnedNonlinear,Learned + Nonlinear RX,6.7734976
LearnedNonlinear,Learned + Nonlinear RX,5.3523517
LearnedNonlinear,Learned + Nonlinear RX,4.471816
LearnedNonlinear,Learned + Nonlinear RX,5.3543196
LearnedNonlinear,Learned + Nonlinear RX,5.48285
LearnedNonlinear,Learned + Nonlinear RX,4.5770254
LearnedNonlinear,Learned + Nonlinear RX,4.9718566
LearnedNonlinear,Learned + Nonlinear RX,4.325846
LearnedNonlinear,Learned + Nonlinear RX,6.7610016
LearnedNonlinear,Learned + Nonlinear RX,5.5486894
LearnedNonlinear,Learned + Nonlinear RX,4.138086
LearnedNonlinear,Learned + Nonlinear RX,5.278445
LearnedNonlinear,Learned + Nonlinear RX,4.6628876
LearnedNonlinear,Learned + Nonlinear RX,5.765619
LearnedNonlinear,Learned + Nonlinear RX,4.677961
LearnedNonlinear,Learned + Nonlinear RX,4.322322
LearnedNonlinear,Learned + Nonlinear RX,5.956272
LearnedNonlinear,Learned + Nonlinear RX,4.3544636
LearnedNonlinear,Learned + Nonlinear RX,5.7264605
LearnedNonlinear,Learned + Nonlinear RX,4.824552
LearnedNonlinear,Learned + Nonlinear RX,4.883982
LearnedNonlinear,Learned + Nonlinear RX,4.521704
LearnedNonlinear,Learned + Nonlinear RX,4.88678
LearnedNonlinear,Learned + Nonlinear RX,5.4611444
LearnedNonlinear,Learned + Nonlinear RX,6.048556
LearnedNonlinear,Learned + Nonlinear RX,5.681486
LearnedNonlinear,Learned + Nonlinear RX,5.1142597
LearnedNonlinear,Learned + Nonlinear RX,6.700516
LearnedNonlinear,Learned + Nonlinear RX,5.0713606
LearnedNonlinear,Learned + Nonlinear RX,7.84793
LearnedNonlinear,Learned + Nonlinear RX,5.3362665
LearnedNonlinear,Learned + Nonlinear RX,4.949244
LearnedNonlinear,Learned + Nonlinear RX,5.1514826
LearnedNonlinear,Learned + Nonlinear RX,3.821988
LearnedNonlinear,Learned + Nonlinear RX,5.057759
LearnedNonlinear,Learned + Nonlinear RX,6.8414717
LearnedNonlinear,Learned + Nonlinear RX,4.5148187
LearnedNonlinear,Learned + Nonlinear RX,5.1806526
LearnedNonlinear,Learned + Nonlinear RX,5.149849
LearnedNonlinear,Learned + Nonlinear RX,6.1916513
LearnedNonlinear,Learned + Nonlinear RX,4.3635507
LearnedNonlinear,Learned + Nonlinear RX,4.743874
LearnedNonlinear,Learned + Nonlinear RX,4.9049544
LearnedNonlinear,Learned + Nonlinear RX,3.9020085
LearnedNonlinear,Learned + Nonlinear RX,3.4609451
LearnedNonlinear,Learned + Nonlinear RX,4.525045
LearnedNonlinear,Learned + Nonlinear RX,4.0885816
LearnedNonlinear,Learned + Nonlinear RX,6.108103
LearnedNonlinear,Learned + Nonlinear RX,5.0175343
LearnedNonlinear,Learned + Nonlinear RX,6.9761662
LearnedNonlinear,Learned + Nonlinear RX,4.137225
LearnedNonlinear,Learned + Nonlinear RX,4.7886667
LearnedNonlinear,Learned + Nonlinear RX,4.284685
LearnedNonlinear,Learned + Nonlinear RX,5.3760185
LearnedNonlinear,Learned + Nonlinear RX,5.0345545
LearnedNonlinear,Learned + Nonlinear RX,4.7388787
LearnedNonlinear,Learned + Nonlinear RX,4.709838
LearnedNonlinear,Learned + Nonlinear RX,4.6003137
LearnedNonlinear,Learned + Nonlinear RX,6.4575915
LearnedNonlinear,Learned + Nonlinear RX,6.471035
LearnedNonlinear,Learned + Nonlinear RX,3.7224028
LearnedNonlinear,Learned + Nonlinear RX,5.0002556
LearnedNonlinear,Learned + Nonlinear RX,4.1169653
LearnedNonlinear,Learned + Nonlinear RX,4.406021
LearnedNonlinear,Learned + Nonlinear RX,6.4546304
LearnedNonlinear,Learned + Nonlinear RX,6.102932
LearnedNonlinear,Learned + Nonlinear RX,5.797229
LearnedNonlinear,Learned + Nonlinear RX,4.2778215
LearnedNonlinear,Learned + Nonlinear RX,4.649137
LearnedNonlinear,Learned + Nonlinear RX,4.638418
LearnedNonlinear,Learned + Nonlinear RX,7.8116026
LearnedNonlinear,Learned + Nonlinear RX,6.5520854
LearnedNonlinear,Learned + Nonlinear RX,5.1812243
LearnedNonlinear,Learned + Nonlinear RX,6.651351
LearnedNonlinear,Learned + Nonlinear RX,3.849623
LearnedNonlinear,Learned + Nonlinear RX,6.804564
LearnedNonlinear,Learned + Nonlinear RX,5.3357034
LearnedNonlinear,Learned + Nonlinear RX,5.760531
LearnedNonlinear,Learned + Nonlinear RX,4.833759
LearnedNonlinear,Learned + Nonlinear RX,5.8354626
LearnedNonlinear,Learned + Nonlinear RX,5.2626557
LearnedNonlinear,Learned + Nonlinear RX,6.949413
LearnedNonlinear,Learned + Nonlinear RX,6.4551287
LearnedNonlinear,Learned + Nonlinear RX,5.4115243
LearnedNonlinear,Learned + Nonlinear RX,4.639041
LearnedNonlinear,Learned + Nonlinear RX,5.487007
LearnedNonlinear,Learned + Nonlinear RX,6.782754
LearnedNonlinear,Learned + Nonlinear RX,6.637905
LearnedNonlinear,Learned + Nonlinear RX,4.90451
LearnedNonlinear,Learned + Nonlinear RX,5.174027
LearnedNonlinear,Learned + Nonlinear RX,4.9425535
LearnedNonlinear,Learned + Nonlinear RX,6.873542
LearnedNonlinear,Learned + Nonlinear RX,5.238132
LearnedNonlinear,Learned + Nonlinear RX,4.793858
LearnedNonlinear,Learned + Nonlinear RX,4.7092505
LearnedNonlinear,Learned + Nonlinear RX,6.614304
LearnedNonlinear,Learned + Nonlinear RX,5.423646
LearnedNonlinear,Learned + Nonlinear RX,5.4691887
LearnedNonlinear,Learned + Nonlinear RX,6.6401205
LearnedNonlinear,Learned + Nonlinear RX,6.2515764
LearnedNonlinear,Learned + Nonlinear RX,5.623545
LearnedNonlinear,Learned + Nonlinear RX,5.7650332
LearnedNonlinear,Learned + Nonlinear RX,7.2153435
LearnedNonlinear,Learned + Nonlinear RX,5.075543
LearnedNonlinear,Learned + Nonlinear RX,5.2229686
LearnedNonlinear,Learned + Nonlinear RX,6.908383
LearnedNonlinear,Learned + Nonlinear RX,5.4407663
LearnedNonlinear,Learned + Nonlinear RX,6.594013
LearnedNonlinear,Learned + Nonlinear RX,4.347352
LearnedNonlinear,Learned + Nonlinear RX,4.5566235
LearnedNonlinear,Learned + Nonlinear RX,5.917189
LearnedNonlinear,Learned + Nonlinear RX,4.696422
LearnedNonlinear,Learned + Nonlinear RX,5.161354
LearnedNonlinear,Learned + Nonlinear RX,5.102558
LearnedNonlinear,Learned + Nonlinear RX,5.5565305
LearnedNonlinear,Learned + Nonlinear RX,5.4863873
LearnedNonlinear,Learned + Nonlinear RX,6.414813
LearnedNonlinear,Learned + Nonlinear RX,4.8293023
LearnedNonlinear,Learned + Nonlinear RX,6.163016
LearnedNonlinear,Learned + Nonlinear RX,4.3326807
LearnedNonlinear,Learned + Nonlinear RX,3.879097
LearnedNonlinear,Learned + Nonlinear RX,5.235423
LearnedNonlinear,Learned + Nonlinear RX,6.3329864
LearnedNonlinear,Learned + Nonlinear RX,6.2125564
LearnedNonlinear,Learned + Nonlinear RX,4.3168216
LearnedNonlinear,Learned + Nonlinear RX,5.2872295
LearnedNonlinear,Learned + Nonlinear RX,4.5974064
LearnedNonlinear,Learned + Nonlinear RX,4.2246456
LearnedNonlinear,Learned + Nonlinear RX,4.7722087
LearnedNonlinear,Learned + Nonlinear RX,4.6699953
LearnedNonlinear,Learned + Nonlinear RX,4.844678
LearnedNonlinear,Learned + Nonlinear RX,4.9565096
LearnedNonlinear,Learned + Nonlinear RX,5.951206
LearnedNonlinear,Learned + Nonlinear RX,5.7271457
LearnedNonlinear,Learned + Nonlinear RX,5.8301644
LearnedNonlinear,Learned + Nonlinear RX,6.2395315
LearnedNonlinear,Learned + Nonlinear RX,5.359067
LearnedNonlinear,Learned + Nonlinear RX,4.560905
LearnedNonlinear,Learned + Nonlinear RX,5.9898233
LearnedNonlinear,Learned + Nonlinear RX,6.310411
LearnedNonlinear,Learned + Nonlinear RX,4.8823223
LearnedNonlinear,Learned + Nonlinear RX,5.8090496
LearnedNonlinear,Learned + Nonlinear RX,7.308479
LearnedNonlinear,Learned + Nonlinear RX,5.954541
LearnedNonlinear,Learned + Nonlinear RX,6.44182
LearnedNonlinear,Learned + Nonlinear RX,4.5803394
LearnedNonlinear,Learned + Nonlinear RX,4.8522716
LearnedNonlinear,Learned + Nonlinear RX,4.849037
LearnedNonlinear,Learned + Nonlinear RX,4.4136553
LearnedNonlinear,Learned + Nonlinear RX,6.2465706
LearnedNonlinear,Learned + Nonlinear RX,5.076503
LearnedNonlinear,Learned + Nonlinear RX,4.245264
LearnedNonlinear,Learned + Nonlinear RX,4.4077086
LearnedNonlinear,Learned + Nonlinear RX,4.271639
LearnedNonlinear,Learned + Nonlinear RX,5.8035116
LearnedNonlinear,Learned + Nonlinear RX,5.3419113
LearnedNonlinear,Learned + Nonlinear RX,5.5367355
LearnedNonlinear,Learned + Nonlinear RX,4.6175995
LearnedNonlinear,Learned + Nonlinear RX,6.014145
LearnedNonlinear,Learned + Nonlinear RX,5.5654993
LearnedNonlinear,Learned + Nonlinear RX,5.635005
LearnedNonlinear,Learned + Nonlinear RX,7.523269
LearnedNonlinear,Learned + Nonlinear RX,4.048246
LearnedNonlinear,Learned + Nonlinear RX,4.703734
LearnedNonlinear,Learned + Nonlinear RX,5.977852
LearnedNonlinear,Learned + Nonlinear RX,4.824297
LearnedNonlinear,Learned + Nonlinear RX,5.870475
LearnedNonlinear,Learned + Nonlinear RX,4.4680114
LearnedNonlinear,Learned + Nonlinear RX,5.675462
LearnedNonlinear,Learned + Nonlinear RX,5.3412876
LearnedNonlinear,Learned + Nonlinear RX,5.8144445
LearnedNonlinear,Learned + Nonlinear RX,5.4171267
LearnedNonlinear,Learned + Nonlinear RX,5.4258223
LearnedNonlinear,Learned + Nonlinear RX,5.106881
LearnedNonlinear,Learned + Nonlinear RX,6.125471
LearnedNonlinear,Learned + Nonlinear RX,4.6098824
LearnedNonlinear,Learned + Nonlinear RX,4.6915903
LearnedNonlinear,Learned + Nonlinear RX,5.629111
LearnedNonlinear,Learned + Nonlinear RX,6.7357035
LearnedNonlinear,Learned + Nonlinear RX,5.1267796
LearnedNonlinear,Learned + Nonlinear RX,6.2129774
LearnedNonlinear,Learned + Nonlinear RX,5.578521
LearnedNonlinear,Learned + Nonlinear RX,5.3889894
LearnedNonlinear,Learned + Nonlinear RX,5.9393272
LearnedNonlinear,Learned + Nonlinear RX,6.175557
LearnedNonlinear,Learned + Nonlinear RX,7.189665
LearnedNonlinear,Learned + Nonlinear RX,7.3233943
LearnedNonlinear,Learned + Nonlinear RX,6.850686
LearnedNonlinear,Learned + Nonlinear RX,4.360638
LearnedNonlinear,Learned + Nonlinear RX,4.5933514
LearnedNonlinear,Learned + Nonlinear RX,5.225788
LearnedNonlinear,Learned + Nonlinear RX,6.422939
LearnedNonlinear,Learned + Nonlinear RX,6.090364
LearnedNonlinear,Learned + Nonlinear RX,5.697298
LearnedNonlinear,Learned + Nonlinear RX,6.9653263
LearnedNonlinear,Learned + Nonlinear RX,6.249511
LearnedNonlinear,Learned + Nonlinear RX,6.8788176
LearnedNonlinear,Learned + Nonlinear RX,5.5512877
LearnedNonlinear,Learned + Nonlinear RX,6.956287
LearnedNonlinear,Learned + Nonlinear RX,7.199516
LearnedNonlinear,Learned + Nonlinear RX,4.3476324
LearnedNonlinear,Learned + Nonlinear RX,5.620638
LearnedNonlinear,Learned + Nonlinear RX,4.3017297
LearnedNonlinear,Learned + Nonlinear RX,5.261985
LearnedNonlinear,Learned + Nonlinear RX,5.9683676
LearnedNonlinear,Learned + Nonlinear RX,6.423058
LearnedNonlinear,Learned + Nonlinear RX,5.4120646
LearnedNonlinear,Learned + Nonlinear RX,4.0555186
LearnedNonlinear,Learned + Nonlinear RX,5.110265
LearnedNonlinear,Learned + Nonlinear RX,6.338814
LearnedNonlinear,Learned + Nonlinear RX,5.675604
LearnedNonlinear,Learned + Nonlinear RX,6.010986
LearnedNonlinear,Learned + Nonlinear RX,6.47088
LearnedNonlinear,Learned + Nonlinear RX,4.9075847
LearnedNonlinear,Learned + Nonlinear RX,5.485704
LearnedNonlinear,Learned + Nonlinear RX,4.063081
LearnedNonlinear,Learned + Nonlinear RX,5.340967
LearnedNonlinear,Learned + Nonlinear RX,4.158394
LearnedNonlinear,Learned + Nonlinear RX,5.1727715
LearnedNonlinear,Learned + Nonlinear RX,4.3664985
LearnedNonlinear,Learned + Nonlinear RX,5.138341
LearnedNonlinear,Learned + Nonlinear RX,4.928663
LearnedNonlinear,Learned + Nonlinear RX,4.1611342
LearnedNonlinear,Learned + Nonlinear RX,5.815446
LearnedNonlinear,Learned + Nonlinear RX,4.942025
LearnedNonlinear,Learned + Nonlinear RX,4.932843
LearnedNonlinear,Learned + Nonlinear RX,4.4886293
LearnedNonlinear,Learned + Nonlinear RX,5.4067554
LearnedNonlinear,Learned + Nonlinear RX,5.4050407
LearnedNonlinear,Learned + Nonlinear RX,6.089885
LearnedNonlinear,Learned + Nonlinear RX,5.113774
LearnedNonlinear,Learned + Nonlinear RX,5.134796
LearnedNonlinear,Learned + Nonlinear RX,4.513378
LearnedNonlinear,Learned + Nonlinear RX,5.5634594
LearnedNonlinear,Learned + Nonlinear RX,4.6774874
LearnedNonlinear,Learned + Nonlinear RX,4.2516437
LearnedNonlinear,Learned + Nonlinear RX,4.9812613
LearnedNonlinear,Learned + Nonlinear RX,4.430632
LearnedNonlinear,Learned + Nonlinear RX,5.9653544
LearnedNonlinear,Learned + Nonlinear RX,4.54998
LearnedNonlinear,Learned + Nonlinear RX,5.295659
LearnedNonlinear,Learned + Nonlinear RX,5.738224
LearnedNonlinear,Learned + Nonlinear RX,6.8550653
LearnedNonlinear,Learned + Nonlinear RX,4.848503
LearnedNonlinear,Learned + Nonlinear RX,6.5921493
LearnedNonlinear,Learned + Nonlinear RX,4.6799498
LearnedNonlinear,Learned + Nonlinear RX,5.455538
LearnedNonlinear,Learned + Nonlinear RX,5.964404
LearnedNonlinear,Learned + Nonlinear RX,5.08926
LearnedNonlinear,Learned + Nonlinear RX,4.7640495
LearnedNonlinear,Learned + Nonlinear RX,6.2011414
LearnedNonlinear,Learned + Nonlinear RX,5.9266257
LearnedNonlinear,Learned + Nonlinear RX,5.4745502
LearnedNonlinear,Learned + Nonlinear RX,6.609316
LearnedNonlinear,Learned + Nonlinear RX,6.629572
LearnedNonlinear,Learned + Nonlinear RX,5.8899837
LearnedNonlinear,Learned + Nonlinear RX,4.5645065
LearnedNonlinear,Learned + Nonlinear RX,4.4268913
LearnedNonlinear,Learned + Nonlinear RX,6.0103087
LearnedNonlinear,Learned + Nonlinear RX,4.1804857
LearnedNonlinear,Learned + Nonlinear RX,5.316292
LearnedNonlinear,Learned + Nonlinear RX,5.2863007
LearnedNonlinear,Learned + Nonlinear RX,5.2206697
LearnedNonlinear,Learned + Nonlinear RX,5.874911
LearnedNonlinear,Learned + Nonlinear RX,6.5575037
LearnedNonlinear,Learned + Nonlinear RX,5.2124643
LearnedNonlinear,Learned + Nonlinear RX,5.031163
LearnedNonlinear,Learned + Nonlinear RX,5.1397176
LearnedNonlinear,Learned + Nonlinear RX,4.3802347
LearnedNonlinear,Learned + Nonlinear RX,4.5202928
LearnedNonlinear,Learned + Nonlinear RX,4.407019
LearnedNonlinear,Learned + Nonlinear RX,6.1950207
LearnedNonlinear,Learned + Nonlinear RX,5.159773
LearnedNonlinear,Learned + Nonlinear RX,4.8278737
LearnedNonlinear,Learned + Nonlinear RX,5.690742
LearnedNonlinear,Learned + Nonlinear RX,5.509203
LearnedNonlinear,Learned + Nonlinear RX,5.454574
LearnedNonlinear,Learned + Nonlinear RX,4.4292455
LearnedNonlinear,Learned + Nonlinear RX,4.776915
LearnedNonlinear,Learned + Nonlinear RX,5.4412966
LearnedNonlinear,Learned + Nonlinear RX,4.435721
LearnedNonlinear,Learned + Nonlinear RX,4.2547517
LearnedNonlinear,Learned + Nonlinear RX,5.4990954
LearnedNonlinear,Learned + Nonlinear RX,5.4904437
LearnedNonlinear,Learned + Nonlinear RX,5.4531116
LearnedNonlinear,Learned + Nonlinear RX,5.814323
LearnedNonlinear,Learned + Nonlinear RX,5.9922333
LearnedNonlinear,Learned + Nonlinear RX,4.304497
LearnedNonlinear,Learned + Nonlinear RX,6.076728
LearnedNonlinear,Learned + Nonlinear RX,6.3704557
LearnedNonlinear,Learned + Nonlinear RX,3.906384
LearnedNonlinear,Learned + Nonlinear RX,5.6646852
LearnedNonlinear,Learned + Nonlinear RX,5.5597277
LearnedNonlinear,Learned + Nonlinear RX,5.0680733
LearnedNonlinear,Learned + Nonlinear RX,5.9977703
LearnedNonlinear,Learned + Nonlinear RX,5.2109156
LearnedNonlinear,Learned + Nonlinear RX,4.6157627
LearnedNonlinear,Learned + Nonlinear RX,5.7295237
LearnedNonlinear,Learned + Nonlinear RX,4.92888
LearnedNonlinear,Learned + Nonlinear RX,6.364213
LearnedNonlinear,Learned + Nonlinear RX,4.9833546
LearnedNonlinear,Learned + Nonlinear RX,5.2800245
LearnedNonlinear,Learned + Nonlinear RX,5.4976797
LearnedNonlinear,Learned + Nonlinear RX,4.488408
LearnedNonlinear,Learned + Nonlinear RX,4.49963
LearnedNonlinear,Learned + Nonlinear RX,5.4061728
LearnedNonlinear,Learned + Nonlinear RX,4.5648403
LearnedNonlinear,Learned + Nonlinear RX,4.5223613
LearnedNonlinear,Learned + Nonlinear RX,4.9110045
LearnedNonlinear,Learned + Nonlinear RX,4.6740384
LearnedNonlinear,Learned + Nonlinear RX,7.2708673
LearnedNonlinear,Learned + Nonlinear RX,5.324388
LearnedNonlinear,Learned + Nonlinear RX,4.2353735
LearnedNonlinear,Learned + Nonlinear RX,4.517621
LearnedNonlinear,Learned + Nonlinear RX,6.4164124
LearnedNonlinear,Learned + Nonlinear RX,4.870182
LearnedNonlinear,Learned + Nonlinear RX,4.0867023
LearnedNonlinear,Learned + Nonlinear RX,6.3469505
LearnedNonlinear,Learned + Nonlinear RX,5.4407177
LearnedNonlinear,Learned + Nonlinear RX,5.3008604
LearnedNonlinear,Learned + Nonlinear RX,5.730115
LearnedNonlinear,Learned + Nonlinear RX,5.7243896
LearnedNonlinear,Learned + Nonlinear RX,5.36592
LearnedNonlinear,Learned + Nonlinear RX,4.531098
LearnedNonlinear,Learned + Nonlinear RX,5.4675865
LearnedNonlinear,Learned + Nonlinear RX,5.888566
LearnedNonlinear,Learned + Nonlinear RX,5.3560185
LearnedNonlinear,Learned + Nonlinear RX,4.551613
LearnedNonlinear,Learned + Nonlinear RX,6.4730334
LearnedNonlinear,Learned + Nonlinear RX,5.0461817
LearnedNonlinear,Learned + Nonlinear RX,7.234229
LearnedNonlinear,Learned + Nonlinear RX,5.180113
LearnedNonlinear,Learned + Nonlinear RX,3.6734831
LearnedNonlinear,Learned + Nonlinear RX,6.6933036
LearnedNonlinear,Learned + Nonlinear RX,5.5101447
LearnedNonlinear,Learned + Nonlinear RX,6.7253428
LearnedNonlinear,Learned + Nonlinear RX,6.208457
LearnedNonlinear,Learned + Nonlinear RX,5.6432815
LearnedNonlinear,Learned + Nonlinear RX,6.316229
LearnedNonlinear,Learned + Nonlinear RX,5.9734926
LearnedNonlinear,Learned + Nonlinear RX,5.24981
LearnedNonlinear,Learned + Nonlinear RX,5.3400316
LearnedNonlinear,Learned + Nonlinear RX,6.4560747
LearnedNonlinear,Learned + Nonlinear RX,5.212324
LearnedNonlinear,Learned + Nonlinear RX,4.027216
LearnedNonlinear,Learned + Nonlinear RX,5.7219877
LearnedNonlinear,Learned + Nonlinear RX,5.1782455
LearnedNonlinear,Learned + Nonlinear RX,4.97276
LearnedNonlinear,Learned + Nonlinear RX,5.9047976
LearnedNonlinear,Learned + Nonlinear RX,5.282438
LearnedNonlinear,Learned + Nonlinear RX,5.637189
LearnedNonlinear,Learned + Nonlinear RX,5.065034
LearnedNonlinear,Learned + Nonlinear RX,5.10168
LearnedNonlinear,Learned + Nonlinear RX,4.6384387
LearnedNonlinear,Learned + Nonlinear RX,5.0605965
LearnedNonlinear,Learned + Nonlinear RX,5.656986
LearnedNonlinear,Learned + Nonlinear RX,5.0304704
LearnedNonlinear,Learned + Nonlinear RX,5.1253486
LearnedNonlinear,Learned + Nonlinear RX,6.0704393
LearnedNonlinear,Learned + Nonlinear RX,6.087475
LearnedNonlinear,Learned + Nonlinear RX,5.9507637
LearnedNonlinear,Learned + Nonlinear RX,6.32317
LearnedNonlinear,Learned + Nonlinear RX,5.7686243
LearnedNonlinear,Learned + Nonlinear RX,5.4546947
LearnedNonlinear,Learned + Nonlinear RX,5.6196375
LearnedNonlinear,Learned + Nonlinear RX,5.775289
LearnedNonlinear,Learned + Nonlinear RX,5.5809617
LearnedNonlinear,Learned + Nonlinear RX,5.4175415
LearnedNonlinear,Learned + Nonlinear RX,5.7583194
LearnedNonlinear,Learned + Nonlinear RX,5.592991
LearnedNonlinear,Learned + Nonlinear RX,5.112876
LearnedNonlinear,Learned + Nonlinear RX,4.7882414
LearnedNonlinear,Learned + Nonlinear RX,4.9235005
LearnedNonlinear,Learned + Nonlinear RX,5.8842874
LearnedNonlinear,Learned + Nonlinear RX,4.754965
LearnedNonlinear,Learned + Nonlinear RX,3.890252
LearnedNonlinear,Learned + Nonlinear RX,5.2838583
LearnedNonlinear,Learned + Nonlinear RX,6.4841433
LearnedNonlinear,Learned + Nonlinear RX,4.8193493
LearnedNonlinear,Learned + Nonlinear RX,5.375791
LearnedNonlinear,Learned + Nonlinear RX,3.800159
LearnedNonlinear,Learned + Nonlinear RX,5.161028
LearnedNonlinear,Learned + Nonlinear RX,5.706267
LearnedNonlinear,Learned + Nonlinear RX,4.606872
LearnedNonlinear,Learned + Nonlinear RX,5.107456
LearnedNonlinear,Learned + Nonlinear RX,4.7727036
LearnedNonlinear,Learned + Nonlinear RX,7.11623
LearnedNonlinear,Learned + Nonlinear RX,6.0763464
LearnedNonlinear,Learned + Nonlinear RX,5.646128
LearnedNonlinear,Learned + Nonlinear RX,5.053553
LearnedNonlinear,Learned + Nonlinear RX,5.549738
LearnedNonlinear,Learned + Nonlinear RX,5.5629773
LearnedNonlinear,Learned + Nonlinear RX,5.090239
LearnedNonlinear,Learned + Nonlinear RX,7.2603893
LearnedNonlinear,Learned + Nonlinear RX,5.209487
LearnedNonlinear,Learned + Nonlinear RX,6.593898
LearnedNonlinear,Learned + Nonlinear RX,4.4023843
LearnedNonlinear,Learned + Nonlinear RX,5.131722
LearnedNonlinear,Learned + Nonlinear RX,4.115015
LearnedNonlinear,Learned + Nonlinear RX,4.9769573
LearnedNonlinear,Learned + Nonlinear RX,6.6559334
LearnedNonlinear,Learned + Nonlinear RX,4.9334354
LearnedNonlinear,Learned + Nonlinear RX,5.176492
LearnedNonlinear,Learned + Nonlinear RX,4.6669273
LearnedNonlinear,Learned + Nonlinear RX,4.0613933
LearnedNonlinear,Learned + Nonlinear RX,5.5182543
LearnedNonlinear,Learned + Nonlinear RX,5.535901
LearnedNonlinear,Learned + Nonlinear RX,6.356041
LearnedNonlinear,Learned + Nonlinear RX,5.880353
LearnedNonlinear,Learned + Nonlinear RX,5.9273868
LearnedNonlinear,Learned + Nonlinear RX,6.6810656
LearnedNonlinear,Learned + Nonlinear RX,6.185045
LearnedNonlinear,Learned + Nonlinear RX,6.736356
LearnedNonlinear,Learned + Nonlinear RX,5.713882
LearnedNonlinear,Learned + Nonlinear RX,5.6321783
LearnedNonlinear,Learned + Nonlinear RX,5.361944
LearnedNonlinear,Learned + Nonlinear RX,5.667028
LearnedNonlinear,Learned + Nonlinear RX,6.9159956
LearnedNonlinear,Learned + Nonlinear RX,4.830573
LearnedNonlinear,Learned + Nonlinear RX,5.45905
LearnedNonlinear,Learned + Nonlinear RX,6.5062275
LearnedNonlinear,Learned + Nonlinear RX,5.3301663
LearnedNonlinear,Learned + Nonlinear RX,6.7356815
LearnedNonlinear,Learned + Nonlinear RX,6.1398406
LearnedNonlinear,Learned + Nonlinear RX,4.8908043
LearnedNonlinear,Learned + Nonlinear RX,4.7160926
LearnedNonlinear,Learned + Nonlinear RX,6.4231915
LearnedNonlinear,Learned + Nonlinear RX,5.517342
LearnedNonlinear,Learned + Nonlinear RX,6.1517534
LearnedNonlinear,Learned + Nonlinear RX,5.7096095
LearnedNonlinear,Learned + Nonlinear RX,5.562287
LearnedNonlinear,Learned + Nonlinear RX,4.666112
LearnedNonlinear,Learned + Nonlinear RX,3.8764358
LearnedNonlinear,Learned + Nonlinear RX,6.9282036
LearnedNonlinear,Learned + Nonlinear RX,5.114027
LearnedNonlinear,Learned + Nonlinear RX,4.081019
LearnedNonlinear,Learned + Nonlinear RX,5.42203
LearnedNonlinear,Learned + Nonlinear RX,4.8387322
LearnedNonlinear,Learned + Nonlinear RX,5.4947805
LearnedNonlinear,Learned + Nonlinear RX,5.253082
LearnedNonlinear,Learned + Nonlinear RX,5.1397333
LearnedNonlinear,Learned + Nonlinear RX,5.817621
LearnedNonlinear,Learned + Nonlinear RX,6.1070356
LearnedNonlinear,Learned + Nonlinear RX,5.6783624
LearnedNonlinear,Learned + Nonlinear RX,5.399165
LearnedNonlinear,Learned + Nonlinear RX,4.8487806
LearnedNonlinear,Learned + Nonlinear RX,5.1089983
LearnedNonlinear,Learned + Nonlinear RX,4.243066
LearnedNonlinear,Learned + Nonlinear RX,6.884064
LearnedNonlinear,Learned + Nonlinear RX,4.5152607
LearnedNonlinear,Learned + Nonlinear RX,4.239992
LearnedNonlinear,Learned + Nonlinear RX,5.9925537
LearnedNonlinear,Learned + Nonlinear RX,6.33461
LearnedNonlinear,Learned + Nonlinear RX,4.353861
LearnedNonlinear,Learned + Nonlinear RX,6.277129
LearnedNonlinear,Learned + Nonlinear RX,3.8768852
LearnedNonlinear,Learned + Nonlinear RX,6.2489367
LearnedNonlinear,Learned + Nonlinear RX,4.9869843
LearnedNonlinear,Learned + Nonlinear RX,5.4972315
LearnedNonlinear,Learned + Nonlinear RX,4.260749
LearnedNonlinear,Learned + Nonlinear RX,6.071018
LearnedNonlinear,Learned + Nonlinear RX,5.3254647
LearnedNonlinear,Learned + Nonlinear RX,5.788539
LearnedNonlinear,Learned + Nonlinear RX,6.108806
LearnedNonlinear,Learned + Nonlinear RX,4.6714907
LearnedNonlinear,Learned + Nonlinear RX,5.265752
LearnedNonlinear,Learned + Nonlinear RX,6.153236
LearnedNonlinear,Learned + Nonlinear RX,4.3771944
LearnedNonlinear,Learned + Nonlinear RX,5.4311485
LearnedNonlinear,Learned + Nonlinear RX,5.976835
LearnedNonlinear,Learned + Nonlinear RX,3.915336
LearnedNonlinear,Learned + Nonlinear RX,5.4466076
LearnedNonlinear,Learned + Nonlinear RX,5.3616076
LearnedNonlinear,Learned + Nonlinear RX,4.3865147
LearnedNonlinear,Learned + Nonlinear RX,5.092507
LearnedNonlinear,Learned + Nonlinear RX,6.679432
LearnedNonlinear,Learned + Nonlinear RX,5.6303096
LearnedNonlinear,Learned + Nonlinear RX,4.4657764
LearnedNonlinear,Learned + Nonlinear RX,6.5020094
LearnedNonlinear,Learned + Nonlinear RX,5.0096793
LearnedNonlinear,Learned + Nonlinear RX,5.7999334
LearnedNonlinear,Learned + Nonlinear RX,5.123893
LearnedNonlinear,Learned + Nonlinear RX,4.275113
LearnedNonlinear,Learned + Nonlinear RX,5.954706
LearnedNonlinear,Learned + Nonlinear RX,5.6423354
LearnedNonlinear,Learned + Nonlinear RX,4.993065
LearnedNonlinear,Learned + Nonlinear RX,3.837639
LearnedNonlinear,Learned + Nonlinear RX,5.083722
LearnedNonlinear,Learned + Nonlinear RX,6.16061
LearnedNonlinear,Learned + Nonlinear RX,5.2870364
LearnedNonlinear,Learned + Nonlinear RX,4.4742007
LearnedNonlinear,Learned + Nonlinear RX,6.313754
LearnedNonlinear,Learned + Nonlinear RX,4.761609
LearnedNonlinear,Learned + Nonlinear RX,4.644362
LearnedNonlinear,Learned + Nonlinear RX,4.487191
LearnedNonlinear,Learned + Nonlinear RX,5.0022793
LearnedNonlinear,Learned + Nonlinear RX,5.6500044
LearnedNonlinear,Learned + Nonlinear RX,5.2397194
LearnedNonlinear,Learned + Nonlinear RX,3.7388535
LearnedNonlinear,Learned + Nonlinear RX,4.168403
LearnedNonlinear,Learned + Nonlinear RX,5.8826394
LearnedNonlinear,Learned + Nonlinear RX,5.4275513
LearnedNonlinear,Learned + Nonlinear RX,6.593505
LearnedNonlinear,Learned + Nonlinear RX,5.1336107
LearnedNonlinear,Learned + Nonlinear RX,7.2616916
LearnedNonlinear,Learned + Nonlinear RX,4.864573
LearnedNonlinear,Learned + Nonlinear RX,5.3939824
LearnedNonlinear,Learned + Nonlinear RX,5.2646356
LearnedNonlinear,Learned + Nonlinear RX,6.7051353
LearnedNonlinear,Learned + Nonlinear RX,6.763745
LearnedNonlinear,Learned + Nonlinear RX,4.7960873
LearnedNonlinear,Learned + Nonlinear RX,4.7540097
LearnedNonlinear,Learned + Nonlinear RX,5.222601
LearnedNonlinear,Learned + Nonlinear RX,5.648239
LearnedNonlinear,Learned + Nonlinear RX,5.894068
LearnedNonlinear,Learned + Nonlinear RX,5.709051
LearnedNonlinear,Learned + Nonlinear RX,5.6520863
LearnedNonlinear,Learned + Nonlinear RX,5.804477
LearnedNonlinear,Learned + Nonlinear RX,4.9916797
LearnedNonlinear,Learned + Nonlinear RX,5.078289
LearnedNonlinear,Learned + Nonlinear RX,5.213043
LearnedNonlinear,Learned + Nonlinear RX,4.085403
LearnedNonlinear,Learned + Nonlinear RX,4.619755
LearnedNonlinear,Learned + Nonlinear RX,5.83672
LearnedNonlinear,Learned + Nonlinear RX,5.587342
LearnedNonlinear,Learned + Nonlinear RX,4.4155912
LearnedNonlinear,Learned + Nonlinear RX,6.3011103
LearnedNonlinear,Learned + Nonlinear RX,6.3428736
LearnedNonlinear,Learned + Nonlinear RX,4.786623
LearnedNonlinear,Learned + Nonlinear RX,6.181596
LearnedNonlinear,Learned + Nonlinear RX,5.602087
LearnedNonlinear,Learned + Nonlinear RX,4.632158
LearnedNonlinear,Learned + Nonlinear RX,5.8183565
LearnedNonlinear,Learned + Nonlinear RX,6.2006097
LearnedNonlinear,Learned + Nonlinear RX,5.6745195
LearnedNonlinear,Learned + Nonlinear RX,5.4995704
LearnedNonlinear,Learned + Nonlinear RX,5.41285
LearnedNonlinear,Learned + Nonlinear RX,5.5134697
LearnedNonlinear,Learned + Nonlinear RX,5.411371
LearnedNonlinear,Learned + Nonlinear RX,5.190272
LearnedNonlinear,Learned + Nonlinear RX,5.2944365
LearnedNonlinear,Learned + Nonlinear RX,6.1701202
LearnedNonlinear,Learned + Nonlinear RX,5.758745
LearnedNonlinear,Learned + Nonlinear RX,7.4097247
LearnedNonlinear,Learned + Nonlinear RX,5.2195864
LearnedNonlinear,Learned + Nonlinear RX,5.8532715
LearnedNonlinear,Learned + Nonlinear RX,6.0771966
LearnedNonlinear,Learned + Nonlinear RX,4.596871
LearnedNonlinear,Learned + Nonlinear RX,5.7981534
LearnedNonlinear,Learned + Nonlinear RX,4.4591913
LearnedNonlinear,Learned + Nonlinear RX,5.9927206
LearnedNonlinear,Learned + Nonlinear RX,6.5403748
LearnedNonlinear,Learned + Nonlinear RX,4.263731
LearnedNonlinear,Learned + Nonlinear RX,4.603936
LearnedNonlinear,Learned + Nonlinear RX,4.939608
LearnedNonlinear,Learned + Nonlinear RX,4.597689
LearnedNonlinear,Learned + Nonlinear RX,4.820741
LearnedNonlinear,Learned + Nonlinear RX,5.956226
LearnedNonlinear,Learned + Nonlinear RX,4.632469
LearnedNonlinear,Learned + Nonlinear RX,6.2420125
LearnedNonlinear,Learned + Nonlinear RX,5.9614096
LearnedNonlinear,Learned + Nonlinear RX,5.896515
LearnedNonlinear,Learned + Nonlinear RX,5.4251204
LearnedNonlinear,Learned + Nonlinear RX,5.0742474
LearnedNonlinear,Learned + Nonlinear RX,4.187698
LearnedNonlinear,Learned + Nonlinear RX,7.205435
LearnedNonlinear,Learned + Nonlinear RX,4.6334715
LearnedNonlinear,Learned + Nonlinear RX,5.539425
LearnedNonlinear,Learned + Nonlinear RX,4.398312
LearnedNonlinear,Learned + Nonlinear RX,4.8386292
LearnedNonlinear,Learned + Nonlinear RX,5.611762
LearnedNonlinear,Learned + Nonlinear RX,5.277846
LearnedNonlinear,Learned + Nonlinear RX,5.469143
LearnedNonlinear,Learned + Nonlinear RX,6.4636374
LearnedNonlinear,Learned + Nonlinear RX,5.9819202
LearnedNonlinear,Learned + Nonlinear RX,5.516979
LearnedNonlinear,Learned + Nonlinear RX,5.33793
LearnedNonlinear,Learned + Nonlinear RX,4.9526663
LearnedNonlinear,Learned + Nonlinear RX,4.828772
LearnedNonlinear,Learned + Nonlinear RX,4.682228
LearnedNonlinear,Learned + Nonlinear RX,7.866932
LearnedNonlinear,Learned + Nonlinear RX,4.2941074
LearnedNonlinear,Learned + Nonlinear RX,5.52803
LearnedNonlinear,Learned + Nonlinear RX,6.844499
LearnedNonlinear,Learned + Nonlinear RX,7.5490403
LearnedNonlinear,Learned + Nonlinear RX,5.29628
LearnedNonlinear,Learned + Nonlinear RX,5.377006
LearnedNonlinear,Learned + Nonlinear RX,5.38033
LearnedNonlinear,Learned + Nonlinear RX,4.791222
LearnedNonlinear,Learned + Nonlinear RX,4.849207
LearnedNonlinear,Learned + Nonlinear RX,3.7508464
LearnedNonlinear,Learned + Nonlinear RX,5.4385753
LearnedNonlinear,Learned + Nonlinear RX,5.9233756
LearnedNonlinear,Learned + Nonlinear RX,5.1047497
LearnedNonlinear,Learned + Nonlinear RX,4.451524
LearnedNonlinear,Learned + Nonlinear RX,4.1678333
LearnedNonlinear,Learned + Nonlinear RX,5.8717384
LearnedNonlinear,Learned + Nonlinear RX,5.1861043
LearnedNonlinear,Learned + Nonlinear RX,4.934165
LearnedNonlinear,Learned + Nonlinear RX,4.887857
LearnedNonlinear,Learned + Nonlinear RX,4.653682
LearnedNonlinear,Learned + Nonlinear RX,4.5566344
LearnedNonlinear,Learned + Nonlinear RX,4.219908
LearnedNonlinear,Learned + Nonlinear RX,4.694235
LearnedNonlinear,Learned + Nonlinear RX,5.9512715
LearnedNonlinear,Learned + Nonlinear RX,6.6984487
LearnedNonlinear,Learned + Nonlinear RX,4.9083796
LearnedNonlinear,Learned + Nonlinear RX,4.1686883
LearnedNonlinear,Learned + Nonlinear RX,4.627406
LearnedNonlinear,Learned + Nonlinear RX,6.2407947
LearnedNonlinear,Learned + Nonlinear RX,6.026754
LearnedNonlinear,Learned + Nonlinear RX,7.901162
LearnedNonlinear,Learned + Nonlinear RX,5.5972695
LearnedNonlinear,Learned + Nonlinear RX,6.2936163
LearnedNonlinear,Learned + Nonlinear RX,5.2772
LearnedNonlinear,Learned + Nonlinear RX,4.991413
LearnedNonlinear,Learned + Nonlinear RX,4.5698905
LearnedNonlinear,Learned + Nonlinear RX,5.0625954
LearnedNonlinear,Learned + Nonlinear RX,7.1854134
LearnedNonlinear,Learned + Nonlinear RX,6.8025265
LearnedNonlinear,Learned + Nonlinear RX,4.9534864
LearnedNonlinear,Learned + Nonlinear RX,5.6206803
LearnedNonlinear,Learned + Nonlinear RX,5.5722427
LearnedNonlinear,Learned + Nonlinear RX,4.9000373
LearnedNonlinear,Learned + Nonlinear RX,5.289902
LearnedNonlinear,Learned + Nonlinear RX,4.9366693
LearnedNonlinear,Learned + Nonlinear RX,4.677495
LearnedNonlinear,Learned + Nonlinear RX,5.445976
LearnedNonlinear,Learned + Nonlinear RX,5.3306003
LearnedNonlinear,Learned + Nonlinear RX,5.296941
LearnedNonlinear,Learned + Nonlinear RX,5.198254
LearnedNonlinear,Learned + Nonlinear RX,5.354889
LearnedNonlinear,Learned + Nonlinear RX,5.6291523
LearnedNonlinear,Learned + Nonlinear RX,5.4514065
LearnedNonlinear,Learned + Nonlinear RX,5.562918
LearnedNonlinear,Learned + Nonlinear RX,4.8403187
LearnedNonlinear,Learned + Nonlinear RX,5.98568
LearnedNonlinear,Learned + Nonlinear RX,5.7724094
LearnedNonlinear,Learned + Nonlinear RX,5.3744707
LearnedNonlinear,Learned + Nonlinear RX,4.1307154
LearnedNonlinear,Learned + Nonlinear RX,5.0312514
LearnedNonlinear,Learned + Nonlinear RX,5.499287
LearnedNonlinear,Learned + Nonlinear RX,5.8726215
LearnedNonlinear,Learned + Nonlinear RX,5.1666064
LearnedNonlinear,Learned + Nonlinear RX,5.6456165
LearnedNonlinear,Learned + Nonlinear RX,6.97359
LearnedNonlinear,Learned + Nonlinear RX,6.023317
LearnedNonlinear,Learned + Nonlinear RX,7.098208
LearnedNonlinear,Learned + Nonlinear RX,5.6952047
LearnedNonlinear,Learned + Nonlinear RX,5.4338417
LearnedNonlinear,Learned + Nonlinear RX,5.375607
LearnedNonlinear,Learned + Nonlinear RX,4.1703553
LearnedNonlinear,Learned + Nonlinear RX,4.7324996
LearnedNonlinear,Learned + Nonlinear RX,4.6042905
LearnedNonlinear,Learned + Nonlinear RX,4.3934855
LearnedNonlinear,Learned + Nonlinear RX,6.3852262
LearnedNonlinear,Learned + Nonlinear RX,4.447173
LearnedNonlinear,Learned + Nonlinear RX,6.780861
LearnedNonlinear,Learned + Nonlinear RX,4.3741837
LearnedNonlinear,Learned + Nonlinear RX,4.3797507
LearnedNonlinear,Learned + Nonlinear RX,5.0895567
LearnedNonlinear,Learned + Nonlinear RX,4.709024
LearnedNonlinear,Learned + Nonlinear RX,6.114371
LearnedNonlinear,Learned + Nonlinear RX,7.5671663
LearnedNonlinear,Learned + Nonlinear RX,5.724981
LearnedNonlinear,Learned + Nonlinear RX,4.7743597
LearnedNonlinear,Learned + Nonlinear RX,4.601818
LearnedNonlinear,Learned + Nonlinear RX,5.7005734
LearnedNonlinear,Learned + Nonlinear RX,6.1908336
LearnedNonlinear,Learned + Nonlinear RX,5.5827312
LearnedNonlinear,Learned + Nonlinear RX,6.231013
LearnedNonlinear,Learned + Nonlinear RX,5.4290314
LearnedNonlinear,Learned + Nonlinear RX,5.170703
LearnedNonlinear,Learned + Nonlinear RX,5.155898
LearnedNonlinear,Learned + Nonlinear RX,4.794524
LearnedNonlinear,Learned + Nonlinear RX,4.871089
LearnedNonlinear,Learned + Nonlinear RX,5.261858
LearnedNonlinear,Learned + Nonlinear RX,4.496927
LearnedNonlinear,Learned + Nonlinear RX,4.334161
LearnedNonlinear,Learned + Nonlinear RX,5.231302
LearnedNonlinear,Learned + Nonlinear RX,5.9266872
LearnedNonlinear,Learned + Nonlinear RX,5.305669
LearnedNonlinear,Learned + Nonlinear RX,5.178361
LearnedNonlinear,Learned + Nonlinear RX,6.108082
LearnedNonlinear,Learned + Nonlinear RX,4.78437
LearnedNonlinear,Learned + Nonlinear RX,5.136743
LearnedNonlinear,Learned + Nonlinear RX,4.3152003
LearnedNonlinear,Learned + Nonlinear RX,4.874836
LearnedNonlinear,Learned + Nonlinear RX,5.4163885
LearnedNonlinear,Learned + Nonlinear RX,5.1798224
LearnedNonlinear,Learned + Nonlinear RX,5.2983994
LearnedNonlinear,Learned + Nonlinear RX,5.872367
LearnedNonlinear,Learned + Nonlinear RX,6.9465847
LearnedNonlinear,Learned + Nonlinear RX,6.2684145
LearnedNonlinear,Learned + Nonlinear RX,4.2342157
LearnedNonlinear,Learned + Nonlinear RX,6.3402886
LearnedNonlinear,Learned + Nonlinear RX,4.569296
LearnedNonlinear,Learned + Nonlinear RX,5.3519053
LearnedNonlinear,Learned + Nonlinear RX,6.6527214
LearnedNonlinear,Learned + Nonlinear RX,5.375867
OFDM,Classical OFDM,6.035638
OFDM,Classical OFDM,6.8411026
OFDM,Classical OFDM,4.245171
OFDM,Classical OFDM,6.9157624
OFDM,Classical OFDM,6.1631722
OFDM,Classical OFDM,7.1919684
OFDM,Classical OFDM,6.634872
OFDM,Classical OFDM,7.6142006
OFDM,Classical OFDM,6.4489403
OFDM,Classical OFDM,8.083337
OFDM,Classical OFDM,7.043585
OFDM,Classical OFDM,8.462689
OFDM,Classical OFDM,7.4019947
OFDM,Classical OFDM,5.5978274
OFDM,Classical OFDM,8.276773
OFDM,Classical OFDM,5.899034
OFDM,Classical OFDM,7.068314
OFDM,Classical OFDM,9.251956
OFDM,Classical OFDM,6.735176
OFDM,Classical OFDM,7.064047
OFDM,Classical OFDM,7.562725
OFDM,Classical OFDM,5.6970434
OFDM,Classical OFDM,6.4416113
OFDM,Classical OFDM,7.605625
OFDM,Classical OFDM,6.1225657
OFDM,Classical OFDM,5.5457134
OFDM,Classical OFDM,5.9501367
OFDM,Classical OFDM,5.4482408
OFDM,Classical OFDM,5.99129
OFDM,Classical OFDM,5.7748795
OFDM,Classical OFDM,8.746193
OFDM,Classical OFDM,7.2391677
OFDM,Classical OFDM,5.0955744
OFDM,Classical OFDM,6.7354927
OFDM,Classical OFDM,6.3270416
OFDM,Classical OFDM,7.3909407
OFDM,Classical OFDM,6.7439785
OFDM,Classical OFDM,5.9295363
OFDM,Classical OFDM,6.7367687
OFDM,Classical OFDM,8.271353
OFDM,Classical OFDM,6.480326
OFDM,Classical OFDM,8.525151
OFDM,Classical OFDM,7.4399767
OFDM,Classical OFDM,6.429195
OFDM,Classical OFDM,7.667119
OFDM,Classical OFDM,7.3796425
OFDM,Classical OFDM,7.0535593
OFDM,Classical OFDM,5.222687
OFDM,Classical OFDM,6.605382
OFDM,Classical OFDM,6.446779
OFDM,Classical OFDM,6.39501
OFDM,Classical OFDM,6.1086993
OFDM,Classical OFDM,8.144381
OFDM,Classical OFDM,5.096057
OFDM,Classical OFDM,8.459318
OFDM,Classical OFDM,6.633573
OFDM,Classical OFDM,7.875607
OFDM,Classical OFDM,5.8923264
OFDM,Classical OFDM,6.991381
OFDM,Classical OFDM,6.3837295
OFDM,Classical OFDM,6.177631
OFDM,Classical OFDM,8.463116
OFDM,Classical OFDM,7.040155
OFDM,Classical OFDM,6.1623425
OFDM,Classical OFDM,7.737382
OFDM,Classical OFDM,5.7407284
OFDM,Classical OFDM,4.993649
OFDM,Classical OFDM,7.829674
OFDM,Classical OFDM,7.5862627
OFDM,Classical OFDM,6.7823796
OFDM,Classical OFDM,4.9557815
OFDM,Classical OFDM,6.521839
OFDM,Classical OFDM,6.9633656
OFDM,Classical OFDM,7.0485544
OFDM,Classical OFDM,6.4684105
OFDM,Classical OFDM,6.046241
OFDM,Classical OFDM,6.8017154
OFDM,Classical OFDM,6.422043
OFDM,Classical OFDM,5.14731
OFDM,Classical OFDM,7.175645
OFDM,Classical OFDM,7.636774
OFDM,Classical OFDM,6.5583754
OFDM,Classical OFDM,6.6835613
OFDM,Classical OFDM,4.781958
OFDM,Classical OFDM,6.4433413
OFDM,Classical OFDM,7.248067
OFDM,Classical OFDM,5.9750767
OFDM,Classical OFDM,7.8816595
OFDM,Classical OFDM,5.713921
OFDM,Classical OFDM,6.871441
OFDM,Classical OFDM,5.43447
OFDM,Classical OFDM,5.766796
OFDM,Classical OFDM,5.4284945
OFDM,Classical OFDM,5.8677416
OFDM,Classical OFDM,8.647843
OFDM,Classical OFDM,6.5753202
OFDM,Classical OFDM,5.747244
OFDM,Classical OFDM,8.250829
OFDM,Classical OFDM,5.7981415
OFDM,Classical OFDM,6.361823
OFDM,Classical OFDM,6.3238897
OFDM,Classical OFDM,5.7219973
OFDM,Classical OFDM,7.877588
OFDM,Classical OFDM,7.2588987
OFDM,Classical OFDM,7.3502917
OFDM,Classical OFDM,7.9366245
OFDM,Classical OFDM,7.000635
OFDM,Classical OFDM,7.7159195
OFDM,Classical OFDM,6.351141
OFDM,Classical OFDM,5.8016443
OFDM,Classical OFDM,5.360112
OFDM,Classical OFDM,6.3603477
OFDM,Classical OFDM,6.1687546
OFDM,Classical OFDM,6.9777064
OFDM,Classical OFDM,6.4686303
OFDM,Classical OFDM,8.016518
OFDM,Classical OFDM,7.8700953
OFDM,Classical OFDM,6.071644
OFDM,Classical OFDM,6.989705
OFDM,Classical OFDM,8.564956
OFDM,Classical OFDM,6.4321957
OFDM,Classical OFDM,7.9905033
OFDM,Classical OFDM,7.020652
OFDM,Classical OFDM,9.138283
OFDM,Classical OFDM,5.482018
OFDM,Classical OFDM,5.419379
OFDM,Classical OFDM,7.3458858
OFDM,Classical OFDM,5.67597
OFDM,Classical OFDM,7.736568
OFDM,Classical OFDM,7.797484
OFDM,Classical OFDM,7.201795
OFDM,Classical OFDM,5.9574766
OFDM,Classical OFDM,6.990485
OFDM,Classical OFDM,6.65833
OFDM,Classical OFDM,8.839117
OFDM,Classical OFDM,6.9415245
OFDM,Classical OFDM,6.4403396
OFDM,Classical OFDM,6.07078
OFDM,Classical OFDM,6.216157
OFDM,Classical OFDM,8.9626045
OFDM,Classical OFDM,6.991429
OFDM,Classical OFDM,6.286747
OFDM,Classical OFDM,6.084157
OFDM,Classical OFDM,6.8986554
OFDM,Classical OFDM,7.2926702
OFDM,Classical OFDM,5.692808
OFDM,Classical OFDM,7.5426903
OFDM,Classical OFDM,6.4949274
OFDM,Classical OFDM,6.0248184
OFDM,Classical OFDM,6.675745
OFDM,Classical OFDM,6.897951
OFDM,Classical OFDM,5.7180953
OFDM,Classical OFDM,7.1363726
OFDM,Classical OFDM,10.606054
OFDM,Classical OFDM,8.530343
OFDM,Classical OFDM,5.607566
OFDM,Classical OFDM,8.724489
OFDM,Classical OFDM,6.984659
OFDM,Classical OFDM,7.1355653
OFDM,Classical OFDM,6.109596
OFDM,Classical OFDM,7.516913
OFDM,Classical OFDM,6.10702
OFDM,Classical OFDM,5.302697
OFDM,Classical OFDM,7.597351
OFDM,Classical OFDM,5.6091204
OFDM,Classical OFDM,6.057429
OFDM,Classical OFDM,7.323928
OFDM,Classical OFDM,8.17693
OFDM,Classical OFDM,5.574012
OFDM,Classical OFDM,7.930582
OFDM,Classical OFDM,6.976695
OFDM,Classical OFDM,7.6836643
OFDM,Classical OFDM,5.727219
OFDM,Classical OFDM,5.160592
OFDM,Classical OFDM,6.851817
OFDM,Classical OFDM,8.582205
OFDM,Classical OFDM,7.2331734
OFDM,Classical OFDM,6.8972406
OFDM,Classical OFDM,5.706113
OFDM,Classical OFDM,8.034657
OFDM,Classical OFDM,5.9020033
OFDM,Classical OFDM,5.7885036
OFDM,Classical OFDM,5.9960485
OFDM,Classical OFDM,5.681285
OFDM,Classical OFDM,6.389795
OFDM,Classical OFDM,6.0220203
OFDM,Classical OFDM,6.0333056
OFDM,Classical OFDM,5.627756
OFDM,Classical OFDM,6.9047213
OFDM,Classical OFDM,7.4478874
OFDM,Classical OFDM,6.351688
OFDM,Classical OFDM,6.2605906
OFDM,Classical OFDM,7.046567
OFDM,Classical OFDM,6.5110826
OFDM,Classical OFDM,5.998349
OFDM,Classical OFDM,5.26882
OFDM,Classical OFDM,5.7309346
OFDM,Classical OFDM,5.4483995
OFDM,Classical OFDM,7.6754622
OFDM,Classical OFDM,5.6349397
OFDM,Classical OFDM,6.495335
OFDM,Classical OFDM,7.3166723
OFDM,Classical OFDM,5.3779783
OFDM,Classical OFDM,5.8359327
OFDM,Classical OFDM,4.822446
OFDM,Classical OFDM,6.4719224
OFDM,Classical OFDM,6.9895453
OFDM,Classical OFDM,6.008314
OFDM,Classical OFDM,7.607362
OFDM,Classical OFDM,8.68049
OFDM,Classical OFDM,5.837314
OFDM,Classical OFDM,5.7863283
OFDM,Classical OFDM,6.292901
OFDM,Classical OFDM,5.803381
OFDM,Classical OFDM,6.9178267
OFDM,Classical OFDM,6.3223495
OFDM,Classical OFDM,7.0508757
OFDM,Classical OFDM,6.3306694
OFDM,Classical OFDM,6.72316
OFDM,Classical OFDM,6.9563203
OFDM,Classical OFDM,6.847615
OFDM,Classical OFDM,5.5152297
OFDM,Classical OFDM,6.938345
OFDM,Classical OFDM,5.610337
OFDM,Classical OFDM,6.349898
OFDM,Classical OFDM,5.993973
OFDM,Classical OFDM,6.737751
OFDM,Classical OFDM,5.8589697
OFDM,Classical OFDM,6.7626295
OFDM,Classical OFDM,6.7256575
OFDM,Classical OFDM,7.4186373
OFDM,Classical OFDM,6.847638
OFDM,Classical OFDM,7.5489306
OFDM,Classical OFDM,6.4002447
OFDM,Classical OFDM,7.070239
OFDM,Classical OFDM,5.8791666
OFDM,Classical OFDM,7.322822
OFDM,Classical OFDM,8.486399
OFDM,Classical OFDM,6.106719
OFDM,Classical OFDM,6.998595
OFDM,Classical OFDM,5.598736
OFDM,Classical OFDM,6.836234
OFDM,Classical OFDM,7.970243
OFDM,Classical OFDM,6.053442
OFDM,Classical OFDM,7.571096
OFDM,Classical OFDM,6.950899
OFDM,Classical OFDM,5.867269
OFDM,Classical OFDM,6.525013
OFDM,Classical OFDM,6.0251803
OFDM,Classical OFDM,5.6540585
OFDM,Classical OFDM,5.601001
OFDM,Classical OFDM,6.464668
OFDM,Classical OFDM,5.7264156
OFDM,Classical OFDM,6.3512444
OFDM,Classical OFDM,7.403836
OFDM,Classical OFDM,8.372403
OFDM,Classical OFDM,5.9492426
OFDM,Classical OFDM,6.559398
OFDM,Classical OFDM,6.786559
OFDM,Classical OFDM,8.645553
OFDM,Classical OFDM,9.350787
OFDM,Classical OFDM,6.197936
OFDM,Classical OFDM,6.485834
OFDM,Classical OFDM,5.604031
OFDM,Classical OFDM,4.9771366
OFDM,Classical OFDM,6.9170933
OFDM,Classical OFDM,4.3990293
OFDM,Classical OFDM,7.905076
OFDM,Classical OFDM,5.892033
OFDM,Classical OFDM,7.120598
OFDM,Classical OFDM,5.082524
OFDM,Classical OFDM,5.6074514
OFDM,Classical OFDM,6.5454583
OFDM,Classical OFDM,5.8653636
OFDM,Classical OFDM,5.744972
OFDM,Classical OFDM,5.027705
OFDM,Classical OFDM,6.7807107
OFDM,Classical OFDM,7.927574
OFDM,Classical OFDM,8.095017
OFDM,Classical OFDM,7.918205
OFDM,Classical OFDM,6.037087
OFDM,Classical OFDM,6.7901745
OFDM,Classical OFDM,7.5922675
OFDM,Classical OFDM,6.370692
OFDM,Classical OFDM,5.760512
OFDM,Classical OFDM,7.463052
OFDM,Classical OFDM,7.0975122
OFDM,Classical OFDM,5.9802346
OFDM,Classical OFDM,7.017217
OFDM,Classical OFDM,7.070322
OFDM,Classical OFDM,7.1121197
OFDM,Classical OFDM,7.90386
OFDM,Classical OFDM,5.7498956
OFDM,Classical OFDM,7.799711
OFDM,Classical OFDM,6.577437
OFDM,Classical OFDM,5.4336014
OFDM,Classical OFDM,6.10939
OFDM,Classical OFDM,5.7482777
OFDM,Classical OFDM,7.3517084
OFDM,Classical OFDM,6.043443
OFDM,Classical OFDM,7.6460524
OFDM,Classical OFDM,5.369071
OFDM,Classical OFDM,8.862157
OFDM,Classical OFDM,7.2695436
OFDM,Classical OFDM,5.373976
OFDM,Classical OFDM,8.207611
OFDM,Classical OFDM,6.4919558
OFDM,Classical OFDM,7.2711897
OFDM,Classical OFDM,7.720859
OFDM,Classical OFDM,5.4028535
OFDM,Classical OFDM,7.321646
OFDM,Classical OFDM,8.853216
OFDM,Classical OFDM,6.246084
OFDM,Classical OFDM,7.4808264
OFDM,Classical OFDM,6.94491
OFDM,Classical OFDM,7.5892143
OFDM,Classical OFDM,7.41539
OFDM,Classical OFDM,4.8254895
OFDM,Classical OFDM,6.317479
OFDM,Classical OFDM,7.1571107
OFDM,Classical OFDM,6.8164988
OFDM,Classical OFDM,9.6806555
OFDM,Classical OFDM,7.9639263
OFDM,Classical OFDM,5.5868273
OFDM,Classical OFDM,7.3209577
OFDM,Classical OFDM,5.633214
OFDM,Classical OFDM,5.230668
OFDM,Classical OFDM,6.553597
OFDM,Classical OFDM,6.778662
OFDM,Classical OFDM,6.62647
OFDM,Classical OFDM,4.8040805
OFDM,Classical OFDM,7.8753905
OFDM,Classical OFDM,6.419133
OFDM,Classical OFDM,5.4299397
OFDM,Classical OFDM,7.310211
OFDM,Classical OFDM,7.6164904
OFDM,Classical OFDM,6.951475
OFDM,Classical OFDM,6.1747475
OFDM,Classical OFDM,5.9214535
OFDM,Classical OFDM,6.1509604
OFDM,Classical OFDM,10.243897
OFDM,Classical OFDM,6.311462
OFDM,Classical OFDM,5.40499
OFDM,Classical OFDM,6.3410053
OFDM,Classical OFDM,6.3321056
OFDM,Classical OFDM,7.0852337
OFDM,Classical OFDM,7.3488545
OFDM,Classical OFDM,6.56509
OFDM,Classical OFDM,8.039037
OFDM,Classical OFDM,7.4469543
OFDM,Classical OFDM,5.6152754
OFDM,Classical OFDM,8.440237
OFDM,Classical OFDM,5.847965
OFDM,Classical OFDM,5.849842
OFDM,Classical OFDM,7.0582027
OFDM,Classical OFDM,6.934681
OFDM,Classical OFDM,7.3013234
OFDM,Classical OFDM,5.821547
OFDM,Classical OFDM,5.698216
OFDM,Classical OFDM,5.4261694
OFDM,Classical OFDM,5.768281
OFDM,Classical OFDM,6.05633
OFDM,Classical OFDM,7.1888537
OFDM,Classical OFDM,6.9118996
OFDM,Classical OFDM,7.818051
OFDM,Classical OFDM,6.0652723
OFDM,Classical OFDM,5.617196
OFDM,Classical OFDM,8.835041
OFDM,Classical OFDM,6.3714714
OFDM,Classical OFDM,6.3826056
OFDM,Classical OFDM,6.7798448
OFDM,Classical OFDM,5.710008
OFDM,Classical OFDM,5.432416
OFDM,Classical OFDM,5.9371986
OFDM,Classical OFDM,5.206126
OFDM,Classical OFDM,6.1749535
OFDM,Classical OFDM,6.6035895
OFDM,Classical OFDM,7.6280904
OFDM,Classical OFDM,6.003656
OFDM,Classical OFDM,6.1935825
OFDM,Classical OFDM,7.0929146
OFDM,Classical OFDM,7.364859
OFDM,Classical OFDM,6.616552
OFDM,Classical OFDM,5.3715115
OFDM,Classical OFDM,6.292966
OFDM,Classical OFDM,5.338949
OFDM,Classical OFDM,6.255686
OFDM,Classical OFDM,5.0281863
OFDM,Classical OFDM,6.269665
OFDM,Classical OFDM,5.1574416
OFDM,Classical OFDM,6.415921
OFDM,Classical OFDM,7.046196
OFDM,Classical OFDM,6.031372
OFDM,Classical OFDM,6.349242
OFDM,Classical OFDM,6.992735
OFDM,Classical OFDM,7.6134224
OFDM,Classical OFDM,6.8705072
OFDM,Classical OFDM,5.96523
OFDM,Classical OFDM,8.666896
OFDM,Classical OFDM,6.0405293
OFDM,Classical OFDM,7.4324512
OFDM,Classical OFDM,5.7914124
OFDM,Classical OFDM,7.7739296
OFDM,Classical OFDM,6.6446567
OFDM,Classical OFDM,6.9617085
OFDM,Classical OFDM,8.870911
OFDM,Classical OFDM,6.493097
OFDM,Classical OFDM,6.199927
OFDM,Classical OFDM,6.8712115
OFDM,Classical OFDM,6.413781
OFDM,Classical OFDM,7.141974
OFDM,Classical OFDM,6.553669
OFDM,Classical OFDM,5.380045
OFDM,Classical OFDM,6.9679546
OFDM,Classical OFDM,5.8823957
OFDM,Classical OFDM,7.1392107
OFDM,Classical OFDM,6.5771604
OFDM,Classical OFDM,5.9539404
OFDM,Classical OFDM,6.491168
OFDM,Classical OFDM,6.1063743
OFDM,Classical OFDM,9.087513
OFDM,Classical OFDM,6.3250275
OFDM,Classical OFDM,6.9218245
OFDM,Classical OFDM,5.9261045
OFDM,Classical OFDM,6.364241
OFDM,Classical OFDM,5.7461004
OFDM,Classical OFDM,4.7223573
OFDM,Classical OFDM,6.273138
OFDM,Classical OFDM,6.324991
OFDM,Classical OFDM,6.9867463
OFDM,Classical OFDM,6.249282
OFDM,Classical OFDM,5.573461
OFDM,Classical OFDM,9.049427
OFDM,Classical OFDM,5.4061127
OFDM,Classical OFDM,5.157714
OFDM,Classical OFDM,7.125383
OFDM,Classical OFDM,6.6466694
OFDM,Classical OFDM,5.776574
OFDM,Classical OFDM,8.10999
OFDM,Classical OFDM,6.7045565
OFDM,Classical OFDM,5.4877462
OFDM,Classical OFDM,6.954586
OFDM,Classical OFDM,6.364232
OFDM,Classical OFDM,8.062227
OFDM,Classical OFDM,7.2741995
OFDM,Classical OFDM,6.51504
OFDM,Classical OFDM,8.143619
OFDM,Classical OFDM,6.606762
OFDM,Classical OFDM,6.4795
OFDM,Classical OFDM,5.565034
OFDM,Classical OFDM,6.0839205
OFDM,Classical OFDM,5.9488935
OFDM,Classical OFDM,7.9483633
OFDM,Classical OFDM,7.6620107
OFDM,Classical OFDM,7.2374115
OFDM,Classical OFDM,6.1135902
OFDM,Classical OFDM,6.216994
OFDM,Classical OFDM,7.3217726
OFDM,Classical OFDM,7.3639874
OFDM,Classical OFDM,5.358163
OFDM,Classical OFDM,7.170773
OFDM,Classical OFDM,6.041543
OFDM,Classical OFDM,7.2844033
OFDM,Classical OFDM,5.6336565
OFDM,Classical OFDM,6.7353573
OFDM,Classical OFDM,6.5102625
OFDM,Classical OFDM,5.894026
OFDM,Classical OFDM,9.216691
OFDM,Classical OFDM,6.8918633
OFDM,Classical OFDM,6.98077
OFDM,Classical OFDM,6.9397573
OFDM,Classical OFDM,5.4329605
OFDM,Classical OFDM,6.0695696
OFDM,Classical OFDM,6.623679
OFDM,Classical OFDM,6.7748046
OFDM,Classical OFDM,5.5463324
OFDM,Classical OFDM,7.039095
OFDM,Classical OFDM,6.0697837
OFDM,Classical OFDM,8.563826
OFDM,Classical OFDM,6.620417
OFDM,Classical OFDM,7.5491133
OFDM,Classical OFDM,9.052291
OFDM,Classical OFDM,6.4136934
OFDM,Classical OFDM,6.2438035
OFDM,Classical OFDM,6.530096
OFDM,Classical OFDM,5.778884
OFDM,Classical OFDM,6.352353
OFDM,Classical OFDM,6.32988
OFDM,Classical OFDM,6.827198
OFDM,Classical OFDM,5.926357
OFDM,Classical OFDM,4.276378
OFDM,Classical OFDM,7.315157
OFDM,Classical OFDM,6.2292414
OFDM,Classical OFDM,7.2513633
OFDM,Classical OFDM,7.723346
OFDM,Classical OFDM,7.2612667
OFDM,Classical OFDM,5.0856295
OFDM,Classical OFDM,8.199376
OFDM,Classical OFDM,6.662481
OFDM,Classical OFDM,5.8694267
OFDM,Classical OFDM,7.7865195
OFDM,Classical OFDM,6.8842845
OFDM,Classical OFDM,8.352997
OFDM,Classical OFDM,7.067689
OFDM,Classical OFDM,6.156415
OFDM,Classical OFDM,9.273362
OFDM,Classical OFDM,7.664023
OFDM,Classical OFDM,7.7891183
OFDM,Classical OFDM,6.2733135
OFDM,Classical OFDM,6.7148523
OFDM,Classical OFDM,6.226289
OFDM,Classical OFDM,6.6031313
OFDM,Classical OFDM,5.216663
OFDM,Classical OFDM,6.0171967
OFDM,Classical OFDM,5.301709
OFDM,Classical OFDM,7.0809174
OFDM,Classical OFDM,9.098579
OFDM,Classical OFDM,5.628299
OFDM,Classical OFDM,7.04924
OFDM,Classical OFDM,8.32701
OFDM,Classical OFDM,7.0897193
OFDM,Classical OFDM,5.6203165
OFDM,Classical OFDM,7.858744
OFDM,Classical OFDM,5.204276
OFDM,Classical OFDM,5.5399475
OFDM,Classical OFDM,7.8121557
OFDM,Classical OFDM,8.425978
OFDM,Classical OFDM,6.33349
OFDM,Classical OFDM,5.5866575
OFDM,Classical OFDM,8.466763
OFDM,Classical OFDM,5.729039
OFDM,Classical OFDM,5.4772434
OFDM,Classical OFDM,9.326427
OFDM,Classical OFDM,5.556754
OFDM,Classical OFDM,7.8680806
OFDM,Classical OFDM,7.1486382
OFDM,Classical OFDM,6.4749975
OFDM,Classical OFDM,7.709363
OFDM,Classical OFDM,7.4677153
OFDM,Classical OFDM,8.251545
OFDM,Classical OFDM,6.9152
OFDM,Classical OFDM,6.903241
OFDM,Classical OFDM,6.5985994
OFDM,Classical OFDM,5.43827
OFDM,Classical OFDM,7.8813653
OFDM,Classical OFDM,6.8118095
OFDM,Classical OFDM,7.02258
OFDM,Classical OFDM,6.630207
OFDM,Classical OFDM,7.4925175
OFDM,Classical OFDM,5.8773317
OFDM,Classical OFDM,5.9095125
OFDM,Classical OFDM,5.889311
OFDM,Classical OFDM,8.353288
OFDM,Classical OFDM,5.874669
OFDM,Classical OFDM,5.378935
OFDM,Classical OFDM,4.903313
OFDM,Classical OFDM,6.2165184
OFDM,Classical OFDM,7.5635557
OFDM,Classical OFDM,7.006712
OFDM,Classical OFDM,5.769069
OFDM,Classical OFDM,8.073021
OFDM,Classical OFDM,7.2079425
OFDM,Classical OFDM,6.207223
OFDM,Classical OFDM,6.4786906
OFDM,Classical OFDM,6.5872483
OFDM,Classical OFDM,6.7102046
OFDM,Classical OFDM,5.720265
OFDM,Classical OFDM,5.6309943
OFDM,Classical OFDM,9.9639435
OFDM,Classical OFDM,5.3392735
OFDM,Classical OFDM,5.6334233
OFDM,Classical OFDM,6.175616
OFDM,Classical OFDM,7.005681
OFDM,Classical OFDM,6.2837644
OFDM,Classical OFDM,9.215733
OFDM,Classical OFDM,6.5483904
OFDM,Classical OFDM,6.811721
OFDM,Classical OFDM,9.033216
OFDM,Classical OFDM,7.593961
OFDM,Classical OFDM,6.675901
OFDM,Classical OFDM,5.4099774
OFDM,Classical OFDM,5.89824
OFDM,Classical OFDM,6.5767746
OFDM,Classical OFDM,7.499069
OFDM,Classical OFDM,5.91203
OFDM,Classical OFDM,5.263978
OFDM,Classical OFDM,7.634142
OFDM,Classical OFDM,5.9547014
OFDM,Classical OFDM,6.132621
OFDM,Classical OFDM,6.284547
OFDM,Classical OFDM,8.115437
OFDM,Classical OFDM,5.7779293
OFDM,Classical OFDM,6.523119
OFDM,Classical OFDM,7.328899
OFDM,Classical OFDM,6.2322874
OFDM,Classical OFDM,6.702635
OFDM,Classical OFDM,7.994134
OFDM,Classical OFDM,5.9508734
OFDM,Classical OFDM,7.1545796
OFDM,Classical OFDM,6.520695
OFDM,Classical OFDM,8.147128
OFDM,Classical OFDM,4.873806
OFDM,Classical OFDM,8.271767
OFDM,Classical OFDM,7.526472
OFDM,Classical OFDM,5.854549
OFDM,Classical OFDM,6.7606955
OFDM,Classical OFDM,7.7535367
OFDM,Classical OFDM,7.1345925
OFDM,Classical OFDM,6.1802473
OFDM,Classical OFDM,5.900488
OFDM,Classical OFDM,9.226367
OFDM,Classical OFDM,8.762695
OFDM,Classical OFDM,6.106868
OFDM,Classical OFDM,6.9087324
OFDM,Classical OFDM,6.641335
OFDM,Classical OFDM,7.2356663
OFDM,Classical OFDM,6.242032
OFDM,Classical OFDM,5.814663
OFDM,Classical OFDM,7.031336
OFDM,Classical OFDM,7.320528
OFDM,Classical OFDM,7.1936207
OFDM,Classical OFDM,5.6576734
OFDM,Classical OFDM,6.6619873
OFDM,Classical OFDM,8.093457
OFDM,Classical OFDM,4.818084
OFDM,Classical OFDM,7.272179
OFDM,Classical OFDM,8.609218
OFDM,Classical OFDM,8.138292
OFDM,Classical OFDM,6.047696
OFDM,Classical OFDM,8.07712
OFDM,Classical OFDM,6.821716
OFDM,Classical OFDM,6.9435143
OFDM,Classical OFDM,7.778224
OFDM,Classical OFDM,5.988803
OFDM,Classical OFDM,5.2760115
OFDM,Classical OFDM,8.39858
OFDM,Classical OFDM,6.674314
OFDM,Classical OFDM,7.234994
OFDM,Classical OFDM,5.2380714
OFDM,Classical OFDM,6.7172623
OFDM,Classical OFDM,5.790603
OFDM,Classical OFDM,8.1955185
OFDM,Classical OFDM,5.870829
OFDM,Classical OFDM,7.879366
OFDM,Classical OFDM,6.441348
OFDM,Classical OFDM,8.009933
OFDM,Classical OFDM,7.2297506
OFDM,Classical OFDM,6.860161
OFDM,Classical OFDM,6.8240128
OFDM,Classical OFDM,6.6103096
OFDM,Classical OFDM,5.214904
OFDM,Classical OFDM,7.253961
OFDM,Classical OFDM,7.2603397
OFDM,Classical OFDM,5.628841
OFDM,Classical OFDM,6.4636154
OFDM,Classical OFDM,6.458641
OFDM,Classical OFDM,7.770137
OFDM,Classical OFDM,7.1428447
OFDM,Classical OFDM,6.6414456
OFDM,Classical OFDM,6.621767
OFDM,Classical OFDM,7.446282
OFDM,Classical OFDM,5.9396653
OFDM,Classical OFDM,7.8002267
OFDM,Classical OFDM,8.214793
OFDM,Classical OFDM,5.7530212
OFDM,Classical OFDM,6.725252
OFDM,Classical OFDM,6.621853
OFDM,Classical OFDM,5.770527
OFDM,Classical OFDM,4.8485885
OFDM,Classical OFDM,7.012487
OFDM,Classical OFDM,7.7432795
OFDM,Classical OFDM,6.649067
OFDM,Classical OFDM,6.4222407
OFDM,Classical OFDM,6.286459
OFDM,Classical OFDM,7.1620564
OFDM,Classical OFDM,7.5700836
OFDM,Classical OFDM,8.811286
OFDM,Classical OFDM,6.088006
OFDM,Classical OFDM,6.318114
OFDM,Classical OFDM,6.873932
OFDM,Classical OFDM,7.060746
OFDM,Classical OFDM,8.039737
OFDM,Classical OFDM,6.3928747
OFDM,Classical OFDM,8.464397
OFDM,Classical OFDM,5.459397
OFDM,Classical OFDM,5.4316335
OFDM,Classical OFDM,6.5760756
OFDM,Classical OFDM,6.8935256
OFDM,Classical OFDM,6.997213
OFDM,Classical OFDM,5.952933
OFDM,Classical OFDM,6.733498
OFDM,Classical OFDM,7.267718
OFDM,Classical OFDM,4.7798777
OFDM,Classical OFDM,6.5864887
OFDM,Classical OFDM,5.5564327
OFDM,Classical OFDM,6.0944695
OFDM,Classical OFDM,6.4448524
OFDM,Classical OFDM,5.553453
OFDM,Classical OFDM,7.1989965
OFDM,Classical OFDM,7.0830226
OFDM,Classical OFDM,5.7549887
OFDM,Classical OFDM,7.736857
OFDM,Classical OFDM,6.7178397
OFDM,Classical OFDM,8.266774
OFDM,Classical OFDM,5.440412
OFDM,Classical OFDM,6.2595387
OFDM,Classical OFDM,5.795705
OFDM,Classical OFDM,5.390317
OFDM,Classical OFDM,8.644783
OFDM,Classical OFDM,5.122292
OFDM,Classical OFDM,6.952668
OFDM,Classical OFDM,6.0259647
OFDM,Classical OFDM,6.5057993
OFDM,Classical OFDM,8.357521
OFDM,Classical OFDM,6.657357
OFDM,Classical OFDM,8.5769
OFDM,Classical OFDM,5.863785
OFDM,Classical OFDM,6.5914683
OFDM,Classical OFDM,7.0257883
OFDM,Classical OFDM,7.4329414
OFDM,Classical OFDM,7.063842
OFDM,Classical OFDM,7.236124
OFDM,Classical OFDM,5.8925776
OFDM,Classical OFDM,6.294186
OFDM,Classical OFDM,5.008621
OFDM,Classical OFDM,4.997923
OFDM,Classical OFDM,5.5917587
OFDM,Classical OFDM,7.515425
OFDM,Classical OFDM,7.1107388
OFDM,Classical OFDM,6.0677614
OFDM,Classical OFDM,7.14657
OFDM,Classical OFDM,5.7448006
OFDM,Classical OFDM,8.215843
OFDM,Classical OFDM,6.3027143
OFDM,Classical OFDM,6.4732175
OFDM,Classical OFDM,7.562766
OFDM,Classical OFDM,5.467686
OFDM,Classical OFDM,6.024783
OFDM,Classical OFDM,8.254222
OFDM,Classical OFDM,7.1455235
OFDM,Classical OFDM,7.86953
OFDM,Classical OFDM,5.8789616
OFDM,Classical OFDM,4.876254
OFDM,Classical OFDM,5.4741473
OFDM,Classical OFDM,5.3453994
OFDM,Classical OFDM,5.788332
OFDM,Classical OFDM,6.589877
OFDM,Classical OFDM,8.0848875
OFDM,Classical OFDM,7.2065916
OFDM,Classical OFDM,6.9821763
OFDM,Classical OFDM,6.2346144
OFDM,Classical OFDM,7.1923094
OFDM,Classical OFDM,6.8222227
OFDM,Classical OFDM,7.9779625
OFDM,Classical OFDM,5.974298
OFDM,Classical OFDM,7.71558
OFDM,Classical OFDM,5.770964
OFDM,Classical OFDM,7.671502
OFDM,Classical OFDM,6.7295275
OFDM,Classical OFDM,7.0222044
OFDM,Classical OFDM,5.679562
OFDM,Classical OFDM,6.401794
OFDM,Classical OFDM,7.4055634
OFDM,Classical OFDM,6.9989543
OFDM,Classical OFDM,8.065392
OFDM,Classical OFDM,6.4992614
OFDM,Classical OFDM,7.3087378
OFDM,Classical OFDM,6.9609365
OFDM,Classical OFDM,6.944883
OFDM,Classical OFDM,5.9563737
OFDM,Classical OFDM,6.0254188
OFDM,Classical OFDM,7.3060064
OFDM,Classical OFDM,6.187225
OFDM,Classical OFDM,5.6925225
OFDM,Classical OFDM,5.9314747
OFDM,Classical OFDM,8.228458
OFDM,Classical OFDM,6.299592
OFDM,Classical OFDM,6.8472075
OFDM,Classical OFDM,4.63487
OFDM,Classical OFDM,7.1482162
OFDM,Classical OFDM,7.602125
OFDM,Classical OFDM,5.643516
OFDM,Classical OFDM,6.36025
OFDM,Classical OFDM,6.3122997
OFDM,Classical OFDM,6.7909765
OFDM,Classical OFDM,5.659622
OFDM,Classical OFDM,5.315302
OFDM,Classical OFDM,7.7926946
OFDM,Classical OFDM,8.98642
OFDM,Classical OFDM,5.349677
OFDM,Classical OFDM,6.507489
OFDM,Classical OFDM,6.5131683
OFDM,Classical OFDM,6.4283886
OFDM,Classical OFDM,7.950614
OFDM,Classical OFDM,6.123393
OFDM,Classical OFDM,6.8548174
OFDM,Classical OFDM,7.577153
OFDM,Classical OFDM,7.5300355
OFDM,Classical OFDM,7.645082
OFDM,Classical OFDM,9.102336
OFDM,Classical OFDM,5.0941114
OFDM,Classical OFDM,7.905759
OFDM,Classical OFDM,7.0597496
OFDM,Classical OFDM,5.175456
OFDM,Classical OFDM,5.3956895
OFDM,Classical OFDM,7.7785625
OFDM,Classical OFDM,6.535649
OFDM,Classical OFDM,6.5388756
OFDM,Classical OFDM,6.586898
OFDM,Classical OFDM,6.5387287
OFDM,Classical OFDM,5.7058153
OFDM,Classical OFDM,6.6955566
OFDM,Classical OFDM,8.556084
OFDM,Classical OFDM,6.25571
OFDM,Classical OFDM,7.198381
OFDM,Classical OFDM,7.631303
OFDM,Classical OFDM,6.052124
OFDM,Classical OFDM,6.655241
OFDM,Classical OFDM,6.6193156
OFDM,Classical OFDM,8.97002
OFDM,Classical OFDM,6.2265444
OFDM,Classical OFDM,7.542412
OFDM,Classical OFDM,7.0729914
OFDM,Classical OFDM,7.0479465
OFDM,Classical OFDM,7.1817017
OFDM,Classical OFDM,5.788969
OFDM,Classical OFDM,8.451251
OFDM,Classical OFDM,6.0239153
OFDM,Classical OFDM,5.225561
OFDM,Classical OFDM,6.4875484
OFDM,Classical OFDM,5.3922386
OFDM,Classical OFDM,6.968937
OFDM,Classical OFDM,5.935935
OFDM,Classical OFDM,7.764787
OFDM,Classical OFDM,5.5589895
OFDM,Classical OFDM,6.5816746
OFDM,Classical OFDM,7.5055623
OFDM,Classical OFDM,8.279403
OFDM,Classical OFDM,5.687967
OFDM,Classical OFDM,5.523179
OFDM,Classical OFDM,7.869419
OFDM,Classical OFDM,6.1468053
OFDM,Classical OFDM,5.8510885
OFDM,Classical OFDM,6.4247584
OFDM,Classical OFDM,6.979809
OFDM,Classical OFDM,7.3140335
OFDM,Classical OFDM,5.9386997
OFDM,Classical OFDM,7.978115
OFDM,Classical OFDM,5.864339
OFDM,Classical OFDM,6.3013597
OFDM,Classical OFDM,5.2439375
OFDM,Classical OFDM,6.376459
OFDM,Classical OFDM,5.3840804
OFDM,Classical OFDM,6.6631727
OFDM,Classical OFDM,6.9804006
OFDM,Classical OFDM,6.9685106
OFDM,Classical OFDM,7.4707313
OFDM,Classical OFDM,7.0553117
OFDM,Classical OFDM,7.004082
OFDM,Classical OFDM,6.2000504
OFDM,Classical OFDM,6.189156
OFDM,Classical OFDM,5.80202
OFDM,Classical OFDM,6.712838
OFDM,Classical OFDM,7.9034142
OFDM,Classical OFDM,5.3082423
OFDM,Classical OFDM,5.9020195
OFDM,Classical OFDM,7.1124296
OFDM,Classical OFDM,9.632655
OFDM,Classical OFDM,6.399212
OFDM,Classical OFDM,7.7268977
OFDM,Classical OFDM,5.1586056
OFDM,Classical OFDM,7.2146297
OFDM,Classical OFDM,6.1427736
OFDM,Classical OFDM,7.325037
OFDM,Classical OFDM,7.289876
OFDM,Classical OFDM,7.803031
OFDM,Classical OFDM,5.3632193
OFDM,Classical OFDM,6.7478056
OFDM,Classical OFDM,7.213812
OFDM,Classical OFDM,6.771717
OFDM,Classical OFDM,7.0859375
OFDM,Classical OFDM,6.207373
OFDM,Classical OFDM,7.2411685
OFDM,Classical OFDM,7.001358
OFDM,Classical OFDM,6.523404
OFDM,Classical OFDM,7.815881
OFDM,Classical OFDM,8.267911
OFDM,Classical OFDM,5.4045343
OFDM,Classical OFDM,6.901387
OFDM,Classical OFDM,6.4258823
OFDM,Classical OFDM,8.175205
OFDM,Classical OFDM,7.40372
OFDM,Classical OFDM,7.2392206
OFDM,Classical OFDM,5.9326596
OFDM,Classical OFDM,7.92937
OFDM,Classical OFDM,7.426901
OFDM,Classical OFDM,5.8985386
OFDM,Classical OFDM,5.161978
OFDM,Classical OFDM,5.688363
OFDM,Classical OFDM,6.9831347
OFDM,Classical OFDM,7.129862
OFDM,Classical OFDM,6.0863686
OFDM,Classical OFDM,8.849596
OFDM,Classical OFDM,5.3752418
OFDM,Classical OFDM,6.5890665
OFDM,Classical OFDM,7.9489903
OFDM,Classical OFDM,7.4527793
OFDM,Classical OFDM,5.9539175
OFDM,Classical OFDM,6.7556696
OFDM,Classical OFDM,6.585694
OFDM,Classical OFDM,6.406669
OFDM,Classical OFDM,7.9539323
OFDM,Classical OFDM,5.9266477
OFDM,Classical OFDM,7.2753477
OFDM,Classical OFDM,5.729805
OFDM,Classical OFDM,6.863714
OFDM,Classical OFDM,8.726594
OFDM,Classical OFDM,7.415766
OFDM,Classical OFDM,6.4566126
OFDM,Classical OFDM,7.218842
OFDM,Classical OFDM,6.591375
OFDM,Classical OFDM,4.586906
OFDM,Classical OFDM,5.5538898
OFDM,Classical OFDM,6.5289297
OFDM,Classical OFDM,5.3430777
OFDM,Classical OFDM,6.00862
OFDM,Classical OFDM,4.9034367
OFDM,Classical OFDM,5.1733403
OFDM,Classical OFDM,5.904917
OFDM,Classical OFDM,5.7075233
OFDM,Classical OFDM,6.015926
OFDM,Classical OFDM,6.233559
OFDM,Classical OFDM,6.9771624
OFDM,Classical OFDM,7.773425
OFDM,Classical OFDM,5.5182786
OFDM,Classical OFDM,6.0691566
OFDM,Classical OFDM,5.290999
OFDM,Classical OFDM,5.6420226
OFDM,Classical OFDM,7.496477
OFDM,Classical OFDM,7.317695
OFDM,Classical OFDM,6.7753057
OFDM,Classical OFDM,7.1442647
OFDM,Classical OFDM,5.2038913
OFDM,Classical OFDM,6.1638045
OFDM,Classical OFDM,6.010594
OFDM,Classical OFDM,7.1296415
OFDM,Classical OFDM,7.1033745
OFDM,Classical OFDM,5.7737346
OFDM,Classical OFDM,6.253447
OFDM,Classical OFDM,6.5060925
OFDM,Classical OFDM,6.568145
OFDM,Classical OFDM,5.642604
OFDM,Classical OFDM,6.784162
OFDM,Classical OFDM,6.522594
OFDM,Classical OFDM,6.509487
OFDM,Classical OFDM,6.3885975
OFDM,Classical OFDM,5.8978753
OFDM,Classical OFDM,5.4141145
OFDM,Classical OFDM,6.282389
OFDM,Classical OFDM,7.953974
OFDM,Classical OFDM,8.096277
OFDM,Classical OFDM,5.5954247
OFDM,Classical OFDM,5.1522846
OFDM,Classical OFDM,5.0170317
OFDM,Classical OFDM,7.022826
OFDM,Classical OFDM,8.689669
OFDM,Classical OFDM,8.004057
OFDM,Classical OFDM,5.988964
OFDM,Classical OFDM,6.322518
OFDM,Classical OFDM,5.8644223
OFDM,Classical OFDM,6.829483
OFDM,Classical OFDM,7.433128
OFDM,Classical OFDM,5.818193
OFDM,Classical OFDM,8.75221
OFDM,Classical OFDM,4.354809
OFDM,Classical OFDM,5.9235554
OFDM,Classical OFDM,7.5774937
OFDM,Classical OFDM,6.678147
OFDM,Classical OFDM,7.9719687
OFDM,Classical OFDM,6.3320255
OFDM,Classical OFDM,5.159233
OFDM,Classical OFDM,6.7262197
OFDM,Classical OFDM,6.3295183
OFDM,Classical OFDM,8.262375
OFDM,Classical OFDM,8.345937
OFDM,Classical OFDM,5.7380238
OFDM,Classical OFDM,7.121592
OFDM,Classical OFDM,4.67338
OFDM,Classical OFDM,6.365224
OFDM,Classical OFDM,6.758149
OFDM,Classical OFDM,5.0521173
OFDM,Classical OFDM,7.200737
OFDM,Classical OFDM,6.8244705
OFDM,Classical OFDM,8.467602
OFDM,Classical OFDM,7.3786964
OFDM,Classical OFDM,6.4351373
OFDM,Classical OFDM,6.4223027
OFDM,Classical OFDM,5.245456
OFDM,Classical OFDM,7.733612
OFDM,Classical OFDM,6.7593317
OFDM,Classical OFDM,7.2644835
OFDM,Classical OFDM,7.753008
OFDM,Classical OFDM,8.460542
OFDM,Classical OFDM,6.2392716
OFDM,Classical OFDM,6.37281
OFDM,Classical OFDM,8.763355
OFDM,Classical OFDM,6.3207636
OFDM,Classical OFDM,9.315659
OFDM,Classical OFDM,7.216895
OFDM,Classical OFDM,6.882803
OFDM,Classical OFDM,5.8299046
OFDM,Classical OFDM,6.8021765
OFDM,Classical OFDM,6.572364
OFDM,Classical OFDM,5.332099
OFDM,Classical OFDM,6.0301547
OFDM,Classical OFDM,4.7054353
OFDM,Classical OFDM,6.2976575
OFDM,Classical OFDM,6.068651
OFDM,Classical OFDM,5.8042507
OFDM,Classical OFDM,5.6191545
OFDM,Classical OFDM,5.237829
OFDM,Classical OFDM,7.206798
OFDM,Classical OFDM,6.137043
OFDM,Classical OFDM,6.521636
Learned,Learned Basis,5.2543063
Learned,Learned Basis,6.0124927
Learned,Learned Basis,5.0535164
Learned,Learned Basis,4.9698334
Learned,Learned Basis,4.5730934
Learned,Learned Basis,6.510312
Learned,Learned Basis,6.511899
Learned,Learned Basis,6.5505543
Learned,Learned Basis,5.902828
Learned,Learned Basis,5.848794
Learned,Learned Basis,4.3921394
Learned,Learned Basis,4.7942996
Learned,Learned Basis,4.214544
Learned,Learned Basis,6.8802304
Learned,Learned Basis,5.687242
Learned,Learned Basis,4.2727604
Learned,Learned Basis,4.722765
Learned,Learned Basis,5.1284437
Learned,Learned Basis,4.5796585
Learned,Learned Basis,4.2447762
Learned,Learned Basis,5.42743
Learned,Learned Basis,4.392194
Learned,Learned Basis,4.9822664
Learned,Learned Basis,4.8970037
Learned,Learned Basis,4.0271907
Learned,Learned Basis,4.7472067
Learned,Learned Basis,3.6041746
Learned,Learned Basis,5.661302
Learned,Learned Basis,5.176447
Learned,Learned Basis,5.9618864
Learned,Learned Basis,5.0638385
Learned,Learned Basis,5.4205017
Learned,Learned Basis,5.5447764
Learned,Learned Basis,5.235941
Learned,Learned Basis,4.872245
Learned,Learned Basis,6.010055
Learned,Learned Basis,6.5886297
Learned,Learned Basis,5.8373046
Learned,Learned Basis,5.3857803
Learned,Learned Basis,5.6683774
Learned,Learned Basis,4.9598866
Learned,Learned Basis,4.511256
Learned,Learned Basis,5.1132727
Learned,Learned Basis,5.737241
Learned,Learned Basis,5.1815085
Learned,Learned Basis,6.01551
Learned,Learned Basis,4.339369
Learned,Learned Basis,5.713682
Learned,Learned Basis,5.0211434
Learned,Learned Basis,5.099129
Learned,Learned Basis,7.951136
Learned,Learned Basis,3.6157942
Learned,Learned Basis,4.3726654
Learned,Learned Basis,4.9634786
Learned,Learned Basis,5.5983686
Learned,Learned Basis,4.890793
Learned,Learned Basis,6.4659767
Learned,Learned Basis,5.039158
Learned,Learned Basis,4.1198225
Learned,Learned Basis,5.5126257
Learned,Learned Basis,5.7521276
Learned,Learned Basis,5.7919083
Learned,Learned Basis,5.9382353
Learned,Learned Basis,4.7512193
Learned,Learned Basis,4.911155
Learned,Learned Basis,4.468835
Learned,Learned Basis,4.1047854
Learned,Learned Basis,6.6463137
Learned,Learned Basis,4.1931705
Learned,Learned Basis,4.5918994
Learned,Learned Basis,5.64318
Learned,Learned Basis,4.569728
Learned,Learned Basis,4.0345902
Learned,Learned Basis,6.936247
Learned,Learned Basis,5.2274876
Learned,Learned Basis,4.372305
Learned,Learned Basis,5.112777
Learned,Learned Basis,4.9743385
Learned,Learned Basis,5.8028164
Learned,Learned Basis,6.0247374
Learned,Learned Basis,5.230904
Learned,Learned Basis,5.6452794
Learned,Learned Basis,5.7116385
Learned,Learned Basis,4.606874
Learned,Learned Basis,5.959012
Learned,Learned Basis,5.747678
Learned,Learned Basis,6.236004
Learned,Learned Basis,4.610285
Learned,Learned Basis,5.2156982
Learned,Learned Basis,4.535423
Learned,Learned Basis,5.09072
Learned,Learned Basis,5.860778
Learned,Learned Basis,5.279271
Learned,Learned Basis,4.177752
Learned,Learned Basis,5.7594137
Learned,Learned Basis,6.375468
Learned,Learned Basis,4.4335213
Learned,Learned Basis,4.978596
Learned,Learned Basis,7.184639
Learned,Learned Basis,5.2304735
Learned,Learned Basis,5.160638
Learned,Learned Basis,4.0995765
Learned,Learned Basis,5.526396
Learned,Learned Basis,5.411562
Learned,Learned Basis,4.852223
Learned,Learned Basis,4.947804
Learned,Learned Basis,6.1283307
Learned,Learned Basis,5.5503664
Learned,Learned Basis,5.218198
Learned,Learned Basis,5.5092688
Learned,Learned Basis,6.1067924
Learned,Learned Basis,4.509674
Learned,Learned Basis,4.9755816
Learned,Learned Basis,6.10005
Learned,Learned Basis,5.5607243
Learned,Learned Basis,6.977525
Learned,Learned Basis,5.8367386
Learned,Learned Basis,6.637417
Learned,Learned Basis,7.560041
Learned,Learned Basis,6.1348143
Learned,Learned Basis,5.2486677
Learned,Learned Basis,3.8528166
Learned,Learned Basis,4.773785
Learned,Learned Basis,4.75545
Learned,Learned Basis,6.310658
Learned,Learned Basis,6.1357956
Learned,Learned Basis,5.6589565
Learned,Learned Basis,4.4030414
Learned,Learned Basis,4.160817
Learned,Learned Basis,6.1905103
Learned,Learned Basis,4.7265377
Learned,Learned Basis,4.7081
Learned,Learned Basis,4.825833
Learned,Learned Basis,4.2233896
Learned,Learned Basis,4.600228
Learned,Learned Basis,6.615295
Learned,Learned Basis,5.4728136
Learned,Learned Basis,6.0984807
Learned,Learned Basis,6.113868
Learned,Learned Basis,5.482021
Learned,Learned Basis,5.199067
Learned,Learned Basis,4.9213905
Learned,Learned Basis,5.085664
Learned,Learned Basis,5.609698
Learned,Learned Basis,5.0096025
Learned,Learned Basis,5.0311365
Learned,Learned Basis,4.815493
Learned,Learned Basis,6.429591
Learned,Learned Basis,5.3706527
Learned,Learned Basis,5.2780104
Learned,Learned Basis,5.7160573
Learned,Learned Basis,5.114876
Learned,Learned Basis,5.3848023
Learned,Learned Basis,5.319604
Learned,Learned Basis,6.284157
Learned,Learned Basis,4.7859335
Learned,Learned Basis,4.4523897
Learned,Learned Basis,5.713906
Learned,Learned Basis,7.4538116
Learned,Learned Basis,4.4006495
Learned,Learned Basis,4.231799
Learned,Learned Basis,3.5245862
Learned,Learned Basis,4.7377434
Learned,Learned Basis,5.124511
Learned,Learned Basis,4.317275
Learned,Learned Basis,5.487406
Learned,Learned Basis,5.1187534
Learned,Learned Basis,5.5199103
Learned,Learned Basis,4.876157
Learned,Learned Basis,5.0265274
Learned,Learned Basis,7.1179466
Learned,Learned Basis,4.499145
Learned,Learned Basis,7.9877214
Learned,Learned Basis,5.6645794
Learned,Learned Basis,5.1235156
Learned,Learned Basis,3.9799705
Learned,Learned Basis,5.107439
Learned,Learned Basis,5.058076
Learned,Learned Basis,6.6091943
Learned,Learned Basis,6.8426666
Learned,Learned Basis,6.291611
Learned,Learned Basis,4.7574477
Learned,Learned Basis,6.8583393
Learned,Learned Basis,4.990014
Learned,Learned Basis,7.382964
Learned,Learned Basis,7.6023965
Learned,Learned Basis,4.361296
Learned,Learned Basis,5.415669
Learned,Learned Basis,6.253397
Learned,Learned Basis,6.9417615
Learned,Learned Basis,4.874641
Learned,Learned Basis,7.278847
Learned,Learned Basis,5.417321
Learned,Learned Basis,5.2428474
Learned,Learned Basis,4.1694617
Learned,Learned Basis,5.7377934
Learned,Learned Basis,4.1159563
Learned,Learned Basis,5.8769665
Learned,Learned Basis,5.2024484
Learned,Learned Basis,4.9377623
Learned,Learned Basis,5.9753556
Learned,Learned Basis,5.5009184
Learned,Learned Basis,6.5524073
Learned,Learned Basis,4.742149
Learned,Learned Basis,6.787752
Learned,Learned Basis,4.483986
Learned,Learned Basis,5.0983315
Learned,Learned Basis,5.2795258
Learned,Learned Basis,6.556504
Learned,Learned Basis,5.9601455
Learned,Learned Basis,5.0312176
Learned,Learned Basis,4.7953405
Learned,Learned Basis,5.7215433
Learned,Learned Basis,5.582917
Learned,Learned Basis,5.9079175
Learned,Learned Basis,5.6012154
Learned,Learned Basis,4.7911983
Learned,Learned Basis,7.4821897
Learned,Learned Basis,4.1762667
Learned,Learned Basis,4.932629
Learned,Learned Basis,4.911532
Learned,Learned Basis,4.2888675
Learned,Learned Basis,4.9423413
Learned,Learned Basis,6.027512
Learned,Learned Basis,6.592806
Learned,Learned Basis,5.662303
Learned,Learned Basis,5.5221467
Learned,Learned Basis,6.0498834
Learned,Learned Basis,4.284368
Learned,Learned Basis,4.88769
Learned,Learned Basis,5.8959026
Learned,Learned Basis,6.473688
Learned,Learned Basis,6.002684
Learned,Learned Basis,6.1219444
Learned,Learned Basis,4.528084
Learned,Learned Basis,4.9376974
Learned,Learned Basis,4.570448
Learned,Learned Basis,4.7154737
Learned,Learned Basis,6.3767605
Learned,Learned Basis,4.6575193
Learned,Learned Basis,5.4243946
Learned,Learned Basis,3.797667
Learned,Learned Basis,4.824845
Learned,Learned Basis,5.095634
Learned,Learned Basis,4.9222713
Learned,Learned Basis,5.238228
Learned,Learned Basis,5.0683317
Learned,Learned Basis,4.8011494
Learned,Learned Basis,5.0744696
Learned,Learned Basis,4.682523
Learned,Learned Basis,5.5200076
Learned,Learned Basis,5.186047
Learned,Learned Basis,5.747993
Learned,Learned Basis,5.0042906
Learned,Learned Basis,5.228368
Learned,Learned Basis,8.120013
Learned,Learned Basis,5.4227853
Learned,Learned Basis,4.572677
Learned,Learned Basis,5.206182
Learned,Learned Basis,3.817159
Learned,Learned Basis,6.9713454
Learned,Learned Basis,6.2997932
Learned,Learned Basis,5.2042556
Learned,Learned Basis,5.0589123
Learned,Learned Basis,6.1104937
Learned,Learned Basis,8.841786
Learned,Learned Basis,5.7979336
Learned,Learned Basis,4.5713634
Learned,Learned Basis,4.388594
Learned,Learned Basis,5.6307006
Learned,Learned Basis,5.538581
Learned,Learned Basis,5.344878
Learned,Learned Basis,5.229988
Learned,Learned Basis,6.421442
Learned,Learned Basis,5.5191855
Learned,Learned Basis,4.6820097
Learned,Learned Basis,4.726694
Learned,Learned Basis,4.492614
Learned,Learned Basis,5.394761
Learned,Learned Basis,5.822241
Learned,Learned Basis,5.50718
Learned,Learned Basis,5.2254224
Learned,Learned Basis,3.7422543
Learned,Learned Basis,6.1396294
Learned,Learned Basis,4.761507
Learned,Learned Basis,6.3497777
Learned,Learned Basis,6.1767855
Learned,Learned Basis,3.8323154
Learned,Learned Basis,5.300679
Learned,Learned Basis,4.876481
Learned,Learned Basis,5.453748
Learned,Learned Basis,6.2485247
Learned,Learned Basis,5.188656
Learned,Learned Basis,5.4956474
Learned,Learned Basis,5.4169345
Learned,Learned Basis,5.0678277
Learned,Learned Basis,4.122458
Learned,Learned Basis,5.4633455
Learned,Learned Basis,4.3777065
Learned,Learned Basis,7.4031563
Learned,Learned Basis,5.0943956
Learned,Learned Basis,5.2595925
Learned,Learned Basis,5.4762483
Learned,Learned Basis,4.8499756
Learned,Learned Basis,4.645332
Learned,Learned Basis,5.597716
Learned,Learned Basis,5.37987
Learned,Learned Basis,5.200762
Learned,Learned Basis,4.535194
Learned,Learned Basis,6.1174974
Learned,Learned Basis,6.890794
Learned,Learned Basis,4.601035
Learned,Learned Basis,5.913872
Learned,Learned Basis,5.313806
Learned,Learned Basis,4.1431875
Learned,Learned Basis,5.849791
Learned,Learned Basis,4.2875266
Learned,Learned Basis,5.630474
Learned,Learned Basis,6.4350863
Learned,Learned Basis,5.0822105
Learned,Learned Basis,4.4714875
Learned,Learned Basis,6.493559
Learned,Learned Basis,5.556945
Learned,Learned Basis,5.4230595
Learned,Learned Basis,5.7753396
Learned,Learned Basis,5.238145
Learned,Learned Basis,5.3588285
Learned,Learned Basis,5.3182263
Learned,Learned Basis,6.0677137
Learned,Learned Basis,4.558216
Learned,Learned Basis,3.714036
Learned,Learned Basis,5.35429
Learned,Learned Basis,5.575049
Learned,Learned Basis,5.346947
Learned,Learned Basis,4.8382254
Learned,Learned Basis,5.4881086
Learned,Learned Basis,4.991235
Learned,Learned Basis,5.2673426
Learned,Learned Basis,5.52606
Learned,Learned Basis,6.0298166
Learned,Learned Basis,5.8569245
Learned,Learned Basis,4.20393
Learned,Learned Basis,6.3507867
Learned,Learned Basis,5.119582
Learned,Learned Basis,5.2398663
Learned,Learned Basis,4.6432505
Learned,Learned Basis,6.164646
Learned,Learned Basis,4.2331586
Learned,Learned Basis,4.5068984
Learned,Learned Basis,4.458664
Learned,Learned Basis,6.129873
Learned,Learned Basis,5.811872
Learned,Learned Basis,5.931005
Learned,Learned Basis,5.9347253
Learned,Learned Basis,4.8689003
Learned,Learned Basis,4.734453
Learned,Learned Basis,5.444006
Learned,Learned Basis,4.3243093
Learned,Learned Basis,5.7323146
Learned,Learned Basis,5.2472997
Learned,Learned Basis,4.506601
Learned,Learned Basis,5.6019526
Learned,Learned Basis,5.6877193
Learned,Learned Basis,4.4022913
Learned,Learned Basis,4.4247694
Learned,Learned Basis,6.35957
Learned,Learned Basis,6.949842
Learned,Learned Basis,4.539433
Learned,Learned Basis,5.1789722
Learned,Learned Basis,6.8097887
Learned,Learned Basis,4.4645305
Learned,Learned Basis,6.557826
Learned,Learned Basis,3.9577236
Learned,Learned Basis,5.7887244
Learned,Learned Basis,5.5679564
Learned,Learned Basis,6.0762315
Learned,Learned Basis,5.256815
Learned,Learned Basis,5.282209
Learned,Learned Basis,6.526425
Learned,Learned Basis,3.5463276
Learned,Learned Basis,5.626893
Learned,Learned Basis,5.7577553
Learned,Learned Basis,5.6082935
Learned,Learned Basis,5.1859694
Learned,Learned Basis,6.053116
Learned,Learned Basis,5.2569227
Learned,Learned Basis,5.475398
Learned,Learned Basis,4.5582685
Learned,Learned Basis,4.5784526
Learned,Learned Basis,4.362342
Learned,Learned Basis,5.5495605
Learned,Learned Basis,5.5914025
Learned,Learned Basis,6.1567297
Learned,Learned Basis,4.5789967
Learned,Learned Basis,6.2111144
Learned,Learned Basis,5.525161
Learned,Learned Basis,6.0634937
Learned,Learned Basis,5.2896094
Learned,Learned Basis,5.3724384
Learned,Learned Basis,4.7612553
Learned,Learned Basis,6.062968
Learned,Learned Basis,5.321885
Learned,Learned Basis,5.2878084
Learned,Learned Basis,5.877592
Learned,Learned Basis,5.9829445
Learned,Learned Basis,5.8209567
Learned,Learned Basis,4.4523335
Learned,Learned Basis,5.126991
Learned,Learned Basis,6.8048625
Learned,Learned Basis,4.606525
Learned,Learned Basis,4.314131
Learned,Learned Basis,4.9867015
Learned,Learned Basis,5.127059
Learned,Learned Basis,5.3894987
Learned,Learned Basis,5.007988
Learned,Learned Basis,4.830927
Learned,Learned Basis,5.313342
Learned,Learned Basis,5.5837393
Learned,Learned Basis,5.8854413
Learned,Learned Basis,5.595159
Learned,Learned Basis,5.387706
Learned,Learned Basis,6.730692
Learned,Learned Basis,6.403988
Learned,Learned Basis,4.3378644
Learned,Learned Basis,4.7924666
Learned,Learned Basis,5.0677195
Learned,Learned Basis,4.3176165
Learned,Learned Basis,4.695493
Learned,Learned Basis,6.2202907
Learned,Learned Basis,5.095438
Learned,Learned Basis,5.1107316
Learned,Learned Basis,5.0397534
Learned,Learned Basis,4.4350023
Learned,Learned Basis,5.204687
Learned,Learned Basis,6.080022
Learned,Learned Basis,5.413571
Learned,Learned Basis,4.0885725
Learned,Learned Basis,5.3213034
Learned,Learned Basis,4.7124662
Learned,Learned Basis,4.0942473
Learned,Learned Basis,5.818695
Learned,Learned Basis,3.7063417
Learned,Learned Basis,5.401554
Learned,Learned Basis,5.1050205
Learned,Learned Basis,3.777543
Learned,Learned Basis,5.0645857
Learned,Learned Basis,5.475488
Learned,Learned Basis,4.6788626
Learned,Learned Basis,5.2142773
Learned,Learned Basis,4.7061424
Learned,Learned Basis,5.5605884
Learned,Learned Basis,6.2038136
Learned,Learned Basis,5.99922
Learned,Learned Basis,4.967386
Learned,Learned Basis,5.07742
Learned,Learned Basis,4.847004
Learned,Learned Basis,5.3287296
Learned,Learned Basis,5.6881022
Learned,Learned Basis,5.6255302
Learned,Learned Basis,5.5019517
Learned,Learned Basis,4.7734065
Learned,Learned Basis,5.353706
Learned,Learned Basis,5.914945
Learned,Learned Basis,4.7472754
Learned,Learned Basis,4.230573
Learned,Learned Basis,4.628139
Learned,Learned Basis,5.0601554
Learned,Learned Basis,6.1920123
Learned,Learned Basis,7.1000433
Learned,Learned Basis,5.5702133
Learned,Learned Basis,5.863227
Learned,Learned Basis,3.7326398
Learned,Learned Basis,4.1811953
Learned,Learned Basis,6.2386346
Learned,Learned Basis,5.7554336
Learned,Learned Basis,4.8844438
Learned,Learned Basis,5.2844186
Learned,Learned Basis,5.0858707
Learned,Learned Basis,4.386793
Learned,Learned Basis,4.786225
Learned,Learned Basis,6.5047083
Learned,Learned Basis,4.4400845
Learned,Learned Basis,5.5597267
Learned,Learned Basis,5.3874974
Learned,Learned Basis,4.6383696
Learned,Learned Basis,4.430316
Learned,Learned Basis,4.6447763
Learned,Learned Basis,6.1145124
Learned,Learned Basis,5.5311985
Learned,Learned Basis,4.6939335
Learned,Learned Basis,5.8453407
Learned,Learned Basis,5.699577
Learned,Learned Basis,5.342659
Learned,Learned Basis,6.342188
Learned,Learned Basis,5.039481
Learned,Learned Basis,6.3880115
Learned,Learned Basis,5.2780223
Learned,Learned Basis,5.080073
Learned,Learned Basis,6.2378592
Learned,Learned Basis,4.7945647
Learned,Learned Basis,3.7006526
Learned,Learned Basis,4.585666
Learned,Learned Basis,5.467505
Learned,Learned Basis,5.2540264
Learned,Learned Basis,5.366667
Learned,Learned Basis,5.013756
Learned,Learned Basis,6.8855615
Learned,Learned Basis,6.391721
Learned,Learned Basis,5.2854548
Learned,Learned Basis,5.7436914
Learned,Learned Basis,5.0941796
Learned,Learned Basis,5.7195244
Learned,Learned Basis,5.542515
Learned,Learned Basis,5.8877115
Learned,Learned Basis,4.2871385
Learned,Learned Basis,4.7865863
Learned,Learned Basis,5.0403285
Learned,Learned Basis,5.1288166
Learned,Learned Basis,6.3737817
Learned,Learned Basis,6.384491
Learned,Learned Basis,6.7681413
Learned,Learned Basis,5.5531077
Learned,Learned Basis,4.473024
Learned,Learned Basis,4.8409433
Learned,Learned Basis,4.401675
Learned,Learned Basis,4.855482
Learned,Learned Basis,4.8255296
Learned,Learned Basis,4.037822
Learned,Learned Basis,5.2733707
Learned,Learned Basis,6.204198
Learned,Learned Basis,5.2142086
Learned,Learned Basis,6.1268797
Learned,Learned Basis,5.240428
Learned,Learned Basis,4.5823054
Learned,Learned Basis,6.7139435
Learned,Learned Basis,4.8388143
Learned,Learned Basis,4.4013057
Learned,Learned Basis,4.3065143
Learned,Learned Basis,4.5248504
Learned,Learned Basis,4.382573
Learned,Learned Basis,5.3789325
Learned,Learned Basis,5.192721
Learned,Learned Basis,6.561885
Learned,Learned Basis,4.1594167
Learned,Learned Basis,4.9959517
Learned,Learned Basis,6.254489
Learned,Learned Basis,4.771161
Learned,Learned Basis,5.217964
Learned,Learned Basis,5.812097
Learned,Learned Basis,4.7359247
Learned,Learned Basis,5.263603
Learned,Learned Basis,4.221653
Learned,Learned Basis,4.9754047
Learned,Learned Basis,5.4101443
Learned,Learned Basis,4.3700833
Learned,Learned Basis,8.185181
Learned,Learned Basis,4.7927895
Learned,Learned Basis,3.8989484
Learned,Learned Basis,4.6847425
Learned,Learned Basis,5.6155033
Learned,Learned Basis,5.10172
Learned,Learned Basis,4.6733394
Learned,Learned Basis,4.7035656
Learned,Learned Basis,5.21467
Learned,Learned Basis,5.4842424
Learned,Learned Basis,6.9630427
Learned,Learned Basis,4.928219
Learned,Learned Basis,6.0642333
Learned,Learned Basis,4.061579
Learned,Learned Basis,4.5951357
Learned,Learned Basis,5.303521
Learned,Learned Basis,4.4032764
Learned,Learned Basis,5.6238503
Learned,Learned Basis,5.762086
Learned,Learned Basis,5.1231456
Learned,Learned Basis,5.924688
Learned,Learned Basis,6.4854097
Learned,Learned Basis,6.418749
Learned,Learned Basis,6.4009466
Learned,Learned Basis,4.7485886
Learned,Learned Basis,5.5728283
Learned,Learned Basis,5.7482815
Learned,Learned Basis,5.489251
Learned,Learned Basis,7.4675364
Learned,Learned Basis,5.2251577
Learned,Learned Basis,7.134507
Learned,Learned Basis,8.081993
Learned,Learned Basis,4.6603913
Learned,Learned Basis,6.154203
Learned,Learned Basis,4.2998657
Learned,Learned Basis,5.062669
Learned,Learned Basis,6.0244904
Learned,Learned Basis,5.133873
Learned,Learned Basis,5.323505
Learned,Learned Basis,6.664315
Learned,Learned Basis,5.4673486
Learned,Learned Basis,4.619616
Learned,Learned Basis,4.805089
Learned,Learned Basis,5.615105
Learned,Learned Basis,5.5243254
Learned,Learned Basis,4.4355884
Learned,Learned Basis,4.208481
Learned,Learned Basis,6.5181594
Learned,Learned Basis,5.6835327
Learned,Learned Basis,5.1965933
Learned,Learned Basis,5.649746
Learned,Learned Basis,5.356171
Learned,Learned Basis,5.9322414
Learned,Learned Basis,6.3056846
Learned,Learned Basis,5.297945
Learned,Learned Basis,6.291914
Learned,Learned Basis,5.8691006
Learned,Learned Basis,5.6656914
Learned,Learned Basis,4.6972213
Learned,Learned Basis,4.3043475
Learned,Learned Basis,4.758535
Learned,Learned Basis,4.6061893
Learned,Learned Basis,5.050578
Learned,Learned Basis,4.7012477
Learned,Learned Basis,4.2010207
Learned,Learned Basis,4.7549124
Learned,Learned Basis,6.174719
Learned,Learned Basis,4.544195
Learned,Learned Basis,3.9674244
Learned,Learned Basis,4.7117715
Learned,Learned Basis,5.509334
Learned,Learned Basis,5.218688
Learned,Learned Basis,4.218662
Learned,Learned Basis,5.2345896
Learned,Learned Basis,6.068201
Learned,Learned Basis,5.150888
Learned,Learned Basis,4.747052
Learned,Learned Basis,5.0785327
Learned,Learned Basis,5.150583
Learned,Learned Basis,5.051165
Learned,Learned Basis,5.8918996
Learned,Learned Basis,4.658574
Learned,Learned Basis,4.3986564
Learned,Learned Basis,5.885106
Learned,Learned Basis,6.2295437
Learned,Learned Basis,5.84048
Learned,Learned Basis,4.5540037
Learned,Learned Basis,4.118209
Learned,Learned Basis,5.1161046
Learned,Learned Basis,4.4335775
Learned,Learned Basis,6.163718
Learned,Learned Basis,7.323766
Learned,Learned Basis,5.772317
Learned,Learned Basis,4.42484
Learned,Learned Basis,5.1163573
Learned,Learned Basis,5.8883696
Learned,Learned Basis,6.1740685
Learned,Learned Basis,4.903006
Learned,Learned Basis,4.6094675
Learned,Learned Basis,5.107317
Learned,Learned Basis,5.3654947
Learned,Learned Basis,5.8485565
Learned,Learned Basis,5.403181
Learned,Learned Basis,6.2300005
Learned,Learned Basis,5.9383297
Learned,Learned Basis,6.314229
Learned,Learned Basis,4.7678323
Learned,Learned Basis,4.4443803
Learned,Learned Basis,4.7474146
Learned,Learned Basis,4.8047824
Learned,Learned Basis,6.161363
Learned,Learned Basis,5.070682
Learned,Learned Basis,5.217467
Learned,Learned Basis,5.632358
Learned,Learned Basis,7.375965
Learned,Learned Basis,4.5191293
Learned,Learned Basis,4.740405
Learned,Learned Basis,5.682596
Learned,Learned Basis,5.107599
Learned,Learned Basis,4.720381
Learned,Learned Basis,4.4803615
Learned,Learned Basis,4.7149496
Learned,Learned Basis,4.7943444
Learned,Learned Basis,5.3951473
Learned,Learned Basis,5.134766
Learned,Learned Basis,5.7441893
Learned,Learned Basis,6.6647253
Learned,Learned Basis,4.815423
Learned,Learned Basis,4.9594975
Learned,Learned Basis,3.695353
Learned,Learned Basis,6.403768
Learned,Learned Basis,6.8563175
Learned,Learned Basis,4.372426
Learned,Learned Basis,5.941883
Learned,Learned Basis,5.1433353
Learned,Learned Basis,6.0732074
Learned,Learned Basis,5.8653107
Learned,Learned Basis,4.6547956
Learned,Learned Basis,6.204649
Learned,Learned Basis,5.3961763
Learned,Learned Basis,4.919394
Learned,Learned Basis,5.120706
Learned,Learned Basis,5.9408455
Learned,Learned Basis,5.9908686
Learned,Learned Basis,4.4163985
Learned,Learned Basis,4.5671644
Learned,Learned Basis,4.7633166
Learned,Learned Basis,5.299056
Learned,Learned Basis,4.59169
Learned,Learned Basis,6.8691483
Learned,Learned Basis,5.172362
Learned,Learned Basis,5.1234746
Learned,Learned Basis,4.647162
Learned,Learned Basis,5.1633983
Learned,Learned Basis,4.326931
Learned,Learned Basis,6.6683626
Learned,Learned Basis,4.8786592
Learned,Learned Basis,5.6518555
Learned,Learned Basis,4.9267454
Learned,Learned Basis,5.865265
Learned,Learned Basis,5.161541
Learned,Learned Basis,5.4458094
Learned,Learned Basis,4.849207
Learned,Learned Basis,6.215787
Learned,Learned Basis,5.0773916
Learned,Learned Basis,5.2067356
Learned,Learned Basis,5.302724
Learned,Learned Basis,5.8894815
Learned,Learned Basis,4.445656
Learned,Learned Basis,5.338059
Learned,Learned Basis,6.0197945
Learned,Learned Basis,5.8396635
Learned,Learned Basis,4.184187
Learned,Learned Basis,5.002108
Learned,Learned Basis,5.1103206
Learned,Learned Basis,6.3540535
Learned,Learned Basis,5.1617556
Learned,Learned Basis,4.5882783
Learned,Learned Basis,5.413587
Learned,Learned Basis,6.5163794
Learned,Learned Basis,4.5951843
Learned,Learned Basis,5.061058
Learned,Learned Basis,4.374798
Learned,Learned Basis,4.3878145
Learned,Learned Basis,5.6355524
Learned,Learned Basis,5.9704924
Learned,Learned Basis,5.8886247
Learned,Learned Basis,4.9020605
Learned,Learned Basis,4.189824
Learned,Learned Basis,5.4698877
Learned,Learned Basis,4.986011
Learned,Learned Basis,4.616558
Learned,Learned Basis,5.1910996
Learned,Learned Basis,5.589221
Learned,Learned Basis,4.5471034
Learned,Learned Basis,6.22511
Learned,Learned Basis,8.42278
Learned,Learned Basis,5.0006027
Learned,Learned Basis,4.4580817
Learned,Learned Basis,4.4008665
Learned,Learned Basis,5.2989073
Learned,Learned Basis,4.526401
Learned,Learned Basis,5.596383
Learned,Learned Basis,4.0545335
Learned,Learned Basis,4.5706515
Learned,Learned Basis,4.5305305
Learned,Learned Basis,6.6969876
Learned,Learned Basis,6.886378
Learned,Learned Basis,5.0733256
Learned,Learned Basis,6.2693233
Learned,Learned Basis,4.3504558
Learned,Learned Basis,6.310116
Learned,Learned Basis,6.417145
Learned,Learned Basis,4.279263
Learned,Learned Basis,5.937208
Learned,Learned Basis,5.196578
Learned,Learned Basis,4.1158895
Learned,Learned Basis,4.369136
Learned,Learned Basis,5.215683
Learned,Learned Basis,5.470639
Learned,Learned Basis,5.788708
Learned,Learned Basis,5.8637657
Learned,Learned Basis,4.8020587
Learned,Learned Basis,4.861947
Learned,Learned Basis,5.3810825
Learned,Learned Basis,5.1314898
Learned,Learned Basis,4.9374514
Learned,Learned Basis,4.4257236
Learned,Learned Basis,5.4107184
Learned,Learned Basis,5.9785185
Learned,Learned Basis,6.849465
Learned,Learned Basis,5.5492187
Learned,Learned Basis,5.366356
Learned,Learned Basis,3.7487767
Learned,Learned Basis,3.8472075
Learned,Learned Basis,5.2798533
Learned,Learned Basis,6.0969596
Learned,Learned Basis,6.1938066
Learned,Learned Basis,5.390847
Learned,Learned Basis,5.3258266
Learned,Learned Basis,4.089953
Learned,Learned Basis,5.167346
Learned,Learned Basis,6.8387866
Learned,Learned Basis,4.4785743
Learned,Learned Basis,6.0400414
Learned,Learned Basis,4.855479
Learned,Learned Basis,6.008847
Learned,Learned Basis,4.7327585
Learned,Learned Basis,4.8852305
Learned,Learned Basis,5.6044436
Learned,Learned Basis,6.0847816
Learned,Learned Basis,5.5567093
Learned,Learned Basis,7.0375338
Learned,Learned Basis,5.386238
Learned,Learned Basis,5.186795
Learned,Learned Basis,3.9425337
Learned,Learned Basis,4.1306005
Learned,Learned Basis,5.4546175
Learned,Learned Basis,5.7115345
Learned,Learned Basis,5.507881
Learned,Learned Basis,4.654496
Learned,Learned Basis,5.8179283
Learned,Learned Basis,4.774304
Learned,Learned Basis,5.3495245
Learned,Learned Basis,6.427685
Learned,Learned Basis,5.2847195
Learned,Learned Basis,4.966425
Learned,Learned Basis,5.7417727
Learned,Learned Basis,4.558486
Learned,Learned Basis,5.9318995
Learned,Learned Basis,3.6921885
Learned,Learned Basis,6.635268
Learned,Learned Basis,5.8636737
Learned,Learned Basis,6.4960904
Learned,Learned Basis,4.9753685
Learned,Learned Basis,4.7003284
Learned,Learned Basis,4.431541
Learned,Learned Basis,5.881138
Learned,Learned Basis,5.089536
Learned,Learned Basis,5.3354225
Learned,Learned Basis,5.0546255
Learned,Learned Basis,4.2544875
Learned,Learned Basis,5.1928377
Learned,Learned Basis,5.854001
Learned,Learned Basis,4.915828
Learned,Learned Basis,4.3466244
Learned,Learned Basis,6.002722
Learned,Learned Basis,7.435872
Learned,Learned Basis,6.5364175
Learned,Learned Basis,5.1523933
Learned,Learned Basis,4.8775206
Learned,Learned Basis,4.963984
Learned,Learned Basis,5.1842213
Learned,Learned Basis,5.042695
Learned,Learned Basis,6.742215
Learned,Learned Basis,5.7522206
Learned,Learned Basis,5.0997777
Learned,Learned Basis,4.8681254
Learned,Learned Basis,7.869106
Learned,Learned Basis,5.4122276
Learned,Learned Basis,4.454712
Learned,Learned Basis,6.521199
Learned,Learned Basis,5.40255
Learned,Learned Basis,3.9769216
Learned,Learned Basis,4.874033
Learned,Learned Basis,4.0588
Learned,Learned Basis,5.050396
Learned,Learned Basis,5.7676606
Learned,Learned Basis,7.46193
Learned,Learned Basis,4.8035817
Learned,Learned Basis,4.657093
Learned,Learned Basis,4.76656
Learned,Learned Basis,6.454629
Learned,Learned Basis,4.4405622
Learned,Learned Basis,4.8112335
Learned,Learned Basis,4.0722284
Learned,Learned Basis,5.047338
Learned,Learned Basis,3.999638
Learned,Learned Basis,5.6044617
Learned,Learned Basis,4.686032
Learned,Learned Basis,5.7993374
Learned,Learned Basis,4.231641
Learned,Learned Basis,6.520293
Learned,Learned Basis,5.209341
Learned,Learned Basis,5.109829
Learned,Learned Basis,6.7208185
Learned,Learned Basis,5.560241
Learned,Learned Basis,4.9162807
Learned,Learned Basis,6.9172115
Learned,Learned Basis,5.692847
Learned,Learned Basis,4.9003
Learned,Learned Basis,5.0345254
Learned,Learned Basis,4.1854815
Learned,Learned Basis,5.4277906
Learned,Learned Basis,5.603936
Learned,Learned Basis,3.8948755
Learned,Learned Basis,5.374301
Learned,Learned Basis,4.736541
Learned,Learned Basis,4.252159
Learned,Learned Basis,7.843769
Learned,Learned Basis,4.526306
Learned,Learned Basis,6.010662
Learned,Learned Basis,5.50046
Learned,Learned Basis,4.824583
Learned,Learned Basis,4.4912324
Learned,Learned Basis,6.3116655
Learned,Learned Basis,5.7902727
Learned,Learned Basis,5.4742947
Learned,Learned Basis,4.059366
Learned,Learned Basis,4.7486095
Learned,Learned Basis,5.7973337
Learned,Learned Basis,6.0549345
Learned,Learned Basis,6.405308
Learned,Learned Basis,6.983357
Learned,Learned Basis,5.005083
Learned,Learned Basis,5.249247
Learned,Learned Basis,5.3567343
Learned,Learned Basis,5.3324537
Learned,Learned Basis,4.547516
Learned,Learned Basis,4.5414762
Learned,Learned Basis,5.98631
Learned,Learned Basis,4.9464025
Learned,Learned Basis,6.293955
Learned,Learned Basis,6.0761986
Learned,Learned Basis,4.722892
Learned,Learned Basis,6.3360543
Learned,Learned Basis,4.862172
Learned,Learned Basis,4.477406
Learned,Learned Basis,5.048587
Learned,Learned Basis,5.045671
Learned,Learned Basis,5.441921
Learned,Learned Basis,5.008781
Learned,Learned Basis,6.635028
Learned,Learned Basis,4.972836
Learned,Learned Basis,6.120511
Learned,Learned Basis,5.515942
Learned,Learned Basis,5.3380804
Learned,Learned Basis,5.223353
Learned,Learned Basis,6.0719786
Learned,Learned Basis,6.635705
Learned,Learned Basis,6.4546976
Learned,Learned Basis,6.819753
Learned,Learned Basis,4.61355
Learned,Learned Basis,6.2240596
Learned,Learned Basis,7.5680857
Learned,Learned Basis,4.750882
Learned,Learned Basis,5.0780196
Learned,Learned Basis,5.339236
Learned,Learned Basis,4.62048
Learned,Learned Basis,5.76877
Learned,Learned Basis,4.386044
Learned,Learned Basis,6.135111
Learned,Learned Basis,5.8213525
Learned,Learned Basis,3.7777817
Learned,Learned Basis,5.355005
Learned,Learned Basis,6.6106167
Learned,Learned Basis,5.829404
Learned,Learned Basis,4.709185
Learned,Learned Basis,3.7979841
Learned,Learned Basis,5.0890307
Learned,Learned Basis,6.8528466
Learned,Learned Basis,4.767693
Learned,Learned Basis,5.7415957
Learned,Learned Basis,5.205223
Learned,Learned Basis,4.785602
Learned,Learned Basis,5.6244445
Learned,Learned Basis,5.335364
Learned,Learned Basis,4.675804
Learned,Learned Basis,4.6601157
Learned,Learned Basis,4.7851887
Learned,Learned Basis,4.0390224
Learned,Learned Basis,6.6320553
Learned,Learned Basis,4.3655257
Learned,Learned Basis,6.5460734
Learned,Learned Basis,4.936951
Learned,Learned Basis,4.8430824
Learned,Learned Basis,4.586964
Learned,Learned Basis,4.3131056
Learned,Learned Basis,5.181804
Learned,Learned Basis,5.808451
Learned,Learned Basis,5.4262404
Learned,Learned Basis,5.3456306
Learned,Learned Basis,5.745428
Learned,Learned Basis,5.2848334
Learned,Learned Basis,5.1827126
Learned,Learned Basis,3.968814
Learned,Learned Basis,5.1396303
Learned,Learned Basis,5.166847
Learned,Learned Basis,5.4866366
Learned,Learned Basis,4.8819785
Learned,Learned Basis,5.536705
Learned,Learned Basis,4.7561135
Learned,Learned Basis,5.8331704
Learned,Learned Basis,6.92424
Learned,Learned Basis,5.509431
Learned,Learned Basis,5.642218
Learned,Learned Basis,5.8529162
Learned,Learned Basis,4.889491
Learned,Learned Basis,5.6651115
Learned,Learned Basis,5.042883
Learned,Learned Basis,4.5148177
Learned,Learned Basis,4.212651
Learned,Learned Basis,6.2007165
Learned,Learned Basis,5.391754
Learned,Learned Basis,4.7056665
Learned,Learned Basis,5.3048997
Learned,Learned Basis,5.9477386
Learned,Learned Basis,6.2088156
Learned,Learned Basis,4.7604566
Learned,Learned Basis,5.6938715
Learned,Learned Basis,4.99781
Learned,Learned Basis,4.877937
Learned,Learned Basis,5.171533
Learned,Learned Basis,6.197155
Learned,Learned Basis,4.638367
Learned,Learned Basis,4.3831897
Learned,Learned Basis,4.5976644
Learned,Learned Basis,3.8391085
Learned,Learned Basis,4.8212376
Learned,Learned Basis,4.6894135
Learned,Learned Basis,4.4018884
Learned,Learned Basis,4.485331
Learned,Learned Basis,5.1345596
Learned,Learned Basis,4.6472936
Learned,Learned Basis,6.216773
Learned,Learned Basis,5.709008
Learned,Learned Basis,6.0165095
Learned,Learned Basis,4.457438
Learned,Learned Basis,4.5243
LearnedNonlinear,Learned + Nonlinear RX,5.245175
LearnedNonlinear,Learned + Nonlinear RX,6.0098743
LearnedNonlinear,Learned + Nonlinear RX,5.064881
LearnedNonlinear,Learned + Nonlinear RX,4.957785
LearnedNonlinear,Learned + Nonlinear RX,4.5826683
LearnedNonlinear,Learned + Nonlinear RX,6.53765
LearnedNonlinear,Learned + Nonlinear RX,6.5256214
LearnedNonlinear,Learned + Nonlinear RX,6.5347214
LearnedNonlinear,Learned + Nonlinear RX,5.926263
LearnedNonlinear,Learned + Nonlinear RX,5.865355
LearnedNonlinear,Learned + Nonlinear RX,4.401432
LearnedNonlinear,Learned + Nonlinear RX,4.774733
LearnedNonlinear,Learned + Nonlinear RX,4.1949425
LearnedNonlinear,Learned + Nonlinear RX,6.8719296
LearnedNonlinear,Learned + Nonlinear RX,5.703534
LearnedNonlinear,Learned + Nonlinear RX,4.281165
LearnedNonlinear,Learned + Nonlinear RX,4.7126055
LearnedNonlinear,Learned + Nonlinear RX,5.1395135
LearnedNonlinear,Learned + Nonlinear RX,4.590112
LearnedNonlinear,Learned + Nonlinear RX,4.230614
LearnedNonlinear,Learned + Nonlinear RX,5.428715
LearnedNonlinear,Learned + Nonlinear RX,4.3824725
LearnedNonlinear,Learned + Nonlinear RX,4.9893365
LearnedNonlinear,Learned + Nonlinear RX,4.912435
LearnedNonlinear,Learned + Nonlinear RX,4.031192
LearnedNonlinear,Learned + Nonlinear RX,4.7458
LearnedNonlinear,Learned + Nonlinear RX,3.6036582
LearnedNonlinear,Learned + Nonlinear RX,5.681956
LearnedNonlinear,Learned + Nonlinear RX,5.149144
LearnedNonlinear,Learned + Nonlinear RX,5.9479704
LearnedNonlinear,Learned + Nonlinear RX,5.057682
LearnedNonlinear,Learned + Nonlinear RX,5.436759
LearnedNonlinear,Learned + Nonlinear RX,5.551587
LearnedNonlinear,Learned + Nonlinear RX,5.281754
LearnedNonlinear,Learned + Nonlinear RX,4.873747
LearnedNonlinear,Learned + Nonlinear RX,6.018348
LearnedNonlinear,Learned + Nonlinear RX,6.590148
LearnedNonlinear,Learned + Nonlinear RX,5.8250694
LearnedNonlinear,Learned + Nonlinear RX,5.386032
LearnedNonlinear,Learned + Nonlinear RX,5.646573
LearnedNonlinear,Learned + Nonlinear RX,4.977036
LearnedNonlinear,Learned + Nonlinear RX,4.491224
LearnedNonlinear,Learned + Nonlinear RX,5.083891
LearnedNonlinear,Learned + Nonlinear RX,5.73185
LearnedNonlinear,Learned + Nonlinear RX,5.1722665
LearnedNonlinear,Learned + Nonlinear RX,6.0259175
LearnedNonlinear,Learned + Nonlinear RX,4.337669
LearnedNonlinear,Learned + Nonlinear RX,5.7071714
LearnedNonlinear,Learned + Nonlinear RX,5.0441246
LearnedNonlinear,Learned + Nonlinear RX,5.0899467
LearnedNonlinear,Learned + Nonlinear RX,7.967174
LearnedNonlinear,Learned + Nonlinear RX,3.632684
LearnedNonlinear,Learned + Nonlinear RX,4.3807955
LearnedNonlinear,Learned + Nonlinear RX,4.9362926
LearnedNonlinear,Learned + Nonlinear RX,5.5768147
LearnedNonlinear,Learned + Nonlinear RX,4.8675456
LearnedNonlinear,Learned + Nonlinear RX,6.4445214
LearnedNonlinear,Learned + Nonlinear RX,5.0400834
LearnedNonlinear,Learned + Nonlinear RX,4.134251
LearnedNonlinear,Learned + Nonlinear RX,5.497551
LearnedNonlinear,Learned + Nonlinear RX,5.7533054
LearnedNonlinear,Learned + Nonlinear RX,5.7779174
LearnedNonlinear,Learned + Nonlinear RX,5.92606
LearnedNonlinear,Learned + Nonlinear RX,4.7579985
LearnedNonlinear,Learned + Nonlinear RX,4.8878856
LearnedNonlinear,Learned + Nonlinear RX,4.439433
LearnedNonlinear,Learned + Nonlinear RX,4.132723
LearnedNonlinear,Learned + Nonlinear RX,6.65004
LearnedNonlinear,Learned + Nonlinear RX,4.190076
LearnedNonlinear,Learned + Nonlinear RX,4.6111774
LearnedNonlinear,Learned + Nonlinear RX,5.661323
LearnedNonlinear,Learned + Nonlinear RX,4.596875
LearnedNonlinear,Learned + Nonlinear RX,4.059576
LearnedNonlinear,Learned + Nonlinear RX,6.9281697
LearnedNonlinear,Learned + Nonlinear RX,5.2404013
LearnedNonlinear,Learned + Nonlinear RX,4.3880725
LearnedNonlinear,Learned + Nonlinear RX,5.118367
LearnedNonlinear,Learned + Nonlinear RX,4.976934
LearnedNonlinear,Learned + Nonlinear RX,5.779685
LearnedNonlinear,Learned + Nonlinear RX,6.037951
LearnedNonlinear,Learned + Nonlinear RX,5.214405
LearnedNonlinear,Learned + Nonlinear RX,5.632738
LearnedNonlinear,Learned + Nonlinear RX,5.709228
LearnedNonlinear,Learned + Nonlinear RX,4.59461
LearnedNonlinear,Learned + Nonlinear RX,5.954939
LearnedNonlinear,Learned + Nonlinear RX,5.7624216
LearnedNonlinear,Learned + Nonlinear RX,6.236085
LearnedNonlinear,Learned + Nonlinear RX,4.61656
LearnedNonlinear,Learned + Nonlinear RX,5.20074
LearnedNonlinear,Learned + Nonlinear RX,4.525677
LearnedNonlinear,Learned + Nonlinear RX,5.1229806
LearnedNonlinear,Learned + Nonlinear RX,5.886498
LearnedNonlinear,Learned + Nonlinear RX,5.2397394
LearnedNonlinear,Learned + Nonlinear RX,4.164124
LearnedNonlinear,Learned + Nonlinear RX,5.7422547
LearnedNonlinear,Learned + Nonlinear RX,6.3544374
LearnedNonlinear,Learned + Nonlinear RX,4.4412003
LearnedNonlinear,Learned + Nonlinear RX,4.967654
LearnedNonlinear,Learned + Nonlinear RX,7.1674366
LearnedNonlinear,Learned + Nonlinear RX,5.237283
LearnedNonlinear,Learned + Nonlinear RX,5.149613
LearnedNonlinear,Learned + Nonlinear RX,4.0923376
LearnedNonlinear,Learned + Nonlinear RX,5.5137734
LearnedNonlinear,Learned + Nonlinear RX,5.425459
LearnedNonlinear,Learned + Nonlinear RX,4.8723083
LearnedNonlinear,Learned + Nonlinear RX,4.9705462
LearnedNonlinear,Learned + Nonlinear RX,6.140641
LearnedNonlinear,Learned + Nonlinear RX,5.5295944
LearnedNonlinear,Learned + Nonlinear RX,5.2018876
LearnedNonlinear,Learned + Nonlinear RX,5.481064
LearnedNonlinear,Learned + Nonlinear RX,6.1189957
LearnedNonlinear,Learned + Nonlinear RX,4.489929
LearnedNonlinear,Learned + Nonlinear RX,4.9684734
LearnedNonlinear,Learned + Nonlinear RX,6.076229
LearnedNonlinear,Learned + Nonlinear RX,5.5395994
LearnedNonlinear,Learned + Nonlinear RX,6.9836335
LearnedNonlinear,Learned + Nonlinear RX,5.833773
LearnedNonlinear,Learned + Nonlinear RX,6.6336827
LearnedNonlinear,Learned + Nonlinear RX,7.5501275
LearnedNonlinear,Learned + Nonlinear RX,6.138179
LearnedNonlinear,Learned + Nonlinear RX,5.2348576
LearnedNonlinear,Learned + Nonlinear RX,3.8581333
LearnedNonlinear,Learned + Nonlinear RX,4.765734
LearnedNonlinear,Learned + Nonlinear RX,4.7781343
LearnedNonlinear,Learned + Nonlinear RX,6.3018713
LearnedNonlinear,Learned + Nonlinear RX,6.113018
LearnedNonlinear,Learned + Nonlinear RX,5.6570582
LearnedNonlinear,Learned + Nonlinear RX,4.3878107
LearnedNonlinear,Learned + Nonlinear RX,4.1455693
LearnedNonlinear,Learned + Nonlinear RX,6.185088
LearnedNonlinear,Learned + Nonlinear RX,4.7071953
LearnedNonlinear,Learned + Nonlinear RX,4.725047
LearnedNonlinear,Learned + Nonlinear RX,4.842765
LearnedNonlinear,Learned + Nonlinear RX,4.1926994
LearnedNonlinear,Learned + Nonlinear RX,4.6098638
LearnedNonlinear,Learned + Nonlinear RX,6.6286893
LearnedNonlinear,Learned + Nonlinear RX,5.449542
LearnedNonlinear,Learned + Nonlinear RX,6.088407
LearnedNonlinear,Learned + Nonlinear RX,6.139023
LearnedNonlinear,Learned + Nonlinear RX,5.4630876
LearnedNonlinear,Learned + Nonlinear RX,5.1789403
LearnedNonlinear,Learned + Nonlinear RX,4.920589
LearnedNonlinear,Learned + Nonlinear RX,5.0708733
LearnedNonlinear,Learned + Nonlinear RX,5.599634
LearnedNonlinear,Learned + Nonlinear RX,5.0384026
LearnedNonlinear,Learned + Nonlinear RX,5.0289574
LearnedNonlinear,Learned + Nonlinear RX,4.8298965
LearnedNonlinear,Learned + Nonlinear RX,6.427001
LearnedNonlinear,Learned + Nonlinear RX,5.3887506
LearnedNonlinear,Learned + Nonlinear RX,5.282591
LearnedNonlinear,Learned + Nonlinear RX,5.75602
LearnedNonlinear,Learned + Nonlinear RX,5.1098204
LearnedNonlinear,Learned + Nonlinear RX,5.384903
LearnedNonlinear,Learned + Nonlinear RX,5.3109627
LearnedNonlinear,Learned + Nonlinear RX,6.2817173
LearnedNonlinear,Learned + Nonlinear RX,4.797007
LearnedNonlinear,Learned + Nonlinear RX,4.444147
LearnedNonlinear,Learned + Nonlinear RX,5.735037
LearnedNonlinear,Learned + Nonlinear RX,7.4411654
LearnedNonlinear,Learned + Nonlinear RX,4.379977
LearnedNonlinear,Learned + Nonlinear RX,4.238439
LearnedNonlinear,Learned + Nonlinear RX,3.5636604
LearnedNonlinear,Learned + Nonlinear RX,4.747156
LearnedNonlinear,Learned + Nonlinear RX,5.1159477
LearnedNonlinear,Learned + Nonlinear RX,4.3153143
LearnedNonlinear,Learned + Nonlinear RX,5.466993
LearnedNonlinear,Learned + Nonlinear RX,5.099085
LearnedNonlinear,Learned + Nonlinear RX,5.5250783
LearnedNonlinear,Learned + Nonlinear RX,4.8679442
LearnedNonlinear,Learned + Nonlinear RX,5.0164843
LearnedNonlinear,Learned + Nonlinear RX,7.133829
LearnedNonlinear,Learned + Nonlinear RX,4.4929852
LearnedNonlinear,Learned + Nonlinear RX,7.994514
LearnedNonlinear,Learned + Nonlinear RX,5.6401443
LearnedNonlinear,Learned + Nonlinear RX,5.1089664
LearnedNonlinear,Learned + Nonlinear RX,3.979344
LearnedNonlinear,Learned + Nonlinear RX,5.1075416
LearnedNonlinear,Learned + Nonlinear RX,5.05684
LearnedNonlinear,Learned + Nonlinear RX,6.59902
LearnedNonlinear,Learned + Nonlinear RX,6.8428116
LearnedNonlinear,Learned + Nonlinear RX,6.285016
LearnedNonlinear,Learned + Nonlinear RX,4.7442455
LearnedNonlinear,Learned + Nonlinear RX,6.8543906
LearnedNonlinear,Learned + Nonlinear RX,4.9451704
LearnedNonlinear,Learned + Nonlinear RX,7.3981476
LearnedNonlinear,Learned + Nonlinear RX,7.5895615
LearnedNonlinear,Learned + Nonlinear RX,4.346786
LearnedNonlinear,Learned + Nonlinear RX,5.3917384
LearnedNonlinear,Learned + Nonlinear RX,6.240788
LearnedNonlinear,Learned + Nonlinear RX,6.9617314
LearnedNonlinear,Learned + Nonlinear RX,4.8917427
LearnedNonlinear,Learned + Nonlinear RX,7.280206
LearnedNonlinear,Learned + Nonlinear RX,5.439656
LearnedNonlinear,Learned + Nonlinear RX,5.265194
LearnedNonlinear,Learned + Nonlinear RX,4.1530476
LearnedNonlinear,Learned + Nonlinear RX,5.737641
LearnedNonlinear,Learned + Nonlinear RX,4.125206
LearnedNonlinear,Learned + Nonlinear RX,5.8851266
LearnedNonlinear,Learned + Nonlinear RX,5.17396
LearnedNonlinear,Learned + Nonlinear RX,4.9214296
LearnedNonlinear,Learned + Nonlinear RX,5.980521
LearnedNonlinear,Learned + Nonlinear RX,5.4764533
LearnedNonlinear,Learned + Nonlinear RX,6.541105
LearnedNonlinear,Learned + Nonlinear RX,4.7499456
LearnedNonlinear,Learned + Nonlinear RX,6.7844195
LearnedNonlinear,Learned + Nonlinear RX,4.484449
LearnedNonlinear,Learned + Nonlinear RX,5.0921955
LearnedNonlinear,Learned + Nonlinear RX,5.266267
LearnedNonlinear,Learned + Nonlinear RX,6.5674667
LearnedNonlinear,Learned + Nonlinear RX,5.96494
LearnedNonlinear,Learned + Nonlinear RX,5.0172324
LearnedNonlinear,Learned + Nonlinear RX,4.8003078
LearnedNonlinear,Learned + Nonlinear RX,5.7281475
LearnedNonlinear,Learned + Nonlinear RX,5.604797
LearnedNonlinear,Learned + Nonlinear RX,5.8694882
LearnedNonlinear,Learned + Nonlinear RX,5.5827303
LearnedNonlinear,Learned + Nonlinear RX,4.785947
LearnedNonlinear,Learned + Nonlinear RX,7.4862456
LearnedNonlinear,Learned + Nonlinear RX,4.1994276
LearnedNonlinear,Learned + Nonlinear RX,4.940102
LearnedNonlinear,Learned + Nonlinear RX,4.9271703
LearnedNonlinear,Learned + Nonlinear RX,4.3137965
LearnedNonlinear,Learned + Nonlinear RX,4.9708304
LearnedNonlinear,Learned + Nonlinear RX,6.019309
LearnedNonlinear,Learned + Nonlinear RX,6.5799246
LearnedNonlinear,Learned + Nonlinear RX,5.6794314
LearnedNonlinear,Learned + Nonlinear RX,5.547448
LearnedNonlinear,Learned + Nonlinear RX,6.065972
LearnedNonlinear,Learned + Nonlinear RX,4.2729173
LearnedNonlinear,Learned + Nonlinear RX,4.889109
LearnedNonlinear,Learned + Nonlinear RX,5.908495
LearnedNonlinear,Learned + Nonlinear RX,6.501121
LearnedNonlinear,Learned + Nonlinear RX,6.007418
LearnedNonlinear,Learned + Nonlinear RX,6.137776
LearnedNonlinear,Learned + Nonlinear RX,4.5190396
LearnedNonlinear,Learned + Nonlinear RX,4.928146
LearnedNonlinear,Learned + Nonlinear RX,4.5631843
LearnedNonlinear,Learned + Nonlinear RX,4.703419
LearnedNonlinear,Learned + Nonlinear RX,6.3810706
LearnedNonlinear,Learned + Nonlinear RX,4.663751
LearnedNonlinear,Learned + Nonlinear RX,5.421064
LearnedNonlinear,Learned + Nonlinear RX,3.7767408
LearnedNonlinear,Learned + Nonlinear RX,4.841233
LearnedNonlinear,Learned + Nonlinear RX,5.0967913
LearnedNonlinear,Learned + Nonlinear RX,4.925231
LearnedNonlinear,Learned + Nonlinear RX,5.2147493
LearnedNonlinear,Learned + Nonlinear RX,5.0744634
LearnedNonlinear,Learned + Nonlinear RX,4.79143
LearnedNonlinear,Learned + Nonlinear RX,5.0798125
LearnedNonlinear,Learned + Nonlinear RX,4.664894
LearnedNonlinear,Learned + Nonlinear RX,5.53262
LearnedNonlinear,Learned + Nonlinear RX,5.183161
LearnedNonlinear,Learned + Nonlinear RX,5.7455897
LearnedNonlinear,Learned + Nonlinear RX,5.0102324
LearnedNonlinear,Learned + Nonlinear RX,5.227543
LearnedNonlinear,Learned + Nonlinear RX,8.116606
LearnedNonlinear,Learned + Nonlinear RX,5.426538
LearnedNonlinear,Learned + Nonlinear RX,4.5792575
LearnedNonlinear,Learned + Nonlinear RX,5.1862698
LearnedNonlinear,Learned + Nonlinear RX,3.7829666
LearnedNonlinear,Learned + Nonlinear RX,6.9829597
LearnedNonlinear,Learned + Nonlinear RX,6.319223
LearnedNonlinear,Learned + Nonlinear RX,5.1937475
LearnedNonlinear,Learned + Nonlinear RX,5.0688276
LearnedNonlinear,Learned + Nonlinear RX,6.092883
LearnedNonlinear,Learned + Nonlinear RX,8.8446245
LearnedNonlinear,Learned + Nonlinear RX,5.793038
LearnedNonlinear,Learned + Nonlinear RX,4.576489
LearnedNonlinear,Learned + Nonlinear RX,4.385238
LearnedNonlinear,Learned + Nonlinear RX,5.641336
LearnedNonlinear,Learned + Nonlinear RX,5.5335464
LearnedNonlinear,Learned + Nonlinear RX,5.3408675
LearnedNonlinear,Learned + Nonlinear RX,5.256175
LearnedNonlinear,Learned + Nonlinear RX,6.4034176
LearnedNonlinear,Learned + Nonlinear RX,5.515087
LearnedNonlinear,Learned + Nonlinear RX,4.664994
LearnedNonlinear,Learned + Nonlinear RX,4.756405
LearnedNonlinear,Learned + Nonlinear RX,4.499652
LearnedNonlinear,Learned + Nonlinear RX,5.3875675
LearnedNonlinear,Learned + Nonlinear RX,5.851917
LearnedNonlinear,Learned + Nonlinear RX,5.499728
LearnedNonlinear,Learned + Nonlinear RX,5.2100472
LearnedNonlinear,Learned + Nonlinear RX,3.7488265
LearnedNonlinear,Learned + Nonlinear RX,6.152377
LearnedNonlinear,Learned + Nonlinear RX,4.7516255
LearnedNonlinear,Learned + Nonlinear RX,6.3419743
LearnedNonlinear,Learned + Nonlinear RX,6.2029195
LearnedNonlinear,Learned + Nonlinear RX,3.8300662
LearnedNonlinear,Learned + Nonlinear RX,5.291897
LearnedNonlinear,Learned + Nonlinear RX,4.8682156
LearnedNonlinear,Learned + Nonlinear RX,5.420376
LearnedNonlinear,Learned + Nonlinear RX,6.2255573
LearnedNonlinear,Learned + Nonlinear RX,5.179997
LearnedNonlinear,Learned + Nonlinear RX,5.4689574
LearnedNonlinear,Learned + Nonlinear RX,5.435662
LearnedNonlinear,Learned + Nonlinear RX,5.0798855
LearnedNonlinear,Learned + Nonlinear RX,4.119823
LearnedNonlinear,Learned + Nonlinear RX,5.469302
LearnedNonlinear,Learned + Nonlinear RX,4.3752294
LearnedNonlinear,Learned + Nonlinear RX,7.395475
LearnedNonlinear,Learned + Nonlinear RX,5.0949774
LearnedNonlinear,Learned + Nonlinear RX,5.25511
LearnedNonlinear,Learned + Nonlinear RX,5.472546
LearnedNonlinear,Learned + Nonlinear RX,4.8358335
LearnedNonlinear,Learned + Nonlinear RX,4.6516557
LearnedNonlinear,Learned + Nonlinear RX,5.588469
LearnedNonlinear,Learned + Nonlinear RX,5.366857
LearnedNonlinear,Learned + Nonlinear RX,5.1879005
LearnedNonlinear,Learned + Nonlinear RX,4.527794
LearnedNonlinear,Learned + Nonlinear RX,6.1180973
LearnedNonlinear,Learned + Nonlinear RX,6.8797355
LearnedNonlinear,Learned + Nonlinear RX,4.5820017
LearnedNonlinear,Learned + Nonlinear RX,5.9221077
LearnedNonlinear,Learned + Nonlinear RX,5.3112516
LearnedNonlinear,Learned + Nonlinear RX,4.163458
LearnedNonlinear,Learned + Nonlinear RX,5.8457212
LearnedNonlinear,Learned + Nonlinear RX,4.2704396
LearnedNonlinear,Learned + Nonlinear RX,5.5904083
LearnedNonlinear,Learned + Nonlinear RX,6.4317393
LearnedNonlinear,Learned + Nonlinear RX,5.097961
LearnedNonlinear,Learned + Nonlinear RX,4.502462
LearnedNonlinear,Learned + Nonlinear RX,6.5007286
LearnedNonlinear,Learned + Nonlinear RX,5.550819
LearnedNonlinear,Learned + Nonlinear RX,5.422412
LearnedNonlinear,Learned + Nonlinear RX,5.778499
LearnedNonlinear,Learned + Nonlinear RX,5.2360964
LearnedNonlinear,Learned + Nonlinear RX,5.346943
LearnedNonlinear,Learned + Nonlinear RX,5.315729
LearnedNonlinear,Learned + Nonlinear RX,6.0661297
LearnedNonlinear,Learned + Nonlinear RX,4.547586
LearnedNonlinear,Learned + Nonlinear RX,3.71444
LearnedNonlinear,Learned + Nonlinear RX,5.3571625
LearnedNonlinear,Learned + Nonlinear RX,5.5737185
LearnedNonlinear,Learned + Nonlinear RX,5.369324
LearnedNonlinear,Learned + Nonlinear RX,4.8282866
LearnedNonlinear,Learned + Nonlinear RX,5.48893
LearnedNonlinear,Learned + Nonlinear RX,4.984295
LearnedNonlinear,Learned + Nonlinear RX,5.268107
LearnedNonlinear,Learned + Nonlinear RX,5.5328903
LearnedNonlinear,Learned + Nonlinear RX,6.001329
LearnedNonlinear,Learned + Nonlinear RX,5.849867
LearnedNonlinear,Learned + Nonlinear RX,4.2080016
LearnedNonlinear,Learned + Nonlinear RX,6.364336
LearnedNonlinear,Learned + Nonlinear RX,5.1165013
LearnedNonlinear,Learned + Nonlinear RX,5.235269
LearnedNonlinear,Learned + Nonlinear RX,4.6794653
LearnedNonlinear,Learned + Nonlinear RX,6.1757116
LearnedNonlinear,Learned + Nonlinear RX,4.2462287
LearnedNonlinear,Learned + Nonlinear RX,4.537689
LearnedNonlinear,Learned + Nonlinear RX,4.456106
LearnedNonlinear,Learned + Nonlinear RX,6.142542
LearnedNonlinear,Learned + Nonlinear RX,5.810166
LearnedNonlinear,Learned + Nonlinear RX,5.9556
LearnedNonlinear,Learned + Nonlinear RX,5.943531
LearnedNonlinear,Learned + Nonlinear RX,4.879208
LearnedNonlinear,Learned + Nonlinear RX,4.7491055
LearnedNonlinear,Learned + Nonlinear RX,5.451529
LearnedNonlinear,Learned + Nonlinear RX,4.322911
LearnedNonlinear,Learned + Nonlinear RX,5.725972
LearnedNonlinear,Learned + Nonlinear RX,5.226021
LearnedNonlinear,Learned + Nonlinear RX,4.468314
LearnedNonlinear,Learned + Nonlinear RX,5.6428413
LearnedNonlinear,Learned + Nonlinear RX,5.661997
LearnedNonlinear,Learned + Nonlinear RX,4.401472
LearnedNonlinear,Learned + Nonlinear RX,4.3998537
LearnedNonlinear,Learned + Nonlinear RX,6.3435645
LearnedNonlinear,Learned + Nonlinear RX,6.93039
LearnedNonlinear,Learned + Nonlinear RX,4.5469036
LearnedNonlinear,Learned + Nonlinear RX,5.1898117
LearnedNonlinear,Learned + Nonlinear RX,6.8179913
LearnedNonlinear,Learned + Nonlinear RX,4.4855986
LearnedNonlinear,Learned + Nonlinear RX,6.5637736
LearnedNonlinear,Learned + Nonlinear RX,3.9509406
LearnedNonlinear,Learned + Nonlinear RX,5.7774105
LearnedNonlinear,Learned + Nonlinear RX,5.5685945
LearnedNonlinear,Learned + Nonlinear RX,6.0781665
LearnedNonlinear,Learned + Nonlinear RX,5.2632113
LearnedNonlinear,Learned + Nonlinear RX,5.2708583
LearnedNonlinear,Learned + Nonlinear RX,6.53965
LearnedNonlinear,Learned + Nonlinear RX,3.5548065
LearnedNonlinear,Learned + Nonlinear RX,5.62735
LearnedNonlinear,Learned + Nonlinear RX,5.7606115
LearnedNonlinear,Learned + Nonlinear RX,5.6077046
LearnedNonlinear,Learned + Nonlinear RX,5.2089047
LearnedNonlinear,Learned + Nonlinear RX,6.0331397
LearnedNonlinear,Learned + Nonlinear RX,5.2401304
LearnedNonlinear,Learned + Nonlinear RX,5.4759855
LearnedNonlinear,Learned + Nonlinear RX,4.563798
LearnedNonlinear,Learned + Nonlinear RX,4.564973
LearnedNonlinear,Learned + Nonlinear RX,4.383879
LearnedNonlinear,Learned + Nonlinear RX,5.547761
LearnedNonlinear,Learned + Nonlinear RX,5.598689
LearnedNonlinear,Learned + Nonlinear RX,6.168193
LearnedNonlinear,Learned + Nonlinear RX,4.577053
LearnedNonlinear,Learned + Nonlinear RX,6.1894064
LearnedNonlinear,Learned + Nonlinear RX,5.5254335
LearnedNonlinear,Learned + Nonlinear RX,6.0484295
LearnedNonlinear,Learned + Nonlinear RX,5.292086
LearnedNonlinear,Learned + Nonlinear RX,5.3813004
LearnedNonlinear,Learned + Nonlinear RX,4.7634797
LearnedNonlinear,Learned + Nonlinear RX,6.057541
LearnedNonlinear,Learned + Nonlinear RX,5.298782
LearnedNonlinear,Learned + Nonlinear RX,5.2759576
LearnedNonlinear,Learned + Nonlinear RX,5.8755302
LearnedNonlinear,Learned + Nonlinear RX,5.973039
LearnedNonlinear,Learned + Nonlinear RX,5.8136797
LearnedNonlinear,Learned + Nonlinear RX,4.4307113
LearnedNonlinear,Learned + Nonlinear RX,5.117695
LearnedNonlinear,Learned + Nonlinear RX,6.811473
LearnedNonlinear,Learned + Nonlinear RX,4.596854
LearnedNonlinear,Learned + Nonlinear RX,4.2947507
LearnedNonlinear,Learned + Nonlinear RX,5.0184584
LearnedNonlinear,Learned + Nonlinear RX,5.1227336
LearnedNonlinear,Learned + Nonlinear RX,5.3694363
LearnedNonlinear,Learned + Nonlinear RX,5.008206
LearnedNonlinear,Learned + Nonlinear RX,4.831204
LearnedNonlinear,Learned + Nonlinear RX,5.3313475
LearnedNonlinear,Learned + Nonlinear RX,5.5870004
LearnedNonlinear,Learned + Nonlinear RX,5.88954
LearnedNonlinear,Learned + Nonlinear RX,5.574319
LearnedNonlinear,Learned + Nonlinear RX,5.3649707
LearnedNonlinear,Learned + Nonlinear RX,6.732148
LearnedNonlinear,Learned + Nonlinear RX,6.4004307
LearnedNonlinear,Learned + Nonlinear RX,4.3176904
LearnedNonlinear,Learned + Nonlinear RX,4.7976704
LearnedNonlinear,Learned + Nonlinear RX,5.0522513
LearnedNonlinear,Learned + Nonlinear RX,4.329871
LearnedNonlinear,Learned + Nonlinear RX,4.714026
LearnedNonlinear,Learned + Nonlinear RX,6.22077
LearnedNonlinear,Learned + Nonlinear RX,5.1137114
LearnedNonlinear,Learned + Nonlinear RX,5.1143293
LearnedNonlinear,Learned + Nonlinear RX,5.03668
LearnedNonlinear,Learned + Nonlinear RX,4.4253645
LearnedNonlinear,Learned + Nonlinear RX,5.1887994
LearnedNonlinear,Learned + Nonlinear RX,6.073994
LearnedNonlinear,Learned + Nonlinear RX,5.398536
LearnedNonlinear,Learned + Nonlinear RX,4.0954514
LearnedNonlinear,Learned + Nonlinear RX,5.309832
LearnedNonlinear,Learned + Nonlinear RX,4.703854
LearnedNonlinear,Learned + Nonlinear RX,4.09176
LearnedNonlinear,Learned + Nonlinear RX,5.8258305
LearnedNonlinear,Learned + Nonlinear RX,3.7046232
LearnedNonlinear,Learned + Nonlinear RX,5.401315
LearnedNonlinear,Learned + Nonlinear RX,5.084797
LearnedNonlinear,Learned + Nonlinear RX,3.7807846
LearnedNonlinear,Learned + Nonlinear RX,5.05398
LearnedNonlinear,Learned + Nonlinear RX,5.481591
LearnedNonlinear,Learned + Nonlinear RX,4.708302
LearnedNonlinear,Learned + Nonlinear RX,5.240366
LearnedNonlinear,Learned + Nonlinear RX,4.7091856
LearnedNonlinear,Learned + Nonlinear RX,5.5625677
LearnedNonlinear,Learned + Nonlinear RX,6.208933
LearnedNonlinear,Learned + Nonlinear RX,5.993288
LearnedNonlinear,Learned + Nonlinear RX,4.974565
LearnedNonlinear,Learned + Nonlinear RX,5.055244
LearnedNonlinear,Learned + Nonlinear RX,4.832007
LearnedNonlinear,Learned + Nonlinear RX,5.328253
LearnedNonlinear,Learned + Nonlinear RX,5.6821203
LearnedNonlinear,Learned + Nonlinear RX,5.62833
LearnedNonlinear,Learned + Nonlinear RX,5.510104
LearnedNonlinear,Learned + Nonlinear RX,4.7585664
LearnedNonlinear,Learned + Nonlinear RX,5.3526263
LearnedNonlinear,Learned + Nonlinear RX,5.908275
LearnedNonlinear,Learned + Nonlinear RX,4.735668
LearnedNonlinear,Learned + Nonlinear RX,4.240176
LearnedNonlinear,Learned + Nonlinear RX,4.6354394
LearnedNonlinear,Learned + Nonlinear RX,5.05516
LearnedNonlinear,Learned + Nonlinear RX,6.2038994
LearnedNonlinear,Learned + Nonlinear RX,7.114461
LearnedNonlinear,Learned + Nonlinear RX,5.555742
LearnedNonlinear,Learned + Nonlinear RX,5.8640947
LearnedNonlinear,Learned + Nonlinear RX,3.7509906
LearnedNonlinear,Learned + Nonlinear RX,4.1663284
LearnedNonlinear,Learned + Nonlinear RX,6.226775
LearnedNonlinear,Learned + Nonlinear RX,5.7909083
LearnedNonlinear,Learned + Nonlinear RX,4.8867064
LearnedNonlinear,Learned + Nonlinear RX,5.2759285
LearnedNonlinear,Learned + Nonlinear RX,5.1151724
LearnedNonlinear,Learned + Nonlinear RX,4.3607864
LearnedNonlinear,Learned + Nonlinear RX,4.8154316
LearnedNonlinear,Learned + Nonlinear RX,6.4966516
LearnedNonlinear,Learned + Nonlinear RX,4.46892
LearnedNonlinear,Learned + Nonlinear RX,5.5634804
LearnedNonlinear,Learned + Nonlinear RX,5.362895
LearnedNonlinear,Learned + Nonlinear RX,4.6114407
LearnedNonlinear,Learned + Nonlinear RX,4.444775
LearnedNonlinear,Learned + Nonlinear RX,4.633675
LearnedNonlinear,Learned + Nonlinear RX,6.1264806
LearnedNonlinear,Learned + Nonlinear RX,5.532956
LearnedNonlinear,Learned + Nonlinear RX,4.7021723
LearnedNonlinear,Learned + Nonlinear RX,5.880883
LearnedNonlinear,Learned + Nonlinear RX,5.68743
LearnedNonlinear,Learned + Nonlinear RX,5.3365965
LearnedNonlinear,Learned + Nonlinear RX,6.34894
LearnedNonlinear,Learned + Nonlinear RX,5.0248857
LearnedNonlinear,Learned + Nonlinear RX,6.4017467
LearnedNonlinear,Learned + Nonlinear RX,5.2594137
LearnedNonlinear,Learned + Nonlinear RX,5.0688324
LearnedNonlinear,Learned + Nonlinear RX,6.2392635
LearnedNonlinear,Learned + Nonlinear RX,4.8091903
LearnedNonlinear,Learned + Nonlinear RX,3.6838846
LearnedNonlinear,Learned + Nonlinear RX,4.59603
LearnedNonlinear,Learned + Nonlinear RX,5.4931216
LearnedNonlinear,Learned + Nonlinear RX,5.2407827
LearnedNonlinear,Learned + Nonlinear RX,5.3703685
LearnedNonlinear,Learned + Nonlinear RX,5.024888
LearnedNonlinear,Learned + Nonlinear RX,6.8680215
LearnedNonlinear,Learned + Nonlinear RX,6.4029903
LearnedNonlinear,Learned + Nonlinear RX,5.27767
LearnedNonlinear,Learned + Nonlinear RX,5.7555585
LearnedNonlinear,Learned + Nonlinear RX,5.0680346
LearnedNonlinear,Learned + Nonlinear RX,5.7192984
LearnedNonlinear,Learned + Nonlinear RX,5.5349135
LearnedNonlinear,Learned + Nonlinear RX,5.8864665
LearnedNonlinear,Learned + Nonlinear RX,4.2905703
LearnedNonlinear,Learned + Nonlinear RX,4.7835093
LearnedNonlinear,Learned + Nonlinear RX,5.0223045
LearnedNonlinear,Learned + Nonlinear RX,5.1174407
LearnedNonlinear,Learned + Nonlinear RX,6.4061503
LearnedNonlinear,Learned + Nonlinear RX,6.384076
LearnedNonlinear,Learned + Nonlinear RX,6.7397118
LearnedNonlinear,Learned + Nonlinear RX,5.541756
LearnedNonlinear,Learned + Nonlinear RX,4.47862
LearnedNonlinear,Learned + Nonlinear RX,4.8564615
LearnedNonlinear,Learned + Nonlinear RX,4.4237905
LearnedNonlinear,Learned + Nonlinear RX,4.8550944
LearnedNonlinear,Learned + Nonlinear RX,4.8449497
LearnedNonlinear,Learned + Nonlinear RX,4.0441566
LearnedNonlinear,Learned + Nonlinear RX,5.292318
LearnedNonlinear,Learned + Nonlinear RX,6.1936703
LearnedNonlinear,Learned + Nonlinear RX,5.212068
LearnedNonlinear,Learned + Nonlinear RX,6.1078234
LearnedNonlinear,Learned + Nonlinear RX,5.2369304
LearnedNonlinear,Learned + Nonlinear RX,4.567114
LearnedNonlinear,Learned + Nonlinear RX,6.7090425
LearnedNonlinear,Learned + Nonlinear RX,4.859278
LearnedNonlinear,Learned + Nonlinear RX,4.4068065
LearnedNonlinear,Learned + Nonlinear RX,4.2985144
LearnedNonlinear,Learned + Nonlinear RX,4.536327
LearnedNonlinear,Learned + Nonlinear RX,4.3875737
LearnedNonlinear,Learned + Nonlinear RX,5.3820205
LearnedNonlinear,Learned + Nonlinear RX,5.1847577
LearnedNonlinear,Learned + Nonlinear RX,6.5841765
LearnedNonlinear,Learned + Nonlinear RX,4.157628
LearnedNonlinear,Learned + Nonlinear RX,5.0089455
LearnedNonlinear,Learned + Nonlinear RX,6.264241
LearnedNonlinear,Learned + Nonlinear RX,4.756841
LearnedNonlinear,Learned + Nonlinear RX,5.21443
LearnedNonlinear,Learned + Nonlinear RX,5.817089
LearnedNonlinear,Learned + Nonlinear RX,4.734334
LearnedNonlinear,Learned + Nonlinear RX,5.2817564
LearnedNonlinear,Learned + Nonlinear RX,4.2195635
LearnedNonlinear,Learned + Nonlinear RX,4.9655986
LearnedNonlinear,Learned + Nonlinear RX,5.4014974
LearnedNonlinear,Learned + Nonlinear RX,4.376735
LearnedNonlinear,Learned + Nonlinear RX,8.189329
LearnedNonlinear,Learned + Nonlinear RX,4.7769766
LearnedNonlinear,Learned + Nonlinear RX,3.9041018
LearnedNonlinear,Learned + Nonlinear RX,4.6855407
LearnedNonlinear,Learned + Nonlinear RX,5.627954
LearnedNonlinear,Learned + Nonlinear RX,5.0909166
LearnedNonlinear,Learned + Nonlinear RX,4.645381
LearnedNonlinear,Learned + Nonlinear RX,4.702175
LearnedNonlinear,Learned + Nonlinear RX,5.204386
LearnedNonlinear,Learned + Nonlinear RX,5.4801874
LearnedNonlinear,Learned + Nonlinear RX,6.965806
LearnedNonlinear,Learned + Nonlinear RX,4.9531007
LearnedNonlinear,Learned + Nonlinear RX,6.065752
LearnedNonlinear,Learned + Nonlinear RX,4.05951
LearnedNonlinear,Learned + Nonlinear RX,4.5860653
LearnedNonlinear,Learned + Nonlinear RX,5.3024535
LearnedNonlinear,Learned + Nonlinear RX,4.4036965
LearnedNonlinear,Learned + Nonlinear RX,5.588095
LearnedNonlinear,Learned + Nonlinear RX,5.780971
LearnedNonlinear,Learned + Nonlinear RX,5.1222177
LearnedNonlinear,Learned + Nonlinear RX,5.924589
LearnedNonlinear,Learned + Nonlinear RX,6.4794645
LearnedNonlinear,Learned + Nonlinear RX,6.4473476
LearnedNonlinear,Learned + Nonlinear RX,6.382291
LearnedNonlinear,Learned + Nonlinear RX,4.7490005
LearnedNonlinear,Learned + Nonlinear RX,5.559935
LearnedNonlinear,Learned + Nonlinear RX,5.7629495
LearnedNonlinear,Learned + Nonlinear RX,5.4902744
LearnedNonlinear,Learned + Nonlinear RX,7.4566846
LearnedNonlinear,Learned + Nonlinear RX,5.2098413
LearnedNonlinear,Learned + Nonlinear RX,7.1429625
LearnedNonlinear,Learned + Nonlinear RX,8.079741
LearnedNonlinear,Learned + Nonlinear RX,4.6585307
LearnedNonlinear,Learned + Nonlinear RX,6.1443496
LearnedNonlinear,Learned + Nonlinear RX,4.314133
LearnedNonlinear,Learned + Nonlinear RX,5.0594707
LearnedNonlinear,Learned + Nonlinear RX,6.0255194
LearnedNonlinear,Learned + Nonlinear RX,5.139683
LearnedNonlinear,Learned + Nonlinear RX,5.336111
LearnedNonlinear,Learned + Nonlinear RX,6.664328
LearnedNonlinear,Learned + Nonlinear RX,5.4838057
LearnedNonlinear,Learned + Nonlinear RX,4.625205
LearnedNonlinear,Learned + Nonlinear RX,4.7979765
LearnedNonlinear,Learned + Nonlinear RX,5.60281
LearnedNonlinear,Learned + Nonlinear RX,5.516097
LearnedNonlinear,Learned + Nonlinear RX,4.4064326
LearnedNonlinear,Learned + Nonlinear RX,4.2013774
LearnedNonlinear,Learned + Nonlinear RX,6.527612
LearnedNonlinear,Learned + Nonlinear RX,5.6656713
LearnedNonlinear,Learned + Nonlinear RX,5.2245836
LearnedNonlinear,Learned + Nonlinear RX,5.670455
LearnedNonlinear,Learned + Nonlinear RX,5.346428
LearnedNonlinear,Learned + Nonlinear RX,5.921612
LearnedNonlinear,Learned + Nonlinear RX,6.3287735
LearnedNonlinear,Learned + Nonlinear RX,5.308523
LearnedNonlinear,Learned + Nonlinear RX,6.2936254
LearnedNonlinear,Learned + Nonlinear RX,5.840166
LearnedNonlinear,Learned + Nonlinear RX,5.639333
LearnedNonlinear,Learned + Nonlinear RX,4.65277
LearnedNonlinear,Learned + Nonlinear RX,4.3151107
LearnedNonlinear,Learned + Nonlinear RX,4.7587433
LearnedNonlinear,Learned + Nonlinear RX,4.617465
LearnedNonlinear,Learned + Nonlinear RX,5.0299234
LearnedNonlinear,Learned + Nonlinear RX,4.726496
LearnedNonlinear,Learned + Nonlinear RX,4.236447
LearnedNonlinear,Learned + Nonlinear RX,4.742666
LearnedNonlinear,Learned + Nonlinear RX,6.171558
LearnedNonlinear,Learned + Nonlinear RX,4.5205812
LearnedNonlinear,Learned + Nonlinear RX,3.9046264
LearnedNonlinear,Learned + Nonlinear RX,4.7006693
LearnedNonlinear,Learned + Nonlinear RX,5.5110836
LearnedNonlinear,Learned + Nonlinear RX,5.1978474
LearnedNonlinear,Learned + Nonlinear RX,4.2084045
LearnedNonlinear,Learned + Nonlinear RX,5.2572675
LearnedNonlinear,Learned + Nonlinear RX,6.0673614
LearnedNonlinear,Learned + Nonlinear RX,5.1525908
LearnedNonlinear,Learned + Nonlinear RX,4.792874
LearnedNonlinear,Learned + Nonlinear RX,5.053084
LearnedNonlinear,Learned + Nonlinear RX,5.1603913
LearnedNonlinear,Learned + Nonlinear RX,5.035269
LearnedNonlinear,Learned + Nonlinear RX,5.8879128
LearnedNonlinear,Learned + Nonlinear RX,4.670386
LearnedNonlinear,Learned + Nonlinear RX,4.390892
LearnedNonlinear,Learned + Nonlinear RX,5.8977647
LearnedNonlinear,Learned + Nonlinear RX,6.224736
LearnedNonlinear,Learned + Nonlinear RX,5.845706
LearnedNonlinear,Learned + Nonlinear RX,4.550436
LearnedNonlinear,Learned + Nonlinear RX,4.0842843
LearnedNonlinear,Learned + Nonlinear RX,5.1145167
LearnedNonlinear,Learned + Nonlinear RX,4.4421363
LearnedNonlinear,Learned + Nonlinear RX,6.1481953
LearnedNonlinear,Learned + Nonlinear RX,7.315567
LearnedNonlinear,Learned + Nonlinear RX,5.778479
LearnedNonlinear,Learned + Nonlinear RX,4.4251027
LearnedNonlinear,Learned + Nonlinear RX,5.09431
LearnedNonlinear,Learned + Nonlinear RX,5.867987
LearnedNonlinear,Learned + Nonlinear RX,6.194195
LearnedNonlinear,Learned + Nonlinear RX,4.8763804
LearnedNonlinear,Learned + Nonlinear RX,4.5938387
LearnedNonlinear,Learned + Nonlinear RX,5.1142244
LearnedNonlinear,Learned + Nonlinear RX,5.380876
LearnedNonlinear,Learned + Nonlinear RX,5.8508945
LearnedNonlinear,Learned + Nonlinear RX,5.4075336
LearnedNonlinear,Learned + Nonlinear RX,6.229391
LearnedNonlinear,Learned + Nonlinear RX,5.910974
LearnedNonlinear,Learned + Nonlinear RX,6.324193
LearnedNonlinear,Learned + Nonlinear RX,4.79844
LearnedNonlinear,Learned + Nonlinear RX,4.476906
LearnedNonlinear,Learned + Nonlinear RX,4.7515035
LearnedNonlinear,Learned + Nonlinear RX,4.806856
LearnedNonlinear,Learned + Nonlinear RX,6.187545
LearnedNonlinear,Learned + Nonlinear RX,5.0773168
LearnedNonlinear,Learned + Nonlinear RX,5.248582
LearnedNonlinear,Learned + Nonlinear RX,5.6218743
LearnedNonlinear,Learned + Nonlinear RX,7.370311
LearnedNonlinear,Learned + Nonlinear RX,4.537126
LearnedNonlinear,Learned + Nonlinear RX,4.7412214
LearnedNonlinear,Learned + Nonlinear RX,5.6829925
LearnedNonlinear,Learned + Nonlinear RX,5.0861998
LearnedNonlinear,Learned + Nonlinear RX,4.7356286
LearnedNonlinear,Learned + Nonlinear RX,4.4927783
LearnedNonlinear,Learned + Nonlinear RX,4.733529
LearnedNonlinear,Learned + Nonlinear RX,4.7834916
LearnedNonlinear,Learned + Nonlinear RX,5.3863387
LearnedNonlinear,Learned + Nonlinear RX,5.141075
LearnedNonlinear,Learned + Nonlinear RX,5.7500944
LearnedNonlinear,Learned + Nonlinear RX,6.6608095
LearnedNonlinear,Learned + Nonlinear RX,4.8020926
LearnedNonlinear,Learned + Nonlinear RX,4.952935
LearnedNonlinear,Learned + Nonlinear RX,3.6849334
LearnedNonlinear,Learned + Nonlinear RX,6.376796
LearnedNonlinear,Learned + Nonlinear RX,6.8590355
LearnedNonlinear,Learned + Nonlinear RX,4.3883443
LearnedNonlinear,Learned + Nonlinear RX,5.9557385
LearnedNonlinear,Learned + Nonlinear RX,5.133872
LearnedNonlinear,Learned + Nonlinear RX,6.0581965
LearnedNonlinear,Learned + Nonlinear RX,5.8695
LearnedNonlinear,Learned + Nonlinear RX,4.670137
LearnedNonlinear,Learned + Nonlinear RX,6.2026477
LearnedNonlinear,Learned + Nonlinear RX,5.3937106
LearnedNonlinear,Learned + Nonlinear RX,4.9243402
LearnedNonlinear,Learned + Nonlinear RX,5.0980177
LearnedNonlinear,Learned + Nonlinear RX,5.9706016
LearnedNonlinear,Learned + Nonlinear RX,5.9611325
LearnedNonlinear,Learned + Nonlinear RX,4.4188375
LearnedNonlinear,Learned + Nonlinear RX,4.5613985
LearnedNonlinear,Learned + Nonlinear RX,4.7847505
LearnedNonlinear,Learned + Nonlinear RX,5.2906237
LearnedNonlinear,Learned + Nonlinear RX,4.571926
LearnedNonlinear,Learned + Nonlinear RX,6.8661776
LearnedNonlinear,Learned + Nonlinear RX,5.180771
LearnedNonlinear,Learned + Nonlinear RX,5.1016383
LearnedNonlinear,Learned + Nonlinear RX,4.6278386
LearnedNonlinear,Learned + Nonlinear RX,5.1471734
LearnedNonlinear,Learned + Nonlinear RX,4.316787
LearnedNonlinear,Learned + Nonlinear RX,6.678196
LearnedNonlinear,Learned + Nonlinear RX,4.9011164
LearnedNonlinear,Learned + Nonlinear RX,5.662932
LearnedNonlinear,Learned + Nonlinear RX,4.904384
LearnedNonlinear,Learned + Nonlinear RX,5.8607697
LearnedNonlinear,Learned + Nonlinear RX,5.143683
LearnedNonlinear,Learned + Nonlinear RX,5.444516
LearnedNonlinear,Learned + Nonlinear RX,4.841066
LearnedNonlinear,Learned + Nonlinear RX,6.224666
LearnedNonlinear,Learned + Nonlinear RX,5.048788
LearnedNonlinear,Learned + Nonlinear RX,5.1888075
LearnedNonlinear,Learned + Nonlinear RX,5.285228
LearnedNonlinear,Learned + Nonlinear RX,5.901191
LearnedNonlinear,Learned + Nonlinear RX,4.460904
LearnedNonlinear,Learned + Nonlinear RX,5.3469734
LearnedNonlinear,Learned + Nonlinear RX,6.0171247
LearnedNonlinear,Learned + Nonlinear RX,5.8492537
LearnedNonlinear,Learned + Nonlinear RX,4.2023916
LearnedNonlinear,Learned + Nonlinear RX,4.9980955
LearnedNonlinear,Learned + Nonlinear RX,5.107684
LearnedNonlinear,Learned + Nonlinear RX,6.3597274
LearnedNonlinear,Learned + Nonlinear RX,5.1682525
LearnedNonlinear,Learned + Nonlinear RX,4.613393
LearnedNonlinear,Learned + Nonlinear RX,5.429495
LearnedNonlinear,Learned + Nonlinear RX,6.537937
LearnedNonlinear,Learned + Nonlinear RX,4.5567546
LearnedNonlinear,Learned + Nonlinear RX,5.089897
LearnedNonlinear,Learned + Nonlinear RX,4.3859944
LearnedNonlinear,Learned + Nonlinear RX,4.4170775
LearnedNonlinear,Learned + Nonlinear RX,5.6139045
LearnedNonlinear,Learned + Nonlinear RX,5.978556
LearnedNonlinear,Learned + Nonlinear RX,5.8882546
LearnedNonlinear,Learned + Nonlinear RX,4.910937
LearnedNonlinear,Learned + Nonlinear RX,4.199987
LearnedNonlinear,Learned + Nonlinear RX,5.4503913
LearnedNonlinear,Learned + Nonlinear RX,5.0132394
LearnedNonlinear,Learned + Nonlinear RX,4.632817
LearnedNonlinear,Learned + Nonlinear RX,5.1871996
LearnedNonlinear,Learned + Nonlinear RX,5.6049175
LearnedNonlinear,Learned + Nonlinear RX,4.5381446
LearnedNonlinear,Learned + Nonlinear RX,6.217363
LearnedNonlinear,Learned + Nonlinear RX,8.443464
LearnedNonlinear,Learned + Nonlinear RX,4.999241
LearnedNonlinear,Learned + Nonlinear RX,4.4472427
LearnedNonlinear,Learned + Nonlinear RX,4.377774
LearnedNonlinear,Learned + Nonlinear RX,5.325868
LearnedNonlinear,Learned + Nonlinear RX,4.528815
LearnedNonlinear,Learned + Nonlinear RX,5.5901265
LearnedNonlinear,Learned + Nonlinear RX,4.0696173
LearnedNonlinear,Learned + Nonlinear RX,4.574073
LearnedNonlinear,Learned + Nonlinear RX,4.5307183
LearnedNonlinear,Learned + Nonlinear RX,6.6981244
LearnedNonlinear,Learned + Nonlinear RX,6.871598
LearnedNonlinear,Learned + Nonlinear RX,5.066976
LearnedNonlinear,Learned + Nonlinear RX,6.279063
LearnedNonlinear,Learned + Nonlinear RX,4.362553
LearnedNonlinear,Learned + Nonlinear RX,6.3103414
LearnedNonlinear,Learned + Nonlinear RX,6.39847
LearnedNonlinear,Learned + Nonlinear RX,4.2467647
LearnedNonlinear,Learned + Nonlinear RX,5.956452
LearnedNonlinear,Learned + Nonlinear RX,5.1986637
LearnedNonlinear,Learned + Nonlinear RX,4.1524935
LearnedNonlinear,Learned + Nonlinear RX,4.3854575
LearnedNonlinear,Learned + Nonlinear RX,5.2442145
LearnedNonlinear,Learned + Nonlinear RX,5.46142
LearnedNonlinear,Learned + Nonlinear RX,5.78413
LearnedNonlinear,Learned + Nonlinear RX,5.8606615
LearnedNonlinear,Learned + Nonlinear RX,4.7798743
LearnedNonlinear,Learned + Nonlinear RX,4.890176
LearnedNonlinear,Learned + Nonlinear RX,5.364791
LearnedNonlinear,Learned + Nonlinear RX,5.1524615
LearnedNonlinear,Learned + Nonlinear RX,4.9390597
LearnedNonlinear,Learned + Nonlinear RX,4.406808
LearnedNonlinear,Learned + Nonlinear RX,5.4101706
LearnedNonlinear,Learned + Nonlinear RX,6.001629
LearnedNonlinear,Learned + Nonlinear RX,6.852828
LearnedNonlinear,Learned + Nonlinear RX,5.538048
LearnedNonlinear,Learned + Nonlinear RX,5.3643374
LearnedNonlinear,Learned + Nonlinear RX,3.7715814
LearnedNonlinear,Learned + Nonlinear RX,3.860189
LearnedNonlinear,Learned + Nonlinear RX,5.2800393
LearnedNonlinear,Learned + Nonlinear RX,6.1079884
LearnedNonlinear,Learned + Nonlinear RX,6.224745
LearnedNonlinear,Learned + Nonlinear RX,5.36679
LearnedNonlinear,Learned + Nonlinear RX,5.3233414
LearnedNonlinear,Learned + Nonlinear RX,4.105562
LearnedNonlinear,Learned + Nonlinear RX,5.146799
LearnedNonlinear,Learned + Nonlinear RX,6.8525653
LearnedNonlinear,Learned + Nonlinear RX,4.5105157
LearnedNonlinear,Learned + Nonlinear RX,6.0506873
LearnedNonlinear,Learned + Nonlinear RX,4.855746
LearnedNonlinear,Learned + Nonlinear RX,6.013386
LearnedNonlinear,Learned + Nonlinear RX,4.7110553
LearnedNonlinear,Learned + Nonlinear RX,4.8847103
LearnedNonlinear,Learned + Nonlinear RX,5.5807023
LearnedNonlinear,Learned + Nonlinear RX,6.088255
LearnedNonlinear,Learned + Nonlinear RX,5.5710535
LearnedNonlinear,Learned + Nonlinear RX,7.0109887
LearnedNonlinear,Learned + Nonlinear RX,5.401886
LearnedNonlinear,Learned + Nonlinear RX,5.162129
LearnedNonlinear,Learned + Nonlinear RX,3.9530368
LearnedNonlinear,Learned + Nonlinear RX,4.126047
LearnedNonlinear,Learned + Nonlinear RX,5.485597
LearnedNonlinear,Learned + Nonlinear RX,5.7156954
LearnedNonlinear,Learned + Nonlinear RX,5.521003
LearnedNonlinear,Learned + Nonlinear RX,4.6717877
LearnedNonlinear,Learned + Nonlinear RX,5.7980037
LearnedNonlinear,Learned + Nonlinear RX,4.7946014
LearnedNonlinear,Learned + Nonlinear RX,5.350172
LearnedNonlinear,Learned + Nonlinear RX,6.4378715
LearnedNonlinear,Learned + Nonlinear RX,5.2943664
LearnedNonlinear,Learned + Nonlinear RX,4.9551315
LearnedNonlinear,Learned + Nonlinear RX,5.731592
LearnedNonlinear,Learned + Nonlinear RX,4.568461
LearnedNonlinear,Learned + Nonlinear RX,5.917304
LearnedNonlinear,Learned + Nonlinear RX,3.6982841
LearnedNonlinear,Learned + Nonlinear RX,6.6231823
LearnedNonlinear,Learned + Nonlinear RX,5.8332424
LearnedNonlinear,Learned + Nonlinear RX,6.498651
LearnedNonlinear,Learned + Nonlinear RX,4.9960327
LearnedNonlinear,Learned + Nonlinear RX,4.7155266
LearnedNonlinear,Learned + Nonlinear RX,4.377913
LearnedNonlinear,Learned + Nonlinear RX,5.877412
LearnedNonlinear,Learned + Nonlinear RX,5.097463
LearnedNonlinear,Learned + Nonlinear RX,5.340393
LearnedNonlinear,Learned + Nonlinear RX,5.054212
LearnedNonlinear,Learned + Nonlinear RX,4.2533364
LearnedNonlinear,Learned + Nonlinear RX,5.2143173
LearnedNonlinear,Learned + Nonlinear RX,5.8451653
LearnedNonlinear,Learned + Nonlinear RX,4.9254675
LearnedNonlinear,Learned + Nonlinear RX,4.323302
LearnedNonlinear,Learned + Nonlinear RX,5.9858875
LearnedNonlinear,Learned + Nonlinear RX,7.4288473
LearnedNonlinear,Learned + Nonlinear RX,6.553727
LearnedNonlinear,Learned + Nonlinear RX,5.139346
LearnedNonlinear,Learned + Nonlinear RX,4.864934
LearnedNonlinear,Learned + Nonlinear RX,4.966326
LearnedNonlinear,Learned + Nonlinear RX,5.2213345
LearnedNonlinear,Learned + Nonlinear RX,5.0302267
LearnedNonlinear,Learned + Nonlinear RX,6.744192
LearnedNonlinear,Learned + Nonlinear RX,5.750473
LearnedNonlinear,Learned + Nonlinear RX,5.0876474
LearnedNonlinear,Learned + Nonlinear RX,4.874199
LearnedNonlinear,Learned + Nonlinear RX,7.863831
LearnedNonlinear,Learned + Nonlinear RX,5.403974
LearnedNonlinear,Learned + Nonlinear RX,4.479277
LearnedNonlinear,Learned + Nonlinear RX,6.523679
LearnedNonlinear,Learned + Nonlinear RX,5.4010553
LearnedNonlinear,Learned + Nonlinear RX,3.9807172
LearnedNonlinear,Learned + Nonlinear RX,4.884821
LearnedNonlinear,Learned + Nonlinear RX,4.0779877
LearnedNonlinear,Learned + Nonlinear RX,5.0487995
LearnedNonlinear,Learned + Nonlinear RX,5.77956
LearnedNonlinear,Learned + Nonlinear RX,7.455738
LearnedNonlinear,Learned + Nonlinear RX,4.80779
LearnedNonlinear,Learned + Nonlinear RX,4.6475067
LearnedNonlinear,Learned + Nonlinear RX,4.7512574
LearnedNonlinear,Learned + Nonlinear RX,6.464172
LearnedNonlinear,Learned + Nonlinear RX,4.4614544
LearnedNonlinear,Learned + Nonlinear RX,4.809554
LearnedNonlinear,Learned + Nonlinear RX,4.052327
LearnedNonlinear,Learned + Nonlinear RX,5.0582447
LearnedNonlinear,Learned + Nonlinear RX,3.9970481
LearnedNonlinear,Learned + Nonlinear RX,5.5876665
LearnedNonlinear,Learned + Nonlinear RX,4.713878
LearnedNonlinear,Learned + Nonlinear RX,5.7859964
LearnedNonlinear,Learned + Nonlinear RX,4.244893
LearnedNonlinear,Learned + Nonlinear RX,6.512645
LearnedNonlinear,Learned + Nonlinear RX,5.2365255
LearnedNonlinear,Learned + Nonlinear RX,5.090223
LearnedNonlinear,Learned + Nonlinear RX,6.7435627
LearnedNonlinear,Learned + Nonlinear RX,5.5690756
LearnedNonlinear,Learned + Nonlinear RX,4.925842
LearnedNonlinear,Learned + Nonlinear RX,6.920437
LearnedNonlinear,Learned + Nonlinear RX,5.671012
LearnedNonlinear,Learned + Nonlinear RX,4.8974915
LearnedNonlinear,Learned + Nonlinear RX,5.0404387
LearnedNonlinear,Learned + Nonlinear RX,4.1674814
LearnedNonlinear,Learned + Nonlinear RX,5.4281244
LearnedNonlinear,Learned + Nonlinear RX,5.5840898
LearnedNonlinear,Learned + Nonlinear RX,3.9161496
LearnedNonlinear,Learned + Nonlinear RX,5.3548927
LearnedNonlinear,Learned + Nonlinear RX,4.7432666
LearnedNonlinear,Learned + Nonlinear RX,4.2291603
LearnedNonlinear,Learned + Nonlinear RX,7.856665
LearnedNonlinear,Learned + Nonlinear RX,4.552147
LearnedNonlinear,Learned + Nonlinear RX,6.015715
LearnedNonlinear,Learned + Nonlinear RX,5.517543
LearnedNonlinear,Learned + Nonlinear RX,4.836113
LearnedNonlinear,Learned + Nonlinear RX,4.4960074
LearnedNonlinear,Learned + Nonlinear RX,6.2923355
LearnedNonlinear,Learned + Nonlinear RX,5.7846107
LearnedNonlinear,Learned + Nonlinear RX,5.468257
LearnedNonlinear,Learned + Nonlinear RX,4.0513372
LearnedNonlinear,Learned + Nonlinear RX,4.7413845
LearnedNonlinear,Learned + Nonlinear RX,5.7896943
LearnedNonlinear,Learned + Nonlinear RX,6.040763
LearnedNonlinear,Learned + Nonlinear RX,6.4122987
LearnedNonlinear,Learned + Nonlinear RX,6.984519
LearnedNonlinear,Learned + Nonlinear RX,4.9997644
LearnedNonlinear,Learned + Nonlinear RX,5.223447
LearnedNonlinear,Learned + Nonlinear RX,5.3338995
LearnedNonlinear,Learned + Nonlinear RX,5.318925
LearnedNonlinear,Learned + Nonlinear RX,4.5518003
LearnedNonlinear,Learned + Nonlinear RX,4.5453815
LearnedNonlinear,Learned + Nonlinear RX,5.9748244
LearnedNonlinear,Learned + Nonlinear RX,4.9297857
LearnedNonlinear,Learned + Nonlinear RX,6.323006
LearnedNonlinear,Learned + Nonlinear RX,6.074946
LearnedNonlinear,Learned + Nonlinear RX,4.699865
LearnedNonlinear,Learned + Nonlinear RX,6.3440866
LearnedNonlinear,Learned + Nonlinear RX,4.8572655
LearnedNonlinear,Learned + Nonlinear RX,4.4565525
LearnedNonlinear,Learned + Nonlinear RX,5.054893
LearnedNonlinear,Learned + Nonlinear RX,5.0419908
LearnedNonlinear,Learned + Nonlinear RX,5.443145
LearnedNonlinear,Learned + Nonlinear RX,5.02064
LearnedNonlinear,Learned + Nonlinear RX,6.650462
LearnedNonlinear,Learned + Nonlinear RX,4.953271
LearnedNonlinear,Learned + Nonlinear RX,6.1034675
LearnedNonlinear,Learned + Nonlinear RX,5.508464
LearnedNonlinear,Learned + Nonlinear RX,5.329405
LearnedNonlinear,Learned + Nonlinear RX,5.2281737
LearnedNonlinear,Learned + Nonlinear RX,6.0889482
LearnedNonlinear,Learned + Nonlinear RX,6.6478148
LearnedNonlinear,Learned + Nonlinear RX,6.4329042
LearnedNonlinear,Learned + Nonlinear RX,6.8154564
LearnedNonlinear,Learned + Nonlinear RX,4.5998373
LearnedNonlinear,Learned + Nonlinear RX,6.2294436
LearnedNonlinear,Learned + Nonlinear RX,7.586524
LearnedNonlinear,Learned + Nonlinear RX,4.753699
LearnedNonlinear,Learned + Nonlinear RX,5.079914
LearnedNonlinear,Learned + Nonlinear RX,5.3256416
LearnedNonlinear,Learned + Nonlinear RX,4.595062
LearnedNonlinear,Learned + Nonlinear RX,5.7842607
LearnedNonlinear,Learned + Nonlinear RX,4.396809
LearnedNonlinear,Learned + Nonlinear RX,6.1447554
LearnedNonlinear,Learned + Nonlinear RX,5.8226366
LearnedNonlinear,Learned + Nonlinear RX,3.7771769
LearnedNonlinear,Learned + Nonlinear RX,5.358285
LearnedNonlinear,Learned + Nonlinear RX,6.617043
LearnedNonlinear,Learned + Nonlinear RX,5.829547
LearnedNonlinear,Learned + Nonlinear RX,4.6994357
LearnedNonlinear,Learned + Nonlinear RX,3.7803867
LearnedNonlinear,Learned + Nonlinear RX,5.094308
LearnedNonlinear,Learned + Nonlinear RX,6.85275
LearnedNonlinear,Learned + Nonlinear RX,4.7672806
LearnedNonlinear,Learned + Nonlinear RX,5.7534065
LearnedNonlinear,Learned + Nonlinear RX,5.2080784
LearnedNonlinear,Learned + Nonlinear RX,4.7829876
LearnedNonlinear,Learned + Nonlinear RX,5.627889
LearnedNonlinear,Learned + Nonlinear RX,5.337962
LearnedNonlinear,Learned + Nonlinear RX,4.699565
LearnedNonlinear,Learned + Nonlinear RX,4.637973
LearnedNonlinear,Learned + Nonlinear RX,4.791844
LearnedNonlinear,Learned + Nonlinear RX,4.0279355
LearnedNonlinear,Learned + Nonlinear RX,6.619643
LearnedNonlinear,Learned + Nonlinear RX,4.3973937
LearnedNonlinear,Learned + Nonlinear RX,6.5650363
LearnedNonlinear,Learned + Nonlinear RX,4.9748006
LearnedNonlinear,Learned + Nonlinear RX,4.8558726
LearnedNonlinear,Learned + Nonlinear RX,4.59599
LearnedNonlinear,Learned + Nonlinear RX,4.289055
LearnedNonlinear,Learned + Nonlinear RX,5.1352143
LearnedNonlinear,Learned + Nonlinear RX,5.804554
LearnedNonlinear,Learned + Nonlinear RX,5.421734
LearnedNonlinear,Learned + Nonlinear RX,5.3216486
LearnedNonlinear,Learned + Nonlinear RX,5.729671
LearnedNonlinear,Learned + Nonlinear RX,5.2915764
LearnedNonlinear,Learned + Nonlinear RX,5.2096443
LearnedNonlinear,Learned + Nonlinear RX,3.987154
LearnedNonlinear,Learned + Nonlinear RX,5.15541
LearnedNonlinear,Learned + Nonlinear RX,5.1437926
LearnedNonlinear,Learned + Nonlinear RX,5.4932885
LearnedNonlinear,Learned + Nonlinear RX,4.8909755
LearnedNonlinear,Learned + Nonlinear RX,5.5506096
LearnedNonlinear,Learned + Nonlinear RX,4.765492
LearnedNonlinear,Learned + Nonlinear RX,5.840045
LearnedNonlinear,Learned + Nonlinear RX,6.931329
LearnedNonlinear,Learned + Nonlinear RX,5.522909
LearnedNonlinear,Learned + Nonlinear RX,5.63044
LearnedNonlinear,Learned + Nonlinear RX,5.869258
LearnedNonlinear,Learned + Nonlinear RX,4.909729
LearnedNonlinear,Learned + Nonlinear RX,5.6303596
LearnedNonlinear,Learned + Nonlinear RX,5.0510044
LearnedNonlinear,Learned + Nonlinear RX,4.5041637
LearnedNonlinear,Learned + Nonlinear RX,4.204838
LearnedNonlinear,Learned + Nonlinear RX,6.221101
LearnedNonlinear,Learned + Nonlinear RX,5.3854775
LearnedNonlinear,Learned + Nonlinear RX,4.6943493
LearnedNonlinear,Learned + Nonlinear RX,5.2783303
LearnedNonlinear,Learned + Nonlinear RX,5.9411497
LearnedNonlinear,Learned + Nonlinear RX,6.1961656
LearnedNonlinear,Learned + Nonlinear RX,4.7755094
LearnedNonlinear,Learned + Nonlinear RX,5.705536
LearnedNonlinear,Learned + Nonlinear RX,4.985252
LearnedNonlinear,Learned + Nonlinear RX,4.884439
LearnedNonlinear,Learned + Nonlinear RX,5.1968946
LearnedNonlinear,Learned + Nonlinear RX,6.1969013
LearnedNonlinear,Learned + Nonlinear RX,4.644024
LearnedNonlinear,Learned + Nonlinear RX,4.3705416
LearnedNonlinear,Learned + Nonlinear RX,4.594382
LearnedNonlinear,Learned + Nonlinear RX,3.8847084
LearnedNonlinear,Learned + Nonlinear RX,4.8140345
LearnedNonlinear,Learned + Nonlinear RX,4.6754785
LearnedNonlinear,Learned + Nonlinear RX,4.384813
LearnedNonlinear,Learned + Nonlinear RX,4.488389
LearnedNonlinear,Learned + Nonlinear RX,5.1394467
LearnedNonlinear,Learned + Nonlinear RX,4.6702414
LearnedNonlinear,Learned + Nonlinear RX,6.239065
LearnedNonlinear,Learned + Nonlinear RX,5.7203765
LearnedNonlinear,Learned + Nonlinear RX,6.026577
LearnedNonlinear,Learned + Nonlinear RX,4.470034
LearnedNonlinear,Learned + Nonlinear RX,4.513694
OFDM,Classical OFDM,6.0257773
OFDM,Classical OFDM,5.344439
OFDM,Classical OFDM,6.0472703
OFDM,Classical OFDM,5.883563
OFDM,Classical OFDM,6.3246374
OFDM,Classical OFDM,5.635119
OFDM,Classical OFDM,5.7022686
OFDM,Classical OFDM,6.546996
OFDM,Classical OFDM,6.3587003
OFDM,Classical OFDM,6.2510567
OFDM,Classical OFDM,6.4435835
OFDM,Classical OFDM,4.533109
OFDM,Classical OFDM,5.9878616
OFDM,Classical OFDM,5.136441
OFDM,Classical OFDM,6.3464108
OFDM,Classical OFDM,6.08819
OFDM,Classical OFDM,5.356419
OFDM,Classical OFDM,9.148965
OFDM,Classical OFDM,7.385163
OFDM,Classical OFDM,5.7858696
OFDM,Classical OFDM,8.0732
OFDM,Classical OFDM,7.7715635
OFDM,Classical OFDM,8.05895
OFDM,Classical OFDM,5.55986
OFDM,Classical OFDM,5.2836175
OFDM,Classical OFDM,7.192711
OFDM,Classical OFDM,8.598589
OFDM,Classical OFDM,6.169409
OFDM,Classical OFDM,7.34713
OFDM,Classical OFDM,6.153052
OFDM,Classical OFDM,6.3220434
OFDM,Classical OFDM,5.4565153
OFDM,Classical OFDM,6.1065288
OFDM,Classical OFDM,6.083585
OFDM,Classical OFDM,8.277113
OFDM,Classical OFDM,5.7866883
OFDM,Classical OFDM,5.981659
OFDM,Classical OFDM,7.281355
OFDM,Classical OFDM,6.5021553
OFDM,Classical OFDM,7.504073
OFDM,Classical OFDM,6.144615
OFDM,Classical OFDM,5.4814577
OFDM,Classical OFDM,5.364154
OFDM,Classical OFDM,10.8765135
OFDM,Classical OFDM,6.5532484
OFDM,Classical OFDM,7.316571
OFDM,Classical OFDM,6.862604
OFDM,Classical OFDM,8.203741
OFDM,Classical OFDM,6.1623974
OFDM,Classical OFDM,6.7780237
OFDM,Classical OFDM,6.151915
OFDM,Classical OFDM,7.9714913
OFDM,Classical OFDM,5.50247
OFDM,Classical OFDM,5.185371
OFDM,Classical OFDM,6.698609
OFDM,Classical OFDM,6.356957
OFDM,Classical OFDM,6.344006
OFDM,Classical OFDM,6.347431
OFDM,Classical OFDM,6.395495
OFDM,Classical OFDM,6.2255764
OFDM,Classical OFDM,5.318708
OFDM,Classical OFDM,7.311192
OFDM,Classical OFDM,6.6737533
OFDM,Classical OFDM,5.4284563
OFDM,Classical OFDM,5.680331
OFDM,Classical OFDM,6.2241006
OFDM,Classical OFDM,6.6404204
OFDM,Classical OFDM,8.855936
OFDM,Classical OFDM,6.9830747
OFDM,Classical OFDM,7.3675303
OFDM,Classical OFDM,6.44006
OFDM,Classical OFDM,6.1292815
OFDM,Classical OFDM,7.9506497
OFDM,Classical OFDM,7.5409436
OFDM,Classical OFDM,6.839158
OFDM,Classical OFDM,5.686319
OFDM,Classical OFDM,6.216311
OFDM,Classical OFDM,6.4660006
OFDM,Classical OFDM,6.6909466
OFDM,Classical OFDM,6.797621
OFDM,Classical OFDM,8.1740465
OFDM,Classical OFDM,6.386442
OFDM,Classical OFDM,5.4760075
OFDM,Classical OFDM,6.4653234
OFDM,Classical OFDM,6.4654636
OFDM,Classical OFDM,7.168338
OFDM,Classical OFDM,4.768254
OFDM,Classical OFDM,6.5736175
OFDM,Classical OFDM,5.949745
OFDM,Classical OFDM,6.5345783
OFDM,Classical OFDM,4.9059205
OFDM,Classical OFDM,5.7354302
OFDM,Classical OFDM,6.6798873
OFDM,Classical OFDM,5.827448
OFDM,Classical OFDM,5.436261
OFDM,Classical OFDM,6.4320736
OFDM,Classical OFDM,6.3923893
OFDM,Classical OFDM,6.751376
OFDM,Classical OFDM,8.75906
OFDM,Classical OFDM,6.1669946
OFDM,Classical OFDM,8.708971
OFDM,Classical OFDM,6.0530243
OFDM,Classical OFDM,5.8635325
OFDM,Classical OFDM,6.519867
OFDM,Classical OFDM,6.838377
OFDM,Classical OFDM,7.3649874
OFDM,Classical OFDM,5.5853662
OFDM,Classical OFDM,8.061308
OFDM,Classical OFDM,5.99896
OFDM,Classical OFDM,5.677931
OFDM,Classical OFDM,5.854626
OFDM,Classical OFDM,7.1705484
OFDM,Classical OFDM,5.1443796
OFDM,Classical OFDM,6.7083974
OFDM,Classical OFDM,5.480204
OFDM,Classical OFDM,5.832176
OFDM,Classical OFDM,7.399645
OFDM,Classical OFDM,6.8301
OFDM,Classical OFDM,6.173
OFDM,Classical OFDM,7.486841
OFDM,Classical OFDM,4.5332108
OFDM,Classical OFDM,7.6486926
OFDM,Classical OFDM,6.123362
OFDM,Classical OFDM,5.2241745
OFDM,Classical OFDM,7.673258
OFDM,Classical OFDM,5.8568754
OFDM,Classical OFDM,6.5170836
OFDM,Classical OFDM,7.516218
OFDM,Classical OFDM,7.6445837
OFDM,Classical OFDM,8.621979
OFDM,Classical OFDM,5.3660817
OFDM,Classical OFDM,7.3670607
OFDM,Classical OFDM,6.188166
OFDM,Classical OFDM,6.781086
OFDM,Classical OFDM,5.9032483
OFDM,Classical OFDM,6.872754
OFDM,Classical OFDM,8.799484
OFDM,Classical OFDM,5.6788564
OFDM,Classical OFDM,4.6051884
OFDM,Classical OFDM,6.2471013
OFDM,Classical OFDM,7.425439
OFDM,Classical OFDM,7.697522
OFDM,Classical OFDM,6.496192
OFDM,Classical OFDM,7.2907553
OFDM,Classical OFDM,8.943914
OFDM,Classical OFDM,5.76498
OFDM,Classical OFDM,5.9055333
OFDM,Classical OFDM,6.040887
OFDM,Classical OFDM,5.884491
OFDM,Classical OFDM,5.628622
OFDM,Classical OFDM,6.2117443
OFDM,Classical OFDM,8.773702
OFDM,Classical OFDM,6.536374
OFDM,Classical OFDM,6.6882067
OFDM,Classical OFDM,6.112051
OFDM,Classical OFDM,6.1502104
OFDM,Classical OFDM,6.3140993
OFDM,Classical OFDM,8.433395
OFDM,Classical OFDM,6.3661184
OFDM,Classical OFDM,7.7130365
OFDM,Classical OFDM,6.3811917
OFDM,Classical OFDM,5.775395
OFDM,Classical OFDM,7.329526
OFDM,Classical OFDM,6.2569895
OFDM,Classical OFDM,7.664184
OFDM,Classical OFDM,6.256529
OFDM,Classical OFDM,6.496616
OFDM,Classical OFDM,6.5426564
OFDM,Classical OFDM,9.149029
OFDM,Classical OFDM,6.5409126
OFDM,Classical OFDM,6.584874
OFDM,Classical OFDM,5.292194
OFDM,Classical OFDM,6.925171
OFDM,Classical OFDM,5.7801743
OFDM,Classical OFDM,8.549259
OFDM,Classical OFDM,6.1360626
OFDM,Classical OFDM,7.373706
OFDM,Classical OFDM,6.0027747
OFDM,Classical OFDM,6.322081
OFDM,Classical OFDM,5.439834
OFDM,Classical OFDM,4.561
OFDM,Classical OFDM,6.030536
OFDM,Classical OFDM,6.3253837
OFDM,Classical OFDM,8.231061
OFDM,Classical OFDM,9.272421
OFDM,Classical OFDM,7.5314145
OFDM,Classical OFDM,6.339529
OFDM,Classical OFDM,6.328742
OFDM,Classical OFDM,6.1397743
OFDM,Classical OFDM,5.19607
OFDM,Classical OFDM,7.4008107
OFDM,Classical OFDM,7.0087667
OFDM,Classical OFDM,8.139969
OFDM,Classical OFDM,7.307727
OFDM,Classical OFDM,7.3425193
OFDM,Classical OFDM,4.572559
OFDM,Classical OFDM,5.816267
OFDM,Classical OFDM,6.959779
OFDM,Classical OFDM,6.465058
OFDM,Classical OFDM,5.379756
OFDM,Classical OFDM,7.1016173
OFDM,Classical OFDM,6.237764
OFDM,Classical OFDM,6.8907814
OFDM,Classical OFDM,7.595381
OFDM,Classical OFDM,5.9262276
OFDM,Classical OFDM,5.18902
OFDM,Classical OFDM,6.9157815
OFDM,Classical OFDM,6.1891847
OFDM,Classical OFDM,8.124751
OFDM,Classical OFDM,7.455286
OFDM,Classical OFDM,6.0720086
OFDM,Classical OFDM,7.9685884
OFDM,Classical OFDM,5.6497364
OFDM,Classical OFDM,8.295544
OFDM,Classical OFDM,7.2984114
OFDM,Classical OFDM,7.1470375
OFDM,Classical OFDM,5.903512
OFDM,Classical OFDM,6.567192
OFDM,Classical OFDM,5.5864663
OFDM,Classical OFDM,5.379195
OFDM,Classical OFDM,7.209334
OFDM,Classical OFDM,5.2293053
OFDM,Classical OFDM,7.0728626
OFDM,Classical OFDM,5.136407
OFDM,Classical OFDM,6.220749
OFDM,Classical OFDM,5.8498516
OFDM,Classical OFDM,6.441712
OFDM,Classical OFDM,5.314793
OFDM,Classical OFDM,5.8860974
OFDM,Classical OFDM,5.5782423
OFDM,Classical OFDM,5.820356
OFDM,Classical OFDM,6.5979147
OFDM,Classical OFDM,6.218704
OFDM,Classical OFDM,7.6781025
OFDM,Classical OFDM,6.7114167
OFDM,Classical OFDM,5.082239
OFDM,Classical OFDM,7.492332
OFDM,Classical OFDM,6.6615086
OFDM,Classical OFDM,8.504156
OFDM,Classical OFDM,7.929841
OFDM,Classical OFDM,6.7357416
OFDM,Classical OFDM,4.555128
OFDM,Classical OFDM,6.9840355
OFDM,Classical OFDM,8.561579
OFDM,Classical OFDM,5.142866
OFDM,Classical OFDM,6.092978
OFDM,Classical OFDM,8.278675
OFDM,Classical OFDM,6.48474
OFDM,Classical OFDM,6.171136
OFDM,Classical OFDM,6.884887
OFDM,Classical OFDM,5.8289285
OFDM,Classical OFDM,7.5980854
OFDM,Classical OFDM,6.895695
OFDM,Classical OFDM,8.314284
OFDM,Classical OFDM,7.642532
OFDM,Classical OFDM,6.046498
OFDM,Classical OFDM,6.9822464
OFDM,Classical OFDM,6.969526
OFDM,Classical OFDM,6.736393
OFDM,Classical OFDM,7.2195234
OFDM,Classical OFDM,5.3013535
OFDM,Classical OFDM,6.0741925
OFDM,Classical OFDM,7.9865165
OFDM,Classical OFDM,6.410458
OFDM,Classical OFDM,6.9748454
OFDM,Classical OFDM,5.9347963
OFDM,Classical OFDM,7.141226
OFDM,Classical OFDM,8.784662
OFDM,Classical OFDM,7.8746266
OFDM,Classical OFDM,8.357836
OFDM,Classical OFDM,4.752114
OFDM,Classical OFDM,7.725294
OFDM,Classical OFDM,7.865329
OFDM,Classical OFDM,4.640793
OFDM,Classical OFDM,6.784066
OFDM,Classical OFDM,7.723611
OFDM,Classical OFDM,6.384911
OFDM,Classical OFDM,5.3472466
OFDM,Classical OFDM,6.693269
OFDM,Classical OFDM,6.977241
OFDM,Classical OFDM,6.450366
OFDM,Classical OFDM,6.1346507
OFDM,Classical OFDM,6.964487
OFDM,Classical OFDM,5.165703
OFDM,Classical OFDM,6.7180014
OFDM,Classical OFDM,7.806638
OFDM,Classical OFDM,8.46999
OFDM,Classical OFDM,8.001376
OFDM,Classical OFDM,6.7863865
OFDM,Classical OFDM,5.4715796
OFDM,Classical OFDM,7.291456
OFDM,Classical OFDM,7.088252
OFDM,Classical OFDM,7.1280622
OFDM,Classical OFDM,6.1162376
OFDM,Classical OFDM,5.794649
OFDM,Classical OFDM,7.904348
OFDM,Classical OFDM,5.8920927
OFDM,Classical OFDM,5.9569364
OFDM,Classical OFDM,8.224031
OFDM,Classical OFDM,8.262083
OFDM,Classical OFDM,6.4473743
OFDM,Classical OFDM,5.160968
OFDM,Classical OFDM,6.726379
OFDM,Classical OFDM,5.6591434
OFDM,Classical OFDM,8.380842
OFDM,Classical OFDM,7.620454
OFDM,Classical OFDM,6.475774
OFDM,Classical OFDM,7.687909
OFDM,Classical OFDM,5.237365
OFDM,Classical OFDM,6.196171
OFDM,Classical OFDM,6.9832034
OFDM,Classical OFDM,6.4448314
OFDM,Classical OFDM,5.5558352
OFDM,Classical OFDM,6.479994
OFDM,Classical OFDM,4.7308064
OFDM,Classical OFDM,5.311266
OFDM,Classical OFDM,8.251098
OFDM,Classical OFDM,5.660643
OFDM,Classical OFDM,6.968502
OFDM,Classical OFDM,5.9846277
OFDM,Classical OFDM,9.122956
OFDM,Classical OFDM,7.0298476
OFDM,Classical OFDM,8.306974
OFDM,Classical OFDM,5.8176556
OFDM,Classical OFDM,6.69424
OFDM,Classical OFDM,7.2073355
OFDM,Classical OFDM,7.1582074
OFDM,Classical OFDM,7.066856
OFDM,Classical OFDM,5.637531
OFDM,Classical OFDM,7.263894
OFDM,Classical OFDM,6.800891
OFDM,Classical OFDM,6.013131
OFDM,Classical OFDM,9.257873
OFDM,Classical OFDM,7.6856976
OFDM,Classical OFDM,6.9932265
OFDM,Classical OFDM,5.5871964
OFDM,Classical OFDM,6.200672
OFDM,Classical OFDM,6.6551256
OFDM,Classical OFDM,6.967127
OFDM,Classical OFDM,7.7783594
OFDM,Classical OFDM,5.618694
OFDM,Classical OFDM,6.0889893
OFDM,Classical OFDM,9.096353
OFDM,Classical OFDM,7.0920773
OFDM,Classical OFDM,7.579626
OFDM,Classical OFDM,7.253096
OFDM,Classical OFDM,7.688677
OFDM,Classical OFDM,5.6345563
OFDM,Classical OFDM,7.0912294
OFDM,Classical OFDM,5.426045
OFDM,Classical OFDM,6.12767
OFDM,Classical OFDM,5.3330173
OFDM,Classical OFDM,6.7166166
OFDM,Classical OFDM,7.1480036
OFDM,Classical OFDM,6.0811925
OFDM,Classical OFDM,6.569591
OFDM,Classical OFDM,5.429168
OFDM,Classical OFDM,7.6221952
OFDM,Classical OFDM,5.1671047
OFDM,Classical OFDM,6.8362164
OFDM,Classical OFDM,6.7559566
OFDM,Classical OFDM,7.332118
OFDM,Classical OFDM,7.015233
OFDM,Classical OFDM,7.402182
OFDM,Classical OFDM,7.0575457
OFDM,Classical OFDM,5.7853675
OFDM,Classical OFDM,4.9362893
OFDM,Classical OFDM,6.0568933
OFDM,Classical OFDM,8.448747
OFDM,Classical OFDM,8.628857
OFDM,Classical OFDM,6.832581
OFDM,Classical OFDM,5.677553
OFDM,Classical OFDM,6.3995543
OFDM,Classical OFDM,5.7461205
OFDM,Classical OFDM,6.0242753
OFDM,Classical OFDM,7.2196918
OFDM,Classical OFDM,7.16702
OFDM,Classical OFDM,7.058411
OFDM,Classical OFDM,6.6447487
OFDM,Classical OFDM,6.041276
OFDM,Classical OFDM,8.507483
OFDM,Classical OFDM,7.8135448
OFDM,Classical OFDM,6.537816
OFDM,Classical OFDM,6.026597
OFDM,Classical OFDM,6.5273643
OFDM,Classical OFDM,6.0414534
OFDM,Classical OFDM,6.2676544
OFDM,Classical OFDM,7.504677
OFDM,Classical OFDM,7.769456
OFDM,Classical OFDM,9.5437155
OFDM,Classical OFDM,5.6733246
OFDM,Classical OFDM,8.464997
OFDM,Classical OFDM,6.7962785
OFDM,Classical OFDM,7.9684916
OFDM,Classical OFDM,5.7371473
OFDM,Classical OFDM,5.4041348
OFDM,Classical OFDM,6.348589
OFDM,Classical OFDM,7.394998
OFDM,Classical OFDM,7.8821397
OFDM,Classical OFDM,5.504732
OFDM,Classical OFDM,6.4903135
OFDM,Classical OFDM,7.609624
OFDM,Classical OFDM,7.1121063
OFDM,Classical OFDM,6.6923976
OFDM,Classical OFDM,6.018544
OFDM,Classical OFDM,6.6941624
OFDM,Classical OFDM,4.992134
OFDM,Classical OFDM,7.8930373
OFDM,Classical OFDM,5.8192577
OFDM,Classical OFDM,6.3233404
OFDM,Classical OFDM,6.167881
OFDM,Classical OFDM,4.893665
OFDM,Classical OFDM,6.525707
OFDM,Classical OFDM,6.4680123
OFDM,Classical OFDM,7.330754
OFDM,Classical OFDM,7.2478666
OFDM,Classical OFDM,5.2886767
OFDM,Classical OFDM,6.5713983
OFDM,Classical OFDM,6.102209
OFDM,Classical OFDM,5.573139
OFDM,Classical OFDM,6.048194
OFDM,Classical OFDM,6.711962
OFDM,Classical OFDM,7.3236327
OFDM,Classical OFDM,5.3694515
OFDM,Classical OFDM,6.7133193
OFDM,Classical OFDM,5.579278
OFDM,Classical OFDM,6.9897037
OFDM,Classical OFDM,9.234451
OFDM,Classical OFDM,7.4869084
OFDM,Classical OFDM,7.362278
OFDM,Classical OFDM,5.6059017
OFDM,Classical OFDM,5.6457953
OFDM,Classical OFDM,4.8920903
OFDM,Classical OFDM,6.304874
OFDM,Classical OFDM,7.423816
OFDM,Classical OFDM,5.228851
OFDM,Classical OFDM,6.9611073
OFDM,Classical OFDM,7.707861
OFDM,Classical OFDM,6.0268326
OFDM,Classical OFDM,6.587932
OFDM,Classical OFDM,6.920826
OFDM,Classical OFDM,7.215769
OFDM,Classical OFDM,5.481163
OFDM,Classical OFDM,6.643916
OFDM,Classical OFDM,7.1771975
OFDM,Classical OFDM,6.4602776
OFDM,Classical OFDM,6.851826
OFDM,Classical OFDM,6.36682
OFDM,Classical OFDM,5.7293215
OFDM,Classical OFDM,7.2850103
OFDM,Classical OFDM,5.082614
OFDM,Classical OFDM,5.26171
OFDM,Classical OFDM,6.9535966
OFDM,Classical OFDM,6.2767878
OFDM,Classical OFDM,8.639983
OFDM,Classical OFDM,8.794332
OFDM,Classical OFDM,5.8519416
OFDM,Classical OFDM,7.0583687
OFDM,Classical OFDM,7.090218
OFDM,Classical OFDM,7.709282
OFDM,Classical OFDM,6.0438256
OFDM,Classical OFDM,8.652202
OFDM,Classical OFDM,6.562351
OFDM,Classical OFDM,8.004385
OFDM,Classical OFDM,7.0053034
OFDM,Classical OFDM,6.5924206
OFDM,Classical OFDM,5.968116
OFDM,Classical OFDM,5.893696
OFDM,Classical OFDM,7.412229
OFDM,Classical OFDM,6.754965
OFDM,Classical OFDM,8.393896
OFDM,Classical OFDM,6.0738583
OFDM,Classical OFDM,7.390874
OFDM,Classical OFDM,8.132535
OFDM,Classical OFDM,5.709384
OFDM,Classical OFDM,6.378542
OFDM,Classical OFDM,6.0688014
OFDM,Classical OFDM,6.0767326
OFDM,Classical OFDM,8.599262
OFDM,Classical OFDM,6.220308
OFDM,Classical OFDM,5.541278
OFDM,Classical OFDM,6.6616087
OFDM,Classical OFDM,5.9390965
OFDM,Classical OFDM,6.9437895
OFDM,Classical OFDM,7.8791027
OFDM,Classical OFDM,5.582218
OFDM,Classical OFDM,5.749646
OFDM,Classical OFDM,6.982312
OFDM,Classical OFDM,7.027798
OFDM,Classical OFDM,6.444917
OFDM,Classical OFDM,6.3207445
OFDM,Classical OFDM,6.0474033
OFDM,Classical OFDM,6.6994944
OFDM,Classical OFDM,6.8565683
OFDM,Classical OFDM,6.1730328
OFDM,Classical OFDM,6.871793
OFDM,Classical OFDM,8.210159
OFDM,Classical OFDM,7.9251223
OFDM,Classical OFDM,7.4461265
OFDM,Classical OFDM,5.345363
OFDM,Classical OFDM,5.75222
OFDM,Classical OFDM,6.309183
OFDM,Classical OFDM,5.8291664
OFDM,Classical OFDM,7.443674
OFDM,Classical OFDM,7.225295
OFDM,Classical OFDM,5.8056765
OFDM,Classical OFDM,6.65447
OFDM,Classical OFDM,5.9606166
OFDM,Classical OFDM,7.1860094
OFDM,Classical OFDM,6.568407
OFDM,Classical OFDM,6.436598
OFDM,Classical OFDM,6.8745995
OFDM,Classical OFDM,6.1312466
OFDM,Classical OFDM,6.235736
OFDM,Classical OFDM,7.657649
OFDM,Classical OFDM,8.394844
OFDM,Classical OFDM,6.9396825
OFDM,Classical OFDM,6.926347
OFDM,Classical OFDM,7.6934185
OFDM,Classical OFDM,7.1512995
OFDM,Classical OFDM,7.1126485
OFDM,Classical OFDM,7.269776
OFDM,Classical OFDM,7.1185203
OFDM,Classical OFDM,6.8556385
OFDM,Classical OFDM,6.352578
OFDM,Classical OFDM,7.3896484
OFDM,Classical OFDM,5.9847717
OFDM,Classical OFDM,5.4550986
OFDM,Classical OFDM,5.1909704
OFDM,Classical OFDM,7.676939
OFDM,Classical OFDM,6.8697586
OFDM,Classical OFDM,6.5025425
OFDM,Classical OFDM,7.1958437
OFDM,Classical OFDM,6.3678255
OFDM,Classical OFDM,6.95417
OFDM,Classical OFDM,6.3378963
OFDM,Classical OFDM,7.414982
OFDM,Classical OFDM,6.244128
OFDM,Classical OFDM,5.6905994
OFDM,Classical OFDM,7.7869186
OFDM,Classical OFDM,6.6679215
OFDM,Classical OFDM,8.912434
OFDM,Classical OFDM,6.9084625
OFDM,Classical OFDM,5.320272
OFDM,Classical OFDM,5.8569727
OFDM,Classical OFDM,7.417453
OFDM,Classical OFDM,5.902388
OFDM,Classical OFDM,7.601128
OFDM,Classical OFDM,7.430563
OFDM,Classical OFDM,6.3852053
OFDM,Classical OFDM,7.2881274
OFDM,Classical OFDM,8.066452
OFDM,Classical OFDM,6.4273973
OFDM,Classical OFDM,6.0838547
OFDM,Classical OFDM,6.943899
OFDM,Classical OFDM,5.9418416
OFDM,Classical OFDM,5.908704
OFDM,Classical OFDM,10.082545
OFDM,Classical OFDM,6.3333597
OFDM,Classical OFDM,7.011986
OFDM,Classical OFDM,7.720484
OFDM,Classical OFDM,5.115578
OFDM,Classical OFDM,6.840328
OFDM,Classical OFDM,6.9609966
OFDM,Classical OFDM,6.3284516
OFDM,Classical OFDM,6.5489526
OFDM,Classical OFDM,5.290401
OFDM,Classical OFDM,5.276091
OFDM,Classical OFDM,6.665073
OFDM,Classical OFDM,6.02462
OFDM,Classical OFDM,7.4220605
OFDM,Classical OFDM,6.208688
OFDM,Classical OFDM,6.064274
OFDM,Classical OFDM,8.896122
OFDM,Classical OFDM,5.708139
OFDM,Classical OFDM,5.925891
OFDM,Classical OFDM,5.2012815
OFDM,Classical OFDM,6.6540537
OFDM,Classical OFDM,6.1697726
OFDM,Classical OFDM,5.656357
OFDM,Classical OFDM,7.2704124
OFDM,Classical OFDM,8.556377
OFDM,Classical OFDM,6.337581
OFDM,Classical OFDM,7.1861053
OFDM,Classical OFDM,8.647549
OFDM,Classical OFDM,8.080257
OFDM,Classical OFDM,5.8987613
OFDM,Classical OFDM,5.9339137
OFDM,Classical OFDM,7.5714436
OFDM,Classical OFDM,6.5252485
OFDM,Classical OFDM,7.0101366
OFDM,Classical OFDM,7.5776
OFDM,Classical OFDM,6.6544576
OFDM,Classical OFDM,6.1059513
OFDM,Classical OFDM,6.242757
OFDM,Classical OFDM,5.499184
OFDM,Classical OFDM,6.597297
OFDM,Classical OFDM,6.91952
OFDM,Classical OFDM,6.395443
OFDM,Classical OFDM,5.671891
OFDM,Classical OFDM,6.218734
OFDM,Classical OFDM,6.5424194
OFDM,Classical OFDM,7.9136777
OFDM,Classical OFDM,7.251022
OFDM,Classical OFDM,6.484235
OFDM,Classical OFDM,5.528118
OFDM,Classical OFDM,5.6092334
OFDM,Classical OFDM,6.036874
OFDM,Classical OFDM,7.8901668
OFDM,Classical OFDM,6.3975115
OFDM,Classical OFDM,6.425862
OFDM,Classical OFDM,6.0513344
OFDM,Classical OFDM,7.121174
OFDM,Classical OFDM,7.445141
OFDM,Classical OFDM,5.076794
OFDM,Classical OFDM,5.9817595
OFDM,Classical OFDM,5.4181314
OFDM,Classical OFDM,6.956117
OFDM,Classical OFDM,5.787676
OFDM,Classical OFDM,6.327528
OFDM,Classical OFDM,7.022362
OFDM,Classical OFDM,6.844783
OFDM,Classical OFDM,6.673365
OFDM,Classical OFDM,6.283986
OFDM,Classical OFDM,6.9100866
OFDM,Classical OFDM,6.6534824
OFDM,Classical OFDM,6.0841317
OFDM,Classical OFDM,5.8029704
OFDM,Classical OFDM,6.454088
OFDM,Classical OFDM,6.7810826
OFDM,Classical OFDM,5.408555
OFDM,Classical OFDM,6.864378
OFDM,Classical OFDM,7.23925
OFDM,Classical OFDM,7.8586607
OFDM,Classical OFDM,6.0318727
OFDM,Classical OFDM,6.109358
OFDM,Classical OFDM,7.30829
OFDM,Classical OFDM,7.40546
OFDM,Classical OFDM,6.807434
OFDM,Classical OFDM,8.988296
OFDM,Classical OFDM,5.3987846
OFDM,Classical OFDM,6.764774
OFDM,Classical OFDM,6.3414774
OFDM,Classical OFDM,4.8828726
OFDM,Classical OFDM,4.9688077
OFDM,Classical OFDM,6.2968836
OFDM,Classical OFDM,6.8971605
OFDM,Classical OFDM,6.706755
OFDM,Classical OFDM,6.741016
OFDM,Classical OFDM,7.1261096
OFDM,Classical OFDM,8.868907
OFDM,Classical OFDM,5.504904
OFDM,Classical OFDM,6.0486417
OFDM,Classical OFDM,6.591649
OFDM,Classical OFDM,7.2571144
OFDM,Classical OFDM,6.6149325
OFDM,Classical OFDM,5.76061
OFDM,Classical OFDM,6.353611
OFDM,Classical OFDM,5.024663
OFDM,Classical OFDM,7.186285
OFDM,Classical OFDM,5.920455
OFDM,Classical OFDM,7.496538
OFDM,Classical OFDM,7.648854
OFDM,Classical OFDM,6.0900073
OFDM,Classical OFDM,6.973972
OFDM,Classical OFDM,6.569227
OFDM,Classical OFDM,7.0238547
OFDM,Classical OFDM,8.655657
OFDM,Classical OFDM,7.944121
OFDM,Classical OFDM,8.039168
OFDM,Classical OFDM,7.7313495
OFDM,Classical OFDM,7.0887556
OFDM,Classical OFDM,8.09395
OFDM,Classical OFDM,7.1865487
OFDM,Classical OFDM,6.5614786
OFDM,Classical OFDM,6.4001875
OFDM,Classical OFDM,9.4209795
OFDM,Classical OFDM,6.8277473
OFDM,Classical OFDM,6.0870223
OFDM,Classical OFDM,7.7005234
OFDM,Classical OFDM,8.352278
OFDM,Classical OFDM,6.6492386
OFDM,Classical OFDM,6.201904
OFDM,Classical OFDM,6.405451
OFDM,Classical OFDM,8.335399
OFDM,Classical OFDM,5.743079
OFDM,Classical OFDM,6.963494
OFDM,Classical OFDM,7.796655
OFDM,Classical OFDM,5.6734996
OFDM,Classical OFDM,5.7895613
OFDM,Classical OFDM,5.690385
OFDM,Classical OFDM,6.9162507
OFDM,Classical OFDM,5.5543585
OFDM,Classical OFDM,8.563902
OFDM,Classical OFDM,7.862194
OFDM,Classical OFDM,6.47163
OFDM,Classical OFDM,6.11702
OFDM,Classical OFDM,8.357192
OFDM,Classical OFDM,7.7311444
OFDM,Classical OFDM,7.648111
OFDM,Classical OFDM,6.510066
OFDM,Classical OFDM,7.7173214
OFDM,Classical OFDM,6.2692337
OFDM,Classical OFDM,5.473065
OFDM,Classical OFDM,8.13074
OFDM,Classical OFDM,5.7809696
OFDM,Classical OFDM,5.200031
OFDM,Classical OFDM,6.529956
OFDM,Classical OFDM,8.61982
OFDM,Classical OFDM,6.5430284
OFDM,Classical OFDM,7.466211
OFDM,Classical OFDM,6.3460894
OFDM,Classical OFDM,6.650124
OFDM,Classical OFDM,7.083997
OFDM,Classical OFDM,6.0251017
OFDM,Classical OFDM,7.821405
OFDM,Classical OFDM,6.505913
OFDM,Classical OFDM,6.46319
OFDM,Classical OFDM,6.4534845
OFDM,Classical OFDM,6.4888897
OFDM,Classical OFDM,6.5986147
OFDM,Classical OFDM,4.801794
OFDM,Classical OFDM,6.4381847
OFDM,Classical OFDM,4.764275
OFDM,Classical OFDM,7.4301777
OFDM,Classical OFDM,6.5915966
OFDM,Classical OFDM,7.4829574
OFDM,Classical OFDM,6.788445
OFDM,Classical OFDM,6.861994
OFDM,Classical OFDM,5.48063
OFDM,Classical OFDM,6.8643236
OFDM,Classical OFDM,6.131567
OFDM,Classical OFDM,7.6067677
OFDM,Classical OFDM,5.9914427
OFDM,Classical OFDM,5.412969
OFDM,Classical OFDM,7.262844
OFDM,Classical OFDM,7.2000017
OFDM,Classical OFDM,5.202366
OFDM,Classical OFDM,7.633792
OFDM,Classical OFDM,5.4208035
OFDM,Classical OFDM,8.183729
OFDM,Classical OFDM,7.5365562
OFDM,Classical OFDM,5.012184
OFDM,Classical OFDM,7.3449507
OFDM,Classical OFDM,7.0138054
OFDM,Classical OFDM,7.516823
OFDM,Classical OFDM,4.9540706
OFDM,Classical OFDM,6.977463
OFDM,Classical OFDM,5.940838
OFDM,Classical OFDM,6.173789
OFDM,Classical OFDM,5.1572776
OFDM,Classical OFDM,7.2089477
OFDM,Classical OFDM,7.300463
OFDM,Classical OFDM,5.7612915
OFDM,Classical OFDM,5.3440785
OFDM,Classical OFDM,7.374883
OFDM,Classical OFDM,6.6386814
OFDM,Classical OFDM,7.277894
OFDM,Classical OFDM,6.0264263
OFDM,Classical OFDM,7.778509
OFDM,Classical OFDM,8.478337
OFDM,Classical OFDM,5.446272
OFDM,Classical OFDM,8.557564
OFDM,Classical OFDM,6.3920693
OFDM,Classical OFDM,6.8871107
OFDM,Classical OFDM,6.259169
OFDM,Classical OFDM,5.971747
OFDM,Classical OFDM,6.5200667
OFDM,Classical OFDM,6.2549267
OFDM,Classical OFDM,6.114981
OFDM,Classical OFDM,7.268738
OFDM,Classical OFDM,7.2267
OFDM,Classical OFDM,6.0608582
OFDM,Classical OFDM,6.4862947
OFDM,Classical OFDM,5.7205286
OFDM,Classical OFDM,5.50949
OFDM,Classical OFDM,5.8128743
OFDM,Classical OFDM,6.9689913
OFDM,Classical OFDM,5.9242544
OFDM,Classical OFDM,6.915462
OFDM,Classical OFDM,5.9903836
OFDM,Classical OFDM,5.986622
OFDM,Classical OFDM,7.6862345
OFDM,Classical OFDM,5.688358
OFDM,Classical OFDM,6.8129582
OFDM,Classical OFDM,6.165513
OFDM,Classical OFDM,6.486697
OFDM,Classical OFDM,5.9357505
OFDM,Classical OFDM,7.8604116
OFDM,Classical OFDM,6.826122
OFDM,Classical OFDM,5.994084
OFDM,Classical OFDM,6.0108514
OFDM,Classical OFDM,5.9102626
OFDM,Classical OFDM,5.613241
OFDM,Classical OFDM,6.773306
OFDM,Classical OFDM,8.042642
OFDM,Classical OFDM,5.861699
OFDM,Classical OFDM,5.1442776
OFDM,Classical OFDM,6.2417655
OFDM,Classical OFDM,5.5763464
OFDM,Classical OFDM,8.688403
OFDM,Classical OFDM,6.6565123
OFDM,Classical OFDM,5.529769
OFDM,Classical OFDM,8.270226
OFDM,Classical OFDM,7.0886164
OFDM,Classical OFDM,5.170354
OFDM,Classical OFDM,7.6643014
OFDM,Classical OFDM,5.739916
OFDM,Classical OFDM,5.107599
OFDM,Classical OFDM,6.129067
OFDM,Classical OFDM,6.8899226
OFDM,Classical OFDM,6.2751412
OFDM,Classical OFDM,4.6884174
OFDM,Classical OFDM,6.865014
OFDM,Classical OFDM,5.8752255
OFDM,Classical OFDM,5.993702
OFDM,Classical OFDM,7.7028136
OFDM,Classical OFDM,4.9869285
OFDM,Classical OFDM,4.612018
OFDM,Classical OFDM,6.968737
OFDM,Classical OFDM,7.426777
OFDM,Classical OFDM,8.190847
OFDM,Classical OFDM,6.2727857
OFDM,Classical OFDM,5.862069
OFDM,Classical OFDM,6.166589
OFDM,Classical OFDM,6.7159166
OFDM,Classical OFDM,5.0156717
OFDM,Classical OFDM,5.84958
OFDM,Classical OFDM,5.61605
OFDM,Classical OFDM,6.278546
OFDM,Classical OFDM,5.3903503
OFDM,Classical OFDM,7.1102757
OFDM,Classical OFDM,6.062031
OFDM,Classical OFDM,5.903965
OFDM,Classical OFDM,6.559443
OFDM,Classical OFDM,6.158338
OFDM,Classical OFDM,5.7997556
OFDM,Classical OFDM,6.504855
OFDM,Classical OFDM,5.2226167
OFDM,Classical OFDM,7.877537
OFDM,Classical OFDM,7.2247787
OFDM,Classical OFDM,7.334755
OFDM,Classical OFDM,7.3853755
OFDM,Classical OFDM,4.739521
OFDM,Classical OFDM,6.9447317
OFDM,Classical OFDM,7.913902
OFDM,Classical OFDM,6.0262103
OFDM,Classical OFDM,6.142211
OFDM,Classical OFDM,7.799058
OFDM,Classical OFDM,6.9481096
OFDM,Classical OFDM,6.6869726
OFDM,Classical OFDM,6.649149
OFDM,Classical OFDM,6.89127
OFDM,Classical OFDM,5.355179
OFDM,Classical OFDM,6.675572
OFDM,Classical OFDM,8.619951
OFDM,Classical OFDM,5.6587224
OFDM,Classical OFDM,8.751567
OFDM,Classical OFDM,6.3525867
OFDM,Classical OFDM,6.149702
OFDM,Classical OFDM,6.4080977
OFDM,Classical OFDM,4.7276444
OFDM,Classical OFDM,6.8092923
OFDM,Classical OFDM,7.5642147
OFDM,Classical OFDM,5.6438947
OFDM,Classical OFDM,5.468401
OFDM,Classical OFDM,6.8165493
OFDM,Classical OFDM,5.29897
OFDM,Classical OFDM,7.408883
OFDM,Classical OFDM,5.6422825
OFDM,Classical OFDM,5.2399373
OFDM,Classical OFDM,7.9695325
OFDM,Classical OFDM,5.205389
OFDM,Classical OFDM,5.3321056
OFDM,Classical OFDM,5.2309675
OFDM,Classical OFDM,7.0062885
OFDM,Classical OFDM,7.1834097
OFDM,Classical OFDM,5.4591675
OFDM,Classical OFDM,6.572338
OFDM,Classical OFDM,7.483473
OFDM,Classical OFDM,6.238348
OFDM,Classical OFDM,6.4367967
OFDM,Classical OFDM,8.33935
OFDM,Classical OFDM,7.032049
OFDM,Classical OFDM,6.3553047
OFDM,Classical OFDM,5.578754
OFDM,Classical OFDM,6.093423
OFDM,Classical OFDM,8.378682
OFDM,Classical OFDM,6.989004
OFDM,Classical OFDM,5.046177
OFDM,Classical OFDM,6.393525
OFDM,Classical OFDM,6.066471
OFDM,Classical OFDM,7.2212706
OFDM,Classical OFDM,7.161933
OFDM,Classical OFDM,5.620184
OFDM,Classical OFDM,6.797998
OFDM,Classical OFDM,6.178893
OFDM,Classical OFDM,5.8949857
OFDM,Classical OFDM,6.098486
OFDM,Classical OFDM,7.5900373
OFDM,Classical OFDM,5.292886
OFDM,Classical OFDM,6.180201
OFDM,Classical OFDM,7.0776105
OFDM,Classical OFDM,6.8442554
OFDM,Classical OFDM,5.988674
OFDM,Classical OFDM,6.6104517
OFDM,Classical OFDM,6.83986
OFDM,Classical OFDM,6.6221237
OFDM,Classical OFDM,6.5520005
OFDM,Classical OFDM,7.049259
OFDM,Classical OFDM,7.6671257
OFDM,Classical OFDM,7.552977
OFDM,Classical OFDM,4.1608334
OFDM,Classical OFDM,5.623972
OFDM,Classical OFDM,6.7734547
OFDM,Classical OFDM,5.675022
OFDM,Classical OFDM,5.9662256
OFDM,Classical OFDM,7.496779
OFDM,Classical OFDM,6.770713
OFDM,Classical OFDM,6.954974
OFDM,Classical OFDM,6.7009144
OFDM,Classical OFDM,5.8306
OFDM,Classical OFDM,6.1221986
OFDM,Classical OFDM,7.7640367
OFDM,Classical OFDM,7.7462864
OFDM,Classical OFDM,5.3321457
OFDM,Classical OFDM,5.819586
OFDM,Classical OFDM,7.4043393
OFDM,Classical OFDM,5.7773833
OFDM,Classical OFDM,7.82053
OFDM,Classical OFDM,8.698186
OFDM,Classical OFDM,7.200544
OFDM,Classical OFDM,4.84126
OFDM,Classical OFDM,6.6371164
OFDM,Classical OFDM,6.6125584
OFDM,Classical OFDM,9.0398245
OFDM,Classical OFDM,6.1302705
OFDM,Classical OFDM,7.3189793
OFDM,Classical OFDM,7.496056
OFDM,Classical OFDM,6.61701
OFDM,Classical OFDM,7.098778
OFDM,Classical OFDM,6.391606
OFDM,Classical OFDM,7.188454
OFDM,Classical OFDM,7.3726864
OFDM,Classical OFDM,6.6827374
OFDM,Classical OFDM,5.1638885
OFDM,Classical OFDM,6.1403656
OFDM,Classical OFDM,7.2758107
OFDM,Classical OFDM,6.6840677
OFDM,Classical OFDM,7.3014774
OFDM,Classical OFDM,7.351506
OFDM,Classical OFDM,5.7218704
OFDM,Classical OFDM,5.8246393
OFDM,Classical OFDM,8.4254265
OFDM,Classical OFDM,7.504175
OFDM,Classical OFDM,7.9319544
OFDM,Classical OFDM,6.26333
OFDM,Classical OFDM,7.047579
OFDM,Classical OFDM,6.6861477
OFDM,Classical OFDM,7.0528717
OFDM,Classical OFDM,6.6528845
OFDM,Classical OFDM,5.6375594
OFDM,Classical OFDM,6.1401615
OFDM,Classical OFDM,6.4567623
OFDM,Classical OFDM,7.1451483
OFDM,Classical OFDM,6.535172
OFDM,Classical OFDM,6.787382
OFDM,Classical OFDM,5.8748617
OFDM,Classical OFDM,5.7202864
OFDM,Classical OFDM,7.3415494
OFDM,Classical OFDM,5.4425497
OFDM,Classical OFDM,6.003769
OFDM,Classical OFDM,5.168838
OFDM,Classical OFDM,6.2243414
OFDM,Classical OFDM,6.789953
OFDM,Classical OFDM,6.4963145
OFDM,Classical OFDM,6.2405796
OFDM,Classical OFDM,7.073117
OFDM,Classical OFDM,6.4407496
OFDM,Classical OFDM,7.980871
OFDM,Classical OFDM,6.3414335
OFDM,Classical OFDM,7.532146
OFDM,Classical OFDM,7.6971893
OFDM,Classical OFDM,7.788292
OFDM,Classical OFDM,5.410495
OFDM,Classical OFDM,6.3928814
OFDM,Classical OFDM,6.0734835
OFDM,Classical OFDM,6.954836
OFDM,Classical OFDM,6.243133
OFDM,Classical OFDM,6.9897003
OFDM,Classical OFDM,7.2316403
OFDM,Classical OFDM,8.262085
OFDM,Classical OFDM,7.820742
OFDM,Classical OFDM,6.4375954
OFDM,Classical OFDM,5.2261925
OFDM,Classical OFDM,5.8313723
OFDM,Classical OFDM,5.3111286
OFDM,Classical OFDM,6.7914143
OFDM,Classical OFDM,6.7310815
OFDM,Classical OFDM,6.431914
OFDM,Classical OFDM,6.109041
OFDM,Classical OFDM,6.038428
OFDM,Classical OFDM,6.3426495
OFDM,Classical OFDM,6.167326
OFDM,Classical OFDM,5.799771
OFDM,Classical OFDM,6.8289876
OFDM,Classical OFDM,7.413513
OFDM,Classical OFDM,5.7476754
OFDM,Classical OFDM,7.8642435
OFDM,Classical OFDM,6.437768
OFDM,Classical OFDM,7.0436125
OFDM,Classical OFDM,7.386415
OFDM,Classical OFDM,6.6345925
OFDM,Classical OFDM,8.034273
OFDM,Classical OFDM,5.795088
OFDM,Classical OFDM,5.794742
OFDM,Classical OFDM,7.6491175
OFDM,Classical OFDM,5.2873235
OFDM,Classical OFDM,5.327825
OFDM,Classical OFDM,6.928084
OFDM,Classical OFDM,7.1498256
OFDM,Classical OFDM,7.199383
OFDM,Classical OFDM,6.4336796
OFDM,Classical OFDM,6.0193257
Learned,Learned Basis,5.0979443
Learned,Learned Basis,4.744383
Learned,Learned Basis,4.8276625
Learned,Learned Basis,4.287061
Learned,Learned Basis,6.164896
Learned,Learned Basis,6.3575325
Learned,Learned Basis,4.876261
Learned,Learned Basis,3.904879
Learned,Learned Basis,5.2845774
Learned,Learned Basis,4.9933796
Learned,Learned Basis,6.0590687
Learned,Learned Basis,5.536704
Learned,Learned Basis,4.5706167
Learned,Learned Basis,5.354
Learned,Learned Basis,6.7823815
Learned,Learned Basis,7.351609
Learned,Learned Basis,5.35058
Learned,Learned Basis,6.6895585
Learned,Learned Basis,5.6083403
Learned,Learned Basis,4.418171
Learned,Learned Basis,4.595282
Learned,Learned Basis,4.022828
Learned,Learned Basis,4.789693
Learned,Learned Basis,4.733167
Learned,Learned Basis,4.715771
Learned,Learned Basis,5.2629943
Learned,Learned Basis,5.9611983
Learned,Learned Basis,5.325029
Learned,Learned Basis,5.153954
Learned,Learned Basis,5.7149925
Learned,Learned Basis,4.8130684
Learned,Learned Basis,5.1152506
Learned,Learned Basis,3.8647463
Learned,Learned Basis,5.0416703
Learned,Learned Basis,4.579156
Learned,Learned Basis,5.0744905
Learned,Learned Basis,5.0151877
Learned,Learned Basis,4.8427896
Learned,Learned Basis,5.955947
Learned,Learned Basis,5.8628983
Learned,Learned Basis,4.2510457
Learned,Learned Basis,6.231727
Learned,Learned Basis,5.1155443
Learned,Learned Basis,5.2141304
Learned,Learned Basis,5.0305376
Learned,Learned Basis,5.944536
Learned,Learned Basis,3.9552116
Learned,Learned Basis,4.4984283
Learned,Learned Basis,4.789482
Learned,Learned Basis,5.168332
Learned,Learned Basis,4.6187015
Learned,Learned Basis,5.3350263
Learned,Learned Basis,4.9037147
Learned,Learned Basis,4.5511584
Learned,Learned Basis,4.677387
Learned,Learned Basis,4.799853
Learned,Learned Basis,5.085544
Learned,Learned Basis,5.076117
Learned,Learned Basis,6.9174843
Learned,Learned Basis,6.5078096
Learned,Learned Basis,4.2290764
Learned,Learned Basis,4.8274093
Learned,Learned Basis,5.1698294
Learned,Learned Basis,5.781433
Learned,Learned Basis,4.906271
Learned,Learned Basis,4.9675198
Learned,Learned Basis,7.0039268
Learned,Learned Basis,6.343193
Learned,Learned Basis,4.8130884
Learned,Learned Basis,5.4124503
Learned,Learned Basis,7.2653656
Learned,Learned Basis,4.5764513
Learned,Learned Basis,4.5620713
Learned,Learned Basis,6.7285433
Learned,Learned Basis,5.4692945
Learned,Learned Basis,4.577319
Learned,Learned Basis,3.637477
Learned,Learned Basis,5.542223
Learned,Learned Basis,5.338013
Learned,Learned Basis,5.1795907
Learned,Learned Basis,4.0965366
Learned,Learned Basis,7.3785453
Learned,Learned Basis,7.707736
Learned,Learned Basis,5.4718785
Learned,Learned Basis,4.7940693
Learned,Learned Basis,4.760342
Learned,Learned Basis,4.9248714
Learned,Learned Basis,4.610737
Learned,Learned Basis,4.261418
Learned,Learned Basis,4.1342864
Learned,Learned Basis,4.8283386
Learned,Learned Basis,6.5461264
Learned,Learned Basis,4.958666
Learned,Learned Basis,6.180251
Learned,Learned Basis,6.027536
Learned,Learned Basis,5.92323
Learned,Learned Basis,5.1735215
Learned,Learned Basis,5.791909
Learned,Learned Basis,4.484418
Learned,Learned Basis,6.0690713
Learned,Learned Basis,5.8308315
Learned,Learned Basis,5.7858877
Learned,Learned Basis,5.337339
Learned,Learned Basis,5.103705
Learned,Learned Basis,4.936761
Learned,Learned Basis,6.132379
Learned,Learned Basis,5.0318027
Learned,Learned Basis,6.804164
Learned,Learned Basis,5.3891416
Learned,Learned Basis,5.5575075
Learned,Learned Basis,6.197291
Learned,Learned Basis,6.288172
Learned,Learned Basis,6.7063146
Learned,Learned Basis,5.332114
Learned,Learned Basis,6.1528015
Learned,Learned Basis,4.2363267
Learned,Learned Basis,4.5852666
Learned,Learned Basis,5.137952
Learned,Learned Basis,4.099495
Learned,Learned Basis,4.747129
Learned,Learned Basis,4.0614853
Learned,Learned Basis,6.1140323
Learned,Learned Basis,6.772637
Learned,Learned Basis,7.359628
Learned,Learned Basis,6.146548
Learned,Learned Basis,5.1342134
Learned,Learned Basis,6.3621273
Learned,Learned Basis,6.141977
Learned,Learned Basis,4.799702
Learned,Learned Basis,4.2233996
Learned,Learned Basis,4.660879
Learned,Learned Basis,5.2703004
Learned,Learned Basis,5.16374
Learned,Learned Basis,5.03236
Learned,Learned Basis,4.746258
Learned,Learned Basis,5.402489
Learned,Learned Basis,5.254302
Learned,Learned Basis,4.898425
Learned,Learned Basis,5.003516
Learned,Learned Basis,5.38054
Learned,Learned Basis,6.0346584
Learned,Learned Basis,5.7727046
Learned,Learned Basis,4.2123327
Learned,Learned Basis,6.282036
Learned,Learned Basis,6.292017
Learned,Learned Basis,6.69641
Learned,Learned Basis,4.459838
Learned,Learned Basis,5.4567246
Learned,Learned Basis,5.6064315
Learned,Learned Basis,4.8110614
Learned,Learned Basis,5.10726
Learned,Learned Basis,5.674039
Learned,Learned Basis,5.8903213
Learned,Learned Basis,3.8913417
Learned,Learned Basis,5.030417
Learned,Learned Basis,4.2959933
Learned,Learned Basis,5.3551683
Learned,Learned Basis,5.220523
Learned,Learned Basis,4.9450464
Learned,Learned Basis,5.520451
Learned,Learned Basis,5.411449
Learned,Learned Basis,6.2308826
Learned,Learned Basis,5.335906
Learned,Learned Basis,4.9878016
Learned,Learned Basis,5.676561
Learned,Learned Basis,5.720424
Learned,Learned Basis,5.963418
Learned,Learned Basis,4.685682
Learned,Learned Basis,5.758129
Learned,Learned Basis,5.4803686
Learned,Learned Basis,6.2630677
Learned,Learned Basis,6.007466
Learned,Learned Basis,7.0857577
Learned,Learned Basis,4.551881
Learned,Learned Basis,4.5248957
Learned,Learned Basis,6.233373
Learned,Learned Basis,4.854013
Learned,Learned Basis,4.7441225
Learned,Learned Basis,5.663776
Learned,Learned Basis,5.3175154
Learned,Learned Basis,5.1631165
Learned,Learned Basis,4.7030935
Learned,Learned Basis,4.096449
Learned,Learned Basis,6.969607
Learned,Learned Basis,4.4929724
Learned,Learned Basis,6.856522
Learned,Learned Basis,6.3326306
Learned,Learned Basis,5.375326
Learned,Learned Basis,4.9565225
Learned,Learned Basis,5.520612
Learned,Learned Basis,5.40075
Learned,Learned Basis,5.1503158
Learned,Learned Basis,5.6627913
Learned,Learned Basis,5.801182
Learned,Learned Basis,5.660451
Learned,Learned Basis,4.3629284
Learned,Learned Basis,5.639884
Learned,Learned Basis,4.1303644
Learned,Learned Basis,6.788835
Learned,Learned Basis,4.543548
Learned,Learned Basis,5.603817
Learned,Learned Basis,5.7363863
Learned,Learned Basis,4.3109107
Learned,Learned Basis,4.582471
Learned,Learned Basis,4.578021
Learned,Learned Basis,4.933402
Learned,Learned Basis,4.090472
Learned,Learned Basis,5.20935
Learned,Learned Basis,4.764429
Learned,Learned Basis,5.1656017
Learned,Learned Basis,5.874034
Learned,Learned Basis,5.5752015
Learned,Learned Basis,6.1382227
Learned,Learned Basis,4.745434
Learned,Learned Basis,5.1656957
Learned,Learned Basis,3.8891635
Learned,Learned Basis,4.8268704
Learned,Learned Basis,4.2318616
Learned,Learned Basis,5.472481
Learned,Learned Basis,4.9632397
Learned,Learned Basis,5.4304338
Learned,Learned Basis,5.5067234
Learned,Learned Basis,6.012884
Learned,Learned Basis,5.290451
Learned,Learned Basis,4.5155916
Learned,Learned Basis,5.3130245
Learned,Learned Basis,4.0853376
Learned,Learned Basis,8.432207
Learned,Learned Basis,5.470021
Learned,Learned Basis,4.923992
Learned,Learned Basis,5.226674
Learned,Learned Basis,4.327106
Learned,Learned Basis,5.688541
Learned,Learned Basis,4.156043
Learned,Learned Basis,6.334105
Learned,Learned Basis,4.6759706
Learned,Learned Basis,4.8789015
Learned,Learned Basis,5.910989
Learned,Learned Basis,7.8501263
Learned,Learned Basis,4.7006845
Learned,Learned Basis,6.0026445
Learned,Learned Basis,5.6884294
Learned,Learned Basis,6.5021605
Learned,Learned Basis,4.960278
Learned,Learned Basis,6.008044
Learned,Learned Basis,4.9912724
Learned,Learned Basis,5.26492
Learned,Learned Basis,5.689283
Learned,Learned Basis,4.903702
Learned,Learned Basis,4.4533167
Learned,Learned Basis,4.620865
Learned,Learned Basis,5.3118114
Learned,Learned Basis,6.050575
Learned,Learned Basis,5.152587
Learned,Learned Basis,5.1373744
Learned,Learned Basis,4.540287
Learned,Learned Basis,5.9156747
Learned,Learned Basis,7.0623593
Learned,Learned Basis,5.609775
Learned,Learned Basis,4.80921
Learned,Learned Basis,5.05396
Learned,Learned Basis,6.447562
Learned,Learned Basis,4.8956904
Learned,Learned Basis,5.3801017
Learned,Learned Basis,5.8240976
Learned,Learned Basis,4.9795547
Learned,Learned Basis,3.7328365
Learned,Learned Basis,5.6904883
Learned,Learned Basis,6.517179
Learned,Learned Basis,5.8702374
Learned,Learned Basis,4.5759354
Learned,Learned Basis,6.4956784
Learned,Learned Basis,6.997032
Learned,Learned Basis,6.1139975
Learned,Learned Basis,6.0820007
Learned,Learned Basis,5.326032
Learned,Learned Basis,6.876266
Learned,Learned Basis,6.406855
Learned,Learned Basis,5.5439787
Learned,Learned Basis,6.0313125
Learned,Learned Basis,6.285129
Learned,Learned Basis,6.3049555
Learned,Learned Basis,6.9117317
Learned,Learned Basis,6.3335543
Learned,Learned Basis,6.0217595
Learned,Learned Basis,6.03086
Learned,Learned Basis,5.5773344
Learned,Learned Basis,5.6523285
Learned,Learned Basis,4.309874
Learned,Learned Basis,6.749885
Learned,Learned Basis,5.3486443
Learned,Learned Basis,5.714576
Learned,Learned Basis,4.9146485
Learned,Learned Basis,4.294304
Learned,Learned Basis,5.603503
Learned,Learned Basis,4.528216
Learned,Learned Basis,4.0852537
Learned,Learned Basis,5.5564003
Learned,Learned Basis,4.481661
Learned,Learned Basis,5.1382732
Learned,Learned Basis,5.2585196
Learned,Learned Basis,5.8626533
Learned,Learned Basis,4.9108424
Learned,Learned Basis,6.0343056
Learned,Learned Basis,5.0802555
Learned,Learned Basis,5.148744
Learned,Learned Basis,4.167293
Learned,Learned Basis,6.526269
Learned,Learned Basis,5.1184216
Learned,Learned Basis,4.6326985
Learned,Learned Basis,5.055645
Learned,Learned Basis,4.9503036
Learned,Learned Basis,6.0734863
Learned,Learned Basis,4.724775
Learned,Learned Basis,5.6821613
Learned,Learned Basis,5.517511
Learned,Learned Basis,5.3740335
Learned,Learned Basis,5.771969
Learned,Learned Basis,5.633908
Learned,Learned Basis,5.374348
Learned,Learned Basis,5.9488764
Learned,Learned Basis,4.065323
Learned,Learned Basis,6.02196
Learned,Learned Basis,4.89332
Learned,Learned Basis,4.0866337
Learned,Learned Basis,4.8782845
Learned,Learned Basis,4.5826797
Learned,Learned Basis,5.3359137
Learned,Learned Basis,5.2282114
Learned,Learned Basis,5.4953837
Learned,Learned Basis,4.592332
Learned,Learned Basis,6.037966
Learned,Learned Basis,6.010272
Learned,Learned Basis,5.2384977
Learned,Learned Basis,4.981926
Learned,Learned Basis,7.1849127
Learned,Learned Basis,4.6028624
Learned,Learned Basis,5.201326
Learned,Learned Basis,4.5348516
Learned,Learned Basis,6.4010496
Learned,Learned Basis,4.9675574
Learned,Learned Basis,4.0462065
Learned,Learned Basis,4.599851
Learned,Learned Basis,5.0152874
Learned,Learned Basis,5.645206
Learned,Learned Basis,4.7285166
Learned,Learned Basis,5.9349165
Learned,Learned Basis,5.358477
Learned,Learned Basis,5.3646793
Learned,Learned Basis,5.229562
Learned,Learned Basis,4.2570105
Learned,Learned Basis,4.8680444
Learned,Learned Basis,7.0035787
Learned,Learned Basis,6.634681
Learned,Learned Basis,5.380849
Learned,Learned Basis,5.6849217
Learned,Learned Basis,4.1855726
Learned,Learned Basis,7.8396325
Learned,Learned Basis,5.130654
Learned,Learned Basis,4.8057966
Learned,Learned Basis,6.1317916
Learned,Learned Basis,5.745677
Learned,Learned Basis,6.332381
Learned,Learned Basis,6.183515
Learned,Learned Basis,5.3870487
Learned,Learned Basis,4.959454
Learned,Learned Basis,5.1108437
Learned,Learned Basis,5.4235067
Learned,Learned Basis,5.3405623
Learned,Learned Basis,4.4964657
Learned,Learned Basis,5.150163
Learned,Learned Basis,4.1753683
Learned,Learned Basis,4.610301
Learned,Learned Basis,6.2864137
Learned,Learned Basis,5.9959416
Learned,Learned Basis,5.893508
Learned,Learned Basis,4.3537493
Learned,Learned Basis,5.309047
Learned,Learned Basis,5.6513033
Learned,Learned Basis,5.9395657
Learned,Learned Basis,6.045255
Learned,Learned Basis,7.0993776
Learned,Learned Basis,5.0846
Learned,Learned Basis,4.988699
Learned,Learned Basis,5.851576
Learned,Learned Basis,4.028278
Learned,Learned Basis,5.0483456
Learned,Learned Basis,5.452068
Learned,Learned Basis,5.0336027
Learned,Learned Basis,5.9150085
Learned,Learned Basis,5.638649
Learned,Learned Basis,5.005044
Learned,Learned Basis,7.332594
Learned,Learned Basis,5.583931
Learned,Learned Basis,5.861911
Learned,Learned Basis,4.589033
Learned,Learned Basis,4.732033
Learned,Learned Basis,4.851224
Learned,Learned Basis,4.790985
Learned,Learned Basis,6.522324
Learned,Learned Basis,4.813896
Learned,Learned Basis,4.941672
Learned,Learned Basis,5.221246
Learned,Learned Basis,5.283267
Learned,Learned Basis,5.723877
Learned,Learned Basis,5.065508
Learned,Learned Basis,5.4804287
Learned,Learned Basis,5.4543514
Learned,Learned Basis,6.7682605
Learned,Learned Basis,5.1538124
Learned,Learned Basis,4.755663
Learned,Learned Basis,4.351969
Learned,Learned Basis,6.0571156
Learned,Learned Basis,5.840476
Learned,Learned Basis,5.594825
Learned,Learned Basis,5.032279
Learned,Learned Basis,4.390873
Learned,Learned Basis,5.14067
Learned,Learned Basis,5.994573
Learned,Learned Basis,5.140591
Learned,Learned Basis,4.410573
Learned,Learned Basis,5.5117817
Learned,Learned Basis,4.4437704
Learned,Learned Basis,5.4344587
Learned,Learned Basis,4.981533
Learned,Learned Basis,4.854003
Learned,Learned Basis,5.525612
Learned,Learned Basis,5.0053596
Learned,Learned Basis,5.065056
Learned,Learned Basis,5.1170454
Learned,Learned Basis,4.8934026
Learned,Learned Basis,5.824751
Learned,Learned Basis,5.749222
Learned,Learned Basis,5.913929
Learned,Learned Basis,6.303426
Learned,Learned Basis,4.548035
Learned,Learned Basis,4.940847
Learned,Learned Basis,6.487348
Learned,Learned Basis,5.312218
Learned,Learned Basis,4.786803
Learned,Learned Basis,5.772641
Learned,Learned Basis,5.4076395
Learned,Learned Basis,4.818304
Learned,Learned Basis,5.126033
Learned,Learned Basis,4.4789534
Learned,Learned Basis,5.8137846
Learned,Learned Basis,4.931391
Learned,Learned Basis,4.6653404
Learned,Learned Basis,5.4130726
Learned,Learned Basis,4.825981
Learned,Learned Basis,4.755467
Learned,Learned Basis,4.5874457
Learned,Learned Basis,4.4927244
Learned,Learned Basis,5.308948
Learned,Learned Basis,4.7262516
Learned,Learned Basis,5.5956845
Learned,Learned Basis,6.3680644
Learned,Learned Basis,4.6256766
Learned,Learned Basis,5.1170135
Learned,Learned Basis,4.804562
Learned,Learned Basis,6.001477
Learned,Learned Basis,6.2387266
Learned,Learned Basis,4.5312243
Learned,Learned Basis,4.343946
Learned,Learned Basis,5.9945507
Learned,Learned Basis,4.2277284
Learned,Learned Basis,5.279805
Learned,Learned Basis,5.578932
Learned,Learned Basis,4.2009954
Learned,Learned Basis,5.116978
Learned,Learned Basis,5.6039553
Learned,Learned Basis,3.7642992
Learned,Learned Basis,6.4417734
Learned,Learned Basis,4.4826927
Learned,Learned Basis,5.008973
Learned,Learned Basis,6.598917
Learned,Learned Basis,5.407221
Learned,Learned Basis,6.4726644
Learned,Learned Basis,5.02049
Learned,Learned Basis,4.54547
Learned,Learned Basis,4.6269274
Learned,Learned Basis,4.961261
Learned,Learned Basis,6.4405136
Learned,Learned Basis,5.670068
Learned,Learned Basis,5.5033016
Learned,Learned Basis,6.2414007
Learned,Learned Basis,5.795142
Learned,Learned Basis,5.2108555
Learned,Learned Basis,5.532297
Learned,Learned Basis,5.145693
Learned,Learned Basis,5.54759
Learned,Learned Basis,5.900256
Learned,Learned Basis,7.9838552
Learned,Learned Basis,6.6678376
Learned,Learned Basis,5.077632
Learned,Learned Basis,4.428528
Learned,Learned Basis,5.796511
Learned,Learned Basis,5.18248
Learned,Learned Basis,4.300518
Learned,Learned Basis,6.1938124
Learned,Learned Basis,5.84116
Learned,Learned Basis,5.8498616
Learned,Learned Basis,4.8697143
Learned,Learned Basis,5.0781775
Learned,Learned Basis,5.547609
Learned,Learned Basis,6.5563016
Learned,Learned Basis,5.9016504
Learned,Learned Basis,8.138747
Learned,Learned Basis,5.2453895
Learned,Learned Basis,6.376215
Learned,Learned Basis,4.4964447
Learned,Learned Basis,5.723331
Learned,Learned Basis,3.9998314
Learned,Learned Basis,5.1807446
Learned,Learned Basis,5.361566
Learned,Learned Basis,5.215312
Learned,Learned Basis,5.1360025
Learned,Learned Basis,5.289484
Learned,Learned Basis,5.7357264
Learned,Learned Basis,5.0681925
Learned,Learned Basis,5.3640532
Learned,Learned Basis,4.4512568
Learned,Learned Basis,6.1616855
Learned,Learned Basis,4.2132573
Learned,Learned Basis,4.3785086
Learned,Learned Basis,4.8733063
Learned,Learned Basis,5.761643
Learned,Learned Basis,4.928344
Learned,Learned Basis,5.2556496
Learned,Learned Basis,4.378602
Learned,Learned Basis,6.2806625
Learned,Learned Basis,5.6867294
Learned,Learned Basis,6.936941
Learned,Learned Basis,6.0506463
Learned,Learned Basis,4.942853
Learned,Learned Basis,5.365799
Learned,Learned Basis,5.7036314
Learned,Learned Basis,4.16081
Learned,Learned Basis,4.6250777
Learned,Learned Basis,4.46223
Learned,Learned Basis,6.409768
Learned,Learned Basis,6.0135374
Learned,Learned Basis,4.589588
Learned,Learned Basis,3.483439
Learned,Learned Basis,6.8452454
Learned,Learned Basis,4.441424
Learned,Learned Basis,5.015139
Learned,Learned Basis,4.710926
Learned,Learned Basis,5.469902
Learned,Learned Basis,5.5442095
Learned,Learned Basis,6.1713076
Learned,Learned Basis,5.4458976
Learned,Learned Basis,5.2108097
Learned,Learned Basis,5.1529007
Learned,Learned Basis,4.9474797
Learned,Learned Basis,5.359954
Learned,Learned Basis,6.0105996
Learned,Learned Basis,3.8529184
Learned,Learned Basis,5.2642465
Learned,Learned Basis,5.3502474
Learned,Learned Basis,4.9236326
Learned,Learned Basis,4.674454
Learned,Learned Basis,5.4019938
Learned,Learned Basis,7.260854
Learned,Learned Basis,5.5218916
Learned,Learned Basis,7.241755
Learned,Learned Basis,4.8865857
Learned,Learned Basis,6.1697035
Learned,Learned Basis,6.311036
Learned,Learned Basis,5.7481327
Learned,Learned Basis,7.3276014
Learned,Learned Basis,5.066846
Learned,Learned Basis,4.911564
Learned,Learned Basis,5.5898685
Learned,Learned Basis,4.915988
Learned,Learned Basis,4.9119005
Learned,Learned Basis,6.270791
Learned,Learned Basis,6.008138
Learned,Learned Basis,6.037633
Learned,Learned Basis,5.854537
Learned,Learned Basis,6.4785147
Learned,Learned Basis,6.178927
Learned,Learned Basis,4.1523023
Learned,Learned Basis,5.6550026
Learned,Learned Basis,3.8650537
Learned,Learned Basis,5.06104
Learned,Learned Basis,5.6405563
Learned,Learned Basis,3.541012
Learned,Learned Basis,5.323882
Learned,Learned Basis,5.76147
Learned,Learned Basis,5.2378206
Learned,Learned Basis,4.0075088
Learned,Learned Basis,4.908821
Learned,Learned Basis,6.1959767
Learned,Learned Basis,4.6613464
Learned,Learned Basis,5.3924227
Learned,Learned Basis,6.4343624
Learned,Learned Basis,5.363572
Learned,Learned Basis,5.0806675
Learned,Learned Basis,4.5556445
Learned,Learned Basis,5.3244658
Learned,Learned Basis,5.1845264
Learned,Learned Basis,4.8258395
Learned,Learned Basis,5.2691164
Learned,Learned Basis,5.897649
Learned,Learned Basis,4.8567305
Learned,Learned Basis,5.9998393
Learned,Learned Basis,6.596546
Learned,Learned Basis,5.9324265
Learned,Learned Basis,4.889822
Learned,Learned Basis,4.211228
Learned,Learned Basis,6.3778467
Learned,Learned Basis,4.7857003
Learned,Learned Basis,4.9211397
Learned,Learned Basis,4.711097
Learned,Learned Basis,6.18341
Learned,Learned Basis,5.403839
Learned,Learned Basis,5.178005
Learned,Learned Basis,6.0428386
Learned,Learned Basis,6.4020867
Learned,Learned Basis,5.7902412
Learned,Learned Basis,4.325232
Learned,Learned Basis,5.9911213
Learned,Learned Basis,5.0231833
Learned,Learned Basis,5.225112
Learned,Learned Basis,5.355192
Learned,Learned Basis,5.5700536
Learned,Learned Basis,5.7923813
Learned,Learned Basis,7.1089
Learned,Learned Basis,5.21268
Learned,Learned Basis,6.112859
Learned,Learned Basis,5.9655166
Learned,Learned Basis,4.5084844
Learned,Learned Basis,6.48009
Learned,Learned Basis,3.8305597
Learned,Learned Basis,5.3586206
Learned,Learned Basis,4.697088
Learned,Learned Basis,4.247428
Learned,Learned Basis,5.050118
Learned,Learned Basis,4.6561913
Learned,Learned Basis,5.044056
Learned,Learned Basis,6.435711
Learned,Learned Basis,5.7568145
Learned,Learned Basis,5.603228
Learned,Learned Basis,5.2972865
Learned,Learned Basis,5.2556534
Learned,Learned Basis,4.8758283
Learned,Learned Basis,4.5887356
Learned,Learned Basis,5.909687
Learned,Learned Basis,5.4878306
Learned,Learned Basis,4.8400636
Learned,Learned Basis,4.713995
Learned,Learned Basis,7.651408
Learned,Learned Basis,5.2308435
Learned,Learned Basis,5.5051327
Learned,Learned Basis,4.3161287
Learned,Learned Basis,4.60484
Learned,Learned Basis,6.1784973
Learned,Learned Basis,4.177685
Learned,Learned Basis,6.783876
Learned,Learned Basis,5.1896024
Learned,Learned Basis,4.7843738
Learned,Learned Basis,5.6043253
Learned,Learned Basis,5.4378676
Learned,Learned Basis,5.1641283
Learned,Learned Basis,4.987115
Learned,Learned Basis,4.9113326
Learned,Learned Basis,5.2408357
Learned,Learned Basis,5.145855
Learned,Learned Basis,6.0128746
Learned,Learned Basis,5.6709642
Learned,Learned Basis,5.5056458
Learned,Learned Basis,4.6980166
Learned,Learned Basis,5.1831365
Learned,Learned Basis,5.544799
Learned,Learned Basis,6.1289554
Learned,Learned Basis,4.0181723
Learned,Learned Basis,4.184772
Learned,Learned Basis,5.115346
Learned,Learned Basis,3.932084
Learned,Learned Basis,5.6446133
Learned,Learned Basis,4.5139294
Learned,Learned Basis,6.2475796
Learned,Learned Basis,5.115176
Learned,Learned Basis,7.892192
Learned,Learned Basis,6.186201
Learned,Learned Basis,5.3537555
Learned,Learned Basis,4.7547193
Learned,Learned Basis,4.1865244
Learned,Learned Basis,6.2077193
Learned,Learned Basis,5.9759293
Learned,Learned Basis,5.30116
Learned,Learned Basis,6.1137314
Learned,Learned Basis,4.687855
Learned,Learned Basis,5.606415
Learned,Learned Basis,5.032639
Learned,Learned Basis,4.8329673
Learned,Learned Basis,5.6098695
Learned,Learned Basis,4.3541775
Learned,Learned Basis,4.19588
Learned,Learned Basis,4.362912
Learned,Learned Basis,4.891665
Learned,Learned Basis,5.677498
Learned,Learned Basis,5.356477
Learned,Learned Basis,6.9242373
Learned,Learned Basis,7.783986
Learned,Learned Basis,5.350651
Learned,Learned Basis,5.288065
Learned,Learned Basis,6.4386706
Learned,Learned Basis,6.285777
Learned,Learned Basis,4.6111555
Learned,Learned Basis,5.3381515
Learned,Learned Basis,6.277914
Learned,Learned Basis,4.428095
Learned,Learned Basis,5.450318
Learned,Learned Basis,6.2403116
Learned,Learned Basis,4.8184404
Learned,Learned Basis,5.534959
Learned,Learned Basis,6.151348
Learned,Learned Basis,5.230882
Learned,Learned Basis,5.843584
Learned,Learned Basis,5.186578
Learned,Learned Basis,4.9456387
Learned,Learned Basis,4.7415123
Learned,Learned Basis,4.96414
Learned,Learned Basis,5.195534
Learned,Learned Basis,4.367355
Learned,Learned Basis,4.561528
Learned,Learned Basis,5.3998
Learned,Learned Basis,4.7823696
Learned,Learned Basis,5.1513042
Learned,Learned Basis,5.7629986
Learned,Learned Basis,5.7229447
Learned,Learned Basis,5.4746246
Learned,Learned Basis,5.6457906
Learned,Learned Basis,4.465831
Learned,Learned Basis,5.5955644
Learned,Learned Basis,6.349036
Learned,Learned Basis,4.357938
Learned,Learned Basis,5.636881
Learned,Learned Basis,5.827671
Learned,Learned Basis,6.5563245
Learned,Learned Basis,4.841805
Learned,Learned Basis,5.6437945
Learned,Learned Basis,4.432128
Learned,Learned Basis,5.444557
Learned,Learned Basis,7.2137666
Learned,Learned Basis,4.069029
Learned,Learned Basis,6.1589537
Learned,Learned Basis,6.035717
Learned,Learned Basis,5.5971665
Learned,Learned Basis,4.0924196
Learned,Learned Basis,5.2723103
Learned,Learned Basis,7.0835743
Learned,Learned Basis,5.0005074
Learned,Learned Basis,5.0018854
Learned,Learned Basis,4.311047
Learned,Learned Basis,7.4235735
Learned,Learned Basis,6.434535
Learned,Learned Basis,4.1353207
Learned,Learned Basis,5.613529
Learned,Learned Basis,5.063697
Learned,Learned Basis,4.6281366
Learned,Learned Basis,4.10812
Learned,Learned Basis,5.679509
Learned,Learned Basis,6.5080166
Learned,Learned Basis,5.339744
Learned,Learned Basis,6.5126615
Learned,Learned Basis,4.830379
Learned,Learned Basis,5.3027887
Learned,Learned Basis,4.995207
Learned,Learned Basis,5.907489
Learned,Learned Basis,4.45455
Learned,Learned Basis,5.3667636
Learned,Learned Basis,5.4631224
Learned,Learned Basis,6.832822
Learned,Learned Basis,5.5001926
Learned,Learned Basis,5.789855
Learned,Learned Basis,5.003333
Learned,Learned Basis,6.1584635
Learned,Learned Basis,6.3175035
Learned,Learned Basis,5.519086
Learned,Learned Basis,5.644019
Learned,Learned Basis,4.797555
Learned,Learned Basis,5.0087166
Learned,Learned Basis,5.528529
Learned,Learned Basis,5.650069
Learned,Learned Basis,4.488302
Learned,Learned Basis,6.6164308
Learned,Learned Basis,6.641302
Learned,Learned Basis,6.810445
Learned,Learned Basis,4.6005206
Learned,Learned Basis,3.976773
Learned,Learned Basis,5.683453
Learned,Learned Basis,5.87111
Learned,Learned Basis,4.9948406
Learned,Learned Basis,5.5864363
Learned,Learned Basis,5.0044937
Learned,Learned Basis,6.888924
Learned,Learned Basis,6.26522
Learned,Learned Basis,5.752863
Learned,Learned Basis,4.7397738
Learned,Learned Basis,4.441597
Learned,Learned Basis,4.0841026
Learned,Learned Basis,5.085297
Learned,Learned Basis,5.1527653
Learned,Learned Basis,3.8951402
Learned,Learned Basis,6.0876427
Learned,Learned Basis,5.8595986
Learned,Learned Basis,5.1033525
Learned,Learned Basis,4.909628
Learned,Learned Basis,4.503474
Learned,Learned Basis,6.216666
Learned,Learned Basis,5.9099236
Learned,Learned Basis,5.68375
Learned,Learned Basis,4.2800293
Learned,Learned Basis,5.913481
Learned,Learned Basis,4.9148774
Learned,Learned Basis,7.093075
Learned,Learned Basis,5.4045057
Learned,Learned Basis,4.1758566
Learned,Learned Basis,4.153371
Learned,Learned Basis,5.105617
Learned,Learned Basis,4.091404
Learned,Learned Basis,4.713145
Learned,Learned Basis,5.3783507
Learned,Learned Basis,5.810012
Learned,Learned Basis,3.7526426
Learned,Learned Basis,5.0016794
Learned,Learned Basis,5.6170692
Learned,Learned Basis,4.153817
Learned,Learned Basis,5.5679255
Learned,Learned Basis,6.7768154
Learned,Learned Basis,6.182269
Learned,Learned Basis,5.845492
Learned,Learned Basis,6.999995
Learned,Learned Basis,4.3480067
Learned,Learned Basis,5.200751
Learned,Learned Basis,4.919938
Learned,Learned Basis,6.2666664
Learned,Learned Basis,5.0782013
Learned,Learned Basis,4.935868
Learned,Learned Basis,6.0432625
Learned,Learned Basis,4.499571
Learned,Learned Basis,4.8668957
Learned,Learned Basis,4.316798
Learned,Learned Basis,4.1585855
Learned,Learned Basis,5.8711343
Learned,Learned Basis,5.511651
Learned,Learned Basis,5.5055094
Learned,Learned Basis,5.318362
Learned,Learned Basis,5.4172797
Learned,Learned Basis,5.4705095
Learned,Learned Basis,5.9230185
Learned,Learned Basis,4.850935
Learned,Learned Basis,5.881939
Learned,Learned Basis,4.918771
Learned,Learned Basis,4.3545456
Learned,Learned Basis,6.0112324
Learned,Learned Basis,5.11471
Learned,Learned Basis,5.8234158
Learned,Learned Basis,6.321895
Learned,Learned Basis,5.698555
Learned,Learned Basis,7.2220807
Learned,Learned Basis,5.41887
Learned,Learned Basis,4.8267255
Learned,Learned Basis,5.161894
Learned,Learned Basis,4.820897
Learned,Learned Basis,5.4766617
Learned,Learned Basis,6.0963087
Learned,Learned Basis,6.61851
Learned,Learned Basis,5.6650496
Learned,Learned Basis,5.204793
Learned,Learned Basis,5.0043764
Learned,Learned Basis,6.830328
Learned,Learned Basis,6.674429
Learned,Learned Basis,4.959304
Learned,Learned Basis,4.631322
Learned,Learned Basis,4.472701
Learned,Learned Basis,3.948604
Learned,Learned Basis,5.939512
Learned,Learned Basis,6.566719
Learned,Learned Basis,3.8894043
Learned,Learned Basis,4.911481
Learned,Learned Basis,4.4854136
Learned,Learned Basis,5.068901
Learned,Learned Basis,5.237892
Learned,Learned Basis,5.8500586
Learned,Learned Basis,4.4391713
Learned,Learned Basis,6.439809
Learned,Learned Basis,5.4154835
Learned,Learned Basis,6.160049
Learned,Learned Basis,5.20183
Learned,Learned Basis,4.5351534
Learned,Learned Basis,5.4925056
Learned,Learned Basis,4.639385
Learned,Learned Basis,5.850053
Learned,Learned Basis,5.7121725
Learned,Learned Basis,6.064244
Learned,Learned Basis,6.060401
Learned,Learned Basis,5.5063887
Learned,Learned Basis,5.252615
Learned,Learned Basis,5.269451
Learned,Learned Basis,5.8998156
Learned,Learned Basis,6.0615005
Learned,Learned Basis,5.0227737
Learned,Learned Basis,4.8914585
Learned,Learned Basis,5.121796
Learned,Learned Basis,5.1534657
Learned,Learned Basis,6.16414
Learned,Learned Basis,4.3763323
Learned,Learned Basis,5.9705544
Learned,Learned Basis,5.5690107
Learned,Learned Basis,5.652149
Learned,Learned Basis,6.489394
Learned,Learned Basis,4.295642
Learned,Learned Basis,5.1109605
Learned,Learned Basis,6.9441133
Learned,Learned Basis,5.077096
Learned,Learned Basis,3.791219
Learned,Learned Basis,4.598871
Learned,Learned Basis,3.3258433
Learned,Learned Basis,5.1664095
Learned,Learned Basis,5.1589785
Learned,Learned Basis,5.3402686
Learned,Learned Basis,5.531704
Learned,Learned Basis,5.0326624
Learned,Learned Basis,5.1175632
Learned,Learned Basis,4.502229
Learned,Learned Basis,4.1258497
Learned,Learned Basis,4.6384726
Learned,Learned Basis,5.7877917
Learned,Learned Basis,5.7342076
Learned,Learned Basis,4.741906
Learned,Learned Basis,5.6670895
Learned,Learned Basis,5.078102
Learned,Learned Basis,6.85795
Learned,Learned Basis,4.957682
Learned,Learned Basis,5.061061
Learned,Learned Basis,5.581737
Learned,Learned Basis,5.130489
Learned,Learned Basis,4.7797904
Learned,Learned Basis,5.6551027
Learned,Learned Basis,6.001415
Learned,Learned Basis,3.4668722
Learned,Learned Basis,4.7946987
Learned,Learned Basis,6.5857844
Learned,Learned Basis,6.0131426
Learned,Learned Basis,4.8096786
Learned,Learned Basis,5.2027044
Learned,Learned Basis,5.95323
Learned,Learned Basis,3.8789716
Learned,Learned Basis,5.1137867
Learned,Learned Basis,6.2857747
Learned,Learned Basis,7.82309
Learned,Learned Basis,5.855686
Learned,Learned Basis,4.462913
Learned,Learned Basis,5.9167
Learned,Learned Basis,5.4287076
Learned,Learned Basis,5.0159187
Learned,Learned Basis,6.744327
Learned,Learned Basis,5.2111864
Learned,Learned Basis,5.355913
Learned,Learned Basis,5.1091433
Learned,Learned Basis,4.7441587
Learned,Learned Basis,5.198759
Learned,Learned Basis,4.8636956
Learned,Learned Basis,7.051086
Learned,Learned Basis,4.5582285
Learned,Learned Basis,5.2433014
Learned,Learned Basis,4.2901344
Learned,Learned Basis,5.3040605
Learned,Learned Basis,6.168406
Learned,Learned Basis,4.8586445
Learned,Learned Basis,5.5535917
Learned,Learned Basis,5.2334785
Learned,Learned Basis,7.888955
Learned,Learned Basis,3.9862852
Learned,Learned Basis,5.298029
Learned,Learned Basis,3.9992733
Learned,Learned Basis,6.2583284
Learned,Learned Basis,5.99149
Learned,Learned Basis,4.96578
Learned,Learned Basis,5.109047
Learned,Learned Basis,4.884617
Learned,Learned Basis,6.6766615
Learned,Learned Basis,6.091034
Learned,Learned Basis,4.4957166
Learned,Learned Basis,4.578877
Learned,Learned Basis,5.1058297
Learned,Learned Basis,5.0762844
Learned,Learned Basis,4.300636
Learned,Learned Basis,6.461413
Learned,Learned Basis,6.1601753
Learned,Learned Basis,4.73857
Learned,Learned Basis,4.556867
Learned,Learned Basis,6.495521
Learned,Learned Basis,4.355535
Learned,Learned Basis,6.0111403
Learned,Learned Basis,5.934971
Learned,Learned Basis,5.7361574
Learned,Learned Basis,6.081295
Learned,Learned Basis,4.2086678
Learned,Learned Basis,3.9070487
Learned,Learned Basis,6.9212036
Learned,Learned Basis,5.3328905
Learned,Learned Basis,4.703226
Learned,Learned Basis,3.8399024
Learned,Learned Basis,6.5899897
Learned,Learned Basis,4.2485003
Learned,Learned Basis,5.431268
Learned,Learned Basis,4.4501867
Learned,Learned Basis,6.358571
Learned,Learned Basis,4.3667755
Learned,Learned Basis,4.8591957
Learned,Learned Basis,4.495022
Learned,Learned Basis,4.5980625
Learned,Learned Basis,6.08671
Learned,Learned Basis,5.686674
Learned,Learned Basis,5.032078
Learned,Learned Basis,5.1336713
Learned,Learned Basis,5.063028
Learned,Learned Basis,4.6772337
Learned,Learned Basis,5.4490643
LearnedNonlinear,Learned + Nonlinear RX,5.1312013
LearnedNonlinear,Learned + Nonlinear RX,4.7559743
LearnedNonlinear,Learned + Nonlinear RX,4.830908
LearnedNonlinear,Learned + Nonlinear RX,4.2906075
LearnedNonlinear,Learned + Nonlinear RX,6.1748276
LearnedNonlinear,Learned + Nonlinear RX,6.3544755
LearnedNonlinear,Learned + Nonlinear RX,4.88727
LearnedNonlinear,Learned + Nonlinear RX,3.8979914
LearnedNonlinear,Learned + Nonlinear RX,5.294881
LearnedNonlinear,Learned + Nonlinear RX,4.98844
LearnedNonlinear,Learned + Nonlinear RX,6.049244
LearnedNonlinear,Learned + Nonlinear RX,5.5406876
LearnedNonlinear,Learned + Nonlinear RX,4.5621357
LearnedNonlinear,Learned + Nonlinear RX,5.3273673
LearnedNonlinear,Learned + Nonlinear RX,6.757455
LearnedNonlinear,Learned + Nonlinear RX,7.3631425
LearnedNonlinear,Learned + Nonlinear RX,5.322444
LearnedNonlinear,Learned + Nonlinear RX,6.6992655
LearnedNonlinear,Learned + Nonlinear RX,5.5880666
LearnedNonlinear,Learned + Nonlinear RX,4.4185457
LearnedNonlinear,Learned + Nonlinear RX,4.5791297
LearnedNonlinear,Learned + Nonlinear RX,4.0333805
LearnedNonlinear,Learned + Nonlinear RX,4.8058968
LearnedNonlinear,Learned + Nonlinear RX,4.7365084
LearnedNonlinear,Learned + Nonlinear RX,4.699702
LearnedNonlinear,Learned + Nonlinear RX,5.28671
LearnedNonlinear,Learned + Nonlinear RX,5.9438972
LearnedNonlinear,Learned + Nonlinear RX,5.310941
LearnedNonlinear,Learned + Nonlinear RX,5.134993
LearnedNonlinear,Learned + Nonlinear RX,5.714698
LearnedNonlinear,Learned + Nonlinear RX,4.834591
LearnedNonlinear,Learned + Nonlinear RX,5.12042
LearnedNonlinear,Learned + Nonlinear RX,3.8486269
LearnedNonlinear,Learned + Nonlinear RX,5.0403767
LearnedNonlinear,Learned + Nonlinear RX,4.5944414
LearnedNonlinear,Learned + Nonlinear RX,5.0956864
LearnedNonlinear,Learned + Nonlinear RX,5.0080914
LearnedNonlinear,Learned + Nonlinear RX,4.792027
LearnedNonlinear,Learned + Nonlinear RX,5.9657393
LearnedNonlinear,Learned + Nonlinear RX,5.8493853
LearnedNonlinear,Learned + Nonlinear RX,4.2551785
LearnedNonlinear,Learned + Nonlinear RX,6.2296634
LearnedNonlinear,Learned + Nonlinear RX,5.1316576
LearnedNonlinear,Learned + Nonlinear RX,5.227813
LearnedNonlinear,Learned + Nonlinear RX,5.0427666
LearnedNonlinear,Learned + Nonlinear RX,5.9409165
LearnedNonlinear,Learned + Nonlinear RX,3.9652042
LearnedNonlinear,Learned + Nonlinear RX,4.545879
LearnedNonlinear,Learned + Nonlinear RX,4.793642
LearnedNonlinear,Learned + Nonlinear RX,5.201997
LearnedNonlinear,Learned + Nonlinear RX,4.6022468
LearnedNonlinear,Learned + Nonlinear RX,5.3531294
LearnedNonlinear,Learned + Nonlinear RX,4.893655
LearnedNonlinear,Learned + Nonlinear RX,4.578266
LearnedNonlinear,Learned + Nonlinear RX,4.661421
LearnedNonlinear,Learned + Nonlinear RX,4.7978506
LearnedNonlinear,Learned + Nonlinear RX,5.109272
LearnedNonlinear,Learned + Nonlinear RX,5.098271
LearnedNonlinear,Learned + Nonlinear RX,6.9205327
LearnedNonlinear,Learned + Nonlinear RX,6.491656
LearnedNonlinear,Learned + Nonlinear RX,4.2158785
LearnedNonlinear,Learned + Nonlinear RX,4.8449106
LearnedNonlinear,Learned + Nonlinear RX,5.1691523
LearnedNonlinear,Learned + Nonlinear RX,5.7657814
LearnedNonlinear,Learned + Nonlinear RX,4.89987
LearnedNonlinear,Learned + Nonlinear RX,4.969891
LearnedNonlinear,Learned + Nonlinear RX,6.982995
LearnedNonlinear,Learned + Nonlinear RX,6.363709
LearnedNonlinear,Learned + Nonlinear RX,4.821151
LearnedNonlinear,Learned + Nonlinear RX,5.4313726
LearnedNonlinear,Learned + Nonlinear RX,7.2876067
LearnedNonlinear,Learned + Nonlinear RX,4.565516
LearnedNonlinear,Learned + Nonlinear RX,4.534317
LearnedNonlinear,Learned + Nonlinear RX,6.7542243
LearnedNonlinear,Learned + Nonlinear RX,5.4946256
LearnedNonlinear,Learned + Nonlinear RX,4.565629
LearnedNonlinear,Learned + Nonlinear RX,3.6286368
LearnedNonlinear,Learned + Nonlinear RX,5.5561886
LearnedNonlinear,Learned + Nonlinear RX,5.3376837
LearnedNonlinear,Learned + Nonlinear RX,5.156808
LearnedNonlinear,Learned + Nonlinear RX,4.0768476
LearnedNonlinear,Learned + Nonlinear RX,7.3783693
LearnedNonlinear,Learned + Nonlinear RX,7.687535
LearnedNonlinear,Learned + Nonlinear RX,5.482892
LearnedNonlinear,Learned + Nonlinear RX,4.7993155
LearnedNonlinear,Learned + Nonlinear RX,4.744515
LearnedNonlinear,Learned + Nonlinear RX,4.9381347
LearnedNonlinear,Learned + Nonlinear RX,4.612404
LearnedNonlinear,Learned + Nonlinear RX,4.2624335
LearnedNonlinear,Learned + Nonlinear RX,4.1134834
LearnedNonlinear,Learned + Nonlinear RX,4.845093
LearnedNonlinear,Learned + Nonlinear RX,6.541846
LearnedNonlinear,Learned + Nonlinear RX,4.949203
LearnedNonlinear,Learned + Nonlinear RX,6.205963
LearnedNonlinear,Learned + Nonlinear RX,6.01969
LearnedNonlinear,Learned + Nonlinear RX,5.931348
LearnedNonlinear,Learned + Nonlinear RX,5.189784
LearnedNonlinear,Learned + Nonlinear RX,5.814219
LearnedNonlinear,Learned + Nonlinear RX,4.499224
LearnedNonlinear,Learned + Nonlinear RX,6.057
LearnedNonlinear,Learned + Nonlinear RX,5.845008
LearnedNonlinear,Learned + Nonlinear RX,5.813958
LearnedNonlinear,Learned + Nonlinear RX,5.3042364
LearnedNonlinear,Learned + Nonlinear RX,5.1184554
LearnedNonlinear,Learned + Nonlinear RX,4.923443
LearnedNonlinear,Learned + Nonlinear RX,6.145833
LearnedNonlinear,Learned + Nonlinear RX,5.0300922
LearnedNonlinear,Learned + Nonlinear RX,6.814304
LearnedNonlinear,Learned + Nonlinear RX,5.3661675
LearnedNonlinear,Learned + Nonlinear RX,5.56401
LearnedNonlinear,Learned + Nonlinear RX,6.1926103
LearnedNonlinear,Learned + Nonlinear RX,6.296853
LearnedNonlinear,Learned + Nonlinear RX,6.6891317
LearnedNonlinear,Learned + Nonlinear RX,5.347294
LearnedNonlinear,Learned + Nonlinear RX,6.1844883
LearnedNonlinear,Learned + Nonlinear RX,4.217532
LearnedNonlinear,Learned + Nonlinear RX,4.5723786
LearnedNonlinear,Learned + Nonlinear RX,5.1415057
LearnedNonlinear,Learned + Nonlinear RX,4.112915
LearnedNonlinear,Learned + Nonlinear RX,4.732418
LearnedNonlinear,Learned + Nonlinear RX,4.091646
LearnedNonlinear,Learned + Nonlinear RX,6.1031585
LearnedNonlinear,Learned + Nonlinear RX,6.768372
LearnedNonlinear,Learned + Nonlinear RX,7.352204
LearnedNonlinear,Learned + Nonlinear RX,6.159132
LearnedNonlinear,Learned + Nonlinear RX,5.128548
LearnedNonlinear,Learned + Nonlinear RX,6.3455873
LearnedNonlinear,Learned + Nonlinear RX,6.1522923
LearnedNonlinear,Learned + Nonlinear RX,4.7851534
LearnedNonlinear,Learned + Nonlinear RX,4.2212105
LearnedNonlinear,Learned + Nonlinear RX,4.636581
LearnedNonlinear,Learned + Nonlinear RX,5.2645783
LearnedNonlinear,Learned + Nonlinear RX,5.1706886
LearnedNonlinear,Learned + Nonlinear RX,5.0125413
LearnedNonlinear,Learned + Nonlinear RX,4.74858
LearnedNonlinear,Learned + Nonlinear RX,5.4196353
LearnedNonlinear,Learned + Nonlinear RX,5.2324243
LearnedNonlinear,Learned + Nonlinear RX,4.8993883
LearnedNonlinear,Learned + Nonlinear RX,5.0141954
LearnedNonlinear,Learned + Nonlinear RX,5.3981876
LearnedNonlinear,Learned + Nonlinear RX,6.0428114
LearnedNonlinear,Learned + Nonlinear RX,5.761368
LearnedNonlinear,Learned + Nonlinear RX,4.2171474
LearnedNonlinear,Learned + Nonlinear RX,6.2954044
LearnedNonlinear,Learned + Nonlinear RX,6.2922306
LearnedNonlinear,Learned + Nonlinear RX,6.7064905
LearnedNonlinear,Learned + Nonlinear RX,4.47547
LearnedNonlinear,Learned + Nonlinear RX,5.437882
LearnedNonlinear,Learned + Nonlinear RX,5.615148
LearnedNonlinear,Learned + Nonlinear RX,4.798136
LearnedNonlinear,Learned + Nonlinear RX,5.1198106
LearnedNonlinear,Learned + Nonlinear RX,5.651208
LearnedNonlinear,Learned + Nonlinear RX,5.876985
LearnedNonlinear,Learned + Nonlinear RX,3.8965616
LearnedNonlinear,Learned + Nonlinear RX,5.024603
LearnedNonlinear,Learned + Nonlinear RX,4.2888503
LearnedNonlinear,Learned + Nonlinear RX,5.3535132
LearnedNonlinear,Learned + Nonlinear RX,5.227819
LearnedNonlinear,Learned + Nonlinear RX,4.9704914
LearnedNonlinear,Learned + Nonlinear RX,5.5330033
LearnedNonlinear,Learned + Nonlinear RX,5.3964276
LearnedNonlinear,Learned + Nonlinear RX,6.2438064
LearnedNonlinear,Learned + Nonlinear RX,5.3357105
LearnedNonlinear,Learned + Nonlinear RX,4.9576955
LearnedNonlinear,Learned + Nonlinear RX,5.648932
LearnedNonlinear,Learned + Nonlinear RX,5.7095785
LearnedNonlinear,Learned + Nonlinear RX,5.9457216
LearnedNonlinear,Learned + Nonlinear RX,4.6667
LearnedNonlinear,Learned + Nonlinear RX,5.7614164
LearnedNonlinear,Learned + Nonlinear RX,5.4749484
LearnedNonlinear,Learned + Nonlinear RX,6.277623
LearnedNonlinear,Learned + Nonlinear RX,5.9959707
LearnedNonlinear,Learned + Nonlinear RX,7.0971246
LearnedNonlinear,Learned + Nonlinear RX,4.527921
LearnedNonlinear,Learned + Nonlinear RX,4.4924626
LearnedNonlinear,Learned + Nonlinear RX,6.201162
LearnedNonlinear,Learned + Nonlinear RX,4.8499618
LearnedNonlinear,Learned + Nonlinear RX,4.7158284
LearnedNonlinear,Learned + Nonlinear RX,5.6789
LearnedNonlinear,Learned + Nonlinear RX,5.303536
LearnedNonlinear,Learned + Nonlinear RX,5.172391
LearnedNonlinear,Learned + Nonlinear RX,4.6977005
LearnedNonlinear,Learned + Nonlinear RX,4.1003613
LearnedNonlinear,Learned + Nonlinear RX,6.9614134
LearnedNonlinear,Learned + Nonlinear RX,4.513814
LearnedNonlinear,Learned + Nonlinear RX,6.836221
LearnedNonlinear,Learned + Nonlinear RX,6.310897
LearnedNonlinear,Learned + Nonlinear RX,5.375404
LearnedNonlinear,Learned + Nonlinear RX,4.9681973
LearnedNonlinear,Learned + Nonlinear RX,5.545507
LearnedNonlinear,Learned + Nonlinear RX,5.386359
LearnedNonlinear,Learned + Nonlinear RX,5.133553
LearnedNonlinear,Learned + Nonlinear RX,5.679441
LearnedNonlinear,Learned + Nonlinear RX,5.7803273
LearnedNonlinear,Learned + Nonlinear RX,5.6621747
LearnedNonlinear,Learned + Nonlinear RX,4.3816495
LearnedNonlinear,Learned + Nonlinear RX,5.6254673
LearnedNonlinear,Learned + Nonlinear RX,4.1202273
LearnedNonlinear,Learned + Nonlinear RX,6.775928
LearnedNonlinear,Learned + Nonlinear RX,4.5240784
LearnedNonlinear,Learned + Nonlinear RX,5.598835
LearnedNonlinear,Learned + Nonlinear RX,5.757468
LearnedNonlinear,Learned + Nonlinear RX,4.3041434
LearnedNonlinear,Learned + Nonlinear RX,4.583436
LearnedNonlinear,Learned + Nonlinear RX,4.5582895
LearnedNonlinear,Learned + Nonlinear RX,4.925881
LearnedNonlinear,Learned + Nonlinear RX,4.0762906
LearnedNonlinear,Learned + Nonlinear RX,5.211368
LearnedNonlinear,Learned + Nonlinear RX,4.7726774
LearnedNonlinear,Learned + Nonlinear RX,5.1794596
LearnedNonlinear,Learned + Nonlinear RX,5.8412547
LearnedNonlinear,Learned + Nonlinear RX,5.5672607
LearnedNonlinear,Learned + Nonlinear RX,6.132147
LearnedNonlinear,Learned + Nonlinear RX,4.7298365
LearnedNonlinear,Learned + Nonlinear RX,5.1321545
LearnedNonlinear,Learned + Nonlinear RX,3.9114633
LearnedNonlinear,Learned + Nonlinear RX,4.8367805
LearnedNonlinear,Learned + Nonlinear RX,4.267346
LearnedNonlinear,Learned + Nonlinear RX,5.486411
LearnedNonlinear,Learned + Nonlinear RX,4.970191
LearnedNonlinear,Learned + Nonlinear RX,5.4229403
LearnedNonlinear,Learned + Nonlinear RX,5.478952
LearnedNonlinear,Learned + Nonlinear RX,6.0215087
LearnedNonlinear,Learned + Nonlinear RX,5.259651
LearnedNonlinear,Learned + Nonlinear RX,4.5208287
LearnedNonlinear,Learned + Nonlinear RX,5.2961645
LearnedNonlinear,Learned + Nonlinear RX,4.1226535
LearnedNonlinear,Learned + Nonlinear RX,8.433877
LearnedNonlinear,Learned + Nonlinear RX,5.470211
LearnedNonlinear,Learned + Nonlinear RX,4.94101
LearnedNonlinear,Learned + Nonlinear RX,5.2037144
LearnedNonlinear,Learned + Nonlinear RX,4.337356
LearnedNonlinear,Learned + Nonlinear RX,5.7088213
LearnedNonlinear,Learned + Nonlinear RX,4.15772
LearnedNonlinear,Learned + Nonlinear RX,6.328494
LearnedNonlinear,Learned + Nonlinear RX,4.6872034
LearnedNonlinear,Learned + Nonlinear RX,4.8589234
LearnedNonlinear,Learned + Nonlinear RX,5.897696
LearnedNonlinear,Learned + Nonlinear RX,7.8630295
LearnedNonlinear,Learned + Nonlinear RX,4.707212
LearnedNonlinear,Learned + Nonlinear RX,6.0017276
LearnedNonlinear,Learned + Nonlinear RX,5.7142897
LearnedNonlinear,Learned + Nonlinear RX,6.484743
LearnedNonlinear,Learned + Nonlinear RX,4.9777765
LearnedNonlinear,Learned + Nonlinear RX,6.0349646
LearnedNonlinear,Learned + Nonlinear RX,4.9732084
LearnedNonlinear,Learned + Nonlinear RX,5.2534304
LearnedNonlinear,Learned + Nonlinear RX,5.678896
LearnedNonlinear,Learned + Nonlinear RX,4.8814416
LearnedNonlinear,Learned + Nonlinear RX,4.445257
LearnedNonlinear,Learned + Nonlinear RX,4.6063676
LearnedNonlinear,Learned + Nonlinear RX,5.3279037
LearnedNonlinear,Learned + Nonlinear RX,6.069798
LearnedNonlinear,Learned + Nonlinear RX,5.1587324
LearnedNonlinear,Learned + Nonlinear RX,5.1414256
LearnedNonlinear,Learned + Nonlinear RX,4.5344667
LearnedNonlinear,Learned + Nonlinear RX,5.9251366
LearnedNonlinear,Learned + Nonlinear RX,7.064616
LearnedNonlinear,Learned + Nonlinear RX,5.607746
LearnedNonlinear,Learned + Nonlinear RX,4.8084826
LearnedNonlinear,Learned + Nonlinear RX,5.060713
LearnedNonlinear,Learned + Nonlinear RX,6.433497
LearnedNonlinear,Learned + Nonlinear RX,4.8950167
LearnedNonlinear,Learned + Nonlinear RX,5.3590784
LearnedNonlinear,Learned + Nonlinear RX,5.8121758
LearnedNonlinear,Learned + Nonlinear RX,4.9636884
LearnedNonlinear,Learned + Nonlinear RX,3.7573993
LearnedNonlinear,Learned + Nonlinear RX,5.679441
LearnedNonlinear,Learned + Nonlinear RX,6.516696
LearnedNonlinear,Learned + Nonlinear RX,5.87374
LearnedNonlinear,Learned + Nonlinear RX,4.566107
LearnedNonlinear,Learned + Nonlinear RX,6.4837193
LearnedNonlinear,Learned + Nonlinear RX,7.004523
LearnedNonlinear,Learned + Nonlinear RX,6.1156297
LearnedNonlinear,Learned + Nonlinear RX,6.06695
LearnedNonlinear,Learned + Nonlinear RX,5.338645
LearnedNonlinear,Learned + Nonlinear RX,6.87725
LearnedNonlinear,Learned + Nonlinear RX,6.3795767
LearnedNonlinear,Learned + Nonlinear RX,5.555
LearnedNonlinear,Learned + Nonlinear RX,5.991598
LearnedNonlinear,Learned + Nonlinear RX,6.291225
LearnedNonlinear,Learned + Nonlinear RX,6.2846656
LearnedNonlinear,Learned + Nonlinear RX,6.8807173
LearnedNonlinear,Learned + Nonlinear RX,6.343713
LearnedNonlinear,Learned + Nonlinear RX,6.0143795
LearnedNonlinear,Learned + Nonlinear RX,6.047944
LearnedNonlinear,Learned + Nonlinear RX,5.5921183
LearnedNonlinear,Learned + Nonlinear RX,5.6485357
LearnedNonlinear,Learned + Nonlinear RX,4.3123093
LearnedNonlinear,Learned + Nonlinear RX,6.7347717
LearnedNonlinear,Learned + Nonlinear RX,5.371342
LearnedNonlinear,Learned + Nonlinear RX,5.7492485
LearnedNonlinear,Learned + Nonlinear RX,4.916664
LearnedNonlinear,Learned + Nonlinear RX,4.2645245
LearnedNonlinear,Learned + Nonlinear RX,5.6025352
LearnedNonlinear,Learned + Nonlinear RX,4.50218
LearnedNonlinear,Learned + Nonlinear RX,4.0810018
LearnedNonlinear,Learned + Nonlinear RX,5.5639277
LearnedNonlinear,Learned + Nonlinear RX,4.48022
LearnedNonlinear,Learned + Nonlinear RX,5.1363373
LearnedNonlinear,Learned + Nonlinear RX,5.253701
LearnedNonlinear,Learned + Nonlinear RX,5.863504
LearnedNonlinear,Learned + Nonlinear RX,4.923217
LearnedNonlinear,Learned + Nonlinear RX,6.051975
LearnedNonlinear,Learned + Nonlinear RX,5.087042
LearnedNonlinear,Learned + Nonlinear RX,5.129389
LearnedNonlinear,Learned + Nonlinear RX,4.1787596
LearnedNonlinear,Learned + Nonlinear RX,6.4973335
LearnedNonlinear,Learned + Nonlinear RX,5.120762
LearnedNonlinear,Learned + Nonlinear RX,4.6268864
LearnedNonlinear,Learned + Nonlinear RX,5.057871
LearnedNonlinear,Learned + Nonlinear RX,4.9461007
LearnedNonlinear,Learned + Nonlinear RX,6.1034927
LearnedNonlinear,Learned + Nonlinear RX,4.74554
LearnedNonlinear,Learned + Nonlinear RX,5.697642
LearnedNonlinear,Learned + Nonlinear RX,5.474672
LearnedNonlinear,Learned + Nonlinear RX,5.3786736
LearnedNonlinear,Learned + Nonlinear RX,5.7818413
LearnedNonlinear,Learned + Nonlinear RX,5.634104
LearnedNonlinear,Learned + Nonlinear RX,5.3813
LearnedNonlinear,Learned + Nonlinear RX,5.9306293
LearnedNonlinear,Learned + Nonlinear RX,4.125711
LearnedNonlinear,Learned + Nonlinear RX,6.0396934
LearnedNonlinear,Learned + Nonlinear RX,4.8758707
LearnedNonlinear,Learned + Nonlinear RX,4.065288
LearnedNonlinear,Learned + Nonlinear RX,4.888468
LearnedNonlinear,Learned + Nonlinear RX,4.5549016
LearnedNonlinear,Learned + Nonlinear RX,5.3158426
LearnedNonlinear,Learned + Nonlinear RX,5.245861
LearnedNonlinear,Learned + Nonlinear RX,5.4811983
LearnedNonlinear,Learned + Nonlinear RX,4.638077
LearnedNonlinear,Learned + Nonlinear RX,6.0299497
LearnedNonlinear,Learned + Nonlinear RX,6.0364532
LearnedNonlinear,Learned + Nonlinear RX,5.262261
LearnedNonlinear,Learned + Nonlinear RX,4.9933434
LearnedNonlinear,Learned + Nonlinear RX,7.1758485
LearnedNonlinear,Learned + Nonlinear RX,4.5877476
LearnedNonlinear,Learned + Nonlinear RX,5.2122445
LearnedNonlinear,Learned + Nonlinear RX,4.528903
LearnedNonlinear,Learned + Nonlinear RX,6.3721905
LearnedNonlinear,Learned + Nonlinear RX,4.9947157
LearnedNonlinear,Learned + Nonlinear RX,4.0546846
LearnedNonlinear,Learned + Nonlinear RX,4.58969
LearnedNonlinear,Learned + Nonlinear RX,4.993217
LearnedNonlinear,Learned + Nonlinear RX,5.62331
LearnedNonlinear,Learned + Nonlinear RX,4.7306414
LearnedNonlinear,Learned + Nonlinear RX,5.9366155
LearnedNonlinear,Learned + Nonlinear RX,5.3908615
LearnedNonlinear,Learned + Nonlinear RX,5.364992
LearnedNonlinear,Learned + Nonlinear RX,5.211449
LearnedNonlinear,Learned + Nonlinear RX,4.238262
LearnedNonlinear,Learned + Nonlinear RX,4.8692236
LearnedNonlinear,Learned + Nonlinear RX,7.0146008
LearnedNonlinear,Learned + Nonlinear RX,6.6334476
LearnedNonlinear,Learned + Nonlinear RX,5.3910465
LearnedNonlinear,Learned + Nonlinear RX,5.664766
LearnedNonlinear,Learned + Nonlinear RX,4.184762
LearnedNonlinear,Learned + Nonlinear RX,7.845043
LearnedNonlinear,Learned + Nonlinear RX,5.1364164
LearnedNonlinear,Learned + Nonlinear RX,4.804736
LearnedNonlinear,Learned + Nonlinear RX,6.122406
LearnedNonlinear,Learned + Nonlinear RX,5.756746
LearnedNonlinear,Learned + Nonlinear RX,6.326558
LearnedNonlinear,Learned + Nonlinear RX,6.1987143
LearnedNonlinear,Learned + Nonlinear RX,5.3785253
LearnedNonlinear,Learned + Nonlinear RX,4.9581227
LearnedNonlinear,Learned + Nonlinear RX,5.139551
LearnedNonlinear,Learned + Nonlinear RX,5.4338856
LearnedNonlinear,Learned + Nonlinear RX,5.3472085
LearnedNonlinear,Learned + Nonlinear RX,4.4577246
LearnedNonlinear,Learned + Nonlinear RX,5.141345
LearnedNonlinear,Learned + Nonlinear RX,4.1244617
LearnedNonlinear,Learned + Nonlinear RX,4.6268406
LearnedNonlinear,Learned + Nonlinear RX,6.29191
LearnedNonlinear,Learned + Nonlinear RX,6.001871
LearnedNonlinear,Learned + Nonlinear RX,5.8659086
LearnedNonlinear,Learned + Nonlinear RX,4.3986883
LearnedNonlinear,Learned + Nonlinear RX,5.3186374
LearnedNonlinear,Learned + Nonlinear RX,5.6548305
LearnedNonlinear,Learned + Nonlinear RX,5.9218464
LearnedNonlinear,Learned + Nonlinear RX,6.0659986
LearnedNonlinear,Learned + Nonlinear RX,7.096916
LearnedNonlinear,Learned + Nonlinear RX,5.072789
LearnedNonlinear,Learned + Nonlinear RX,4.998865
LearnedNonlinear,Learned + Nonlinear RX,5.814432
LearnedNonlinear,Learned + Nonlinear RX,4.029473
LearnedNonlinear,Learned + Nonlinear RX,5.060883
LearnedNonlinear,Learned + Nonlinear RX,5.447388
LearnedNonlinear,Learned + Nonlinear RX,5.0321264
LearnedNonlinear,Learned + Nonlinear RX,5.890992
LearnedNonlinear,Learned + Nonlinear RX,5.600647
LearnedNonlinear,Learned + Nonlinear RX,4.9992237
LearnedNonlinear,Learned + Nonlinear RX,7.332208
LearnedNonlinear,Learned + Nonlinear RX,5.5880337
LearnedNonlinear,Learned + Nonlinear RX,5.856771
LearnedNonlinear,Learned + Nonlinear RX,4.6182632
LearnedNonlinear,Learned + Nonlinear RX,4.7538395
LearnedNonlinear,Learned + Nonlinear RX,4.8536463
LearnedNonlinear,Learned + Nonlinear RX,4.802431
LearnedNonlinear,Learned + Nonlinear RX,6.5247297
LearnedNonlinear,Learned + Nonlinear RX,4.8237085
LearnedNonlinear,Learned + Nonlinear RX,4.946583
LearnedNonlinear,Learned + Nonlinear RX,5.2110887
LearnedNonlinear,Learned + Nonlinear RX,5.2743893
LearnedNonlinear,Learned + Nonlinear RX,5.7097573
LearnedNonlinear,Learned + Nonlinear RX,5.019494
LearnedNonlinear,Learned + Nonlinear RX,5.505045
LearnedNonlinear,Learned + Nonlinear RX,5.447161
LearnedNonlinear,Learned + Nonlinear RX,6.752209
LearnedNonlinear,Learned + Nonlinear RX,5.1450357
LearnedNonlinear,Learned + Nonlinear RX,4.7626786
LearnedNonlinear,Learned + Nonlinear RX,4.358203
LearnedNonlinear,Learned + Nonlinear RX,6.073651
LearnedNonlinear,Learned + Nonlinear RX,5.870991
LearnedNonlinear,Learned + Nonlinear RX,5.582862
LearnedNonlinear,Learned + Nonlinear RX,5.033691
LearnedNonlinear,Learned + Nonlinear RX,4.3928714
LearnedNonlinear,Learned + Nonlinear RX,5.1534863
LearnedNonlinear,Learned + Nonlinear RX,6.002699
LearnedNonlinear,Learned + Nonlinear RX,5.12402
LearnedNonlinear,Learned + Nonlinear RX,4.425115
LearnedNonlinear,Learned + Nonlinear RX,5.5053673
LearnedNonlinear,Learned + Nonlinear RX,4.4298835
LearnedNonlinear,Learned + Nonlinear RX,5.4514546
LearnedNonlinear,Learned + Nonlinear RX,5.0134354
LearnedNonlinear,Learned + Nonlinear RX,4.830178
LearnedNonlinear,Learned + Nonlinear RX,5.517147
LearnedNonlinear,Learned + Nonlinear RX,4.979488
LearnedNonlinear,Learned + Nonlinear RX,5.021959
LearnedNonlinear,Learned + Nonlinear RX,5.1526976
LearnedNonlinear,Learned + Nonlinear RX,4.920808
LearnedNonlinear,Learned + Nonlinear RX,5.793176
LearnedNonlinear,Learned + Nonlinear RX,5.778652
LearnedNonlinear,Learned + Nonlinear RX,5.9252815
LearnedNonlinear,Learned + Nonlinear RX,6.3018074
LearnedNonlinear,Learned + Nonlinear RX,4.5238233
LearnedNonlinear,Learned + Nonlinear RX,4.9329476
LearnedNonlinear,Learned + Nonlinear RX,6.47908
LearnedNonlinear,Learned + Nonlinear RX,5.2966127
LearnedNonlinear,Learned + Nonlinear RX,4.782732
LearnedNonlinear,Learned + Nonlinear RX,5.7524643
LearnedNonlinear,Learned + Nonlinear RX,5.3894114
LearnedNonlinear,Learned + Nonlinear RX,4.795973
LearnedNonlinear,Learned + Nonlinear RX,5.1245365
LearnedNonlinear,Learned + Nonlinear RX,4.47619
LearnedNonlinear,Learned + Nonlinear RX,5.8158665
LearnedNonlinear,Learned + Nonlinear RX,4.9322658
LearnedNonlinear,Learned + Nonlinear RX,4.6547027
LearnedNonlinear,Learned + Nonlinear RX,5.4066615
LearnedNonlinear,Learned + Nonlinear RX,4.8146553
LearnedNonlinear,Learned + Nonlinear RX,4.740755
LearnedNonlinear,Learned + Nonlinear RX,4.6096067
LearnedNonlinear,Learned + Nonlinear RX,4.5132885
LearnedNonlinear,Learned + Nonlinear RX,5.333719
LearnedNonlinear,Learned + Nonlinear RX,4.732994
LearnedNonlinear,Learned + Nonlinear RX,5.583718
LearnedNonlinear,Learned + Nonlinear RX,6.3720455
LearnedNonlinear,Learned + Nonlinear RX,4.6232963
LearnedNonlinear,Learned + Nonlinear RX,5.1311297
LearnedNonlinear,Learned + Nonlinear RX,4.7914777
LearnedNonlinear,Learned + Nonlinear RX,6.0135584
LearnedNonlinear,Learned + Nonlinear RX,6.246097
LearnedNonlinear,Learned + Nonlinear RX,4.5799723
LearnedNonlinear,Learned + Nonlinear RX,4.358049
LearnedNonlinear,Learned + Nonlinear RX,6.0146403
LearnedNonlinear,Learned + Nonlinear RX,4.2426066
LearnedNonlinear,Learned + Nonlinear RX,5.2923126
LearnedNonlinear,Learned + Nonlinear RX,5.5780334
LearnedNonlinear,Learned + Nonlinear RX,4.1973886
LearnedNonlinear,Learned + Nonlinear RX,5.117722
LearnedNonlinear,Learned + Nonlinear RX,5.6209874
LearnedNonlinear,Learned + Nonlinear RX,3.778277
LearnedNonlinear,Learned + Nonlinear RX,6.4575934
LearnedNonlinear,Learned + Nonlinear RX,4.4850698
LearnedNonlinear,Learned + Nonlinear RX,5.0061994
LearnedNonlinear,Learned + Nonlinear RX,6.584494
LearnedNonlinear,Learned + Nonlinear RX,5.4461293
LearnedNonlinear,Learned + Nonlinear RX,6.472414
LearnedNonlinear,Learned + Nonlinear RX,5.0235133
LearnedNonlinear,Learned + Nonlinear RX,4.5511503
LearnedNonlinear,Learned + Nonlinear RX,4.594555
LearnedNonlinear,Learned + Nonlinear RX,4.976532
LearnedNonlinear,Learned + Nonlinear RX,6.433092
LearnedNonlinear,Learned + Nonlinear RX,5.6784
LearnedNonlinear,Learned + Nonlinear RX,5.4694123
LearnedNonlinear,Learned + Nonlinear RX,6.2462006
LearnedNonlinear,Learned + Nonlinear RX,5.783285
LearnedNonlinear,Learned + Nonlinear RX,5.222072
LearnedNonlinear,Learned + Nonlinear RX,5.548891
LearnedNonlinear,Learned + Nonlinear RX,5.1438446
LearnedNonlinear,Learned + Nonlinear RX,5.582604
LearnedNonlinear,Learned + Nonlinear RX,5.9261017
LearnedNonlinear,Learned + Nonlinear RX,7.978048
LearnedNonlinear,Learned + Nonlinear RX,6.6968875
LearnedNonlinear,Learned + Nonlinear RX,5.093732
LearnedNonlinear,Learned + Nonlinear RX,4.4154606
LearnedNonlinear,Learned + Nonlinear RX,5.7724457
LearnedNonlinear,Learned + Nonlinear RX,5.1742926
LearnedNonlinear,Learned + Nonlinear RX,4.272304
LearnedNonlinear,Learned + Nonlinear RX,6.1900434
LearnedNonlinear,Learned + Nonlinear RX,5.842571
LearnedNonlinear,Learned + Nonlinear RX,5.8624287
LearnedNonlinear,Learned + Nonlinear RX,4.863962
LearnedNonlinear,Learned + Nonlinear RX,5.0800056
LearnedNonlinear,Learned + Nonlinear RX,5.5687113
LearnedNonlinear,Learned + Nonlinear RX,6.5707154
LearnedNonlinear,Learned + Nonlinear RX,5.9011145
LearnedNonlinear,Learned + Nonlinear RX,8.142043
LearnedNonlinear,Learned + Nonlinear RX,5.2178926
LearnedNonlinear,Learned + Nonlinear RX,6.385741
LearnedNonlinear,Learned + Nonlinear RX,4.487091
LearnedNonlinear,Learned + Nonlinear RX,5.733073
LearnedNonlinear,Learned + Nonlinear RX,4.010991
LearnedNonlinear,Learned + Nonlinear RX,5.1797037
LearnedNonlinear,Learned + Nonlinear RX,5.3803463
LearnedNonlinear,Learned + Nonlinear RX,5.207376
LearnedNonlinear,Learned + Nonlinear RX,5.124937
LearnedNonlinear,Learned + Nonlinear RX,5.3020973
LearnedNonlinear,Learned + Nonlinear RX,5.713406
LearnedNonlinear,Learned + Nonlinear RX,5.069201
LearnedNonlinear,Learned + Nonlinear RX,5.377188
LearnedNonlinear,Learned + Nonlinear RX,4.458904
LearnedNonlinear,Learned + Nonlinear RX,6.14748
LearnedNonlinear,Learned + Nonlinear RX,4.2062035
LearnedNonlinear,Learned + Nonlinear RX,4.382486
LearnedNonlinear,Learned + Nonlinear RX,4.878417
LearnedNonlinear,Learned + Nonlinear RX,5.75567
LearnedNonlinear,Learned + Nonlinear RX,4.9162335
LearnedNonlinear,Learned + Nonlinear RX,5.240076
LearnedNonlinear,Learned + Nonlinear RX,4.3719454
LearnedNonlinear,Learned + Nonlinear RX,6.2781563
LearnedNonlinear,Learned + Nonlinear RX,5.702892
LearnedNonlinear,Learned + Nonlinear RX,6.9223523
LearnedNonlinear,Learned + Nonlinear RX,6.053614
LearnedNonlinear,Learned + Nonlinear RX,4.9048333
LearnedNonlinear,Learned + Nonlinear RX,5.3752728
LearnedNonlinear,Learned + Nonlinear RX,5.687349
LearnedNonlinear,Learned + Nonlinear RX,4.1692295
LearnedNonlinear,Learned + Nonlinear RX,4.6075063
LearnedNonlinear,Learned + Nonlinear RX,4.4731517
LearnedNonlinear,Learned + Nonlinear RX,6.408777
LearnedNonlinear,Learned + Nonlinear RX,6.0274773
LearnedNonlinear,Learned + Nonlinear RX,4.585489
LearnedNonlinear,Learned + Nonlinear RX,3.4645543
LearnedNonlinear,Learned + Nonlinear RX,6.8409104
LearnedNonlinear,Learned + Nonlinear RX,4.4251065
LearnedNonlinear,Learned + Nonlinear RX,5.010491
LearnedNonlinear,Learned + Nonlinear RX,4.731976
LearnedNonlinear,Learned + Nonlinear RX,5.4532266
LearnedNonlinear,Learned + Nonlinear RX,5.5370336
LearnedNonlinear,Learned + Nonlinear RX,6.16607
LearnedNonlinear,Learned + Nonlinear RX,5.4353933
LearnedNonlinear,Learned + Nonlinear RX,5.2318864
LearnedNonlinear,Learned + Nonlinear RX,5.1579914
LearnedNonlinear,Learned + Nonlinear RX,4.9617634
LearnedNonlinear,Learned + Nonlinear RX,5.350791
LearnedNonlinear,Learned + Nonlinear RX,6.0127597
LearnedNonlinear,Learned + Nonlinear RX,3.84272
LearnedNonlinear,Learned + Nonlinear RX,5.262293
LearnedNonlinear,Learned + Nonlinear RX,5.3432603
LearnedNonlinear,Learned + Nonlinear RX,4.9195967
LearnedNonlinear,Learned + Nonlinear RX,4.6740775
LearnedNonlinear,Learned + Nonlinear RX,5.3915353
LearnedNonlinear,Learned + Nonlinear RX,7.252421
LearnedNonlinear,Learned + Nonlinear RX,5.5214357
LearnedNonlinear,Learned + Nonlinear RX,7.2242413
LearnedNonlinear,Learned + Nonlinear RX,4.9182277
LearnedNonlinear,Learned + Nonlinear RX,6.154771
LearnedNonlinear,Learned + Nonlinear RX,6.328122
LearnedNonlinear,Learned + Nonlinear RX,5.744441
LearnedNonlinear,Learned + Nonlinear RX,7.3147683
LearnedNonlinear,Learned + Nonlinear RX,5.050898
LearnedNonlinear,Learned + Nonlinear RX,4.9272237
LearnedNonlinear,Learned + Nonlinear RX,5.5643387
LearnedNonlinear,Learned + Nonlinear RX,4.936035
LearnedNonlinear,Learned + Nonlinear RX,4.9082813
LearnedNonlinear,Learned + Nonlinear RX,6.30269
LearnedNonlinear,Learned + Nonlinear RX,6.0406632
LearnedNonlinear,Learned + Nonlinear RX,6.0555344
LearnedNonlinear,Learned + Nonlinear RX,5.8525276
LearnedNonlinear,Learned + Nonlinear RX,6.482425
LearnedNonlinear,Learned + Nonlinear RX,6.1803603
LearnedNonlinear,Learned + Nonlinear RX,4.164256
LearnedNonlinear,Learned + Nonlinear RX,5.6502266
LearnedNonlinear,Learned + Nonlinear RX,3.8586333
LearnedNonlinear,Learned + Nonlinear RX,5.073949
LearnedNonlinear,Learned + Nonlinear RX,5.6664042
LearnedNonlinear,Learned + Nonlinear RX,3.5704052
LearnedNonlinear,Learned + Nonlinear RX,5.3323026
LearnedNonlinear,Learned + Nonlinear RX,5.7602286
LearnedNonlinear,Learned + Nonlinear RX,5.202927
LearnedNonlinear,Learned + Nonlinear RX,4.022784
LearnedNonlinear,Learned + Nonlinear RX,4.9134636
LearnedNonlinear,Learned + Nonlinear RX,6.202263
LearnedNonlinear,Learned + Nonlinear RX,4.637744
LearnedNonlinear,Learned + Nonlinear RX,5.3617954
LearnedNonlinear,Learned + Nonlinear RX,6.451755
LearnedNonlinear,Learned + Nonlinear RX,5.366183
LearnedNonlinear,Learned + Nonlinear RX,5.0936103
LearnedNonlinear,Learned + Nonlinear RX,4.5644145
LearnedNonlinear,Learned + Nonlinear RX,5.3222466
LearnedNonlinear,Learned + Nonlinear RX,5.182157
LearnedNonlinear,Learned + Nonlinear RX,4.843953
LearnedNonlinear,Learned + Nonlinear RX,5.282085
LearnedNonlinear,Learned + Nonlinear RX,5.896904
LearnedNonlinear,Learned + Nonlinear RX,4.8235493
LearnedNonlinear,Learned + Nonlinear RX,6.0095763
LearnedNonlinear,Learned + Nonlinear RX,6.586414
LearnedNonlinear,Learned + Nonlinear RX,5.940891
LearnedNonlinear,Learned + Nonlinear RX,4.893524
LearnedNonlinear,Learned + Nonlinear RX,4.2090006
LearnedNonlinear,Learned + Nonlinear RX,6.384385
LearnedNonlinear,Learned + Nonlinear RX,4.7822695
LearnedNonlinear,Learned + Nonlinear RX,4.9233665
LearnedNonlinear,Learned + Nonlinear RX,4.706176
LearnedNonlinear,Learned + Nonlinear RX,6.1882486
LearnedNonlinear,Learned + Nonlinear RX,5.400551
LearnedNonlinear,Learned + Nonlinear RX,5.178547
LearnedNonlinear,Learned + Nonlinear RX,6.050842
LearnedNonlinear,Learned + Nonlinear RX,6.4169526
LearnedNonlinear,Learned + Nonlinear RX,5.8040133
LearnedNonlinear,Learned + Nonlinear RX,4.326209
LearnedNonlinear,Learned + Nonlinear RX,5.9982033
LearnedNonlinear,Learned + Nonlinear RX,5.0303454
LearnedNonlinear,Learned + Nonlinear RX,5.2271395
LearnedNonlinear,Learned + Nonlinear RX,5.3538747
LearnedNonlinear,Learned + Nonlinear RX,5.585509
LearnedNonlinear,Learned + Nonlinear RX,5.798517
LearnedNonlinear,Learned + Nonlinear RX,7.123401
LearnedNonlinear,Learned + Nonlinear RX,5.188932
LearnedNonlinear,Learned + Nonlinear RX,6.111669
LearnedNonlinear,Learned + Nonlinear RX,5.9348674
LearnedNonlinear,Learned + Nonlinear RX,4.501026
LearnedNonlinear,Learned + Nonlinear RX,6.4783688
LearnedNonlinear,Learned + Nonlinear RX,3.8772612
LearnedNonlinear,Learned + Nonlinear RX,5.354909
LearnedNonlinear,Learned + Nonlinear RX,4.707502
LearnedNonlinear,Learned + Nonlinear RX,4.2524595
LearnedNonlinear,Learned + Nonlinear RX,5.033483
LearnedNonlinear,Learned + Nonlinear RX,4.664849
LearnedNonlinear,Learned + Nonlinear RX,5.0781546
LearnedNonlinear,Learned + Nonlinear RX,6.452372
LearnedNonlinear,Learned + Nonlinear RX,5.762558
LearnedNonlinear,Learned + Nonlinear RX,5.613951
LearnedNonlinear,Learned + Nonlinear RX,5.281091
LearnedNonlinear,Learned + Nonlinear RX,5.276251
LearnedNonlinear,Learned + Nonlinear RX,4.883256
LearnedNonlinear,Learned + Nonlinear RX,4.566547
LearnedNonlinear,Learned + Nonlinear RX,5.8923473
LearnedNonlinear,Learned + Nonlinear RX,5.4831867
LearnedNonlinear,Learned + Nonlinear RX,4.832982
LearnedNonlinear,Learned + Nonlinear RX,4.729237
LearnedNonlinear,Learned + Nonlinear RX,7.637232
LearnedNonlinear,Learned + Nonlinear RX,5.2340784
LearnedNonlinear,Learned + Nonlinear RX,5.5027094
LearnedNonlinear,Learned + Nonlinear RX,4.3047123
LearnedNonlinear,Learned + Nonlinear RX,4.602727
LearnedNonlinear,Learned + Nonlinear RX,6.187953
LearnedNonlinear,Learned + Nonlinear RX,4.161604
LearnedNonlinear,Learned + Nonlinear RX,6.7781935
LearnedNonlinear,Learned + Nonlinear RX,5.212684
LearnedNonlinear,Learned + Nonlinear RX,4.8003826
LearnedNonlinear,Learned + Nonlinear RX,5.5835714
LearnedNonlinear,Learned + Nonlinear RX,5.4350653
LearnedNonlinear,Learned + Nonlinear RX,5.1668525
LearnedNonlinear,Learned + Nonlinear RX,5.016492
LearnedNonlinear,Learned + Nonlinear RX,4.907146
LearnedNonlinear,Learned + Nonlinear RX,5.2782865
LearnedNonlinear,Learned + Nonlinear RX,5.1755686
LearnedNonlinear,Learned + Nonlinear RX,6.034897
LearnedNonlinear,Learned + Nonlinear RX,5.663336
LearnedNonlinear,Learned + Nonlinear RX,5.507495
LearnedNonlinear,Learned + Nonlinear RX,4.6854515
LearnedNonlinear,Learned + Nonlinear RX,5.1893783
LearnedNonlinear,Learned + Nonlinear RX,5.577196
LearnedNonlinear,Learned + Nonlinear RX,6.1190915
LearnedNonlinear,Learned + Nonlinear RX,3.9839432
LearnedNonlinear,Learned + Nonlinear RX,4.2124686
LearnedNonlinear,Learned + Nonlinear RX,5.093625
LearnedNonlinear,Learned + Nonlinear RX,3.9699504
LearnedNonlinear,Learned + Nonlinear RX,5.6393166
LearnedNonlinear,Learned + Nonlinear RX,4.4937983
LearnedNonlinear,Learned + Nonlinear RX,6.2420173
LearnedNonlinear,Learned + Nonlinear RX,5.129228
LearnedNonlinear,Learned + Nonlinear RX,7.896008
LearnedNonlinear,Learned + Nonlinear RX,6.182086
LearnedNonlinear,Learned + Nonlinear RX,5.3899517
LearnedNonlinear,Learned + Nonlinear RX,4.759673
LearnedNonlinear,Learned + Nonlinear RX,4.1765056
LearnedNonlinear,Learned + Nonlinear RX,6.232235
LearnedNonlinear,Learned + Nonlinear RX,6.0120773
LearnedNonlinear,Learned + Nonlinear RX,5.309015
LearnedNonlinear,Learned + Nonlinear RX,6.107018
LearnedNonlinear,Learned + Nonlinear RX,4.6992054
LearnedNonlinear,Learned + Nonlinear RX,5.58988
LearnedNonlinear,Learned + Nonlinear RX,5.0384455
LearnedNonlinear,Learned + Nonlinear RX,4.8452992
LearnedNonlinear,Learned + Nonlinear RX,5.6253266
LearnedNonlinear,Learned + Nonlinear RX,4.3618464
LearnedNonlinear,Learned + Nonlinear RX,4.172353
LearnedNonlinear,Learned + Nonlinear RX,4.3472786
LearnedNonlinear,Learned + Nonlinear RX,4.905259
LearnedNonlinear,Learned + Nonlinear RX,5.6696796
LearnedNonlinear,Learned + Nonlinear RX,5.376665
LearnedNonlinear,Learned + Nonlinear RX,6.910737
LearnedNonlinear,Learned + Nonlinear RX,7.784341
LearnedNonlinear,Learned + Nonlinear RX,5.3446636
LearnedNonlinear,Learned + Nonlinear RX,5.2735796
LearnedNonlinear,Learned + Nonlinear RX,6.439156
LearnedNonlinear,Learned + Nonlinear RX,6.270743
LearnedNonlinear,Learned + Nonlinear RX,4.6302276
LearnedNonlinear,Learned + Nonlinear RX,5.3390403
LearnedNonlinear,Learned + Nonlinear RX,6.304209
LearnedNonlinear,Learned + Nonlinear RX,4.432205
LearnedNonlinear,Learned + Nonlinear RX,5.452612
LearnedNonlinear,Learned + Nonlinear RX,6.2328625
LearnedNonlinear,Learned + Nonlinear RX,4.803678
LearnedNonlinear,Learned + Nonlinear RX,5.549488
LearnedNonlinear,Learned + Nonlinear RX,6.148193
LearnedNonlinear,Learned + Nonlinear RX,5.2268305
LearnedNonlinear,Learned + Nonlinear RX,5.8202815
LearnedNonlinear,Learned + Nonlinear RX,5.1673512
LearnedNonlinear,Learned + Nonlinear RX,4.9325495
LearnedNonlinear,Learned + Nonlinear RX,4.730281
LearnedNonlinear,Learned + Nonlinear RX,4.9785194
LearnedNonlinear,Learned + Nonlinear RX,5.1936665
LearnedNonlinear,Learned + Nonlinear RX,4.3600793
LearnedNonlinear,Learned + Nonlinear RX,4.539977
LearnedNonlinear,Learned + Nonlinear RX,5.3928304
LearnedNonlinear,Learned + Nonlinear RX,4.7881465
LearnedNonlinear,Learned + Nonlinear RX,5.1520452
LearnedNonlinear,Learned + Nonlinear RX,5.780637
LearnedNonlinear,Learned + Nonlinear RX,5.709679
LearnedNonlinear,Learned + Nonlinear RX,5.466798
LearnedNonlinear,Learned + Nonlinear RX,5.6437306
LearnedNonlinear,Learned + Nonlinear RX,4.5052514
LearnedNonlinear,Learned + Nonlinear RX,5.6006026
LearnedNonlinear,Learned + Nonlinear RX,6.3475986
LearnedNonlinear,Learned + Nonlinear RX,4.370091
LearnedNonlinear,Learned + Nonlinear RX,5.6114855
LearnedNonlinear,Learned + Nonlinear RX,5.8249664
LearnedNonlinear,Learned + Nonlinear RX,6.5372987
LearnedNonlinear,Learned + Nonlinear RX,4.843406
LearnedNonlinear,Learned + Nonlinear RX,5.6454115
LearnedNonlinear,Learned + Nonlinear RX,4.4113765
LearnedNonlinear,Learned + Nonlinear RX,5.4507074
LearnedNonlinear,Learned + Nonlinear RX,7.2083063
LearnedNonlinear,Learned + Nonlinear RX,4.06156
LearnedNonlinear,Learned + Nonlinear RX,6.163659
LearnedNonlinear,Learned + Nonlinear RX,6.0445805
LearnedNonlinear,Learned + Nonlinear RX,5.621749
LearnedNonlinear,Learned + Nonlinear RX,4.083485
LearnedNonlinear,Learned + Nonlinear RX,5.2838473
LearnedNonlinear,Learned + Nonlinear RX,7.079382
LearnedNonlinear,Learned + Nonlinear RX,4.9966974
LearnedNonlinear,Learned + Nonlinear RX,5.034712
LearnedNonlinear,Learned + Nonlinear RX,4.293616
LearnedNonlinear,Learned + Nonlinear RX,7.425156
LearnedNonlinear,Learned + Nonlinear RX,6.447866
LearnedNonlinear,Learned + Nonlinear RX,4.135234
LearnedNonlinear,Learned + Nonlinear RX,5.620138
LearnedNonlinear,Learned + Nonlinear RX,5.082996
LearnedNonlinear,Learned + Nonlinear RX,4.631404
LearnedNonlinear,Learned + Nonlinear RX,4.135586
LearnedNonlinear,Learned + Nonlinear RX,5.69498
LearnedNonlinear,Learned + Nonlinear RX,6.501169
LearnedNonlinear,Learned + Nonlinear RX,5.3589725
LearnedNonlinear,Learned + Nonlinear RX,6.518324
LearnedNonlinear,Learned + Nonlinear RX,4.8012047
LearnedNonlinear,Learned + Nonlinear RX,5.3027606
LearnedNonlinear,Learned + Nonlinear RX,4.996194
LearnedNonlinear,Learned + Nonlinear RX,5.9163833
LearnedNonlinear,Learned + Nonlinear RX,4.45988
LearnedNonlinear,Learned + Nonlinear RX,5.358668
LearnedNonlinear,Learned + Nonlinear RX,5.452979
LearnedNonlinear,Learned + Nonlinear RX,6.840017
LearnedNonlinear,Learned + Nonlinear RX,5.4934464
LearnedNonlinear,Learned + Nonlinear RX,5.782085
LearnedNonlinear,Learned + Nonlinear RX,5.015155
LearnedNonlinear,Learned + Nonlinear RX,6.1605983
LearnedNonlinear,Learned + Nonlinear RX,6.2931156
LearnedNonlinear,Learned + Nonlinear RX,5.4914145
LearnedNonlinear,Learned + Nonlinear RX,5.6318636
LearnedNonlinear,Learned + Nonlinear RX,4.7930865
LearnedNonlinear,Learned + Nonlinear RX,5.0021887
LearnedNonlinear,Learned + Nonlinear RX,5.542678
LearnedNonlinear,Learned + Nonlinear RX,5.628156
LearnedNonlinear,Learned + Nonlinear RX,4.5144706
LearnedNonlinear,Learned + Nonlinear RX,6.618006
LearnedNonlinear,Learned + Nonlinear RX,6.6462374
LearnedNonlinear,Learned + Nonlinear RX,6.8314414
LearnedNonlinear,Learned + Nonlinear RX,4.592351
LearnedNonlinear,Learned + Nonlinear RX,3.9883366
LearnedNonlinear,Learned + Nonlinear RX,5.7044306
LearnedNonlinear,Learned + Nonlinear RX,5.8645816
LearnedNonlinear,Learned + Nonlinear RX,4.929218
LearnedNonlinear,Learned + Nonlinear RX,5.5942106
LearnedNonlinear,Learned + Nonlinear RX,4.9957247
LearnedNonlinear,Learned + Nonlinear RX,6.909089
LearnedNonlinear,Learned + Nonlinear RX,6.251617
LearnedNonlinear,Learned + Nonlinear RX,5.785961
LearnedNonlinear,Learned + Nonlinear RX,4.7308807
LearnedNonlinear,Learned + Nonlinear RX,4.4102616
LearnedNonlinear,Learned + Nonlinear RX,4.0915875
LearnedNonlinear,Learned + Nonlinear RX,5.0578585
LearnedNonlinear,Learned + Nonlinear RX,5.123595
LearnedNonlinear,Learned + Nonlinear RX,3.9262726
LearnedNonlinear,Learned + Nonlinear RX,6.0861344
LearnedNonlinear,Learned + Nonlinear RX,5.8652205
LearnedNonlinear,Learned + Nonlinear RX,5.087569
LearnedNonlinear,Learned + Nonlinear RX,4.9126167
LearnedNonlinear,Learned + Nonlinear RX,4.5080957
LearnedNonlinear,Learned + Nonlinear RX,6.2501507
LearnedNonlinear,Learned + Nonlinear RX,5.9139585
LearnedNonlinear,Learned + Nonlinear RX,5.6885777
LearnedNonlinear,Learned + Nonlinear RX,4.2565155
LearnedNonlinear,Learned + Nonlinear RX,5.9155517
LearnedNonlinear,Learned + Nonlinear RX,4.9090557
LearnedNonlinear,Learned + Nonlinear RX,7.110644
LearnedNonlinear,Learned + Nonlinear RX,5.3877263
LearnedNonlinear,Learned + Nonlinear RX,4.174865
LearnedNonlinear,Learned + Nonlinear RX,4.1831183
LearnedNonlinear,Learned + Nonlinear RX,5.09228
LearnedNonlinear,Learned + Nonlinear RX,4.1119285
LearnedNonlinear,Learned + Nonlinear RX,4.7386746
LearnedNonlinear,Learned + Nonlinear RX,5.355775
LearnedNonlinear,Learned + Nonlinear RX,5.816556
LearnedNonlinear,Learned + Nonlinear RX,3.7529473
LearnedNonlinear,Learned + Nonlinear RX,4.973355
LearnedNonlinear,Learned + Nonlinear RX,5.5991125
LearnedNonlinear,Learned + Nonlinear RX,4.131772
LearnedNonlinear,Learned + Nonlinear RX,5.5538597
LearnedNonlinear,Learned + Nonlinear RX,6.7597156
LearnedNonlinear,Learned + Nonlinear RX,6.187052
LearnedNonlinear,Learned + Nonlinear RX,5.851112
LearnedNonlinear,Learned + Nonlinear RX,6.988437
LearnedNonlinear,Learned + Nonlinear RX,4.3377585
LearnedNonlinear,Learned + Nonlinear RX,5.198586
LearnedNonlinear,Learned + Nonlinear RX,4.9282303
LearnedNonlinear,Learned + Nonlinear RX,6.2629895
LearnedNonlinear,Learned + Nonlinear RX,5.0796833
LearnedNonlinear,Learned + Nonlinear RX,4.963217
LearnedNonlinear,Learned + Nonlinear RX,6.0101786
LearnedNonlinear,Learned + Nonlinear RX,4.5089917
LearnedNonlinear,Learned + Nonlinear RX,4.8723707
LearnedNonlinear,Learned + Nonlinear RX,4.287437
LearnedNonlinear,Learned + Nonlinear RX,4.147651
LearnedNonlinear,Learned + Nonlinear RX,5.8707476
LearnedNonlinear,Learned + Nonlinear RX,5.5251217
LearnedNonlinear,Learned + Nonlinear RX,5.523131
LearnedNonlinear,Learned + Nonlinear RX,5.3247313
LearnedNonlinear,Learned + Nonlinear RX,5.4090033
LearnedNonlinear,Learned + Nonlinear RX,5.46369
LearnedNonlinear,Learned + Nonlinear RX,5.897089
LearnedNonlinear,Learned + Nonlinear RX,4.851536
LearnedNonlinear,Learned + Nonlinear RX,5.8713427
LearnedNonlinear,Learned + Nonlinear RX,4.9058805
LearnedNonlinear,Learned + Nonlinear RX,4.3187733
LearnedNonlinear,Learned + Nonlinear RX,5.9905987
LearnedNonlinear,Learned + Nonlinear RX,5.1284056
LearnedNonlinear,Learned + Nonlinear RX,5.827275
LearnedNonlinear,Learned + Nonlinear RX,6.314418
LearnedNonlinear,Learned + Nonlinear RX,5.7001114
LearnedNonlinear,Learned + Nonlinear RX,7.2144217
LearnedNonlinear,Learned + Nonlinear RX,5.4148216
LearnedNonlinear,Learned + Nonlinear RX,4.8186297
LearnedNonlinear,Learned + Nonlinear RX,5.1411467
LearnedNonlinear,Learned + Nonlinear RX,4.7985334
LearnedNonlinear,Learned + Nonlinear RX,5.47285
LearnedNonlinear,Learned + Nonlinear RX,6.093955
LearnedNonlinear,Learned + Nonlinear RX,6.600445
LearnedNonlinear,Learned + Nonlinear RX,5.6523657
LearnedNonlinear,Learned + Nonlinear RX,5.1976404
LearnedNonlinear,Learned + Nonlinear RX,5.001392
LearnedNonlinear,Learned + Nonlinear RX,6.832251
LearnedNonlinear,Learned + Nonlinear RX,6.668882
LearnedNonlinear,Learned + Nonlinear RX,4.981639
LearnedNonlinear,Learned + Nonlinear RX,4.6262045
LearnedNonlinear,Learned + Nonlinear RX,4.5104284
LearnedNonlinear,Learned + Nonlinear RX,3.9090276
LearnedNonlinear,Learned + Nonlinear RX,5.940487
LearnedNonlinear,Learned + Nonlinear RX,6.5589695
LearnedNonlinear,Learned + Nonlinear RX,3.8861442
LearnedNonlinear,Learned + Nonlinear RX,4.9265213
LearnedNonlinear,Learned + Nonlinear RX,4.4615984
LearnedNonlinear,Learned + Nonlinear RX,5.093487
LearnedNonlinear,Learned + Nonlinear RX,5.2578297
LearnedNonlinear,Learned + Nonlinear RX,5.855291
LearnedNonlinear,Learned + Nonlinear RX,4.4435234
LearnedNonlinear,Learned + Nonlinear RX,6.435037
LearnedNonlinear,Learned + Nonlinear RX,5.408247
LearnedNonlinear,Learned + Nonlinear RX,6.1930103
LearnedNonlinear,Learned + Nonlinear RX,5.1796837
LearnedNonlinear,Learned + Nonlinear RX,4.5518
LearnedNonlinear,Learned + Nonlinear RX,5.489868
LearnedNonlinear,Learned + Nonlinear RX,4.6310863
LearnedNonlinear,Learned + Nonlinear RX,5.8413987
LearnedNonlinear,Learned + Nonlinear RX,5.704739
LearnedNonlinear,Learned + Nonlinear RX,6.044317
LearnedNonlinear,Learned + Nonlinear RX,6.0571575
LearnedNonlinear,Learned + Nonlinear RX,5.509201
LearnedNonlinear,Learned + Nonlinear RX,5.220022
LearnedNonlinear,Learned + Nonlinear RX,5.282901
LearnedNonlinear,Learned + Nonlinear RX,5.887621
LearnedNonlinear,Learned + Nonlinear RX,6.0856633
LearnedNonlinear,Learned + Nonlinear RX,5.0167627
LearnedNonlinear,Learned + Nonlinear RX,4.885646
LearnedNonlinear,Learned + Nonlinear RX,5.125933
LearnedNonlinear,Learned + Nonlinear RX,5.1655245
LearnedNonlinear,Learned + Nonlinear RX,6.156207
LearnedNonlinear,Learned + Nonlinear RX,4.374068
LearnedNonlinear,Learned + Nonlinear RX,5.9805403
LearnedNonlinear,Learned + Nonlinear RX,5.5885835
LearnedNonlinear,Learned + Nonlinear RX,5.6523743
LearnedNonlinear,Learned + Nonlinear RX,6.5015073
LearnedNonlinear,Learned + Nonlinear RX,4.2971644
LearnedNonlinear,Learned + Nonlinear RX,5.147114
LearnedNonlinear,Learned + Nonlinear RX,6.940224
LearnedNonlinear,Learned + Nonlinear RX,5.1012354
LearnedNonlinear,Learned + Nonlinear RX,3.8070834
LearnedNonlinear,Learned + Nonlinear RX,4.609028
LearnedNonlinear,Learned + Nonlinear RX,3.3226454
LearnedNonlinear,Learned + Nonlinear RX,5.168827
LearnedNonlinear,Learned + Nonlinear RX,5.1379056
LearnedNonlinear,Learned + Nonlinear RX,5.362086
LearnedNonlinear,Learned + Nonlinear RX,5.5598807
LearnedNonlinear,Learned + Nonlinear RX,5.0555696
LearnedNonlinear,Learned + Nonlinear RX,5.158065
LearnedNonlinear,Learned + Nonlinear RX,4.4830437
LearnedNonlinear,Learned + Nonlinear RX,4.1077294
LearnedNonlinear,Learned + Nonlinear RX,4.6587844
LearnedNonlinear,Learned + Nonlinear RX,5.775904
LearnedNonlinear,Learned + Nonlinear RX,5.763557
LearnedNonlinear,Learned + Nonlinear RX,4.7487307
LearnedNonlinear,Learned + Nonlinear RX,5.6755567
LearnedNonlinear,Learned + Nonlinear RX,5.09028
LearnedNonlinear,Learned + Nonlinear RX,6.8371325
LearnedNonlinear,Learned + Nonlinear RX,4.9937267
LearnedNonlinear,Learned + Nonlinear RX,5.0344043
LearnedNonlinear,Learned + Nonlinear RX,5.584757
LearnedNonlinear,Learned + Nonlinear RX,5.135375
LearnedNonlinear,Learned + Nonlinear RX,4.7785716
LearnedNonlinear,Learned + Nonlinear RX,5.63993
LearnedNonlinear,Learned + Nonlinear RX,5.9880157
LearnedNonlinear,Learned + Nonlinear RX,3.485517
LearnedNonlinear,Learned + Nonlinear RX,4.779725
LearnedNonlinear,Learned + Nonlinear RX,6.5845942
LearnedNonlinear,Learned + Nonlinear RX,6.011017
LearnedNonlinear,Learned + Nonlinear RX,4.786767
LearnedNonlinear,Learned + Nonlinear RX,5.163666
LearnedNonlinear,Learned + Nonlinear RX,5.9651637
LearnedNonlinear,Learned + Nonlinear RX,3.9107485
LearnedNonlinear,Learned + Nonlinear RX,5.0982885
LearnedNonlinear,Learned + Nonlinear RX,6.273007
LearnedNonlinear,Learned + Nonlinear RX,7.8199615
LearnedNonlinear,Learned + Nonlinear RX,5.8331947
LearnedNonlinear,Learned + Nonlinear RX,4.476833
LearnedNonlinear,Learned + Nonlinear RX,5.9365187
LearnedNonlinear,Learned + Nonlinear RX,5.4396863
LearnedNonlinear,Learned + Nonlinear RX,5.0032225
LearnedNonlinear,Learned + Nonlinear RX,6.76322
LearnedNonlinear,Learned + Nonlinear RX,5.218842
LearnedNonlinear,Learned + Nonlinear RX,5.37315
LearnedNonlinear,Learned + Nonlinear RX,5.1149254
LearnedNonlinear,Learned + Nonlinear RX,4.7232122
LearnedNonlinear,Learned + Nonlinear RX,5.1982
LearnedNonlinear,Learned + Nonlinear RX,4.8654575
LearnedNonlinear,Learned + Nonlinear RX,7.045333
LearnedNonlinear,Learned + Nonlinear RX,4.5708175
LearnedNonlinear,Learned + Nonlinear RX,5.231654
LearnedNonlinear,Learned + Nonlinear RX,4.281577
LearnedNonlinear,Learned + Nonlinear RX,5.2919407
LearnedNonlinear,Learned + Nonlinear RX,6.1298428
LearnedNonlinear,Learned + Nonlinear RX,4.835283
LearnedNonlinear,Learned + Nonlinear RX,5.577386
LearnedNonlinear,Learned + Nonlinear RX,5.202482
LearnedNonlinear,Learned + Nonlinear RX,7.8673506
LearnedNonlinear,Learned + Nonlinear RX,4.0045304
LearnedNonlinear,Learned + Nonlinear RX,5.299437
LearnedNonlinear,Learned + Nonlinear RX,3.9732563
LearnedNonlinear,Learned + Nonlinear RX,6.275079
LearnedNonlinear,Learned + Nonlinear RX,5.982953
LearnedNonlinear,Learned + Nonlinear RX,4.9663067
LearnedNonlinear,Learned + Nonlinear RX,5.120844
LearnedNonlinear,Learned + Nonlinear RX,4.8752956
LearnedNonlinear,Learned + Nonlinear RX,6.6859236
LearnedNonlinear,Learned + Nonlinear RX,6.08274
LearnedNonlinear,Learned + Nonlinear RX,4.481289
LearnedNonlinear,Learned + Nonlinear RX,4.601211
LearnedNonlinear,Learned + Nonlinear RX,5.0775437
LearnedNonlinear,Learned + Nonlinear RX,5.100066
LearnedNonlinear,Learned + Nonlinear RX,4.3057637
LearnedNonlinear,Learned + Nonlinear RX,6.4488964
LearnedNonlinear,Learned + Nonlinear RX,6.156189
LearnedNonlinear,Learned + Nonlinear RX,4.753265
LearnedNonlinear,Learned + Nonlinear RX,4.5832605
LearnedNonlinear,Learned + Nonlinear RX,6.487221
LearnedNonlinear,Learned + Nonlinear RX,4.3491893
LearnedNonlinear,Learned + Nonlinear RX,6.0274053
LearnedNonlinear,Learned + Nonlinear RX,5.9555316
LearnedNonlinear,Learned + Nonlinear RX,5.73357
LearnedNonlinear,Learned + Nonlinear RX,6.0802245
LearnedNonlinear,Learned + Nonlinear RX,4.2206373
LearnedNonlinear,Learned + Nonlinear RX,3.9207675
LearnedNonlinear,Learned + Nonlinear RX,6.9285936
LearnedNonlinear,Learned + Nonlinear RX,5.3225636
LearnedNonlinear,Learned + Nonlinear RX,4.70802
LearnedNonlinear,Learned + Nonlinear RX,3.798452
LearnedNonlinear,Learned + Nonlinear RX,6.591013
LearnedNonlinear,Learned + Nonlinear RX,4.2378087
LearnedNonlinear,Learned + Nonlinear RX,5.439192
LearnedNonlinear,Learned + Nonlinear RX,4.4565544
LearnedNonlinear,Learned + Nonlinear RX,6.362963
LearnedNonlinear,Learned + Nonlinear RX,4.3645387
LearnedNonlinear,Learned + Nonlinear RX,4.835441
LearnedNonlinear,Learned + Nonlinear RX,4.5038376
LearnedNonlinear,Learned + Nonlinear RX,4.5874577
LearnedNonlinear,Learned + Nonlinear RX,6.0653296
LearnedNonlinear,Learned + Nonlinear RX,5.6820173
LearnedNonlinear,Learned + Nonlinear RX,5.069199
LearnedNonlinear,Learned + Nonlinear RX,5.1383495
LearnedNonlinear,Learned + Nonlinear RX,5.06557
LearnedNonlinear,Learned + Nonlinear RX,4.660197
LearnedNonlinear,Learned + Nonlinear RX,5.4382157
