method,method_label,eps,ref_real,ref_imag,est_real,est_imag
OFDM,Classical OFDM,0.0,0.94868326,-0.94868326,0.9828031,-0.92484975
OFDM,Classical OFDM,0.0,0.94868326,0.94868326,0.80996346,0.9458018
OFDM,Classical OFDM,0.0,0.31622776,-0.31622776,0.14021342,-0.39129978
OFDM,Classical OFDM,0.0,0.94868326,0.94868326,0.78140306,0.8333844
OFDM,Classical OFDM,0.0,0.94868326,-0.31622776,0.81926656,-0.3484204
OFDM,Classical OFDM,0.0,0.94868326,0.31622776,1.0951607,0.30559745
OFDM,Classical OFDM,0.0,-0.31622776,0.94868326,-0.14406237,0.97113645
OFDM,Classical OFDM,0.0,-0.31622776,0.94868326,-0.28461814,1.0480902
OFDM,Classical OFDM,0.0,-0.94868326,0.31622776,-1.031265,0.29500738
OFDM,Classical OFDM,0.0,0.31622776,0.31622776,0.37585476,0.3288597
OFDM,Classical OFDM,0.0,-0.31622776,0.94868326,-0.24651384,0.93820626
OFDM,Classical OFDM,0.0,0.94868326,0.94868326,0.897301,0.96394193
OFDM,Classical OFDM,0.0,-0.31622776,-0.31622776,-0.3200075,-0.28756273
OFDM,Classical OFDM,0.0,0.31622776,0.94868326,0.2718629,1.0625482
OFDM,Classical OFDM,0.0,-0.94868326,-0.94868326,-0.8354739,-1.1613184
OFDM,Classical OFDM,0.0,-0.31622776,0.31622776,-0.40311462,0.22071336
OFDM,Classical OFDM,0.0,0.94868326,-0.31622776,0.9507377,-0.21275952
OFDM,Classical OFDM,0.0,0.94868326,0.94868326,0.76378626,1.1835966
OFDM,Classical OFDM,0.0,0.94868326,-0.94868326,1.0610092,-0.84474313
OFDM,Classical OFDM,0.0,0.31622776,-0.31622776,0.47092918,-0.24974003
OFDM,Classical OFDM,0.0,-0.31622776,-0.94868326,-0.2573982,-1.0530524
OFDM,Classical OFDM,0.0,0.94868326,0.31622776,0.9847582,0.20105885
OFDM,Classical OFDM,0.0,-0.31622776,-0.31622776,-0.22903174,-0.24787866
OFDM,Classical OFDM,0.0,0.31622776,-0.94868326,0.25623894,-0.8130419
OFDM,Classical OFDM,0.0,0.94868326,-0.31622776,0.8750651,-0.3229103
OFDM,Classical OFDM,0.0,-0.94868326,0.94868326,-0.9499014,1.0231564
OFDM,Classical OFDM,0.0,0.94868326,0.94868326,0.9058979,1.0080302
OFDM,Classical OFDM,0.0,-0.94868326,-0.31622776,-0.8897836,-0.39595982
OFDM,Classical OFDM,0.0,-0.94868326,-0.94868326,-0.8714917,-0.9852231
OFDM,Classical OFDM,0.0,-0.94868326,-0.31622776,-0.96567714,-0.35049686
OFDM,Classical OFDM,0.0,0.31622776,0.94868326,0.44739887,1.0272838
OFDM,Classical OFDM,0.0,0.31622776,-0.94868326,0.28330937,-0.86314553
OFDM,Classical OFDM,0.0,0.94868326,-0.94868326,1.0735283,-0.8572538
OFDM,Classical OFDM,0.0,0.31622776,0.31622776,0.540506,0.37369978
OFDM,Classical OFDM,0.0,-0.31622776,0.94868326,-0.31614727,0.9454659
OFDM,Classical OFDM,0.0,0.31622776,-0.31622776,0.39246726,-0.15231636
OFDM,Classical OFDM,0.0,0.94868326,0.94868326,1.1427759,0.990511
OFDM,Classical OFDM,0.0,0.31622776,-0.94868326,0.37139413,-1.0402007
OFDM,Classical OFDM,0.0,0.94868326,-0.94868326,0.90865487,-1.1098721
OFDM,Classical OFDM,0.0,0.31622776,0.31622776,0.33385235,0.0435012
OFDM,Classical OFDM,0.0,0.31622776,-0.31622776,0.30636945,-0.2721935
OFDM,Classical OFDM,0.0,-0.31622776,0.94868326,-0.29927015,0.9821812
OFDM,Classical OFDM,0.0,0.94868326,-0.31622776,0.95100325,-0.37520036
OFDM,Classical OFDM,0.0,-0.31622776,0.94868326,-0.21184802,0.98063564
OFDM,Classical OFDM,0.0,-0.31622776,-0.94868326,-0.30354324,-0.9945514
OFDM,Classical OFDM,0.0,-0.31622776,0.94868326,-0.18752818,0.9093574
OFDM,Classical OFDM,0.0,0.31622776,-0.31622776,0.3232415,-0.34922308
OFDM,Classical OFDM,0.0,0.31622776,0.31622776,0.4193899,0.17983308
OFDM,Classical OFDM,0.0,-0.31622776,-0.94868326,-0.29123044,-0.9455482
OFDM,Classical OFDM,0.0,0.94868326,-0.94868326,1.0441816,-0.8838351
OFDM,Classical OFDM,0.0,0.31622776,-0.94868326,0.42248327,-0.8536269
OFDM,Classical OFDM,0.0,-0.94868326,0.94868326,-1.0224323,0.9002403
OFDM,Classical OFDM,0.0,-0.31622776,0.31622776,-0.24607778,0.28114986
OFDM,Classical OFDM,0.0,-0.31622776,0.31622776,-0.28059268,0.4135216
OFDM,Classical OFDM,0.0,-0.94868326,-0.31622776,-0.9814842,-0.46724677
OFDM,Classical OFDM,0.0,-0.31622776,-0.94868326,-0.4070814,-0.894706
OFDM,Classical OFDM,0.0,-0.31622776,0.94868326,-0.3293431,1.032623
OFDM,Classical OFDM,0.0,-0.31622776,-0.94868326,-0.31710422,-0.86625016
OFDM,Classical OFDM,0.0,0.94868326,0.94868326,1.0898962,0.9691188
OFDM,Classical OFDM,0.0,0.94868326,-0.31622776,1.1077735,-0.23172237
OFDM,Classical OFDM,0.0,0.31622776,-0.94868326,0.37838623,-0.9789452
OFDM,Classical OFDM,0.0,0.94868326,0.94868326,0.8907912,1.0800835
OFDM,Classical OFDM,0.0,0.94868326,-0.31622776,0.94949615,-0.30991557
OFDM,Classical OFDM,0.0,-0.94868326,0.31622776,-0.8370124,0.28528592
OFDM,Classical OFDM,0.0,-0.94868326,0.31622776,-0.9842421,0.35908505
OFDM,Classical OFDM,0.0,0.31622776,0.31622776,0.40226805,0.073842525
OFDM,Classical OFDM,0.0,0.31622776,-0.94868326,0.26763517,-0.8725857
OFDM,Classical OFDM,0.0,0.31622776,-0.94868326,0.39192742,-0.93840176
OFDM,Classical OFDM,0.0,0.31622776,-0.94868326,0.36991674,-0.9616183
OFDM,Classical OFDM,0.0,0.94868326,-0.94868326,0.94685155,-0.8075921
OFDM,Classical OFDM,0.0,-0.94868326,0.31622776,-0.85591114,0.3614651
OFDM,Classical OFDM,0.0,0.31622776,-0.31622776,0.37241185,-0.2890251
OFDM,Classical OFDM,0.0,-0.31622776,-0.94868326,-0.31284067,-0.8656036
OFDM,Classical OFDM,0.0,0.94868326,0.94868326,1.0772684,0.90008634
OFDM,Classical OFDM,0.0,0.94868326,-0.94868326,0.8287528,-1.063082
OFDM,Classical OFDM,0.0,0.94868326,0.31622776,0.9411227,0.24698794
OFDM,Classical OFDM,0.0,0.94868326,-0.31622776,1.0648601,-0.19036126
OFDM,Classical OFDM,0.0,0.31622776,0.31622776,0.54308367,0.32386526
OFDM,Classical OFDM,0.0,-0.94868326,-0.94868326,-1.0114028,-0.82097507
OFDM,Classical OFDM,0.0,-0.31622776,0.31622776,-0.40976572,0.30852103
OFDM,Classical OFDM,0.0,0.94868326,0.94868326,1.0801396,0.92080766
OFDM,Classical OFDM,0.0,0.94868326,0.94868326,1.1391902,0.97419685
OFDM,Classical OFDM,0.0,0.94868326,0.31622776,1.0138973,0.33374006
OFDM,Classical OFDM,0.0,0.94868326,0.94868326,0.91379976,0.9570101
OFDM,Classical OFDM,0.0,-0.94868326,0.31622776,-0.87754124,0.33811772
OFDM,Classical OFDM,0.0,0.94868326,0.31622776,0.8990817,0.3904419
OFDM,Classical OFDM,0.0,-0.94868326,0.31622776,-0.8365027,0.27968293
OFDM,Classical OFDM,0.0,-0.94868326,-0.31622776,-0.9451136,-0.34309366
OFDM,Classical OFDM,0.0,-0.31622776,0.94868326,-0.42012072,1.0957854
OFDM,Classical OFDM,0.0,-0.31622776,-0.31622776,-0.33759084,-0.4383431
OFDM,Classical OFDM,0.0,-0.31622776,-0.94868326,-0.41437882,-0.8890037
OFDM,Classical OFDM,0.0,0.94868326,-0.31622776,0.96056527,-0.35602492
OFDM,Classical OFDM,0.0,0.31622776,-0.31622776,0.25083846,-0.39995623
OFDM,Classical OFDM,0.0,-0.31622776,-0.94868326,-0.40529877,-0.93404824
OFDM,Classical OFDM,0.0,-0.94868326,0.94868326,-0.98308164,0.8658875
OFDM,Classical OFDM,0.0,0.94868326,-0.94868326,0.79419005,-1.0352693
OFDM,Classical OFDM,0.0,-0.31622776,0.94868326,-0.44448146,1.0354089
OFDM,Classical OFDM,0.0,-0.94868326,-0.94868326,-1.1476517,-1.1245198
OFDM,Classical OFDM,0.0,0.94868326,0.94868326,1.0538807,0.8906029
OFDM,Classical OFDM,0.0,0.31622776,0.94868326,0.28147966,0.8185053
OFDM,Classical OFDM,0.0,-0.31622776,-0.94868326,-0.30674338,-0.92350054
OFDM,Classical OFDM,0.0,0.94868326,-0.94868326,0.8324539,-0.75343007
OFDM,Classical OFDM,0.0,-0.31622776,0.31622776,-0.37830883,0.3824592
OFDM,Classical OFDM,0.0,0.31622776,0.31622776,0.2704473,0.4277985
OFDM,Classical OFDM,0.0,0.94868326,-0.31622776,0.93664825,-0.16341648
OFDM,Classical OFDM,0.0,0.31622776,0.31622776,0.2565947,0.3291378
OFDM,Classical OFDM,0.0,-0.94868326,0.31622776,-0.82622766,0.2363196
OFDM,Classical OFDM,0.0,-0.94868326,-0.94868326,-0.8896386,-0.9548549
OFDM,Classical OFDM,0.0,-0.94868326,-0.94868326,-0.9023044,-0.9991547
OFDM,Classical OFDM,0.0,-0.31622776,0.94868326,-0.21146291,0.81585664
OFDM,Classical OFDM,0.0,-0.94868326,-0.31622776,-0.85540646,-0.19105059
OFDM,Classical OFDM,0.0,-0.31622776,0.94868326,-0.2988075,0.85606736
OFDM,Classical OFDM,0.0,-0.94868326,-0.94868326,-1.1100187,-0.92537975
OFDM,Classical OFDM,0.0,-0.94868326,-0.31622776,-0.8691366,-0.45393917
OFDM,Classical OFDM,0.0,0.94868326,-0.94868326,0.90137553,-1.0310019
OFDM,Classical OFDM,0.0,0.31622776,0.31622776,0.38284725,0.24575762
OFDM,Classical OFDM,0.0,0.31622776,0.31622776,0.36438215,0.33394617
OFDM,Classical OFDM,0.0,-0.94868326,-0.94868326,-0.97328925,-0.99867254
OFDM,Classical OFDM,0.0,-0.94868326,0.94868326,-0.9269084,0.896629
OFDM,Classical OFDM,0.0,-0.94868326,0.94868326,-1.0497965,0.977065
OFDM,Classical OFDM,0.0,0.31622776,0.94868326,0.45059365,0.9601803
OFDM,Classical OFDM,0.0,0.94868326,-0.94868326,0.88764817,-1.0564034
OFDM,Classical OFDM,0.0,0.94868326,0.94868326,0.7304961,0.9379695
OFDM,Classical OFDM,0.0,-0.31622776,-0.94868326,-0.3014265,-0.8964709
OFDM,Classical OFDM,0.0,0.31622776,0.94868326,0.15681815,0.88686585
OFDM,Classical OFDM,0.0,-0.31622776,0.31622776,-0.22348267,0.10652575
OFDM,Classical OFDM,0.0,0.31622776,-0.94868326,0.31168163,-0.978214
OFDM,Classical OFDM,0.0,-0.94868326,0.31622776,-0.9806088,0.40919483
OFDM,Classical OFDM,0.0,-0.31622776,-0.31622776,-0.26961732,-0.30253363
OFDM,Classical OFDM,0.0,-0.31622776,-0.31622776,-0.18452087,-0.31864706
OFDM,Classical OFDM,0.0,0.94868326,0.31622776,0.989799,0.29453567
OFDM,Classical OFDM,0.0,0.31622776,0.31622776,0.2461834,0.31121022
OFDM,Classical OFDM,0.0,-0.94868326,0.31622776,-0.9697692,0.2354536
OFDM,Classical OFDM,0.0,0.31622776,0.31622776,0.29213914,0.27215844
OFDM,Classical OFDM,0.0,-0.94868326,-0.94868326,-0.92420167,-0.8563906
OFDM,Classical OFDM,0.0,-0.31622776,0.94868326,-0.22618693,0.8585119
OFDM,Classical OFDM,0.0,-0.94868326,0.94868326,-0.9899446,1.1306593
OFDM,Classical OFDM,0.0,-0.94868326,-0.31622776,-1.082009,-0.25089863
OFDM,Classical OFDM,0.0,0.94868326,-0.94868326,0.91593146,-0.9550615
OFDM,Classical OFDM,0.0,0.31622776,-0.31622776,0.26027268,-0.27247176
OFDM,Classical OFDM,0.0,-0.31622776,-0.31622776,-0.16458774,-0.28903145
OFDM,Classical OFDM,0.0,0.31622776,-0.94868326,0.31729192,-0.7998201
OFDM,Classical OFDM,0.0,0.94868326,-0.31622776,0.9551577,-0.40832034
OFDM,Classical OFDM,0.0,-0.94868326,-0.94868326,-0.89344764,-1.0331755
OFDM,Classical OFDM,0.0,-0.31622776,0.94868326,-0.38375652,0.9932147
OFDM,Classical OFDM,0.0,0.94868326,-0.94868326,1.0822803,-1.0164807
OFDM,Classical OFDM,0.0,-0.94868326,0.94868326,-0.8612442,0.8882764
OFDM,Classical OFDM,0.0,0.31622776,0.94868326,0.29330963,0.8360805
OFDM,Classical OFDM,0.0,0.94868326,0.31622776,0.9725812,0.34049544
OFDM,Classical OFDM,0.0,0.31622776,0.31622776,0.34440628,0.35251036
OFDM,Classical OFDM,0.0,0.94868326,0.94868326,0.87441623,0.98998964
OFDM,Classical OFDM,0.0,0.94868326,-0.31622776,0.80153805,-0.21979389
OFDM,Classical OFDM,0.0,0.31622776,0.31622776,0.3278974,0.4687618
OFDM,Classical OFDM,0.0,0.94868326,-0.94868326,0.95162714,-0.89908224
OFDM,Classical OFDM,0.0,0.31622776,0.31622776,0.3322885,0.27411014
OFDM,Classical OFDM,0.0,-0.31622776,0.94868326,-0.40050358,0.9705639
OFDM,Classical OFDM,0.0,-0.94868326,0.94868326,-1.0040634,1.1851907
OFDM,Classical OFDM,0.0,0.31622776,-0.94868326,0.3478455,-0.9723091
OFDM,Classical OFDM,0.0,-0.94868326,-0.94868326,-0.827981,-0.882387
OFDM,Classical OFDM,0.0,-0.31622776,0.94868326,-0.26566094,0.85634494
OFDM,Classical OFDM,0.0,0.31622776,0.94868326,0.2285198,0.9535698
OFDM,Classical OFDM,0.0,-0.31622776,-0.94868326,-0.39781013,-1.0109322
OFDM,Classical OFDM,0.0,-0.31622776,-0.31622776,-0.4216908,-0.320855
OFDM,Classical OFDM,0.0,0.31622776,0.94868326,0.4300265,0.9076109
OFDM,Classical OFDM,0.0,-0.94868326,0.94868326,-0.83230335,0.801171
OFDM,Classical OFDM,0.0,0.31622776,0.94868326,0.30294323,0.9855804
OFDM,Classical OFDM,0.0,-0.31622776,0.31622776,-0.31600404,0.3750345
OFDM,Classical OFDM,0.0,-0.94868326,-0.94868326,-0.87585354,-0.9161404
OFDM,Classical OFDM,0.0,0.94868326,0.94868326,0.81781393,1.0456915
OFDM,Classical OFDM,0.0,-0.94868326,-0.31622776,-0.93773866,-0.33647776
OFDM,Classical OFDM,0.0,-0.94868326,0.94868326,-1.0882076,0.82095546
OFDM,Classical OFDM,0.0,0.31622776,0.94868326,0.28487188,0.9201579
OFDM,Classical OFDM,0.0,-0.31622776,-0.31622776,-0.3367063,-0.32618436
OFDM,Classical OFDM,0.0,0.94868326,0.94868326,1.005552,0.9224482
OFDM,Classical OFDM,0.0,0.94868326,0.94868326,0.8928963,0.8147531
OFDM,Classical OFDM,0.0,-0.94868326,0.94868326,-0.8039565,0.8914334
OFDM,Classical OFDM,0.0,0.94868326,-0.31622776,1.0769995,-0.4221839
OFDM,Classical OFDM,0.0,0.31622776,-0.94868326,0.46831754,-0.83997846
OFDM,Classical OFDM,0.0,-0.31622776,0.94868326,-0.253126,0.8983224
OFDM,Classical OFDM,0.0,-0.31622776,-0.94868326,-0.21496245,-0.8915138
OFDM,Classical OFDM,0.0,-0.94868326,-0.31622776,-0.86742884,-0.35141504
OFDM,Classical OFDM,0.0,-0.31622776,0.31622776,-0.10883981,0.19241795
OFDM,Classical OFDM,0.0,-0.94868326,0.31622776,-0.8557216,0.31771305
OFDM,Classical OFDM,0.0,-0.31622776,0.31622776,-0.32397363,0.3762641
OFDM,Classical OFDM,0.0,-0.31622776,0.94868326,-0.19099677,1.005368
OFDM,Classical OFDM,0.0,-0.94868326,-0.94868326,-1.0687394,-1.0249149
OFDM,Classical OFDM,0.0,0.31622776,-0.94868326,0.42940646,-1.1440241
OFDM,Classical OFDM,0.0,0.31622776,0.94868326,0.23410797,1.0068405
OFDM,Classical OFDM,0.0,-0.94868326,-0.31622776,-1.0357896,-0.31775078
OFDM,Classical OFDM,0.0,-0.94868326,0.31622776,-0.94034076,0.15024848
OFDM,Classical OFDM,0.0,0.94868326,0.31622776,0.9335769,0.2964931
OFDM,Classical OFDM,0.0,-0.94868326,0.94868326,-0.9583469,0.9660182
OFDM,Classical OFDM,0.0,0.31622776,-0.94868326,0.30500755,-0.9505162
OFDM,Classical OFDM,0.0,0.94868326,0.31622776,0.92083085,0.41970176
OFDM,Classical OFDM,0.0,-0.31622776,-0.94868326,-0.30024984,-0.9561068
OFDM,Classical OFDM,0.0,0.94868326,0.31622776,1.0009198,0.40388173
OFDM,Classical OFDM,0.0,-0.94868326,0.31622776,-1.0100728,0.25233558
OFDM,Classical OFDM,0.0,-0.94868326,0.94868326,-0.9117067,0.9865052
OFDM,Classical OFDM,0.0,0.31622776,-0.94868326,0.27628127,-0.8707616
OFDM,Classical OFDM,0.0,0.31622776,0.31622776,0.1770134,0.24399519
OFDM,Classical OFDM,0.0,-0.94868326,-0.94868326,-1.1733685,-0.9249871
OFDM,Classical OFDM,0.0,0.31622776,0.31622776,0.39750856,0.44121328
OFDM,Classical OFDM,0.0,0.31622776,-0.94868326,0.2985959,-0.9724697
OFDM,Classical OFDM,0.0,-0.94868326,0.31622776,-0.789028,0.30576497
OFDM,Classical OFDM,0.0,-0.31622776,-0.31622776,-0.30685243,-0.4958389
OFDM,Classical OFDM,0.0,0.31622776,-0.94868326,0.31307924,-1.0038221
OFDM,Classical OFDM,0.0,0.31622776,-0.94868326,0.41488025,-0.996573
OFDM,Classical OFDM,0.0,-0.94868326,0.31622776,-1.0100504,0.42466718
OFDM,Classical OFDM,0.0,-0.31622776,-0.31622776,-0.371934,-0.27754116
OFDM,Classical OFDM,0.0,-0.31622776,0.31622776,-0.3843986,0.34892318
OFDM,Classical OFDM,0.0,-0.31622776,-0.94868326,-0.39494443,-1.0032393
OFDM,Classical OFDM,0.0,0.31622776,0.31622776,0.33047748,0.3300095
OFDM,Classical OFDM,0.0,-0.94868326,-0.31622776,-0.7955093,-0.24026147
OFDM,Classical OFDM,0.0,-0.31622776,-0.31622776,-0.3502959,-0.21468598
OFDM,Classical OFDM,0.0,0.31622776,0.31622776,0.40084854,0.35876754
OFDM,Classical OFDM,0.0,0.31622776,-0.31622776,0.18242794,-0.24284643
OFDM,Classical OFDM,0.0,-0.94868326,0.94868326,-1.0104878,0.93858874
OFDM,Classical OFDM,0.0,-0.31622776,-0.94868326,-0.31772342,-0.97652316
OFDM,Classical OFDM,0.0,-0.94868326,-0.31622776,-0.7992616,-0.26529288
OFDM,Classical OFDM,0.0,0.94868326,-0.31622776,1.0823953,-0.28260785
OFDM,Classical OFDM,0.0,0.94868326,-0.31622776,0.9669017,-0.25913158
OFDM,Classical OFDM,0.0,0.31622776,0.31622776,0.39370012,0.33733162
OFDM,Classical OFDM,0.0,0.31622776,0.31622776,0.36051005,0.47794622
OFDM,Classical OFDM,0.0,0.31622776,-0.94868326,0.40845975,-0.89560246
OFDM,Classical OFDM,0.0,0.94868326,0.94868326,0.8345029,0.95360386
OFDM,Classical OFDM,0.0,-0.31622776,-0.94868326,-0.350137,-0.9930164
OFDM,Classical OFDM,0.0,0.31622776,0.31622776,0.23261976,0.33202365
OFDM,Classical OFDM,0.0,0.94868326,0.94868326,0.94357324,0.9081817
OFDM,Classical OFDM,0.0,0.31622776,0.94868326,0.20241112,0.9954417
OFDM,Classical OFDM,0.0,-0.31622776,0.31622776,-0.29935202,0.20915255
OFDM,Classical OFDM,0.0,0.94868326,0.31622776,0.882188,0.26864794
OFDM,Classical OFDM,0.0,0.31622776,-0.31622776,0.26625526,-0.330744
OFDM,Classical OFDM,0.0,-0.94868326,0.31622776,-0.90400517,0.42621514
OFDM,Classical OFDM,0.0,0.94868326,0.94868326,0.95432514,0.90317446
OFDM,Classical OFDM,0.0,-0.94868326,0.31622776,-0.8997404,0.4293801
OFDM,Classical OFDM,0.0,0.31622776,-0.31622776,0.3262424,-0.3796392
OFDM,Classical OFDM,0.0,-0.31622776,0.94868326,-0.38685796,0.84384876
OFDM,Classical OFDM,0.0,-0.31622776,0.31622776,-0.42707634,0.2381849
OFDM,Classical OFDM,0.0,-0.31622776,0.94868326,-0.33147147,0.9704025
OFDM,Classical OFDM,0.0,-0.31622776,-0.31622776,-0.5108762,-0.39826772
OFDM,Classical OFDM,0.0,0.94868326,0.31622776,0.9941093,0.33430836
OFDM,Classical OFDM,0.0,-0.31622776,0.31622776,-0.21857065,0.25831148
OFDM,Classical OFDM,0.0,0.31622776,0.31622776,0.34961575,0.34198412
OFDM,Classical OFDM,0.0,0.94868326,0.31622776,0.9188542,0.4439996
OFDM,Classical OFDM,0.0,0.31622776,-0.94868326,0.32506192,-0.94081366
OFDM,Classical OFDM,0.0,-0.94868326,0.31622776,-0.94719076,0.266922
OFDM,Classical OFDM,0.0,0.31622776,-0.31622776,0.44935426,-0.6045548
OFDM,Classical OFDM,0.0,-0.94868326,0.94868326,-0.8537942,0.9624739
OFDM,Classical OFDM,0.0,0.94868326,-0.31622776,0.85138327,-0.28811228
OFDM,Classical OFDM,0.0,-0.31622776,0.94868326,-0.22352922,1.0670073
OFDM,Classical OFDM,0.0,-0.31622776,-0.31622776,-0.253993,-0.30321497
OFDM,Classical OFDM,0.0,-0.31622776,0.94868326,-0.3361309,1.0246584
OFDM,Classical OFDM,0.0,-0.94868326,0.94868326,-0.83626854,0.7881549
OFDM,Classical OFDM,0.0,-0.31622776,0.31622776,-0.4394251,0.26620644
OFDM,Classical OFDM,0.0,-0.31622776,0.31622776,-0.49333724,0.3394788
OFDM,Classical OFDM,0.0,0.31622776,0.94868326,0.21003467,0.80983084
OFDM,Classical OFDM,0.0,-0.31622776,-0.94868326,-0.3295101,-0.8633672
OFDM,Classical OFDM,0.0,0.94868326,0.31622776,0.85486203,0.29694986
OFDM,Classical OFDM,0.0,-0.94868326,-0.31622776,-0.8395351,-0.38171723
OFDM,Classical OFDM,0.0,0.94868326,-0.31622776,0.9203574,-0.2289932
OFDM,Classical OFDM,0.0,0.94868326,0.94868326,1.0641108,0.86527056
OFDM,Classical OFDM,0.0,-0.94868326,-0.31622776,-0.90442705,-0.37432456
OFDM,Classical OFDM,0.0,0.94868326,0.31622776,0.89933145,0.35634074
OFDM,Classical OFDM,0.0,-0.94868326,-0.94868326,-1.0680397,-0.89455783
OFDM,Classical OFDM,0.0,0.31622776,-0.94868326,0.3163167,-0.9149811
OFDM,Classical OFDM,0.0,0.94868326,0.94868326,1.1424308,0.970182
OFDM,Classical OFDM,0.0,0.94868326,-0.31622776,1.0534284,-0.2797722
OFDM,Classical OFDM,0.0,-0.31622776,0.31622776,-0.24269566,0.24478185
OFDM,Classical OFDM,0.0,-0.94868326,-0.31622776,-0.8493347,-0.35413894
OFDM,Classical OFDM,0.0,-0.94868326,0.31622776,-0.86478585,0.36010787
OFDM,Classical OFDM,0.0,-0.31622776,0.94868326,-0.3132087,1.0866231
OFDM,Classical OFDM,0.0,-0.94868326,-0.31622776,-0.92530614,-0.3087991
OFDM,Classical OFDM,0.0,0.31622776,-0.31622776,0.4666197,-0.26203597
OFDM,Classical OFDM,0.0,0.31622776,-0.31622776,0.39713743,-0.33252415
OFDM,Classical OFDM,0.0,-0.31622776,0.31622776,-0.2804664,0.23227867
OFDM,Classical OFDM,0.0,0.94868326,-0.94868326,0.8475284,-1.0437269
OFDM,Classical OFDM,0.0,0.94868326,-0.94868326,0.85614157,-0.9018838
OFDM,Classical OFDM,0.0,0.94868326,-0.31622776,1.00709,-0.33372146
OFDM,Classical OFDM,0.0,-0.94868326,0.94868326,-1.066817,1.04309
OFDM,Classical OFDM,0.0,0.94868326,-0.31622776,0.9729506,-0.36977327
OFDM,Classical OFDM,0.0,0.94868326,-0.31622776,0.8280027,-0.23988983
OFDM,Classical OFDM,0.0,0.94868326,0.94868326,0.80474037,0.8765983
OFDM,Classical OFDM,0.0,0.31622776,0.31622776,0.35861605,0.4769777
OFDM,Classical OFDM,0.0,-0.31622776,0.31622776,-0.41279137,0.14767462
OFDM,Classical OFDM,0.0,-0.31622776,-0.94868326,-0.30418962,-1.0124881
OFDM,Classical OFDM,0.0,0.31622776,0.31622776,0.43226665,0.27069402
OFDM,Classical OFDM,0.0,0.94868326,0.31622776,0.96640986,0.2812413
OFDM,Classical OFDM,0.0,-0.94868326,-0.31622776,-1.0073047,-0.3431979
OFDM,Classical OFDM,0.0,-0.94868326,-0.94868326,-1.0165735,-1.0493324
OFDM,Classical OFDM,0.0,-0.31622776,0.31622776,-0.26962775,0.2984818
OFDM,Classical OFDM,0.0,0.31622776,-0.94868326,0.36714765,-0.84882414
OFDM,Classical OFDM,0.0,-0.94868326,-0.31622776,-0.95884526,-0.34419328
OFDM,Classical OFDM,0.0,0.31622776,-0.94868326,0.39667934,-1.061662
OFDM,Classical OFDM,0.0,-0.31622776,-0.31622776,-0.29063994,-0.23983078
OFDM,Classical OFDM,0.0,-0.94868326,0.31622776,-0.94801676,0.41772518
OFDM,Classical OFDM,0.0,-0.94868326,0.31622776,-0.8857899,0.27359718
OFDM,Classical OFDM,0.0,0.94868326,0.31622776,1.0265086,0.2641537
OFDM,Classical OFDM,0.0,-0.31622776,0.94868326,-0.34129983,0.92931044
OFDM,Classical OFDM,0.0,-0.31622776,-0.94868326,-0.29048532,-0.94989973
OFDM,Classical OFDM,0.0,-0.94868326,-0.31622776,-0.85129577,-0.36019963
OFDM,Classical OFDM,0.0,0.94868326,-0.94868326,1.0906376,-1.0605646
OFDM,Classical OFDM,0.0,0.31622776,-0.94868326,0.20527977,-0.8779472
OFDM,Classical OFDM,0.0,-0.94868326,-0.31622776,-0.8357673,-0.31503728
OFDM,Classical OFDM,0.0,-0.94868326,0.94868326,-0.94790256,0.96289325
OFDM,Classical OFDM,0.0,0.94868326,0.31622776,0.994238,0.23331219
OFDM,Classical OFDM,0.0,-0.31622776,-0.94868326,-0.3067838,-1.1217433
OFDM,Classical OFDM,0.0,-0.31622776,-0.31622776,-0.3998105,-0.35388878
OFDM,Classical OFDM,0.0,0.31622776,-0.94868326,0.37244907,-0.90843296
OFDM,Classical OFDM,0.0,0.94868326,-0.94868326,0.62673837,-1.0028383
OFDM,Classical OFDM,0.0,-0.94868326,0.94868326,-0.92147195,0.9988201
OFDM,Classical OFDM,0.0,0.31622776,-0.31622776,0.33659714,-0.44251359
OFDM,Classical OFDM,0.0,-0.31622776,-0.94868326,-0.47225896,-0.9282316
OFDM,Classical OFDM,0.0,-0.31622776,-0.94868326,-0.25079918,-0.90966773
OFDM,Classical OFDM,0.0,-0.94868326,-0.94868326,-0.97265124,-1.0081791
OFDM,Classical OFDM,0.0,0.31622776,-0.31622776,0.29624602,-0.3354525
OFDM,Classical OFDM,0.0,-0.31622776,0.31622776,-0.40040544,0.2370892
OFDM,Classical OFDM,0.0,-0.31622776,-0.31622776,-0.31749898,-0.3862565
OFDM,Classical OFDM,0.0,0.94868326,0.94868326,0.9579277,1.0347646
OFDM,Classical OFDM,0.0,-0.31622776,0.94868326,-0.34295154,1.0047067
OFDM,Classical OFDM,0.0,-0.31622776,0.31622776,-0.27052346,0.38964954
OFDM,Classical OFDM,0.0,-0.94868326,0.94868326,-0.967011,0.98118246
OFDM,Classical OFDM,0.0,0.31622776,-0.94868326,0.34501964,-0.98888004
OFDM,Classical OFDM,0.0,-0.94868326,0.94868326,-0.9397203,0.8384666
OFDM,Classical OFDM,0.0,-0.31622776,-0.31622776,-0.18803477,-0.42173502
OFDM,Classical OFDM,0.0,-0.94868326,-0.31622776,-0.7311548,-0.28561348
OFDM,Classical OFDM,0.0,0.31622776,-0.94868326,0.33378097,-0.8784484
OFDM,Classical OFDM,0.0,-0.31622776,0.31622776,-0.36001423,0.2799334
OFDM,Classical OFDM,0.0,0.94868326,-0.94868326,1.0564388,-0.8736654
OFDM,Classical OFDM,0.0,-0.31622776,0.31622776,-0.21622387,0.31746513
OFDM,Classical OFDM,0.0,0.31622776,0.94868326,0.30878815,1.0081366
OFDM,Classical OFDM,0.0,0.31622776,0.31622776,0.41696322,0.36122257
OFDM,Classical OFDM,0.0,-0.94868326,0.31622776,-0.8550563,0.19334735
OFDM,Classical OFDM,0.0,-0.31622776,-0.94868326,-0.14970332,-1.3344704
OFDM,Classical OFDM,0.0,-0.31622776,0.94868326,-0.38892975,1.0730382
OFDM,Classical OFDM,0.0,-0.31622776,0.31622776,-0.28873476,0.20028031
OFDM,Classical OFDM,0.0,-0.31622776,0.94868326,-0.29037198,0.91871417
OFDM,Classical OFDM,0.0,0.94868326,-0.31622776,1.0506967,-0.38226178
OFDM,Classical OFDM,0.0,0.94868326,-0.31622776,0.9841163,-0.33829167
OFDM,Classical OFDM,0.0,-0.94868326,-0.94868326,-0.9084496,-0.9879741
OFDM,Classical OFDM,0.0,-0.31622776,0.31622776,-0.46852794,0.3815533
OFDM,Classical OFDM,0.0,-0.31622776,-0.31622776,-0.14187917,-0.1641423
OFDM,Classical OFDM,0.0,-0.31622776,0.31622776,-0.3501276,0.28839064
OFDM,Classical OFDM,0.0,-0.31622776,0.31622776,-0.33084515,0.41116562
OFDM,Classical OFDM,0.0,-0.31622776,0.31622776,-0.3331476,0.41535053
OFDM,Classical OFDM,0.0,0.31622776,-0.94868326,0.29497728,-0.9180578
OFDM,Classical OFDM,0.0,0.94868326,0.94868326,0.882012,0.7946418
OFDM,Classical OFDM,0.0,-0.31622776,-0.94868326,-0.27210286,-0.8759689
OFDM,Classical OFDM,0.0,-0.31622776,0.31622776,-0.25252447,0.532923
OFDM,Classical OFDM,0.0,0.31622776,-0.94868326,0.2159716,-1.0392379
OFDM,Classical OFDM,0.0,0.31622776,-0.31622776,0.3795357,-0.46614492
OFDM,Classical OFDM,0.0,-0.31622776,0.94868326,-0.39711535,1.0238597
OFDM,Classical OFDM,0.0,-0.31622776,-0.31622776,-0.38147452,-0.13107228
OFDM,Classical OFDM,0.0,0.94868326,0.94868326,0.84442633,0.9298371
OFDM,Classical OFDM,0.0,-0.31622776,0.94868326,-0.29417908,0.9775213
OFDM,Classical OFDM,0.0,-0.31622776,-0.94868326,-0.25094077,-0.9550557
OFDM,Classical OFDM,0.0,0.94868326,-0.94868326,1.1658809,-0.8666606
OFDM,Classical OFDM,0.0,-0.31622776,0.94868326,-0.4630662,0.99235636
OFDM,Classical OFDM,0.0,0.31622776,0.31622776,0.3726956,0.059258923
OFDM,Classical OFDM,0.0,-0.31622776,-0.94868326,-0.40312693,-0.9820421
OFDM,Classical OFDM,0.0,0.31622776,0.94868326,0.24115458,0.864347
OFDM,Classical OFDM,0.0,0.31622776,0.31622776,0.23056802,0.40510312
OFDM,Classical OFDM,0.0,-0.31622776,0.94868326,-0.3604421,0.99993724
OFDM,Classical OFDM,0.0,-0.94868326,0.94868326,-1.0062486,0.8254125
OFDM,Classical OFDM,0.0,0.94868326,-0.31622776,0.9048645,-0.3394761
OFDM,Classical OFDM,0.0,-0.94868326,-0.94868326,-1.10235,-0.9399029
OFDM,Classical OFDM,0.0,0.94868326,0.31622776,0.9356562,0.3219379
OFDM,Classical OFDM,0.0,0.94868326,0.31622776,0.89077425,0.34498855
OFDM,Classical OFDM,0.0,0.31622776,0.31622776,0.25149426,0.24146089
OFDM,Classical OFDM,0.0,0.31622776,0.94868326,0.26159135,0.9121327
OFDM,Classical OFDM,0.0,-0.31622776,0.31622776,-0.27067718,0.20881987
OFDM,Classical OFDM,0.0,-0.94868326,-0.94868326,-0.8516187,-0.84835637
OFDM,Classical OFDM,0.0,0.94868326,-0.94868326,0.7566903,-0.8982591
OFDM,Classical OFDM,0.0,0.94868326,0.94868326,0.8249682,1.041319
OFDM,Classical OFDM,0.0,-0.31622776,-0.94868326,-0.34261152,-0.9843848
OFDM,Classical OFDM,0.0,-0.31622776,0.31622776,-0.3457408,0.27278307
OFDM,Classical OFDM,0.0,0.31622776,0.31622776,0.1869379,0.31904197
OFDM,Classical OFDM,0.0,0.94868326,-0.94868326,1.0304945,-0.8808456
OFDM,Classical OFDM,0.0,0.94868326,0.94868326,0.89522195,0.9793277
OFDM,Classical OFDM,0.0,0.31622776,0.94868326,0.270033,0.9661564
OFDM,Classical OFDM,0.0,0.94868326,0.94868326,0.9917643,0.91879344
OFDM,Classical OFDM,0.0,0.94868326,0.94868326,0.7824888,1.0530874
OFDM,Classical OFDM,0.0,0.94868326,-0.94868326,0.9466516,-0.9497764
OFDM,Classical OFDM,0.0,-0.31622776,0.31622776,-0.27045238,0.22878362
OFDM,Classical OFDM,0.0,0.31622776,-0.31622776,0.36050138,-0.36687484
OFDM,Classical OFDM,0.0,-0.94868326,0.31622776,-1.0126091,0.39528623
OFDM,Classical OFDM,0.0,-0.31622776,-0.31622776,-0.31897944,-0.28260484
OFDM,Classical OFDM,0.0,-0.31622776,-0.94868326,-0.32582635,-1.0033596
OFDM,Classical OFDM,0.0,0.94868326,-0.94868326,1.0409956,-1.1967589
OFDM,Classical OFDM,0.0,-0.31622776,-0.31622776,-0.35805598,-0.31371984
OFDM,Classical OFDM,0.0,0.31622776,-0.31622776,0.4294743,-0.18741159
OFDM,Classical OFDM,0.0,0.31622776,-0.94868326,0.35645798,-0.85274017
OFDM,Classical OFDM,0.0,0.31622776,-0.31622776,0.22648442,-0.46919256
OFDM,Classical OFDM,0.0,0.31622776,0.94868326,0.25690556,1.0774791
OFDM,Classical OFDM,0.0,0.94868326,0.94868326,0.973189,0.8506603
OFDM,Classical OFDM,0.0,-0.31622776,0.94868326,-0.23835441,0.6079522
OFDM,Classical OFDM,0.0,-0.31622776,0.31622776,-0.29128402,0.23910838
OFDM,Classical OFDM,0.0,-0.31622776,-0.31622776,-0.31536534,-0.13622564
OFDM,Classical OFDM,0.0,0.94868326,-0.94868326,1.064447,-1.072335
OFDM,Classical OFDM,0.0,0.94868326,0.94868326,1.1187313,0.9968555
OFDM,Classical OFDM,0.0,-0.31622776,0.31622776,-0.2364952,0.28798968
OFDM,Classical OFDM,0.0,0.31622776,-0.94868326,0.31862247,-0.9847693
OFDM,Classical OFDM,0.0,0.31622776,-0.31622776,0.47948676,-0.39195558
OFDM,Classical OFDM,0.0,-0.31622776,0.94868326,-0.439324,0.85806066
OFDM,Classical OFDM,0.0,0.31622776,-0.31622776,0.25741833,-0.40672147
OFDM,Classical OFDM,0.0,-0.94868326,-0.94868326,-0.82821584,-0.9157108
OFDM,Classical OFDM,0.0,-0.94868326,-0.94868326,-1.0018754,-0.9626217
OFDM,Classical OFDM,0.0,-0.31622776,-0.94868326,-0.41273767,-1.018288
OFDM,Classical OFDM,0.0,-0.94868326,-0.31622776,-0.9480102,-0.3313518
OFDM,Classical OFDM,0.0,-0.94868326,-0.31622776,-0.8968759,-0.43632525
OFDM,Classical OFDM,0.0,-0.31622776,-0.94868326,-0.45343554,-0.9400689
OFDM,Classical OFDM,0.0,0.31622776,0.31622776,0.4057337,0.30037257
OFDM,Classical OFDM,0.0,0.31622776,-0.94868326,0.29321966,-0.9448694
OFDM,Classical OFDM,0.0,0.31622776,-0.31622776,0.38985944,-0.23663124
OFDM,Classical OFDM,0.0,-0.31622776,0.31622776,-0.35843682,0.4052856
OFDM,Classical OFDM,0.0,0.31622776,0.31622776,0.41223833,0.33322552
OFDM,Classical OFDM,0.0,-0.31622776,0.31622776,-0.27778566,0.36018616
OFDM,Classical OFDM,0.0,0.94868326,-0.31622776,1.0349863,-0.26051974
OFDM,Classical OFDM,0.0,-0.31622776,-0.94868326,-0.30565217,-0.8724998
OFDM,Classical OFDM,0.0,0.31622776,-0.94868326,0.31259564,-0.7705802
OFDM,Classical OFDM,0.0,-0.94868326,-0.31622776,-0.80402327,-0.40451378
OFDM,Classical OFDM,0.0,0.31622776,0.31622776,0.3152044,0.2819599
OFDM,Classical OFDM,0.0,0.31622776,0.31622776,0.3140022,0.47222105
OFDM,Classical OFDM,0.0,0.94868326,0.31622776,1.075563,0.29028898
OFDM,Classical OFDM,0.0,-0.31622776,0.94868326,-0.34921727,0.93375367
OFDM,Classical OFDM,0.0,-0.31622776,-0.94868326,-0.1620194,-1.067777
OFDM,Classical OFDM,0.0,-0.31622776,-0.31622776,-0.3002783,-0.26533282
OFDM,Classical OFDM,0.0,0.94868326,-0.31622776,0.93817234,-0.30475667
OFDM,Classical OFDM,0.0,0.94868326,0.31622776,0.8984562,0.31461573
OFDM,Classical OFDM,0.0,0.94868326,0.31622776,1.1094413,0.2715556
OFDM,Classical OFDM,0.0,-0.94868326,0.31622776,-0.90154797,0.35360655
OFDM,Classical OFDM,0.0,0.31622776,0.31622776,0.29900244,0.24861193
OFDM,Classical OFDM,0.0,0.94868326,0.31622776,0.91012526,0.29953313
OFDM,Classical OFDM,0.0,-0.31622776,0.31622776,-0.3117204,0.4549044
OFDM,Classical OFDM,0.0,0.94868326,0.94868326,1.1086918,1.0947016
OFDM,Classical OFDM,0.0,0.31622776,0.94868326,0.3613246,0.78517365
OFDM,Classical OFDM,0.0,0.31622776,-0.31622776,0.28663504,-0.23334984
OFDM,Classical OFDM,0.0,0.94868326,-0.31622776,0.90794563,-0.15323383
OFDM,Classical OFDM,0.0,0.94868326,0.31622776,1.0687284,0.35739404
OFDM,Classical OFDM,0.0,0.31622776,0.31622776,0.3275004,0.23368132
OFDM,Classical OFDM,0.0,0.94868326,0.31622776,0.8081555,0.416786
OFDM,Classical OFDM,0.0,0.94868326,-0.31622776,0.87083435,-0.33599135
OFDM,Classical OFDM,0.0,0.94868326,0.31622776,0.98381364,0.40167972
OFDM,Classical OFDM,0.0,0.94868326,0.31622776,1.0067942,0.32481244
OFDM,Classical OFDM,0.0,-0.94868326,-0.94868326,-0.9323048,-0.8358864
OFDM,Classical OFDM,0.0,0.94868326,0.94868326,0.99703175,0.79582965
OFDM,Classical OFDM,0.0,0.94868326,0.94868326,0.92361516,0.83817255
OFDM,Classical OFDM,0.0,-0.31622776,0.94868326,-0.52053607,1.0055296
OFDM,Classical OFDM,0.0,0.31622776,-0.94868326,0.33223537,-1.0321374
OFDM,Classical OFDM,0.0,-0.31622776,-0.94868326,-0.34093618,-0.95734936
OFDM,Classical OFDM,0.0,-0.94868326,0.31622776,-1.0650159,0.33092865
OFDM,Classical OFDM,0.0,-0.94868326,0.94868326,-0.98576653,0.93835485
OFDM,Classical OFDM,0.0,0.31622776,0.31622776,0.21998939,0.35428464
OFDM,Classical OFDM,0.0,-0.94868326,0.94868326,-1.0535079,0.9560133
OFDM,Classical OFDM,0.0,0.94868326,-0.94868326,0.86900425,-0.9024364
OFDM,Classical OFDM,0.0,0.94868326,0.94868326,0.93868583,0.9231928
OFDM,Classical OFDM,0.0,0.94868326,0.94868326,0.93472415,0.947099
OFDM,Classical OFDM,0.0,-0.94868326,0.94868326,-0.8650198,1.0588784
OFDM,Classical OFDM,0.0,0.94868326,0.94868326,0.8903121,0.80078435
OFDM,Classical OFDM,0.0,0.94868326,0.31622776,0.9661087,0.43984476
OFDM,Classical OFDM,0.0,-0.94868326,-0.94868326,-0.8833176,-0.8153746
OFDM,Classical OFDM,0.0,0.94868326,-0.94868326,0.8562736,-0.8897399
OFDM,Classical OFDM,0.0,-0.94868326,0.31622776,-0.9131044,0.36206937
OFDM,Classical OFDM,0.0,0.94868326,0.31622776,0.93377066,0.26029
OFDM,Classical OFDM,0.0,0.31622776,-0.94868326,0.24076553,-0.82862014
OFDM,Classical OFDM,0.0,0.31622776,-0.94868326,0.20780708,-1.1744939
OFDM,Classical OFDM,0.0,-0.94868326,0.94868326,-0.9570848,0.9236432
OFDM,Classical OFDM,0.0,0.31622776,0.94868326,0.23813155,0.9247521
OFDM,Classical OFDM,0.0,0.31622776,-0.31622776,0.32687685,-0.34887546
OFDM,Classical OFDM,0.0,-0.31622776,-0.94868326,-0.39999738,-0.89868665
OFDM,Classical OFDM,0.0,0.94868326,-0.94868326,0.8727815,-0.8293568
OFDM,Classical OFDM,0.0,0.31622776,-0.31622776,0.28361747,-0.28609005
OFDM,Classical OFDM,0.0,-0.94868326,0.94868326,-0.9813668,0.97201324
OFDM,Classical OFDM,0.0,0.94868326,-0.31622776,1.0375321,-0.2829649
OFDM,Classical OFDM,0.0,-0.94868326,0.94868326,-0.85387355,0.9134006
OFDM,Classical OFDM,0.0,-0.31622776,-0.94868326,-0.31988406,-1.0451411
OFDM,Classical OFDM,0.0,0.94868326,-0.94868326,0.9393511,-0.95875335
OFDM,Classical OFDM,0.0,0.94868326,-0.31622776,0.9254595,-0.29851896
OFDM,Classical OFDM,0.0,-0.31622776,-0.31622776,-0.46641237,-0.31342095
OFDM,Classical OFDM,0.0,-0.31622776,0.94868326,-0.38621637,0.9437159
OFDM,Classical OFDM,0.0,-0.31622776,-0.31622776,-0.41031006,-0.41110882
OFDM,Classical OFDM,0.0,0.94868326,-0.31622776,1.0016927,-0.22698724
OFDM,Classical OFDM,0.0,0.94868326,-0.94868326,0.9457212,-0.909807
OFDM,Classical OFDM,0.0,0.31622776,-0.31622776,0.49134064,-0.3547183
OFDM,Classical OFDM,0.0,-0.31622776,-0.31622776,-0.21077505,-0.091720104
OFDM,Classical OFDM,0.0,0.31622776,-0.94868326,0.35075405,-0.88347554
OFDM,Classical OFDM,0.0,-0.31622776,0.94868326,-0.10493615,1.0276172
OFDM,Classical OFDM,0.0,0.31622776,0.31622776,0.33459297,0.47475293
OFDM,Classical OFDM,0.0,-0.31622776,-0.94868326,-0.15812075,-1.0578249
OFDM,Classical OFDM,0.0,0.31622776,0.94868326,0.27359444,1.0791996
OFDM,Classical OFDM,0.0,0.31622776,0.31622776,0.27119738,0.28123966
OFDM,Classical OFDM,0.0,-0.94868326,-0.31622776,-0.98607576,-0.34961936
OFDM,Classical OFDM,0.0,-0.31622776,-0.31622776,-0.2310816,-0.37220463
OFDM,Classical OFDM,0.0,-0.31622776,-0.31622776,-0.32252228,-0.29790378
OFDM,Classical OFDM,0.0,-0.94868326,0.31622776,-0.8307672,0.2552364
OFDM,Classical OFDM,0.0,-0.31622776,0.31622776,-0.32900086,0.22735402
OFDM,Classical OFDM,0.0,0.31622776,0.31622776,0.40674084,0.2645759
OFDM,Classical OFDM,0.0,0.94868326,-0.94868326,0.89523494,-0.99099255
OFDM,Classical OFDM,0.0,0.31622776,-0.31622776,0.29004693,-0.32004324
OFDM,Classical OFDM,0.0,0.94868326,-0.94868326,0.8653629,-1.0251005
OFDM,Classical OFDM,0.0,0.31622776,0.31622776,0.3978174,0.35745016
OFDM,Classical OFDM,0.0,0.94868326,-0.94868326,0.8855883,-1.055715
OFDM,Classical OFDM,0.0,0.31622776,0.94868326,0.47997454,0.9206131
OFDM,Classical OFDM,0.0,0.31622776,0.94868326,0.3697218,0.9236792
OFDM,Classical OFDM,0.0,0.31622776,-0.94868326,0.37315384,-0.94965464
OFDM,Classical OFDM,0.0,0.31622776,-0.31622776,0.4014231,-0.25795054
OFDM,Classical OFDM,0.0,0.31622776,-0.31622776,0.45196927,-0.24358788
OFDM,Classical OFDM,0.0,0.31622776,-0.94868326,0.44536635,-0.9579892
OFDM,Classical OFDM,0.0,0.94868326,0.31622776,0.85956,0.16478273
OFDM,Classical OFDM,0.0,-0.94868326,-0.94868326,-0.9887098,-0.96666217
OFDM,Classical OFDM,0.0,0.31622776,-0.94868326,0.287489,-1.0579584
OFDM,Classical OFDM,0.0,0.31622776,0.31622776,0.27570647,0.30837363
OFDM,Classical OFDM,0.0,-0.94868326,0.31622776,-0.9807483,0.19744922
OFDM,Classical OFDM,0.0,0.94868326,-0.94868326,0.8905568,-1.0474157
OFDM,Classical OFDM,0.0,0.94868326,-0.31622776,0.9892974,-0.37762985
OFDM,Classical OFDM,0.0,-0.31622776,-0.94868326,-0.37116292,-0.958608
OFDM,Classical OFDM,0.0,0.31622776,0.31622776,0.19524404,0.20677838
OFDM,Classical OFDM,0.0,0.94868326,-0.31622776,0.9202007,-0.30863336
OFDM,Classical OFDM,0.0,0.31622776,-0.94868326,0.43617427,-0.942214
OFDM,Classical OFDM,0.0,0.31622776,-0.31622776,0.22152016,-0.29788697
OFDM,Classical OFDM,0.0,-0.94868326,-0.94868326,-0.8782058,-0.9480263
OFDM,Classical OFDM,0.0,-0.31622776,0.31622776,-0.44318986,0.30090946
OFDM,Classical OFDM,0.0,0.94868326,0.31622776,0.9754983,0.39311716
OFDM,Classical OFDM,0.0,-0.31622776,0.94868326,-0.36817858,0.86866814
OFDM,Classical OFDM,0.0,0.31622776,0.94868326,0.41227603,0.99213207
OFDM,Classical OFDM,0.0,0.31622776,-0.94868326,0.24655572,-0.8580472
OFDM,Classical OFDM,0.0,0.31622776,-0.94868326,0.25462312,-0.88039416
OFDM,Classical OFDM,0.0,0.94868326,0.94868326,0.7972547,0.9114271
OFDM,Classical OFDM,0.0,0.31622776,-0.94868326,0.4433754,-0.9691317
OFDM,Classical OFDM,0.0,-0.31622776,0.94868326,-0.2714594,0.87638056
OFDM,Classical OFDM,0.0,0.31622776,0.31622776,0.32625046,0.37003088
OFDM,Classical OFDM,0.0,0.94868326,0.31622776,0.9957439,0.22938639
OFDM,Classical OFDM,0.0,-0.31622776,0.94868326,-0.3689674,0.9862495
OFDM,Classical OFDM,0.0,0.31622776,-0.94868326,0.36030057,-0.91447794
OFDM,Classical OFDM,0.0,-0.94868326,0.31622776,-0.96596515,0.3847386
OFDM,Classical OFDM,0.0,-0.31622776,0.94868326,-0.29623064,1.0670522
OFDM,Classical OFDM,0.0,-0.94868326,0.31622776,-0.78348225,0.29242694
OFDM,Classical OFDM,0.0,-0.94868326,-0.94868326,-0.9200535,-1.1295886
OFDM,Classical OFDM,0.0,-0.31622776,-0.31622776,-0.31899142,-0.3503094
OFDM,Classical OFDM,0.0,-0.31622776,-0.31622776,-0.31546894,-0.38573417
OFDM,Classical OFDM,0.0,0.94868326,-0.31622776,0.8793142,-0.4192003
OFDM,Classical OFDM,0.0,-0.31622776,-0.31622776,-0.38658303,-0.21587549
OFDM,Classical OFDM,0.0,-0.31622776,-0.94868326,-0.32122114,-0.9221459
OFDM,Classical OFDM,0.0,-0.94868326,0.31622776,-0.98007846,0.41033754
OFDM,Classical OFDM,0.0,-0.31622776,-0.31622776,-0.099245265,-0.31868616
OFDM,Classical OFDM,0.0,-0.31622776,-0.94868326,-0.32994986,-1.0420972
OFDM,Classical OFDM,0.0,-0.94868326,-0.31622776,-0.95593226,-0.44144696
OFDM,Classical OFDM,0.0,-0.94868326,0.94868326,-0.9499607,0.86047363
OFDM,Classical OFDM,0.0,0.94868326,-0.94868326,0.89566624,-0.9200999
OFDM,Classical OFDM,0.0,0.94868326,-0.31622776,1.0816494,-0.16212413
OFDM,Classical OFDM,0.0,0.94868326,0.94868326,0.91189235,1.0493731
OFDM,Classical OFDM,0.0,0.31622776,0.94868326,0.35391277,0.74895453
OFDM,Classical OFDM,0.0,-0.31622776,-0.31622776,-0.37595063,-0.24433824
OFDM,Classical OFDM,0.0,-0.94868326,-0.31622776,-0.9863479,-0.24152835
OFDM,Classical OFDM,0.0,-0.31622776,-0.94868326,-0.32669744,-0.9326
OFDM,Classical OFDM,0.0,0.31622776,0.94868326,0.25056064,1.0221424
OFDM,Classical OFDM,0.0,-0.31622776,0.31622776,-0.22198074,0.4139601
OFDM,Classical OFDM,0.0,-0.31622776,0.31622776,-0.40942916,0.38987663
OFDM,Classical OFDM,0.0,-0.94868326,0.94868326,-0.9053714,0.95355976
OFDM,Classical OFDM,0.0,-0.31622776,-0.94868326,-0.45200133,-0.9523047
OFDM,Classical OFDM,0.0,0.94868326,0.31622776,1.1608278,0.3533084
OFDM,Classical OFDM,0.0,-0.31622776,0.31622776,-0.33936694,0.3511777
OFDM,Classical OFDM,0.0,-0.94868326,-0.94868326,-0.9729017,-0.78339344
OFDM,Classical OFDM,0.0,0.94868326,-0.94868326,1.0327511,-1.0839483
OFDM,Classical OFDM,0.0,0.31622776,-0.31622776,0.20066132,-0.21448368
OFDM,Classical OFDM,0.0,0.94868326,0.94868326,0.8814375,0.86777234
OFDM,Classical OFDM,0.0,-0.94868326,0.94868326,-0.93882436,0.98213124
OFDM,Classical OFDM,0.0,-0.31622776,0.94868326,-0.16891778,0.9731345
OFDM,Classical OFDM,0.0,-0.94868326,-0.94868326,-0.95673275,-0.8989971
OFDM,Classical OFDM,0.0,-0.31622776,-0.31622776,-0.29719338,-0.48900127
OFDM,Classical OFDM,0.0,0.31622776,0.94868326,0.29397994,0.8534376
OFDM,Classical OFDM,0.0,-0.94868326,0.94868326,-0.9988505,0.9397115
OFDM,Classical OFDM,0.0,-0.31622776,0.94868326,-0.21701473,0.93948555
OFDM,Classical OFDM,0.0,-0.31622776,-0.31622776,-0.35963622,-0.31920815
OFDM,Classical OFDM,0.0,-0.31622776,-0.31622776,-0.20401303,-0.39302662
OFDM,Classical OFDM,0.0,0.31622776,-0.94868326,0.4552725,-0.91411716
OFDM,Classical OFDM,0.0,0.94868326,-0.94868326,1.0305009,-0.82522035
OFDM,Classical OFDM,0.0,0.31622776,0.31622776,0.3055995,0.35558844
OFDM,Classical OFDM,0.0,-0.94868326,-0.94868326,-1.0171775,-0.8726995
OFDM,Classical OFDM,0.0,0.31622776,0.31622776,0.3307646,0.30456936
OFDM,Classical OFDM,0.0,-0.94868326,0.94868326,-0.8452342,1.0218875
OFDM,Classical OFDM,0.0,-0.31622776,-0.94868326,-0.25479394,-0.93944633
OFDM,Classical OFDM,0.0,0.31622776,0.31622776,0.344586,0.36642644
OFDM,Classical OFDM,0.0,0.31622776,-0.31622776,0.40803254,-0.417315
OFDM,Classical OFDM,0.0,-0.31622776,0.94868326,-0.5149156,1.1867955
OFDM,Classical OFDM,0.0,0.31622776,0.31622776,0.40173557,0.31757984
OFDM,Classical OFDM,0.0,-0.31622776,0.94868326,-0.2735061,1.0552167
OFDM,Classical OFDM,0.0,0.94868326,-0.94868326,1.0473567,-0.78306365
OFDM,Classical OFDM,0.0,0.94868326,0.94868326,0.8147228,0.8707477
OFDM,Classical OFDM,0.0,-0.94868326,0.94868326,-1.0943482,0.9571336
OFDM,Classical OFDM,0.0,-0.94868326,0.31622776,-0.7618443,0.4595735
OFDM,Classical OFDM,0.0,0.31622776,-0.31622776,0.30172035,-0.25794375
OFDM,Classical OFDM,0.0,0.94868326,0.94868326,0.82573235,0.8907808
OFDM,Classical OFDM,0.0,0.31622776,0.31622776,0.37736124,0.2850159
OFDM,Classical OFDM,0.0,-0.94868326,-0.94868326,-0.94961023,-0.94551694
OFDM,Classical OFDM,0.0,0.31622776,-0.94868326,0.10315424,-1.1589085
OFDM,Classical OFDM,0.0,0.94868326,-0.94868326,1.2675557,-0.9335425
OFDM,Classical OFDM,0.0,0.31622776,-0.94868326,0.4113706,-0.91304874
OFDM,Classical OFDM,0.0,0.94868326,-0.31622776,0.95202637,-0.4293485
OFDM,Classical OFDM,0.0,-0.31622776,-0.94868326,-0.2260185,-0.87644696
OFDM,Classical OFDM,0.0,0.94868326,-0.94868326,1.1093847,-0.85908073
OFDM,Classical OFDM,0.0,0.31622776,0.31622776,0.30661443,0.2743448
OFDM,Classical OFDM,0.0,-0.31622776,0.31622776,-0.29046968,0.15105763
OFDM,Classical OFDM,0.0,-0.94868326,-0.94868326,-0.82293564,-0.9129788
OFDM,Classical OFDM,0.0,-0.94868326,-0.94868326,-0.94441843,-0.9572069
OFDM,Classical OFDM,0.0,0.31622776,-0.31622776,0.3940093,-0.310462
OFDM,Classical OFDM,0.0,-0.94868326,0.31622776,-0.9207095,0.24122503
OFDM,Classical OFDM,0.0,-0.31622776,0.31622776,-0.32505065,0.13658987
OFDM,Classical OFDM,0.0,-0.94868326,0.31622776,-1.0428447,0.30208796
OFDM,Classical OFDM,0.0,-0.94868326,-0.31622776,-0.9159622,-0.22970256
OFDM,Classical OFDM,0.0,-0.94868326,-0.31622776,-0.8975431,-0.27653626
OFDM,Classical OFDM,0.0,0.94868326,0.31622776,0.90356004,0.4129688
OFDM,Classical OFDM,0.0,-0.94868326,-0.94868326,-0.81519276,-1.0435597
OFDM,Classical OFDM,0.0,-0.31622776,-0.94868326,-0.3189615,-1.004541
OFDM,Classical OFDM,0.0,-0.31622776,0.31622776,-0.49130046,0.44323027
OFDM,Classical OFDM,0.0,0.94868326,0.31622776,0.8678756,0.44703352
OFDM,Classical OFDM,0.0,0.31622776,-0.31622776,0.300708,-0.3456782
OFDM,Classical OFDM,0.0,-0.31622776,0.31622776,-0.30015418,0.36720115
OFDM,Classical OFDM,0.0,-0.94868326,0.94868326,-1.0406082,0.8816989
OFDM,Classical OFDM,0.0,-0.31622776,-0.31622776,-0.5130044,-0.25999606
OFDM,Classical OFDM,0.0,0.94868326,-0.31622776,0.971202,-0.43017817
OFDM,Classical OFDM,0.0,-0.31622776,-0.31622776,-0.29629087,-0.3285994
OFDM,Classical OFDM,0.0,-0.94868326,-0.31622776,-0.9587481,-0.32750916
OFDM,Classical OFDM,0.0,-0.31622776,0.94868326,-0.3562603,0.8354008
OFDM,Classical OFDM,0.0,0.94868326,-0.94868326,0.9958493,-0.9022456
OFDM,Classical OFDM,0.0,0.94868326,-0.31622776,0.9820985,-0.2986052
OFDM,Classical OFDM,0.0,0.31622776,-0.31622776,0.26487547,-0.2961706
OFDM,Classical OFDM,0.0,-0.31622776,-0.94868326,-0.20868346,-0.95409834
OFDM,Classical OFDM,0.0,-0.31622776,0.31622776,-0.17895895,0.3181523
OFDM,Classical OFDM,0.0,0.31622776,0.31622776,0.32688507,0.33271202
OFDM,Classical OFDM,0.0,0.31622776,0.94868326,0.2669431,0.9477373
OFDM,Classical OFDM,0.0,-0.94868326,-0.31622776,-1.0663235,-0.13259114
OFDM,Classical OFDM,0.0,-0.94868326,0.31622776,-0.88441515,0.3310457
OFDM,Classical OFDM,0.0,-0.94868326,-0.94868326,-0.87899107,-0.97784513
OFDM,Classical OFDM,0.0,0.31622776,0.94868326,0.38620272,0.9924652
OFDM,Classical OFDM,0.0,-0.94868326,0.94868326,-1.0896497,0.9658752
OFDM,Classical OFDM,0.0,0.31622776,-0.94868326,0.32035273,-0.931063
OFDM,Classical OFDM,0.0,0.94868326,0.31622776,0.9023971,0.25865066
OFDM,Classical OFDM,0.0,-0.94868326,0.94868326,-1.0567073,0.98404324
OFDM,Classical OFDM,0.0,0.31622776,-0.31622776,0.2871999,-0.36616752
OFDM,Classical OFDM,0.0,-0.94868326,-0.94868326,-1.0343823,-1.1152538
OFDM,Classical OFDM,0.0,0.94868326,-0.31622776,0.93657595,-0.37684423
OFDM,Classical OFDM,0.0,-0.94868326,0.31622776,-0.8312898,0.12993732
OFDM,Classical OFDM,0.0,-0.94868326,-0.94868326,-0.957345,-1.1359341
OFDM,Classical OFDM,0.0,0.31622776,0.31622776,0.28246114,0.263224
OFDM,Classical OFDM,0.0,-0.94868326,0.94868326,-0.9047379,0.83492655
OFDM,Classical OFDM,0.0,0.94868326,-0.31622776,0.8418844,-0.2926033
OFDM,Classical OFDM,0.0,-0.31622776,-0.94868326,-0.33790332,-0.8921922
OFDM,Classical OFDM,0.0,-0.31622776,-0.94868326,-0.3739866,-1.0968691
OFDM,Classical OFDM,0.0,-0.94868326,-0.94868326,-0.9455956,-1.1074158
OFDM,Classical OFDM,0.0,0.94868326,-0.94868326,0.8927415,-0.9897523
OFDM,Classical OFDM,0.0,0.94868326,-0.94868326,0.967745,-1.0481199
OFDM,Classical OFDM,0.0,0.31622776,-0.31622776,0.46525633,-0.27685493
OFDM,Classical OFDM,0.0,-0.94868326,-0.31622776,-1.0305763,-0.40993625
OFDM,Classical OFDM,0.0,0.31622776,-0.31622776,0.32328382,-0.31233263
OFDM,Classical OFDM,0.0,0.31622776,-0.31622776,0.15959892,-0.22589134
OFDM,Classical OFDM,0.0,0.94868326,0.31622776,0.91952425,0.3534448
OFDM,Classical OFDM,0.0,-0.94868326,0.31622776,-0.90596575,0.21221514
OFDM,Classical OFDM,0.0,-0.94868326,0.31622776,-0.8458691,0.374675
OFDM,Classical OFDM,0.0,0.31622776,-0.94868326,0.37390506,-0.8853876
OFDM,Classical OFDM,0.0,-0.94868326,-0.31622776,-0.9071288,-0.27481812
OFDM,Classical OFDM,0.0,-0.31622776,0.94868326,-0.3722384,0.9001456
OFDM,Classical OFDM,0.0,-0.94868326,0.94868326,-0.9534282,0.9082785
OFDM,Classical OFDM,0.0,0.94868326,-0.31622776,1.0186526,-0.41166824
OFDM,Classical OFDM,0.0,0.94868326,-0.31622776,0.8899894,-0.16876408
OFDM,Classical OFDM,0.0,-0.31622776,-0.94868326,-0.32580033,-0.9060739
OFDM,Classical OFDM,0.0,-0.94868326,-0.94868326,-1.0000167,-1.0275956
OFDM,Classical OFDM,0.0,-0.94868326,0.94868326,-1.0796804,0.9015498
OFDM,Classical OFDM,0.0,-0.31622776,-0.94868326,-0.5031201,-0.9198168
OFDM,Classical OFDM,0.0,0.94868326,-0.94868326,1.0481,-0.8738709
OFDM,Classical OFDM,0.0,0.31622776,0.31622776,0.27054566,0.26541358
OFDM,Classical OFDM,0.0,0.94868326,-0.94868326,0.8360128,-0.902226
OFDM,Classical OFDM,0.0,0.31622776,0.31622776,0.44482908,0.46020454
OFDM,Classical OFDM,0.0,-0.94868326,0.31622776,-0.7633004,0.2223612
OFDM,Classical OFDM,0.0,0.94868326,-0.94868326,1.0136964,-1.0139076
OFDM,Classical OFDM,0.0,0.94868326,0.94868326,0.8768243,1.031727
OFDM,Classical OFDM,0.0,-0.31622776,0.94868326,-0.17283082,0.9985543
OFDM,Classical OFDM,0.0,0.31622776,-0.94868326,0.36375692,-0.9315334
OFDM,Classical OFDM,0.0,-0.31622776,-0.31622776,-0.42015892,-0.31846204
OFDM,Classical OFDM,0.0,0.31622776,0.31622776,0.3827575,0.33667997
OFDM,Classical OFDM,0.0,-0.31622776,-0.94868326,-0.43733943,-1.0153692
OFDM,Classical OFDM,0.0,0.94868326,0.94868326,1.0315548,0.9925146
OFDM,Classical OFDM,0.0,-0.94868326,-0.31622776,-1.1582825,-0.25813052
OFDM,Classical OFDM,0.0,-0.94868326,0.31622776,-0.7786524,0.4698734
OFDM,Classical OFDM,0.0,-0.31622776,-0.94868326,-0.43157968,-0.8226617
OFDM,Classical OFDM,0.0,-0.94868326,-0.31622776,-0.9193264,-0.22902842
OFDM,Classical OFDM,0.0,0.94868326,0.31622776,1.0746869,0.3481005
OFDM,Classical OFDM,0.0,0.31622776,0.94868326,0.40183583,0.9889585
OFDM,Classical OFDM,0.0,-0.94868326,-0.31622776,-0.8913873,-0.407603
OFDM,Classical OFDM,0.0,-0.94868326,-0.31622776,-1.1120992,-0.4123603
OFDM,Classical OFDM,0.0,0.31622776,-0.94868326,0.23532638,-0.91664934
OFDM,Classical OFDM,0.0,0.31622776,0.31622776,0.13222268,0.3014086
OFDM,Classical OFDM,0.0,0.31622776,0.31622776,0.488687,0.28027928
OFDM,Classical OFDM,0.0,-0.94868326,0.31622776,-0.86452764,0.3455604
OFDM,Classical OFDM,0.0,0.94868326,0.31622776,0.9247444,0.25370786
OFDM,Classical OFDM,0.0,0.31622776,0.94868326,0.17909518,0.95950514
OFDM,Classical OFDM,0.0,0.31622776,-0.31622776,0.33499968,-0.43108264
OFDM,Classical OFDM,0.0,-0.31622776,0.31622776,-0.24986501,0.18201828
OFDM,Classical OFDM,0.0,-0.94868326,0.94868326,-1.0656823,0.8931932
OFDM,Classical OFDM,0.0,0.94868326,0.31622776,0.9012213,0.25748134
OFDM,Classical OFDM,0.0,0.94868326,-0.31622776,0.9636121,-0.13920102
OFDM,Classical OFDM,0.0,-0.31622776,0.31622776,-0.45036143,0.3498244
OFDM,Classical OFDM,0.0,-0.94868326,0.31622776,-0.98116636,0.31360447
OFDM,Classical OFDM,0.0,-0.31622776,0.94868326,-0.35268915,0.97244793
OFDM,Classical OFDM,0.0,-0.31622776,0.94868326,-0.29653722,0.93338984
OFDM,Classical OFDM,0.0,0.31622776,0.94868326,0.31940898,0.8538204
OFDM,Classical OFDM,0.0,-0.31622776,-0.94868326,-0.4392462,-0.9595087
OFDM,Classical OFDM,0.0,0.31622776,-0.31622776,0.3090802,-0.20630288
OFDM,Classical OFDM,0.0,-0.94868326,0.31622776,-0.7623781,0.31789047
OFDM,Classical OFDM,0.0,-0.31622776,0.31622776,-0.4502694,0.4057797
OFDM,Classical OFDM,0.0,-0.94868326,-0.31622776,-0.9012236,-0.25320387
OFDM,Classical OFDM,0.0,-0.31622776,0.31622776,-0.3159422,0.23827428
OFDM,Classical OFDM,0.0,-0.94868326,-0.31622776,-0.9678754,-0.41003725
OFDM,Classical OFDM,0.0,-0.94868326,0.31622776,-1.0812645,0.22074059
OFDM,Classical OFDM,0.0,-0.31622776,0.31622776,-0.41240197,0.317254
OFDM,Classical OFDM,0.0,0.94868326,0.31622776,0.9201863,0.26173294
OFDM,Classical OFDM,0.0,0.94868326,-0.31622776,1.0427793,-0.3262369
OFDM,Classical OFDM,0.0,-0.94868326,-0.31622776,-1.1449792,-0.47845793
OFDM,Classical OFDM,0.0,0.94868326,-0.31622776,1.017712,-0.38032776
OFDM,Classical OFDM,0.0,-0.31622776,0.31622776,-0.34272757,0.3344678
OFDM,Classical OFDM,0.0,0.31622776,-0.31622776,0.26522365,-0.3673796
OFDM,Classical OFDM,0.0,0.94868326,0.94868326,1.022413,0.9670828
OFDM,Classical OFDM,0.0,-0.31622776,0.94868326,-0.23230042,1.0116823
OFDM,Classical OFDM,0.0,0.94868326,0.94868326,0.9554622,0.8147718
OFDM,Classical OFDM,0.0,-0.31622776,0.31622776,-0.41615877,0.19465691
OFDM,Classical OFDM,0.0,0.94868326,0.31622776,0.84715044,0.44427145
OFDM,Classical OFDM,0.0,0.94868326,-0.31622776,0.8818648,-0.39885142
OFDM,Classical OFDM,0.0,-0.94868326,-0.94868326,-0.90355504,-0.9528375
OFDM,Classical OFDM,0.0,-0.94868326,0.94868326,-0.7953947,0.9449465
OFDM,Classical OFDM,0.0,0.31622776,-0.31622776,0.2398875,-0.28895655
OFDM,Classical OFDM,0.0,-0.31622776,-0.94868326,-0.282058,-0.9651433
OFDM,Classical OFDM,0.0,0.31622776,0.94868326,0.4414224,0.7673449
OFDM,Classical OFDM,0.0,-0.94868326,-0.31622776,-1.0084431,-0.22025877
OFDM,Classical OFDM,0.0,-0.94868326,-0.31622776,-0.9940355,-0.30385482
OFDM,Classical OFDM,0.0,0.94868326,-0.31622776,1.0551735,-0.20494033
OFDM,Classical OFDM,0.0,0.94868326,0.31622776,0.99477696,0.045715056
OFDM,Classical OFDM,0.0,0.31622776,0.94868326,0.33293003,1.0908657
OFDM,Classical OFDM,0.0,0.94868326,0.94868326,1.0129642,0.958248
OFDM,Classical OFDM,0.0,0.31622776,-0.94868326,0.29347572,-0.9998209
OFDM,Classical OFDM,0.0,0.94868326,-0.31622776,1.0126729,-0.23359317
OFDM,Classical OFDM,0.0,-0.94868326,-0.94868326,-0.71865046,-0.84762335
OFDM,Classical OFDM,0.0,0.94868326,-0.94868326,0.86889625,-0.98298734
OFDM,Classical OFDM,0.0,0.94868326,-0.31622776,0.9466526,-0.34153673
OFDM,Classical OFDM,0.0,0.94868326,-0.31622776,0.9971118,-0.41370603
OFDM,Classical OFDM,0.0,0.31622776,0.31622776,0.28965944,0.44813198
OFDM,Classical OFDM,0.0,0.31622776,0.94868326,0.28978536,0.95431215
OFDM,Classical OFDM,0.0,0.94868326,-0.31622776,0.97128296,-0.33498153
OFDM,Classical OFDM,0.0,-0.94868326,0.94868326,-1.2351617,0.7969191
OFDM,Classical OFDM,0.0,0.94868326,0.94868326,0.81671476,0.9058202
OFDM,Classical OFDM,0.0,-0.31622776,0.31622776,-0.27208623,0.34607223
OFDM,Classical OFDM,0.0,0.31622776,0.31622776,0.3480467,0.2957601
OFDM,Classical OFDM,0.0,-0.31622776,0.94868326,-0.41456354,0.828923
OFDM,Classical OFDM,0.0,-0.31622776,0.94868326,-0.26109698,0.9840194
OFDM,Classical OFDM,0.0,0.31622776,0.31622776,0.2483826,0.22295493
OFDM,Classical OFDM,0.0,0.94868326,0.94868326,0.99614656,0.941449
OFDM,Classical OFDM,0.0,-0.94868326,0.94868326,-1.0563143,0.86453426
OFDM,Classical OFDM,0.0,-0.31622776,0.94868326,-0.14088738,1.009371
OFDM,Classical OFDM,0.0,0.31622776,0.94868326,0.33147752,0.96278024
OFDM,Classical OFDM,0.0,-0.94868326,0.94868326,-0.89221334,0.94019455
OFDM,Classical OFDM,0.0,0.94868326,-0.94868326,0.92237985,-0.86679745
OFDM,Classical OFDM,0.0,0.31622776,-0.94868326,0.36098808,-1.0307286
OFDM,Classical OFDM,0.0,0.94868326,0.31622776,0.9954266,0.28114033
OFDM,Classical OFDM,0.0,-0.94868326,-0.94868326,-0.9258122,-1.0260937
OFDM,Classical OFDM,0.0,0.31622776,0.94868326,0.43069628,0.97985196
OFDM,Classical OFDM,0.0,0.94868326,0.31622776,0.9772582,0.17344937
OFDM,Classical OFDM,0.0,-0.31622776,-0.31622776,-0.17900318,-0.336115
OFDM,Classical OFDM,0.0,-0.31622776,-0.94868326,-0.28332078,-1.024488
OFDM,Classical OFDM,0.0,0.94868326,-0.31622776,0.9485885,-0.32253024
OFDM,Classical OFDM,0.0,-0.94868326,-0.94868326,-0.9770471,-0.9043806
OFDM,Classical OFDM,0.0,-0.94868326,-0.31622776,-0.97703606,-0.2065588
OFDM,Classical OFDM,0.0,0.94868326,0.94868326,0.9160069,0.8638193
OFDM,Classical OFDM,0.0,0.31622776,-0.94868326,0.35002717,-0.9570123
OFDM,Classical OFDM,0.0,-0.94868326,-0.94868326,-0.9031441,-0.832063
OFDM,Classical OFDM,0.0,0.94868326,0.31622776,0.9910649,0.3044023
OFDM,Classical OFDM,0.0,0.94868326,0.94868326,0.8041028,0.91735226
OFDM,Classical OFDM,0.0,0.94868326,0.94868326,0.8749937,0.9481267
OFDM,Classical OFDM,0.0,-0.94868326,0.94868326,-1.0464056,0.97643495
OFDM,Classical OFDM,0.0,0.94868326,-0.94868326,0.8854816,-0.88587075
OFDM,Classical OFDM,0.0,-0.31622776,0.94868326,-0.2528436,0.8400714
OFDM,Classical OFDM,0.0,-0.31622776,-0.94868326,-0.14728779,-0.9365402
OFDM,Classical OFDM,0.0,0.94868326,-0.31622776,0.9507797,-0.19752626
OFDM,Classical OFDM,0.0,-0.31622776,-0.31622776,-0.26603433,-0.35200337
OFDM,Classical OFDM,0.0,0.31622776,-0.31622776,0.23437482,-0.24745432
OFDM,Classical OFDM,0.0,0.94868326,-0.94868326,0.98723805,-0.83880675
OFDM,Classical OFDM,0.0,-0.94868326,0.31622776,-0.9882585,0.38909614
OFDM,Classical OFDM,0.0,-0.31622776,-0.94868326,-0.31298083,-0.88387245
OFDM,Classical OFDM,0.0,-0.31622776,0.94868326,-0.4353627,0.99782103
OFDM,Classical OFDM,0.0,0.94868326,-0.31622776,1.0262011,-0.19357195
OFDM,Classical OFDM,0.0,-0.31622776,-0.94868326,-0.35548463,-0.8913903
OFDM,Classical OFDM,0.0,-0.31622776,0.94868326,-0.37392327,1.0314026
OFDM,Classical OFDM,0.0,0.31622776,-0.94868326,0.39786744,-1.2109715
OFDM,Classical OFDM,0.0,-0.31622776,-0.31622776,-0.17976978,-0.13983096
OFDM,Classical OFDM,0.0,-0.94868326,0.31622776,-0.8820309,0.24440084
OFDM,Classical OFDM,0.0,-0.31622776,0.94868326,-0.5607762,0.95297074
OFDM,Classical OFDM,0.0,0.31622776,-0.94868326,0.31700394,-1.1301093
OFDM,Classical OFDM,0.0,0.94868326,0.94868326,0.9838128,1.1637772
OFDM,Classical OFDM,0.0,-0.94868326,0.94868326,-0.85208726,1.0701816
OFDM,Classical OFDM,0.0,0.31622776,0.31622776,0.3329638,0.35686058
OFDM,Classical OFDM,0.0,-0.31622776,-0.94868326,-0.43606445,-0.9806483
OFDM,Classical OFDM,0.0,-0.94868326,0.31622776,-0.8744587,0.41144836
OFDM,Classical OFDM,0.0,-0.94868326,-0.94868326,-0.95714295,-0.97504216
OFDM,Classical OFDM,0.0,-0.31622776,0.31622776,-0.30880305,0.35818845
OFDM,Classical OFDM,0.0,-0.94868326,0.31622776,-1.0942835,0.3715244
OFDM,Classical OFDM,0.0,0.31622776,-0.94868326,0.2611872,-0.8647105
OFDM,Classical OFDM,0.0,-0.31622776,0.94868326,-0.23438066,0.9264429
OFDM,Classical OFDM,0.0,-0.94868326,-0.31622776,-0.9821843,-0.30586377
OFDM,Classical OFDM,0.0,0.94868326,-0.94868326,0.8327361,-0.78982943
OFDM,Classical OFDM,0.0,-0.31622776,-0.31622776,-0.31797513,-0.16160256
OFDM,Classical OFDM,0.0,-0.94868326,-0.31622776,-0.894417,-0.27630985
OFDM,Classical OFDM,0.0,-0.94868326,-0.94868326,-0.8632605,-1.1211525
OFDM,Classical OFDM,0.0,0.31622776,-0.31622776,0.18528461,-0.27005112
OFDM,Classical OFDM,0.0,0.94868326,0.94868326,0.9233185,1.0310811
OFDM,Classical OFDM,0.0,-0.94868326,-0.31622776,-0.8885999,-0.28710362
OFDM,Classical OFDM,0.0,0.31622776,0.94868326,0.180644,1.0562303
OFDM,Classical OFDM,0.0,-0.94868326,0.31622776,-0.9392651,0.36409193
OFDM,Classical OFDM,0.0,-0.31622776,0.94868326,-0.4618983,0.8445669
OFDM,Classical OFDM,0.0,0.94868326,0.94868326,0.96667755,0.9940042
OFDM,Classical OFDM,0.0,-0.31622776,0.31622776,-0.23000649,0.41762158
OFDM,Classical OFDM,0.0,0.31622776,-0.94868326,0.41125572,-1.0047023
OFDM,Classical OFDM,0.0,-0.94868326,0.31622776,-0.8590872,0.25892872
OFDM,Classical OFDM,0.0,0.31622776,-0.31622776,0.24440402,-0.15060087
OFDM,Classical OFDM,0.0,-0.94868326,0.94868326,-0.95105255,0.77328557
OFDM,Classical OFDM,0.0,-0.31622776,0.94868326,-0.49411494,0.9498322
OFDM,Classical OFDM,0.0,-0.94868326,-0.94868326,-0.90926075,-0.878039
OFDM,Classical OFDM,0.0,0.31622776,0.94868326,0.19651178,1.0467606
OFDM,Classical OFDM,0.0,-0.31622776,-0.94868326,-0.22524181,-0.9524074
OFDM,Classical OFDM,0.0,0.94868326,-0.31622776,1.0170507,-0.259523
OFDM,Classical OFDM,0.0,-0.31622776,0.94868326,-0.31841505,0.92724586
OFDM,Classical OFDM,0.0,-0.94868326,-0.94868326,-0.92843187,-0.8978559
OFDM,Classical OFDM,0.0,0.94868326,0.94868326,0.7538511,0.8980228
OFDM,Classical OFDM,0.0,0.94868326,0.94868326,1.0187557,1.1149691
OFDM,Classical OFDM,0.0,0.94868326,-0.94868326,0.9467349,-1.0029998
OFDM,Classical OFDM,0.0,0.31622776,0.31622776,0.24040899,0.16823712
OFDM,Classical OFDM,0.0,-0.94868326,0.31622776,-1.0702368,0.27436736
OFDM,Classical OFDM,0.0,-0.31622776,-0.31622776,-0.39230227,-0.2641844
OFDM,Classical OFDM,0.0,0.31622776,0.94868326,0.50205123,0.86995286
OFDM,Classical OFDM,0.0,-0.31622776,0.94868326,-0.4537754,0.88315374
OFDM,Classical OFDM,0.0,-0.31622776,0.94868326,-0.34415665,0.82647103
OFDM,Classical OFDM,0.0,-0.94868326,0.31622776,-0.96479297,0.40026352
OFDM,Classical OFDM,0.0,0.94868326,-0.31622776,0.87317747,-0.18477713
OFDM,Classical OFDM,0.0,-0.94868326,-0.94868326,-1.0438291,-0.8557487
OFDM,Classical OFDM,0.0,0.94868326,-0.31622776,0.7992595,-0.21465829
OFDM,Classical OFDM,0.0,0.31622776,0.94868326,0.3642326,0.9336047
OFDM,Classical OFDM,0.0,0.31622776,0.94868326,0.29961452,0.82852036
OFDM,Classical OFDM,0.0,0.94868326,-0.31622776,0.67891705,-0.24325275
OFDM,Classical OFDM,0.0,-0.94868326,-0.94868326,-0.937058,-1.0919044
OFDM,Classical OFDM,0.0,-0.94868326,-0.31622776,-0.8969958,-0.3018938
OFDM,Classical OFDM,0.0,0.31622776,0.94868326,0.21822503,0.9751164
OFDM,Classical OFDM,0.0,0.31622776,-0.94868326,0.32867658,-1.0348308
OFDM,Classical OFDM,0.0,0.31622776,0.31622776,0.4434622,0.40126565
OFDM,Classical OFDM,0.0,-0.31622776,0.31622776,-0.31712297,0.19907486
OFDM,Classical OFDM,0.0,0.94868326,-0.31622776,0.9010656,-0.29770005
OFDM,Classical OFDM,0.0,0.31622776,-0.94868326,0.19280586,-0.93819827
OFDM,Classical OFDM,0.0,0.31622776,0.31622776,0.4545592,0.3256314
OFDM,Classical OFDM,0.0,0.94868326,-0.94868326,0.93990046,-0.984142
OFDM,Classical OFDM,0.0,-0.94868326,-0.94868326,-1.0439844,-0.8876818
OFDM,Classical OFDM,0.0,-0.94868326,-0.31622776,-0.96799976,-0.36680484
OFDM,Classical OFDM,0.0,0.31622776,0.94868326,0.49672598,1.051507
OFDM,Classical OFDM,0.0,-0.94868326,0.31622776,-0.89186734,0.37779525
OFDM,Classical OFDM,0.0,0.31622776,0.94868326,0.24633431,0.8703421
OFDM,Classical OFDM,0.0,-0.31622776,-0.94868326,-0.400702,-0.8754767
OFDM,Classical OFDM,0.0,0.31622776,-0.94868326,0.29043397,-0.89731795
OFDM,Classical OFDM,0.0,-0.31622776,0.31622776,-0.31121498,0.2516901
OFDM,Classical OFDM,0.0,0.94868326,-0.94868326,0.9526453,-0.8218179
OFDM,Classical OFDM,0.0,0.94868326,-0.94868326,0.7813271,-0.9582328
OFDM,Classical OFDM,0.0,0.31622776,-0.94868326,0.26333246,-1.1742263
OFDM,Classical OFDM,0.0,-0.94868326,-0.31622776,-0.9779055,-0.2704626
OFDM,Classical OFDM,0.0,0.94868326,-0.94868326,1.1377699,-1.0092704
OFDM,Classical OFDM,0.0,-0.31622776,-0.31622776,-0.22115247,-0.16769008
OFDM,Classical OFDM,0.0,-0.94868326,-0.94868326,-0.9480051,-0.97612596
OFDM,Classical OFDM,0.0,0.31622776,0.31622776,0.3536382,0.30837223
OFDM,Classical OFDM,0.0,0.31622776,-0.31622776,0.4206201,-0.24468075
OFDM,Classical OFDM,0.0,0.94868326,-0.94868326,0.93176377,-0.9768491
OFDM,Classical OFDM,0.0,-0.31622776,0.94868326,-0.3539257,0.98578197
OFDM,Classical OFDM,0.0,0.94868326,0.31622776,0.95755595,0.4985952
OFDM,Classical OFDM,0.0,0.94868326,-0.31622776,0.9198347,-0.40963498
OFDM,Classical OFDM,0.0,0.31622776,-0.94868326,0.2761589,-0.9838832
OFDM,Classical OFDM,0.0,0.94868326,0.94868326,0.8524507,0.98734117
OFDM,Classical OFDM,0.0,0.94868326,0.94868326,0.9212056,0.91507393
OFDM,Classical OFDM,0.0,0.94868326,0.31622776,0.9397435,0.3065822
OFDM,Classical OFDM,0.0,0.94868326,0.31622776,0.9326734,0.3528034
OFDM,Classical OFDM,0.0,-0.94868326,0.31622776,-0.9043455,0.19817862
OFDM,Classical OFDM,0.0,0.94868326,-0.31622776,0.8723585,-0.3964398
OFDM,Classical OFDM,0.0,-0.31622776,0.31622776,-0.33402255,0.26342097
OFDM,Classical OFDM,0.0,-0.94868326,0.94868326,-1.0696077,0.92440677
OFDM,Classical OFDM,0.0,0.31622776,0.31622776,0.33478457,0.4765939
OFDM,Classical OFDM,0.0,-0.31622776,0.31622776,-0.41299146,0.3505254
OFDM,Classical OFDM,0.0,0.31622776,-0.31622776,0.20725936,-0.3315022
OFDM,Classical OFDM,0.0,0.94868326,0.31622776,0.89698774,0.33618635
OFDM,Classical OFDM,0.0,0.94868326,-0.31622776,0.91436344,-0.42017615
OFDM,Classical OFDM,0.0,0.31622776,0.94868326,0.2786036,0.76176476
OFDM,Classical OFDM,0.0,-0.31622776,-0.31622776,-0.35334605,-0.2895391
OFDM,Classical OFDM,0.0,0.31622776,0.94868326,0.25896513,1.0614543
OFDM,Classical OFDM,0.0,-0.94868326,0.31622776,-0.82835937,0.3734697
OFDM,Classical OFDM,0.0,0.31622776,0.94868326,0.15685156,0.99626
OFDM,Classical OFDM,0.0,0.31622776,-0.31622776,0.25796562,-0.30224797
OFDM,Classical OFDM,0.0,0.31622776,0.31622776,0.40048096,0.44079643
OFDM,Classical OFDM,0.0,0.31622776,0.31622776,0.46909025,0.31337565
OFDM,Classical OFDM,0.0,-0.94868326,-0.31622776,-0.83082366,-0.28253913
OFDM,Classical OFDM,0.0,-0.31622776,-0.94868326,-0.4254615,-0.90717083
OFDM,Classical OFDM,0.0,-0.31622776,-0.31622776,-0.44462675,-0.34139788
OFDM,Classical OFDM,0.0,-0.94868326,0.94868326,-1.1550357,1.1844901
OFDM,Classical OFDM,0.0,0.31622776,-0.94868326,0.45208448,-0.9789245
OFDM,Classical OFDM,0.0,0.94868326,0.94868326,0.99442255,0.9278763
OFDM,Classical OFDM,0.0,0.31622776,0.31622776,0.31937537,0.35780317
OFDM,Classical OFDM,0.0,0.94868326,-0.94868326,0.98731756,-0.8695759
OFDM,Classical OFDM,0.0,-0.31622776,0.31622776,-0.3230955,0.41547167
OFDM,Classical OFDM,0.0,0.94868326,0.94868326,1.0743222,0.83935106
OFDM,Classical OFDM,0.0,0.94868326,-0.94868326,0.90222836,-0.9812447
OFDM,Classical OFDM,0.0,0.94868326,-0.31622776,0.94629925,-0.25083995
OFDM,Classical OFDM,0.0,0.94868326,0.31622776,0.8351227,0.41138747
OFDM,Classical OFDM,0.0,-0.94868326,0.94868326,-1.0406377,0.9280737
OFDM,Classical OFDM,0.0,-0.31622776,-0.94868326,-0.18182921,-1.0246537
OFDM,Classical OFDM,0.0,-0.31622776,-0.94868326,-0.2203137,-0.9866398
OFDM,Classical OFDM,0.0,-0.31622776,-0.31622776,-0.31039023,-0.3647312
OFDM,Classical OFDM,0.0,0.94868326,-0.94868326,0.8606265,-1.0104015
OFDM,Classical OFDM,0.0,0.31622776,-0.94868326,0.2942677,-0.91310114
OFDM,Classical OFDM,0.0,-0.31622776,0.94868326,-0.4766523,0.85723937
OFDM,Classical OFDM,0.0,-0.94868326,0.94868326,-1.0188041,0.95989966
OFDM,Classical OFDM,0.0,-0.94868326,0.31622776,-1.0241715,0.33887386
OFDM,Classical OFDM,0.0,-0.94868326,0.31622776,-0.88180876,0.43002215
OFDM,Classical OFDM,0.0,0.31622776,-0.31622776,0.30174488,-0.2705322
OFDM,Classical OFDM,0.0,-0.94868326,-0.94868326,-0.9455243,-0.9503864
OFDM,Classical OFDM,0.0,0.31622776,0.94868326,0.46730322,1.0040301
OFDM,Classical OFDM,0.0,-0.94868326,0.94868326,-0.9483558,0.91487235
OFDM,Classical OFDM,0.0,0.31622776,-0.31622776,0.44398704,-0.474852
OFDM,Classical OFDM,0.0,0.94868326,0.94868326,0.89639,0.86572605
OFDM,Classical OFDM,0.0,0.94868326,0.94868326,0.9652915,0.9980339
OFDM,Classical OFDM,0.0,-0.94868326,-0.31622776,-0.93939734,-0.1377444
OFDM,Classical OFDM,0.0,-0.94868326,0.31622776,-0.9782551,0.019245528
OFDM,Classical OFDM,0.0,-0.31622776,-0.31622776,-0.48068947,-0.1794805
OFDM,Classical OFDM,0.0,-0.94868326,-0.94868326,-0.96118224,-1.0374894
OFDM,Classical OFDM,0.0,-0.94868326,0.31622776,-0.9636281,0.20223187
OFDM,Classical OFDM,0.0,-0.31622776,0.31622776,-0.4187259,0.41535884
OFDM,Classical OFDM,0.0,0.31622776,-0.94868326,0.12969214,-0.9884674
OFDM,Classical OFDM,0.0,0.31622776,0.31622776,0.27664527,0.40170646
OFDM,Classical OFDM,0.0,0.94868326,0.94868326,0.8987788,0.995625
OFDM,Classical OFDM,0.0,-0.31622776,0.31622776,-0.30089122,0.40087283
OFDM,Classical OFDM,0.0,-0.94868326,0.31622776,-0.95984966,0.30044094
OFDM,Classical OFDM,0.0,-0.31622776,-0.94868326,-0.06967893,-1.0149939
OFDM,Classical OFDM,0.0,-0.31622776,0.31622776,-0.36724773,0.29032522
OFDM,Classical OFDM,0.0,-0.31622776,-0.31622776,-0.4303473,-0.1665509
OFDM,Classical OFDM,0.0,-0.94868326,-0.31622776,-0.88333523,-0.3580427
OFDM,Classical OFDM,0.0,0.31622776,0.94868326,0.38395527,1.0010946
OFDM,Classical OFDM,0.0,0.94868326,-0.31622776,0.9784527,-0.42317924
OFDM,Classical OFDM,0.0,-0.94868326,-0.31622776,-1.0423641,-0.28952026
OFDM,Classical OFDM,0.0,0.94868326,0.31622776,1.0024586,0.41369334
OFDM,Classical OFDM,0.0,0.31622776,0.31622776,0.22344555,0.31002116
OFDM,Classical OFDM,0.0,-0.94868326,0.31622776,-1.0221655,0.2185575
OFDM,Classical OFDM,0.0,-0.31622776,0.31622776,-0.20805356,0.12800992
OFDM,Classical OFDM,0.0,-0.94868326,-0.94868326,-0.886428,-0.8424157
OFDM,Classical OFDM,0.0,0.94868326,-0.94868326,0.8938221,-0.9980109
OFDM,Classical OFDM,0.0,0.31622776,-0.31622776,0.38798475,-0.4252299
OFDM,Classical OFDM,0.0,0.94868326,0.94868326,0.941762,0.99584615
OFDM,Classical OFDM,0.0,-0.94868326,0.31622776,-0.9630252,0.1455066
OFDM,Classical OFDM,0.0,-0.31622776,-0.31622776,-0.21781442,-0.33901295
OFDM,Classical OFDM,0.0,-0.94868326,0.94868326,-0.8590876,0.90633374
OFDM,Classical OFDM,0.0,0.94868326,-0.31622776,0.9028875,-0.41124356
OFDM,Classical OFDM,0.0,0.31622776,0.94868326,0.27699324,0.9586551
OFDM,Classical OFDM,0.0,-0.94868326,-0.94868326,-1.0515358,-0.84501016
OFDM,Classical OFDM,0.0,-0.31622776,-0.94868326,-0.36687538,-0.91953486
OFDM,Classical OFDM,0.0,0.94868326,-0.31622776,0.97006166,-0.24701332
OFDM,Classical OFDM,0.0,0.31622776,-0.94868326,0.28783292,-0.96282154
OFDM,Classical OFDM,0.0,0.31622776,-0.31622776,0.41440457,-0.34718263
OFDM,Classical OFDM,0.0,-0.94868326,-0.94868326,-1.0596838,-0.90885437
OFDM,Classical OFDM,0.0,0.31622776,0.94868326,0.26593277,1.115396
OFDM,Classical OFDM,0.0,-0.94868326,0.31622776,-0.85298765,0.17630787
OFDM,Classical OFDM,0.0,-0.31622776,-0.31622776,-0.3867333,-0.3499503
OFDM,Classical OFDM,0.0,-0.31622776,-0.31622776,-0.059069782,-0.24335846
OFDM,Classical OFDM,0.0,-0.94868326,0.31622776,-0.9862509,0.29221883
OFDM,Classical OFDM,0.0,-0.94868326,-0.94868326,-0.97136074,-0.8492904
OFDM,Classical OFDM,0.0,0.94868326,0.31622776,0.9305704,0.34586683
OFDM,Classical OFDM,0.0,-0.94868326,0.94868326,-0.8802494,0.87481695
OFDM,Classical OFDM,0.0,0.31622776,-0.31622776,0.39433745,-0.33801615
OFDM,Classical OFDM,0.0,0.94868326,0.31622776,1.0307845,0.26279354
OFDM,Classical OFDM,0.0,-0.31622776,0.31622776,-0.24658176,0.2174645
OFDM,Classical OFDM,0.0,0.31622776,0.94868326,0.24417183,0.7848452
OFDM,Classical OFDM,0.0,-0.31622776,-0.94868326,-0.24547249,-0.94169194
OFDM,Classical OFDM,0.0,-0.31622776,0.31622776,-0.30840725,0.32864612
OFDM,Classical OFDM,0.0,-0.31622776,0.31622776,-0.2163828,0.22969785
OFDM,Classical OFDM,0.0,-0.31622776,-0.31622776,-0.3428194,-0.42512974
OFDM,Classical OFDM,0.0,0.31622776,0.31622776,0.23721641,0.2806578
OFDM,Classical OFDM,0.0,0.31622776,0.94868326,0.36665964,0.8714741
OFDM,Classical OFDM,0.0,0.31622776,0.94868326,0.39799923,0.8844491
OFDM,Classical OFDM,0.0,0.94868326,-0.31622776,0.853905,-0.30045587
OFDM,Classical OFDM,0.0,-0.94868326,0.94868326,-1.0707142,1.03481
OFDM,Classical OFDM,0.0,-0.94868326,-0.31622776,-0.96285945,-0.30053133
OFDM,Classical OFDM,0.0,0.94868326,0.31622776,0.94689375,0.39898828
OFDM,Classical OFDM,0.0,0.94868326,0.31622776,1.1036335,0.21933928
OFDM,Classical OFDM,0.0,-0.94868326,0.94868326,-0.82439405,0.9143868
OFDM,Classical OFDM,0.0,-0.31622776,0.94868326,-0.23021436,0.95956725
OFDM,Classical OFDM,0.0,-0.31622776,-0.94868326,-0.35589385,-0.9251029
OFDM,Classical OFDM,0.0,0.94868326,0.31622776,0.9725948,0.21417879
OFDM,Classical OFDM,0.0,0.94868326,-0.94868326,0.9987569,-0.82948726
OFDM,Classical OFDM,0.0,-0.31622776,-0.94868326,-0.35813177,-0.87005144
OFDM,Classical OFDM,0.0,-0.94868326,0.31622776,-1.009993,0.37261096
OFDM,Classical OFDM,0.0,-0.94868326,0.94868326,-1.0224937,0.8842936
OFDM,Classical OFDM,0.0,-0.31622776,0.31622776,-0.14150798,0.3952675
OFDM,Classical OFDM,0.0,-0.31622776,0.31622776,-0.28236192,0.3127493
OFDM,Classical OFDM,0.0,0.31622776,0.31622776,0.24877654,0.18599595
OFDM,Classical OFDM,0.0,0.94868326,-0.31622776,0.9542719,-0.25629315
OFDM,Classical OFDM,0.0,-0.31622776,0.94868326,-0.30024466,0.88788164
OFDM,Classical OFDM,0.0,0.31622776,-0.31622776,0.20361716,-0.2705739
OFDM,Classical OFDM,0.0,0.31622776,0.31622776,0.39538682,0.32459617
OFDM,Classical OFDM,0.0,0.94868326,-0.31622776,0.89352703,-0.19599277
OFDM,Classical OFDM,0.0,-0.31622776,-0.94868326,-0.2953751,-0.98020905
OFDM,Classical OFDM,0.0,-0.94868326,0.94868326,-0.93221414,1.0033233
OFDM,Classical OFDM,0.0,0.31622776,0.94868326,0.23038068,0.795421
OFDM,Classical OFDM,0.0,0.31622776,-0.94868326,0.22667912,-0.89854354
OFDM,Classical OFDM,0.0,-0.31622776,-0.31622776,-0.27125373,-0.32810274
OFDM,Classical OFDM,0.0,0.31622776,0.94868326,0.14612433,0.9379026
OFDM,Classical OFDM,0.0,-0.94868326,-0.31622776,-0.9265457,-0.23633738
OFDM,Classical OFDM,0.0,0.31622776,0.94868326,0.2743072,1.103102
OFDM,Classical OFDM,0.0,-0.31622776,-0.31622776,-0.5094979,-0.22151427
OFDM,Classical OFDM,0.0,0.94868326,0.94868326,0.92336684,0.96427745
OFDM,Classical OFDM,0.0,-0.31622776,0.31622776,-0.20253754,0.18848006
OFDM,Classical OFDM,0.0,-0.31622776,0.94868326,-0.17399395,1.0128337
OFDM,Classical OFDM,0.0,0.94868326,-0.94868326,0.94603944,-0.90503997
OFDM,Classical OFDM,0.0,0.31622776,-0.31622776,0.3909403,-0.2369361
OFDM,Classical OFDM,0.0,0.94868326,-0.94868326,0.8838991,-1.0506289
OFDM,Classical OFDM,0.0,-0.31622776,0.31622776,-0.20288843,0.38876817
OFDM,Classical OFDM,0.0,0.94868326,0.31622776,1.012547,0.47696897
OFDM,Classical OFDM,0.0,-0.31622776,0.94868326,-0.23234591,0.88980675
OFDM,Classical OFDM,0.0,0.31622776,0.94868326,0.31485218,0.81200784
OFDM,Classical OFDM,0.0,-0.31622776,-0.94868326,-0.30192333,-0.8938834
OFDM,Classical OFDM,0.0,0.94868326,0.94868326,0.87713695,1.0663873
OFDM,Classical OFDM,0.0,0.31622776,-0.31622776,0.4983799,-0.16852987
OFDM,Classical OFDM,0.0,0.94868326,-0.94868326,1.0766667,-0.9692022
OFDM,Classical OFDM,0.0,0.94868326,-0.31622776,0.91288304,-0.40556264
OFDM,Classical OFDM,0.0,-0.31622776,0.31622776,-0.403949,0.34861338
OFDM,Classical OFDM,0.0,0.31622776,-0.31622776,0.39931,-0.32698074
OFDM,Classical OFDM,0.0,-0.31622776,0.31622776,-0.41823164,0.23923367
OFDM,Classical OFDM,0.0,-0.31622776,0.31622776,-0.3843571,0.29879352
OFDM,Classical OFDM,0.0,0.31622776,-0.94868326,0.46125755,-0.8458004
OFDM,Classical OFDM,0.0,-0.31622776,0.31622776,-0.27315614,0.26685697
OFDM,Classical OFDM,0.0,-0.94868326,0.31622776,-0.87324935,0.29900151
OFDM,Classical OFDM,0.0,-0.31622776,-0.31622776,-0.3109876,-0.46681586
OFDM,Classical OFDM,0.0,0.94868326,0.94868326,1.0116102,1.0125796
OFDM,Classical OFDM,0.0,-0.94868326,-0.31622776,-0.9786081,-0.33968794
OFDM,Classical OFDM,0.0,0.31622776,0.31622776,0.30348083,0.25267428
OFDM,Classical OFDM,0.0,0.31622776,-0.31622776,0.37275195,-0.08142202
OFDM,Classical OFDM,0.0,-0.94868326,-0.94868326,-1.037061,-0.9305233
OFDM,Classical OFDM,0.0,-0.94868326,0.31622776,-1.072118,0.24132368
OFDM,Classical OFDM,0.0,-0.94868326,-0.31622776,-1.0199037,-0.22937301
OFDM,Classical OFDM,0.0,-0.94868326,0.94868326,-0.9436975,0.9662709
OFDM,Classical OFDM,0.0,0.31622776,-0.31622776,0.417054,-0.26227093
OFDM,Classical OFDM,0.0,-0.94868326,0.94868326,-0.8913198,1.0050285
OFDM,Classical OFDM,0.0,-0.31622776,0.94868326,-0.37779108,0.94659543
OFDM,Classical OFDM,0.0,0.31622776,0.31622776,0.15173742,0.30205297
OFDM,Classical OFDM,0.0,-0.31622776,-0.31622776,-0.42810124,-0.31208012
OFDM,Classical OFDM,0.0,-0.31622776,0.94868326,-0.38585758,0.86795336
OFDM,Classical OFDM,0.0,-0.94868326,0.31622776,-0.92023104,0.38863042
OFDM,Classical OFDM,0.0,-0.94868326,-0.31622776,-0.90431917,-0.29227793
OFDM,Classical OFDM,0.0,-0.31622776,0.94868326,-0.2920986,0.88167286
OFDM,Classical OFDM,0.0,-0.31622776,-0.94868326,-0.22514114,-0.9482855
OFDM,Classical OFDM,0.0,0.94868326,-0.31622776,0.877247,-0.26286173
OFDM,Classical OFDM,0.0,0.31622776,0.31622776,0.27264774,0.27237988
OFDM,Classical OFDM,0.0,0.94868326,0.94868326,0.90660083,0.9024668
OFDM,Classical OFDM,0.0,-0.94868326,0.94868326,-0.8602464,0.8756315
OFDM,Classical OFDM,0.0,-0.94868326,0.94868326,-1.0817878,0.88372976
OFDM,Classical OFDM,0.0,0.94868326,0.94868326,0.9111363,0.8760147
OFDM,Classical OFDM,0.0,-0.31622776,0.31622776,-0.3000007,0.382282
OFDM,Classical OFDM,0.0,0.94868326,0.31622776,0.9031342,0.41047686
OFDM,Classical OFDM,0.0,-0.31622776,-0.31622776,-0.4382499,-0.37921733
OFDM,Classical OFDM,0.0,0.94868326,-0.31622776,1.055195,-0.2526712
OFDM,Classical OFDM,0.0,0.31622776,0.31622776,0.33552048,0.345504
OFDM,Classical OFDM,0.0,0.31622776,-0.31622776,0.29208735,-0.10358675
OFDM,Classical OFDM,0.0,-0.94868326,-0.94868326,-0.92691016,-0.9336778
OFDM,Classical OFDM,0.0,-0.31622776,0.31622776,-0.3143094,0.41104364
OFDM,Classical OFDM,0.0,-0.31622776,0.94868326,-0.052945882,0.8222439
OFDM,Classical OFDM,0.0,0.94868326,0.31622776,0.822852,0.14435074
OFDM,Classical OFDM,0.0,-0.94868326,-0.94868326,-0.9366205,-0.89690304
OFDM,Classical OFDM,0.0,0.31622776,-0.31622776,0.28945395,-0.3362006
OFDM,Classical OFDM,0.0,0.94868326,-0.94868326,0.9711511,-1.0792861
OFDM,Classical OFDM,0.0,-0.94868326,-0.31622776,-1.0076815,-0.18595296
OFDM,Classical OFDM,0.0,-0.94868326,-0.31622776,-0.9764723,-0.27542847
OFDM,Classical OFDM,0.0,-0.94868326,-0.94868326,-0.9652944,-0.86167455
OFDM,Classical OFDM,0.0,-0.31622776,0.94868326,-0.25583982,0.9454682
OFDM,Classical OFDM,0.0,0.31622776,-0.31622776,0.3622586,-0.40784782
OFDM,Classical OFDM,0.0,-0.31622776,0.94868326,-0.30251053,0.8029717
OFDM,Classical OFDM,0.0,0.94868326,0.94868326,0.87802786,0.9113567
OFDM,Classical OFDM,0.0,0.94868326,-0.31622776,0.8686305,-0.19863094
OFDM,Classical OFDM,0.0,-0.31622776,0.31622776,-0.35496467,0.3755555
OFDM,Classical OFDM,0.0,0.94868326,0.31622776,0.999279,0.315328
OFDM,Classical OFDM,0.0,-0.31622776,0.94868326,-0.27736658,0.8863673
OFDM,Classical OFDM,0.0,-0.31622776,0.94868326,-0.36626235,0.81731826
OFDM,Classical OFDM,0.0,-0.94868326,-0.94868326,-0.804693,-1.058648
OFDM,Classical OFDM,0.0,0.94868326,-0.94868326,0.73225725,-1.0323455
OFDM,Classical OFDM,0.0,0.31622776,-0.94868326,0.2940182,-0.8926962
OFDM,Classical OFDM,0.0,0.94868326,-0.31622776,0.978489,-0.41689944
OFDM,Classical OFDM,0.0,0.31622776,0.94868326,0.25439057,0.9036139
OFDM,Classical OFDM,0.0,0.94868326,0.94868326,0.82540244,0.90833193
OFDM,Classical OFDM,0.0,-0.31622776,-0.94868326,-0.4020428,-0.7077182
OFDM,Classical OFDM,0.0,-0.94868326,-0.94868326,-0.9632664,-0.9851539
OFDM,Classical OFDM,0.0,-0.31622776,-0.31622776,-0.1935636,-0.28494188
OFDM,Classical OFDM,0.0,0.94868326,0.31622776,0.94107497,0.11563404
OFDM,Classical OFDM,0.0,-0.31622776,0.94868326,-0.51121676,1.0157841
OFDM,Classical OFDM,0.0,0.94868326,0.94868326,0.8744942,1.108626
OFDM,Classical OFDM,0.0,-0.94868326,0.94868326,-0.779674,1.0404258
OFDM,Classical OFDM,0.0,0.31622776,-0.94868326,0.22234641,-0.9791676
OFDM,Classical OFDM,0.0,0.31622776,0.94868326,0.1852105,0.9491998
OFDM,Classical OFDM,0.0,-0.31622776,-0.31622776,-0.2478191,-0.47968122
OFDM,Classical OFDM,0.0,0.31622776,0.31622776,0.15650484,0.4088813
OFDM,Classical OFDM,0.0,-0.31622776,0.94868326,-0.33170092,0.8452294
OFDM,Classical OFDM,0.0,-0.94868326,0.94868326,-0.86210555,1.0038167
OFDM,Classical OFDM,0.0,0.31622776,0.31622776,0.3830947,0.4237194
OFDM,Classical OFDM,0.0,-0.31622776,-0.94868326,-0.2423687,-1.033893
OFDM,Classical OFDM,0.0,0.94868326,0.31622776,0.9268488,0.33133322
OFDM,Classical OFDM,0.0,-0.94868326,-0.94868326,-1.039124,-1.027446
OFDM,Classical OFDM,0.0,-0.31622776,0.94868326,-0.41649383,0.94104576
OFDM,Classical OFDM,0.0,-0.94868326,-0.31622776,-0.92899996,-0.49612978
OFDM,Classical OFDM,0.0,-0.31622776,-0.94868326,-0.30984762,-1.0456351
OFDM,Classical OFDM,0.0,0.31622776,-0.94868326,0.21793982,-0.9944203
OFDM,Classical OFDM,0.0,0.31622776,-0.31622776,0.34950376,-0.22952867
OFDM,Classical OFDM,0.0,0.31622776,-0.94868326,0.22512189,-1.0195096
OFDM,Classical OFDM,0.0,-0.31622776,0.94868326,-0.4117872,0.8650929
OFDM,Classical OFDM,0.0,-0.94868326,-0.31622776,-0.75307035,-0.33811724
OFDM,Classical OFDM,0.0,0.94868326,0.94868326,1.0016062,1.0157795
OFDM,Classical OFDM,0.0,0.31622776,-0.31622776,0.37731206,-0.08264199
OFDM,Classical OFDM,0.0,-0.94868326,-0.31622776,-0.7680025,-0.3284548
OFDM,Classical OFDM,0.0,-0.31622776,0.94868326,-0.39075592,0.8418476
OFDM,Classical OFDM,0.0,-0.31622776,-0.31622776,-0.11069989,-0.42032215
OFDM,Classical OFDM,0.0,-0.94868326,0.94868326,-0.66091573,0.9437856
OFDM,Classical OFDM,0.0,-0.94868326,0.94868326,-0.97313297,1.0390364
OFDM,Classical OFDM,0.0,0.94868326,0.94868326,0.96188045,0.98458314
OFDM,Classical OFDM,0.0,0.94868326,-0.31622776,0.9839012,-0.3249321
OFDM,Classical OFDM,0.0,0.31622776,-0.31622776,0.316455,-0.3270919
OFDM,Classical OFDM,0.0,-0.31622776,-0.94868326,-0.3741766,-0.9643212
OFDM,Classical OFDM,0.0,0.31622776,-0.31622776,0.08640717,-0.23742288
OFDM,Classical OFDM,0.0,0.31622776,0.31622776,0.31165308,0.19560748
OFDM,Classical OFDM,0.0,0.31622776,0.94868326,0.29628134,0.93516374
OFDM,Classical OFDM,0.0,-0.31622776,0.94868326,-0.3119151,0.9880296
OFDM,Classical OFDM,0.0,0.31622776,0.31622776,0.4433659,0.3963917
OFDM,Classical OFDM,0.0,-0.31622776,0.31622776,-0.1808784,0.07891506
OFDM,Classical OFDM,0.0,0.94868326,-0.31622776,0.9195632,-0.23246467
OFDM,Classical OFDM,0.0,0.94868326,-0.94868326,0.92120135,-1.0322392
OFDM,Classical OFDM,0.0,0.31622776,-0.94868326,0.29626608,-0.92836684
OFDM,Classical OFDM,0.0,-0.94868326,-0.31622776,-0.94988674,-0.34045506
OFDM,Classical OFDM,0.0,-0.94868326,0.94868326,-0.97597563,0.9458938
OFDM,Classical OFDM,0.0,0.31622776,0.94868326,0.36640272,0.8218923
OFDM,Classical OFDM,0.0,0.94868326,0.94868326,0.8958888,0.9550847
OFDM,Classical OFDM,0.0,0.94868326,0.31622776,0.9793151,0.2987436
OFDM,Classical OFDM,0.0,0.94868326,0.31622776,0.9011057,0.3845974
OFDM,Classical OFDM,0.0,-0.94868326,0.31622776,-0.9171366,0.23034348
OFDM,Classical OFDM,0.0,-0.94868326,-0.94868326,-0.89550185,-0.8634253
OFDM,Classical OFDM,0.0,0.94868326,0.94868326,1.0503205,0.9220122
OFDM,Classical OFDM,0.0,0.31622776,-0.31622776,0.40984556,-0.3316848
OFDM,Classical OFDM,0.0,-0.31622776,0.31622776,-0.18339664,0.3243178
OFDM,Classical OFDM,0.0,-0.94868326,0.31622776,-1.0492914,0.45650822
OFDM,Classical OFDM,0.0,0.94868326,0.94868326,1.1096563,1.0319542
OFDM,Classical OFDM,0.0,-0.31622776,0.31622776,-0.36529055,0.19575073
OFDM,Classical OFDM,0.0,0.31622776,0.31622776,0.27762324,0.40442833
OFDM,Classical OFDM,0.0,-0.31622776,-0.31622776,-0.23572381,-0.3987756
OFDM,Classical OFDM,0.0,0.31622776,0.94868326,0.27787846,1.0474468
OFDM,Classical OFDM,0.0,-0.31622776,-0.94868326,-0.3195964,-0.8657268
OFDM,Classical OFDM,0.0,-0.94868326,-0.94868326,-0.7984445,-1.0313767
OFDM,Classical OFDM,0.0,-0.94868326,0.31622776,-0.8790044,0.19211687
OFDM,Classical OFDM,0.0,0.31622776,0.31622776,0.40560922,0.34043854
OFDM,Classical OFDM,0.0,0.31622776,0.31622776,0.1937407,0.27160951
OFDM,Classical OFDM,0.0,0.94868326,0.94868326,0.95364475,0.9658491
OFDM,Classical OFDM,0.0,-0.31622776,0.94868326,-0.33308095,0.9332591
OFDM,Classical OFDM,0.0,-0.31622776,0.94868326,-0.3239133,0.91444886
OFDM,Classical OFDM,0.0,0.31622776,-0.31622776,0.35628727,-0.49125394
OFDM,Classical OFDM,0.0,-0.31622776,-0.94868326,-0.34775534,-0.9382294
OFDM,Classical OFDM,0.0,0.94868326,-0.94868326,0.92436457,-0.9394093
OFDM,Classical OFDM,0.0,-0.94868326,0.31622776,-0.971674,0.20599854
OFDM,Classical OFDM,0.0,0.31622776,-0.94868326,0.4204174,-1.0789119
OFDM,Classical OFDM,0.0,-0.31622776,0.94868326,-0.50908995,0.9661354
OFDM,Classical OFDM,0.0,-0.94868326,-0.94868326,-0.981282,-0.85334164
OFDM,Classical OFDM,0.0,-0.31622776,0.31622776,-0.20835578,0.34364736
OFDM,Classical OFDM,0.0,0.31622776,0.94868326,0.15548399,0.9816568
OFDM,Classical OFDM,0.0,-0.31622776,0.94868326,-0.48926115,0.99632025
OFDM,Classical OFDM,0.0,-0.94868326,0.94868326,-0.85508,1.005692
OFDM,Classical OFDM,0.0,0.31622776,0.31622776,0.35435224,0.24051489
OFDM,Classical OFDM,0.0,-0.31622776,0.31622776,-0.28697565,0.3501536
OFDM,Classical OFDM,0.0,0.94868326,0.31622776,0.65331286,0.29202
OFDM,Classical OFDM,0.0,-0.31622776,-0.31622776,-0.25336617,-0.39220425
OFDM,Classical OFDM,0.0,-0.94868326,0.94868326,-1.0289543,0.8990296
OFDM,Classical OFDM,0.0,-0.94868326,-0.31622776,-0.9080254,-0.33008912
OFDM,Classical OFDM,0.0,-0.31622776,0.94868326,-0.31252196,0.94426876
OFDM,Classical OFDM,0.0,-0.31622776,-0.94868326,-0.29025826,-1.0496728
OFDM,Classical OFDM,0.0,-0.31622776,-0.31622776,-0.4204318,-0.3749607
OFDM,Classical OFDM,0.0,-0.31622776,-0.31622776,-0.36711425,-0.26664218
OFDM,Classical OFDM,0.0,0.94868326,-0.94868326,1.0121443,-1.0879916
OFDM,Classical OFDM,0.0,-0.31622776,-0.94868326,-0.14730918,-0.9637749
OFDM,Classical OFDM,0.0,0.94868326,0.31622776,0.8803748,0.28216136
OFDM,Classical OFDM,0.0,-0.94868326,-0.31622776,-0.9846178,-0.29849297
OFDM,Classical OFDM,0.0,0.31622776,-0.94868326,0.5248402,-1.0211675
OFDM,Classical OFDM,0.0,0.94868326,0.94868326,1.0985688,0.87800217
OFDM,Classical OFDM,0.0,-0.31622776,0.94868326,-0.28540704,0.97579855
OFDM,Classical OFDM,0.0,-0.31622776,-0.31622776,-0.26389173,-0.23621301
OFDM,Classical OFDM,0.0,0.31622776,0.31622776,0.36935353,0.27287194
OFDM,Classical OFDM,0.0,-0.94868326,0.94868326,-0.9235112,1.0129837
OFDM,Classical OFDM,0.0,0.94868326,-0.31622776,0.95080584,-0.40070903
OFDM,Classical OFDM,0.0,0.31622776,0.31622776,0.31215706,0.43454218
OFDM,Classical OFDM,0.0,0.31622776,-0.94868326,0.34501076,-1.0162815
OFDM,Classical OFDM,0.0,0.94868326,-0.31622776,1.0295761,-0.33662012
OFDM,Classical OFDM,0.0,0.94868326,0.31622776,0.9114907,0.17961024
OFDM,Classical OFDM,0.0,-0.94868326,-0.31622776,-0.7312598,-0.24962112
OFDM,Classical OFDM,0.0,0.94868326,-0.94868326,0.89103353,-0.9155094
OFDM,Classical OFDM,0.0,-0.94868326,-0.31622776,-0.9525726,-0.2894384
OFDM,Classical OFDM,0.0,-0.94868326,0.31622776,-0.9646307,0.2546575
OFDM,Classical OFDM,0.0,0.94868326,0.94868326,0.9195869,1.0300943
OFDM,Classical OFDM,0.0,-0.94868326,0.31622776,-0.9663649,0.28161258
OFDM,Classical OFDM,0.0,-0.94868326,0.31622776,-0.8692773,0.23553148
OFDM,Classical OFDM,0.0,0.94868326,-0.31622776,0.9664155,-0.34805486
OFDM,Classical OFDM,0.0,0.94868326,0.94868326,1.1495557,0.83737564
OFDM,Classical OFDM,0.0,-0.31622776,0.94868326,-0.306703,1.0042176
OFDM,Classical OFDM,0.0,-0.94868326,-0.94868326,-0.9099321,-0.93982047
OFDM,Classical OFDM,0.0,-0.94868326,0.31622776,-0.9251543,0.2823865
OFDM,Classical OFDM,0.0,-0.31622776,-0.94868326,-0.1968272,-0.89309734
OFDM,Classical OFDM,0.0,0.31622776,-0.31622776,0.3338524,-0.34516373
OFDM,Classical OFDM,0.0,0.31622776,0.31622776,0.41436282,0.22187206
OFDM,Classical OFDM,0.0,-0.94868326,-0.31622776,-0.85378516,-0.37490126
OFDM,Classical OFDM,0.0,0.31622776,-0.31622776,0.24904211,-0.32539788
OFDM,Classical OFDM,0.0,0.94868326,-0.94868326,0.8793269,-0.8449732
OFDM,Classical OFDM,0.0,-0.94868326,-0.31622776,-1.0355659,-0.19227448
OFDM,Classical OFDM,0.0,0.31622776,-0.31622776,0.31146345,-0.4846247
OFDM,Classical OFDM,0.0,-0.94868326,-0.31622776,-1.0660039,-0.3656764
OFDM,Classical OFDM,0.0,-0.94868326,-0.94868326,-0.96686137,-1.1017901
OFDM,Classical OFDM,0.0,-0.31622776,0.31622776,-0.30227357,0.49620023
OFDM,Classical OFDM,0.0,-0.94868326,0.31622776,-0.720353,0.25251284
OFDM,Classical OFDM,0.0,-0.94868326,-0.94868326,-0.98677874,-0.9793504
OFDM,Classical OFDM,0.0,0.94868326,0.31622776,0.97331136,0.31663176
OFDM,Classical OFDM,0.0,-0.31622776,0.94868326,-0.33832544,0.85876757
OFDM,Classical OFDM,0.0,0.31622776,0.94868326,0.26808578,0.9098065
OFDM,Classical OFDM,0.0,-0.31622776,-0.94868326,-0.26574057,-1.0484614
OFDM,Classical OFDM,0.0,0.31622776,-0.94868326,0.1616102,-1.0169488
OFDM,Classical OFDM,0.0,-0.31622776,0.94868326,-0.3777117,0.8667002
OFDM,Classical OFDM,0.0,-0.94868326,0.94868326,-0.94320995,0.9015026
OFDM,Classical OFDM,0.0,0.94868326,-0.94868326,1.094091,-0.964928
OFDM,Classical OFDM,0.0,0.94868326,-0.94868326,1.0194728,-1.1071277
OFDM,Classical OFDM,0.0,-0.94868326,0.94868326,-0.9647846,0.83409095
OFDM,Classical OFDM,0.0,0.31622776,0.31622776,0.40418503,0.4552926
OFDM,Classical OFDM,0.0,-0.94868326,-0.94868326,-0.95512223,-0.8817208
OFDM,Classical OFDM,0.0,0.31622776,-0.31622776,0.31092882,-0.4096339
OFDM,Classical OFDM,0.0,-0.31622776,0.94868326,-0.2791583,0.9215525
OFDM,Classical OFDM,0.0,0.31622776,-0.94868326,0.24513745,-1.1378574
OFDM,Classical OFDM,0.0,-0.94868326,0.31622776,-1.0160527,0.23796579
OFDM,Classical OFDM,0.0,0.31622776,0.31622776,0.36298177,0.21407123
OFDM,Classical OFDM,0.0,0.31622776,-0.94868326,0.1861144,-0.926499
OFDM,Classical OFDM,0.0,-0.94868326,-0.94868326,-0.8476241,-0.83981186
OFDM,Classical OFDM,0.0,-0.94868326,-0.94868326,-1.104177,-0.9134901
OFDM,Classical OFDM,0.0,-0.94868326,-0.94868326,-0.903713,-0.9352447
OFDM,Classical OFDM,0.0,0.31622776,0.94868326,0.27805188,1.0077842
OFDM,Classical OFDM,0.0,-0.31622776,0.31622776,-0.2823382,0.40612435
OFDM,Classical OFDM,0.0,-0.31622776,0.31622776,-0.19973189,0.3393973
OFDM,Classical OFDM,0.0,-0.31622776,0.94868326,-0.43707395,0.9861353
OFDM,Classical OFDM,0.0,-0.31622776,-0.31622776,-0.33055496,-0.3294588
OFDM,Classical OFDM,0.0,0.94868326,-0.94868326,0.8566671,-0.7760244
OFDM,Classical OFDM,0.0,-0.31622776,-0.94868326,-0.42622042,-0.94814014
OFDM,Classical OFDM,0.0,0.31622776,0.31622776,0.12807156,0.35742542
OFDM,Classical OFDM,0.0,-0.94868326,-0.94868326,-0.9139996,-0.84058535
OFDM,Classical OFDM,0.0,0.94868326,-0.94868326,0.9776859,-0.8566376
OFDM,Classical OFDM,0.0,0.31622776,-0.31622776,0.22835812,-0.32972962
OFDM,Classical OFDM,0.0,0.94868326,-0.94868326,0.979159,-1.0379812
OFDM,Classical OFDM,0.0,0.94868326,0.94868326,0.99439573,0.90445155
OFDM,Classical OFDM,0.0,0.31622776,-0.94868326,0.18134907,-0.92712414
OFDM,Classical OFDM,0.0,-0.94868326,-0.31622776,-0.8066877,-0.39574486
OFDM,Classical OFDM,0.0,-0.31622776,0.94868326,-0.556085,0.9336657
OFDM,Classical OFDM,0.0,0.31622776,0.94868326,0.45429137,1.0040781
OFDM,Classical OFDM,0.0,0.31622776,-0.94868326,0.37236997,-1.103184
OFDM,Classical OFDM,0.0,-0.94868326,-0.31622776,-0.9061631,-0.32487813
OFDM,Classical OFDM,0.0,-0.94868326,0.94868326,-0.9610574,0.9674267
OFDM,Classical OFDM,0.0,-0.94868326,-0.94868326,-0.89367414,-0.9258524
OFDM,Classical OFDM,0.0,-0.31622776,-0.31622776,-0.28794727,-0.36456674
OFDM,Classical OFDM,0.0,0.94868326,-0.94868326,0.92664284,-0.9463125
OFDM,Classical OFDM,0.0,-0.94868326,-0.94868326,-1.0266864,-1.0565709
OFDM,Classical OFDM,0.0,-0.31622776,-0.94868326,-0.52403533,-0.8852887
OFDM,Classical OFDM,0.0,-0.94868326,0.31622776,-0.9011512,0.25807154
OFDM,Classical OFDM,0.0,0.94868326,-0.31622776,1.0316819,-0.39903232
OFDM,Classical OFDM,0.0,0.31622776,0.31622776,0.36651778,0.23411296
OFDM,Classical OFDM,0.0,0.31622776,-0.31622776,0.31657428,-0.2811045
OFDM,Classical OFDM,0.0,0.94868326,-0.31622776,1.0171459,-0.3286681
OFDM,Classical OFDM,0.0,0.94868326,0.94868326,0.96705914,0.8310056
OFDM,Classical OFDM,0.0,-0.31622776,0.31622776,-0.40558606,0.37755436
OFDM,Classical OFDM,0.0,-0.31622776,-0.94868326,-0.31951022,-0.9477239
OFDM,Classical OFDM,0.0,-0.31622776,-0.31622776,-0.27969968,-0.27608636
OFDM,Classical OFDM,0.0,-0.94868326,0.31622776,-1.0160941,0.3332172
OFDM,Classical OFDM,0.0,0.31622776,0.31622776,0.080619454,0.30420905
OFDM,Classical OFDM,0.0,-0.94868326,-0.31622776,-1.0290858,-0.48527437
OFDM,Classical OFDM,0.0,-0.31622776,0.94868326,-0.25342807,0.87364787
OFDM,Classical OFDM,0.0,0.94868326,0.31622776,0.993992,0.275259
OFDM,Classical OFDM,0.0,-0.94868326,-0.94868326,-0.98664117,-1.0129884
OFDM,Classical OFDM,0.0,0.31622776,-0.31622776,0.3972682,-0.3002108
OFDM,Classical OFDM,0.0,0.31622776,-0.94868326,0.27940905,-0.7025302
OFDM,Classical OFDM,0.0,0.31622776,-0.94868326,0.4567205,-1.1123041
OFDM,Classical OFDM,0.0,0.31622776,0.94868326,0.24467629,0.883241
OFDM,Classical OFDM,0.0,0.31622776,-0.31622776,0.2986111,-0.1968054
OFDM,Classical OFDM,0.0,0.94868326,0.31622776,0.715416,0.3237636
OFDM,Classical OFDM,0.0,-0.31622776,0.94868326,-0.32656926,0.9653784
OFDM,Classical OFDM,0.0,0.31622776,-0.31622776,0.36750364,-0.27233332
OFDM,Classical OFDM,0.0,-0.94868326,-0.31622776,-0.9364793,-0.33189818
OFDM,Classical OFDM,0.0,-0.94868326,0.94868326,-0.8885653,0.9020475
OFDM,Classical OFDM,0.0,-0.94868326,-0.94868326,-1.1625031,-0.89960027
OFDM,Classical OFDM,0.0,-0.94868326,0.94868326,-0.9343938,1.0194163
OFDM,Classical OFDM,0.0,-0.94868326,-0.31622776,-0.98638594,-0.3554708
OFDM,Classical OFDM,0.0,-0.94868326,0.94868326,-1.0290719,1.0197982
OFDM,Classical OFDM,0.0,0.94868326,-0.94868326,1.0290023,-1.0071332
OFDM,Classical OFDM,0.0,0.94868326,0.31622776,0.9652406,0.35165846
OFDM,Classical OFDM,0.0,-0.31622776,0.94868326,-0.285998,1.0137248
OFDM,Classical OFDM,0.0,0.94868326,-0.31622776,0.92082936,-0.35975528
OFDM,Classical OFDM,0.0,0.94868326,0.94868326,0.80484784,1.1029549
OFDM,Classical OFDM,0.0,-0.94868326,-0.94868326,-0.7350638,-0.734562
OFDM,Classical OFDM,0.0,-0.31622776,-0.31622776,-0.275753,-0.40982634
OFDM,Classical OFDM,0.0,-0.31622776,-0.94868326,-0.4331632,-1.0228071
OFDM,Classical OFDM,0.0,0.94868326,-0.31622776,0.87342674,-0.20058194
OFDM,Classical OFDM,0.0,-0.31622776,0.31622776,-0.36011624,0.35935837
OFDM,Classical OFDM,0.0,0.94868326,0.31622776,1.0070598,0.3425791
OFDM,Classical OFDM,0.0,-0.94868326,-0.94868326,-0.9584874,-1.1156254
OFDM,Classical OFDM,0.0,0.31622776,-0.94868326,0.49078506,-0.9902602
OFDM,Classical OFDM,0.0,-0.31622776,-0.31622776,-0.25537497,-0.293564
OFDM,Classical OFDM,0.0,-0.94868326,-0.31622776,-0.8904518,-0.41043004
OFDM,Classical OFDM,0.0,-0.31622776,0.94868326,-0.42254797,0.94522667
OFDM,Classical OFDM,0.0,-0.31622776,0.31622776,-0.3015367,0.3796451
OFDM,Classical OFDM,0.0,-0.31622776,-0.31622776,-0.26050016,-0.21166337
OFDM,Classical OFDM,0.0,-0.94868326,-0.94868326,-0.96059823,-1.0413789
OFDM,Classical OFDM,0.0,0.31622776,0.94868326,0.3727723,1.1568167
OFDM,Classical OFDM,0.0,-0.31622776,0.94868326,-0.39296615,0.92538375
OFDM,Classical OFDM,0.0,-0.31622776,0.94868326,-0.35132033,0.87841815
OFDM,Classical OFDM,0.0,0.94868326,-0.31622776,0.88688153,-0.22446842
OFDM,Classical OFDM,0.0,0.94868326,0.31622776,0.85508746,0.26879087
OFDM,Classical OFDM,0.0,0.31622776,0.94868326,0.3664195,0.95397925
OFDM,Classical OFDM,0.0,-0.31622776,-0.31622776,-0.3937648,-0.31788084
OFDM,Classical OFDM,0.0,0.94868326,-0.94868326,0.98277354,-1.0528672
OFDM,Classical OFDM,0.0,-0.31622776,-0.94868326,-0.39387864,-1.14058
OFDM,Classical OFDM,0.0,-0.31622776,0.94868326,-0.49868366,1.02565
OFDM,Classical OFDM,0.0,-0.94868326,-0.31622776,-0.9318869,-0.29503387
OFDM,Classical OFDM,0.0,0.31622776,0.31622776,0.41697422,0.23253934
OFDM,Classical OFDM,0.0,-0.31622776,-0.94868326,-0.27604035,-1.0303693
OFDM,Classical OFDM,0.0,-0.31622776,0.94868326,-0.22934256,0.90738934
OFDM,Classical OFDM,0.0,0.31622776,-0.31622776,0.4294424,-0.3111318
OFDM,Classical OFDM,0.0,0.31622776,0.94868326,0.32237178,1.1007326
OFDM,Classical OFDM,0.0,-0.31622776,-0.94868326,-0.27291405,-0.88490885
OFDM,Classical OFDM,0.0,0.31622776,-0.94868326,0.44502875,-0.9952765
OFDM,Classical OFDM,0.0,-0.94868326,-0.94868326,-0.89939666,-0.96826047
OFDM,Classical OFDM,0.0,-0.94868326,0.94868326,-0.8106415,0.85631573
OFDM,Classical OFDM,0.0,-0.31622776,-0.94868326,-0.36500505,-0.9700969
OFDM,Classical OFDM,0.0,0.94868326,-0.31622776,0.91061074,-0.45641822
OFDM,Classical OFDM,0.0,-0.31622776,-0.31622776,-0.5799992,-0.28663793
OFDM,Classical OFDM,0.0,0.31622776,0.94868326,0.3721322,0.95102704
OFDM,Classical OFDM,0.0,0.31622776,0.31622776,0.3737548,0.27394956
OFDM,Classical OFDM,0.0,0.31622776,-0.31622776,0.31386596,-0.24576986
OFDM,Classical OFDM,0.0,-0.31622776,0.31622776,-0.23772436,0.58587515
OFDM,Classical OFDM,0.0,-0.94868326,-0.31622776,-0.89859325,-0.26772088
OFDM,Classical OFDM,0.0,0.31622776,0.94868326,0.314728,0.8439876
OFDM,Classical OFDM,0.0,0.31622776,-0.31622776,0.27224013,-0.33442032
OFDM,Classical OFDM,0.0,0.31622776,0.94868326,0.4994251,0.950288
OFDM,Classical OFDM,0.0,0.94868326,-0.31622776,0.99674296,-0.35697824
OFDM,Classical OFDM,0.0,0.31622776,0.94868326,0.44160232,0.82032573
OFDM,Classical OFDM,0.0,-0.31622776,-0.94868326,-0.34299868,-0.96423167
OFDM,Classical OFDM,0.0,0.31622776,0.94868326,0.2699629,1.0162388
OFDM,Classical OFDM,0.0,-0.94868326,0.31622776,-1.106884,0.50477844
OFDM,Classical OFDM,0.0,0.31622776,-0.31622776,0.434731,-0.4078067
OFDM,Classical OFDM,0.0,-0.31622776,-0.31622776,-0.38473186,-0.31027836
OFDM,Classical OFDM,0.0,-0.94868326,0.31622776,-0.8714247,0.3920421
OFDM,Classical OFDM,0.0,-0.31622776,0.94868326,-0.31306115,1.037389
OFDM,Classical OFDM,0.0,0.94868326,-0.94868326,0.8715067,-0.9649577
OFDM,Classical OFDM,0.0,0.94868326,0.31622776,1.1190472,0.29536843
OFDM,Classical OFDM,0.0,0.94868326,-0.31622776,1.0986545,-0.46117944
OFDM,Classical OFDM,0.0,-0.94868326,0.94868326,-1.0220284,1.1546438
OFDM,Classical OFDM,0.0,-0.94868326,0.94868326,-1.0302784,0.9351245
OFDM,Classical OFDM,0.0,0.94868326,0.31622776,1.0360516,0.25443846
OFDM,Classical OFDM,0.0,-0.31622776,0.31622776,-0.44785616,0.20182604
OFDM,Classical OFDM,0.0,-0.31622776,0.94868326,-0.24544203,0.859564
OFDM,Classical OFDM,0.0,0.31622776,-0.31622776,0.2627636,-0.32604918
OFDM,Classical OFDM,0.0,-0.31622776,-0.31622776,-0.18725431,-0.3843574
OFDM,Classical OFDM,0.0,0.94868326,-0.31622776,0.98748595,-0.36576343
OFDM,Classical OFDM,0.0,-0.94868326,-0.31622776,-0.9246252,-0.21245624
OFDM,Classical OFDM,0.0,0.31622776,-0.31622776,0.39134005,-0.34218374
OFDM,Classical OFDM,0.0,0.31622776,0.94868326,0.2361426,0.9223191
OFDM,Classical OFDM,0.0,0.94868326,0.31622776,1.0260221,0.34962502
OFDM,Classical OFDM,0.0,-0.94868326,-0.94868326,-0.9300288,-0.85379964
OFDM,Classical OFDM,0.0,0.31622776,-0.31622776,0.41285026,-0.22083779
OFDM,Classical OFDM,0.0,-0.94868326,-0.31622776,-1.1649027,-0.3790585
OFDM,Classical OFDM,0.0,0.94868326,0.31622776,0.86671937,0.5076759
OFDM,Classical OFDM,0.0,-0.31622776,0.94868326,-0.43302667,1.0471809
OFDM,Classical OFDM,0.0,-0.94868326,-0.31622776,-1.0075805,-0.37247226
OFDM,Classical OFDM,0.0,-0.31622776,0.31622776,-0.07807873,0.41201434
OFDM,Classical OFDM,0.0,0.31622776,0.31622776,0.38021138,0.2817326
OFDM,Classical OFDM,0.0,0.94868326,0.94868326,0.86172384,1.039259
OFDM,Classical OFDM,0.0,0.31622776,0.31622776,0.4040073,0.37293857
OFDM,Classical OFDM,0.0,-0.31622776,-0.94868326,-0.2957386,-1.0940112
OFDM,Classical OFDM,0.0,-0.31622776,-0.94868326,-0.20240521,-0.87573445
OFDM,Classical OFDM,0.0,-0.94868326,-0.94868326,-0.8216336,-0.99907726
OFDM,Classical OFDM,0.0,0.31622776,-0.94868326,0.3776822,-1.0146371
OFDM,Classical OFDM,0.0,0.31622776,0.94868326,0.30047214,0.93102825
OFDM,Classical OFDM,0.0,0.94868326,0.31622776,1.1200919,0.25138173
OFDM,Classical OFDM,0.0,0.94868326,-0.94868326,0.97542423,-0.94528234
OFDM,Classical OFDM,0.0,0.31622776,-0.94868326,0.41139948,-0.9045603
OFDM,Classical OFDM,0.0,-0.94868326,0.94868326,-0.90103984,0.9939021
OFDM,Classical OFDM,0.0,-0.94868326,-0.31622776,-0.9004683,-0.32370412
OFDM,Classical OFDM,0.0,-0.94868326,-0.31622776,-1.0461456,-0.27740663
OFDM,Classical OFDM,0.0,0.31622776,0.31622776,0.23298892,0.24392065
OFDM,Classical OFDM,0.0,0.94868326,-0.94868326,1.0285342,-0.8731469
OFDM,Classical OFDM,0.0,0.94868326,0.31622776,0.8769959,0.27551773
OFDM,Classical OFDM,0.0,0.94868326,0.94868326,1.014004,0.9422048
OFDM,Classical OFDM,0.0,0.94868326,-0.94868326,0.9902399,-1.1774898
OFDM,Classical OFDM,0.0,-0.94868326,-0.94868326,-0.87994564,-0.9672458
OFDM,Classical OFDM,0.0,-0.94868326,-0.94868326,-0.9949635,-0.9792801
OFDM,Classical OFDM,0.0,0.94868326,0.31622776,1.0562346,0.2716983
OFDM,Classical OFDM,0.0,-0.94868326,-0.31622776,-1.061674,-0.11313375
OFDM,Classical OFDM,0.0,0.31622776,0.31622776,0.33771455,0.31970543
OFDM,Classical OFDM,0.0,0.31622776,0.31622776,0.36156628,0.35179287
OFDM,Classical OFDM,0.0,-0.31622776,-0.94868326,-0.31909236,-1.0496558
OFDM,Classical OFDM,0.0,0.94868326,-0.31622776,1.0861332,-0.22325058
OFDM,Classical OFDM,0.0,-0.31622776,-0.31622776,-0.40623626,-0.34705928
OFDM,Classical OFDM,0.0,0.31622776,0.94868326,0.3525512,0.9386821
OFDM,Classical OFDM,0.0,0.31622776,-0.31622776,0.45584863,-0.24679679
OFDM,Classical OFDM,0.0,0.31622776,-0.94868326,0.39589337,-0.9202888
OFDM,Classical OFDM,0.0,0.94868326,0.31622776,1.0188746,0.37249258
OFDM,Classical OFDM,0.0,-0.31622776,-0.31622776,-0.2326673,-0.20380445
OFDM,Classical OFDM,0.0,-0.94868326,0.94868326,-0.99188125,0.9199058
OFDM,Classical OFDM,0.0,0.94868326,-0.94868326,0.8169046,-1.0508518
OFDM,Classical OFDM,0.0,-0.94868326,-0.31622776,-0.8730813,-0.25732082
OFDM,Classical OFDM,0.0,-0.94868326,-0.94868326,-0.9302318,-0.8835928
OFDM,Classical OFDM,0.0,0.94868326,-0.31622776,0.8561449,-0.037676267
OFDM,Classical OFDM,0.0,0.31622776,-0.94868326,0.3820689,-1.105757
OFDM,Classical OFDM,0.0,-0.31622776,0.94868326,-0.3616591,0.87805974
OFDM,Classical OFDM,0.0,-0.94868326,0.31622776,-1.016545,0.33474764
OFDM,Classical OFDM,0.0,-0.94868326,0.31622776,-0.9402764,0.29843983
OFDM,Classical OFDM,0.0,0.94868326,-0.31622776,0.9328594,-0.100448534
OFDM,Classical OFDM,0.0,-0.31622776,0.31622776,-0.18408063,0.35829905
OFDM,Classical OFDM,0.0,0.31622776,-0.94868326,0.380903,-0.9428582
OFDM,Classical OFDM,0.0,0.94868326,-0.94868326,0.91485834,-0.81087476
OFDM,Classical OFDM,0.0,-0.31622776,-0.94868326,-0.26052135,-1.0453802
OFDM,Classical OFDM,0.0,-0.31622776,-0.94868326,-0.49276328,-0.9336831
OFDM,Classical OFDM,0.0,-0.94868326,0.94868326,-0.99024224,0.90127933
OFDM,Classical OFDM,0.0,-0.31622776,0.31622776,-0.39715165,0.31293702
OFDM,Classical OFDM,0.0,0.31622776,-0.94868326,0.21723461,-1.0047408
OFDM,Classical OFDM,0.0,0.94868326,-0.94868326,0.8969363,-0.91417205
OFDM,Classical OFDM,0.0,-0.94868326,0.31622776,-0.99678504,0.16049111
OFDM,Classical OFDM,0.0,-0.31622776,0.31622776,-0.2838943,0.18968013
OFDM,Classical OFDM,0.0,-0.31622776,0.31622776,-0.31145126,0.29695374
OFDM,Classical OFDM,0.0,0.31622776,0.94868326,0.39615157,0.79408157
OFDM,Classical OFDM,0.0,-0.31622776,-0.31622776,-0.22218326,-0.4644642
OFDM,Classical OFDM,0.0,-0.94868326,-0.31622776,-0.9149069,-0.41374412
OFDM,Classical OFDM,0.0,-0.94868326,0.31622776,-0.87472963,0.40596524
OFDM,Classical OFDM,0.0,0.31622776,-0.94868326,0.22977725,-1.052662
OFDM,Classical OFDM,0.0,0.94868326,0.94868326,0.93613774,1.0545352
OFDM,Classical OFDM,0.0,-0.94868326,-0.31622776,-0.928715,-0.25503728
Learned,Learned Basis,0.0,0.94868326,-0.94868326,0.97268105,-0.99124783
Learned,Learned Basis,0.0,0.94868326,0.94868326,0.868199,0.8721823
Learned,Learned Basis,0.0,0.31622776,-0.31622776,0.37282878,-0.2469968
Learned,Learned Basis,0.0,0.94868326,0.94868326,1.101202,0.90714157
Learned,Learned Basis,0.0,0.94868326,-0.31622776,0.96272403,-0.37858573
Learned,Learned Basis,0.0,0.94868326,0.31622776,0.95577073,0.38452563
Learned,Learned Basis,0.0,-0.31622776,0.94868326,-0.45636547,0.89096373
Learned,Learned Basis,0.0,-0.31622776,0.94868326,-0.257572,0.925167
Learned,Learned Basis,0.0,-0.94868326,0.31622776,-0.903588,0.30404794
Learned,Learned Basis,0.0,0.31622776,0.31622776,0.17428428,0.31959537
Learned,Learned Basis,0.0,-0.31622776,0.94868326,-0.2819742,0.96388763
Learned,Learned Basis,0.0,0.94868326,0.94868326,1.0908781,0.98006994
Learned,Learned Basis,0.0,-0.31622776,-0.31622776,-0.24210203,-0.34285375
Learned,Learned Basis,0.0,0.31622776,0.94868326,0.13977917,0.8664625
Learned,Learned Basis,0.0,-0.94868326,-0.94868326,-0.8422272,-1.0074713
Learned,Learned Basis,0.0,-0.31622776,0.31622776,-0.5117345,0.5993641
Learned,Learned Basis,0.0,0.94868326,-0.31622776,1.1106846,-0.14895289
Learned,Learned Basis,0.0,0.94868326,0.94868326,0.82358766,0.90999717
Learned,Learned Basis,0.0,0.94868326,-0.94868326,1.0521744,-0.9307964
Learned,Learned Basis,0.0,0.31622776,-0.31622776,0.54919535,-0.45737633
Learned,Learned Basis,0.0,-0.31622776,-0.94868326,-0.3440594,-0.823682
Learned,Learned Basis,0.0,0.94868326,0.31622776,0.8609275,0.3484588
Learned,Learned Basis,0.0,-0.31622776,-0.31622776,-0.39568558,-0.5689373
Learned,Learned Basis,0.0,0.31622776,-0.94868326,0.2068851,-0.97276837
Learned,Learned Basis,0.0,0.94868326,-0.31622776,0.9081979,-0.25746283
Learned,Learned Basis,0.0,-0.94868326,0.94868326,-0.9526988,1.0700303
Learned,Learned Basis,0.0,0.94868326,0.94868326,0.8692286,1.1766206
Learned,Learned Basis,0.0,-0.94868326,-0.31622776,-0.88991123,-0.30881745
Learned,Learned Basis,0.0,-0.94868326,-0.94868326,-0.760748,-0.923564
Learned,Learned Basis,0.0,-0.94868326,-0.31622776,-0.8618828,-0.41994694
Learned,Learned Basis,0.0,0.31622776,0.94868326,0.42527753,1.0220094
Learned,Learned Basis,0.0,0.31622776,-0.94868326,0.27492687,-1.1700342
Learned,Learned Basis,0.0,0.94868326,-0.94868326,0.955625,-0.8785046
Learned,Learned Basis,0.0,0.31622776,0.31622776,0.39476985,0.35167155
Learned,Learned Basis,0.0,-0.31622776,0.94868326,-0.23943439,0.94697386
Learned,Learned Basis,0.0,0.31622776,-0.31622776,0.33188075,-0.21390674
Learned,Learned Basis,0.0,0.94868326,0.94868326,0.92391384,0.7794097
Learned,Learned Basis,0.0,0.31622776,-0.94868326,0.1172705,-0.9839404
Learned,Learned Basis,0.0,0.94868326,-0.94868326,1.1528442,-0.92911375
Learned,Learned Basis,0.0,0.31622776,0.31622776,0.3292176,0.29377335
Learned,Learned Basis,0.0,0.31622776,-0.31622776,0.4358722,-0.3537096
Learned,Learned Basis,0.0,-0.31622776,0.94868326,-0.30707568,0.99132544
Learned,Learned Basis,0.0,0.94868326,-0.31622776,1.0686947,-0.3026963
Learned,Learned Basis,0.0,-0.31622776,0.94868326,-0.32525533,0.92473173
Learned,Learned Basis,0.0,-0.31622776,-0.94868326,-0.24460527,-0.8277288
Learned,Learned Basis,0.0,-0.31622776,0.94868326,-0.26346445,0.8592699
Learned,Learned Basis,0.0,0.31622776,-0.31622776,0.36776108,-0.3277827
Learned,Learned Basis,0.0,0.31622776,0.31622776,0.4610051,0.21255426
Learned,Learned Basis,0.0,-0.31622776,-0.94868326,-0.26146218,-0.97566766
Learned,Learned Basis,0.0,0.94868326,-0.94868326,1.1070594,-0.7498353
Learned,Learned Basis,0.0,0.31622776,-0.94868326,0.2726291,-0.79440683
Learned,Learned Basis,0.0,-0.94868326,0.94868326,-0.9531923,0.7382257
Learned,Learned Basis,0.0,-0.31622776,0.31622776,-0.50079995,0.46012142
Learned,Learned Basis,0.0,-0.31622776,0.31622776,-0.33650798,0.20694588
Learned,Learned Basis,0.0,-0.94868326,-0.31622776,-0.9357083,-0.2660753
Learned,Learned Basis,0.0,-0.31622776,-0.94868326,-0.40616906,-1.0326191
Learned,Learned Basis,0.0,-0.31622776,0.94868326,-0.2692525,0.8313423
Learned,Learned Basis,0.0,-0.31622776,-0.94868326,-0.33367804,-0.9509563
Learned,Learned Basis,0.0,0.94868326,0.94868326,0.7778591,1.0685554
Learned,Learned Basis,0.0,0.94868326,-0.31622776,0.95379496,-0.3969738
Learned,Learned Basis,0.0,0.31622776,-0.94868326,0.21245058,-0.84797937
Learned,Learned Basis,0.0,0.94868326,0.94868326,1.0977826,1.0164976
Learned,Learned Basis,0.0,0.94868326,-0.31622776,0.9593725,-0.24515095
Learned,Learned Basis,0.0,-0.94868326,0.31622776,-0.8775364,0.17089263
Learned,Learned Basis,0.0,-0.94868326,0.31622776,-0.94154865,0.4540349
Learned,Learned Basis,0.0,0.31622776,0.31622776,0.39325362,0.43731606
Learned,Learned Basis,0.0,0.31622776,-0.94868326,0.36668313,-0.8817145
Learned,Learned Basis,0.0,0.31622776,-0.94868326,0.3430243,-1.0000238
Learned,Learned Basis,0.0,0.31622776,-0.94868326,0.26470473,-0.9887619
Learned,Learned Basis,0.0,0.94868326,-0.94868326,0.88605666,-0.937663
Learned,Learned Basis,0.0,-0.94868326,0.31622776,-0.9702774,0.20068777
Learned,Learned Basis,0.0,0.31622776,-0.31622776,0.3517477,-0.36288342
Learned,Learned Basis,0.0,-0.31622776,-0.94868326,-0.4192938,-1.0011808
Learned,Learned Basis,0.0,0.94868326,0.94868326,1.0899384,1.0972912
Learned,Learned Basis,0.0,0.94868326,-0.94868326,0.9050281,-0.91411924
Learned,Learned Basis,0.0,0.94868326,0.31622776,0.9652052,0.28076103
Learned,Learned Basis,0.0,0.94868326,-0.31622776,1.1290048,-0.17736699
Learned,Learned Basis,0.0,0.31622776,0.31622776,0.22170952,0.21791142
Learned,Learned Basis,0.0,-0.94868326,-0.94868326,-0.7895716,-1.0149652
Learned,Learned Basis,0.0,-0.31622776,0.31622776,-0.35883936,0.26373598
Learned,Learned Basis,0.0,0.94868326,0.94868326,0.8060481,0.9476124
Learned,Learned Basis,0.0,0.94868326,0.94868326,1.039392,0.9486659
Learned,Learned Basis,0.0,0.94868326,0.31622776,1.1418599,0.2840613
Learned,Learned Basis,0.0,0.94868326,0.94868326,1.1040442,1.0374119
Learned,Learned Basis,0.0,-0.94868326,0.31622776,-0.88560396,0.24835527
Learned,Learned Basis,0.0,0.94868326,0.31622776,0.81849176,0.44188586
Learned,Learned Basis,0.0,-0.94868326,0.31622776,-1.1087781,0.37558937
Learned,Learned Basis,0.0,-0.94868326,-0.31622776,-0.798412,-0.29012832
Learned,Learned Basis,0.0,-0.31622776,0.94868326,-0.23930323,0.879514
Learned,Learned Basis,0.0,-0.31622776,-0.31622776,-0.43125927,-0.3304815
Learned,Learned Basis,0.0,-0.31622776,-0.94868326,-0.32783118,-0.8538123
Learned,Learned Basis,0.0,0.94868326,-0.31622776,1.0014595,-0.48731172
Learned,Learned Basis,0.0,0.31622776,-0.31622776,0.29549977,-0.2804254
Learned,Learned Basis,0.0,-0.31622776,-0.94868326,-0.32412955,-0.9071933
Learned,Learned Basis,0.0,-0.94868326,0.94868326,-1.1707628,0.9994745
Learned,Learned Basis,0.0,0.94868326,-0.94868326,0.8927349,-0.8082636
Learned,Learned Basis,0.0,-0.31622776,0.94868326,-0.22868052,0.9035325
Learned,Learned Basis,0.0,-0.94868326,-0.94868326,-0.8937162,-1.0235614
Learned,Learned Basis,0.0,0.94868326,0.94868326,1.0005425,0.96980315
Learned,Learned Basis,0.0,0.31622776,0.94868326,0.30988732,0.86738676
Learned,Learned Basis,0.0,-0.31622776,-0.94868326,-0.25080538,-0.96227586
Learned,Learned Basis,0.0,0.94868326,-0.94868326,0.7754388,-0.9789214
Learned,Learned Basis,0.0,-0.31622776,0.31622776,-0.43010476,0.17260295
Learned,Learned Basis,0.0,0.31622776,0.31622776,0.38475442,0.25417435
Learned,Learned Basis,0.0,0.94868326,-0.31622776,0.86864823,-0.38847697
Learned,Learned Basis,0.0,0.31622776,0.31622776,0.2715265,0.2628391
Learned,Learned Basis,0.0,-0.94868326,0.31622776,-0.92041427,0.33081496
Learned,Learned Basis,0.0,-0.94868326,-0.94868326,-0.9004942,-0.92713344
Learned,Learned Basis,0.0,-0.94868326,-0.94868326,-0.8216476,-1.0270575
Learned,Learned Basis,0.0,-0.31622776,0.94868326,-0.37056187,1.051954
Learned,Learned Basis,0.0,-0.94868326,-0.31622776,-0.8803854,-0.20007275
Learned,Learned Basis,0.0,-0.31622776,0.94868326,-0.17825824,0.7365304
Learned,Learned Basis,0.0,-0.94868326,-0.94868326,-1.0358205,-0.9697169
Learned,Learned Basis,0.0,-0.94868326,-0.31622776,-1.0295706,-0.2384973
Learned,Learned Basis,0.0,0.94868326,-0.94868326,0.8762253,-0.83754325
Learned,Learned Basis,0.0,0.31622776,0.31622776,0.21569046,0.3135748
Learned,Learned Basis,0.0,0.31622776,0.31622776,0.37566438,0.3120408
Learned,Learned Basis,0.0,-0.94868326,-0.94868326,-0.8081222,-1.0015758
Learned,Learned Basis,0.0,-0.94868326,0.94868326,-1.1093658,0.86355907
Learned,Learned Basis,0.0,-0.94868326,0.94868326,-1.066099,0.99149215
Learned,Learned Basis,0.0,0.31622776,0.94868326,0.35232776,0.8549794
Learned,Learned Basis,0.0,0.94868326,-0.94868326,1.0605258,-0.9460951
Learned,Learned Basis,0.0,0.94868326,0.94868326,1.0378847,0.8637737
Learned,Learned Basis,0.0,-0.31622776,-0.94868326,-0.23752032,-0.9531397
Learned,Learned Basis,0.0,0.31622776,0.94868326,0.42353705,1.1615247
Learned,Learned Basis,0.0,-0.31622776,0.31622776,-0.25666502,0.30108553
Learned,Learned Basis,0.0,0.31622776,-0.94868326,0.18681931,-0.9860342
Learned,Learned Basis,0.0,-0.94868326,0.31622776,-0.78525376,0.35577857
Learned,Learned Basis,0.0,-0.31622776,-0.31622776,-0.26780435,-0.4024097
Learned,Learned Basis,0.0,-0.31622776,-0.31622776,-0.5123307,-0.3007328
Learned,Learned Basis,0.0,0.94868326,0.31622776,0.9057177,0.3206377
Learned,Learned Basis,0.0,0.31622776,0.31622776,0.26087892,0.31344742
Learned,Learned Basis,0.0,-0.94868326,0.31622776,-0.9645372,0.12957382
Learned,Learned Basis,0.0,0.31622776,0.31622776,0.26731443,0.36511335
Learned,Learned Basis,0.0,-0.94868326,-0.94868326,-0.9910563,-0.9602408
Learned,Learned Basis,0.0,-0.31622776,0.94868326,-0.21852693,0.9214503
Learned,Learned Basis,0.0,-0.94868326,0.94868326,-0.90244603,1.1042031
Learned,Learned Basis,0.0,-0.94868326,-0.31622776,-1.0074284,-0.3625322
Learned,Learned Basis,0.0,0.94868326,-0.94868326,0.8871682,-0.90846634
Learned,Learned Basis,0.0,0.31622776,-0.31622776,0.30671751,-0.4763569
Learned,Learned Basis,0.0,-0.31622776,-0.31622776,-0.44499466,-0.40164146
Learned,Learned Basis,0.0,0.31622776,-0.94868326,0.29563236,-0.8780111
Learned,Learned Basis,0.0,0.94868326,-0.31622776,0.88811797,-0.21748193
Learned,Learned Basis,0.0,-0.94868326,-0.94868326,-0.9654789,-0.9185869
Learned,Learned Basis,0.0,-0.31622776,0.94868326,-0.25967848,0.94200057
Learned,Learned Basis,0.0,0.94868326,-0.94868326,0.7936642,-0.8732763
Learned,Learned Basis,0.0,-0.94868326,0.94868326,-0.92636305,1.1111412
Learned,Learned Basis,0.0,0.31622776,0.94868326,0.38540262,0.9168332
Learned,Learned Basis,0.0,0.94868326,0.31622776,0.82531875,0.27306005
Learned,Learned Basis,0.0,0.31622776,0.31622776,0.1609876,0.41192868
Learned,Learned Basis,0.0,0.94868326,0.94868326,1.0003964,0.96355635
Learned,Learned Basis,0.0,0.94868326,-0.31622776,0.90047455,-0.32042772
Learned,Learned Basis,0.0,0.31622776,0.31622776,0.38268265,0.2650176
Learned,Learned Basis,0.0,0.94868326,-0.94868326,0.9315686,-0.8925882
Learned,Learned Basis,0.0,0.31622776,0.31622776,0.33880574,0.19010222
Learned,Learned Basis,0.0,-0.31622776,0.94868326,-0.4681538,0.8710598
Learned,Learned Basis,0.0,-0.94868326,0.94868326,-0.8606551,1.013633
Learned,Learned Basis,0.0,0.31622776,-0.94868326,0.2816956,-0.9697484
Learned,Learned Basis,0.0,-0.94868326,-0.94868326,-0.79529756,-0.8847457
Learned,Learned Basis,0.0,-0.31622776,0.94868326,-0.2621675,1.1247791
Learned,Learned Basis,0.0,0.31622776,0.94868326,0.42359275,1.2043816
Learned,Learned Basis,0.0,-0.31622776,-0.94868326,-0.38825658,-1.0380151
Learned,Learned Basis,0.0,-0.31622776,-0.31622776,-0.30940133,-0.51053005
Learned,Learned Basis,0.0,0.31622776,0.94868326,0.34173915,1.023491
Learned,Learned Basis,0.0,-0.94868326,0.94868326,-0.8812261,0.8499259
Learned,Learned Basis,0.0,0.31622776,0.94868326,0.39088377,0.8005212
Learned,Learned Basis,0.0,-0.31622776,0.31622776,-0.27551594,0.36017627
Learned,Learned Basis,0.0,-0.94868326,-0.94868326,-1.0925691,-0.89383066
Learned,Learned Basis,0.0,0.94868326,0.94868326,0.92546153,0.9232367
Learned,Learned Basis,0.0,-0.94868326,-0.31622776,-0.90792185,-0.22535561
Learned,Learned Basis,0.0,-0.94868326,0.94868326,-0.9480775,0.98722273
Learned,Learned Basis,0.0,0.31622776,0.94868326,0.30499995,0.9596408
Learned,Learned Basis,0.0,-0.31622776,-0.31622776,-0.2928923,-0.24916264
Learned,Learned Basis,0.0,0.94868326,0.94868326,0.8044156,0.9798947
Learned,Learned Basis,0.0,0.94868326,0.94868326,0.91709876,0.99725413
Learned,Learned Basis,0.0,-0.94868326,0.94868326,-0.95024323,1.0359854
Learned,Learned Basis,0.0,0.94868326,-0.31622776,1.1024097,-0.48528698
Learned,Learned Basis,0.0,0.31622776,-0.94868326,0.32072562,-1.0818772
Learned,Learned Basis,0.0,-0.31622776,0.94868326,-0.29671055,0.87395513
Learned,Learned Basis,0.0,-0.31622776,-0.94868326,-0.18011194,-0.9758992
Learned,Learned Basis,0.0,-0.94868326,-0.31622776,-0.9974013,-0.32044053
Learned,Learned Basis,0.0,-0.31622776,0.31622776,-0.3105609,0.43876556
Learned,Learned Basis,0.0,-0.94868326,0.31622776,-1.074113,0.20828786
Learned,Learned Basis,0.0,-0.31622776,0.31622776,-0.34779117,0.3570584
Learned,Learned Basis,0.0,-0.31622776,0.94868326,-0.39200658,0.8915919
Learned,Learned Basis,0.0,-0.94868326,-0.94868326,-0.94509697,-0.99408233
Learned,Learned Basis,0.0,0.31622776,-0.94868326,0.32306433,-0.8578393
Learned,Learned Basis,0.0,0.31622776,0.94868326,0.3297042,0.90152013
Learned,Learned Basis,0.0,-0.94868326,-0.31622776,-1.0016718,-0.2688807
Learned,Learned Basis,0.0,-0.94868326,0.31622776,-0.8771579,0.31747463
Learned,Learned Basis,0.0,0.94868326,0.31622776,0.95405316,0.23768345
Learned,Learned Basis,0.0,-0.94868326,0.94868326,-1.0006851,0.89712346
Learned,Learned Basis,0.0,0.31622776,-0.94868326,0.2953566,-1.0737563
Learned,Learned Basis,0.0,0.94868326,0.31622776,0.86458087,0.35276443
Learned,Learned Basis,0.0,-0.31622776,-0.94868326,-0.35942733,-0.78404385
Learned,Learned Basis,0.0,0.94868326,0.31622776,1.0793549,0.25449595
Learned,Learned Basis,0.0,-0.94868326,0.31622776,-1.0027207,0.35985216
Learned,Learned Basis,0.0,-0.94868326,0.94868326,-0.73869234,0.97406775
Learned,Learned Basis,0.0,0.31622776,-0.94868326,0.15970427,-0.87174225
Learned,Learned Basis,0.0,0.31622776,0.31622776,0.31517488,0.3874188
Learned,Learned Basis,0.0,-0.94868326,-0.94868326,-1.0524213,-0.8331447
Learned,Learned Basis,0.0,0.31622776,0.31622776,0.394666,0.28714776
Learned,Learned Basis,0.0,0.31622776,-0.94868326,0.47783443,-1.0343523
Learned,Learned Basis,0.0,-0.94868326,0.31622776,-0.973084,0.27248085
Learned,Learned Basis,0.0,-0.31622776,-0.31622776,-0.37947667,-0.39311853
Learned,Learned Basis,0.0,0.31622776,-0.94868326,0.23920467,-0.9523584
Learned,Learned Basis,0.0,0.31622776,-0.94868326,0.36129844,-1.1950659
Learned,Learned Basis,0.0,-0.94868326,0.31622776,-1.0122669,0.22062843
Learned,Learned Basis,0.0,-0.31622776,-0.31622776,-0.27820426,-0.4660426
Learned,Learned Basis,0.0,-0.31622776,0.31622776,-0.29894447,0.5155617
Learned,Learned Basis,0.0,-0.31622776,-0.94868326,-0.46871182,-0.9658253
Learned,Learned Basis,0.0,0.31622776,0.31622776,0.30556867,0.24360777
Learned,Learned Basis,0.0,-0.94868326,-0.31622776,-0.9369092,-0.16754997
Learned,Learned Basis,0.0,-0.31622776,-0.31622776,-0.31840304,-0.18489647
Learned,Learned Basis,0.0,0.31622776,0.31622776,0.32187346,0.22265418
Learned,Learned Basis,0.0,0.31622776,-0.31622776,0.23784542,-0.39497337
Learned,Learned Basis,0.0,-0.94868326,0.94868326,-1.0315475,1.009079
Learned,Learned Basis,0.0,-0.31622776,-0.94868326,-0.3804945,-0.8139478
Learned,Learned Basis,0.0,-0.94868326,-0.31622776,-1.0266471,-0.3039186
Learned,Learned Basis,0.0,0.94868326,-0.31622776,1.0680937,-0.38222194
Learned,Learned Basis,0.0,0.94868326,-0.31622776,0.86378,-0.43830556
Learned,Learned Basis,0.0,0.31622776,0.31622776,0.2857597,0.29302585
Learned,Learned Basis,0.0,0.31622776,0.31622776,0.26449418,0.34295142
Learned,Learned Basis,0.0,0.31622776,-0.94868326,0.2434983,-0.81897855
Learned,Learned Basis,0.0,0.94868326,0.94868326,0.96098125,1.0820223
Learned,Learned Basis,0.0,-0.31622776,-0.94868326,-0.37678206,-1.0122919
Learned,Learned Basis,0.0,0.31622776,0.31622776,0.32562694,0.15909241
Learned,Learned Basis,0.0,0.94868326,0.94868326,1.0184004,1.055981
Learned,Learned Basis,0.0,0.31622776,0.94868326,0.3037817,0.9223613
Learned,Learned Basis,0.0,-0.31622776,0.31622776,-0.3357563,0.40576017
Learned,Learned Basis,0.0,0.94868326,0.31622776,1.0160425,0.35311347
Learned,Learned Basis,0.0,0.31622776,-0.31622776,0.19904366,-0.09855053
Learned,Learned Basis,0.0,-0.94868326,0.31622776,-0.88482404,0.33537155
Learned,Learned Basis,0.0,0.94868326,0.94868326,0.94778216,0.9361923
Learned,Learned Basis,0.0,-0.94868326,0.31622776,-1.0116346,0.33324766
Learned,Learned Basis,0.0,0.31622776,-0.31622776,0.27609867,-0.21097024
Learned,Learned Basis,0.0,-0.31622776,0.94868326,-0.3657146,0.9025674
Learned,Learned Basis,0.0,-0.31622776,0.31622776,-0.33396327,0.41870573
Learned,Learned Basis,0.0,-0.31622776,0.94868326,-0.29718676,1.0397254
Learned,Learned Basis,0.0,-0.31622776,-0.31622776,-0.21692388,-0.32891753
Learned,Learned Basis,0.0,0.94868326,0.31622776,0.8909197,0.25690138
Learned,Learned Basis,0.0,-0.31622776,0.31622776,-0.14928968,0.28998363
Learned,Learned Basis,0.0,0.31622776,0.31622776,0.20538986,0.56948847
Learned,Learned Basis,0.0,0.94868326,0.31622776,1.006852,0.4042077
Learned,Learned Basis,0.0,0.31622776,-0.94868326,0.3373978,-0.96678287
Learned,Learned Basis,0.0,-0.94868326,0.31622776,-1.0328207,0.3432299
Learned,Learned Basis,0.0,0.31622776,-0.31622776,0.34837672,-0.4042851
Learned,Learned Basis,0.0,-0.94868326,0.94868326,-0.8747291,0.9183867
Learned,Learned Basis,0.0,0.94868326,-0.31622776,0.94818527,-0.19567686
Learned,Learned Basis,0.0,-0.31622776,0.94868326,-0.3186988,1.1113931
Learned,Learned Basis,0.0,-0.31622776,-0.31622776,-0.44442347,-0.30826244
Learned,Learned Basis,0.0,-0.31622776,0.94868326,-0.2799046,1.1343123
Learned,Learned Basis,0.0,-0.94868326,0.94868326,-0.999094,1.1613653
Learned,Learned Basis,0.0,-0.31622776,0.31622776,-0.16578177,0.28646725
Learned,Learned Basis,0.0,-0.31622776,0.31622776,-0.39320105,0.27480304
Learned,Learned Basis,0.0,0.31622776,0.94868326,0.384987,1.0254483
Learned,Learned Basis,0.0,-0.31622776,-0.94868326,-0.3709078,-0.9809392
Learned,Learned Basis,0.0,0.94868326,0.31622776,1.0112258,0.15932241
Learned,Learned Basis,0.0,-0.94868326,-0.31622776,-0.92585695,-0.26855713
Learned,Learned Basis,0.0,0.94868326,-0.31622776,1.0140707,-0.19555917
Learned,Learned Basis,0.0,0.94868326,0.94868326,1.0402596,0.97476
Learned,Learned Basis,0.0,-0.94868326,-0.31622776,-0.9821869,-0.31762254
Learned,Learned Basis,0.0,0.94868326,0.31622776,0.7512365,0.19611797
Learned,Learned Basis,0.0,-0.94868326,-0.94868326,-0.7162878,-1.0392374
Learned,Learned Basis,0.0,0.31622776,-0.94868326,0.23387146,-0.9077655
Learned,Learned Basis,0.0,0.94868326,0.94868326,0.94197434,0.8111153
Learned,Learned Basis,0.0,0.94868326,-0.31622776,1.0060024,-0.27372944
Learned,Learned Basis,0.0,-0.31622776,0.31622776,-0.4244936,0.2394882
Learned,Learned Basis,0.0,-0.94868326,-0.31622776,-0.7716931,-0.22999816
Learned,Learned Basis,0.0,-0.94868326,0.31622776,-0.8245114,0.23336324
Learned,Learned Basis,0.0,-0.31622776,0.94868326,-0.32117876,0.9934102
Learned,Learned Basis,0.0,-0.94868326,-0.31622776,-0.9098425,-0.27841088
Learned,Learned Basis,0.0,0.31622776,-0.31622776,0.35822642,-0.48154953
Learned,Learned Basis,0.0,0.31622776,-0.31622776,0.337237,-0.30843753
Learned,Learned Basis,0.0,-0.31622776,0.31622776,-0.34694323,0.36147216
Learned,Learned Basis,0.0,0.94868326,-0.94868326,0.9820882,-1.0929073
Learned,Learned Basis,0.0,0.94868326,-0.94868326,1.1523646,-0.9197896
Learned,Learned Basis,0.0,0.94868326,-0.31622776,1.0861337,-0.23801339
Learned,Learned Basis,0.0,-0.94868326,0.94868326,-0.9931193,0.95983744
Learned,Learned Basis,0.0,0.94868326,-0.31622776,0.81796193,-0.21313037
Learned,Learned Basis,0.0,0.94868326,-0.31622776,0.8332498,-0.3849951
Learned,Learned Basis,0.0,0.94868326,0.94868326,0.97420603,0.9039336
Learned,Learned Basis,0.0,0.31622776,0.31622776,0.14772028,0.37066302
Learned,Learned Basis,0.0,-0.31622776,0.31622776,-0.21823487,0.1735769
Learned,Learned Basis,0.0,-0.31622776,-0.94868326,-0.42254838,-1.0741183
Learned,Learned Basis,0.0,0.31622776,0.31622776,0.24200763,0.13729914
Learned,Learned Basis,0.0,0.94868326,0.31622776,0.9324235,0.23275872
Learned,Learned Basis,0.0,-0.94868326,-0.31622776,-0.98130554,-0.30867252
Learned,Learned Basis,0.0,-0.94868326,-0.94868326,-1.112998,-0.9830613
Learned,Learned Basis,0.0,-0.31622776,0.31622776,-0.37509704,0.37392804
Learned,Learned Basis,0.0,0.31622776,-0.94868326,0.43136996,-1.0174603
Learned,Learned Basis,0.0,-0.94868326,-0.31622776,-0.8058345,-0.21947122
Learned,Learned Basis,0.0,0.31622776,-0.94868326,0.27264458,-0.9950906
Learned,Learned Basis,0.0,-0.31622776,-0.31622776,-0.3601403,-0.23382889
Learned,Learned Basis,0.0,-0.94868326,0.31622776,-0.7681555,0.33583385
Learned,Learned Basis,0.0,-0.94868326,0.31622776,-0.8955294,0.26660818
Learned,Learned Basis,0.0,0.94868326,0.31622776,0.87836784,0.35273907
Learned,Learned Basis,0.0,-0.31622776,0.94868326,-0.3295868,0.89934176
Learned,Learned Basis,0.0,-0.31622776,-0.94868326,-0.25929317,-0.9456372
Learned,Learned Basis,0.0,-0.94868326,-0.31622776,-1.0246581,-0.38802636
Learned,Learned Basis,0.0,0.94868326,-0.94868326,0.91386616,-0.8946566
Learned,Learned Basis,0.0,0.31622776,-0.94868326,0.348939,-0.94116837
Learned,Learned Basis,0.0,-0.94868326,-0.31622776,-0.96860003,-0.32180446
Learned,Learned Basis,0.0,-0.94868326,0.94868326,-0.78861797,0.8534354
Learned,Learned Basis,0.0,0.94868326,0.31622776,0.894754,0.23138273
Learned,Learned Basis,0.0,-0.31622776,-0.94868326,-0.22507918,-0.81552964
Learned,Learned Basis,0.0,-0.31622776,-0.31622776,-0.3462694,-0.4726117
Learned,Learned Basis,0.0,0.31622776,-0.94868326,0.28965273,-0.9606412
Learned,Learned Basis,0.0,0.94868326,-0.94868326,0.94005823,-0.9949105
Learned,Learned Basis,0.0,-0.94868326,0.94868326,-0.8664994,0.9602754
Learned,Learned Basis,0.0,0.31622776,-0.31622776,0.34132904,-0.39971375
Learned,Learned Basis,0.0,-0.31622776,-0.94868326,-0.39461157,-0.8242162
Learned,Learned Basis,0.0,-0.31622776,-0.94868326,-0.08421601,-0.9603018
Learned,Learned Basis,0.0,-0.94868326,-0.94868326,-0.9208178,-0.9716199
Learned,Learned Basis,0.0,0.31622776,-0.31622776,0.071369,-0.30836827
Learned,Learned Basis,0.0,-0.31622776,0.31622776,-0.29906824,0.37390122
Learned,Learned Basis,0.0,-0.31622776,-0.31622776,-0.11348487,-0.28810516
Learned,Learned Basis,0.0,0.94868326,0.94868326,0.8198676,0.8989929
Learned,Learned Basis,0.0,-0.31622776,0.94868326,-0.12189395,1.0170006
Learned,Learned Basis,0.0,-0.31622776,0.31622776,-0.31363124,0.3448511
Learned,Learned Basis,0.0,-0.94868326,0.94868326,-0.9024755,0.9695936
Learned,Learned Basis,0.0,0.31622776,-0.94868326,0.34830353,-0.93947905
Learned,Learned Basis,0.0,-0.94868326,0.94868326,-0.8337503,1.0445102
Learned,Learned Basis,0.0,-0.31622776,-0.31622776,-0.2985563,-0.36613044
Learned,Learned Basis,0.0,-0.94868326,-0.31622776,-1.0016776,-0.082959816
Learned,Learned Basis,0.0,0.31622776,-0.94868326,0.38409477,-0.98772293
Learned,Learned Basis,0.0,-0.31622776,0.31622776,-0.25567502,0.3605605
Learned,Learned Basis,0.0,0.94868326,-0.94868326,0.75011456,-0.76267713
Learned,Learned Basis,0.0,-0.31622776,0.31622776,-0.30936146,0.30562386
Learned,Learned Basis,0.0,0.31622776,0.94868326,0.4631245,0.9996445
Learned,Learned Basis,0.0,0.31622776,0.31622776,0.26101112,0.09830148
Learned,Learned Basis,0.0,-0.94868326,0.31622776,-0.8539342,0.29552412
Learned,Learned Basis,0.0,-0.31622776,-0.94868326,-0.122237355,-0.9304101
Learned,Learned Basis,0.0,-0.31622776,0.94868326,-0.22875793,0.913143
Learned,Learned Basis,0.0,-0.31622776,0.31622776,-0.45600373,0.36246717
Learned,Learned Basis,0.0,-0.31622776,0.94868326,-0.27939054,0.9254992
Learned,Learned Basis,0.0,0.94868326,-0.31622776,0.72311234,-0.3688612
Learned,Learned Basis,0.0,0.94868326,-0.31622776,0.92543864,-0.24286461
Learned,Learned Basis,0.0,-0.94868326,-0.94868326,-1.1243644,-1.1238327
Learned,Learned Basis,0.0,-0.31622776,0.31622776,-0.3042962,0.36470622
Learned,Learned Basis,0.0,-0.31622776,-0.31622776,-0.49078175,-0.30006984
Learned,Learned Basis,0.0,-0.31622776,0.31622776,-0.25429726,0.3893209
Learned,Learned Basis,0.0,-0.31622776,0.31622776,-0.3360924,0.21761753
Learned,Learned Basis,0.0,-0.31622776,0.31622776,-0.402523,0.23579483
Learned,Learned Basis,0.0,0.31622776,-0.94868326,0.15439309,-0.8613203
Learned,Learned Basis,0.0,0.94868326,0.94868326,0.8224419,0.94367075
Learned,Learned Basis,0.0,-0.31622776,-0.94868326,-0.38294616,-0.9099915
Learned,Learned Basis,0.0,-0.31622776,0.31622776,-0.22412372,-0.05839636
Learned,Learned Basis,0.0,0.31622776,-0.94868326,0.33828905,-0.8030838
Learned,Learned Basis,0.0,0.31622776,-0.31622776,0.33208954,-0.17628545
Learned,Learned Basis,0.0,-0.31622776,0.94868326,-0.27926844,0.7608971
Learned,Learned Basis,0.0,-0.31622776,-0.31622776,-0.22429572,-0.31756347
Learned,Learned Basis,0.0,0.94868326,0.94868326,0.8784208,0.8529822
Learned,Learned Basis,0.0,-0.31622776,0.94868326,-0.25941822,0.85613483
Learned,Learned Basis,0.0,-0.31622776,-0.94868326,-0.008914999,-0.8969613
Learned,Learned Basis,0.0,0.94868326,-0.94868326,0.99051064,-0.98514473
Learned,Learned Basis,0.0,-0.31622776,0.94868326,-0.34637734,0.92632174
Learned,Learned Basis,0.0,0.31622776,0.31622776,0.11048933,0.38841075
Learned,Learned Basis,0.0,-0.31622776,-0.94868326,-0.36283287,-1.0267034
Learned,Learned Basis,0.0,0.31622776,0.94868326,0.36583874,0.8495977
Learned,Learned Basis,0.0,0.31622776,0.31622776,0.23925442,0.5277394
Learned,Learned Basis,0.0,-0.31622776,0.94868326,-0.39350194,0.9105642
Learned,Learned Basis,0.0,-0.94868326,0.94868326,-1.013957,0.9467895
Learned,Learned Basis,0.0,0.94868326,-0.31622776,0.9343041,-0.29555887
Learned,Learned Basis,0.0,-0.94868326,-0.94868326,-0.92988795,-0.89446396
Learned,Learned Basis,0.0,0.94868326,0.31622776,0.91371405,0.25532153
Learned,Learned Basis,0.0,0.94868326,0.31622776,0.77261233,0.2613327
Learned,Learned Basis,0.0,0.31622776,0.31622776,0.3973068,0.26815695
Learned,Learned Basis,0.0,0.31622776,0.94868326,0.30769238,0.96282524
Learned,Learned Basis,0.0,-0.31622776,0.31622776,-0.43369654,0.30167368
Learned,Learned Basis,0.0,-0.94868326,-0.94868326,-0.80544376,-1.0744535
Learned,Learned Basis,0.0,0.94868326,-0.94868326,1.0844234,-0.8093629
Learned,Learned Basis,0.0,0.94868326,0.94868326,0.75412524,0.827523
Learned,Learned Basis,0.0,-0.31622776,-0.94868326,-0.3069796,-0.9691245
Learned,Learned Basis,0.0,-0.31622776,0.31622776,-0.32814947,0.31932378
Learned,Learned Basis,0.0,0.31622776,0.31622776,0.1863922,0.32290566
Learned,Learned Basis,0.0,0.94868326,-0.94868326,0.9283408,-1.0706819
Learned,Learned Basis,0.0,0.94868326,0.94868326,1.0237477,0.9309576
Learned,Learned Basis,0.0,0.31622776,0.94868326,0.34378526,0.9076069
Learned,Learned Basis,0.0,0.94868326,0.94868326,0.9501284,0.9660481
Learned,Learned Basis,0.0,0.94868326,0.94868326,0.8537585,0.9412179
Learned,Learned Basis,0.0,0.94868326,-0.94868326,0.9496456,-1.0050193
Learned,Learned Basis,0.0,-0.31622776,0.31622776,-0.43877682,0.020994682
Learned,Learned Basis,0.0,0.31622776,-0.31622776,0.43981308,-0.13093308
Learned,Learned Basis,0.0,-0.94868326,0.31622776,-0.92445546,0.2908118
Learned,Learned Basis,0.0,-0.31622776,-0.31622776,-0.41456068,-0.30134812
Learned,Learned Basis,0.0,-0.31622776,-0.94868326,-0.27554223,-1.030852
Learned,Learned Basis,0.0,0.94868326,-0.94868326,1.1079769,-0.9066632
Learned,Learned Basis,0.0,-0.31622776,-0.31622776,-0.35910356,-0.33712944
Learned,Learned Basis,0.0,0.31622776,-0.31622776,0.21532175,-0.43075657
Learned,Learned Basis,0.0,0.31622776,-0.94868326,0.46683544,-0.79303753
Learned,Learned Basis,0.0,0.31622776,-0.31622776,0.27743027,-0.3308142
Learned,Learned Basis,0.0,0.31622776,0.94868326,0.25018686,0.9185378
Learned,Learned Basis,0.0,0.94868326,0.94868326,1.0416667,0.90076375
Learned,Learned Basis,0.0,-0.31622776,0.94868326,-0.36902565,0.9311872
Learned,Learned Basis,0.0,-0.31622776,0.31622776,-0.2741018,0.13213181
Learned,Learned Basis,0.0,-0.31622776,-0.31622776,-0.302012,-0.3437719
Learned,Learned Basis,0.0,0.94868326,-0.94868326,0.88129044,-0.7304647
Learned,Learned Basis,0.0,0.94868326,0.94868326,0.7751347,0.93245536
Learned,Learned Basis,0.0,-0.31622776,0.31622776,-0.46975106,0.22985628
Learned,Learned Basis,0.0,0.31622776,-0.94868326,0.33841825,-0.95964164
Learned,Learned Basis,0.0,0.31622776,-0.31622776,0.35045624,-0.27568847
Learned,Learned Basis,0.0,-0.31622776,0.94868326,-0.18013835,0.9436828
Learned,Learned Basis,0.0,0.31622776,-0.31622776,0.18996423,-0.41561013
Learned,Learned Basis,0.0,-0.94868326,-0.94868326,-0.9264099,-0.92958796
Learned,Learned Basis,0.0,-0.94868326,-0.94868326,-1.0178862,-0.8125914
Learned,Learned Basis,0.0,-0.31622776,-0.94868326,-0.3573033,-0.9381487
Learned,Learned Basis,0.0,-0.94868326,-0.31622776,-0.94716287,-0.30952865
Learned,Learned Basis,0.0,-0.94868326,-0.31622776,-0.7912379,-0.288305
Learned,Learned Basis,0.0,-0.31622776,-0.94868326,-0.296832,-1.0174601
Learned,Learned Basis,0.0,0.31622776,0.31622776,0.32110047,0.2910699
Learned,Learned Basis,0.0,0.31622776,-0.94868326,0.34813905,-1.1091573
Learned,Learned Basis,0.0,0.31622776,-0.31622776,0.25600454,-0.18503086
Learned,Learned Basis,0.0,-0.31622776,0.31622776,-0.2696995,0.27324164
Learned,Learned Basis,0.0,0.31622776,0.31622776,0.29683357,0.43165773
Learned,Learned Basis,0.0,-0.31622776,0.31622776,-0.5370702,0.42496762
Learned,Learned Basis,0.0,0.94868326,-0.31622776,1.0683153,-0.4712381
Learned,Learned Basis,0.0,-0.31622776,-0.94868326,-0.2958259,-0.8921856
Learned,Learned Basis,0.0,0.31622776,-0.94868326,0.12366781,-1.0533128
Learned,Learned Basis,0.0,-0.94868326,-0.31622776,-1.0146815,-0.33214468
Learned,Learned Basis,0.0,0.31622776,0.31622776,0.30315053,0.37047446
Learned,Learned Basis,0.0,0.31622776,0.31622776,0.23635475,0.26711276
Learned,Learned Basis,0.0,0.94868326,0.31622776,1.0359168,0.29235736
Learned,Learned Basis,0.0,-0.31622776,0.94868326,-0.243168,1.0190632
Learned,Learned Basis,0.0,-0.31622776,-0.94868326,-0.22666451,-0.8748761
Learned,Learned Basis,0.0,-0.31622776,-0.31622776,-0.22991312,-0.27715066
Learned,Learned Basis,0.0,0.94868326,-0.31622776,0.8699933,-0.39702842
Learned,Learned Basis,0.0,0.94868326,0.31622776,0.7730914,0.3685761
Learned,Learned Basis,0.0,0.94868326,0.31622776,0.8372651,0.20211482
Learned,Learned Basis,0.0,-0.94868326,0.31622776,-1.0329759,0.25180513
Learned,Learned Basis,0.0,0.31622776,0.31622776,0.19264072,0.35322237
Learned,Learned Basis,0.0,0.94868326,0.31622776,0.85770637,0.32251757
Learned,Learned Basis,0.0,-0.31622776,0.31622776,-0.33991876,0.30400765
Learned,Learned Basis,0.0,0.94868326,0.94868326,0.91106814,0.9730395
Learned,Learned Basis,0.0,0.31622776,0.94868326,0.27482677,0.94471365
Learned,Learned Basis,0.0,0.31622776,-0.31622776,0.3391937,-0.33542845
Learned,Learned Basis,0.0,0.94868326,-0.31622776,0.95966154,-0.33555484
Learned,Learned Basis,0.0,0.94868326,0.31622776,0.8943627,0.45545867
Learned,Learned Basis,0.0,0.31622776,0.31622776,0.40360487,0.21551637
Learned,Learned Basis,0.0,0.94868326,0.31622776,0.8723401,0.2758332
Learned,Learned Basis,0.0,0.94868326,-0.31622776,1.0222417,-0.25023872
Learned,Learned Basis,0.0,0.94868326,0.31622776,0.716053,0.29391745
Learned,Learned Basis,0.0,0.94868326,0.31622776,0.93053865,0.19660924
Learned,Learned Basis,0.0,-0.94868326,-0.94868326,-0.9324054,-0.9742629
Learned,Learned Basis,0.0,0.94868326,0.94868326,0.9671834,0.91687936
Learned,Learned Basis,0.0,0.94868326,0.94868326,0.97807014,0.8935942
Learned,Learned Basis,0.0,-0.31622776,0.94868326,-0.3145305,1.0181191
Learned,Learned Basis,0.0,0.31622776,-0.94868326,0.2379496,-1.0176162
Learned,Learned Basis,0.0,-0.31622776,-0.94868326,-0.35245633,-0.99286467
Learned,Learned Basis,0.0,-0.94868326,0.31622776,-0.91420126,0.19419816
Learned,Learned Basis,0.0,-0.94868326,0.94868326,-0.96793395,0.96709126
Learned,Learned Basis,0.0,0.31622776,0.31622776,0.3198234,0.3723013
Learned,Learned Basis,0.0,-0.94868326,0.94868326,-0.79414874,0.87909144
Learned,Learned Basis,0.0,0.94868326,-0.94868326,1.0015024,-0.9812573
Learned,Learned Basis,0.0,0.94868326,0.94868326,0.8999494,0.9904283
Learned,Learned Basis,0.0,0.94868326,0.94868326,1.0040975,1.0613179
Learned,Learned Basis,0.0,-0.94868326,0.94868326,-0.81851894,0.87686163
Learned,Learned Basis,0.0,0.94868326,0.94868326,0.86465967,1.0201633
Learned,Learned Basis,0.0,0.94868326,0.31622776,0.98561466,0.33687016
Learned,Learned Basis,0.0,-0.94868326,-0.94868326,-1.1245815,-0.8958284
Learned,Learned Basis,0.0,0.94868326,-0.94868326,0.9251687,-0.8655394
Learned,Learned Basis,0.0,-0.94868326,0.31622776,-0.90933263,0.2931617
Learned,Learned Basis,0.0,0.94868326,0.31622776,0.9569424,0.28546047
Learned,Learned Basis,0.0,0.31622776,-0.94868326,0.26971358,-0.933882
Learned,Learned Basis,0.0,0.31622776,-0.94868326,0.36866647,-0.9282397
Learned,Learned Basis,0.0,-0.94868326,0.94868326,-0.77245975,1.0404339
Learned,Learned Basis,0.0,0.31622776,0.94868326,0.4118674,1.0647166
Learned,Learned Basis,0.0,0.31622776,-0.31622776,0.4626869,-0.3392993
Learned,Learned Basis,0.0,-0.31622776,-0.94868326,-0.45816278,-0.93387496
Learned,Learned Basis,0.0,0.94868326,-0.94868326,1.1743418,-0.9951442
Learned,Learned Basis,0.0,0.31622776,-0.31622776,0.25220382,-0.26725838
Learned,Learned Basis,0.0,-0.94868326,0.94868326,-1.0959084,0.84925866
Learned,Learned Basis,0.0,0.94868326,-0.31622776,0.9602113,-0.46761298
Learned,Learned Basis,0.0,-0.94868326,0.94868326,-0.93796057,1.0915366
Learned,Learned Basis,0.0,-0.31622776,-0.94868326,-0.3651268,-1.0216526
Learned,Learned Basis,0.0,0.94868326,-0.94868326,0.98161876,-1.0103697
Learned,Learned Basis,0.0,0.94868326,-0.31622776,0.9046015,-0.14187786
Learned,Learned Basis,0.0,-0.31622776,-0.31622776,-0.39232332,-0.22861221
Learned,Learned Basis,0.0,-0.31622776,0.94868326,-0.19154844,0.8816982
Learned,Learned Basis,0.0,-0.31622776,-0.31622776,-0.3951655,-0.22125958
Learned,Learned Basis,0.0,0.94868326,-0.31622776,1.0241942,-0.425509
Learned,Learned Basis,0.0,0.94868326,-0.94868326,0.9745352,-0.9489342
Learned,Learned Basis,0.0,0.31622776,-0.31622776,0.2624682,-0.3249926
Learned,Learned Basis,0.0,-0.31622776,-0.31622776,-0.31476155,-0.34889418
Learned,Learned Basis,0.0,0.31622776,-0.94868326,0.33897305,-1.0079677
Learned,Learned Basis,0.0,-0.31622776,0.94868326,-0.26836157,1.1061423
Learned,Learned Basis,0.0,0.31622776,0.31622776,0.38281336,0.23137563
Learned,Learned Basis,0.0,-0.31622776,-0.94868326,-0.29673144,-0.95306075
Learned,Learned Basis,0.0,0.31622776,0.94868326,0.23362148,1.0498414
Learned,Learned Basis,0.0,0.31622776,0.31622776,0.2680241,0.25992143
Learned,Learned Basis,0.0,-0.94868326,-0.31622776,-0.82875526,-0.37452212
Learned,Learned Basis,0.0,-0.31622776,-0.31622776,-0.3885832,-0.36772096
Learned,Learned Basis,0.0,-0.31622776,-0.31622776,-0.2765133,-0.49623302
Learned,Learned Basis,0.0,-0.94868326,0.31622776,-0.9217991,0.38759997
Learned,Learned Basis,0.0,-0.31622776,0.31622776,-0.2077493,0.42314318
Learned,Learned Basis,0.0,0.31622776,0.31622776,0.50629026,0.3899261
Learned,Learned Basis,0.0,0.94868326,-0.94868326,0.8520273,-0.91088617
Learned,Learned Basis,0.0,0.31622776,-0.31622776,0.570311,-0.41198078
Learned,Learned Basis,0.0,0.94868326,-0.94868326,0.90188867,-0.97733855
Learned,Learned Basis,0.0,0.31622776,0.31622776,0.2514444,0.2994122
Learned,Learned Basis,0.0,0.94868326,-0.94868326,1.1076224,-1.0523517
Learned,Learned Basis,0.0,0.31622776,0.94868326,0.31625682,1.06881
Learned,Learned Basis,0.0,0.31622776,0.94868326,0.23301694,1.014185
Learned,Learned Basis,0.0,0.31622776,-0.94868326,0.254667,-0.96008456
Learned,Learned Basis,0.0,0.31622776,-0.31622776,0.2448813,-0.37264025
Learned,Learned Basis,0.0,0.31622776,-0.31622776,0.23065597,-0.40542838
Learned,Learned Basis,0.0,0.31622776,-0.94868326,0.30796558,-0.92043537
Learned,Learned Basis,0.0,0.94868326,0.31622776,1.0306741,0.29395798
Learned,Learned Basis,0.0,-0.94868326,-0.94868326,-1.0431648,-0.95092314
Learned,Learned Basis,0.0,0.31622776,-0.94868326,0.23604251,-0.84206235
Learned,Learned Basis,0.0,0.31622776,0.31622776,0.44926116,0.26581138
Learned,Learned Basis,0.0,-0.94868326,0.31622776,-0.8011611,0.18256031
Learned,Learned Basis,0.0,0.94868326,-0.94868326,1.0926888,-0.80347836
Learned,Learned Basis,0.0,0.94868326,-0.31622776,0.92482203,-0.15971741
Learned,Learned Basis,0.0,-0.31622776,-0.94868326,-0.2652718,-0.8835513
Learned,Learned Basis,0.0,0.31622776,0.31622776,0.23562229,0.2820688
Learned,Learned Basis,0.0,0.94868326,-0.31622776,0.76953757,-0.24632433
Learned,Learned Basis,0.0,0.31622776,-0.94868326,0.41613185,-0.86846983
Learned,Learned Basis,0.0,0.31622776,-0.31622776,0.3324688,-0.3370828
Learned,Learned Basis,0.0,-0.94868326,-0.94868326,-1.0059382,-0.96831065
Learned,Learned Basis,0.0,-0.31622776,0.31622776,-0.48896807,0.31171474
Learned,Learned Basis,0.0,0.94868326,0.31622776,1.0103258,0.40854353
Learned,Learned Basis,0.0,-0.31622776,0.94868326,-0.2845526,1.0235957
Learned,Learned Basis,0.0,0.31622776,0.94868326,0.24605584,0.8878599
Learned,Learned Basis,0.0,0.31622776,-0.94868326,0.32853836,-0.9757946
Learned,Learned Basis,0.0,0.31622776,-0.94868326,0.31400537,-0.89354086
Learned,Learned Basis,0.0,0.94868326,0.94868326,0.9061564,0.9011263
Learned,Learned Basis,0.0,0.31622776,-0.94868326,0.1780443,-0.93890744
Learned,Learned Basis,0.0,-0.31622776,0.94868326,-0.3124572,0.9405959
Learned,Learned Basis,0.0,0.31622776,0.31622776,0.40859997,0.26631746
Learned,Learned Basis,0.0,0.94868326,0.31622776,0.8145011,0.35740668
Learned,Learned Basis,0.0,-0.31622776,0.94868326,-0.2884155,1.0119045
Learned,Learned Basis,0.0,0.31622776,-0.94868326,0.32517773,-0.8631363
Learned,Learned Basis,0.0,-0.94868326,0.31622776,-0.93150824,0.39015165
Learned,Learned Basis,0.0,-0.31622776,0.94868326,-0.28406078,1.0073187
Learned,Learned Basis,0.0,-0.94868326,0.31622776,-0.89466524,0.3474881
Learned,Learned Basis,0.0,-0.94868326,-0.94868326,-1.0728638,-0.9116868
Learned,Learned Basis,0.0,-0.31622776,-0.31622776,-0.37065363,-0.34535438
Learned,Learned Basis,0.0,-0.31622776,-0.31622776,-0.33224624,-0.20035753
Learned,Learned Basis,0.0,0.94868326,-0.31622776,1.0029993,-0.26252037
Learned,Learned Basis,0.0,-0.31622776,-0.31622776,-0.38345623,-0.49371365
Learned,Learned Basis,0.0,-0.31622776,-0.94868326,-0.22439837,-0.88023925
Learned,Learned Basis,0.0,-0.94868326,0.31622776,-0.81849223,0.18796735
Learned,Learned Basis,0.0,-0.31622776,-0.31622776,-0.3606801,-0.119480275
Learned,Learned Basis,0.0,-0.31622776,-0.94868326,-0.14501847,-1.0364339
Learned,Learned Basis,0.0,-0.94868326,-0.31622776,-0.9699168,-0.36122975
Learned,Learned Basis,0.0,-0.94868326,0.94868326,-0.95416677,0.83364683
Learned,Learned Basis,0.0,0.94868326,-0.94868326,1.0417063,-1.1072335
Learned,Learned Basis,0.0,0.94868326,-0.31622776,0.9359646,-0.44863486
Learned,Learned Basis,0.0,0.94868326,0.94868326,1.007419,0.9895218
Learned,Learned Basis,0.0,0.31622776,0.94868326,0.4309821,0.9219199
Learned,Learned Basis,0.0,-0.31622776,-0.31622776,-0.329367,-0.2446494
Learned,Learned Basis,0.0,-0.94868326,-0.31622776,-0.896307,-0.33727804
Learned,Learned Basis,0.0,-0.31622776,-0.94868326,-0.3097562,-0.7731091
Learned,Learned Basis,0.0,0.31622776,0.94868326,0.35589325,0.9480743
Learned,Learned Basis,0.0,-0.31622776,0.31622776,-0.43933564,0.068606675
Learned,Learned Basis,0.0,-0.31622776,0.31622776,-0.3312782,0.20245044
Learned,Learned Basis,0.0,-0.94868326,0.94868326,-1.0709953,0.9302943
Learned,Learned Basis,0.0,-0.31622776,-0.94868326,-0.29364935,-1.0349851
Learned,Learned Basis,0.0,0.94868326,0.31622776,0.90182847,0.27238643
Learned,Learned Basis,0.0,-0.31622776,0.31622776,-0.36028743,0.34722874
Learned,Learned Basis,0.0,-0.94868326,-0.94868326,-0.7735989,-0.99017364
Learned,Learned Basis,0.0,0.94868326,-0.94868326,0.8837059,-0.9449961
Learned,Learned Basis,0.0,0.31622776,-0.31622776,0.33421865,-0.24186064
Learned,Learned Basis,0.0,0.94868326,0.94868326,0.6979326,0.88813996
Learned,Learned Basis,0.0,-0.94868326,0.94868326,-0.8895627,0.92981815
Learned,Learned Basis,0.0,-0.31622776,0.94868326,-0.32434964,1.0199721
Learned,Learned Basis,0.0,-0.94868326,-0.94868326,-0.95438725,-0.99242216
Learned,Learned Basis,0.0,-0.31622776,-0.31622776,-0.35467717,-0.44368735
Learned,Learned Basis,0.0,0.31622776,0.94868326,0.43395546,0.8633244
Learned,Learned Basis,0.0,-0.94868326,0.94868326,-1.0064267,0.8708939
Learned,Learned Basis,0.0,-0.31622776,0.94868326,-0.34907418,0.9782883
Learned,Learned Basis,0.0,-0.31622776,-0.31622776,-0.15851054,-0.26724485
Learned,Learned Basis,0.0,-0.31622776,-0.31622776,-0.36618462,-0.34875125
Learned,Learned Basis,0.0,0.31622776,-0.94868326,0.17279372,-1.1715373
Learned,Learned Basis,0.0,0.94868326,-0.94868326,0.87118214,-0.93291634
Learned,Learned Basis,0.0,0.31622776,0.31622776,0.3242282,0.29505342
Learned,Learned Basis,0.0,-0.94868326,-0.94868326,-0.8904295,-0.9083271
Learned,Learned Basis,0.0,0.31622776,0.31622776,0.23602885,0.2109762
Learned,Learned Basis,0.0,-0.94868326,0.94868326,-0.9788731,1.0758021
Learned,Learned Basis,0.0,-0.31622776,-0.94868326,-0.36632642,-0.8548007
Learned,Learned Basis,0.0,0.31622776,0.31622776,0.33232152,0.23043412
Learned,Learned Basis,0.0,0.31622776,-0.31622776,0.07784774,-0.3309768
Learned,Learned Basis,0.0,-0.31622776,0.94868326,-0.41908026,0.8995404
Learned,Learned Basis,0.0,0.31622776,0.31622776,0.36072397,0.24108903
Learned,Learned Basis,0.0,-0.31622776,0.94868326,-0.292173,0.9146428
Learned,Learned Basis,0.0,0.94868326,-0.94868326,0.9127956,-0.9245699
Learned,Learned Basis,0.0,0.94868326,0.94868326,0.8501758,0.8770604
Learned,Learned Basis,0.0,-0.94868326,0.94868326,-1.03973,0.97660196
Learned,Learned Basis,0.0,-0.94868326,0.31622776,-0.9344654,0.34766406
Learned,Learned Basis,0.0,0.31622776,-0.31622776,0.13578084,-0.33186233
Learned,Learned Basis,0.0,0.94868326,0.94868326,0.98747367,1.0125108
Learned,Learned Basis,0.0,0.31622776,0.31622776,0.23785512,0.4357636
Learned,Learned Basis,0.0,-0.94868326,-0.94868326,-0.64421654,-0.8894389
Learned,Learned Basis,0.0,0.31622776,-0.94868326,0.4274001,-1.103876
Learned,Learned Basis,0.0,0.94868326,-0.94868326,0.97864264,-1.0343794
Learned,Learned Basis,0.0,0.31622776,-0.94868326,0.20045023,-0.9149942
Learned,Learned Basis,0.0,0.94868326,-0.31622776,0.87682956,-0.4444683
Learned,Learned Basis,0.0,-0.31622776,-0.94868326,-0.3808134,-1.0550208
Learned,Learned Basis,0.0,0.94868326,-0.94868326,1.0176151,-1.0104609
Learned,Learned Basis,0.0,0.31622776,0.31622776,0.36178574,0.42914298
Learned,Learned Basis,0.0,-0.31622776,0.31622776,-0.21776453,0.24538805
Learned,Learned Basis,0.0,-0.94868326,-0.94868326,-0.96577984,-0.87243485
Learned,Learned Basis,0.0,-0.94868326,-0.94868326,-0.99943304,-1.0070717
Learned,Learned Basis,0.0,0.31622776,-0.31622776,0.2340017,-0.28678542
Learned,Learned Basis,0.0,-0.94868326,0.31622776,-0.93158317,0.28221282
Learned,Learned Basis,0.0,-0.31622776,0.31622776,-0.42902586,0.20783898
Learned,Learned Basis,0.0,-0.94868326,0.31622776,-0.88660276,0.4746369
Learned,Learned Basis,0.0,-0.94868326,-0.31622776,-0.9430688,-0.367421
Learned,Learned Basis,0.0,-0.94868326,-0.31622776,-0.8454332,-0.07557196
Learned,Learned Basis,0.0,0.94868326,0.31622776,0.9024025,0.34742793
Learned,Learned Basis,0.0,-0.94868326,-0.94868326,-0.76982546,-1.0673773
Learned,Learned Basis,0.0,-0.31622776,-0.94868326,-0.32450843,-0.9333864
Learned,Learned Basis,0.0,-0.31622776,0.31622776,-0.34641322,0.37837243
Learned,Learned Basis,0.0,0.94868326,0.31622776,0.99449605,0.40559733
Learned,Learned Basis,0.0,0.31622776,-0.31622776,0.43871784,-0.33113012
Learned,Learned Basis,0.0,-0.31622776,0.31622776,-0.3165326,0.249813
Learned,Learned Basis,0.0,-0.94868326,0.94868326,-0.9995658,0.8109407
Learned,Learned Basis,0.0,-0.31622776,-0.31622776,-0.3302,-0.20455724
Learned,Learned Basis,0.0,0.94868326,-0.31622776,0.8055097,-0.3776476
Learned,Learned Basis,0.0,-0.31622776,-0.31622776,-0.44974148,-0.4745531
Learned,Learned Basis,0.0,-0.94868326,-0.31622776,-0.9680514,-0.051803637
Learned,Learned Basis,0.0,-0.31622776,0.94868326,-0.07252468,1.161525
Learned,Learned Basis,0.0,0.94868326,-0.94868326,1.065295,-0.9975535
Learned,Learned Basis,0.0,0.94868326,-0.31622776,0.889413,-0.41863853
Learned,Learned Basis,0.0,0.31622776,-0.31622776,0.33781335,-0.29343104
Learned,Learned Basis,0.0,-0.31622776,-0.94868326,-0.28165284,-0.8402791
Learned,Learned Basis,0.0,-0.31622776,0.31622776,-0.27349707,0.21206482
Learned,Learned Basis,0.0,0.31622776,0.31622776,0.28940696,0.42029393
Learned,Learned Basis,0.0,0.31622776,0.94868326,0.21598981,1.0684998
Learned,Learned Basis,0.0,-0.94868326,-0.31622776,-1.0043209,-0.38999593
Learned,Learned Basis,0.0,-0.94868326,0.31622776,-0.9560893,0.4020241
Learned,Learned Basis,0.0,-0.94868326,-0.94868326,-1.1006716,-0.96973544
Learned,Learned Basis,0.0,0.31622776,0.94868326,0.28580332,0.92234695
Learned,Learned Basis,0.0,-0.94868326,0.94868326,-0.9598496,0.9354788
Learned,Learned Basis,0.0,0.31622776,-0.94868326,0.37048557,-1.0447786
Learned,Learned Basis,0.0,0.94868326,0.31622776,0.92115664,0.14619556
Learned,Learned Basis,0.0,-0.94868326,0.94868326,-0.95567036,0.93384874
Learned,Learned Basis,0.0,0.31622776,-0.31622776,0.47122744,-0.34636447
Learned,Learned Basis,0.0,-0.94868326,-0.94868326,-0.6631355,-0.9543834
Learned,Learned Basis,0.0,0.94868326,-0.31622776,0.9474377,-0.21956098
Learned,Learned Basis,0.0,-0.94868326,0.31622776,-1.0011425,0.3656595
Learned,Learned Basis,0.0,-0.94868326,-0.94868326,-1.0359278,-1.0656941
Learned,Learned Basis,0.0,0.31622776,0.31622776,0.38979387,0.26061207
Learned,Learned Basis,0.0,-0.94868326,0.94868326,-0.95978653,0.97745717
Learned,Learned Basis,0.0,0.94868326,-0.31622776,1.0061688,-0.43305194
Learned,Learned Basis,0.0,-0.31622776,-0.94868326,-0.27081984,-0.864659
Learned,Learned Basis,0.0,-0.31622776,-0.94868326,-0.35524634,-0.8371681
Learned,Learned Basis,0.0,-0.94868326,-0.94868326,-0.924323,-0.7577958
Learned,Learned Basis,0.0,0.94868326,-0.94868326,0.7777913,-0.98483664
Learned,Learned Basis,0.0,0.94868326,-0.94868326,0.85995406,-1.002771
Learned,Learned Basis,0.0,0.31622776,-0.31622776,0.2969126,-0.23196672
Learned,Learned Basis,0.0,-0.94868326,-0.31622776,-0.80741686,-0.290899
Learned,Learned Basis,0.0,0.31622776,-0.31622776,0.158068,-0.2351016
Learned,Learned Basis,0.0,0.31622776,-0.31622776,0.46341258,-0.19973786
Learned,Learned Basis,0.0,0.94868326,0.31622776,0.98765445,0.4094342
Learned,Learned Basis,0.0,-0.94868326,0.31622776,-0.92458725,0.23588587
Learned,Learned Basis,0.0,-0.94868326,0.31622776,-1.041868,0.15340884
Learned,Learned Basis,0.0,0.31622776,-0.94868326,0.2309984,-0.9182233
Learned,Learned Basis,0.0,-0.94868326,-0.31622776,-0.7521612,-0.31528434
Learned,Learned Basis,0.0,-0.31622776,0.94868326,-0.3169012,0.9643894
Learned,Learned Basis,0.0,-0.94868326,0.94868326,-0.8631734,0.8015712
Learned,Learned Basis,0.0,0.94868326,-0.31622776,0.9806912,-0.29353845
Learned,Learned Basis,0.0,0.94868326,-0.31622776,1.09273,-0.32578897
Learned,Learned Basis,0.0,-0.31622776,-0.94868326,-0.27170423,-1.062898
Learned,Learned Basis,0.0,-0.94868326,-0.94868326,-0.9690138,-1.0719405
Learned,Learned Basis,0.0,-0.94868326,0.94868326,-0.8720956,0.8654082
Learned,Learned Basis,0.0,-0.31622776,-0.94868326,-0.36623827,-1.0880926
Learned,Learned Basis,0.0,0.94868326,-0.94868326,0.88265294,-0.9296467
Learned,Learned Basis,0.0,0.31622776,0.31622776,0.33696145,0.11703275
Learned,Learned Basis,0.0,0.94868326,-0.94868326,0.9418899,-1.0418289
Learned,Learned Basis,0.0,0.31622776,0.31622776,0.32981414,0.3215876
Learned,Learned Basis,0.0,-0.94868326,0.31622776,-0.84653825,0.29001403
Learned,Learned Basis,0.0,0.94868326,-0.94868326,0.8209978,-1.0586299
Learned,Learned Basis,0.0,0.94868326,0.94868326,0.88161653,0.96312225
Learned,Learned Basis,0.0,-0.31622776,0.94868326,-0.17547378,1.0051534
Learned,Learned Basis,0.0,0.31622776,-0.94868326,0.18152696,-0.7996216
Learned,Learned Basis,0.0,-0.31622776,-0.31622776,-0.3699603,-0.09652868
Learned,Learned Basis,0.0,0.31622776,0.31622776,0.41396672,0.3394715
Learned,Learned Basis,0.0,-0.31622776,-0.94868326,-0.26276076,-0.93579745
Learned,Learned Basis,0.0,0.94868326,0.94868326,0.92396957,0.9494511
Learned,Learned Basis,0.0,-0.94868326,-0.31622776,-0.7951965,-0.25408253
Learned,Learned Basis,0.0,-0.94868326,0.31622776,-1.0299283,0.3701311
Learned,Learned Basis,0.0,-0.31622776,-0.94868326,-0.27098128,-1.04735
Learned,Learned Basis,0.0,-0.94868326,-0.31622776,-0.9104458,-0.40223625
Learned,Learned Basis,0.0,0.94868326,0.31622776,0.7802576,0.3058798
Learned,Learned Basis,0.0,0.31622776,0.94868326,0.3013092,0.755113
Learned,Learned Basis,0.0,-0.94868326,-0.31622776,-0.9384997,-0.21691813
Learned,Learned Basis,0.0,-0.94868326,-0.31622776,-0.9147784,-0.26724902
Learned,Learned Basis,0.0,0.31622776,-0.94868326,0.24183202,-0.85617214
Learned,Learned Basis,0.0,0.31622776,0.31622776,0.314672,0.12932682
Learned,Learned Basis,0.0,0.31622776,0.31622776,0.37297714,0.13688824
Learned,Learned Basis,0.0,-0.94868326,0.31622776,-1.1081729,0.42205805
Learned,Learned Basis,0.0,0.94868326,0.31622776,1.0472686,0.38231754
Learned,Learned Basis,0.0,0.31622776,0.94868326,0.395591,0.8882309
Learned,Learned Basis,0.0,0.31622776,-0.31622776,0.39201495,-0.37908515
Learned,Learned Basis,0.0,-0.31622776,0.31622776,-0.49780846,0.30777252
Learned,Learned Basis,0.0,-0.94868326,0.94868326,-0.9654476,1.0417843
Learned,Learned Basis,0.0,0.94868326,0.31622776,1.0487989,0.2290336
Learned,Learned Basis,0.0,0.94868326,-0.31622776,1.1497376,-0.3649464
Learned,Learned Basis,0.0,-0.31622776,0.31622776,-0.31197554,0.26996124
Learned,Learned Basis,0.0,-0.94868326,0.31622776,-0.9504215,0.36256987
Learned,Learned Basis,0.0,-0.31622776,0.94868326,-0.30469978,0.8451136
Learned,Learned Basis,0.0,-0.31622776,0.94868326,-0.20627369,0.9333187
Learned,Learned Basis,0.0,0.31622776,0.94868326,0.28307405,0.88016456
Learned,Learned Basis,0.0,-0.31622776,-0.94868326,-0.21340787,-1.0316939
Learned,Learned Basis,0.0,0.31622776,-0.31622776,0.28454977,-0.45648804
Learned,Learned Basis,0.0,-0.94868326,0.31622776,-0.8646362,0.26412898
Learned,Learned Basis,0.0,-0.31622776,0.31622776,-0.2131769,0.28886977
Learned,Learned Basis,0.0,-0.94868326,-0.31622776,-0.9495619,-0.22573753
Learned,Learned Basis,0.0,-0.31622776,0.31622776,-0.38387167,0.21106747
Learned,Learned Basis,0.0,-0.94868326,-0.31622776,-0.9935812,-0.2350075
Learned,Learned Basis,0.0,-0.94868326,0.31622776,-0.7470921,0.24548912
Learned,Learned Basis,0.0,-0.31622776,0.31622776,-0.27415994,0.3596949
Learned,Learned Basis,0.0,0.94868326,0.31622776,1.0616804,0.298818
Learned,Learned Basis,0.0,0.94868326,-0.31622776,0.96045965,-0.12000973
Learned,Learned Basis,0.0,-0.94868326,-0.31622776,-0.989274,-0.120464325
Learned,Learned Basis,0.0,0.94868326,-0.31622776,1.0991371,-0.36100858
Learned,Learned Basis,0.0,-0.31622776,0.31622776,-0.33547378,0.2053538
Learned,Learned Basis,0.0,0.31622776,-0.31622776,0.29307413,-0.4040021
Learned,Learned Basis,0.0,0.94868326,0.94868326,0.92295855,0.78940713
Learned,Learned Basis,0.0,-0.31622776,0.94868326,-0.25520295,1.0655298
Learned,Learned Basis,0.0,0.94868326,0.94868326,0.9953694,1.0901117
Learned,Learned Basis,0.0,-0.31622776,0.31622776,-0.29103005,0.24415065
Learned,Learned Basis,0.0,0.94868326,0.31622776,0.78477275,0.1597869
Learned,Learned Basis,0.0,0.94868326,-0.31622776,0.9287251,-0.33780038
Learned,Learned Basis,0.0,-0.94868326,-0.94868326,-1.0071106,-0.8702772
Learned,Learned Basis,0.0,-0.94868326,0.94868326,-0.74825364,1.1018186
Learned,Learned Basis,0.0,0.31622776,-0.31622776,0.41157496,-0.4769184
Learned,Learned Basis,0.0,-0.31622776,-0.94868326,-0.2692055,-0.88935184
Learned,Learned Basis,0.0,0.31622776,0.94868326,0.27059186,0.9945616
Learned,Learned Basis,0.0,-0.94868326,-0.31622776,-0.86453766,-0.4591363
Learned,Learned Basis,0.0,-0.94868326,-0.31622776,-0.97590595,-0.32834437
Learned,Learned Basis,0.0,0.94868326,-0.31622776,0.8449582,-0.4068594
Learned,Learned Basis,0.0,0.94868326,0.31622776,0.9114824,0.11008958
Learned,Learned Basis,0.0,0.31622776,0.94868326,0.15021229,0.9386971
Learned,Learned Basis,0.0,0.94868326,0.94868326,0.8148192,1.0667113
Learned,Learned Basis,0.0,0.31622776,-0.94868326,0.3293543,-0.8762179
Learned,Learned Basis,0.0,0.94868326,-0.31622776,0.9826435,-0.16751024
Learned,Learned Basis,0.0,-0.94868326,-0.94868326,-0.93640864,-0.9256135
Learned,Learned Basis,0.0,0.94868326,-0.94868326,0.91693985,-0.84667945
Learned,Learned Basis,0.0,0.94868326,-0.31622776,0.91282445,-0.41352117
Learned,Learned Basis,0.0,0.94868326,-0.31622776,0.9454227,-0.25419027
Learned,Learned Basis,0.0,0.31622776,0.31622776,0.4077594,0.2952682
Learned,Learned Basis,0.0,0.31622776,0.94868326,0.14821163,1.0724186
Learned,Learned Basis,0.0,0.94868326,-0.31622776,0.97674,-0.2992247
Learned,Learned Basis,0.0,-0.94868326,0.94868326,-0.9893422,1.0864441
Learned,Learned Basis,0.0,0.94868326,0.94868326,0.9136846,0.9418548
Learned,Learned Basis,0.0,-0.31622776,0.31622776,-0.37680244,0.31309646
Learned,Learned Basis,0.0,0.31622776,0.31622776,0.2513286,0.23272821
Learned,Learned Basis,0.0,-0.31622776,0.94868326,-0.257277,0.98667234
Learned,Learned Basis,0.0,-0.31622776,0.94868326,-0.44024596,0.8969391
Learned,Learned Basis,0.0,0.31622776,0.31622776,0.21093379,0.29237142
Learned,Learned Basis,0.0,0.94868326,0.94868326,1.1827582,0.9412839
Learned,Learned Basis,0.0,-0.94868326,0.94868326,-0.8625723,0.8478726
Learned,Learned Basis,0.0,-0.31622776,0.94868326,-0.4892738,0.95173687
Learned,Learned Basis,0.0,0.31622776,0.94868326,0.38641593,0.9961456
Learned,Learned Basis,0.0,-0.94868326,0.94868326,-1.0121703,1.0329847
Learned,Learned Basis,0.0,0.94868326,-0.94868326,1.1208773,-0.8339563
Learned,Learned Basis,0.0,0.31622776,-0.94868326,0.3411232,-0.9382024
Learned,Learned Basis,0.0,0.94868326,0.31622776,0.94109374,0.3176143
Learned,Learned Basis,0.0,-0.94868326,-0.94868326,-0.9114394,-1.0235863
Learned,Learned Basis,0.0,0.31622776,0.94868326,0.23628627,0.74512386
Learned,Learned Basis,0.0,0.94868326,0.31622776,1.0216109,0.3601418
Learned,Learned Basis,0.0,-0.31622776,-0.31622776,-0.14528786,-0.12342359
Learned,Learned Basis,0.0,-0.31622776,-0.94868326,-0.48010424,-1.094154
Learned,Learned Basis,0.0,0.94868326,-0.31622776,0.93937415,-0.15214624
Learned,Learned Basis,0.0,-0.94868326,-0.94868326,-1.0363975,-1.1269739
Learned,Learned Basis,0.0,-0.94868326,-0.31622776,-0.9202605,-0.31742784
Learned,Learned Basis,0.0,0.94868326,0.94868326,0.9110722,0.75382906
Learned,Learned Basis,0.0,0.31622776,-0.94868326,0.35945824,-0.9020358
Learned,Learned Basis,0.0,-0.94868326,-0.94868326,-0.7764031,-0.9706499
Learned,Learned Basis,0.0,0.94868326,0.31622776,0.96968347,0.18723097
Learned,Learned Basis,0.0,0.94868326,0.94868326,0.933422,0.9524301
Learned,Learned Basis,0.0,0.94868326,0.94868326,0.9730013,0.9101946
Learned,Learned Basis,0.0,-0.94868326,0.94868326,-0.9684553,0.9614194
Learned,Learned Basis,0.0,0.94868326,-0.94868326,0.774347,-0.7396452
Learned,Learned Basis,0.0,-0.31622776,0.94868326,-0.4108879,0.83559495
Learned,Learned Basis,0.0,-0.31622776,-0.94868326,-0.28291002,-1.0533196
Learned,Learned Basis,0.0,0.94868326,-0.31622776,0.9038712,-0.42158094
Learned,Learned Basis,0.0,-0.31622776,-0.31622776,-0.25820374,-0.13221805
Learned,Learned Basis,0.0,0.31622776,-0.31622776,0.428927,-0.34885773
Learned,Learned Basis,0.0,0.94868326,-0.94868326,1.0695113,-0.9222228
Learned,Learned Basis,0.0,-0.94868326,0.31622776,-1.0451765,0.26880383
Learned,Learned Basis,0.0,-0.31622776,-0.94868326,-0.28764522,-1.0149881
Learned,Learned Basis,0.0,-0.31622776,0.94868326,-0.3508774,0.879176
Learned,Learned Basis,0.0,0.94868326,-0.31622776,1.0515233,-0.38750082
Learned,Learned Basis,0.0,-0.31622776,-0.94868326,-0.3097388,-1.0509804
Learned,Learned Basis,0.0,-0.31622776,0.94868326,-0.30814576,0.86803603
Learned,Learned Basis,0.0,0.31622776,-0.94868326,0.27407938,-0.9725638
Learned,Learned Basis,0.0,-0.31622776,-0.31622776,-0.14951117,-0.30675414
Learned,Learned Basis,0.0,-0.94868326,0.31622776,-0.99064845,0.183167
Learned,Learned Basis,0.0,-0.31622776,0.94868326,-0.3162393,1.0309954
Learned,Learned Basis,0.0,0.31622776,-0.94868326,0.35356346,-0.8937701
Learned,Learned Basis,0.0,0.94868326,0.94868326,1.0006036,0.9738061
Learned,Learned Basis,0.0,-0.94868326,0.94868326,-1.0152258,0.90579945
Learned,Learned Basis,0.0,0.31622776,0.31622776,0.16659805,0.386567
Learned,Learned Basis,0.0,-0.31622776,-0.94868326,-0.24012476,-0.7745426
Learned,Learned Basis,0.0,-0.94868326,0.31622776,-1.1453377,0.42958564
Learned,Learned Basis,0.0,-0.94868326,-0.94868326,-0.7363558,-0.8552123
Learned,Learned Basis,0.0,-0.31622776,0.31622776,-0.43245837,0.30240875
Learned,Learned Basis,0.0,-0.94868326,0.31622776,-0.9390564,0.27199894
Learned,Learned Basis,0.0,0.31622776,-0.94868326,0.26288724,-0.7672283
Learned,Learned Basis,0.0,-0.31622776,0.94868326,-0.30326095,0.8475362
Learned,Learned Basis,0.0,-0.94868326,-0.31622776,-1.0620134,-0.35543832
Learned,Learned Basis,0.0,0.94868326,-0.94868326,0.8854941,-0.89599323
Learned,Learned Basis,0.0,-0.31622776,-0.31622776,-0.29828277,-0.30767992
Learned,Learned Basis,0.0,-0.94868326,-0.31622776,-0.97595555,-0.30309933
Learned,Learned Basis,0.0,-0.94868326,-0.94868326,-0.7783393,-0.94883835
Learned,Learned Basis,0.0,0.31622776,-0.31622776,0.25425833,-0.22215359
Learned,Learned Basis,0.0,0.94868326,0.94868326,1.0264715,0.8656496
Learned,Learned Basis,0.0,-0.94868326,-0.31622776,-1.1366714,-0.13319896
Learned,Learned Basis,0.0,0.31622776,0.94868326,0.178483,1.0375051
Learned,Learned Basis,0.0,-0.94868326,0.31622776,-1.0859967,0.43856472
Learned,Learned Basis,0.0,-0.31622776,0.94868326,-0.15253393,0.89139277
Learned,Learned Basis,0.0,0.94868326,0.94868326,0.832597,1.0032351
Learned,Learned Basis,0.0,-0.31622776,0.31622776,-0.14100155,0.28162074
Learned,Learned Basis,0.0,0.31622776,-0.94868326,0.33231026,-0.94082594
Learned,Learned Basis,0.0,-0.94868326,0.31622776,-0.94926864,0.2876882
Learned,Learned Basis,0.0,0.31622776,-0.31622776,0.25273424,-0.3822251
Learned,Learned Basis,0.0,-0.94868326,0.94868326,-1.0354768,1.2187049
Learned,Learned Basis,0.0,-0.31622776,0.94868326,-0.49963304,0.8908036
Learned,Learned Basis,0.0,-0.94868326,-0.94868326,-0.9378086,-0.9336267
Learned,Learned Basis,0.0,0.31622776,0.94868326,0.2996884,0.7893969
Learned,Learned Basis,0.0,-0.31622776,-0.94868326,-0.21191412,-1.1014292
Learned,Learned Basis,0.0,0.94868326,-0.31622776,0.8058705,-0.32894632
Learned,Learned Basis,0.0,-0.31622776,0.94868326,-0.46927553,0.9608026
Learned,Learned Basis,0.0,-0.94868326,-0.94868326,-0.7463004,-0.9800931
Learned,Learned Basis,0.0,0.94868326,0.94868326,0.955429,0.90183276
Learned,Learned Basis,0.0,0.94868326,0.94868326,0.9035069,0.8579557
Learned,Learned Basis,0.0,0.94868326,-0.94868326,0.8960218,-0.90590376
Learned,Learned Basis,0.0,0.31622776,0.31622776,0.35194933,0.24749564
Learned,Learned Basis,0.0,-0.94868326,0.31622776,-0.9358383,0.38469422
Learned,Learned Basis,0.0,-0.31622776,-0.31622776,-0.16660446,-0.361117
Learned,Learned Basis,0.0,0.31622776,0.94868326,0.4270958,1.0001656
Learned,Learned Basis,0.0,-0.31622776,0.94868326,-0.40681922,0.98375714
Learned,Learned Basis,0.0,-0.31622776,0.94868326,-0.23973422,0.76804537
Learned,Learned Basis,0.0,-0.94868326,0.31622776,-0.8067742,0.40870112
Learned,Learned Basis,0.0,0.94868326,-0.31622776,1.0080615,-0.39276862
Learned,Learned Basis,0.0,-0.94868326,-0.94868326,-0.857892,-1.0632077
Learned,Learned Basis,0.0,0.94868326,-0.31622776,0.9375972,-0.36867496
Learned,Learned Basis,0.0,0.31622776,0.94868326,0.33952197,0.8257755
Learned,Learned Basis,0.0,0.31622776,0.94868326,0.3450118,0.9713479
Learned,Learned Basis,0.0,0.94868326,-0.31622776,1.0374309,-0.2877019
Learned,Learned Basis,0.0,-0.94868326,-0.94868326,-1.098911,-0.8400377
Learned,Learned Basis,0.0,-0.94868326,-0.31622776,-0.91362387,-0.381675
Learned,Learned Basis,0.0,0.31622776,0.94868326,0.5128444,0.93690526
Learned,Learned Basis,0.0,0.31622776,-0.94868326,0.2934175,-1.020369
Learned,Learned Basis,0.0,0.31622776,0.31622776,0.2390518,0.28614625
Learned,Learned Basis,0.0,-0.31622776,0.31622776,-0.31142783,0.20396045
Learned,Learned Basis,0.0,0.94868326,-0.31622776,1.1877455,-0.22540444
Learned,Learned Basis,0.0,0.31622776,-0.94868326,0.35869792,-0.8369751
Learned,Learned Basis,0.0,0.31622776,0.31622776,0.24124648,0.13322318
Learned,Learned Basis,0.0,0.94868326,-0.94868326,0.8328716,-0.94940615
Learned,Learned Basis,0.0,-0.94868326,-0.94868326,-0.9594965,-0.87890834
Learned,Learned Basis,0.0,-0.94868326,-0.31622776,-0.9900796,-0.22696248
Learned,Learned Basis,0.0,0.31622776,0.94868326,0.38603806,0.97710234
Learned,Learned Basis,0.0,-0.94868326,0.31622776,-0.92238474,0.34344074
Learned,Learned Basis,0.0,0.31622776,0.94868326,0.24961028,0.93105984
Learned,Learned Basis,0.0,-0.31622776,-0.94868326,-0.3931513,-0.77895385
Learned,Learned Basis,0.0,0.31622776,-0.94868326,0.3603283,-0.9842267
Learned,Learned Basis,0.0,-0.31622776,0.31622776,-0.38076824,0.37639678
Learned,Learned Basis,0.0,0.94868326,-0.94868326,0.9988735,-0.9038343
Learned,Learned Basis,0.0,0.94868326,-0.94868326,0.9028039,-0.87102354
Learned,Learned Basis,0.0,0.31622776,-0.94868326,0.33665973,-0.9439974
Learned,Learned Basis,0.0,-0.94868326,-0.31622776,-0.831833,-0.5018003
Learned,Learned Basis,0.0,0.94868326,-0.94868326,1.0075577,-0.8471647
Learned,Learned Basis,0.0,-0.31622776,-0.31622776,-0.32081956,-0.31777206
Learned,Learned Basis,0.0,-0.94868326,-0.94868326,-1.0146511,-1.1280351
Learned,Learned Basis,0.0,0.31622776,0.31622776,0.332798,0.11769711
Learned,Learned Basis,0.0,0.31622776,-0.31622776,0.30244952,-0.25155288
Learned,Learned Basis,0.0,0.94868326,-0.94868326,1.0078403,-1.0298158
Learned,Learned Basis,0.0,-0.31622776,0.94868326,-0.1401515,0.98833114
Learned,Learned Basis,0.0,0.94868326,0.31622776,0.89636636,0.3878422
Learned,Learned Basis,0.0,0.94868326,-0.31622776,0.94207585,-0.24799624
Learned,Learned Basis,0.0,0.31622776,-0.94868326,0.24308269,-0.96310765
Learned,Learned Basis,0.0,0.94868326,0.94868326,0.93974733,0.8740021
Learned,Learned Basis,0.0,0.94868326,0.94868326,0.98800755,1.0692261
Learned,Learned Basis,0.0,0.94868326,0.31622776,0.97955775,0.3328725
Learned,Learned Basis,0.0,0.94868326,0.31622776,0.80774146,0.388595
Learned,Learned Basis,0.0,-0.94868326,0.31622776,-0.94349,0.34457326
Learned,Learned Basis,0.0,0.94868326,-0.31622776,0.98915815,-0.5327717
Learned,Learned Basis,0.0,-0.31622776,0.31622776,-0.4326192,0.26530555
Learned,Learned Basis,0.0,-0.94868326,0.94868326,-1.0825298,0.89057565
Learned,Learned Basis,0.0,0.31622776,0.31622776,0.35073167,0.25457948
Learned,Learned Basis,0.0,-0.31622776,0.31622776,-0.17920098,0.39687428
Learned,Learned Basis,0.0,0.31622776,-0.31622776,0.115259126,-0.28478277
Learned,Learned Basis,0.0,0.94868326,0.31622776,0.9096521,0.4250185
Learned,Learned Basis,0.0,0.94868326,-0.31622776,0.9577632,-0.3488223
Learned,Learned Basis,0.0,0.31622776,0.94868326,0.31900156,0.9071299
Learned,Learned Basis,0.0,-0.31622776,-0.31622776,-0.37858647,-0.35400033
Learned,Learned Basis,0.0,0.31622776,0.94868326,0.3988886,1.0478326
Learned,Learned Basis,0.0,-0.94868326,0.31622776,-0.84224063,0.35237598
Learned,Learned Basis,0.0,0.31622776,0.94868326,0.28456032,0.99648315
Learned,Learned Basis,0.0,0.31622776,-0.31622776,0.61622596,-0.27696913
Learned,Learned Basis,0.0,0.31622776,0.31622776,0.3422081,0.26972064
Learned,Learned Basis,0.0,0.31622776,0.31622776,0.2842118,0.32563785
Learned,Learned Basis,0.0,-0.94868326,-0.31622776,-0.8642172,-0.30090156
Learned,Learned Basis,0.0,-0.31622776,-0.94868326,-0.15691166,-1.0276583
Learned,Learned Basis,0.0,-0.31622776,-0.31622776,-0.33751664,-0.29380906
Learned,Learned Basis,0.0,-0.94868326,0.94868326,-0.91230905,0.9846961
Learned,Learned Basis,0.0,0.31622776,-0.94868326,0.17038643,-0.6953942
Learned,Learned Basis,0.0,0.94868326,0.94868326,0.8417812,0.9044144
Learned,Learned Basis,0.0,0.31622776,0.31622776,0.23106283,0.3508108
Learned,Learned Basis,0.0,0.94868326,-0.94868326,0.89436007,-0.7482671
Learned,Learned Basis,0.0,-0.31622776,0.31622776,-0.23733076,0.48069346
Learned,Learned Basis,0.0,0.94868326,0.94868326,0.8266443,1.0201244
Learned,Learned Basis,0.0,0.94868326,-0.94868326,0.8807413,-1.0104038
Learned,Learned Basis,0.0,0.94868326,-0.31622776,0.8801724,-0.29633194
Learned,Learned Basis,0.0,0.94868326,0.31622776,0.9173659,0.21498695
Learned,Learned Basis,0.0,-0.94868326,0.94868326,-0.8473823,0.99271244
Learned,Learned Basis,0.0,-0.31622776,-0.94868326,-0.5218133,-0.9820306
Learned,Learned Basis,0.0,-0.31622776,-0.94868326,-0.37385517,-1.0957891
Learned,Learned Basis,0.0,-0.31622776,-0.31622776,-0.48740107,-0.51870966
Learned,Learned Basis,0.0,0.94868326,-0.94868326,0.88416225,-0.99492615
Learned,Learned Basis,0.0,0.31622776,-0.94868326,0.41209796,-0.9002758
Learned,Learned Basis,0.0,-0.31622776,0.94868326,-0.3301014,0.9754906
Learned,Learned Basis,0.0,-0.94868326,0.94868326,-1.0662606,0.7618427
Learned,Learned Basis,0.0,-0.94868326,0.31622776,-1.0493623,0.2995149
Learned,Learned Basis,0.0,-0.94868326,0.31622776,-0.8244626,0.3819537
Learned,Learned Basis,0.0,0.31622776,-0.31622776,0.054957613,-0.266594
Learned,Learned Basis,0.0,-0.94868326,-0.94868326,-0.86707556,-0.9234651
Learned,Learned Basis,0.0,0.31622776,0.94868326,0.32564598,1.1087608
Learned,Learned Basis,0.0,-0.94868326,0.94868326,-0.90106577,0.9919868
Learned,Learned Basis,0.0,0.31622776,-0.31622776,0.30909345,-0.26504034
Learned,Learned Basis,0.0,0.94868326,0.94868326,0.89315236,0.8973196
Learned,Learned Basis,0.0,0.94868326,0.94868326,0.93557966,0.91463816
Learned,Learned Basis,0.0,-0.94868326,-0.31622776,-0.9837078,-0.3034252
Learned,Learned Basis,0.0,-0.94868326,0.31622776,-0.9531961,0.3989818
Learned,Learned Basis,0.0,-0.31622776,-0.31622776,-0.31810454,-0.23119007
Learned,Learned Basis,0.0,-0.94868326,-0.94868326,-0.98407954,-1.0805314
Learned,Learned Basis,0.0,-0.94868326,0.31622776,-0.9629637,0.38293192
Learned,Learned Basis,0.0,-0.31622776,0.31622776,-0.1970312,0.24940379
Learned,Learned Basis,0.0,0.31622776,-0.94868326,0.2414459,-0.9373934
Learned,Learned Basis,0.0,0.31622776,0.31622776,0.16151834,0.22588056
Learned,Learned Basis,0.0,0.94868326,0.94868326,0.7975197,0.93755424
Learned,Learned Basis,0.0,-0.31622776,0.31622776,-0.12059178,0.16654216
Learned,Learned Basis,0.0,-0.94868326,0.31622776,-0.90391016,0.2818831
Learned,Learned Basis,0.0,-0.31622776,-0.94868326,-0.3874263,-1.0512674
Learned,Learned Basis,0.0,-0.31622776,0.31622776,-0.33366388,0.22361447
Learned,Learned Basis,0.0,-0.31622776,-0.31622776,-0.37404686,-0.38259378
Learned,Learned Basis,0.0,-0.94868326,-0.31622776,-0.9049815,-0.29343152
Learned,Learned Basis,0.0,0.31622776,0.94868326,0.20543088,0.9152015
Learned,Learned Basis,0.0,0.94868326,-0.31622776,1.0269117,-0.26504904
Learned,Learned Basis,0.0,-0.94868326,-0.31622776,-0.932546,-0.24048062
Learned,Learned Basis,0.0,0.94868326,0.31622776,1.0096529,0.24979295
Learned,Learned Basis,0.0,0.31622776,0.31622776,0.37974232,0.33158347
Learned,Learned Basis,0.0,-0.94868326,0.31622776,-0.80288994,0.33968812
Learned,Learned Basis,0.0,-0.31622776,0.31622776,-0.31129524,0.30898312
Learned,Learned Basis,0.0,-0.94868326,-0.94868326,-0.690791,-0.8939847
Learned,Learned Basis,0.0,0.94868326,-0.94868326,0.9623172,-0.87687135
Learned,Learned Basis,0.0,0.31622776,-0.31622776,0.34652725,-0.5335283
Learned,Learned Basis,0.0,0.94868326,0.94868326,1.0189743,1.0700284
Learned,Learned Basis,0.0,-0.94868326,0.31622776,-0.8674304,0.216949
Learned,Learned Basis,0.0,-0.31622776,-0.31622776,-0.38676655,-0.23441593
Learned,Learned Basis,0.0,-0.94868326,0.94868326,-0.90300876,0.8589268
Learned,Learned Basis,0.0,0.94868326,-0.31622776,1.071453,-0.2973832
Learned,Learned Basis,0.0,0.31622776,0.94868326,0.24607643,1.0307598
Learned,Learned Basis,0.0,-0.94868326,-0.94868326,-1.024594,-1.0343353
Learned,Learned Basis,0.0,-0.31622776,-0.94868326,-0.19289966,-0.8285352
Learned,Learned Basis,0.0,0.94868326,-0.31622776,0.89834815,-0.4028026
Learned,Learned Basis,0.0,0.31622776,-0.94868326,0.27050093,-0.8750629
Learned,Learned Basis,0.0,0.31622776,-0.31622776,0.19030437,-0.21219377
Learned,Learned Basis,0.0,-0.94868326,-0.94868326,-1.0045348,-1.0127176
Learned,Learned Basis,0.0,0.31622776,0.94868326,0.21081471,0.7951553
Learned,Learned Basis,0.0,-0.94868326,0.31622776,-1.0336322,0.2123699
Learned,Learned Basis,0.0,-0.31622776,-0.31622776,-0.12544501,-0.20270382
Learned,Learned Basis,0.0,-0.31622776,-0.31622776,-0.3810162,-0.42795238
Learned,Learned Basis,0.0,-0.94868326,0.31622776,-0.95783573,0.34082526
Learned,Learned Basis,0.0,-0.94868326,-0.94868326,-0.9846126,-0.9439727
Learned,Learned Basis,0.0,0.94868326,0.31622776,0.8809373,0.39921287
Learned,Learned Basis,0.0,-0.94868326,0.94868326,-0.92245513,1.0415074
Learned,Learned Basis,0.0,0.31622776,-0.31622776,0.28839967,-0.29083425
Learned,Learned Basis,0.0,0.94868326,0.31622776,0.8980446,0.3913394
Learned,Learned Basis,0.0,-0.31622776,0.31622776,-0.40362695,0.28559303
Learned,Learned Basis,0.0,0.31622776,0.94868326,0.4270343,0.9626686
Learned,Learned Basis,0.0,-0.31622776,-0.94868326,-0.23038045,-1.1182821
Learned,Learned Basis,0.0,-0.31622776,0.31622776,-0.38605422,0.20130967
Learned,Learned Basis,0.0,-0.31622776,0.31622776,-0.38373396,0.23992631
Learned,Learned Basis,0.0,-0.31622776,-0.31622776,-0.38723907,-0.44175816
Learned,Learned Basis,0.0,0.31622776,0.31622776,0.18677106,0.2549543
Learned,Learned Basis,0.0,0.31622776,0.94868326,0.16975728,0.99122447
Learned,Learned Basis,0.0,0.31622776,0.94868326,0.09488219,0.91410935
Learned,Learned Basis,0.0,0.94868326,-0.31622776,0.94249165,-0.25639844
Learned,Learned Basis,0.0,-0.94868326,0.94868326,-0.80208325,0.8683498
Learned,Learned Basis,0.0,-0.94868326,-0.31622776,-0.9015044,-0.38337824
Learned,Learned Basis,0.0,0.94868326,0.31622776,0.95282,0.35655746
Learned,Learned Basis,0.0,0.94868326,0.31622776,0.81859905,0.31423724
Learned,Learned Basis,0.0,-0.94868326,0.94868326,-0.8756546,0.9141387
Learned,Learned Basis,0.0,-0.31622776,0.94868326,-0.23641735,0.9780916
Learned,Learned Basis,0.0,-0.31622776,-0.94868326,-0.34549394,-1.037641
Learned,Learned Basis,0.0,0.94868326,0.31622776,0.93765914,0.2872199
Learned,Learned Basis,0.0,0.94868326,-0.94868326,0.9727463,-0.7885734
Learned,Learned Basis,0.0,-0.31622776,-0.94868326,-0.24276465,-1.0290138
Learned,Learned Basis,0.0,-0.94868326,0.31622776,-0.9861028,0.3353371
Learned,Learned Basis,0.0,-0.94868326,0.94868326,-1.0929968,1.0059824
Learned,Learned Basis,0.0,-0.31622776,0.31622776,-0.23956037,0.44532374
Learned,Learned Basis,0.0,-0.31622776,0.31622776,-0.17977208,0.24884641
Learned,Learned Basis,0.0,0.31622776,0.31622776,0.25355643,0.45069176
Learned,Learned Basis,0.0,0.94868326,-0.31622776,0.8853172,-0.15640266
Learned,Learned Basis,0.0,-0.31622776,0.94868326,-0.45188785,1.0799823
Learned,Learned Basis,0.0,0.31622776,-0.31622776,0.20625557,-0.363943
Learned,Learned Basis,0.0,0.31622776,0.31622776,0.50357985,0.27566463
Learned,Learned Basis,0.0,0.94868326,-0.31622776,0.9439657,-0.26233897
Learned,Learned Basis,0.0,-0.31622776,-0.94868326,-0.30572277,-1.0833069
Learned,Learned Basis,0.0,-0.94868326,0.94868326,-0.90872157,1.1394937
Learned,Learned Basis,0.0,0.31622776,0.94868326,0.22573066,1.108012
Learned,Learned Basis,0.0,0.31622776,-0.94868326,0.3765041,-0.91465265
Learned,Learned Basis,0.0,-0.31622776,-0.31622776,-0.41012245,-0.46475878
Learned,Learned Basis,0.0,0.31622776,0.94868326,0.33967975,0.9650967
Learned,Learned Basis,0.0,-0.94868326,-0.31622776,-0.9001585,-0.43503585
Learned,Learned Basis,0.0,0.31622776,0.94868326,0.30591446,1.002742
Learned,Learned Basis,0.0,-0.31622776,-0.31622776,-0.25528103,-0.50400037
Learned,Learned Basis,0.0,0.94868326,0.94868326,1.008197,0.96997297
Learned,Learned Basis,0.0,-0.31622776,0.31622776,-0.2632509,0.21101673
Learned,Learned Basis,0.0,-0.31622776,0.94868326,-0.19078699,0.932866
Learned,Learned Basis,0.0,0.94868326,-0.94868326,0.9986783,-0.93595165
Learned,Learned Basis,0.0,0.31622776,-0.31622776,0.33502328,-0.3712095
Learned,Learned Basis,0.0,0.94868326,-0.94868326,0.94668573,-1.0811402
Learned,Learned Basis,0.0,-0.31622776,0.31622776,-0.24471597,0.29743853
Learned,Learned Basis,0.0,0.94868326,0.31622776,0.9479611,0.25353077
Learned,Learned Basis,0.0,-0.31622776,0.94868326,-0.2718486,0.9913204
Learned,Learned Basis,0.0,0.31622776,0.94868326,0.4447239,1.173936
Learned,Learned Basis,0.0,-0.31622776,-0.94868326,-0.33293575,-0.9330866
Learned,Learned Basis,0.0,0.94868326,0.94868326,1.1793108,0.99995625
Learned,Learned Basis,0.0,0.31622776,-0.31622776,0.3974433,-0.3887624
Learned,Learned Basis,0.0,0.94868326,-0.94868326,0.89231825,-1.0101148
Learned,Learned Basis,0.0,0.94868326,-0.31622776,0.9540291,-0.37295443
Learned,Learned Basis,0.0,-0.31622776,0.31622776,-0.381864,0.4382378
Learned,Learned Basis,0.0,0.31622776,-0.31622776,0.3142424,-0.30850214
Learned,Learned Basis,0.0,-0.31622776,0.31622776,-0.32388568,0.22765581
Learned,Learned Basis,0.0,-0.31622776,0.31622776,-0.37211832,0.1921412
Learned,Learned Basis,0.0,0.31622776,-0.94868326,0.16276273,-0.9503224
Learned,Learned Basis,0.0,-0.31622776,0.31622776,-0.3692361,0.26441905
Learned,Learned Basis,0.0,-0.94868326,0.31622776,-0.8343372,0.50919557
Learned,Learned Basis,0.0,-0.31622776,-0.31622776,-0.34783143,-0.26548925
Learned,Learned Basis,0.0,0.94868326,0.94868326,0.7965319,0.8181591
Learned,Learned Basis,0.0,-0.94868326,-0.31622776,-0.8106093,-0.3101275
Learned,Learned Basis,0.0,0.31622776,0.31622776,0.30973655,0.34925252
Learned,Learned Basis,0.0,0.31622776,-0.31622776,0.32452524,-0.3835015
Learned,Learned Basis,0.0,-0.94868326,-0.94868326,-1.0180624,-0.8510947
Learned,Learned Basis,0.0,-0.94868326,0.31622776,-1.1254817,0.30784568
Learned,Learned Basis,0.0,-0.94868326,-0.31622776,-0.8280205,-0.26076558
Learned,Learned Basis,0.0,-0.94868326,0.94868326,-0.91966164,0.9885719
Learned,Learned Basis,0.0,0.31622776,-0.31622776,0.22658028,-0.18131395
Learned,Learned Basis,0.0,-0.94868326,0.94868326,-0.89480835,0.87749153
Learned,Learned Basis,0.0,-0.31622776,0.94868326,-0.21181224,0.9080614
Learned,Learned Basis,0.0,0.31622776,0.31622776,0.22146401,0.3212056
Learned,Learned Basis,0.0,-0.31622776,-0.31622776,-0.44711304,-0.33114472
Learned,Learned Basis,0.0,-0.31622776,0.94868326,-0.20108727,1.0664496
Learned,Learned Basis,0.0,-0.94868326,0.31622776,-0.8881112,0.18136853
Learned,Learned Basis,0.0,-0.94868326,-0.31622776,-0.87073004,-0.45040122
Learned,Learned Basis,0.0,-0.31622776,0.94868326,-0.24398294,1.0703992
Learned,Learned Basis,0.0,-0.31622776,-0.94868326,-0.28198898,-0.8546055
Learned,Learned Basis,0.0,0.94868326,-0.31622776,0.94319147,-0.4944053
Learned,Learned Basis,0.0,0.31622776,0.31622776,0.3769744,0.30270293
Learned,Learned Basis,0.0,0.94868326,0.94868326,0.81304836,0.8379273
Learned,Learned Basis,0.0,-0.94868326,0.94868326,-0.96259916,0.81055367
Learned,Learned Basis,0.0,-0.94868326,0.94868326,-0.9228352,0.9375183
Learned,Learned Basis,0.0,0.94868326,0.94868326,1.0728511,0.83648473
Learned,Learned Basis,0.0,-0.31622776,0.31622776,-0.26587468,0.24418616
Learned,Learned Basis,0.0,0.94868326,0.31622776,0.9183135,0.24988516
Learned,Learned Basis,0.0,-0.31622776,-0.31622776,-0.20002617,-0.28051314
Learned,Learned Basis,0.0,0.94868326,-0.31622776,0.8742849,-0.40159202
Learned,Learned Basis,0.0,0.31622776,0.31622776,0.13233739,0.28637505
Learned,Learned Basis,0.0,0.31622776,-0.31622776,0.39199993,-0.18945494
Learned,Learned Basis,0.0,-0.94868326,-0.94868326,-0.9225337,-0.9544605
Learned,Learned Basis,0.0,-0.31622776,0.31622776,-0.3177049,0.42674193
Learned,Learned Basis,0.0,-0.31622776,0.94868326,-0.4271821,0.9602158
Learned,Learned Basis,0.0,0.94868326,0.31622776,0.9678751,0.19392334
Learned,Learned Basis,0.0,-0.94868326,-0.94868326,-1.1388645,-0.78602
Learned,Learned Basis,0.0,0.31622776,-0.31622776,0.3085854,-0.2537741
Learned,Learned Basis,0.0,0.94868326,-0.94868326,0.80003446,-0.7960466
Learned,Learned Basis,0.0,-0.94868326,-0.31622776,-0.958747,-0.2490734
Learned,Learned Basis,0.0,-0.94868326,-0.31622776,-0.85629624,-0.35319623
Learned,Learned Basis,0.0,-0.94868326,-0.94868326,-0.8909707,-1.0868566
Learned,Learned Basis,0.0,-0.31622776,0.94868326,-0.42057115,0.787126
Learned,Learned Basis,0.0,0.31622776,-0.31622776,0.25118685,-0.37559518
Learned,Learned Basis,0.0,-0.31622776,0.94868326,-0.24423817,0.8125847
Learned,Learned Basis,0.0,0.94868326,0.94868326,0.96708083,0.9868111
Learned,Learned Basis,0.0,0.94868326,-0.31622776,0.9088663,-0.42849207
Learned,Learned Basis,0.0,-0.31622776,0.31622776,-0.41892916,0.43074545
Learned,Learned Basis,0.0,0.94868326,0.31622776,1.1024336,0.4747285
Learned,Learned Basis,0.0,-0.31622776,0.94868326,-0.38049415,1.0074493
Learned,Learned Basis,0.0,-0.31622776,0.94868326,-0.19390805,0.8326367
Learned,Learned Basis,0.0,-0.94868326,-0.94868326,-0.81616646,-0.796644
Learned,Learned Basis,0.0,0.94868326,-0.94868326,0.7867706,-0.9025982
Learned,Learned Basis,0.0,0.31622776,-0.94868326,0.1491012,-0.8363341
Learned,Learned Basis,0.0,0.94868326,-0.31622776,1.116942,-0.3578601
Learned,Learned Basis,0.0,0.31622776,0.94868326,0.34483466,0.9136439
Learned,Learned Basis,0.0,0.94868326,0.94868326,0.9647341,1.0236945
Learned,Learned Basis,0.0,-0.31622776,-0.94868326,-0.22629562,-0.98766404
Learned,Learned Basis,0.0,-0.94868326,-0.94868326,-1.1687177,-0.8205441
Learned,Learned Basis,0.0,-0.31622776,-0.31622776,-0.2647683,-0.104227245
Learned,Learned Basis,0.0,0.94868326,0.31622776,0.837259,0.1540663
Learned,Learned Basis,0.0,-0.31622776,0.94868326,-0.43862346,1.0528665
Learned,Learned Basis,0.0,0.94868326,0.94868326,0.9339403,0.8457354
Learned,Learned Basis,0.0,-0.94868326,0.94868326,-0.97606236,0.95325893
Learned,Learned Basis,0.0,0.31622776,-0.94868326,0.24016759,-0.93544346
Learned,Learned Basis,0.0,0.31622776,0.94868326,0.23809311,1.1576781
Learned,Learned Basis,0.0,-0.31622776,-0.31622776,-0.47052902,-0.23406625
Learned,Learned Basis,0.0,0.31622776,0.31622776,0.43023503,0.196502
Learned,Learned Basis,0.0,-0.31622776,0.94868326,-0.26222324,0.8796827
Learned,Learned Basis,0.0,-0.94868326,0.94868326,-0.8508485,1.1074694
Learned,Learned Basis,0.0,0.31622776,0.31622776,0.14280468,0.38471577
Learned,Learned Basis,0.0,-0.31622776,-0.94868326,-0.4415293,-0.86794376
Learned,Learned Basis,0.0,0.94868326,0.31622776,0.9936729,0.32174233
Learned,Learned Basis,0.0,-0.94868326,-0.94868326,-1.0025831,-0.95483613
Learned,Learned Basis,0.0,-0.31622776,0.94868326,-0.15640451,0.85172594
Learned,Learned Basis,0.0,-0.94868326,-0.31622776,-0.94461507,-0.39697322
Learned,Learned Basis,0.0,-0.31622776,-0.94868326,-0.04102279,-0.94141704
Learned,Learned Basis,0.0,0.31622776,-0.94868326,0.35891646,-0.8101411
Learned,Learned Basis,0.0,0.31622776,-0.31622776,0.27526048,-0.46068406
Learned,Learned Basis,0.0,0.31622776,-0.94868326,0.329566,-1.0504063
Learned,Learned Basis,0.0,-0.31622776,0.94868326,-0.19008748,1.0226895
Learned,Learned Basis,0.0,-0.94868326,-0.31622776,-0.85170877,-0.31304127
Learned,Learned Basis,0.0,0.94868326,0.94868326,0.9581823,1.0326885
Learned,Learned Basis,0.0,0.31622776,-0.31622776,0.4198569,-0.27011794
Learned,Learned Basis,0.0,-0.94868326,-0.31622776,-1.0915191,-0.33056465
Learned,Learned Basis,0.0,-0.31622776,0.94868326,-0.41048646,0.86549705
Learned,Learned Basis,0.0,-0.31622776,-0.31622776,-0.38763088,-0.37178528
Learned,Learned Basis,0.0,-0.94868326,0.94868326,-0.87499076,0.9404497
Learned,Learned Basis,0.0,-0.94868326,0.94868326,-0.9122444,1.0308219
Learned,Learned Basis,0.0,0.94868326,0.94868326,0.87239206,1.0620825
Learned,Learned Basis,0.0,0.94868326,-0.31622776,0.98851186,-0.3049115
Learned,Learned Basis,0.0,0.31622776,-0.31622776,0.18768881,-0.21121335
Learned,Learned Basis,0.0,-0.31622776,-0.94868326,-0.06084819,-0.82976735
Learned,Learned Basis,0.0,0.31622776,-0.31622776,0.20733376,-0.30933046
Learned,Learned Basis,0.0,0.31622776,0.31622776,0.24464579,0.29165718
Learned,Learned Basis,0.0,0.31622776,0.94868326,0.20877919,0.8053895
Learned,Learned Basis,0.0,-0.31622776,0.94868326,-0.32139438,0.92374825
Learned,Learned Basis,0.0,0.31622776,0.31622776,0.54853964,0.33379462
Learned,Learned Basis,0.0,-0.31622776,0.31622776,-0.33794054,0.32380483
Learned,Learned Basis,0.0,0.94868326,-0.31622776,1.0010829,-0.28913853
Learned,Learned Basis,0.0,0.94868326,-0.94868326,0.7922498,-0.75886494
Learned,Learned Basis,0.0,0.31622776,-0.94868326,0.22075756,-0.9057268
Learned,Learned Basis,0.0,-0.94868326,-0.31622776,-0.98745286,-0.30050737
Learned,Learned Basis,0.0,-0.94868326,0.94868326,-0.8392867,0.9726519
Learned,Learned Basis,0.0,0.31622776,0.94868326,0.43288007,0.949038
Learned,Learned Basis,0.0,0.94868326,0.94868326,0.7970891,0.975453
Learned,Learned Basis,0.0,0.94868326,0.31622776,0.9855803,0.47395843
Learned,Learned Basis,0.0,0.94868326,0.31622776,0.9843169,0.4465488
Learned,Learned Basis,0.0,-0.94868326,0.31622776,-0.8384469,0.23037665
Learned,Learned Basis,0.0,-0.94868326,-0.94868326,-0.7807407,-0.94136316
Learned,Learned Basis,0.0,0.94868326,0.94868326,0.9560761,0.88986516
Learned,Learned Basis,0.0,0.31622776,-0.31622776,0.33692804,-0.31672874
Learned,Learned Basis,0.0,-0.31622776,0.31622776,-0.19948058,0.45300117
Learned,Learned Basis,0.0,-0.94868326,0.31622776,-1.0519139,0.34954304
Learned,Learned Basis,0.0,0.94868326,0.94868326,0.90425736,0.91482556
Learned,Learned Basis,0.0,-0.31622776,0.31622776,-0.2683428,0.41781405
Learned,Learned Basis,0.0,0.31622776,0.31622776,0.3168944,0.34123412
Learned,Learned Basis,0.0,-0.31622776,-0.31622776,-0.3254673,-0.25593072
Learned,Learned Basis,0.0,0.31622776,0.94868326,0.43548912,0.883284
Learned,Learned Basis,0.0,-0.31622776,-0.94868326,-0.25219548,-0.91885996
Learned,Learned Basis,0.0,-0.94868326,-0.94868326,-0.8074668,-1.0494887
Learned,Learned Basis,0.0,-0.94868326,0.31622776,-0.8729303,0.26616794
Learned,Learned Basis,0.0,0.31622776,0.31622776,0.44550538,0.25581214
Learned,Learned Basis,0.0,0.31622776,0.31622776,0.3738201,0.2204848
Learned,Learned Basis,0.0,0.94868326,0.94868326,0.9183158,0.918721
Learned,Learned Basis,0.0,-0.31622776,0.94868326,-0.2996067,0.88755465
Learned,Learned Basis,0.0,-0.31622776,0.94868326,-0.298477,1.0066972
Learned,Learned Basis,0.0,0.31622776,-0.31622776,0.3036695,-0.16289657
Learned,Learned Basis,0.0,-0.31622776,-0.94868326,-0.24561426,-1.0594081
Learned,Learned Basis,0.0,0.94868326,-0.94868326,1.0879228,-0.9874416
Learned,Learned Basis,0.0,-0.94868326,0.31622776,-0.7957188,0.22131217
Learned,Learned Basis,0.0,0.31622776,-0.94868326,0.33438942,-0.900259
Learned,Learned Basis,0.0,-0.31622776,0.94868326,-0.19159847,0.9989256
Learned,Learned Basis,0.0,-0.94868326,-0.94868326,-1.0048751,-0.89433587
Learned,Learned Basis,0.0,-0.31622776,0.31622776,-0.3871625,0.31222266
Learned,Learned Basis,0.0,0.31622776,0.94868326,0.18662028,0.9690483
Learned,Learned Basis,0.0,-0.31622776,0.94868326,-0.5407895,0.84266514
Learned,Learned Basis,0.0,-0.94868326,0.94868326,-0.9808251,1.0212021
Learned,Learned Basis,0.0,0.31622776,0.31622776,0.37428966,0.36790007
Learned,Learned Basis,0.0,-0.31622776,0.31622776,-0.23360121,0.4066338
Learned,Learned Basis,0.0,0.94868326,0.31622776,0.909667,0.3565421
Learned,Learned Basis,0.0,-0.31622776,-0.31622776,-0.12815239,-0.33978245
Learned,Learned Basis,0.0,-0.94868326,0.94868326,-0.9687831,0.9913241
Learned,Learned Basis,0.0,-0.94868326,-0.31622776,-0.8788755,-0.28467563
Learned,Learned Basis,0.0,-0.31622776,0.94868326,-0.22854343,0.9471206
Learned,Learned Basis,0.0,-0.31622776,-0.94868326,-0.23785925,-0.81079084
Learned,Learned Basis,0.0,-0.31622776,-0.31622776,-0.12300786,-0.21445034
Learned,Learned Basis,0.0,-0.31622776,-0.31622776,-0.24598238,-0.44984105
Learned,Learned Basis,0.0,0.94868326,-0.94868326,0.9119456,-0.8670415
Learned,Learned Basis,0.0,-0.31622776,-0.94868326,-0.23461568,-0.9550978
Learned,Learned Basis,0.0,0.94868326,0.31622776,0.8094739,0.30225557
Learned,Learned Basis,0.0,-0.94868326,-0.31622776,-0.9384046,-0.38724855
Learned,Learned Basis,0.0,0.31622776,-0.94868326,0.3773771,-0.97375566
Learned,Learned Basis,0.0,0.94868326,0.94868326,0.9551367,1.0249939
Learned,Learned Basis,0.0,-0.31622776,0.94868326,-0.31178787,0.9681794
Learned,Learned Basis,0.0,-0.31622776,-0.31622776,-0.27646434,-0.19749136
Learned,Learned Basis,0.0,0.31622776,0.31622776,0.28972465,0.40858442
Learned,Learned Basis,0.0,-0.94868326,0.94868326,-1.0106877,0.8784333
Learned,Learned Basis,0.0,0.94868326,-0.31622776,0.91650873,-0.30464256
Learned,Learned Basis,0.0,0.31622776,0.31622776,0.17142574,0.30971625
Learned,Learned Basis,0.0,0.31622776,-0.94868326,0.19578408,-0.74444205
Learned,Learned Basis,0.0,0.94868326,-0.31622776,0.96144015,-0.38901538
Learned,Learned Basis,0.0,0.94868326,0.31622776,0.8979991,0.22539383
Learned,Learned Basis,0.0,-0.94868326,-0.31622776,-0.8991626,-0.23954627
Learned,Learned Basis,0.0,0.94868326,-0.94868326,0.86665064,-1.0775353
Learned,Learned Basis,0.0,-0.94868326,-0.31622776,-0.8283039,-0.41871077
Learned,Learned Basis,0.0,-0.94868326,0.31622776,-0.9358927,0.2509976
Learned,Learned Basis,0.0,0.94868326,0.94868326,0.901266,0.9711698
Learned,Learned Basis,0.0,-0.94868326,0.31622776,-0.8093284,0.2462921
Learned,Learned Basis,0.0,-0.94868326,0.31622776,-0.8928515,0.47010148
Learned,Learned Basis,0.0,0.94868326,-0.31622776,1.0244641,-0.304267
Learned,Learned Basis,0.0,0.94868326,0.94868326,1.07786,0.8032449
Learned,Learned Basis,0.0,-0.31622776,0.94868326,-0.36358118,0.8438987
Learned,Learned Basis,0.0,-0.94868326,-0.94868326,-0.8079906,-0.9650972
Learned,Learned Basis,0.0,-0.94868326,0.31622776,-0.9062967,0.36487287
Learned,Learned Basis,0.0,-0.31622776,-0.94868326,-0.45815945,-0.91799486
Learned,Learned Basis,0.0,0.31622776,-0.31622776,0.31383264,-0.3114818
Learned,Learned Basis,0.0,0.31622776,0.31622776,0.3826199,0.17556751
Learned,Learned Basis,0.0,-0.94868326,-0.31622776,-0.8815921,-0.33754492
Learned,Learned Basis,0.0,0.31622776,-0.31622776,0.40995082,-0.5325055
Learned,Learned Basis,0.0,0.94868326,-0.94868326,1.0251775,-0.8124475
Learned,Learned Basis,0.0,-0.94868326,-0.31622776,-0.94339186,-0.29133785
Learned,Learned Basis,0.0,0.31622776,-0.31622776,0.49197376,-0.16610748
Learned,Learned Basis,0.0,-0.94868326,-0.31622776,-0.97135526,-0.013886003
Learned,Learned Basis,0.0,-0.94868326,-0.94868326,-0.7256433,-0.88009715
Learned,Learned Basis,0.0,-0.31622776,0.31622776,-0.22493793,0.48414624
Learned,Learned Basis,0.0,-0.94868326,0.31622776,-1.0854031,0.36896
Learned,Learned Basis,0.0,-0.94868326,-0.94868326,-0.8511086,-1.000501
Learned,Learned Basis,0.0,0.94868326,0.31622776,1.0212941,0.31848142
Learned,Learned Basis,0.0,-0.31622776,0.94868326,-0.18876493,1.1496496
Learned,Learned Basis,0.0,0.31622776,0.94868326,0.39779863,0.98743695
Learned,Learned Basis,0.0,-0.31622776,-0.94868326,-0.22959244,-1.0114262
Learned,Learned Basis,0.0,0.31622776,-0.94868326,0.440567,-0.8393624
Learned,Learned Basis,0.0,-0.31622776,0.94868326,-0.36483982,0.9050399
Learned,Learned Basis,0.0,-0.94868326,0.94868326,-1.0731535,0.9177821
Learned,Learned Basis,0.0,0.94868326,-0.94868326,0.9532848,-0.9689419
Learned,Learned Basis,0.0,0.94868326,-0.94868326,0.8849881,-0.8014166
Learned,Learned Basis,0.0,-0.94868326,0.94868326,-0.91707474,1.0564923
Learned,Learned Basis,0.0,0.31622776,0.31622776,0.39156878,0.16683894
Learned,Learned Basis,0.0,-0.94868326,-0.94868326,-0.71174157,-0.93159896
Learned,Learned Basis,0.0,0.31622776,-0.31622776,0.18118924,-0.33640853
Learned,Learned Basis,0.0,-0.31622776,0.94868326,-0.29101318,0.9945198
Learned,Learned Basis,0.0,0.31622776,-0.94868326,0.26203218,-0.9407965
Learned,Learned Basis,0.0,-0.94868326,0.31622776,-0.7959306,0.36187086
Learned,Learned Basis,0.0,0.31622776,0.31622776,0.16158837,0.21968143
Learned,Learned Basis,0.0,0.31622776,-0.94868326,0.37287924,-0.97148395
Learned,Learned Basis,0.0,-0.94868326,-0.94868326,-0.93196726,-0.9102572
Learned,Learned Basis,0.0,-0.94868326,-0.94868326,-1.072782,-1.018366
Learned,Learned Basis,0.0,-0.94868326,-0.94868326,-1.0330038,-0.7978169
Learned,Learned Basis,0.0,0.31622776,0.94868326,0.45597786,0.95339334
Learned,Learned Basis,0.0,-0.31622776,0.31622776,-0.4246295,0.36080587
Learned,Learned Basis,0.0,-0.31622776,0.31622776,-0.17548838,0.28594148
Learned,Learned Basis,0.0,-0.31622776,0.94868326,-0.3123181,0.88948447
Learned,Learned Basis,0.0,-0.31622776,-0.31622776,-0.38539386,-0.3613337
Learned,Learned Basis,0.0,0.94868326,-0.94868326,0.99030846,-1.0418224
Learned,Learned Basis,0.0,-0.31622776,-0.94868326,-0.2578627,-0.9000053
Learned,Learned Basis,0.0,0.31622776,0.31622776,0.29914343,0.27519932
Learned,Learned Basis,0.0,-0.94868326,-0.94868326,-1.079167,-0.9004287
Learned,Learned Basis,0.0,0.94868326,-0.94868326,1.029203,-0.9212955
Learned,Learned Basis,0.0,0.31622776,-0.31622776,0.3675934,-0.32091936
Learned,Learned Basis,0.0,0.94868326,-0.94868326,0.8476753,-0.8760061
Learned,Learned Basis,0.0,0.94868326,0.94868326,0.9753785,0.95232606
Learned,Learned Basis,0.0,0.31622776,-0.94868326,0.1596745,-1.0967771
Learned,Learned Basis,0.0,-0.94868326,-0.31622776,-1.0106049,-0.4487851
Learned,Learned Basis,0.0,-0.31622776,0.94868326,-0.47107947,0.9015938
Learned,Learned Basis,0.0,0.31622776,0.94868326,0.36082387,0.8853792
Learned,Learned Basis,0.0,0.31622776,-0.94868326,0.24977933,-0.8739682
Learned,Learned Basis,0.0,-0.94868326,-0.31622776,-0.9654394,-0.30909637
Learned,Learned Basis,0.0,-0.94868326,0.94868326,-1.2128301,1.0517303
Learned,Learned Basis,0.0,-0.94868326,-0.94868326,-0.9469646,-0.9516297
Learned,Learned Basis,0.0,-0.31622776,-0.31622776,-0.28318858,-0.1022094
Learned,Learned Basis,0.0,0.94868326,-0.94868326,1.0702832,-0.9904967
Learned,Learned Basis,0.0,-0.94868326,-0.94868326,-0.8055799,-0.9854497
Learned,Learned Basis,0.0,-0.31622776,-0.94868326,-0.22115162,-0.77643263
Learned,Learned Basis,0.0,-0.94868326,0.31622776,-1.0813419,0.4360079
Learned,Learned Basis,0.0,0.94868326,-0.31622776,0.9654585,-0.11246468
Learned,Learned Basis,0.0,0.31622776,0.31622776,0.2611628,0.45848066
Learned,Learned Basis,0.0,0.31622776,-0.31622776,0.16337138,-0.45889232
Learned,Learned Basis,0.0,0.94868326,-0.31622776,0.7729778,-0.32717407
Learned,Learned Basis,0.0,0.94868326,0.94868326,1.0492814,0.8967765
Learned,Learned Basis,0.0,-0.31622776,0.31622776,-0.23149128,0.26677692
Learned,Learned Basis,0.0,-0.31622776,-0.94868326,-0.20539302,-0.8324371
Learned,Learned Basis,0.0,-0.31622776,-0.31622776,-0.39433748,-0.3918283
Learned,Learned Basis,0.0,-0.94868326,0.31622776,-1.0061247,0.30373403
Learned,Learned Basis,0.0,0.31622776,0.31622776,0.26210478,0.29881537
Learned,Learned Basis,0.0,-0.94868326,-0.31622776,-0.947559,-0.37146172
Learned,Learned Basis,0.0,-0.31622776,0.94868326,-0.3580557,0.76496303
Learned,Learned Basis,0.0,0.94868326,0.31622776,1.0467633,0.20247494
Learned,Learned Basis,0.0,-0.94868326,-0.94868326,-0.741071,-0.99930316
Learned,Learned Basis,0.0,0.31622776,-0.31622776,0.27592063,-0.3527164
Learned,Learned Basis,0.0,0.31622776,-0.94868326,0.4042254,-0.9824733
Learned,Learned Basis,0.0,0.31622776,-0.94868326,0.24729164,-0.9696972
Learned,Learned Basis,0.0,0.31622776,0.94868326,0.42867935,0.84635717
Learned,Learned Basis,0.0,0.31622776,-0.31622776,0.14436437,-0.51814806
Learned,Learned Basis,0.0,0.94868326,0.31622776,0.96179056,0.4285971
Learned,Learned Basis,0.0,-0.31622776,0.94868326,-0.48509416,1.0052794
Learned,Learned Basis,0.0,0.31622776,-0.31622776,0.16760805,-0.23400213
Learned,Learned Basis,0.0,-0.94868326,-0.31622776,-0.9235075,-0.42893448
Learned,Learned Basis,0.0,-0.94868326,0.94868326,-1.0392025,0.9858167
Learned,Learned Basis,0.0,-0.94868326,-0.94868326,-1.0339504,-0.9593002
Learned,Learned Basis,0.0,-0.94868326,0.94868326,-1.0336171,0.9475535
Learned,Learned Basis,0.0,-0.94868326,-0.31622776,-0.8086308,-0.3774299
Learned,Learned Basis,0.0,-0.94868326,0.94868326,-1.0464538,0.9268465
Learned,Learned Basis,0.0,0.94868326,-0.94868326,1.09933,-0.81887597
Learned,Learned Basis,0.0,0.94868326,0.31622776,0.9207353,0.31545603
Learned,Learned Basis,0.0,-0.31622776,0.94868326,-0.1825217,0.9197532
Learned,Learned Basis,0.0,0.94868326,-0.31622776,1.057757,-0.2009816
Learned,Learned Basis,0.0,0.94868326,0.94868326,0.8360612,0.9722594
Learned,Learned Basis,0.0,-0.94868326,-0.94868326,-0.9080829,-0.8412221
Learned,Learned Basis,0.0,-0.31622776,-0.31622776,-0.33695126,-0.24839267
Learned,Learned Basis,0.0,-0.31622776,-0.94868326,-0.27520797,-0.97013474
Learned,Learned Basis,0.0,0.94868326,-0.31622776,0.9433266,-0.32382083
Learned,Learned Basis,0.0,-0.31622776,0.31622776,-0.38883328,0.2803655
Learned,Learned Basis,0.0,0.94868326,0.31622776,0.8216966,0.2848588
Learned,Learned Basis,0.0,-0.94868326,-0.94868326,-0.7786036,-1.0012375
Learned,Learned Basis,0.0,0.31622776,-0.94868326,0.27169198,-1.0049834
Learned,Learned Basis,0.0,-0.31622776,-0.31622776,-0.25094864,-0.36355737
Learned,Learned Basis,0.0,-0.94868326,-0.31622776,-0.9810648,-0.25068593
Learned,Learned Basis,0.0,-0.31622776,0.94868326,-0.32257602,0.88832307
Learned,Learned Basis,0.0,-0.31622776,0.31622776,-0.5121575,0.25220743
Learned,Learned Basis,0.0,-0.31622776,-0.31622776,-0.08769869,-0.25536013
Learned,Learned Basis,0.0,-0.94868326,-0.94868326,-0.8349688,-0.79771894
Learned,Learned Basis,0.0,0.31622776,0.94868326,0.30932513,0.9814576
Learned,Learned Basis,0.0,-0.31622776,0.94868326,-0.37307617,0.77989167
Learned,Learned Basis,0.0,-0.31622776,0.94868326,-0.16704142,0.95744824
Learned,Learned Basis,0.0,0.94868326,-0.31622776,0.94734466,-0.22030745
Learned,Learned Basis,0.0,0.94868326,0.31622776,1.1458824,0.2802596
Learned,Learned Basis,0.0,0.31622776,0.94868326,0.2028084,0.9381049
Learned,Learned Basis,0.0,-0.31622776,-0.31622776,-0.39920262,-0.40955
Learned,Learned Basis,0.0,0.94868326,-0.94868326,1.0069102,-0.83605474
Learned,Learned Basis,0.0,-0.31622776,-0.94868326,-0.4623584,-0.70729584
Learned,Learned Basis,0.0,-0.31622776,0.94868326,-0.4210804,0.85660845
Learned,Learned Basis,0.0,-0.94868326,-0.31622776,-0.96567434,-0.3097705
Learned,Learned Basis,0.0,0.31622776,0.31622776,0.37843013,0.25365773
Learned,Learned Basis,0.0,-0.31622776,-0.94868326,-0.32173598,-0.93308914
Learned,Learned Basis,0.0,-0.31622776,0.94868326,-0.2550362,0.8100949
Learned,Learned Basis,0.0,0.31622776,-0.31622776,0.19136272,-0.20493044
Learned,Learned Basis,0.0,0.31622776,0.94868326,0.38740078,1.090278
Learned,Learned Basis,0.0,-0.31622776,-0.94868326,-0.32258353,-0.7988664
Learned,Learned Basis,0.0,0.31622776,-0.94868326,0.335237,-0.9570908
Learned,Learned Basis,0.0,-0.94868326,-0.94868326,-0.99376404,-1.0178204
Learned,Learned Basis,0.0,-0.94868326,0.94868326,-0.78418833,0.85536444
Learned,Learned Basis,0.0,-0.31622776,-0.94868326,-0.23531735,-0.90625453
Learned,Learned Basis,0.0,0.94868326,-0.31622776,0.90696657,-0.4135556
Learned,Learned Basis,0.0,-0.31622776,-0.31622776,-0.3269937,-0.37901536
Learned,Learned Basis,0.0,0.31622776,0.94868326,0.31301197,0.9877373
Learned,Learned Basis,0.0,0.31622776,0.31622776,0.31130713,0.3644691
Learned,Learned Basis,0.0,0.31622776,-0.31622776,0.31089225,-0.2896486
Learned,Learned Basis,0.0,-0.31622776,0.31622776,-0.26410252,0.36229837
Learned,Learned Basis,0.0,-0.94868326,-0.31622776,-0.8630859,-0.45653304
Learned,Learned Basis,0.0,0.31622776,0.94868326,0.2532079,0.9344758
Learned,Learned Basis,0.0,0.31622776,-0.31622776,0.34165412,-0.25194633
Learned,Learned Basis,0.0,0.31622776,0.94868326,0.19666018,0.85990185
Learned,Learned Basis,0.0,0.94868326,-0.31622776,0.93498254,-0.20497334
Learned,Learned Basis,0.0,0.31622776,0.94868326,0.38579562,1.2434175
Learned,Learned Basis,0.0,-0.31622776,-0.94868326,-0.37805095,-0.89318365
Learned,Learned Basis,0.0,0.31622776,0.94868326,0.46527687,0.83320105
Learned,Learned Basis,0.0,-0.94868326,0.31622776,-0.99378234,0.34829772
Learned,Learned Basis,0.0,0.31622776,-0.31622776,0.41922572,-0.36727893
Learned,Learned Basis,0.0,-0.31622776,-0.31622776,-0.334213,-0.47085565
Learned,Learned Basis,0.0,-0.94868326,0.31622776,-0.92272824,0.35585418
Learned,Learned Basis,0.0,-0.31622776,0.94868326,-0.41104227,1.0953919
Learned,Learned Basis,0.0,0.94868326,-0.94868326,0.74634683,-0.95743865
Learned,Learned Basis,0.0,0.94868326,0.31622776,1.1138159,0.35515788
Learned,Learned Basis,0.0,0.94868326,-0.31622776,0.9841835,-0.13440408
Learned,Learned Basis,0.0,-0.94868326,0.94868326,-0.84308887,0.8814046
Learned,Learned Basis,0.0,-0.94868326,0.94868326,-1.0809172,0.78928024
Learned,Learned Basis,0.0,0.94868326,0.31622776,0.99541545,0.39818096
Learned,Learned Basis,0.0,-0.31622776,0.31622776,-0.15269497,0.2704835
Learned,Learned Basis,0.0,-0.31622776,0.94868326,-0.1732082,0.8885285
Learned,Learned Basis,0.0,0.31622776,-0.31622776,0.36159435,-0.38678375
Learned,Learned Basis,0.0,-0.31622776,-0.31622776,-0.42493692,-0.44062704
Learned,Learned Basis,0.0,0.94868326,-0.31622776,1.0449901,-0.33798665
Learned,Learned Basis,0.0,-0.94868326,-0.31622776,-0.9113081,-0.36497238
Learned,Learned Basis,0.0,0.31622776,-0.31622776,0.42628944,-0.36735615
Learned,Learned Basis,0.0,0.31622776,0.94868326,0.18739094,0.839759
Learned,Learned Basis,0.0,0.94868326,0.31622776,1.0434021,0.2848132
Learned,Learned Basis,0.0,-0.94868326,-0.94868326,-1.050961,-0.80356747
Learned,Learned Basis,0.0,0.31622776,-0.31622776,0.26159704,-0.36110583
Learned,Learned Basis,0.0,-0.94868326,-0.31622776,-0.97740877,-0.24013066
Learned,Learned Basis,0.0,0.94868326,0.31622776,0.83241147,0.4338031
Learned,Learned Basis,0.0,-0.31622776,0.94868326,-0.26464283,0.8622749
Learned,Learned Basis,0.0,-0.94868326,-0.31622776,-0.99050087,-0.26586142
Learned,Learned Basis,0.0,-0.31622776,0.31622776,-0.22423482,0.33019185
Learned,Learned Basis,0.0,0.31622776,0.31622776,0.28354803,0.36068127
Learned,Learned Basis,0.0,0.94868326,0.94868326,0.9278702,0.85282284
Learned,Learned Basis,0.0,0.31622776,0.31622776,0.1631686,0.43278486
Learned,Learned Basis,0.0,-0.31622776,-0.94868326,-0.18893357,-0.98109096
Learned,Learned Basis,0.0,-0.31622776,-0.94868326,-0.3251689,-1.0650187
Learned,Learned Basis,0.0,-0.94868326,-0.94868326,-1.008928,-1.09423
Learned,Learned Basis,0.0,0.31622776,-0.94868326,0.13022476,-0.7789395
Learned,Learned Basis,0.0,0.31622776,0.94868326,0.21795237,0.96038014
Learned,Learned Basis,0.0,0.94868326,0.31622776,0.92038715,0.4102228
Learned,Learned Basis,0.0,0.94868326,-0.94868326,0.81155866,-1.0555129
Learned,Learned Basis,0.0,0.31622776,-0.94868326,0.31730568,-0.96000874
Learned,Learned Basis,0.0,-0.94868326,0.94868326,-1.0287523,0.9475743
Learned,Learned Basis,0.0,-0.94868326,-0.31622776,-0.8456716,-0.13236034
Learned,Learned Basis,0.0,-0.94868326,-0.31622776,-0.86688787,-0.23126392
Learned,Learned Basis,0.0,0.31622776,0.31622776,0.21556757,0.5893972
Learned,Learned Basis,0.0,0.94868326,-0.94868326,0.9667973,-0.8075024
Learned,Learned Basis,0.0,0.94868326,0.31622776,0.99007744,0.17314835
Learned,Learned Basis,0.0,0.94868326,0.94868326,0.9008773,0.90444076
Learned,Learned Basis,0.0,0.94868326,-0.94868326,0.8992887,-1.0892072
Learned,Learned Basis,0.0,-0.94868326,-0.94868326,-0.8888395,-0.9432823
Learned,Learned Basis,0.0,-0.94868326,-0.94868326,-0.78917545,-0.88668287
Learned,Learned Basis,0.0,0.94868326,0.31622776,0.96994424,0.29033044
Learned,Learned Basis,0.0,-0.94868326,-0.31622776,-1.0812645,-0.45765042
Learned,Learned Basis,0.0,0.31622776,0.31622776,0.45623654,0.45321906
Learned,Learned Basis,0.0,0.31622776,0.31622776,0.22875533,0.14806354
Learned,Learned Basis,0.0,-0.31622776,-0.94868326,-0.36780414,-1.0625716
Learned,Learned Basis,0.0,0.94868326,-0.31622776,0.9620396,-0.27692455
Learned,Learned Basis,0.0,-0.31622776,-0.31622776,-0.29312682,-0.25267863
Learned,Learned Basis,0.0,0.31622776,0.94868326,0.27857006,1.0577449
Learned,Learned Basis,0.0,0.31622776,-0.31622776,0.23163459,-0.23746485
Learned,Learned Basis,0.0,0.31622776,-0.94868326,0.36516514,-0.7948871
Learned,Learned Basis,0.0,0.94868326,0.31622776,0.92189056,0.48123243
Learned,Learned Basis,0.0,-0.31622776,-0.31622776,-0.5587649,-0.29674166
Learned,Learned Basis,0.0,-0.94868326,0.94868326,-1.0114509,1.0988605
Learned,Learned Basis,0.0,0.94868326,-0.94868326,0.8407156,-0.9350545
Learned,Learned Basis,0.0,-0.94868326,-0.31622776,-0.87753254,-0.35057214
Learned,Learned Basis,0.0,-0.94868326,-0.94868326,-0.880287,-0.8612696
Learned,Learned Basis,0.0,0.94868326,-0.31622776,1.0492066,-0.3327393
Learned,Learned Basis,0.0,0.31622776,-0.94868326,0.3042059,-0.8816366
Learned,Learned Basis,0.0,-0.31622776,0.94868326,-0.38314492,0.92634594
Learned,Learned Basis,0.0,-0.94868326,0.31622776,-0.7520095,0.16713767
Learned,Learned Basis,0.0,-0.94868326,0.31622776,-0.9628787,0.42234495
Learned,Learned Basis,0.0,0.94868326,-0.31622776,0.8429709,-0.2456824
Learned,Learned Basis,0.0,-0.31622776,0.31622776,-0.3350679,0.11565811
Learned,Learned Basis,0.0,0.31622776,-0.94868326,0.30437475,-0.9402755
Learned,Learned Basis,0.0,0.94868326,-0.94868326,0.9269403,-0.8736024
Learned,Learned Basis,0.0,-0.31622776,-0.94868326,-0.2718534,-0.80248755
Learned,Learned Basis,0.0,-0.31622776,-0.94868326,-0.2983699,-0.9610985
Learned,Learned Basis,0.0,-0.94868326,0.94868326,-0.928036,1.0766603
Learned,Learned Basis,0.0,-0.31622776,0.31622776,-0.47324347,0.18267925
Learned,Learned Basis,0.0,0.31622776,-0.94868326,0.37644988,-0.95547
Learned,Learned Basis,0.0,0.94868326,-0.94868326,0.9139245,-0.98789793
Learned,Learned Basis,0.0,-0.94868326,0.31622776,-0.991924,0.5037315
Learned,Learned Basis,0.0,-0.31622776,0.31622776,-0.26621777,0.23917335
Learned,Learned Basis,0.0,-0.31622776,0.31622776,-0.37020075,0.21383639
Learned,Learned Basis,0.0,0.31622776,0.94868326,0.39805555,0.95133656
Learned,Learned Basis,0.0,-0.31622776,-0.31622776,-0.29789975,-0.44630575
Learned,Learned Basis,0.0,-0.94868326,-0.31622776,-0.9309675,-0.43079916
Learned,Learned Basis,0.0,-0.94868326,0.31622776,-1.0132582,0.356919
Learned,Learned Basis,0.0,0.31622776,-0.94868326,0.19365986,-0.76136243
Learned,Learned Basis,0.0,0.94868326,0.94868326,0.934056,0.9816653
Learned,Learned Basis,0.0,-0.94868326,-0.31622776,-0.9366691,-0.38169304
LearnedNonlinear,Learned + Nonlinear RX,0.0,0.94868326,-0.94868326,0.9765426,-0.98970443
LearnedNonlinear,Learned + Nonlinear RX,0.0,0.94868326,0.94868326,0.86673474,0.8750043
LearnedNonlinear,Learned + Nonlinear RX,0.0,0.31622776,-0.31622776,0.3714145,-0.24571928
LearnedNonlinear,Learned + Nonlinear RX,0.0,0.94868326,0.94868326,1.1022538,0.90311825
LearnedNonlinear,Learned + Nonlinear RX,0.0,0.94868326,-0.31622776,0.96171284,-0.3772765
LearnedNonlinear,Learned + Nonlinear RX,0.0,0.94868326,0.31622776,0.95331454,0.3834287
LearnedNonlinear,Learned + Nonlinear RX,0.0,-0.31622776,0.94868326,-0.45570412,0.8894308
LearnedNonlinear,Learned + Nonlinear RX,0.0,-0.31622776,0.94868326,-0.260659,0.92344815
LearnedNonlinear,Learned + Nonlinear RX,0.0,-0.94868326,0.31622776,-0.9013178,0.30168632
LearnedNonlinear,Learned + Nonlinear RX,0.0,0.31622776,0.31622776,0.17271787,0.3198038
LearnedNonlinear,Learned + Nonlinear RX,0.0,-0.31622776,0.94868326,-0.2844555,0.96428406
LearnedNonlinear,Learned + Nonlinear RX,0.0,0.94868326,0.94868326,1.090123,0.9769102
LearnedNonlinear,Learned + Nonlinear RX,0.0,-0.31622776,-0.31622776,-0.2461078,-0.3404644
LearnedNonlinear,Learned + Nonlinear RX,0.0,0.31622776,0.94868326,0.13670552,0.8598195
LearnedNonlinear,Learned + Nonlinear RX,0.0,-0.94868326,-0.94868326,-0.8426364,-1.0062997
LearnedNonlinear,Learned + Nonlinear RX,0.0,-0.31622776,0.31622776,-0.5143043,0.59726965
LearnedNonlinear,Learned + Nonlinear RX,0.0,0.94868326,-0.31622776,1.1094017,-0.15094562
LearnedNonlinear,Learned + Nonlinear RX,0.0,0.94868326,0.94868326,0.8241025,0.90809226
LearnedNonlinear,Learned + Nonlinear RX,0.0,0.94868326,-0.94868326,1.0555584,-0.9333523
LearnedNonlinear,Learned + Nonlinear RX,0.0,0.31622776,-0.31622776,0.5487828,-0.45556796
LearnedNonlinear,Learned + Nonlinear RX,0.0,-0.31622776,-0.94868326,-0.34679213,-0.8267191
LearnedNonlinear,Learned + Nonlinear RX,0.0,0.94868326,0.31622776,0.85944986,0.35105228
LearnedNonlinear,Learned + Nonlinear RX,0.0,-0.31622776,-0.31622776,-0.3948161,-0.57227343
LearnedNonlinear,Learned + Nonlinear RX,0.0,0.31622776,-0.94868326,0.2057264,-0.97574466
LearnedNonlinear,Learned + Nonlinear RX,0.0,0.94868326,-0.31622776,0.90896255,-0.2587694
LearnedNonlinear,Learned + Nonlinear RX,0.0,-0.94868326,0.94868326,-0.9477956,1.0703417
LearnedNonlinear,Learned + Nonlinear RX,0.0,0.94868326,0.94868326,0.8680087,1.1751465
LearnedNonlinear,Learned + Nonlinear RX,0.0,-0.94868326,-0.31622776,-0.88923115,-0.30935904
LearnedNonlinear,Learned + Nonlinear RX,0.0,-0.94868326,-0.94868326,-0.76295006,-0.9274778
LearnedNonlinear,Learned + Nonlinear RX,0.0,-0.94868326,-0.31622776,-0.86486924,-0.42328832
LearnedNonlinear,Learned + Nonlinear RX,0.0,0.31622776,0.94868326,0.42811087,1.0202365
LearnedNonlinear,Learned + Nonlinear RX,0.0,0.31622776,-0.94868326,0.27612045,-1.1723799
LearnedNonlinear,Learned + Nonlinear RX,0.0,0.94868326,-0.94868326,0.95616406,-0.8790829
LearnedNonlinear,Learned + Nonlinear RX,0.0,0.31622776,0.31622776,0.39483854,0.3529175
LearnedNonlinear,Learned + Nonlinear RX,0.0,-0.31622776,0.94868326,-0.23824975,0.9487581
LearnedNonlinear,Learned + Nonlinear RX,0.0,0.31622776,-0.31622776,0.33091128,-0.21575949
LearnedNonlinear,Learned + Nonlinear RX,0.0,0.94868326,0.94868326,0.9277045,0.77735174
LearnedNonlinear,Learned + Nonlinear RX,0.0,0.31622776,-0.94868326,0.11810686,-0.9870969
LearnedNonlinear,Learned + Nonlinear RX,0.0,0.94868326,-0.94868326,1.1514186,-0.9271405
LearnedNonlinear,Learned + Nonlinear RX,0.0,0.31622776,0.31622776,0.32915676,0.2920327
LearnedNonlinear,Learned + Nonlinear RX,0.0,0.31622776,-0.31622776,0.4373914,-0.35408202
LearnedNonlinear,Learned + Nonlinear RX,0.0,-0.31622776,0.94868326,-0.31309775,0.9912903
LearnedNonlinear,Learned + Nonlinear RX,0.0,0.94868326,-0.31622776,1.0708381,-0.30485865
LearnedNonlinear,Learned + Nonlinear RX,0.0,-0.31622776,0.94868326,-0.32254437,0.92470145
LearnedNonlinear,Learned + Nonlinear RX,0.0,-0.31622776,-0.94868326,-0.24373446,-0.8251301
LearnedNonlinear,Learned + Nonlinear RX,0.0,-0.31622776,0.94868326,-0.26049355,0.86351126
LearnedNonlinear,Learned + Nonlinear RX,0.0,0.31622776,-0.31622776,0.3695075,-0.3251146
LearnedNonlinear,Learned + Nonlinear RX,0.0,0.31622776,0.31622776,0.45926973,0.21438141
LearnedNonlinear,Learned + Nonlinear RX,0.0,-0.31622776,-0.94868326,-0.26098296,-0.9787717
LearnedNonlinear,Learned + Nonlinear RX,0.0,0.94868326,-0.94868326,1.109418,-0.7523487
LearnedNonlinear,Learned + Nonlinear RX,0.0,0.31622776,-0.94868326,0.270668,-0.7941937
LearnedNonlinear,Learned + Nonlinear RX,0.0,-0.94868326,0.94868326,-0.95535284,0.7385258
LearnedNonlinear,Learned + Nonlinear RX,0.0,-0.31622776,0.31622776,-0.50045896,0.45822564
LearnedNonlinear,Learned + Nonlinear RX,0.0,-0.31622776,0.31622776,-0.338593,0.20764853
LearnedNonlinear,Learned + Nonlinear RX,0.0,-0.94868326,-0.31622776,-0.93598276,-0.26704016
LearnedNonlinear,Learned + Nonlinear RX,0.0,-0.31622776,-0.94868326,-0.40517804,-1.0311189
LearnedNonlinear,Learned + Nonlinear RX,0.0,-0.31622776,0.94868326,-0.27100813,0.8309409
LearnedNonlinear,Learned + Nonlinear RX,0.0,-0.31622776,-0.94868326,-0.33403152,-0.9531165
LearnedNonlinear,Learned + Nonlinear RX,0.0,0.94868326,0.94868326,0.7748884,1.0636501
LearnedNonlinear,Learned + Nonlinear RX,0.0,0.94868326,-0.31622776,0.9523796,-0.39895278
LearnedNonlinear,Learned + Nonlinear RX,0.0,0.31622776,-0.94868326,0.21149698,-0.85107243
LearnedNonlinear,Learned + Nonlinear RX,0.0,0.94868326,0.94868326,1.0975741,1.0190902
LearnedNonlinear,Learned + Nonlinear RX,0.0,0.94868326,-0.31622776,0.9611792,-0.24988282
LearnedNonlinear,Learned + Nonlinear RX,0.0,-0.94868326,0.31622776,-0.8788264,0.16782455
LearnedNonlinear,Learned + Nonlinear RX,0.0,-0.94868326,0.31622776,-0.93995965,0.45402417
LearnedNonlinear,Learned + Nonlinear RX,0.0,0.31622776,0.31622776,0.38883063,0.43388805
LearnedNonlinear,Learned + Nonlinear RX,0.0,0.31622776,-0.94868326,0.36417836,-0.8826127
LearnedNonlinear,Learned + Nonlinear RX,0.0,0.31622776,-0.94868326,0.34495246,-1.0065337
LearnedNonlinear,Learned + Nonlinear RX,0.0,0.31622776,-0.94868326,0.26405632,-0.9896811
LearnedNonlinear,Learned + Nonlinear RX,0.0,0.94868326,-0.94868326,0.88765395,-0.94116133
LearnedNonlinear,Learned + Nonlinear RX,0.0,-0.94868326,0.31622776,-0.9656402,0.20141843
LearnedNonlinear,Learned + Nonlinear RX,0.0,0.31622776,-0.31622776,0.35063356,-0.363774
LearnedNonlinear,Learned + Nonlinear RX,0.0,-0.31622776,-0.94868326,-0.41820374,-1.0024083
LearnedNonlinear,Learned + Nonlinear RX,0.0,0.94868326,0.94868326,1.0904126,1.0956088
LearnedNonlinear,Learned + Nonlinear RX,0.0,0.94868326,-0.94868326,0.9031856,-0.91468537
LearnedNonlinear,Learned + Nonlinear RX,0.0,0.94868326,0.31622776,0.9677732,0.28031984
LearnedNonlinear,Learned + Nonlinear RX,0.0,0.94868326,-0.31622776,1.1279666,-0.17759193
LearnedNonlinear,Learned + Nonlinear RX,0.0,0.31622776,0.31622776,0.22015882,0.21628955
LearnedNonlinear,Learned + Nonlinear RX,0.0,-0.94868326,-0.94868326,-0.78566206,-1.0152112
LearnedNonlinear,Learned + Nonlinear RX,0.0,-0.31622776,0.31622776,-0.35770947,0.26398695
LearnedNonlinear,Learned + Nonlinear RX,0.0,0.94868326,0.94868326,0.8047472,0.9422122
LearnedNonlinear,Learned + Nonlinear RX,0.0,0.94868326,0.94868326,1.0409186,0.947843
LearnedNonlinear,Learned + Nonlinear RX,0.0,0.94868326,0.31622776,1.1426443,0.28096265
LearnedNonlinear,Learned + Nonlinear RX,0.0,0.94868326,0.94868326,1.1034008,1.03779
LearnedNonlinear,Learned + Nonlinear RX,0.0,-0.94868326,0.31622776,-0.88228184,0.2488704
LearnedNonlinear,Learned + Nonlinear RX,0.0,0.94868326,0.31622776,0.8208115,0.44207802
LearnedNonlinear,Learned + Nonlinear RX,0.0,-0.94868326,0.31622776,-1.1105307,0.3742171
LearnedNonlinear,Learned + Nonlinear RX,0.0,-0.94868326,-0.31622776,-0.79979146,-0.29162237
LearnedNonlinear,Learned + Nonlinear RX,0.0,-0.31622776,0.94868326,-0.23828046,0.87973636
LearnedNonlinear,Learned + Nonlinear RX,0.0,-0.31622776,-0.31622776,-0.43284193,-0.33006227
LearnedNonlinear,Learned + Nonlinear RX,0.0,-0.31622776,-0.94868326,-0.32964298,-0.85091424
LearnedNonlinear,Learned + Nonlinear RX,0.0,0.94868326,-0.31622776,1.0027297,-0.48689547
LearnedNonlinear,Learned + Nonlinear RX,0.0,0.31622776,-0.31622776,0.29697105,-0.27782664
LearnedNonlinear,Learned + Nonlinear RX,0.0,-0.31622776,-0.94868326,-0.3236215,-0.9103842
LearnedNonlinear,Learned + Nonlinear RX,0.0,-0.94868326,0.94868326,-1.169475,0.9998119
LearnedNonlinear,Learned + Nonlinear RX,0.0,0.94868326,-0.94868326,0.893572,-0.80923367
LearnedNonlinear,Learned + Nonlinear RX,0.0,-0.31622776,0.94868326,-0.22786173,0.9028094
LearnedNonlinear,Learned + Nonlinear RX,0.0,-0.94868326,-0.94868326,-0.8935071,-1.0288354
LearnedNonlinear,Learned + Nonlinear RX,0.0,0.94868326,0.94868326,0.9994728,0.97045857
LearnedNonlinear,Learned + Nonlinear RX,0.0,0.31622776,0.94868326,0.3134284,0.86736965
LearnedNonlinear,Learned + Nonlinear RX,0.0,-0.31622776,-0.94868326,-0.25054288,-0.96211857
LearnedNonlinear,Learned + Nonlinear RX,0.0,0.94868326,-0.94868326,0.7757245,-0.9812187
LearnedNonlinear,Learned + Nonlinear RX,0.0,-0.31622776,0.31622776,-0.43347862,0.16926849
LearnedNonlinear,Learned + Nonlinear RX,0.0,0.31622776,0.31622776,0.38144255,0.25271723
LearnedNonlinear,Learned + Nonlinear RX,0.0,0.94868326,-0.31622776,0.8668829,-0.38771364
LearnedNonlinear,Learned + Nonlinear RX,0.0,0.31622776,0.31622776,0.2686686,0.2627991
LearnedNonlinear,Learned + Nonlinear RX,0.0,-0.94868326,0.31622776,-0.9204989,0.33842406
LearnedNonlinear,Learned + Nonlinear RX,0.0,-0.94868326,-0.94868326,-0.8973888,-0.9306137
LearnedNonlinear,Learned + Nonlinear RX,0.0,-0.94868326,-0.94868326,-0.8257232,-1.0302821
LearnedNonlinear,Learned + Nonlinear RX,0.0,-0.31622776,0.94868326,-0.36527067,1.054063
LearnedNonlinear,Learned + Nonlinear RX,0.0,-0.94868326,-0.31622776,-0.88393474,-0.20375024
LearnedNonlinear,Learned + Nonlinear RX,0.0,-0.31622776,0.94868326,-0.18421753,0.73485446
LearnedNonlinear,Learned + Nonlinear RX,0.0,-0.94868326,-0.94868326,-1.0364628,-0.97782314
LearnedNonlinear,Learned + Nonlinear RX,0.0,-0.94868326,-0.31622776,-1.0281452,-0.24072644
LearnedNonlinear,Learned + Nonlinear RX,0.0,0.94868326,-0.94868326,0.8793261,-0.8418852
LearnedNonlinear,Learned + Nonlinear RX,0.0,0.31622776,0.31622776,0.21730804,0.31526676
LearnedNonlinear,Learned + Nonlinear RX,0.0,0.31622776,0.31622776,0.3762262,0.30632713
LearnedNonlinear,Learned + Nonlinear RX,0.0,-0.94868326,-0.94868326,-0.80812275,-1.003325
LearnedNonlinear,Learned + Nonlinear RX,0.0,-0.94868326,0.94868326,-1.1122465,0.8602835
LearnedNonlinear,Learned + Nonlinear RX,0.0,-0.94868326,0.94868326,-1.0686903,0.9893005
LearnedNonlinear,Learned + Nonlinear RX,0.0,0.31622776,0.94868326,0.35191688,0.8590699
LearnedNonlinear,Learned + Nonlinear RX,0.0,0.94868326,-0.94868326,1.0595177,-0.9440706
LearnedNonlinear,Learned + Nonlinear RX,0.0,0.94868326,0.94868326,1.0365016,0.8591747
LearnedNonlinear,Learned + Nonlinear RX,0.0,-0.31622776,-0.94868326,-0.23662873,-0.9599466
LearnedNonlinear,Learned + Nonlinear RX,0.0,0.31622776,0.94868326,0.42273682,1.1588284
LearnedNonlinear,Learned + Nonlinear RX,0.0,-0.31622776,0.31622776,-0.25643644,0.2967625
LearnedNonlinear,Learned + Nonlinear RX,0.0,0.31622776,-0.94868326,0.18525323,-0.9887631
LearnedNonlinear,Learned + Nonlinear RX,0.0,-0.94868326,0.31622776,-0.7832207,0.34909913
LearnedNonlinear,Learned + Nonlinear RX,0.0,-0.31622776,-0.31622776,-0.26636732,-0.40190098
LearnedNonlinear,Learned + Nonlinear RX,0.0,-0.31622776,-0.31622776,-0.50957584,-0.30056927
LearnedNonlinear,Learned + Nonlinear RX,0.0,0.94868326,0.31622776,0.91021955,0.32490936
LearnedNonlinear,Learned + Nonlinear RX,0.0,0.31622776,0.31622776,0.2612913,0.31175452
LearnedNonlinear,Learned + Nonlinear RX,0.0,-0.94868326,0.31622776,-0.96488255,0.12612814
LearnedNonlinear,Learned + Nonlinear RX,0.0,0.31622776,0.31622776,0.2691094,0.3635969
LearnedNonlinear,Learned + Nonlinear RX,0.0,-0.94868326,-0.94868326,-0.990647,-0.95696205
LearnedNonlinear,Learned + Nonlinear RX,0.0,-0.31622776,0.94868326,-0.21482755,0.92153656
LearnedNonlinear,Learned + Nonlinear RX,0.0,-0.94868326,0.94868326,-0.9050046,1.1134547
LearnedNonlinear,Learned + Nonlinear RX,0.0,-0.94868326,-0.31622776,-1.0103339,-0.35678205
LearnedNonlinear,Learned + Nonlinear RX,0.0,0.94868326,-0.94868326,0.88732946,-0.9087826
LearnedNonlinear,Learned + Nonlinear RX,0.0,0.31622776,-0.31622776,0.3053098,-0.4775233
LearnedNonlinear,Learned + Nonlinear RX,0.0,-0.31622776,-0.31622776,-0.44918296,-0.4008645
LearnedNonlinear,Learned + Nonlinear RX,0.0,0.31622776,-0.94868326,0.2932838,-0.8817481
LearnedNonlinear,Learned + Nonlinear RX,0.0,0.94868326,-0.31622776,0.89037436,-0.22189999
LearnedNonlinear,Learned + Nonlinear RX,0.0,-0.94868326,-0.94868326,-0.9643126,-0.91955155
LearnedNonlinear,Learned + Nonlinear RX,0.0,-0.31622776,0.94868326,-0.2597254,0.93923044
LearnedNonlinear,Learned + Nonlinear RX,0.0,0.94868326,-0.94868326,0.79351777,-0.8723291
LearnedNonlinear,Learned + Nonlinear RX,0.0,-0.94868326,0.94868326,-0.9270002,1.1074471
LearnedNonlinear,Learned + Nonlinear RX,0.0,0.31622776,0.94868326,0.38509902,0.9155156
LearnedNonlinear,Learned + Nonlinear RX,0.0,0.94868326,0.31622776,0.8218946,0.27028692
LearnedNonlinear,Learned + Nonlinear RX,0.0,0.31622776,0.31622776,0.1567067,0.41262382
LearnedNonlinear,Learned + Nonlinear RX,0.0,0.94868326,0.94868326,1.000518,0.9628453
LearnedNonlinear,Learned + Nonlinear RX,0.0,0.94868326,-0.31622776,0.89907664,-0.32050827
LearnedNonlinear,Learned + Nonlinear RX,0.0,0.31622776,0.31622776,0.3846213,0.26298648
LearnedNonlinear,Learned + Nonlinear RX,0.0,0.94868326,-0.94868326,0.9306868,-0.89813036
LearnedNonlinear,Learned + Nonlinear RX,0.0,0.31622776,0.31622776,0.33866775,0.18934053
LearnedNonlinear,Learned + Nonlinear RX,0.0,-0.31622776,0.94868326,-0.47311127,0.86933696
LearnedNonlinear,Learned + Nonlinear RX,0.0,-0.94868326,0.94868326,-0.86544293,1.0126003
LearnedNonlinear,Learned + Nonlinear RX,0.0,0.31622776,-0.94868326,0.28169516,-0.9767702
LearnedNonlinear,Learned + Nonlinear RX,0.0,-0.94868326,-0.94868326,-0.79603213,-0.88957524
LearnedNonlinear,Learned + Nonlinear RX,0.0,-0.31622776,0.94868326,-0.25872332,1.1218284
LearnedNonlinear,Learned + Nonlinear RX,0.0,0.31622776,0.94868326,0.4279829,1.2053577
LearnedNonlinear,Learned + Nonlinear RX,0.0,-0.31622776,-0.94868326,-0.3897544,-1.0452435
LearnedNonlinear,Learned + Nonlinear RX,0.0,-0.31622776,-0.31622776,-0.30987608,-0.5132571
LearnedNonlinear,Learned + Nonlinear RX,0.0,0.31622776,0.94868326,0.340427,1.0233668
LearnedNonlinear,Learned + Nonlinear RX,0.0,-0.94868326,0.94868326,-0.883392,0.8462241
LearnedNonlinear,Learned + Nonlinear RX,0.0,0.31622776,0.94868326,0.39530015,0.8027333
LearnedNonlinear,Learned + Nonlinear RX,0.0,-0.31622776,0.31622776,-0.27494574,0.36114147
LearnedNonlinear,Learned + Nonlinear RX,0.0,-0.94868326,-0.94868326,-1.0946238,-0.89496803
LearnedNonlinear,Learned + Nonlinear RX,0.0,0.94868326,0.94868326,0.9265141,0.9200745
LearnedNonlinear,Learned + Nonlinear RX,0.0,-0.94868326,-0.31622776,-0.9039753,-0.21976525
LearnedNonlinear,Learned + Nonlinear RX,0.0,-0.94868326,0.94868326,-0.9524994,0.98602897
LearnedNonlinear,Learned + Nonlinear RX,0.0,0.31622776,0.94868326,0.30647692,0.95850736
LearnedNonlinear,Learned + Nonlinear RX,0.0,-0.31622776,-0.31622776,-0.287553,-0.25322184
LearnedNonlinear,Learned + Nonlinear RX,0.0,0.94868326,0.94868326,0.8052974,0.98586774
LearnedNonlinear,Learned + Nonlinear RX,0.0,0.94868326,0.94868326,0.9170285,0.9961854
LearnedNonlinear,Learned + Nonlinear RX,0.0,-0.94868326,0.94868326,-0.9514096,1.0390595
LearnedNonlinear,Learned + Nonlinear RX,0.0,0.94868326,-0.31622776,1.0973911,-0.48725778
LearnedNonlinear,Learned + Nonlinear RX,0.0,0.31622776,-0.94868326,0.3227428,-1.0842245
LearnedNonlinear,Learned + Nonlinear RX,0.0,-0.31622776,0.94868326,-0.29410362,0.87640685
LearnedNonlinear,Learned + Nonlinear RX,0.0,-0.31622776,-0.94868326,-0.17852254,-0.9737198
LearnedNonlinear,Learned + Nonlinear RX,0.0,-0.94868326,-0.31622776,-0.99388343,-0.32027262
LearnedNonlinear,Learned + Nonlinear RX,0.0,-0.31622776,0.31622776,-0.31103018,0.44415617
LearnedNonlinear,Learned + Nonlinear RX,0.0,-0.94868326,0.31622776,-1.0761279,0.21267895
LearnedNonlinear,Learned + Nonlinear RX,0.0,-0.31622776,0.31622776,-0.34771883,0.35716707
LearnedNonlinear,Learned + Nonlinear RX,0.0,-0.31622776,0.94868326,-0.39161777,0.8918596
LearnedNonlinear,Learned + Nonlinear RX,0.0,-0.94868326,-0.94868326,-0.94717586,-0.9940235
LearnedNonlinear,Learned + Nonlinear RX,0.0,0.31622776,-0.94868326,0.32281637,-0.8606016
LearnedNonlinear,Learned + Nonlinear RX,0.0,0.31622776,0.94868326,0.33175197,0.89853424
LearnedNonlinear,Learned + Nonlinear RX,0.0,-0.94868326,-0.31622776,-1.0032676,-0.26859754
LearnedNonlinear,Learned + Nonlinear RX,0.0,-0.94868326,0.31622776,-0.8728672,0.31750098
LearnedNonlinear,Learned + Nonlinear RX,0.0,0.94868326,0.31622776,0.954815,0.24107672
LearnedNonlinear,Learned + Nonlinear RX,0.0,-0.94868326,0.94868326,-0.99882704,0.89617085
LearnedNonlinear,Learned + Nonlinear RX,0.0,0.31622776,-0.94868326,0.2955208,-1.0742207
LearnedNonlinear,Learned + Nonlinear RX,0.0,0.94868326,0.31622776,0.86503065,0.352639
LearnedNonlinear,Learned + Nonlinear RX,0.0,-0.31622776,-0.94868326,-0.36113837,-0.78308004
LearnedNonlinear,Learned + Nonlinear RX,0.0,0.94868326,0.31622776,1.078471,0.25226825
LearnedNonlinear,Learned + Nonlinear RX,0.0,-0.94868326,0.31622776,-1.0051249,0.36150697
LearnedNonlinear,Learned + Nonlinear RX,0.0,-0.94868326,0.94868326,-0.74042207,0.97318965
LearnedNonlinear,Learned + Nonlinear RX,0.0,0.31622776,-0.94868326,0.15925476,-0.873325
LearnedNonlinear,Learned + Nonlinear RX,0.0,0.31622776,0.31622776,0.3186562,0.38977656
LearnedNonlinear,Learned + Nonlinear RX,0.0,-0.94868326,-0.94868326,-1.0554973,-0.83709353
LearnedNonlinear,Learned + Nonlinear RX,0.0,0.31622776,0.31622776,0.3891234,0.28828713
LearnedNonlinear,Learned + Nonlinear RX,0.0,0.31622776,-0.94868326,0.48028412,-1.0409799
LearnedNonlinear,Learned + Nonlinear RX,0.0,-0.94868326,0.31622776,-0.9689354,0.271954
LearnedNonlinear,Learned + Nonlinear RX,0.0,-0.31622776,-0.31622776,-0.37402573,-0.398053
LearnedNonlinear,Learned + Nonlinear RX,0.0,0.31622776,-0.94868326,0.24044304,-0.9537747
LearnedNonlinear,Learned + Nonlinear RX,0.0,0.31622776,-0.94868326,0.36219612,-1.2006544
LearnedNonlinear,Learned + Nonlinear RX,0.0,-0.94868326,0.31622776,-1.0093083,0.22019799
LearnedNonlinear,Learned + Nonlinear RX,0.0,-0.31622776,-0.31622776,-0.27743977,-0.46601042
LearnedNonlinear,Learned + Nonlinear RX,0.0,-0.31622776,0.31622776,-0.2994651,0.5132241
LearnedNonlinear,Learned + Nonlinear RX,0.0,-0.31622776,-0.94868326,-0.4672662,-0.9641479
LearnedNonlinear,Learned + Nonlinear RX,0.0,0.31622776,0.31622776,0.3068844,0.2441198
LearnedNonlinear,Learned + Nonlinear RX,0.0,-0.94868326,-0.31622776,-0.93655217,-0.17140047
LearnedNonlinear,Learned + Nonlinear RX,0.0,-0.31622776,-0.31622776,-0.31947997,-0.19100285
LearnedNonlinear,Learned + Nonlinear RX,0.0,0.31622776,0.31622776,0.3245595,0.22542801
LearnedNonlinear,Learned + Nonlinear RX,0.0,0.31622776,-0.31622776,0.23689117,-0.4000772
LearnedNonlinear,Learned + Nonlinear RX,0.0,-0.94868326,0.94868326,-1.0320088,1.0065175
LearnedNonlinear,Learned + Nonlinear RX,0.0,-0.31622776,-0.94868326,-0.37450296,-0.81685823
LearnedNonlinear,Learned + Nonlinear RX,0.0,-0.94868326,-0.31622776,-1.0275654,-0.3020171
LearnedNonlinear,Learned + Nonlinear RX,0.0,0.94868326,-0.31622776,1.0695208,-0.38295516
LearnedNonlinear,Learned + Nonlinear RX,0.0,0.94868326,-0.31622776,0.86266875,-0.43866512
LearnedNonlinear,Learned + Nonlinear RX,0.0,0.31622776,0.31622776,0.28610513,0.29009232
LearnedNonlinear,Learned + Nonlinear RX,0.0,0.31622776,0.31622776,0.26486608,0.3406535
LearnedNonlinear,Learned + Nonlinear RX,0.0,0.31622776,-0.94868326,0.2485385,-0.82176083
LearnedNonlinear,Learned + Nonlinear RX,0.0,0.94868326,0.94868326,0.9607876,1.0856106
LearnedNonlinear,Learned + Nonlinear RX,0.0,-0.31622776,-0.94868326,-0.3804164,-1.0104067
LearnedNonlinear,Learned + Nonlinear RX,0.0,0.31622776,0.31622776,0.32606995,0.15919934
LearnedNonlinear,Learned + Nonlinear RX,0.0,0.94868326,0.94868326,1.0203873,1.0565363
LearnedNonlinear,Learned + Nonlinear RX,0.0,0.31622776,0.94868326,0.30427283,0.9214723
LearnedNonlinear,Learned + Nonlinear RX,0.0,-0.31622776,0.31622776,-0.33512843,0.40485555
LearnedNonlinear,Learned + Nonlinear RX,0.0,0.94868326,0.31622776,1.0159308,0.35127884
LearnedNonlinear,Learned + Nonlinear RX,0.0,0.31622776,-0.31622776,0.20177735,-0.099507034
LearnedNonlinear,Learned + Nonlinear RX,0.0,-0.94868326,0.31622776,-0.8840056,0.33187687
LearnedNonlinear,Learned + Nonlinear RX,0.0,0.94868326,0.94868326,0.9503288,0.93766356
LearnedNonlinear,Learned + Nonlinear RX,0.0,-0.94868326,0.31622776,-1.0115368,0.33276656
LearnedNonlinear,Learned + Nonlinear RX,0.0,0.31622776,-0.31622776,0.27440932,-0.2112177
LearnedNonlinear,Learned + Nonlinear RX,0.0,-0.31622776,0.94868326,-0.36611965,0.9021458
LearnedNonlinear,Learned + Nonlinear RX,0.0,-0.31622776,0.31622776,-0.33649033,0.4198688
LearnedNonlinear,Learned + Nonlinear RX,0.0,-0.31622776,0.94868326,-0.29610914,1.0408703
LearnedNonlinear,Learned + Nonlinear RX,0.0,-0.31622776,-0.31622776,-0.21438493,-0.3292233
LearnedNonlinear,Learned + Nonlinear RX,0.0,0.94868326,0.31622776,0.8914356,0.25349557
LearnedNonlinear,Learned + Nonlinear RX,0.0,-0.31622776,0.31622776,-0.15209025,0.29052818
LearnedNonlinear,Learned + Nonlinear RX,0.0,0.31622776,0.31622776,0.20564921,0.56697476
LearnedNonlinear,Learned + Nonlinear RX,0.0,0.94868326,0.31622776,1.0086035,0.4035208
LearnedNonlinear,Learned + Nonlinear RX,0.0,0.31622776,-0.94868326,0.34038875,-0.96523106
LearnedNonlinear,Learned + Nonlinear RX,0.0,-0.94868326,0.31622776,-1.0326669,0.34169626
LearnedNonlinear,Learned + Nonlinear RX,0.0,0.31622776,-0.31622776,0.34756386,-0.40395567
LearnedNonlinear,Learned + Nonlinear RX,0.0,-0.94868326,0.94868326,-0.87393457,0.91612554
LearnedNonlinear,Learned + Nonlinear RX,0.0,0.94868326,-0.31622776,0.9485044,-0.19417904
LearnedNonlinear,Learned + Nonlinear RX,0.0,-0.31622776,0.94868326,-0.31795907,1.1078017
LearnedNonlinear,Learned + Nonlinear RX,0.0,-0.31622776,-0.31622776,-0.44376582,-0.30589426
LearnedNonlinear,Learned + Nonlinear RX,0.0,-0.31622776,0.94868326,-0.27943408,1.1329422
LearnedNonlinear,Learned + Nonlinear RX,0.0,-0.94868326,0.94868326,-0.99719906,1.1637267
LearnedNonlinear,Learned + Nonlinear RX,0.0,-0.31622776,0.31622776,-0.16684555,0.28532952
LearnedNonlinear,Learned + Nonlinear RX,0.0,-0.31622776,0.31622776,-0.39271823,0.27206892
LearnedNonlinear,Learned + Nonlinear RX,0.0,0.31622776,0.94868326,0.38438293,1.0252998
LearnedNonlinear,Learned + Nonlinear RX,0.0,-0.31622776,-0.94868326,-0.36961654,-0.98349607
LearnedNonlinear,Learned + Nonlinear RX,0.0,0.94868326,0.31622776,1.0128686,0.156962
LearnedNonlinear,Learned + Nonlinear RX,0.0,-0.94868326,-0.31622776,-0.9260522,-0.27080885
LearnedNonlinear,Learned + Nonlinear RX,0.0,0.94868326,-0.31622776,1.0126384,-0.19649562
LearnedNonlinear,Learned + Nonlinear RX,0.0,0.94868326,0.94868326,1.0407641,0.9750022
LearnedNonlinear,Learned + Nonlinear RX,0.0,-0.94868326,-0.31622776,-0.9834303,-0.3168328
LearnedNonlinear,Learned + Nonlinear RX,0.0,0.94868326,0.31622776,0.7519464,0.19542143
LearnedNonlinear,Learned + Nonlinear RX,0.0,-0.94868326,-0.94868326,-0.717165,-1.0397956
LearnedNonlinear,Learned + Nonlinear RX,0.0,0.31622776,-0.94868326,0.2331354,-0.90690637
LearnedNonlinear,Learned + Nonlinear RX,0.0,0.94868326,0.94868326,0.9409024,0.81461966
LearnedNonlinear,Learned + Nonlinear RX,0.0,0.94868326,-0.31622776,1.0068285,-0.27367178
LearnedNonlinear,Learned + Nonlinear RX,0.0,-0.31622776,0.31622776,-0.4249257,0.23703597
LearnedNonlinear,Learned + Nonlinear RX,0.0,-0.94868326,-0.31622776,-0.76643014,-0.23067914
LearnedNonlinear,Learned + Nonlinear RX,0.0,-0.94868326,0.31622776,-0.82170534,0.23481047
LearnedNonlinear,Learned + Nonlinear RX,0.0,-0.31622776,0.94868326,-0.31588474,0.9921971
LearnedNonlinear,Learned + Nonlinear RX,0.0,-0.94868326,-0.31622776,-0.9117526,-0.27281502
LearnedNonlinear,Learned + Nonlinear RX,0.0,0.31622776,-0.31622776,0.35428643,-0.47836506
LearnedNonlinear,Learned + Nonlinear RX,0.0,0.31622776,-0.31622776,0.33672348,-0.30934784
LearnedNonlinear,Learned + Nonlinear RX,0.0,-0.31622776,0.31622776,-0.347626,0.3622813
LearnedNonlinear,Learned + Nonlinear RX,0.0,0.94868326,-0.94868326,0.9787459,-1.093544
LearnedNonlinear,Learned + Nonlinear RX,0.0,0.94868326,-0.94868326,1.1526269,-0.9225937
LearnedNonlinear,Learned + Nonlinear RX,0.0,0.94868326,-0.31622776,1.0876147,-0.24407896
LearnedNonlinear,Learned + Nonlinear RX,0.0,-0.94868326,0.94868326,-0.994787,0.96028644
LearnedNonlinear,Learned + Nonlinear RX,0.0,0.94868326,-0.31622776,0.81893086,-0.21380651
LearnedNonlinear,Learned + Nonlinear RX,0.0,0.94868326,-0.31622776,0.83300334,-0.38490632
LearnedNonlinear,Learned + Nonlinear RX,0.0,0.94868326,0.94868326,0.97745734,0.9011869
LearnedNonlinear,Learned + Nonlinear RX,0.0,0.31622776,0.31622776,0.14788303,0.3721546
LearnedNonlinear,Learned + Nonlinear RX,0.0,-0.31622776,0.31622776,-0.2209904,0.17037605
LearnedNonlinear,Learned + Nonlinear RX,0.0,-0.31622776,-0.94868326,-0.423785,-1.0735327
LearnedNonlinear,Learned + Nonlinear RX,0.0,0.31622776,0.31622776,0.23855364,0.13775133
LearnedNonlinear,Learned + Nonlinear RX,0.0,0.94868326,0.31622776,0.9318481,0.23476225
LearnedNonlinear,Learned + Nonlinear RX,0.0,-0.94868326,-0.31622776,-0.9809972,-0.31210768
LearnedNonlinear,Learned + Nonlinear RX,0.0,-0.94868326,-0.94868326,-1.1131146,-0.98630714
LearnedNonlinear,Learned + Nonlinear RX,0.0,-0.31622776,0.31622776,-0.37258083,0.3738145
LearnedNonlinear,Learned + Nonlinear RX,0.0,0.31622776,-0.94868326,0.43170604,-1.0222542
LearnedNonlinear,Learned + Nonlinear RX,0.0,-0.94868326,-0.31622776,-0.81276613,-0.22093087
LearnedNonlinear,Learned + Nonlinear RX,0.0,0.31622776,-0.94868326,0.27634105,-0.99771845
LearnedNonlinear,Learned + Nonlinear RX,0.0,-0.31622776,-0.31622776,-0.36012882,-0.2340746
LearnedNonlinear,Learned + Nonlinear RX,0.0,-0.94868326,0.31622776,-0.7639248,0.33349755
LearnedNonlinear,Learned + Nonlinear RX,0.0,-0.94868326,0.31622776,-0.89492655,0.26597127
LearnedNonlinear,Learned + Nonlinear RX,0.0,0.94868326,0.31622776,0.87889445,0.347339
LearnedNonlinear,Learned + Nonlinear RX,0.0,-0.31622776,0.94868326,-0.32589614,0.89920616
LearnedNonlinear,Learned + Nonlinear RX,0.0,-0.31622776,-0.94868326,-0.25724116,-0.94833666
LearnedNonlinear,Learned + Nonlinear RX,0.0,-0.94868326,-0.31622776,-1.0238497,-0.39012167
LearnedNonlinear,Learned + Nonlinear RX,0.0,0.94868326,-0.94868326,0.9159619,-0.8943475
LearnedNonlinear,Learned + Nonlinear RX,0.0,0.31622776,-0.94868326,0.35023203,-0.93952864
LearnedNonlinear,Learned + Nonlinear RX,0.0,-0.94868326,-0.31622776,-0.9712783,-0.32138437
LearnedNonlinear,Learned + Nonlinear RX,0.0,-0.94868326,0.94868326,-0.7898595,0.8504899
LearnedNonlinear,Learned + Nonlinear RX,0.0,0.94868326,0.31622776,0.8975083,0.23514324
LearnedNonlinear,Learned + Nonlinear RX,0.0,-0.31622776,-0.94868326,-0.22913148,-0.82252914
LearnedNonlinear,Learned + Nonlinear RX,0.0,-0.31622776,-0.31622776,-0.34460378,-0.47523287
LearnedNonlinear,Learned + Nonlinear RX,0.0,0.31622776,-0.94868326,0.29470092,-0.9654458
LearnedNonlinear,Learned + Nonlinear RX,0.0,0.94868326,-0.94868326,0.9410708,-0.9932275
LearnedNonlinear,Learned + Nonlinear RX,0.0,-0.94868326,0.94868326,-0.862962,0.96079695
LearnedNonlinear,Learned + Nonlinear RX,0.0,0.31622776,-0.31622776,0.3419716,-0.39871815
LearnedNonlinear,Learned + Nonlinear RX,0.0,-0.31622776,-0.94868326,-0.39759997,-0.8280852
LearnedNonlinear,Learned + Nonlinear RX,0.0,-0.31622776,-0.94868326,-0.082674,-0.9625486
LearnedNonlinear,Learned + Nonlinear RX,0.0,-0.94868326,-0.94868326,-0.9188364,-0.9745401
LearnedNonlinear,Learned + Nonlinear RX,0.0,0.31622776,-0.31622776,0.0709867,-0.30415475
LearnedNonlinear,Learned + Nonlinear RX,0.0,-0.31622776,0.31622776,-0.3009099,0.37435263
LearnedNonlinear,Learned + Nonlinear RX,0.0,-0.31622776,-0.31622776,-0.11263061,-0.28648362
LearnedNonlinear,Learned + Nonlinear RX,0.0,0.94868326,0.94868326,0.8203517,0.9005993
LearnedNonlinear,Learned + Nonlinear RX,0.0,-0.31622776,0.94868326,-0.12264773,1.015051
LearnedNonlinear,Learned + Nonlinear RX,0.0,-0.31622776,0.31622776,-0.31307688,0.34291738
LearnedNonlinear,Learned + Nonlinear RX,0.0,-0.94868326,0.94868326,-0.9050055,0.9674426
LearnedNonlinear,Learned + Nonlinear RX,0.0,0.31622776,-0.94868326,0.3504495,-0.9391849
LearnedNonlinear,Learned + Nonlinear RX,0.0,-0.94868326,0.94868326,-0.8335759,1.0425695
LearnedNonlinear,Learned + Nonlinear RX,0.0,-0.31622776,-0.31622776,-0.29965904,-0.3650468
LearnedNonlinear,Learned + Nonlinear RX,0.0,-0.94868326,-0.31622776,-1.0015781,-0.08265496
LearnedNonlinear,Learned + Nonlinear RX,0.0,0.31622776,-0.94868326,0.3856266,-0.98678577
LearnedNonlinear,Learned + Nonlinear RX,0.0,-0.31622776,0.31622776,-0.25706238,0.3598622
LearnedNonlinear,Learned + Nonlinear RX,0.0,0.94868326,-0.94868326,0.75077355,-0.7634771
LearnedNonlinear,Learned + Nonlinear RX,0.0,-0.31622776,0.31622776,-0.31238586,0.30594054
LearnedNonlinear,Learned + Nonlinear RX,0.0,0.31622776,0.94868326,0.46532068,1.000671
LearnedNonlinear,Learned + Nonlinear RX,0.0,0.31622776,0.31622776,0.25925344,0.09529605
LearnedNonlinear,Learned + Nonlinear RX,0.0,-0.94868326,0.31622776,-0.85694456,0.2961021
LearnedNonlinear,Learned + Nonlinear RX,0.0,-0.31622776,-0.94868326,-0.12166701,-0.9345404
LearnedNonlinear,Learned + Nonlinear RX,0.0,-0.31622776,0.94868326,-0.22781359,0.9137125
LearnedNonlinear,Learned + Nonlinear RX,0.0,-0.31622776,0.31622776,-0.4529567,0.3641263
LearnedNonlinear,Learned + Nonlinear RX,0.0,-0.31622776,0.94868326,-0.28071636,0.92242104
LearnedNonlinear,Learned + Nonlinear RX,0.0,0.94868326,-0.31622776,0.7212117,-0.3674359
LearnedNonlinear,Learned + Nonlinear RX,0.0,0.94868326,-0.31622776,0.9273949,-0.24499595
LearnedNonlinear,Learned + Nonlinear RX,0.0,-0.94868326,-0.94868326,-1.1248623,-1.1256504
LearnedNonlinear,Learned + Nonlinear RX,0.0,-0.31622776,0.31622776,-0.30442998,0.36105716
LearnedNonlinear,Learned + Nonlinear RX,0.0,-0.31622776,-0.31622776,-0.48981485,-0.2999074
LearnedNonlinear,Learned + Nonlinear RX,0.0,-0.31622776,0.31622776,-0.2543934,0.38749096
LearnedNonlinear,Learned + Nonlinear RX,0.0,-0.31622776,0.31622776,-0.33483213,0.21850105
LearnedNonlinear,Learned + Nonlinear RX,0.0,-0.31622776,0.31622776,-0.40374628,0.23419878
LearnedNonlinear,Learned + Nonlinear RX,0.0,0.31622776,-0.94868326,0.1542148,-0.86244094
LearnedNonlinear,Learned + Nonlinear RX,0.0,0.94868326,0.94868326,0.8233795,0.9457087
LearnedNonlinear,Learned + Nonlinear RX,0.0,-0.31622776,-0.94868326,-0.3840416,-0.9109921
LearnedNonlinear,Learned + Nonlinear RX,0.0,-0.31622776,0.31622776,-0.22514805,-0.059479933
LearnedNonlinear,Learned + Nonlinear RX,0.0,0.31622776,-0.94868326,0.33787718,-0.8039065
LearnedNonlinear,Learned + Nonlinear RX,0.0,0.31622776,-0.31622776,0.33295548,-0.1750085
LearnedNonlinear,Learned + Nonlinear RX,0.0,-0.31622776,0.94868326,-0.27861544,0.7559469
LearnedNonlinear,Learned + Nonlinear RX,0.0,-0.31622776,-0.31622776,-0.22421488,-0.31748304
LearnedNonlinear,Learned + Nonlinear RX,0.0,0.94868326,0.94868326,0.88004667,0.85147446
LearnedNonlinear,Learned + Nonlinear RX,0.0,-0.31622776,0.94868326,-0.2605138,0.85688156
LearnedNonlinear,Learned + Nonlinear RX,0.0,-0.31622776,-0.94868326,-0.007872579,-0.8957936
LearnedNonlinear,Learned + Nonlinear RX,0.0,0.94868326,-0.94868326,0.9892501,-0.9852625
LearnedNonlinear,Learned + Nonlinear RX,0.0,-0.31622776,0.94868326,-0.34713203,0.9249768
LearnedNonlinear,Learned + Nonlinear RX,0.0,0.31622776,0.31622776,0.10960458,0.38692868
LearnedNonlinear,Learned + Nonlinear RX,0.0,-0.31622776,-0.94868326,-0.3615664,-1.0279529
LearnedNonlinear,Learned + Nonlinear RX,0.0,0.31622776,0.94868326,0.36534697,0.84926534
LearnedNonlinear,Learned + Nonlinear RX,0.0,0.31622776,0.31622776,0.24390435,0.53105235
LearnedNonlinear,Learned + Nonlinear RX,0.0,-0.31622776,0.94868326,-0.40000677,0.91505533
LearnedNonlinear,Learned + Nonlinear RX,0.0,-0.94868326,0.94868326,-1.0194787,0.94886816
LearnedNonlinear,Learned + Nonlinear RX,0.0,0.94868326,-0.31622776,0.93510926,-0.2976093
LearnedNonlinear,Learned + Nonlinear RX,0.0,-0.94868326,-0.94868326,-0.9328649,-0.89764947
LearnedNonlinear,Learned + Nonlinear RX,0.0,0.94868326,0.31622776,0.90583944,0.2569924
LearnedNonlinear,Learned + Nonlinear RX,0.0,0.94868326,0.31622776,0.7693436,0.26031998
LearnedNonlinear,Learned + Nonlinear RX,0.0,0.31622776,0.31622776,0.39427614,0.26642987
LearnedNonlinear,Learned + Nonlinear RX,0.0,0.31622776,0.94868326,0.3075031,0.966088
LearnedNonlinear,Learned + Nonlinear RX,0.0,-0.31622776,0.31622776,-0.43456993,0.3006901
LearnedNonlinear,Learned + Nonlinear RX,0.0,-0.94868326,-0.94868326,-0.8066011,-1.072026
LearnedNonlinear,Learned + Nonlinear RX,0.0,0.94868326,-0.94868326,1.0838319,-0.8106761
LearnedNonlinear,Learned + Nonlinear RX,0.0,0.94868326,0.94868326,0.75504255,0.82780534
LearnedNonlinear,Learned + Nonlinear RX,0.0,-0.31622776,-0.94868326,-0.30873716,-0.97118115
LearnedNonlinear,Learned + Nonlinear RX,0.0,-0.31622776,0.31622776,-0.3298377,0.31985766
LearnedNonlinear,Learned + Nonlinear RX,0.0,0.31622776,0.31622776,0.18413459,0.3242589
LearnedNonlinear,Learned + Nonlinear RX,0.0,0.94868326,-0.94868326,0.9237206,-1.0694225
LearnedNonlinear,Learned + Nonlinear RX,0.0,0.94868326,0.94868326,1.0252649,0.9309056
LearnedNonlinear,Learned + Nonlinear RX,0.0,0.31622776,0.94868326,0.3459298,0.9062373
LearnedNonlinear,Learned + Nonlinear RX,0.0,0.94868326,0.94868326,0.9524838,0.9671281
LearnedNonlinear,Learned + Nonlinear RX,0.0,0.94868326,0.94868326,0.8510602,0.93628484
LearnedNonlinear,Learned + Nonlinear RX,0.0,0.94868326,-0.94868326,0.947004,-1.0063307
LearnedNonlinear,Learned + Nonlinear RX,0.0,-0.31622776,0.31622776,-0.43821612,0.0191094
LearnedNonlinear,Learned + Nonlinear RX,0.0,0.31622776,-0.31622776,0.44038716,-0.12944376
LearnedNonlinear,Learned + Nonlinear RX,0.0,-0.94868326,0.31622776,-0.9234557,0.28723207
LearnedNonlinear,Learned + Nonlinear RX,0.0,-0.31622776,-0.31622776,-0.4120643,-0.30320868
LearnedNonlinear,Learned + Nonlinear RX,0.0,-0.31622776,-0.94868326,-0.27768016,-1.0342777
LearnedNonlinear,Learned + Nonlinear RX,0.0,0.94868326,-0.94868326,1.1116507,-0.91023546
LearnedNonlinear,Learned + Nonlinear RX,0.0,-0.31622776,-0.31622776,-0.35782626,-0.34120858
LearnedNonlinear,Learned + Nonlinear RX,0.0,0.31622776,-0.31622776,0.21463574,-0.4337216
LearnedNonlinear,Learned + Nonlinear RX,0.0,0.31622776,-0.94868326,0.46804336,-0.79118156
LearnedNonlinear,Learned + Nonlinear RX,0.0,0.31622776,-0.31622776,0.27627897,-0.33307505
LearnedNonlinear,Learned + Nonlinear RX,0.0,0.31622776,0.94868326,0.2510642,0.92006016
LearnedNonlinear,Learned + Nonlinear RX,0.0,0.94868326,0.94868326,1.0418346,0.9028778
LearnedNonlinear,Learned + Nonlinear RX,0.0,-0.31622776,0.94868326,-0.36459318,0.93312484
LearnedNonlinear,Learned + Nonlinear RX,0.0,-0.31622776,0.31622776,-0.2782646,0.12669666
LearnedNonlinear,Learned + Nonlinear RX,0.0,-0.31622776,-0.31622776,-0.30308595,-0.34639716
LearnedNonlinear,Learned + Nonlinear RX,0.0,0.94868326,-0.94868326,0.88603324,-0.7335844
LearnedNonlinear,Learned + Nonlinear RX,0.0,0.94868326,0.94868326,0.7765511,0.9326713
LearnedNonlinear,Learned + Nonlinear RX,0.0,-0.31622776,0.31622776,-0.4685354,0.23093233
LearnedNonlinear,Learned + Nonlinear RX,0.0,0.31622776,-0.94868326,0.338056,-0.9602498
LearnedNonlinear,Learned + Nonlinear RX,0.0,0.31622776,-0.31622776,0.34325868,-0.27994412
LearnedNonlinear,Learned + Nonlinear RX,0.0,-0.31622776,0.94868326,-0.17654786,0.94272083
LearnedNonlinear,Learned + Nonlinear RX,0.0,0.31622776,-0.31622776,0.19042224,-0.41339898
LearnedNonlinear,Learned + Nonlinear RX,0.0,-0.94868326,-0.94868326,-0.92787063,-0.927123
LearnedNonlinear,Learned + Nonlinear RX,0.0,-0.94868326,-0.94868326,-1.017222,-0.8127494
LearnedNonlinear,Learned + Nonlinear RX,0.0,-0.31622776,-0.94868326,-0.35944593,-0.9352302
LearnedNonlinear,Learned + Nonlinear RX,0.0,-0.94868326,-0.31622776,-0.949962,-0.3074275
LearnedNonlinear,Learned + Nonlinear RX,0.0,-0.94868326,-0.31622776,-0.7917115,-0.29041398
LearnedNonlinear,Learned + Nonlinear RX,0.0,-0.31622776,-0.94868326,-0.2949645,-1.0189837
LearnedNonlinear,Learned + Nonlinear RX,0.0,0.31622776,0.31622776,0.3174407,0.29071948
LearnedNonlinear,Learned + Nonlinear RX,0.0,0.31622776,-0.94868326,0.34905693,-1.1104164
LearnedNonlinear,Learned + Nonlinear RX,0.0,0.31622776,-0.31622776,0.25549608,-0.18669514
LearnedNonlinear,Learned + Nonlinear RX,0.0,-0.31622776,0.31622776,-0.26687276,0.27438453
LearnedNonlinear,Learned + Nonlinear RX,0.0,0.31622776,0.31622776,0.2968215,0.43218532
LearnedNonlinear,Learned + Nonlinear RX,0.0,-0.31622776,0.31622776,-0.53806126,0.42441034
LearnedNonlinear,Learned + Nonlinear RX,0.0,0.94868326,-0.31622776,1.0687206,-0.47150543
LearnedNonlinear,Learned + Nonlinear RX,0.0,-0.31622776,-0.94868326,-0.29581702,-0.89123154
LearnedNonlinear,Learned + Nonlinear RX,0.0,0.31622776,-0.94868326,0.122882485,-1.0560193
LearnedNonlinear,Learned + Nonlinear RX,0.0,-0.94868326,-0.31622776,-1.0135425,-0.33061585
LearnedNonlinear,Learned + Nonlinear RX,0.0,0.31622776,0.31622776,0.30122814,0.37068957
LearnedNonlinear,Learned + Nonlinear RX,0.0,0.31622776,0.31622776,0.23343375,0.2695638
LearnedNonlinear,Learned + Nonlinear RX,0.0,0.94868326,0.31622776,1.0358992,0.29207286
LearnedNonlinear,Learned + Nonlinear RX,0.0,-0.31622776,0.94868326,-0.24183522,1.0194205
LearnedNonlinear,Learned + Nonlinear RX,0.0,-0.31622776,-0.94868326,-0.2247747,-0.8727132
LearnedNonlinear,Learned + Nonlinear RX,0.0,-0.31622776,-0.31622776,-0.22854757,-0.28198484
LearnedNonlinear,Learned + Nonlinear RX,0.0,0.94868326,-0.31622776,0.8674737,-0.39694378
LearnedNonlinear,Learned + Nonlinear RX,0.0,0.94868326,0.31622776,0.7741622,0.36534175
LearnedNonlinear,Learned + Nonlinear RX,0.0,0.94868326,0.31622776,0.8396023,0.20400427
LearnedNonlinear,Learned + Nonlinear RX,0.0,-0.94868326,0.31622776,-1.0305353,0.24921815
LearnedNonlinear,Learned + Nonlinear RX,0.0,0.31622776,0.31622776,0.19346344,0.3546237
LearnedNonlinear,Learned + Nonlinear RX,0.0,0.94868326,0.31622776,0.85556513,0.3203796
LearnedNonlinear,Learned + Nonlinear RX,0.0,-0.31622776,0.31622776,-0.33750573,0.30177274
LearnedNonlinear,Learned + Nonlinear RX,0.0,0.94868326,0.94868326,0.913041,0.972053
LearnedNonlinear,Learned + Nonlinear RX,0.0,0.31622776,0.94868326,0.27504033,0.9400796
LearnedNonlinear,Learned + Nonlinear RX,0.0,0.31622776,-0.31622776,0.34079275,-0.33816993
LearnedNonlinear,Learned + Nonlinear RX,0.0,0.94868326,-0.31622776,0.959726,-0.33564365
LearnedNonlinear,Learned + Nonlinear RX,0.0,0.94868326,0.31622776,0.89394695,0.4543123
LearnedNonlinear,Learned + Nonlinear RX,0.0,0.31622776,0.31622776,0.40469465,0.21318512
LearnedNonlinear,Learned + Nonlinear RX,0.0,0.94868326,0.31622776,0.87140346,0.2775601
LearnedNonlinear,Learned + Nonlinear RX,0.0,0.94868326,-0.31622776,1.0202056,-0.253248
LearnedNonlinear,Learned + Nonlinear RX,0.0,0.94868326,0.31622776,0.7153516,0.2902626
LearnedNonlinear,Learned + Nonlinear RX,0.0,0.94868326,0.31622776,0.9342101,0.19374308
LearnedNonlinear,Learned + Nonlinear RX,0.0,-0.94868326,-0.94868326,-0.93304664,-0.9751927
LearnedNonlinear,Learned + Nonlinear RX,0.0,0.94868326,0.94868326,0.9696944,0.9163
LearnedNonlinear,Learned + Nonlinear RX,0.0,0.94868326,0.94868326,0.97792554,0.896772
LearnedNonlinear,Learned + Nonlinear RX,0.0,-0.31622776,0.94868326,-0.3158657,1.015598
LearnedNonlinear,Learned + Nonlinear RX,0.0,0.31622776,-0.94868326,0.23857456,-1.0187922
LearnedNonlinear,Learned + Nonlinear RX,0.0,-0.31622776,-0.94868326,-0.3480866,-0.9954724
LearnedNonlinear,Learned + Nonlinear RX,0.0,-0.94868326,0.31622776,-0.91445047,0.19864084
LearnedNonlinear,Learned + Nonlinear RX,0.0,-0.94868326,0.94868326,-0.9654976,0.9727345
LearnedNonlinear,Learned + Nonlinear RX,0.0,0.31622776,0.31622776,0.31870475,0.37500373
LearnedNonlinear,Learned + Nonlinear RX,0.0,-0.94868326,0.94868326,-0.79575336,0.88292694
LearnedNonlinear,Learned + Nonlinear RX,0.0,0.94868326,-0.94868326,1.0016822,-0.98445183
LearnedNonlinear,Learned + Nonlinear RX,0.0,0.94868326,0.94868326,0.9019034,0.99271744
LearnedNonlinear,Learned + Nonlinear RX,0.0,0.94868326,0.94868326,0.999142,1.0633893
LearnedNonlinear,Learned + Nonlinear RX,0.0,-0.94868326,0.94868326,-0.823472,0.877691
LearnedNonlinear,Learned + Nonlinear RX,0.0,0.94868326,0.94868326,0.8656856,1.0153075
LearnedNonlinear,Learned + Nonlinear RX,0.0,0.94868326,0.31622776,0.98636955,0.33743015
LearnedNonlinear,Learned + Nonlinear RX,0.0,-0.94868326,-0.94868326,-1.1254566,-0.8982847
LearnedNonlinear,Learned + Nonlinear RX,0.0,0.94868326,-0.94868326,0.9238021,-0.8662964
LearnedNonlinear,Learned + Nonlinear RX,0.0,-0.94868326,0.31622776,-0.90849847,0.29344416
LearnedNonlinear,Learned + Nonlinear RX,0.0,0.94868326,0.31622776,0.9549506,0.2833781
LearnedNonlinear,Learned + Nonlinear RX,0.0,0.31622776,-0.94868326,0.26701364,-0.93732536
LearnedNonlinear,Learned + Nonlinear RX,0.0,0.31622776,-0.94868326,0.36391494,-0.93235266
LearnedNonlinear,Learned + Nonlinear RX,0.0,-0.94868326,0.94868326,-0.7739783,1.0399836
LearnedNonlinear,Learned + Nonlinear RX,0.0,0.31622776,0.94868326,0.40622544,1.0680497
LearnedNonlinear,Learned + Nonlinear RX,0.0,0.31622776,-0.31622776,0.46346664,-0.3460958
LearnedNonlinear,Learned + Nonlinear RX,0.0,-0.31622776,-0.94868326,-0.4585641,-0.9386681
LearnedNonlinear,Learned + Nonlinear RX,0.0,0.94868326,-0.94868326,1.1771003,-0.9956558
LearnedNonlinear,Learned + Nonlinear RX,0.0,0.31622776,-0.31622776,0.24742754,-0.2729313
LearnedNonlinear,Learned + Nonlinear RX,0.0,-0.94868326,0.94868326,-1.1000496,0.8451333
LearnedNonlinear,Learned + Nonlinear RX,0.0,0.94868326,-0.31622776,0.964602,-0.47340852
LearnedNonlinear,Learned + Nonlinear RX,0.0,-0.94868326,0.94868326,-0.93432766,1.0945394
LearnedNonlinear,Learned + Nonlinear RX,0.0,-0.31622776,-0.94868326,-0.36332044,-1.0285648
LearnedNonlinear,Learned + Nonlinear RX,0.0,0.94868326,-0.94868326,0.9870962,-1.0080497
LearnedNonlinear,Learned + Nonlinear RX,0.0,0.94868326,-0.31622776,0.9061415,-0.14811963
LearnedNonlinear,Learned + Nonlinear RX,0.0,-0.31622776,-0.31622776,-0.38788012,-0.22970456
LearnedNonlinear,Learned + Nonlinear RX,0.0,-0.31622776,0.94868326,-0.1901357,0.8766843
LearnedNonlinear,Learned + Nonlinear RX,0.0,-0.31622776,-0.31622776,-0.39761153,-0.22371285
LearnedNonlinear,Learned + Nonlinear RX,0.0,0.94868326,-0.31622776,1.0247781,-0.4249022
LearnedNonlinear,Learned + Nonlinear RX,0.0,0.94868326,-0.94868326,0.97388476,-0.94713575
LearnedNonlinear,Learned + Nonlinear RX,0.0,0.31622776,-0.31622776,0.26029375,-0.3255363
LearnedNonlinear,Learned + Nonlinear RX,0.0,-0.31622776,-0.31622776,-0.3138288,-0.3531415
LearnedNonlinear,Learned + Nonlinear RX,0.0,0.31622776,-0.94868326,0.33965284,-1.0082568
LearnedNonlinear,Learned + Nonlinear RX,0.0,-0.31622776,0.94868326,-0.27581415,1.1016209
LearnedNonlinear,Learned + Nonlinear RX,0.0,0.31622776,0.31622776,0.3840706,0.22765537
LearnedNonlinear,Learned + Nonlinear RX,0.0,-0.31622776,-0.94868326,-0.29302076,-0.95824236
LearnedNonlinear,Learned + Nonlinear RX,0.0,0.31622776,0.94868326,0.2343503,1.0497006
LearnedNonlinear,Learned + Nonlinear RX,0.0,0.31622776,0.31622776,0.27028823,0.25769317
LearnedNonlinear,Learned + Nonlinear RX,0.0,-0.94868326,-0.31622776,-0.83077127,-0.374098
LearnedNonlinear,Learned + Nonlinear RX,0.0,-0.31622776,-0.31622776,-0.39292026,-0.3732733
LearnedNonlinear,Learned + Nonlinear RX,0.0,-0.31622776,-0.31622776,-0.2789455,-0.49872097
LearnedNonlinear,Learned + Nonlinear RX,0.0,-0.94868326,0.31622776,-0.9186784,0.38722375
LearnedNonlinear,Learned + Nonlinear RX,0.0,-0.31622776,0.31622776,-0.20910932,0.42746684
LearnedNonlinear,Learned + Nonlinear RX,0.0,0.31622776,0.31622776,0.5108435,0.39346707
LearnedNonlinear,Learned + Nonlinear RX,0.0,0.94868326,-0.94868326,0.85294586,-0.91054267
LearnedNonlinear,Learned + Nonlinear RX,0.0,0.31622776,-0.31622776,0.56679064,-0.41155735
LearnedNonlinear,Learned + Nonlinear RX,0.0,0.94868326,-0.94868326,0.9012097,-0.9827518
LearnedNonlinear,Learned + Nonlinear RX,0.0,0.31622776,0.31622776,0.25112796,0.3013012
LearnedNonlinear,Learned + Nonlinear RX,0.0,0.94868326,-0.94868326,1.1052272,-1.0533103
LearnedNonlinear,Learned + Nonlinear RX,0.0,0.31622776,0.94868326,0.3153803,1.0705234
LearnedNonlinear,Learned + Nonlinear RX,0.0,0.31622776,0.94868326,0.23016362,1.0144027
LearnedNonlinear,Learned + Nonlinear RX,0.0,0.31622776,-0.94868326,0.25378266,-0.95946896
LearnedNonlinear,Learned + Nonlinear RX,0.0,0.31622776,-0.31622776,0.24540308,-0.37299636
LearnedNonlinear,Learned + Nonlinear RX,0.0,0.31622776,-0.31622776,0.22860514,-0.4057197
LearnedNonlinear,Learned + Nonlinear RX,0.0,0.31622776,-0.94868326,0.30656293,-0.9204852
LearnedNonlinear,Learned + Nonlinear RX,0.0,0.94868326,0.31622776,1.0304042,0.29342353
LearnedNonlinear,Learned + Nonlinear RX,0.0,-0.94868326,-0.94868326,-1.0481644,-0.95598865
LearnedNonlinear,Learned + Nonlinear RX,0.0,0.31622776,-0.94868326,0.23154192,-0.84525436
LearnedNonlinear,Learned + Nonlinear RX,0.0,0.31622776,0.31622776,0.44741267,0.26770222
LearnedNonlinear,Learned + Nonlinear RX,0.0,-0.94868326,0.31622776,-0.8046667,0.18256406
LearnedNonlinear,Learned + Nonlinear RX,0.0,0.94868326,-0.94868326,1.0948519,-0.8065465
LearnedNonlinear,Learned + Nonlinear RX,0.0,0.94868326,-0.31622776,0.9283773,-0.1615991
LearnedNonlinear,Learned + Nonlinear RX,0.0,-0.31622776,-0.94868326,-0.26588795,-0.8828278
LearnedNonlinear,Learned + Nonlinear RX,0.0,0.31622776,0.31622776,0.23385954,0.27681142
LearnedNonlinear,Learned + Nonlinear RX,0.0,0.94868326,-0.31622776,0.7701516,-0.24801144
LearnedNonlinear,Learned + Nonlinear RX,0.0,0.31622776,-0.94868326,0.4169513,-0.87385267
LearnedNonlinear,Learned + Nonlinear RX,0.0,0.31622776,-0.31622776,0.33322278,-0.33455124
LearnedNonlinear,Learned + Nonlinear RX,0.0,-0.94868326,-0.94868326,-1.0059007,-0.96744645
LearnedNonlinear,Learned + Nonlinear RX,0.0,-0.31622776,0.31622776,-0.48438853,0.31437778
LearnedNonlinear,Learned + Nonlinear RX,0.0,0.94868326,0.31622776,1.0098443,0.40860286
LearnedNonlinear,Learned + Nonlinear RX,0.0,-0.31622776,0.94868326,-0.28377885,1.0211294
LearnedNonlinear,Learned + Nonlinear RX,0.0,0.31622776,0.94868326,0.24827321,0.88503194
LearnedNonlinear,Learned + Nonlinear RX,0.0,0.31622776,-0.94868326,0.32612073,-0.97957236
LearnedNonlinear,Learned + Nonlinear RX,0.0,0.31622776,-0.94868326,0.31603485,-0.892999
LearnedNonlinear,Learned + Nonlinear RX,0.0,0.94868326,0.94868326,0.90795636,0.8995228
LearnedNonlinear,Learned + Nonlinear RX,0.0,0.31622776,-0.94868326,0.17395613,-0.93903255
LearnedNonlinear,Learned + Nonlinear RX,0.0,-0.31622776,0.94868326,-0.3117561,0.9409627
LearnedNonlinear,Learned + Nonlinear RX,0.0,0.31622776,0.31622776,0.40854734,0.26739946
LearnedNonlinear,Learned + Nonlinear RX,0.0,0.94868326,0.31622776,0.8110389,0.35323843
LearnedNonlinear,Learned + Nonlinear RX,0.0,-0.31622776,0.94868326,-0.28822604,1.0113326
LearnedNonlinear,Learned + Nonlinear RX,0.0,0.31622776,-0.94868326,0.32723495,-0.8661447
LearnedNonlinear,Learned + Nonlinear RX,0.0,-0.94868326,0.31622776,-0.93212414,0.39141554
LearnedNonlinear,Learned + Nonlinear RX,0.0,-0.31622776,0.94868326,-0.280256,1.0089966
LearnedNonlinear,Learned + Nonlinear RX,0.0,-0.94868326,0.31622776,-0.89497066,0.34693894
LearnedNonlinear,Learned + Nonlinear RX,0.0,-0.94868326,-0.94868326,-1.0765367,-0.9143006
LearnedNonlinear,Learned + Nonlinear RX,0.0,-0.31622776,-0.31622776,-0.37143517,-0.34607413
LearnedNonlinear,Learned + Nonlinear RX,0.0,-0.31622776,-0.31622776,-0.33114886,-0.201766
LearnedNonlinear,Learned + Nonlinear RX,0.0,0.94868326,-0.31622776,1.001999,-0.25770018
LearnedNonlinear,Learned + Nonlinear RX,0.0,-0.31622776,-0.31622776,-0.38275647,-0.49035963
LearnedNonlinear,Learned + Nonlinear RX,0.0,-0.31622776,-0.94868326,-0.22441176,-0.8757499
LearnedNonlinear,Learned + Nonlinear RX,0.0,-0.94868326,0.31622776,-0.81944,0.19405699
LearnedNonlinear,Learned + Nonlinear RX,0.0,-0.31622776,-0.31622776,-0.36156416,-0.12282238
LearnedNonlinear,Learned + Nonlinear RX,0.0,-0.31622776,-0.94868326,-0.14414786,-1.0350637
LearnedNonlinear,Learned + Nonlinear RX,0.0,-0.94868326,-0.31622776,-0.9742995,-0.36187285
LearnedNonlinear,Learned + Nonlinear RX,0.0,-0.94868326,0.94868326,-0.95530224,0.82937175
LearnedNonlinear,Learned + Nonlinear RX,0.0,0.94868326,-0.94868326,1.0437558,-1.1132324
LearnedNonlinear,Learned + Nonlinear RX,0.0,0.94868326,-0.31622776,0.93401796,-0.44913858
LearnedNonlinear,Learned + Nonlinear RX,0.0,0.94868326,0.94868326,1.010701,0.9858453
LearnedNonlinear,Learned + Nonlinear RX,0.0,0.31622776,0.94868326,0.42865056,0.923817
LearnedNonlinear,Learned + Nonlinear RX,0.0,-0.31622776,-0.31622776,-0.3295257,-0.25010002
LearnedNonlinear,Learned + Nonlinear RX,0.0,-0.94868326,-0.31622776,-0.89889675,-0.33694232
LearnedNonlinear,Learned + Nonlinear RX,0.0,-0.31622776,-0.94868326,-0.30941725,-0.77347696
LearnedNonlinear,Learned + Nonlinear RX,0.0,0.31622776,0.94868326,0.35536262,0.9489258
LearnedNonlinear,Learned + Nonlinear RX,0.0,-0.31622776,0.31622776,-0.43859956,0.06898589
LearnedNonlinear,Learned + Nonlinear RX,0.0,-0.31622776,0.31622776,-0.33139676,0.20385121
LearnedNonlinear,Learned + Nonlinear RX,0.0,-0.94868326,0.94868326,-1.0733538,0.9294765
LearnedNonlinear,Learned + Nonlinear RX,0.0,-0.31622776,-0.94868326,-0.29486996,-1.037566
LearnedNonlinear,Learned + Nonlinear RX,0.0,0.94868326,0.31622776,0.9072056,0.27286905
LearnedNonlinear,Learned + Nonlinear RX,0.0,-0.31622776,0.31622776,-0.36066374,0.34866872
LearnedNonlinear,Learned + Nonlinear RX,0.0,-0.94868326,-0.94868326,-0.7788518,-0.9907901
LearnedNonlinear,Learned + Nonlinear RX,0.0,0.94868326,-0.94868326,0.885971,-0.94925743
LearnedNonlinear,Learned + Nonlinear RX,0.0,0.31622776,-0.31622776,0.3348627,-0.24210571
LearnedNonlinear,Learned + Nonlinear RX,0.0,0.94868326,0.94868326,0.70211434,0.8841099
LearnedNonlinear,Learned + Nonlinear RX,0.0,-0.94868326,0.94868326,-0.8897362,0.9309459
LearnedNonlinear,Learned + Nonlinear RX,0.0,-0.31622776,0.94868326,-0.32647103,1.0146587
LearnedNonlinear,Learned + Nonlinear RX,0.0,-0.94868326,-0.94868326,-0.9539412,-0.99595517
LearnedNonlinear,Learned + Nonlinear RX,0.0,-0.31622776,-0.31622776,-0.35224038,-0.44110826
LearnedNonlinear,Learned + Nonlinear RX,0.0,0.31622776,0.94868326,0.4362751,0.8622778
LearnedNonlinear,Learned + Nonlinear RX,0.0,-0.94868326,0.94868326,-1.0083878,0.87418276
LearnedNonlinear,Learned + Nonlinear RX,0.0,-0.31622776,0.94868326,-0.35165435,0.9792976
LearnedNonlinear,Learned + Nonlinear RX,0.0,-0.31622776,-0.31622776,-0.15988521,-0.27090263
LearnedNonlinear,Learned + Nonlinear RX,0.0,-0.31622776,-0.31622776,-0.364828,-0.35454142
LearnedNonlinear,Learned + Nonlinear RX,0.0,0.31622776,-0.94868326,0.17478703,-1.1722432
LearnedNonlinear,Learned + Nonlinear RX,0.0,0.94868326,-0.94868326,0.8716011,-0.9367267
LearnedNonlinear,Learned + Nonlinear RX,0.0,0.31622776,0.31622776,0.3238156,0.2929479
LearnedNonlinear,Learned + Nonlinear RX,0.0,-0.94868326,-0.94868326,-0.8883479,-0.9129995
LearnedNonlinear,Learned + Nonlinear RX,0.0,0.31622776,0.31622776,0.23922996,0.21268849
LearnedNonlinear,Learned + Nonlinear RX,0.0,-0.94868326,0.94868326,-0.9747619,1.0746579
LearnedNonlinear,Learned + Nonlinear RX,0.0,-0.31622776,-0.94868326,-0.36505088,-0.8520985
LearnedNonlinear,Learned + Nonlinear RX,0.0,0.31622776,0.31622776,0.3339613,0.23127982
LearnedNonlinear,Learned + Nonlinear RX,0.0,0.31622776,-0.31622776,0.07948342,-0.3313719
LearnedNonlinear,Learned + Nonlinear RX,0.0,-0.31622776,0.94868326,-0.4139355,0.89735454
LearnedNonlinear,Learned + Nonlinear RX,0.0,0.31622776,0.31622776,0.36226493,0.24471316
LearnedNonlinear,Learned + Nonlinear RX,0.0,-0.31622776,0.94868326,-0.29304194,0.9167494
LearnedNonlinear,Learned + Nonlinear RX,0.0,0.94868326,-0.94868326,0.91214,-0.92211574
LearnedNonlinear,Learned + Nonlinear RX,0.0,0.94868326,0.94868326,0.84800357,0.8812056
LearnedNonlinear,Learned + Nonlinear RX,0.0,-0.94868326,0.94868326,-1.0405647,0.9767112
LearnedNonlinear,Learned + Nonlinear RX,0.0,-0.94868326,0.31622776,-0.9342822,0.34679225
LearnedNonlinear,Learned + Nonlinear RX,0.0,0.31622776,-0.31622776,0.13357823,-0.32872996
LearnedNonlinear,Learned + Nonlinear RX,0.0,0.94868326,0.94868326,0.9871945,1.0122133
LearnedNonlinear,Learned + Nonlinear RX,0.0,0.31622776,0.31622776,0.24170962,0.42747232
LearnedNonlinear,Learned + Nonlinear RX,0.0,-0.94868326,-0.94868326,-0.6462184,-0.8905272
LearnedNonlinear,Learned + Nonlinear RX,0.0,0.31622776,-0.94868326,0.42691147,-1.1052642
LearnedNonlinear,Learned + Nonlinear RX,0.0,0.94868326,-0.94868326,0.97763443,-1.0357622
LearnedNonlinear,Learned + Nonlinear RX,0.0,0.31622776,-0.94868326,0.20145266,-0.9185758
LearnedNonlinear,Learned + Nonlinear RX,0.0,0.94868326,-0.31622776,0.8787055,-0.44413042
LearnedNonlinear,Learned + Nonlinear RX,0.0,-0.31622776,-0.94868326,-0.38326108,-1.0557928
LearnedNonlinear,Learned + Nonlinear RX,0.0,0.94868326,-0.94868326,1.01592,-1.0108261
LearnedNonlinear,Learned + Nonlinear RX,0.0,0.31622776,0.31622776,0.36168376,0.4270659
LearnedNonlinear,Learned + Nonlinear RX,0.0,-0.31622776,0.31622776,-0.22256687,0.24751762
LearnedNonlinear,Learned + Nonlinear RX,0.0,-0.94868326,-0.94868326,-0.96472543,-0.8794328
LearnedNonlinear,Learned + Nonlinear RX,0.0,-0.94868326,-0.94868326,-0.99958724,-1.0101513
LearnedNonlinear,Learned + Nonlinear RX,0.0,0.31622776,-0.31622776,0.2370921,-0.2860059
LearnedNonlinear,Learned + Nonlinear RX,0.0,-0.94868326,0.31622776,-0.9306819,0.2774288
LearnedNonlinear,Learned + Nonlinear RX,0.0,-0.31622776,0.31622776,-0.43285868,0.20941165
LearnedNonlinear,Learned + Nonlinear RX,0.0,-0.94868326,0.31622776,-0.88328296,0.47030315
LearnedNonlinear,Learned + Nonlinear RX,0.0,-0.94868326,-0.31622776,-0.94161826,-0.36830914
LearnedNonlinear,Learned + Nonlinear RX,0.0,-0.94868326,-0.31622776,-0.8426561,-0.07628946
LearnedNonlinear,Learned + Nonlinear RX,0.0,0.94868326,0.31622776,0.90302503,0.34837666
LearnedNonlinear,Learned + Nonlinear RX,0.0,-0.94868326,-0.94868326,-0.7688301,-1.0756294
LearnedNonlinear,Learned + Nonlinear RX,0.0,-0.31622776,-0.94868326,-0.32231063,-0.9338242
LearnedNonlinear,Learned + Nonlinear RX,0.0,-0.31622776,0.31622776,-0.345448,0.37621388
LearnedNonlinear,Learned + Nonlinear RX,0.0,0.94868326,0.31622776,0.99758774,0.4024794
LearnedNonlinear,Learned + Nonlinear RX,0.0,0.31622776,-0.31622776,0.44253471,-0.32980618
LearnedNonlinear,Learned + Nonlinear RX,0.0,-0.31622776,0.31622776,-0.315789,0.25242546
LearnedNonlinear,Learned + Nonlinear RX,0.0,-0.94868326,0.94868326,-1.0024505,0.808753
LearnedNonlinear,Learned + Nonlinear RX,0.0,-0.31622776,-0.31622776,-0.32716796,-0.20890363
LearnedNonlinear,Learned + Nonlinear RX,0.0,0.94868326,-0.31622776,0.8049223,-0.37565842
LearnedNonlinear,Learned + Nonlinear RX,0.0,-0.31622776,-0.31622776,-0.45286602,-0.48104745
LearnedNonlinear,Learned + Nonlinear RX,0.0,-0.94868326,-0.31622776,-0.96633035,-0.054545928
LearnedNonlinear,Learned + Nonlinear RX,0.0,-0.31622776,0.94868326,-0.069223076,1.1594864
LearnedNonlinear,Learned + Nonlinear RX,0.0,0.94868326,-0.94868326,1.0647311,-0.99555093
LearnedNonlinear,Learned + Nonlinear RX,0.0,0.94868326,-0.31622776,0.8904547,-0.42027736
LearnedNonlinear,Learned + Nonlinear RX,0.0,0.31622776,-0.31622776,0.33520353,-0.29169768
LearnedNonlinear,Learned + Nonlinear RX,0.0,-0.31622776,-0.94868326,-0.2830745,-0.8450142
LearnedNonlinear,Learned + Nonlinear RX,0.0,-0.31622776,0.31622776,-0.27423048,0.21238282
LearnedNonlinear,Learned + Nonlinear RX,0.0,0.31622776,0.31622776,0.29059574,0.41700307
LearnedNonlinear,Learned + Nonlinear RX,0.0,0.31622776,0.94868326,0.21571466,1.0717412
LearnedNonlinear,Learned + Nonlinear RX,0.0,-0.94868326,-0.31622776,-1.0007902,-0.3870445
LearnedNonlinear,Learned + Nonlinear RX,0.0,-0.94868326,0.31622776,-0.95608246,0.4053041
LearnedNonlinear,Learned + Nonlinear RX,0.0,-0.94868326,-0.94868326,-1.102659,-0.9685947
LearnedNonlinear,Learned + Nonlinear RX,0.0,0.31622776,0.94868326,0.29000828,0.92342
LearnedNonlinear,Learned + Nonlinear RX,0.0,-0.94868326,0.94868326,-0.96111757,0.9364306
LearnedNonlinear,Learned + Nonlinear RX,0.0,0.31622776,-0.94868326,0.36738387,-1.0448306
LearnedNonlinear,Learned + Nonlinear RX,0.0,0.94868326,0.31622776,0.9209786,0.14280334
LearnedNonlinear,Learned + Nonlinear RX,0.0,-0.94868326,0.94868326,-0.9560499,0.9315573
LearnedNonlinear,Learned + Nonlinear RX,0.0,0.31622776,-0.31622776,0.4705762,-0.34569964
LearnedNonlinear,Learned + Nonlinear RX,0.0,-0.94868326,-0.94868326,-0.66635615,-0.9574521
LearnedNonlinear,Learned + Nonlinear RX,0.0,0.94868326,-0.31622776,0.9441665,-0.21394922
LearnedNonlinear,Learned + Nonlinear RX,0.0,-0.94868326,0.31622776,-1.0032547,0.36463708
LearnedNonlinear,Learned + Nonlinear RX,0.0,-0.94868326,-0.94868326,-1.0359029,-1.0658596
LearnedNonlinear,Learned + Nonlinear RX,0.0,0.31622776,0.31622776,0.38852772,0.25983864
LearnedNonlinear,Learned + Nonlinear RX,0.0,-0.94868326,0.94868326,-0.9601894,0.97984594
LearnedNonlinear,Learned + Nonlinear RX,0.0,0.94868326,-0.31622776,1.0048406,-0.43788257
LearnedNonlinear,Learned + Nonlinear RX,0.0,-0.31622776,-0.94868326,-0.27306545,-0.86573595
LearnedNonlinear,Learned + Nonlinear RX,0.0,-0.31622776,-0.94868326,-0.35523874,-0.8406301
LearnedNonlinear,Learned + Nonlinear RX,0.0,-0.94868326,-0.94868326,-0.9212203,-0.75798196
LearnedNonlinear,Learned + Nonlinear RX,0.0,0.94868326,-0.94868326,0.7773768,-0.98300105
LearnedNonlinear,Learned + Nonlinear RX,0.0,0.94868326,-0.94868326,0.8569239,-1.005179
LearnedNonlinear,Learned + Nonlinear RX,0.0,0.31622776,-0.31622776,0.29194435,-0.230311
LearnedNonlinear,Learned + Nonlinear RX,0.0,-0.94868326,-0.31622776,-0.8067207,-0.2961391
LearnedNonlinear,Learned + Nonlinear RX,0.0,0.31622776,-0.31622776,0.15937756,-0.23735607
LearnedNonlinear,Learned + Nonlinear RX,0.0,0.31622776,-0.31622776,0.46910802,-0.20341845
LearnedNonlinear,Learned + Nonlinear RX,0.0,0.94868326,0.31622776,0.98976976,0.40906456
LearnedNonlinear,Learned + Nonlinear RX,0.0,-0.94868326,0.31622776,-0.9275716,0.23332101
LearnedNonlinear,Learned + Nonlinear RX,0.0,-0.94868326,0.31622776,-1.0397313,0.15394998
LearnedNonlinear,Learned + Nonlinear RX,0.0,0.31622776,-0.94868326,0.2352418,-0.92248756
LearnedNonlinear,Learned + Nonlinear RX,0.0,-0.94868326,-0.31622776,-0.7513288,-0.31555197
LearnedNonlinear,Learned + Nonlinear RX,0.0,-0.31622776,0.94868326,-0.31384096,0.96578
LearnedNonlinear,Learned + Nonlinear RX,0.0,-0.94868326,0.94868326,-0.86425334,0.80402553
LearnedNonlinear,Learned + Nonlinear RX,0.0,0.94868326,-0.31622776,0.9830865,-0.29640776
LearnedNonlinear,Learned + Nonlinear RX,0.0,0.94868326,-0.31622776,1.0959361,-0.33083722
LearnedNonlinear,Learned + Nonlinear RX,0.0,-0.31622776,-0.94868326,-0.2721037,-1.0600402
LearnedNonlinear,Learned + Nonlinear RX,0.0,-0.94868326,-0.94868326,-0.9686621,-1.0756948
LearnedNonlinear,Learned + Nonlinear RX,0.0,-0.94868326,0.94868326,-0.87365633,0.8636991
LearnedNonlinear,Learned + Nonlinear RX,0.0,-0.31622776,-0.94868326,-0.3617387,-1.0905546
LearnedNonlinear,Learned + Nonlinear RX,0.0,0.94868326,-0.94868326,0.8831525,-0.9267323
LearnedNonlinear,Learned + Nonlinear RX,0.0,0.31622776,0.31622776,0.33628875,0.11354088
LearnedNonlinear,Learned + Nonlinear RX,0.0,0.94868326,-0.94868326,0.9426743,-1.0417376
LearnedNonlinear,Learned + Nonlinear RX,0.0,0.31622776,0.31622776,0.32844913,0.31883803
LearnedNonlinear,Learned + Nonlinear RX,0.0,-0.94868326,0.31622776,-0.84975076,0.28767392
LearnedNonlinear,Learned + Nonlinear RX,0.0,0.94868326,-0.94868326,0.8255815,-1.0643264
LearnedNonlinear,Learned + Nonlinear RX,0.0,0.94868326,0.94868326,0.8802088,0.96416306
LearnedNonlinear,Learned + Nonlinear RX,0.0,-0.31622776,0.94868326,-0.17402506,1.0048568
LearnedNonlinear,Learned + Nonlinear RX,0.0,0.31622776,-0.94868326,0.17964154,-0.79750514
LearnedNonlinear,Learned + Nonlinear RX,0.0,-0.31622776,-0.31622776,-0.37044826,-0.09672141
LearnedNonlinear,Learned + Nonlinear RX,0.0,0.31622776,0.31622776,0.41388825,0.34003007
LearnedNonlinear,Learned + Nonlinear RX,0.0,-0.31622776,-0.94868326,-0.26344436,-0.93507874
LearnedNonlinear,Learned + Nonlinear RX,0.0,0.94868326,0.94868326,0.92298526,0.95229197
LearnedNonlinear,Learned + Nonlinear RX,0.0,-0.94868326,-0.31622776,-0.7958697,-0.25296083
LearnedNonlinear,Learned + Nonlinear RX,0.0,-0.94868326,0.31622776,-1.0286934,0.36971167
LearnedNonlinear,Learned + Nonlinear RX,0.0,-0.31622776,-0.94868326,-0.26963726,-1.0515058
LearnedNonlinear,Learned + Nonlinear RX,0.0,-0.94868326,-0.31622776,-0.91272825,-0.4015778
LearnedNonlinear,Learned + Nonlinear RX,0.0,0.94868326,0.31622776,0.78005636,0.307026
LearnedNonlinear,Learned + Nonlinear RX,0.0,0.31622776,0.94868326,0.30199128,0.75565106
LearnedNonlinear,Learned + Nonlinear RX,0.0,-0.94868326,-0.31622776,-0.9397358,-0.21720195
LearnedNonlinear,Learned + Nonlinear RX,0.0,-0.94868326,-0.31622776,-0.9164501,-0.26849338
LearnedNonlinear,Learned + Nonlinear RX,0.0,0.31622776,-0.94868326,0.2414076,-0.8562914
LearnedNonlinear,Learned + Nonlinear RX,0.0,0.31622776,0.31622776,0.31287795,0.12718968
LearnedNonlinear,Learned + Nonlinear RX,0.0,0.31622776,0.31622776,0.372059,0.13832806
LearnedNonlinear,Learned + Nonlinear RX,0.0,-0.94868326,0.31622776,-1.1078572,0.4199878
LearnedNonlinear,Learned + Nonlinear RX,0.0,0.94868326,0.31622776,1.0487819,0.38048992
LearnedNonlinear,Learned + Nonlinear RX,0.0,0.31622776,0.94868326,0.3960416,0.88863844
LearnedNonlinear,Learned + Nonlinear RX,0.0,0.31622776,-0.31622776,0.39143267,-0.382673
LearnedNonlinear,Learned + Nonlinear RX,0.0,-0.31622776,0.31622776,-0.500157,0.30754104
LearnedNonlinear,Learned + Nonlinear RX,0.0,-0.94868326,0.94868326,-0.9629444,1.0401207
LearnedNonlinear,Learned + Nonlinear RX,0.0,0.94868326,0.31622776,1.0490396,0.22702011
LearnedNonlinear,Learned + Nonlinear RX,0.0,0.94868326,-0.31622776,1.1487774,-0.36446106
LearnedNonlinear,Learned + Nonlinear RX,0.0,-0.31622776,0.31622776,-0.31104577,0.27079517
LearnedNonlinear,Learned + Nonlinear RX,0.0,-0.94868326,0.31622776,-0.9492479,0.36085615
LearnedNonlinear,Learned + Nonlinear RX,0.0,-0.31622776,0.94868326,-0.30332562,0.84554267
LearnedNonlinear,Learned + Nonlinear RX,0.0,-0.31622776,0.94868326,-0.20391083,0.9318013
LearnedNonlinear,Learned + Nonlinear RX,0.0,0.31622776,0.94868326,0.28327626,0.88031834
LearnedNonlinear,Learned + Nonlinear RX,0.0,-0.31622776,-0.94868326,-0.21153942,-1.0332651
LearnedNonlinear,Learned + Nonlinear RX,0.0,0.31622776,-0.31622776,0.28517818,-0.4565072
LearnedNonlinear,Learned + Nonlinear RX,0.0,-0.94868326,0.31622776,-0.866236,0.26547626
LearnedNonlinear,Learned + Nonlinear RX,0.0,-0.31622776,0.31622776,-0.21093327,0.29012385
LearnedNonlinear,Learned + Nonlinear RX,0.0,-0.94868326,-0.31622776,-0.9507392,-0.2255993
LearnedNonlinear,Learned + Nonlinear RX,0.0,-0.31622776,0.31622776,-0.3857189,0.20833658
LearnedNonlinear,Learned + Nonlinear RX,0.0,-0.94868326,-0.31622776,-0.9914808,-0.23797137
LearnedNonlinear,Learned + Nonlinear RX,0.0,-0.94868326,0.31622776,-0.74864537,0.24425969
LearnedNonlinear,Learned + Nonlinear RX,0.0,-0.31622776,0.31622776,-0.27505404,0.35857418
LearnedNonlinear,Learned + Nonlinear RX,0.0,0.94868326,0.31622776,1.0625207,0.2968694
LearnedNonlinear,Learned + Nonlinear RX,0.0,0.94868326,-0.31622776,0.96098614,-0.120244585
LearnedNonlinear,Learned + Nonlinear RX,0.0,-0.94868326,-0.31622776,-0.99160373,-0.12166084
LearnedNonlinear,Learned + Nonlinear RX,0.0,0.94868326,-0.31622776,1.0983868,-0.36065048
LearnedNonlinear,Learned + Nonlinear RX,0.0,-0.31622776,0.31622776,-0.33443502,0.20251706
LearnedNonlinear,Learned + Nonlinear RX,0.0,0.31622776,-0.31622776,0.29204455,-0.40284443
LearnedNonlinear,Learned + Nonlinear RX,0.0,0.94868326,0.94868326,0.9263031,0.79273945
LearnedNonlinear,Learned + Nonlinear RX,0.0,-0.31622776,0.94868326,-0.2569755,1.0670987
LearnedNonlinear,Learned + Nonlinear RX,0.0,0.94868326,0.94868326,0.9930428,1.0899464
LearnedNonlinear,Learned + Nonlinear RX,0.0,-0.31622776,0.31622776,-0.2915221,0.24307947
LearnedNonlinear,Learned + Nonlinear RX,0.0,0.94868326,0.31622776,0.7836838,0.16115291
LearnedNonlinear,Learned + Nonlinear RX,0.0,0.94868326,-0.31622776,0.92832255,-0.33904216
LearnedNonlinear,Learned + Nonlinear RX,0.0,-0.94868326,-0.94868326,-1.0093315,-0.8722156
LearnedNonlinear,Learned + Nonlinear RX,0.0,-0.94868326,0.94868326,-0.75200814,1.099875
LearnedNonlinear,Learned + Nonlinear RX,0.0,0.31622776,-0.31622776,0.41362503,-0.47835875
LearnedNonlinear,Learned + Nonlinear RX,0.0,-0.31622776,-0.94868326,-0.27274317,-0.89198595
LearnedNonlinear,Learned + Nonlinear RX,0.0,0.31622776,0.94868326,0.26430473,0.99573773
LearnedNonlinear,Learned + Nonlinear RX,0.0,-0.94868326,-0.31622776,-0.86770856,-0.46016568
LearnedNonlinear,Learned + Nonlinear RX,0.0,-0.94868326,-0.31622776,-0.9752178,-0.32394013
LearnedNonlinear,Learned + Nonlinear RX,0.0,0.94868326,-0.31622776,0.84397286,-0.41142866
LearnedNonlinear,Learned + Nonlinear RX,0.0,0.94868326,0.31622776,0.9115459,0.110050105
LearnedNonlinear,Learned + Nonlinear RX,0.0,0.31622776,0.94868326,0.14997333,0.9374553
LearnedNonlinear,Learned + Nonlinear RX,0.0,0.94868326,0.94868326,0.81281745,1.0630813
LearnedNonlinear,Learned + Nonlinear RX,0.0,0.31622776,-0.94868326,0.32923484,-0.88116735
LearnedNonlinear,Learned + Nonlinear RX,0.0,0.94868326,-0.31622776,0.98763824,-0.17163286
LearnedNonlinear,Learned + Nonlinear RX,0.0,-0.94868326,-0.94868326,-0.9398653,-0.92612547
LearnedNonlinear,Learned + Nonlinear RX,0.0,0.94868326,-0.94868326,0.9175137,-0.85027844
LearnedNonlinear,Learned + Nonlinear RX,0.0,0.94868326,-0.31622776,0.9134523,-0.41306505
LearnedNonlinear,Learned + Nonlinear RX,0.0,0.94868326,-0.31622776,0.9488034,-0.25692537
LearnedNonlinear,Learned + Nonlinear RX,0.0,0.31622776,0.31622776,0.4077449,0.2959231
LearnedNonlinear,Learned + Nonlinear RX,0.0,0.31622776,0.94868326,0.14959967,1.0726515
LearnedNonlinear,Learned + Nonlinear RX,0.0,0.94868326,-0.31622776,0.9836431,-0.2955764
LearnedNonlinear,Learned + Nonlinear RX,0.0,-0.94868326,0.94868326,-0.993821,1.0842599
LearnedNonlinear,Learned + Nonlinear RX,0.0,0.94868326,0.94868326,0.9165544,0.94129366
LearnedNonlinear,Learned + Nonlinear RX,0.0,-0.31622776,0.31622776,-0.3726222,0.30796733
LearnedNonlinear,Learned + Nonlinear RX,0.0,0.31622776,0.31622776,0.25153536,0.23082268
LearnedNonlinear,Learned + Nonlinear RX,0.0,-0.31622776,0.94868326,-0.25330636,0.98542804
LearnedNonlinear,Learned + Nonlinear RX,0.0,-0.31622776,0.94868326,-0.44030318,0.8996068
LearnedNonlinear,Learned + Nonlinear RX,0.0,0.31622776,0.31622776,0.21033867,0.29326397
LearnedNonlinear,Learned + Nonlinear RX,0.0,0.94868326,0.94868326,1.1855334,0.94262093
LearnedNonlinear,Learned + Nonlinear RX,0.0,-0.94868326,0.94868326,-0.86706656,0.8508914
LearnedNonlinear,Learned + Nonlinear RX,0.0,-0.31622776,0.94868326,-0.49370202,0.9496565
LearnedNonlinear,Learned + Nonlinear RX,0.0,0.31622776,0.94868326,0.39152664,0.99461883
LearnedNonlinear,Learned + Nonlinear RX,0.0,-0.94868326,0.94868326,-1.0119121,1.0330316
LearnedNonlinear,Learned + Nonlinear RX,0.0,0.94868326,-0.94868326,1.1184193,-0.82959646
LearnedNonlinear,Learned + Nonlinear RX,0.0,0.31622776,-0.94868326,0.34006637,-0.9398149
LearnedNonlinear,Learned + Nonlinear RX,0.0,0.94868326,0.31622776,0.94039786,0.320594
LearnedNonlinear,Learned + Nonlinear RX,0.0,-0.94868326,-0.94868326,-0.9157644,-1.0279804
LearnedNonlinear,Learned + Nonlinear RX,0.0,0.31622776,0.94868326,0.2337487,0.74444735
LearnedNonlinear,Learned + Nonlinear RX,0.0,0.94868326,0.31622776,1.0250101,0.3582787
LearnedNonlinear,Learned + Nonlinear RX,0.0,-0.31622776,-0.31622776,-0.14502104,-0.120639995
LearnedNonlinear,Learned + Nonlinear RX,0.0,-0.31622776,-0.94868326,-0.4782494,-1.0913671
LearnedNonlinear,Learned + Nonlinear RX,0.0,0.94868326,-0.31622776,0.93800926,-0.15128013
LearnedNonlinear,Learned + Nonlinear RX,0.0,-0.94868326,-0.94868326,-1.0358814,-1.1247848
LearnedNonlinear,Learned + Nonlinear RX,0.0,-0.94868326,-0.31622776,-0.91804934,-0.31872177
LearnedNonlinear,Learned + Nonlinear RX,0.0,0.94868326,0.94868326,0.9126697,0.7560148
LearnedNonlinear,Learned + Nonlinear RX,0.0,0.31622776,-0.94868326,0.35832167,-0.9026697
LearnedNonlinear,Learned + Nonlinear RX,0.0,-0.94868326,-0.94868326,-0.7769864,-0.97211874
LearnedNonlinear,Learned + Nonlinear RX,0.0,0.94868326,0.31622776,0.96876395,0.18598793
LearnedNonlinear,Learned + Nonlinear RX,0.0,0.94868326,0.94868326,0.9317252,0.95557183
LearnedNonlinear,Learned + Nonlinear RX,0.0,0.94868326,0.94868326,0.9751498,0.90681136
LearnedNonlinear,Learned + Nonlinear RX,0.0,-0.94868326,0.94868326,-0.97003096,0.9643584
LearnedNonlinear,Learned + Nonlinear RX,0.0,0.94868326,-0.94868326,0.7751931,-0.7401731
LearnedNonlinear,Learned + Nonlinear RX,0.0,-0.31622776,0.94868326,-0.41347897,0.83663577
LearnedNonlinear,Learned + Nonlinear RX,0.0,-0.31622776,-0.94868326,-0.2827331,-1.053018
LearnedNonlinear,Learned + Nonlinear RX,0.0,0.94868326,-0.31622776,0.9039739,-0.42217997
LearnedNonlinear,Learned + Nonlinear RX,0.0,-0.31622776,-0.31622776,-0.2609193,-0.13203658
LearnedNonlinear,Learned + Nonlinear RX,0.0,0.31622776,-0.31622776,0.42873296,-0.34738743
LearnedNonlinear,Learned + Nonlinear RX,0.0,0.94868326,-0.94868326,1.0678989,-0.9202134
LearnedNonlinear,Learned + Nonlinear RX,0.0,-0.94868326,0.31622776,-1.0466619,0.27019936
LearnedNonlinear,Learned + Nonlinear RX,0.0,-0.31622776,-0.94868326,-0.28518128,-1.0125908
LearnedNonlinear,Learned + Nonlinear RX,0.0,-0.31622776,0.94868326,-0.3534893,0.87885416
LearnedNonlinear,Learned + Nonlinear RX,0.0,0.94868326,-0.31622776,1.0495412,-0.3893858
LearnedNonlinear,Learned + Nonlinear RX,0.0,-0.31622776,-0.94868326,-0.3070735,-1.0522519
LearnedNonlinear,Learned + Nonlinear RX,0.0,-0.31622776,0.94868326,-0.30566034,0.8712999
LearnedNonlinear,Learned + Nonlinear RX,0.0,0.31622776,-0.94868326,0.27571708,-0.97786444
LearnedNonlinear,Learned + Nonlinear RX,0.0,-0.31622776,-0.31622776,-0.14672329,-0.30653885
LearnedNonlinear,Learned + Nonlinear RX,0.0,-0.94868326,0.31622776,-0.9911411,0.18198133
LearnedNonlinear,Learned + Nonlinear RX,0.0,-0.31622776,0.94868326,-0.31280687,1.0294337
LearnedNonlinear,Learned + Nonlinear RX,0.0,0.31622776,-0.94868326,0.35605514,-0.8962491
LearnedNonlinear,Learned + Nonlinear RX,0.0,0.94868326,0.94868326,1.0009471,0.9714035
LearnedNonlinear,Learned + Nonlinear RX,0.0,-0.94868326,0.94868326,-1.0174567,0.91041064
LearnedNonlinear,Learned + Nonlinear RX,0.0,0.31622776,0.31622776,0.16435461,0.38781425
LearnedNonlinear,Learned + Nonlinear RX,0.0,-0.31622776,-0.94868326,-0.23963182,-0.77666104
LearnedNonlinear,Learned + Nonlinear RX,0.0,-0.94868326,0.31622776,-1.1448079,0.42735904
LearnedNonlinear,Learned + Nonlinear RX,0.0,-0.94868326,-0.94868326,-0.7355377,-0.8571851
LearnedNonlinear,Learned + Nonlinear RX,0.0,-0.31622776,0.31622776,-0.43198356,0.30176193
LearnedNonlinear,Learned + Nonlinear RX,0.0,-0.94868326,0.31622776,-0.94236696,0.27355257
LearnedNonlinear,Learned + Nonlinear RX,0.0,0.31622776,-0.94868326,0.2652976,-0.7698537
LearnedNonlinear,Learned + Nonlinear RX,0.0,-0.31622776,0.94868326,-0.30240858,0.8486895
LearnedNonlinear,Learned + Nonlinear RX,0.0,-0.94868326,-0.31622776,-1.0602001,-0.3545323
LearnedNonlinear,Learned + Nonlinear RX,0.0,0.94868326,-0.94868326,0.8871715,-0.89503706
LearnedNonlinear,Learned + Nonlinear RX,0.0,-0.31622776,-0.31622776,-0.3003821,-0.30835667
LearnedNonlinear,Learned + Nonlinear RX,0.0,-0.94868326,-0.31622776,-0.9785127,-0.30388582
LearnedNonlinear,Learned + Nonlinear RX,0.0,-0.94868326,-0.94868326,-0.7736431,-0.94896805
LearnedNonlinear,Learned + Nonlinear RX,0.0,0.31622776,-0.31622776,0.25317624,-0.21912956
LearnedNonlinear,Learned + Nonlinear RX,0.0,0.94868326,0.94868326,1.0275757,0.86681294
LearnedNonlinear,Learned + Nonlinear RX,0.0,-0.94868326,-0.31622776,-1.1386323,-0.12921207
LearnedNonlinear,Learned + Nonlinear RX,0.0,0.31622776,0.94868326,0.17756726,1.0401995
LearnedNonlinear,Learned + Nonlinear RX,0.0,-0.94868326,0.31622776,-1.0867906,0.44083548
LearnedNonlinear,Learned + Nonlinear RX,0.0,-0.31622776,0.94868326,-0.15025078,0.8884844
LearnedNonlinear,Learned + Nonlinear RX,0.0,0.94868326,0.94868326,0.8294454,1.0044492
LearnedNonlinear,Learned + Nonlinear RX,0.0,-0.31622776,0.31622776,-0.14096063,0.28263712
LearnedNonlinear,Learned + Nonlinear RX,0.0,0.31622776,-0.94868326,0.33380523,-0.9431721
LearnedNonlinear,Learned + Nonlinear RX,0.0,-0.94868326,0.31622776,-0.95132613,0.28684303
LearnedNonlinear,Learned + Nonlinear RX,0.0,0.31622776,-0.31622776,0.24824971,-0.3841525
LearnedNonlinear,Learned + Nonlinear RX,0.0,-0.94868326,0.94868326,-1.0391572,1.2209868
LearnedNonlinear,Learned + Nonlinear RX,0.0,-0.31622776,0.94868326,-0.5000673,0.89314497
LearnedNonlinear,Learned + Nonlinear RX,0.0,-0.94868326,-0.94868326,-0.9358873,-0.93366534
LearnedNonlinear,Learned + Nonlinear RX,0.0,0.31622776,0.94868326,0.29800135,0.7868296
LearnedNonlinear,Learned + Nonlinear RX,0.0,-0.31622776,-0.94868326,-0.21069974,-1.0975446
LearnedNonlinear,Learned + Nonlinear RX,0.0,0.94868326,-0.31622776,0.803574,-0.33444732
LearnedNonlinear,Learned + Nonlinear RX,0.0,-0.31622776,0.94868326,-0.4728454,0.96076024
LearnedNonlinear,Learned + Nonlinear RX,0.0,-0.94868326,-0.94868326,-0.7481871,-0.9844862
LearnedNonlinear,Learned + Nonlinear RX,0.0,0.94868326,0.94868326,0.9578361,0.9016727
LearnedNonlinear,Learned + Nonlinear RX,0.0,0.94868326,0.94868326,0.9021486,0.8585523
LearnedNonlinear,Learned + Nonlinear RX,0.0,0.94868326,-0.94868326,0.8947122,-0.9097739
LearnedNonlinear,Learned + Nonlinear RX,0.0,0.31622776,0.31622776,0.35006985,0.24951196
LearnedNonlinear,Learned + Nonlinear RX,0.0,-0.94868326,0.31622776,-0.9301107,0.38225377
LearnedNonlinear,Learned + Nonlinear RX,0.0,-0.31622776,-0.31622776,-0.1668592,-0.36203563
LearnedNonlinear,Learned + Nonlinear RX,0.0,0.31622776,0.94868326,0.42889434,1.0005245
LearnedNonlinear,Learned + Nonlinear RX,0.0,-0.31622776,0.94868326,-0.4013757,0.9833469
LearnedNonlinear,Learned + Nonlinear RX,0.0,-0.31622776,0.94868326,-0.24283801,0.7642965
LearnedNonlinear,Learned + Nonlinear RX,0.0,-0.94868326,0.31622776,-0.8025919,0.40887567
LearnedNonlinear,Learned + Nonlinear RX,0.0,0.94868326,-0.31622776,1.0134015,-0.39590538
LearnedNonlinear,Learned + Nonlinear RX,0.0,-0.94868326,-0.94868326,-0.8549725,-1.065754
LearnedNonlinear,Learned + Nonlinear RX,0.0,0.94868326,-0.31622776,0.9415554,-0.36913213
LearnedNonlinear,Learned + Nonlinear RX,0.0,0.31622776,0.94868326,0.33840743,0.8295744
LearnedNonlinear,Learned + Nonlinear RX,0.0,0.31622776,0.94868326,0.34474656,0.9720169
LearnedNonlinear,Learned + Nonlinear RX,0.0,0.94868326,-0.31622776,1.0418097,-0.28811148
LearnedNonlinear,Learned + Nonlinear RX,0.0,-0.94868326,-0.94868326,-1.1000388,-0.8359921
LearnedNonlinear,Learned + Nonlinear RX,0.0,-0.94868326,-0.31622776,-0.9158312,-0.3828915
LearnedNonlinear,Learned + Nonlinear RX,0.0,0.31622776,0.94868326,0.5174592,0.9332035
LearnedNonlinear,Learned + Nonlinear RX,0.0,0.31622776,-0.94868326,0.29681537,-1.0231451
LearnedNonlinear,Learned + Nonlinear RX,0.0,0.31622776,0.31622776,0.23947163,0.28662494
LearnedNonlinear,Learned + Nonlinear RX,0.0,-0.31622776,0.31622776,-0.31250167,0.200991
LearnedNonlinear,Learned + Nonlinear RX,0.0,0.94868326,-0.31622776,1.186465,-0.22456512
LearnedNonlinear,Learned + Nonlinear RX,0.0,0.31622776,-0.94868326,0.3557547,-0.83995396
LearnedNonlinear,Learned + Nonlinear RX,0.0,0.31622776,0.31622776,0.23834077,0.13255075
LearnedNonlinear,Learned + Nonlinear RX,0.0,0.94868326,-0.94868326,0.83546126,-0.9540719
LearnedNonlinear,Learned + Nonlinear RX,0.0,-0.94868326,-0.94868326,-0.96237946,-0.8802677
LearnedNonlinear,Learned + Nonlinear RX,0.0,-0.94868326,-0.31622776,-0.98846585,-0.22708565
LearnedNonlinear,Learned + Nonlinear RX,0.0,0.31622776,0.94868326,0.38285485,0.9818469
LearnedNonlinear,Learned + Nonlinear RX,0.0,-0.94868326,0.31622776,-0.9261339,0.34535187
LearnedNonlinear,Learned + Nonlinear RX,0.0,0.31622776,0.94868326,0.24908468,0.9301778
LearnedNonlinear,Learned + Nonlinear RX,0.0,-0.31622776,-0.94868326,-0.3941295,-0.7822382
LearnedNonlinear,Learned + Nonlinear RX,0.0,0.31622776,-0.94868326,0.35597062,-0.98450464
LearnedNonlinear,Learned + Nonlinear RX,0.0,-0.31622776,0.31622776,-0.3824209,0.3756754
LearnedNonlinear,Learned + Nonlinear RX,0.0,0.94868326,-0.94868326,0.9954461,-0.9061088
LearnedNonlinear,Learned + Nonlinear RX,0.0,0.94868326,-0.94868326,0.9037044,-0.87356675
LearnedNonlinear,Learned + Nonlinear RX,0.0,0.31622776,-0.94868326,0.33827615,-0.9450779
LearnedNonlinear,Learned + Nonlinear RX,0.0,-0.94868326,-0.31622776,-0.8339358,-0.5021527
LearnedNonlinear,Learned + Nonlinear RX,0.0,0.94868326,-0.94868326,1.0061811,-0.8508984
LearnedNonlinear,Learned + Nonlinear RX,0.0,-0.31622776,-0.31622776,-0.31934452,-0.3155314
LearnedNonlinear,Learned + Nonlinear RX,0.0,-0.94868326,-0.94868326,-1.0149288,-1.130124
LearnedNonlinear,Learned + Nonlinear RX,0.0,0.31622776,0.31622776,0.33523244,0.12176156
LearnedNonlinear,Learned + Nonlinear RX,0.0,0.31622776,-0.31622776,0.30240232,-0.25232115
LearnedNonlinear,Learned + Nonlinear RX,0.0,0.94868326,-0.94868326,1.0027438,-1.0323914
LearnedNonlinear,Learned + Nonlinear RX,0.0,-0.31622776,0.94868326,-0.14144343,0.9892111
LearnedNonlinear,Learned + Nonlinear RX,0.0,0.94868326,0.31622776,0.8988341,0.386044
LearnedNonlinear,Learned + Nonlinear RX,0.0,0.94868326,-0.31622776,0.9458176,-0.24667297
LearnedNonlinear,Learned + Nonlinear RX,0.0,0.31622776,-0.94868326,0.24362001,-0.96600705
LearnedNonlinear,Learned + Nonlinear RX,0.0,0.94868326,0.94868326,0.9400696,0.87631863
LearnedNonlinear,Learned + Nonlinear RX,0.0,0.94868326,0.94868326,0.9934685,1.0673144
LearnedNonlinear,Learned + Nonlinear RX,0.0,0.94868326,0.31622776,0.98134756,0.3354019
LearnedNonlinear,Learned + Nonlinear RX,0.0,0.94868326,0.31622776,0.80848545,0.38795575
LearnedNonlinear,Learned + Nonlinear RX,0.0,-0.94868326,0.31622776,-0.94074726,0.34532854
LearnedNonlinear,Learned + Nonlinear RX,0.0,0.94868326,-0.31622776,0.98738354,-0.5356045
LearnedNonlinear,Learned + Nonlinear RX,0.0,-0.31622776,0.31622776,-0.429752,0.2613558
LearnedNonlinear,Learned + Nonlinear RX,0.0,-0.94868326,0.94868326,-1.0837727,0.88872737
LearnedNonlinear,Learned + Nonlinear RX,0.0,0.31622776,0.31622776,0.34996662,0.25214964
LearnedNonlinear,Learned + Nonlinear RX,0.0,-0.31622776,0.31622776,-0.17625451,0.39845777
LearnedNonlinear,Learned + Nonlinear RX,0.0,0.31622776,-0.31622776,0.11467845,-0.2834649
LearnedNonlinear,Learned + Nonlinear RX,0.0,0.94868326,0.31622776,0.9110654,0.4253435
LearnedNonlinear,Learned + Nonlinear RX,0.0,0.94868326,-0.31622776,0.9605725,-0.3492817
LearnedNonlinear,Learned + Nonlinear RX,0.0,0.31622776,0.94868326,0.32004485,0.91037476
LearnedNonlinear,Learned + Nonlinear RX,0.0,-0.31622776,-0.31622776,-0.3805417,-0.35596183
LearnedNonlinear,Learned + Nonlinear RX,0.0,0.31622776,0.94868326,0.39886707,1.0421216
LearnedNonlinear,Learned + Nonlinear RX,0.0,-0.94868326,0.31622776,-0.83920527,0.3505542
LearnedNonlinear,Learned + Nonlinear RX,0.0,0.31622776,0.94868326,0.28523147,0.9979029
LearnedNonlinear,Learned + Nonlinear RX,0.0,0.31622776,-0.31622776,0.61508834,-0.27817142
LearnedNonlinear,Learned + Nonlinear RX,0.0,0.31622776,0.31622776,0.34092957,0.27069926
LearnedNonlinear,Learned + Nonlinear RX,0.0,0.31622776,0.31622776,0.28182435,0.32243696
LearnedNonlinear,Learned + Nonlinear RX,0.0,-0.94868326,-0.31622776,-0.86369157,-0.30270225
LearnedNonlinear,Learned + Nonlinear RX,0.0,-0.31622776,-0.94868326,-0.15629086,-1.0281552
LearnedNonlinear,Learned + Nonlinear RX,0.0,-0.31622776,-0.31622776,-0.33650842,-0.29220235
LearnedNonlinear,Learned + Nonlinear RX,0.0,-0.94868326,0.94868326,-0.9130066,0.991333
LearnedNonlinear,Learned + Nonlinear RX,0.0,0.31622776,-0.94868326,0.17003204,-0.6932881
LearnedNonlinear,Learned + Nonlinear RX,0.0,0.94868326,0.94868326,0.8421797,0.90790683
LearnedNonlinear,Learned + Nonlinear RX,0.0,0.31622776,0.31622776,0.22985236,0.3474918
LearnedNonlinear,Learned + Nonlinear RX,0.0,0.94868326,-0.94868326,0.8992942,-0.7487704
LearnedNonlinear,Learned + Nonlinear RX,0.0,-0.31622776,0.31622776,-0.24170716,0.48040515
LearnedNonlinear,Learned + Nonlinear RX,0.0,0.94868326,0.94868326,0.8284655,1.0191275
LearnedNonlinear,Learned + Nonlinear RX,0.0,0.94868326,-0.94868326,0.8842673,-1.0165122
LearnedNonlinear,Learned + Nonlinear RX,0.0,0.94868326,-0.31622776,0.8798328,-0.29488602
LearnedNonlinear,Learned + Nonlinear RX,0.0,0.94868326,0.31622776,0.91815,0.21057704
LearnedNonlinear,Learned + Nonlinear RX,0.0,-0.94868326,0.94868326,-0.8510055,0.99402213
LearnedNonlinear,Learned + Nonlinear RX,0.0,-0.31622776,-0.94868326,-0.5242345,-0.98321676
LearnedNonlinear,Learned + Nonlinear RX,0.0,-0.31622776,-0.94868326,-0.37299237,-1.0971676
LearnedNonlinear,Learned + Nonlinear RX,0.0,-0.31622776,-0.31622776,-0.490236,-0.51912296
LearnedNonlinear,Learned + Nonlinear RX,0.0,0.94868326,-0.94868326,0.8862929,-0.99713814
LearnedNonlinear,Learned + Nonlinear RX,0.0,0.31622776,-0.94868326,0.41272756,-0.9019731
LearnedNonlinear,Learned + Nonlinear RX,0.0,-0.31622776,0.94868326,-0.33418426,0.9765095
LearnedNonlinear,Learned + Nonlinear RX,0.0,-0.94868326,0.94868326,-1.0661534,0.75593066
LearnedNonlinear,Learned + Nonlinear RX,0.0,-0.94868326,0.31622776,-1.0492766,0.2977122
LearnedNonlinear,Learned + Nonlinear RX,0.0,-0.94868326,0.31622776,-0.8218816,0.38314268
LearnedNonlinear,Learned + Nonlinear RX,0.0,0.31622776,-0.31622776,0.053220477,-0.27040195
LearnedNonlinear,Learned + Nonlinear RX,0.0,-0.94868326,-0.94868326,-0.86960787,-0.92420477
LearnedNonlinear,Learned + Nonlinear RX,0.0,0.31622776,0.94868326,0.33114594,1.103827
LearnedNonlinear,Learned + Nonlinear RX,0.0,-0.94868326,0.94868326,-0.8986592,0.9947315
LearnedNonlinear,Learned + Nonlinear RX,0.0,0.31622776,-0.31622776,0.31330547,-0.26875415
LearnedNonlinear,Learned + Nonlinear RX,0.0,0.94868326,0.94868326,0.89766455,0.9004867
LearnedNonlinear,Learned + Nonlinear RX,0.0,0.94868326,0.94868326,0.93417835,0.9113834
LearnedNonlinear,Learned + Nonlinear RX,0.0,-0.94868326,-0.31622776,-0.9806541,-0.30595374
LearnedNonlinear,Learned + Nonlinear RX,0.0,-0.94868326,0.31622776,-0.9484902,0.3987351
LearnedNonlinear,Learned + Nonlinear RX,0.0,-0.31622776,-0.31622776,-0.31477672,-0.23399141
LearnedNonlinear,Learned + Nonlinear RX,0.0,-0.94868326,-0.94868326,-0.984228,-1.0779647
LearnedNonlinear,Learned + Nonlinear RX,0.0,-0.94868326,0.31622776,-0.96545815,0.38670042
LearnedNonlinear,Learned + Nonlinear RX,0.0,-0.31622776,0.31622776,-0.19981545,0.24485852
LearnedNonlinear,Learned + Nonlinear RX,0.0,0.31622776,-0.94868326,0.24486984,-0.9427009
LearnedNonlinear,Learned + Nonlinear RX,0.0,0.31622776,0.31622776,0.1602443,0.22612484
LearnedNonlinear,Learned + Nonlinear RX,0.0,0.94868326,0.94868326,0.7941885,0.9308904
LearnedNonlinear,Learned + Nonlinear RX,0.0,-0.31622776,0.31622776,-0.12033021,0.161777
LearnedNonlinear,Learned + Nonlinear RX,0.0,-0.94868326,0.31622776,-0.90132844,0.2778481
LearnedNonlinear,Learned + Nonlinear RX,0.0,-0.31622776,-0.94868326,-0.387079,-1.0500648
LearnedNonlinear,Learned + Nonlinear RX,0.0,-0.31622776,0.31622776,-0.3290182,0.22169848
LearnedNonlinear,Learned + Nonlinear RX,0.0,-0.31622776,-0.31622776,-0.37499556,-0.3780049
LearnedNonlinear,Learned + Nonlinear RX,0.0,-0.94868326,-0.31622776,-0.9071171,-0.29705724
LearnedNonlinear,Learned + Nonlinear RX,0.0,0.31622776,0.94868326,0.20400102,0.9148522
LearnedNonlinear,Learned + Nonlinear RX,0.0,0.94868326,-0.31622776,1.032193,-0.26885378
LearnedNonlinear,Learned + Nonlinear RX,0.0,-0.94868326,-0.31622776,-0.93505716,-0.23644708
LearnedNonlinear,Learned + Nonlinear RX,0.0,0.94868326,0.31622776,1.0125378,0.2513701
LearnedNonlinear,Learned + Nonlinear RX,0.0,0.31622776,0.31622776,0.37918168,0.33130288
LearnedNonlinear,Learned + Nonlinear RX,0.0,-0.94868326,0.31622776,-0.8041352,0.3411491
LearnedNonlinear,Learned + Nonlinear RX,0.0,-0.31622776,0.31622776,-0.31079364,0.30653623
LearnedNonlinear,Learned + Nonlinear RX,0.0,-0.94868326,-0.94868326,-0.6919968,-0.8924885
LearnedNonlinear,Learned + Nonlinear RX,0.0,0.94868326,-0.94868326,0.9607551,-0.8751567
LearnedNonlinear,Learned + Nonlinear RX,0.0,0.31622776,-0.31622776,0.34548482,-0.5371552
LearnedNonlinear,Learned + Nonlinear RX,0.0,0.94868326,0.94868326,1.0204653,1.0679432
LearnedNonlinear,Learned + Nonlinear RX,0.0,-0.94868326,0.31622776,-0.8694849,0.21860358
LearnedNonlinear,Learned + Nonlinear RX,0.0,-0.31622776,-0.31622776,-0.38557914,-0.23461534
LearnedNonlinear,Learned + Nonlinear RX,0.0,-0.94868326,0.94868326,-0.9062674,0.8592076
LearnedNonlinear,Learned + Nonlinear RX,0.0,0.94868326,-0.31622776,1.072339,-0.3007829
LearnedNonlinear,Learned + Nonlinear RX,0.0,0.31622776,0.94868326,0.24827176,1.0317457
LearnedNonlinear,Learned + Nonlinear RX,0.0,-0.94868326,-0.94868326,-1.0282936,-1.0386405
LearnedNonlinear,Learned + Nonlinear RX,0.0,-0.31622776,-0.94868326,-0.19554603,-0.8290117
LearnedNonlinear,Learned + Nonlinear RX,0.0,0.94868326,-0.31622776,0.89747584,-0.40330938
LearnedNonlinear,Learned + Nonlinear RX,0.0,0.31622776,-0.94868326,0.2710139,-0.87443674
LearnedNonlinear,Learned + Nonlinear RX,0.0,0.31622776,-0.31622776,0.19194546,-0.2147651
LearnedNonlinear,Learned + Nonlinear RX,0.0,-0.94868326,-0.94868326,-1.0054363,-1.0125872
LearnedNonlinear,Learned + Nonlinear RX,0.0,0.31622776,0.94868326,0.21150765,0.7963047
LearnedNonlinear,Learned + Nonlinear RX,0.0,-0.94868326,0.31622776,-1.0360806,0.21103176
LearnedNonlinear,Learned + Nonlinear RX,0.0,-0.31622776,-0.31622776,-0.12550053,-0.20356119
LearnedNonlinear,Learned + Nonlinear RX,0.0,-0.31622776,-0.31622776,-0.37937167,-0.43122813
LearnedNonlinear,Learned + Nonlinear RX,0.0,-0.94868326,0.31622776,-0.9548399,0.34157687
LearnedNonlinear,Learned + Nonlinear RX,0.0,-0.94868326,-0.94868326,-0.98389494,-0.94720477
LearnedNonlinear,Learned + Nonlinear RX,0.0,0.94868326,0.31622776,0.88373023,0.39693266
LearnedNonlinear,Learned + Nonlinear RX,0.0,-0.94868326,0.94868326,-0.9226473,1.0384083
LearnedNonlinear,Learned + Nonlinear RX,0.0,0.31622776,-0.31622776,0.28981632,-0.2911888
LearnedNonlinear,Learned + Nonlinear RX,0.0,0.94868326,0.31622776,0.8992741,0.38768715
LearnedNonlinear,Learned + Nonlinear RX,0.0,-0.31622776,0.31622776,-0.40590927,0.2836756
LearnedNonlinear,Learned + Nonlinear RX,0.0,0.31622776,0.94868326,0.4296311,0.9632227
LearnedNonlinear,Learned + Nonlinear RX,0.0,-0.31622776,-0.94868326,-0.23006213,-1.1181891
LearnedNonlinear,Learned + Nonlinear RX,0.0,-0.31622776,0.31622776,-0.38529572,0.20152038
LearnedNonlinear,Learned + Nonlinear RX,0.0,-0.31622776,0.31622776,-0.3853508,0.2379784
LearnedNonlinear,Learned + Nonlinear RX,0.0,-0.31622776,-0.31622776,-0.3856476,-0.4379426
LearnedNonlinear,Learned + Nonlinear RX,0.0,0.31622776,0.31622776,0.18500213,0.25033414
LearnedNonlinear,Learned + Nonlinear RX,0.0,0.31622776,0.94868326,0.16779764,0.9913283
LearnedNonlinear,Learned + Nonlinear RX,0.0,0.31622776,0.94868326,0.0983519,0.9139985
LearnedNonlinear,Learned + Nonlinear RX,0.0,0.94868326,-0.31622776,0.9414189,-0.251346
LearnedNonlinear,Learned + Nonlinear RX,0.0,-0.94868326,0.94868326,-0.8033712,0.8666758
LearnedNonlinear,Learned + Nonlinear RX,0.0,-0.94868326,-0.31622776,-0.9032311,-0.38238496
LearnedNonlinear,Learned + Nonlinear RX,0.0,0.94868326,0.31622776,0.9495225,0.35315084
LearnedNonlinear,Learned + Nonlinear RX,0.0,0.94868326,0.31622776,0.81816596,0.31439555
LearnedNonlinear,Learned + Nonlinear RX,0.0,-0.94868326,0.94868326,-0.8742586,0.91511387
LearnedNonlinear,Learned + Nonlinear RX,0.0,-0.31622776,0.94868326,-0.23400347,0.98109967
LearnedNonlinear,Learned + Nonlinear RX,0.0,-0.31622776,-0.94868326,-0.34499592,-1.0360812
LearnedNonlinear,Learned + Nonlinear RX,0.0,0.94868326,0.31622776,0.9341785,0.28910127
LearnedNonlinear,Learned + Nonlinear RX,0.0,0.94868326,-0.94868326,0.9743351,-0.7867432
LearnedNonlinear,Learned + Nonlinear RX,0.0,-0.31622776,-0.94868326,-0.24237041,-1.0319467
LearnedNonlinear,Learned + Nonlinear RX,0.0,-0.94868326,0.31622776,-0.9840792,0.3346707
LearnedNonlinear,Learned + Nonlinear RX,0.0,-0.94868326,0.94868326,-1.0974065,1.0066911
LearnedNonlinear,Learned + Nonlinear RX,0.0,-0.31622776,0.31622776,-0.23928069,0.44673982
LearnedNonlinear,Learned + Nonlinear RX,0.0,-0.31622776,0.31622776,-0.18030302,0.24628118
LearnedNonlinear,Learned + Nonlinear RX,0.0,0.31622776,0.31622776,0.25211906,0.44916698
LearnedNonlinear,Learned + Nonlinear RX,0.0,0.94868326,-0.31622776,0.88453144,-0.15467046
LearnedNonlinear,Learned + Nonlinear RX,0.0,-0.31622776,0.94868326,-0.45687193,1.0793804
LearnedNonlinear,Learned + Nonlinear RX,0.0,0.31622776,-0.31622776,0.205504,-0.3659444
LearnedNonlinear,Learned + Nonlinear RX,0.0,0.31622776,0.31622776,0.5029987,0.27542338
LearnedNonlinear,Learned + Nonlinear RX,0.0,0.94868326,-0.31622776,0.9415792,-0.26618347
LearnedNonlinear,Learned + Nonlinear RX,0.0,-0.31622776,-0.94868326,-0.3076434,-1.0798016
LearnedNonlinear,Learned + Nonlinear RX,0.0,-0.94868326,0.94868326,-0.9132769,1.1373421
LearnedNonlinear,Learned + Nonlinear RX,0.0,0.31622776,0.94868326,0.2225371,1.1108469
LearnedNonlinear,Learned + Nonlinear RX,0.0,0.31622776,-0.94868326,0.37673083,-0.9166291
LearnedNonlinear,Learned + Nonlinear RX,0.0,-0.31622776,-0.31622776,-0.41124544,-0.46620145
LearnedNonlinear,Learned + Nonlinear RX,0.0,0.31622776,0.94868326,0.3417684,0.96593076
LearnedNonlinear,Learned + Nonlinear RX,0.0,-0.94868326,-0.31622776,-0.90485215,-0.44022304
LearnedNonlinear,Learned + Nonlinear RX,0.0,0.31622776,0.94868326,0.30279288,1.0052645
LearnedNonlinear,Learned + Nonlinear RX,0.0,-0.31622776,-0.31622776,-0.25493985,-0.5085588
LearnedNonlinear,Learned + Nonlinear RX,0.0,0.94868326,0.94868326,1.0104274,0.9690349
LearnedNonlinear,Learned + Nonlinear RX,0.0,-0.31622776,0.31622776,-0.26041606,0.20968914
LearnedNonlinear,Learned + Nonlinear RX,0.0,-0.31622776,0.94868326,-0.1853473,0.9310286
LearnedNonlinear,Learned + Nonlinear RX,0.0,0.94868326,-0.94868326,0.9976714,-0.9425335
LearnedNonlinear,Learned + Nonlinear RX,0.0,0.31622776,-0.31622776,0.33732158,-0.3728447
LearnedNonlinear,Learned + Nonlinear RX,0.0,0.94868326,-0.94868326,0.9470923,-1.08454
LearnedNonlinear,Learned + Nonlinear RX,0.0,-0.31622776,0.31622776,-0.24711649,0.29302517
LearnedNonlinear,Learned + Nonlinear RX,0.0,0.94868326,0.31622776,0.9499148,0.25522393
LearnedNonlinear,Learned + Nonlinear RX,0.0,-0.31622776,0.94868326,-0.27313617,0.9924549
LearnedNonlinear,Learned + Nonlinear RX,0.0,0.31622776,0.94868326,0.44673756,1.174072
LearnedNonlinear,Learned + Nonlinear RX,0.0,-0.31622776,-0.94868326,-0.3308397,-0.9345845
LearnedNonlinear,Learned + Nonlinear RX,0.0,0.94868326,0.94868326,1.180707,1.001394
LearnedNonlinear,Learned + Nonlinear RX,0.0,0.31622776,-0.31622776,0.39721742,-0.3896535
LearnedNonlinear,Learned + Nonlinear RX,0.0,0.94868326,-0.94868326,0.8946158,-1.0134164
LearnedNonlinear,Learned + Nonlinear RX,0.0,0.94868326,-0.31622776,0.9566691,-0.3781552
LearnedNonlinear,Learned + Nonlinear RX,0.0,-0.31622776,0.31622776,-0.37998956,0.43651885
LearnedNonlinear,Learned + Nonlinear RX,0.0,0.31622776,-0.31622776,0.3141476,-0.3110288
LearnedNonlinear,Learned + Nonlinear RX,0.0,-0.31622776,0.31622776,-0.3256344,0.22799
LearnedNonlinear,Learned + Nonlinear RX,0.0,-0.31622776,0.31622776,-0.3756196,0.1889157
LearnedNonlinear,Learned + Nonlinear RX,0.0,0.31622776,-0.94868326,0.16114785,-0.94982827
LearnedNonlinear,Learned + Nonlinear RX,0.0,-0.31622776,0.31622776,-0.36803386,0.26324224
LearnedNonlinear,Learned + Nonlinear RX,0.0,-0.94868326,0.31622776,-0.83783525,0.51366425
LearnedNonlinear,Learned + Nonlinear RX,0.0,-0.31622776,-0.31622776,-0.34448054,-0.2648024
LearnedNonlinear,Learned + Nonlinear RX,0.0,0.94868326,0.94868326,0.79489046,0.82115304
LearnedNonlinear,Learned + Nonlinear RX,0.0,-0.94868326,-0.31622776,-0.8126657,-0.30583447
LearnedNonlinear,Learned + Nonlinear RX,0.0,0.31622776,0.31622776,0.312004,0.34608465
LearnedNonlinear,Learned + Nonlinear RX,0.0,0.31622776,-0.31622776,0.3248373,-0.38266388
LearnedNonlinear,Learned + Nonlinear RX,0.0,-0.94868326,-0.94868326,-1.0216223,-0.85426396
LearnedNonlinear,Learned + Nonlinear RX,0.0,-0.94868326,0.31622776,-1.1283066,0.30522132
LearnedNonlinear,Learned + Nonlinear RX,0.0,-0.94868326,-0.31622776,-0.8294755,-0.2657352
LearnedNonlinear,Learned + Nonlinear RX,0.0,-0.94868326,0.94868326,-0.9181175,0.9888958
LearnedNonlinear,Learned + Nonlinear RX,0.0,0.31622776,-0.31622776,0.22633177,-0.18467966
LearnedNonlinear,Learned + Nonlinear RX,0.0,-0.94868326,0.94868326,-0.89784753,0.87656677
LearnedNonlinear,Learned + Nonlinear RX,0.0,-0.31622776,0.94868326,-0.21402341,0.90522087
LearnedNonlinear,Learned + Nonlinear RX,0.0,0.31622776,0.31622776,0.22072124,0.3233281
LearnedNonlinear,Learned + Nonlinear RX,0.0,-0.31622776,-0.31622776,-0.44920203,-0.33542
LearnedNonlinear,Learned + Nonlinear RX,0.0,-0.31622776,0.94868326,-0.19944811,1.0695351
LearnedNonlinear,Learned + Nonlinear RX,0.0,-0.94868326,0.31622776,-0.89010894,0.18213113
LearnedNonlinear,Learned + Nonlinear RX,0.0,-0.94868326,-0.31622776,-0.8742895,-0.4514094
LearnedNonlinear,Learned + Nonlinear RX,0.0,-0.31622776,0.94868326,-0.24446552,1.0695229
LearnedNonlinear,Learned + Nonlinear RX,0.0,-0.31622776,-0.94868326,-0.28013104,-0.8559608
LearnedNonlinear,Learned + Nonlinear RX,0.0,0.94868326,-0.31622776,0.94386965,-0.49653423
LearnedNonlinear,Learned + Nonlinear RX,0.0,0.31622776,0.31622776,0.3729451,0.30166754
LearnedNonlinear,Learned + Nonlinear RX,0.0,0.94868326,0.94868326,0.8125166,0.83854055
LearnedNonlinear,Learned + Nonlinear RX,0.0,-0.94868326,0.94868326,-0.96105874,0.81058246
LearnedNonlinear,Learned + Nonlinear RX,0.0,-0.94868326,0.94868326,-0.9258347,0.9374485
LearnedNonlinear,Learned + Nonlinear RX,0.0,0.94868326,0.94868326,1.0736557,0.83483213
LearnedNonlinear,Learned + Nonlinear RX,0.0,-0.31622776,0.31622776,-0.26325205,0.24433386
LearnedNonlinear,Learned + Nonlinear RX,0.0,0.94868326,0.31622776,0.9180738,0.24583507
LearnedNonlinear,Learned + Nonlinear RX,0.0,-0.31622776,-0.31622776,-0.2000579,-0.2817229
LearnedNonlinear,Learned + Nonlinear RX,0.0,0.94868326,-0.31622776,0.87592924,-0.40321344
LearnedNonlinear,Learned + Nonlinear RX,0.0,0.31622776,0.31622776,0.13014698,0.28540877
LearnedNonlinear,Learned + Nonlinear RX,0.0,0.31622776,-0.31622776,0.39257723,-0.19093183
LearnedNonlinear,Learned + Nonlinear RX,0.0,-0.94868326,-0.94868326,-0.9262075,-0.95461464
LearnedNonlinear,Learned + Nonlinear RX,0.0,-0.31622776,0.31622776,-0.31839004,0.42659193
LearnedNonlinear,Learned + Nonlinear RX,0.0,-0.31622776,0.94868326,-0.4271132,0.95814586
LearnedNonlinear,Learned + Nonlinear RX,0.0,0.94868326,0.31622776,0.96905386,0.19573304
LearnedNonlinear,Learned + Nonlinear RX,0.0,-0.94868326,-0.94868326,-1.1410022,-0.78874373
LearnedNonlinear,Learned + Nonlinear RX,0.0,0.31622776,-0.31622776,0.30763844,-0.25479624
LearnedNonlinear,Learned + Nonlinear RX,0.0,0.94868326,-0.94868326,0.80239207,-0.799478
LearnedNonlinear,Learned + Nonlinear RX,0.0,-0.94868326,-0.31622776,-0.95932245,-0.24581124
LearnedNonlinear,Learned + Nonlinear RX,0.0,-0.94868326,-0.31622776,-0.8563301,-0.35605296
LearnedNonlinear,Learned + Nonlinear RX,0.0,-0.94868326,-0.94868326,-0.8933418,-1.0850824
LearnedNonlinear,Learned + Nonlinear RX,0.0,-0.31622776,0.94868326,-0.4248703,0.7829943
LearnedNonlinear,Learned + Nonlinear RX,0.0,0.31622776,-0.31622776,0.25106418,-0.3776492
LearnedNonlinear,Learned + Nonlinear RX,0.0,-0.31622776,0.94868326,-0.24064709,0.8121768
LearnedNonlinear,Learned + Nonlinear RX,0.0,0.94868326,0.94868326,0.96739334,0.9907546
LearnedNonlinear,Learned + Nonlinear RX,0.0,0.94868326,-0.31622776,0.9109016,-0.42745966
LearnedNonlinear,Learned + Nonlinear RX,0.0,-0.31622776,0.31622776,-0.42167234,0.43494415
LearnedNonlinear,Learned + Nonlinear RX,0.0,0.94868326,0.31622776,1.102533,0.47865653
LearnedNonlinear,Learned + Nonlinear RX,0.0,-0.31622776,0.94868326,-0.38162827,1.0041722
LearnedNonlinear,Learned + Nonlinear RX,0.0,-0.31622776,0.94868326,-0.19329152,0.83243763
LearnedNonlinear,Learned + Nonlinear RX,0.0,-0.94868326,-0.94868326,-0.82049984,-0.79772013
LearnedNonlinear,Learned + Nonlinear RX,0.0,0.94868326,-0.94868326,0.7865128,-0.90308017
LearnedNonlinear,Learned + Nonlinear RX,0.0,0.31622776,-0.94868326,0.14719914,-0.84008217
LearnedNonlinear,Learned + Nonlinear RX,0.0,0.94868326,-0.31622776,1.1184447,-0.35778695
LearnedNonlinear,Learned + Nonlinear RX,0.0,0.31622776,0.94868326,0.34802067,0.91335577
LearnedNonlinear,Learned + Nonlinear RX,0.0,0.94868326,0.94868326,0.9669232,1.0269691
LearnedNonlinear,Learned + Nonlinear RX,0.0,-0.31622776,-0.94868326,-0.22859469,-0.9902745
LearnedNonlinear,Learned + Nonlinear RX,0.0,-0.94868326,-0.94868326,-1.1689233,-0.82388407
LearnedNonlinear,Learned + Nonlinear RX,0.0,-0.31622776,-0.31622776,-0.26987368,-0.10649328
LearnedNonlinear,Learned + Nonlinear RX,0.0,0.94868326,0.31622776,0.83945245,0.15690336
LearnedNonlinear,Learned + Nonlinear RX,0.0,-0.31622776,0.94868326,-0.4398724,1.0543594
LearnedNonlinear,Learned + Nonlinear RX,0.0,0.94868326,0.94868326,0.9311506,0.847002
LearnedNonlinear,Learned + Nonlinear RX,0.0,-0.94868326,0.94868326,-0.9738938,0.95363826
LearnedNonlinear,Learned + Nonlinear RX,0.0,0.31622776,-0.94868326,0.23970596,-0.9340041
LearnedNonlinear,Learned + Nonlinear RX,0.0,0.31622776,0.94868326,0.24197933,1.1591638
LearnedNonlinear,Learned + Nonlinear RX,0.0,-0.31622776,-0.31622776,-0.4734983,-0.23497495
LearnedNonlinear,Learned + Nonlinear RX,0.0,0.31622776,0.31622776,0.42843595,0.19732755
LearnedNonlinear,Learned + Nonlinear RX,0.0,-0.31622776,0.94868326,-0.2583617,0.8765669
LearnedNonlinear,Learned + Nonlinear RX,0.0,-0.94868326,0.94868326,-0.8491194,1.1060423
LearnedNonlinear,Learned + Nonlinear RX,0.0,0.31622776,0.31622776,0.14459595,0.38016018
LearnedNonlinear,Learned + Nonlinear RX,0.0,-0.31622776,-0.94868326,-0.4386879,-0.86782926
LearnedNonlinear,Learned + Nonlinear RX,0.0,0.94868326,0.31622776,0.99481887,0.31903583
LearnedNonlinear,Learned + Nonlinear RX,0.0,-0.94868326,-0.94868326,-1.0009046,-0.9569705
LearnedNonlinear,Learned + Nonlinear RX,0.0,-0.31622776,0.94868326,-0.15659505,0.8517714
LearnedNonlinear,Learned + Nonlinear RX,0.0,-0.94868326,-0.31622776,-0.94710124,-0.39880586
LearnedNonlinear,Learned + Nonlinear RX,0.0,-0.31622776,-0.94868326,-0.042013753,-0.9413557
LearnedNonlinear,Learned + Nonlinear RX,0.0,0.31622776,-0.94868326,0.35758334,-0.8105258
LearnedNonlinear,Learned + Nonlinear RX,0.0,0.31622776,-0.31622776,0.2749066,-0.46468276
LearnedNonlinear,Learned + Nonlinear RX,0.0,0.31622776,-0.94868326,0.32673332,-1.0556304
LearnedNonlinear,Learned + Nonlinear RX,0.0,-0.31622776,0.94868326,-0.18751538,1.0240089
LearnedNonlinear,Learned + Nonlinear RX,0.0,-0.94868326,-0.31622776,-0.8540464,-0.31804678
LearnedNonlinear,Learned + Nonlinear RX,0.0,0.94868326,0.94868326,0.95580447,1.0321099
LearnedNonlinear,Learned + Nonlinear RX,0.0,0.31622776,-0.31622776,0.42211226,-0.27502084
LearnedNonlinear,Learned + Nonlinear RX,0.0,-0.94868326,-0.31622776,-1.0923276,-0.32920098
LearnedNonlinear,Learned + Nonlinear RX,0.0,-0.31622776,0.94868326,-0.41087383,0.8658345
LearnedNonlinear,Learned + Nonlinear RX,0.0,-0.31622776,-0.31622776,-0.3882172,-0.3675991
LearnedNonlinear,Learned + Nonlinear RX,0.0,-0.94868326,0.94868326,-0.87969893,0.9369465
LearnedNonlinear,Learned + Nonlinear RX,0.0,-0.94868326,0.94868326,-0.91023093,1.0284388
LearnedNonlinear,Learned + Nonlinear RX,0.0,0.94868326,0.94868326,0.87490934,1.0613828
LearnedNonlinear,Learned + Nonlinear RX,0.0,0.94868326,-0.31622776,0.98749804,-0.30344886
LearnedNonlinear,Learned + Nonlinear RX,0.0,0.31622776,-0.31622776,0.19016676,-0.20830043
LearnedNonlinear,Learned + Nonlinear RX,0.0,-0.31622776,-0.94868326,-0.06444617,-0.8277821
LearnedNonlinear,Learned + Nonlinear RX,0.0,0.31622776,-0.31622776,0.20704567,-0.30847853
LearnedNonlinear,Learned + Nonlinear RX,0.0,0.31622776,0.31622776,0.2480466,0.2929454
LearnedNonlinear,Learned + Nonlinear RX,0.0,0.31622776,0.94868326,0.2090612,0.80733246
LearnedNonlinear,Learned + Nonlinear RX,0.0,-0.31622776,0.94868326,-0.32600772,0.9268693
LearnedNonlinear,Learned + Nonlinear RX,0.0,0.31622776,0.31622776,0.54857063,0.33292305
LearnedNonlinear,Learned + Nonlinear RX,0.0,-0.31622776,0.31622776,-0.33707976,0.3222916
LearnedNonlinear,Learned + Nonlinear RX,0.0,0.94868326,-0.31622776,1.0003657,-0.2888778
LearnedNonlinear,Learned + Nonlinear RX,0.0,0.94868326,-0.94868326,0.7911,-0.7608831
LearnedNonlinear,Learned + Nonlinear RX,0.0,0.31622776,-0.94868326,0.21718463,-0.9038478
LearnedNonlinear,Learned + Nonlinear RX,0.0,-0.94868326,-0.31622776,-0.9877353,-0.30361465
LearnedNonlinear,Learned + Nonlinear RX,0.0,-0.94868326,0.94868326,-0.84260297,0.9706795
LearnedNonlinear,Learned + Nonlinear RX,0.0,0.31622776,0.94868326,0.43219304,0.9481039
LearnedNonlinear,Learned + Nonlinear RX,0.0,0.94868326,0.94868326,0.79502946,0.9754236
LearnedNonlinear,Learned + Nonlinear RX,0.0,0.94868326,0.31622776,0.98338217,0.4719058
LearnedNonlinear,Learned + Nonlinear RX,0.0,0.94868326,0.31622776,0.9819912,0.44493216
LearnedNonlinear,Learned + Nonlinear RX,0.0,-0.94868326,0.31622776,-0.83816016,0.22699733
LearnedNonlinear,Learned + Nonlinear RX,0.0,-0.94868326,-0.94868326,-0.77927643,-0.9428404
LearnedNonlinear,Learned + Nonlinear RX,0.0,0.94868326,0.94868326,0.9576201,0.8898594
LearnedNonlinear,Learned + Nonlinear RX,0.0,0.31622776,-0.31622776,0.3341935,-0.31972122
LearnedNonlinear,Learned + Nonlinear RX,0.0,-0.31622776,0.31622776,-0.20288919,0.45275107
LearnedNonlinear,Learned + Nonlinear RX,0.0,-0.94868326,0.31622776,-1.050976,0.3489715
LearnedNonlinear,Learned + Nonlinear RX,0.0,0.94868326,0.94868326,0.90541714,0.91583306
LearnedNonlinear,Learned + Nonlinear RX,0.0,-0.31622776,0.31622776,-0.2690002,0.41729647
LearnedNonlinear,Learned + Nonlinear RX,0.0,0.31622776,0.31622776,0.32098967,0.34149066
LearnedNonlinear,Learned + Nonlinear RX,0.0,-0.31622776,-0.31622776,-0.325115,-0.2599356
LearnedNonlinear,Learned + Nonlinear RX,0.0,0.31622776,0.94868326,0.43806964,0.8822145
LearnedNonlinear,Learned + Nonlinear RX,0.0,-0.31622776,-0.94868326,-0.25032255,-0.9213373
LearnedNonlinear,Learned + Nonlinear RX,0.0,-0.94868326,-0.94868326,-0.80938137,-1.05078
LearnedNonlinear,Learned + Nonlinear RX,0.0,-0.94868326,0.31622776,-0.8726974,0.26616776
LearnedNonlinear,Learned + Nonlinear RX,0.0,0.31622776,0.31622776,0.44441774,0.25638333
LearnedNonlinear,Learned + Nonlinear RX,0.0,0.31622776,0.31622776,0.3747232,0.22057144
LearnedNonlinear,Learned + Nonlinear RX,0.0,0.94868326,0.94868326,0.92085713,0.91878355
LearnedNonlinear,Learned + Nonlinear RX,0.0,-0.31622776,0.94868326,-0.29853693,0.887204
LearnedNonlinear,Learned + Nonlinear RX,0.0,-0.31622776,0.94868326,-0.29962546,1.0036732
LearnedNonlinear,Learned + Nonlinear RX,0.0,0.31622776,-0.31622776,0.30262145,-0.1639996
LearnedNonlinear,Learned + Nonlinear RX,0.0,-0.31622776,-0.94868326,-0.2437164,-1.0643718
LearnedNonlinear,Learned + Nonlinear RX,0.0,0.94868326,-0.94868326,1.0885118,-0.98861915
LearnedNonlinear,Learned + Nonlinear RX,0.0,-0.94868326,0.31622776,-0.79442585,0.21980835
LearnedNonlinear,Learned + Nonlinear RX,0.0,0.31622776,-0.94868326,0.3347771,-0.90080225
LearnedNonlinear,Learned + Nonlinear RX,0.0,-0.31622776,0.94868326,-0.19579878,0.99584615
LearnedNonlinear,Learned + Nonlinear RX,0.0,-0.94868326,-0.94868326,-1.007646,-0.8944172
LearnedNonlinear,Learned + Nonlinear RX,0.0,-0.31622776,0.31622776,-0.38582817,0.3089661
LearnedNonlinear,Learned + Nonlinear RX,0.0,0.31622776,0.94868326,0.18467647,0.97291267
LearnedNonlinear,Learned + Nonlinear RX,0.0,-0.31622776,0.94868326,-0.5376723,0.84653836
LearnedNonlinear,Learned + Nonlinear RX,0.0,-0.94868326,0.94868326,-0.9803864,1.0242639
LearnedNonlinear,Learned + Nonlinear RX,0.0,0.31622776,0.31622776,0.37468162,0.3716192
LearnedNonlinear,Learned + Nonlinear RX,0.0,-0.31622776,0.31622776,-0.2346001,0.40352836
LearnedNonlinear,Learned + Nonlinear RX,0.0,0.94868326,0.31622776,0.9123252,0.3576795
LearnedNonlinear,Learned + Nonlinear RX,0.0,-0.31622776,-0.31622776,-0.13179965,-0.34198213
LearnedNonlinear,Learned + Nonlinear RX,0.0,-0.94868326,0.94868326,-0.97025925,0.9897972
LearnedNonlinear,Learned + Nonlinear RX,0.0,-0.94868326,-0.31622776,-0.8787141,-0.2888575
LearnedNonlinear,Learned + Nonlinear RX,0.0,-0.31622776,0.94868326,-0.2289002,0.94717747
LearnedNonlinear,Learned + Nonlinear RX,0.0,-0.31622776,-0.94868326,-0.23692207,-0.8121779
LearnedNonlinear,Learned + Nonlinear RX,0.0,-0.31622776,-0.31622776,-0.12392937,-0.21099213
LearnedNonlinear,Learned + Nonlinear RX,0.0,-0.31622776,-0.31622776,-0.2485947,-0.45088023
LearnedNonlinear,Learned + Nonlinear RX,0.0,0.94868326,-0.94868326,0.9132656,-0.86901593
LearnedNonlinear,Learned + Nonlinear RX,0.0,-0.31622776,-0.94868326,-0.23489997,-0.9575205
LearnedNonlinear,Learned + Nonlinear RX,0.0,0.94868326,0.31622776,0.8086307,0.30110514
LearnedNonlinear,Learned + Nonlinear RX,0.0,-0.94868326,-0.31622776,-0.9402452,-0.38987926
LearnedNonlinear,Learned + Nonlinear RX,0.0,0.31622776,-0.94868326,0.37681738,-0.9737623
LearnedNonlinear,Learned + Nonlinear RX,0.0,0.94868326,0.94868326,0.95572495,1.0231632
LearnedNonlinear,Learned + Nonlinear RX,0.0,-0.31622776,0.94868326,-0.31269693,0.9669979
LearnedNonlinear,Learned + Nonlinear RX,0.0,-0.31622776,-0.31622776,-0.27503145,-0.20026255
LearnedNonlinear,Learned + Nonlinear RX,0.0,0.31622776,0.31622776,0.28333843,0.4071395
LearnedNonlinear,Learned + Nonlinear RX,0.0,-0.94868326,0.94868326,-1.0139146,0.87907463
LearnedNonlinear,Learned + Nonlinear RX,0.0,0.94868326,-0.31622776,0.9200778,-0.30827233
LearnedNonlinear,Learned + Nonlinear RX,0.0,0.31622776,0.31622776,0.17126729,0.3092691
LearnedNonlinear,Learned + Nonlinear RX,0.0,0.31622776,-0.94868326,0.19757713,-0.7506296
LearnedNonlinear,Learned + Nonlinear RX,0.0,0.94868326,-0.31622776,0.96656704,-0.390432
LearnedNonlinear,Learned + Nonlinear RX,0.0,0.94868326,0.31622776,0.8986743,0.22316542
LearnedNonlinear,Learned + Nonlinear RX,0.0,-0.94868326,-0.31622776,-0.8953715,-0.24270621
LearnedNonlinear,Learned + Nonlinear RX,0.0,0.94868326,-0.94868326,0.8696808,-1.077983
LearnedNonlinear,Learned + Nonlinear RX,0.0,-0.94868326,-0.31622776,-0.8320633,-0.41954517
LearnedNonlinear,Learned + Nonlinear RX,0.0,-0.94868326,0.31622776,-0.9345713,0.25213626
LearnedNonlinear,Learned + Nonlinear RX,0.0,0.94868326,0.94868326,0.89847785,0.9722807
LearnedNonlinear,Learned + Nonlinear RX,0.0,-0.94868326,0.31622776,-0.80943686,0.24458142
LearnedNonlinear,Learned + Nonlinear RX,0.0,-0.94868326,0.31622776,-0.8929767,0.4659895
LearnedNonlinear,Learned + Nonlinear RX,0.0,0.94868326,-0.31622776,1.0262885,-0.30203617
LearnedNonlinear,Learned + Nonlinear RX,0.0,0.94868326,0.94868326,1.0761683,0.7995791
LearnedNonlinear,Learned + Nonlinear RX,0.0,-0.31622776,0.94868326,-0.3646896,0.8424786
LearnedNonlinear,Learned + Nonlinear RX,0.0,-0.94868326,-0.94868326,-0.8034798,-0.969425
LearnedNonlinear,Learned + Nonlinear RX,0.0,-0.94868326,0.31622776,-0.9054474,0.36432552
LearnedNonlinear,Learned + Nonlinear RX,0.0,-0.31622776,-0.94868326,-0.45859346,-0.92191076
LearnedNonlinear,Learned + Nonlinear RX,0.0,0.31622776,-0.31622776,0.31481266,-0.31185985
LearnedNonlinear,Learned + Nonlinear RX,0.0,0.31622776,0.31622776,0.3803928,0.17258982
LearnedNonlinear,Learned + Nonlinear RX,0.0,-0.94868326,-0.31622776,-0.8827713,-0.34110102
LearnedNonlinear,Learned + Nonlinear RX,0.0,0.31622776,-0.31622776,0.41216436,-0.53447026
LearnedNonlinear,Learned + Nonlinear RX,0.0,0.94868326,-0.94868326,1.0237324,-0.8101171
LearnedNonlinear,Learned + Nonlinear RX,0.0,-0.94868326,-0.31622776,-0.9437083,-0.2874961
LearnedNonlinear,Learned + Nonlinear RX,0.0,0.31622776,-0.31622776,0.4913679,-0.16139957
LearnedNonlinear,Learned + Nonlinear RX,0.0,-0.94868326,-0.31622776,-0.971809,-0.009589928
LearnedNonlinear,Learned + Nonlinear RX,0.0,-0.94868326,-0.94868326,-0.7230232,-0.8816423
LearnedNonlinear,Learned + Nonlinear RX,0.0,-0.31622776,0.31622776,-0.22283728,0.4823869
LearnedNonlinear,Learned + Nonlinear RX,0.0,-0.94868326,0.31622776,-1.0873073,0.36954144
LearnedNonlinear,Learned + Nonlinear RX,0.0,-0.94868326,-0.94868326,-0.85279834,-1.0025584
LearnedNonlinear,Learned + Nonlinear RX,0.0,0.94868326,0.31622776,1.0243995,0.31381774
LearnedNonlinear,Learned + Nonlinear RX,0.0,-0.31622776,0.94868326,-0.19052097,1.1520189
LearnedNonlinear,Learned + Nonlinear RX,0.0,0.31622776,0.94868326,0.4003546,0.98367983
LearnedNonlinear,Learned + Nonlinear RX,0.0,-0.31622776,-0.94868326,-0.22881286,-1.0081271
LearnedNonlinear,Learned + Nonlinear RX,0.0,0.31622776,-0.94868326,0.43951666,-0.8408992
LearnedNonlinear,Learned + Nonlinear RX,0.0,-0.31622776,0.94868326,-0.36521316,0.9045872
LearnedNonlinear,Learned + Nonlinear RX,0.0,-0.94868326,0.94868326,-1.0761118,0.9189131
LearnedNonlinear,Learned + Nonlinear RX,0.0,0.94868326,-0.94868326,0.9514965,-0.9691693
LearnedNonlinear,Learned + Nonlinear RX,0.0,0.94868326,-0.94868326,0.88706756,-0.8044143
LearnedNonlinear,Learned + Nonlinear RX,0.0,-0.94868326,0.94868326,-0.91933024,1.061078
LearnedNonlinear,Learned + Nonlinear RX,0.0,0.31622776,0.31622776,0.3954653,0.16567111
LearnedNonlinear,Learned + Nonlinear RX,0.0,-0.94868326,-0.94868326,-0.7154537,-0.93428135
LearnedNonlinear,Learned + Nonlinear RX,0.0,0.31622776,-0.31622776,0.18419841,-0.3332818
LearnedNonlinear,Learned + Nonlinear RX,0.0,-0.31622776,0.94868326,-0.29684293,0.99243855
LearnedNonlinear,Learned + Nonlinear RX,0.0,0.31622776,-0.94868326,0.26053593,-0.9419664
LearnedNonlinear,Learned + Nonlinear RX,0.0,-0.94868326,0.31622776,-0.7956839,0.35714823
LearnedNonlinear,Learned + Nonlinear RX,0.0,0.31622776,0.31622776,0.16344227,0.21920493
LearnedNonlinear,Learned + Nonlinear RX,0.0,0.31622776,-0.94868326,0.37538624,-0.97836494
LearnedNonlinear,Learned + Nonlinear RX,0.0,-0.94868326,-0.94868326,-0.92832106,-0.91072994
LearnedNonlinear,Learned + Nonlinear RX,0.0,-0.94868326,-0.94868326,-1.0734293,-1.024425
LearnedNonlinear,Learned + Nonlinear RX,0.0,-0.94868326,-0.94868326,-1.0321882,-0.79969513
LearnedNonlinear,Learned + Nonlinear RX,0.0,0.31622776,0.94868326,0.45510915,0.95392245
LearnedNonlinear,Learned + Nonlinear RX,0.0,-0.31622776,0.31622776,-0.42473805,0.3562887
LearnedNonlinear,Learned + Nonlinear RX,0.0,-0.31622776,0.31622776,-0.17646727,0.29342848
LearnedNonlinear,Learned + Nonlinear RX,0.0,-0.31622776,0.94868326,-0.31241736,0.8889068
LearnedNonlinear,Learned + Nonlinear RX,0.0,-0.31622776,-0.31622776,-0.38679916,-0.36427093
LearnedNonlinear,Learned + Nonlinear RX,0.0,0.94868326,-0.94868326,0.99193585,-1.0460383
LearnedNonlinear,Learned + Nonlinear RX,0.0,-0.31622776,-0.94868326,-0.2552934,-0.89904726
LearnedNonlinear,Learned + Nonlinear RX,0.0,0.31622776,0.31622776,0.29942462,0.27395967
LearnedNonlinear,Learned + Nonlinear RX,0.0,-0.94868326,-0.94868326,-1.0816178,-0.8993527
LearnedNonlinear,Learned + Nonlinear RX,0.0,0.94868326,-0.94868326,1.030727,-0.92400616
LearnedNonlinear,Learned + Nonlinear RX,0.0,0.31622776,-0.31622776,0.36824596,-0.31798446
LearnedNonlinear,Learned + Nonlinear RX,0.0,0.94868326,-0.94868326,0.8484916,-0.87664807
LearnedNonlinear,Learned + Nonlinear RX,0.0,0.94868326,0.94868326,0.974569,0.9553945
LearnedNonlinear,Learned + Nonlinear RX,0.0,0.31622776,-0.94868326,0.1568625,-1.099899
LearnedNonlinear,Learned + Nonlinear RX,0.0,-0.94868326,-0.31622776,-1.0111223,-0.44849578
LearnedNonlinear,Learned + Nonlinear RX,0.0,-0.31622776,0.94868326,-0.46644637,0.90405375
LearnedNonlinear,Learned + Nonlinear RX,0.0,0.31622776,0.94868326,0.3603297,0.887644
LearnedNonlinear,Learned + Nonlinear RX,0.0,0.31622776,-0.94868326,0.25480998,-0.8729393
LearnedNonlinear,Learned + Nonlinear RX,0.0,-0.94868326,-0.31622776,-0.96424836,-0.3068449
LearnedNonlinear,Learned + Nonlinear RX,0.0,-0.94868326,0.94868326,-1.2161332,1.0588666
LearnedNonlinear,Learned + Nonlinear RX,0.0,-0.94868326,-0.94868326,-0.94663286,-0.95691854
LearnedNonlinear,Learned + Nonlinear RX,0.0,-0.31622776,-0.31622776,-0.28553477,-0.1004916
LearnedNonlinear,Learned + Nonlinear RX,0.0,0.94868326,-0.94868326,1.0695689,-0.9942426
LearnedNonlinear,Learned + Nonlinear RX,0.0,-0.94868326,-0.94868326,-0.80549467,-0.9919839
LearnedNonlinear,Learned + Nonlinear RX,0.0,-0.31622776,-0.94868326,-0.22281191,-0.77960855
LearnedNonlinear,Learned + Nonlinear RX,0.0,-0.94868326,0.31622776,-1.0826828,0.4389198
LearnedNonlinear,Learned + Nonlinear RX,0.0,0.94868326,-0.31622776,0.9684702,-0.114323735
LearnedNonlinear,Learned + Nonlinear RX,0.0,0.31622776,0.31622776,0.26358753,0.46167204
LearnedNonlinear,Learned + Nonlinear RX,0.0,0.31622776,-0.31622776,0.15983675,-0.46235505
LearnedNonlinear,Learned + Nonlinear RX,0.0,0.94868326,-0.31622776,0.7692032,-0.32518643
LearnedNonlinear,Learned + Nonlinear RX,0.0,0.94868326,0.94868326,1.0495535,0.89485
LearnedNonlinear,Learned + Nonlinear RX,0.0,-0.31622776,0.31622776,-0.23144783,0.26743633
LearnedNonlinear,Learned + Nonlinear RX,0.0,-0.31622776,-0.94868326,-0.21211618,-0.83274776
LearnedNonlinear,Learned + Nonlinear RX,0.0,-0.31622776,-0.31622776,-0.39318898,-0.38507843
LearnedNonlinear,Learned + Nonlinear RX,0.0,-0.94868326,0.31622776,-1.0081517,0.3043782
LearnedNonlinear,Learned + Nonlinear RX,0.0,0.31622776,0.31622776,0.26106867,0.29891026
LearnedNonlinear,Learned + Nonlinear RX,0.0,-0.94868326,-0.31622776,-0.9431303,-0.37251914
LearnedNonlinear,Learned + Nonlinear RX,0.0,-0.31622776,0.94868326,-0.36398402,0.76503634
LearnedNonlinear,Learned + Nonlinear RX,0.0,0.94868326,0.31622776,1.0411599,0.19790725
LearnedNonlinear,Learned + Nonlinear RX,0.0,-0.94868326,-0.94868326,-0.73890716,-1.0044925
LearnedNonlinear,Learned + Nonlinear RX,0.0,0.31622776,-0.31622776,0.2749173,-0.35282093
LearnedNonlinear,Learned + Nonlinear RX,0.0,0.31622776,-0.94868326,0.40544656,-0.9880119
LearnedNonlinear,Learned + Nonlinear RX,0.0,0.31622776,-0.94868326,0.24764112,-0.9704053
LearnedNonlinear,Learned + Nonlinear RX,0.0,0.31622776,0.94868326,0.42821714,0.8438493
LearnedNonlinear,Learned + Nonlinear RX,0.0,0.31622776,-0.31622776,0.14617127,-0.52159697
LearnedNonlinear,Learned + Nonlinear RX,0.0,0.94868326,0.31622776,0.9627017,0.4264824
LearnedNonlinear,Learned + Nonlinear RX,0.0,-0.31622776,0.94868326,-0.48854452,1.0057964
LearnedNonlinear,Learned + Nonlinear RX,0.0,0.31622776,-0.31622776,0.16748364,-0.23433724
LearnedNonlinear,Learned + Nonlinear RX,0.0,-0.94868326,-0.31622776,-0.9257421,-0.43206587
LearnedNonlinear,Learned + Nonlinear RX,0.0,-0.94868326,0.94868326,-1.0387257,0.9829561
LearnedNonlinear,Learned + Nonlinear RX,0.0,-0.94868326,-0.94868326,-1.0339054,-0.96327853
LearnedNonlinear,Learned + Nonlinear RX,0.0,-0.94868326,0.94868326,-1.0350206,0.9460948
LearnedNonlinear,Learned + Nonlinear RX,0.0,-0.94868326,-0.31622776,-0.80874586,-0.38377988
LearnedNonlinear,Learned + Nonlinear RX,0.0,-0.94868326,0.94868326,-1.0500755,0.92502636
LearnedNonlinear,Learned + Nonlinear RX,0.0,0.94868326,-0.94868326,1.1063288,-0.8248666
LearnedNonlinear,Learned + Nonlinear RX,0.0,0.94868326,0.31622776,0.9223246,0.31743142
LearnedNonlinear,Learned + Nonlinear RX,0.0,-0.31622776,0.94868326,-0.17948608,0.9166617
LearnedNonlinear,Learned + Nonlinear RX,0.0,0.94868326,-0.31622776,1.0639688,-0.19996297
LearnedNonlinear,Learned + Nonlinear RX,0.0,0.94868326,0.94868326,0.83445954,0.9718477
LearnedNonlinear,Learned + Nonlinear RX,0.0,-0.94868326,-0.94868326,-0.90640265,-0.8484835
LearnedNonlinear,Learned + Nonlinear RX,0.0,-0.31622776,-0.31622776,-0.32944277,-0.2488668
LearnedNonlinear,Learned + Nonlinear RX,0.0,-0.31622776,-0.94868326,-0.27100512,-0.96435326
LearnedNonlinear,Learned + Nonlinear RX,0.0,0.94868326,-0.31622776,0.9436503,-0.32046264
LearnedNonlinear,Learned + Nonlinear RX,0.0,-0.31622776,0.31622776,-0.39040136,0.28335938
LearnedNonlinear,Learned + Nonlinear RX,0.0,0.94868326,0.31622776,0.8210521,0.28717753
LearnedNonlinear,Learned + Nonlinear RX,0.0,-0.94868326,-0.94868326,-0.7793259,-1.0059267
LearnedNonlinear,Learned + Nonlinear RX,0.0,0.31622776,-0.94868326,0.27382445,-1.0057509
LearnedNonlinear,Learned + Nonlinear RX,0.0,-0.31622776,-0.31622776,-0.253617,-0.3637237
LearnedNonlinear,Learned + Nonlinear RX,0.0,-0.94868326,-0.31622776,-0.9817062,-0.2529165
LearnedNonlinear,Learned + Nonlinear RX,0.0,-0.31622776,0.94868326,-0.32098293,0.88426584
LearnedNonlinear,Learned + Nonlinear RX,0.0,-0.31622776,0.31622776,-0.51127523,0.25436625
LearnedNonlinear,Learned + Nonlinear RX,0.0,-0.31622776,-0.31622776,-0.08634354,-0.25645655
LearnedNonlinear,Learned + Nonlinear RX,0.0,-0.94868326,-0.94868326,-0.83875257,-0.7968792
LearnedNonlinear,Learned + Nonlinear RX,0.0,0.31622776,0.94868326,0.3066949,0.9780654
LearnedNonlinear,Learned + Nonlinear RX,0.0,-0.31622776,0.94868326,-0.37320817,0.78108305
LearnedNonlinear,Learned + Nonlinear RX,0.0,-0.31622776,0.94868326,-0.1694639,0.9541215
LearnedNonlinear,Learned + Nonlinear RX,0.0,0.94868326,-0.31622776,0.94551754,-0.22067432
LearnedNonlinear,Learned + Nonlinear RX,0.0,0.94868326,0.31622776,1.1460598,0.27853748
LearnedNonlinear,Learned + Nonlinear RX,0.0,0.31622776,0.94868326,0.20512205,0.93802255
LearnedNonlinear,Learned + Nonlinear RX,0.0,-0.31622776,-0.31622776,-0.39716652,-0.4112209
LearnedNonlinear,Learned + Nonlinear RX,0.0,0.94868326,-0.94868326,1.0077106,-0.83925396
LearnedNonlinear,Learned + Nonlinear RX,0.0,-0.31622776,-0.94868326,-0.46414775,-0.70834494
LearnedNonlinear,Learned + Nonlinear RX,0.0,-0.31622776,0.94868326,-0.42242637,0.8545651
LearnedNonlinear,Learned + Nonlinear RX,0.0,-0.94868326,-0.31622776,-0.969538,-0.3104166
LearnedNonlinear,Learned + Nonlinear RX,0.0,0.31622776,0.31622776,0.37694907,0.24995583
LearnedNonlinear,Learned + Nonlinear RX,0.0,-0.31622776,-0.94868326,-0.32022667,-0.9351834
LearnedNonlinear,Learned + Nonlinear RX,0.0,-0.31622776,0.94868326,-0.25185928,0.807718
LearnedNonlinear,Learned + Nonlinear RX,0.0,0.31622776,-0.31622776,0.19532315,-0.20300145
LearnedNonlinear,Learned + Nonlinear RX,0.0,0.31622776,0.94868326,0.38472942,1.0855901
LearnedNonlinear,Learned + Nonlinear RX,0.0,-0.31622776,-0.94868326,-0.32294434,-0.8016945
LearnedNonlinear,Learned + Nonlinear RX,0.0,0.31622776,-0.94868326,0.33548772,-0.9579447
LearnedNonlinear,Learned + Nonlinear RX,0.0,-0.94868326,-0.94868326,-0.9955421,-1.0208198
LearnedNonlinear,Learned + Nonlinear RX,0.0,-0.94868326,0.94868326,-0.78104484,0.8577655
LearnedNonlinear,Learned + Nonlinear RX,0.0,-0.31622776,-0.94868326,-0.2362635,-0.9081865
LearnedNonlinear,Learned + Nonlinear RX,0.0,0.94868326,-0.31622776,0.9066579,-0.41474757
LearnedNonlinear,Learned + Nonlinear RX,0.0,-0.31622776,-0.31622776,-0.32524514,-0.38059068
LearnedNonlinear,Learned + Nonlinear RX,0.0,0.31622776,0.94868326,0.31317008,0.99039197
LearnedNonlinear,Learned + Nonlinear RX,0.0,0.31622776,0.31622776,0.3100418,0.3633954
LearnedNonlinear,Learned + Nonlinear RX,0.0,0.31622776,-0.31622776,0.3107766,-0.29060957
LearnedNonlinear,Learned + Nonlinear RX,0.0,-0.31622776,0.31622776,-0.26337552,0.36015782
LearnedNonlinear,Learned + Nonlinear RX,0.0,-0.94868326,-0.31622776,-0.8648192,-0.45477763
LearnedNonlinear,Learned + Nonlinear RX,0.0,0.31622776,0.94868326,0.2539191,0.9356146
LearnedNonlinear,Learned + Nonlinear RX,0.0,0.31622776,-0.31622776,0.34266022,-0.24832043
LearnedNonlinear,Learned + Nonlinear RX,0.0,0.31622776,0.94868326,0.19335015,0.85697573
LearnedNonlinear,Learned + Nonlinear RX,0.0,0.94868326,-0.31622776,0.9359749,-0.20522916
LearnedNonlinear,Learned + Nonlinear RX,0.0,0.31622776,0.94868326,0.38797787,1.2453486
LearnedNonlinear,Learned + Nonlinear RX,0.0,-0.31622776,-0.94868326,-0.37780192,-0.8898452
LearnedNonlinear,Learned + Nonlinear RX,0.0,0.31622776,0.94868326,0.46641675,0.8356482
LearnedNonlinear,Learned + Nonlinear RX,0.0,-0.94868326,0.31622776,-0.99657947,0.35393977
LearnedNonlinear,Learned + Nonlinear RX,0.0,0.31622776,-0.31622776,0.41915974,-0.3651657
LearnedNonlinear,Learned + Nonlinear RX,0.0,-0.31622776,-0.31622776,-0.33188698,-0.47228917
LearnedNonlinear,Learned + Nonlinear RX,0.0,-0.94868326,0.31622776,-0.9223286,0.3537367
LearnedNonlinear,Learned + Nonlinear RX,0.0,-0.31622776,0.94868326,-0.4161092,1.0999758
LearnedNonlinear,Learned + Nonlinear RX,0.0,0.94868326,-0.94868326,0.74801004,-0.95801383
LearnedNonlinear,Learned + Nonlinear RX,0.0,0.94868326,0.31622776,1.1183897,0.35183826
LearnedNonlinear,Learned + Nonlinear RX,0.0,0.94868326,-0.31622776,0.984216,-0.13305911
LearnedNonlinear,Learned + Nonlinear RX,0.0,-0.94868326,0.94868326,-0.8460835,0.88046354
LearnedNonlinear,Learned + Nonlinear RX,0.0,-0.94868326,0.94868326,-1.0825639,0.7917726
LearnedNonlinear,Learned + Nonlinear RX,0.0,0.94868326,0.31622776,0.99607134,0.39839578
LearnedNonlinear,Learned + Nonlinear RX,0.0,-0.31622776,0.31622776,-0.15442915,0.2692089
LearnedNonlinear,Learned + Nonlinear RX,0.0,-0.31622776,0.94868326,-0.1773665,0.88835907
LearnedNonlinear,Learned + Nonlinear RX,0.0,0.31622776,-0.31622776,0.36233863,-0.3840803
LearnedNonlinear,Learned + Nonlinear RX,0.0,-0.31622776,-0.31622776,-0.42426762,-0.44371843
LearnedNonlinear,Learned + Nonlinear RX,0.0,0.94868326,-0.31622776,1.043207,-0.33633894
LearnedNonlinear,Learned + Nonlinear RX,0.0,-0.94868326,-0.31622776,-0.9121067,-0.36787134
LearnedNonlinear,Learned + Nonlinear RX,0.0,0.31622776,-0.31622776,0.42702547,-0.36526477
LearnedNonlinear,Learned + Nonlinear RX,0.0,0.31622776,0.94868326,0.18995462,0.8407705
LearnedNonlinear,Learned + Nonlinear RX,0.0,0.94868326,0.31622776,1.0446746,0.28568262
LearnedNonlinear,Learned + Nonlinear RX,0.0,-0.94868326,-0.94868326,-1.0552946,-0.8025044
LearnedNonlinear,Learned + Nonlinear RX,0.0,0.31622776,-0.31622776,0.26380235,-0.36372676
LearnedNonlinear,Learned + Nonlinear RX,0.0,-0.94868326,-0.31622776,-0.9766632,-0.24168539
LearnedNonlinear,Learned + Nonlinear RX,0.0,0.94868326,0.31622776,0.8357064,0.42923087
LearnedNonlinear,Learned + Nonlinear RX,0.0,-0.31622776,0.94868326,-0.26330015,0.8616462
LearnedNonlinear,Learned + Nonlinear RX,0.0,-0.94868326,-0.31622776,-0.99189776,-0.26739568
LearnedNonlinear,Learned + Nonlinear RX,0.0,-0.31622776,0.31622776,-0.22178045,0.330798
LearnedNonlinear,Learned + Nonlinear RX,0.0,0.31622776,0.31622776,0.28811312,0.35894233
LearnedNonlinear,Learned + Nonlinear RX,0.0,0.94868326,0.94868326,0.931375,0.8516485
LearnedNonlinear,Learned + Nonlinear RX,0.0,0.31622776,0.31622776,0.16342102,0.43216267
LearnedNonlinear,Learned + Nonlinear RX,0.0,-0.31622776,-0.94868326,-0.18954109,-0.9798225
LearnedNonlinear,Learned + Nonlinear RX,0.0,-0.31622776,-0.94868326,-0.32616648,-1.0665809
LearnedNonlinear,Learned + Nonlinear RX,0.0,-0.94868326,-0.94868326,-1.0093716,-1.0963094
LearnedNonlinear,Learned + Nonlinear RX,0.0,0.31622776,-0.94868326,0.13358852,-0.77674973
LearnedNonlinear,Learned + Nonlinear RX,0.0,0.31622776,0.94868326,0.21963713,0.9580431
LearnedNonlinear,Learned + Nonlinear RX,0.0,0.94868326,0.31622776,0.9201042,0.41010964
LearnedNonlinear,Learned + Nonlinear RX,0.0,0.94868326,-0.94868326,0.8121998,-1.0595105
LearnedNonlinear,Learned + Nonlinear RX,0.0,0.31622776,-0.94868326,0.31665334,-0.9617267
LearnedNonlinear,Learned + Nonlinear RX,0.0,-0.94868326,0.94868326,-1.026179,0.94824463
LearnedNonlinear,Learned + Nonlinear RX,0.0,-0.94868326,-0.31622776,-0.84667027,-0.13073264
LearnedNonlinear,Learned + Nonlinear RX,0.0,-0.94868326,-0.31622776,-0.8692378,-0.23084675
LearnedNonlinear,Learned + Nonlinear RX,0.0,0.31622776,0.31622776,0.21823698,0.5899207
LearnedNonlinear,Learned + Nonlinear RX,0.0,0.94868326,-0.94868326,0.96909547,-0.8108759
LearnedNonlinear,Learned + Nonlinear RX,0.0,0.94868326,0.31622776,0.9877589,0.17209816
LearnedNonlinear,Learned + Nonlinear RX,0.0,0.94868326,0.94868326,0.9046759,0.909184
LearnedNonlinear,Learned + Nonlinear RX,0.0,0.94868326,-0.94868326,0.89697415,-1.087802
LearnedNonlinear,Learned + Nonlinear RX,0.0,-0.94868326,-0.94868326,-0.8883687,-0.93754905
LearnedNonlinear,Learned + Nonlinear RX,0.0,-0.94868326,-0.94868326,-0.787679,-0.89029264
LearnedNonlinear,Learned + Nonlinear RX,0.0,0.94868326,0.31622776,0.9737511,0.28977895
LearnedNonlinear,Learned + Nonlinear RX,0.0,-0.94868326,-0.31622776,-1.0850364,-0.45828283
LearnedNonlinear,Learned + Nonlinear RX,0.0,0.31622776,0.31622776,0.45367062,0.45202062
LearnedNonlinear,Learned + Nonlinear RX,0.0,0.31622776,0.31622776,0.22982273,0.14398746
LearnedNonlinear,Learned + Nonlinear RX,0.0,-0.31622776,-0.94868326,-0.37020648,-1.0609069
LearnedNonlinear,Learned + Nonlinear RX,0.0,0.94868326,-0.31622776,0.96141535,-0.27946118
LearnedNonlinear,Learned + Nonlinear RX,0.0,-0.31622776,-0.31622776,-0.297556,-0.25176305
LearnedNonlinear,Learned + Nonlinear RX,0.0,0.31622776,0.94868326,0.27562046,1.058234
LearnedNonlinear,Learned + Nonlinear RX,0.0,0.31622776,-0.31622776,0.23362716,-0.23706241
LearnedNonlinear,Learned + Nonlinear RX,0.0,0.31622776,-0.94868326,0.36379498,-0.799234
LearnedNonlinear,Learned + Nonlinear RX,0.0,0.94868326,0.31622776,0.9198663,0.47870052
LearnedNonlinear,Learned + Nonlinear RX,0.0,-0.31622776,-0.31622776,-0.5619936,-0.29861802
LearnedNonlinear,Learned + Nonlinear RX,0.0,-0.94868326,0.94868326,-1.0134311,1.0975889
LearnedNonlinear,Learned + Nonlinear RX,0.0,0.94868326,-0.94868326,0.84290475,-0.9396125
LearnedNonlinear,Learned + Nonlinear RX,0.0,-0.94868326,-0.31622776,-0.87689483,-0.35332242
LearnedNonlinear,Learned + Nonlinear RX,0.0,-0.94868326,-0.94868326,-0.88385516,-0.8612312
LearnedNonlinear,Learned + Nonlinear RX,0.0,0.94868326,-0.31622776,1.0440189,-0.33888683
LearnedNonlinear,Learned + Nonlinear RX,0.0,0.31622776,-0.94868326,0.3044862,-0.88058263
LearnedNonlinear,Learned + Nonlinear RX,0.0,-0.31622776,0.94868326,-0.38475198,0.9228458
LearnedNonlinear,Learned + Nonlinear RX,0.0,-0.94868326,0.31622776,-0.7525637,0.1672883
LearnedNonlinear,Learned + Nonlinear RX,0.0,-0.94868326,0.31622776,-0.95910716,0.42006505
LearnedNonlinear,Learned + Nonlinear RX,0.0,0.94868326,-0.31622776,0.8504178,-0.24692197
LearnedNonlinear,Learned + Nonlinear RX,0.0,-0.31622776,0.31622776,-0.33862284,0.110973865
LearnedNonlinear,Learned + Nonlinear RX,0.0,0.31622776,-0.94868326,0.30632982,-0.9433489
LearnedNonlinear,Learned + Nonlinear RX,0.0,0.94868326,-0.94868326,0.9318751,-0.8763685
LearnedNonlinear,Learned + Nonlinear RX,0.0,-0.31622776,-0.94868326,-0.27259332,-0.80647063
LearnedNonlinear,Learned + Nonlinear RX,0.0,-0.31622776,-0.94868326,-0.29537517,-0.9577171
LearnedNonlinear,Learned + Nonlinear RX,0.0,-0.94868326,0.94868326,-0.9317344,1.0767411
LearnedNonlinear,Learned + Nonlinear RX,0.0,-0.31622776,0.31622776,-0.47674304,0.1806749
LearnedNonlinear,Learned + Nonlinear RX,0.0,0.31622776,-0.94868326,0.37968013,-0.955892
LearnedNonlinear,Learned + Nonlinear RX,0.0,0.94868326,-0.94868326,0.912391,-0.9865107
LearnedNonlinear,Learned + Nonlinear RX,0.0,-0.94868326,0.31622776,-0.996526,0.50257576
LearnedNonlinear,Learned + Nonlinear RX,0.0,-0.31622776,0.31622776,-0.26378742,0.23873642
LearnedNonlinear,Learned + Nonlinear RX,0.0,-0.31622776,0.31622776,-0.36667514,0.21054721
LearnedNonlinear,Learned + Nonlinear RX,0.0,0.31622776,0.94868326,0.39257845,0.9548703
LearnedNonlinear,Learned + Nonlinear RX,0.0,-0.31622776,-0.31622776,-0.29717797,-0.44825736
LearnedNonlinear,Learned + Nonlinear RX,0.0,-0.94868326,-0.31622776,-0.93297124,-0.42987233
LearnedNonlinear,Learned + Nonlinear RX,0.0,-0.94868326,0.31622776,-1.0205786,0.34994167
LearnedNonlinear,Learned + Nonlinear RX,0.0,0.31622776,-0.94868326,0.19073643,-0.7629636
LearnedNonlinear,Learned + Nonlinear RX,0.0,0.94868326,0.94868326,0.9363918,0.98224485
LearnedNonlinear,Learned + Nonlinear RX,0.0,-0.94868326,-0.31622776,-0.9408331,-0.3774454
OFDM,Classical OFDM,0.05,0.94868326,-0.94868326,1.1954479,-0.6975669
OFDM,Classical OFDM,0.05,0.94868326,0.94868326,0.65261286,1.1386535
OFDM,Classical OFDM,0.05,0.31622776,-0.31622776,0.18895009,-0.31105313
OFDM,Classical OFDM,0.05,0.94868326,0.94868326,0.62370706,0.9837742
OFDM,Classical OFDM,0.05,0.94868326,-0.31622776,0.80591893,-0.20340309
OFDM,Classical OFDM,0.05,0.94868326,0.31622776,0.9034978,0.48814026
OFDM,Classical OFDM,0.05,-0.31622776,0.94868326,-0.41573006,0.9122317
OFDM,Classical OFDM,0.05,-0.31622776,0.94868326,-0.49059108,0.9288852
OFDM,Classical OFDM,0.05,-0.94868326,0.31622776,-1.0468333,0.082657404
OFDM,Classical OFDM,0.05,0.31622776,0.31622776,0.36826152,0.3512365
OFDM,Classical OFDM,0.05,-0.31622776,0.94868326,-0.34233823,0.83246696
OFDM,Classical OFDM,0.05,0.94868326,0.94868326,0.7633487,0.9714502
OFDM,Classical OFDM,0.05,-0.31622776,-0.31622776,-0.27548787,-0.44869837
OFDM,Classical OFDM,0.05,0.31622776,0.94868326,0.12031564,0.97025853
OFDM,Classical OFDM,0.05,-0.94868326,-0.94868326,-0.6366737,-1.4069349
OFDM,Classical OFDM,0.05,-0.31622776,0.31622776,-0.3126822,0.12986632
OFDM,Classical OFDM,0.05,0.94868326,-0.31622776,1.1020793,-0.102575906
OFDM,Classical OFDM,0.05,0.94868326,0.94868326,0.6439544,1.2115072
OFDM,Classical OFDM,0.05,0.94868326,-0.94868326,1.1764386,-0.8203804
OFDM,Classical OFDM,0.05,0.31622776,-0.31622776,0.4553216,-0.27227837
OFDM,Classical OFDM,0.05,-0.31622776,-0.94868326,-0.11520633,-1.1084476
OFDM,Classical OFDM,0.05,0.94868326,0.31622776,0.8991864,0.33002913
OFDM,Classical OFDM,0.05,-0.31622776,-0.31622776,-0.20826358,-0.35888338
OFDM,Classical OFDM,0.05,0.31622776,-0.94868326,0.40096813,-0.7466016
OFDM,Classical OFDM,0.05,0.94868326,-0.31622776,0.8209679,-0.101484
OFDM,Classical OFDM,0.05,-0.94868326,0.94868326,-1.1446909,0.88908154
OFDM,Classical OFDM,0.05,0.94868326,0.94868326,0.7068558,1.043051
OFDM,Classical OFDM,0.05,-0.94868326,-0.31622776,-0.8960794,-0.6826127
OFDM,Classical OFDM,0.05,-0.94868326,-0.94868326,-0.6887502,-1.1598475
OFDM,Classical OFDM,0.05,-0.94868326,-0.31622776,-0.8003532,-0.44347844
OFDM,Classical OFDM,0.05,0.31622776,0.94868326,0.43165487,1.036974
OFDM,Classical OFDM,0.05,0.31622776,-0.94868326,0.5309982,-0.8643924
OFDM,Classical OFDM,0.05,0.94868326,-0.94868326,1.2373024,-0.6418346
OFDM,Classical OFDM,0.05,0.31622776,0.31622776,0.45586866,0.49504602
OFDM,Classical OFDM,0.05,-0.31622776,0.94868326,-0.42976305,0.86807424
OFDM,Classical OFDM,0.05,0.31622776,-0.31622776,0.5173596,-0.12798929
OFDM,Classical OFDM,0.05,0.94868326,0.94868326,1.0202062,1.0525033
OFDM,Classical OFDM,0.05,0.31622776,-0.94868326,0.53029245,-1.0755374
OFDM,Classical OFDM,0.05,0.94868326,-0.94868326,1.0156356,-0.9232281
OFDM,Classical OFDM,0.05,0.31622776,0.31622776,0.2140482,0.12203115
OFDM,Classical OFDM,0.05,0.31622776,-0.31622776,0.28776836,-0.19320425
OFDM,Classical OFDM,0.05,-0.31622776,0.94868326,-0.46098536,0.9151978
OFDM,Classical OFDM,0.05,0.94868326,-0.31622776,0.9517725,-0.25782245
OFDM,Classical OFDM,0.05,-0.31622776,0.94868326,-0.42327332,0.84525424
OFDM,Classical OFDM,0.05,-0.31622776,-0.94868326,-0.15823576,-1.0965452
OFDM,Classical OFDM,0.05,-0.31622776,0.94868326,-0.30036306,0.7929084
OFDM,Classical OFDM,0.05,0.31622776,-0.31622776,0.41225088,-0.38401136
OFDM,Classical OFDM,0.05,0.31622776,0.31622776,0.3693884,0.124434754
OFDM,Classical OFDM,0.05,-0.31622776,-0.94868326,-0.11104743,-1.072387
OFDM,Classical OFDM,0.05,0.94868326,-0.94868326,1.1684636,-0.7272108
OFDM,Classical OFDM,0.05,0.31622776,-0.94868326,0.44631654,-0.7150353
OFDM,Classical OFDM,0.05,-0.94868326,0.94868326,-1.230624,0.7972937
OFDM,Classical OFDM,0.05,-0.31622776,0.31622776,-0.2844162,0.19973616
OFDM,Classical OFDM,0.05,-0.31622776,0.31622776,-0.32319093,0.298426
OFDM,Classical OFDM,0.05,-0.94868326,-0.31622776,-0.8709418,-0.67310405
OFDM,Classical OFDM,0.05,-0.31622776,-0.94868326,-0.17222106,-0.8962736
OFDM,Classical OFDM,0.05,-0.31622776,0.94868326,-0.37880418,0.98387086
OFDM,Classical OFDM,0.05,-0.31622776,-0.94868326,-0.022662982,-0.89113903
OFDM,Classical OFDM,0.05,0.94868326,0.94868326,1.0513418,1.1166941
OFDM,Classical OFDM,0.05,0.94868326,-0.31622776,1.1850808,-0.14994769
OFDM,Classical OFDM,0.05,0.31622776,-0.94868326,0.5288753,-0.8905322
OFDM,Classical OFDM,0.05,0.94868326,0.94868326,0.7181856,1.2274158
OFDM,Classical OFDM,0.05,0.94868326,-0.31622776,0.8820822,-0.21274178
OFDM,Classical OFDM,0.05,-0.94868326,0.31622776,-0.9622106,0.09790273
OFDM,Classical OFDM,0.05,-0.94868326,0.31622776,-0.9578916,0.1511214
OFDM,Classical OFDM,0.05,0.31622776,0.31622776,0.45483518,0.009647854
OFDM,Classical OFDM,0.05,0.31622776,-0.94868326,0.47387582,-0.91726243
OFDM,Classical OFDM,0.05,0.31622776,-0.94868326,0.5707878,-0.90914077
OFDM,Classical OFDM,0.05,0.31622776,-0.94868326,0.5368433,-0.88154626
OFDM,Classical OFDM,0.05,0.94868326,-0.94868326,1.0290155,-0.5737671
OFDM,Classical OFDM,0.05,-0.94868326,0.31622776,-0.9158983,0.2689444
OFDM,Classical OFDM,0.05,0.31622776,-0.31622776,0.4720547,-0.21929494
OFDM,Classical OFDM,0.05,-0.31622776,-0.94868326,-0.09540504,-0.8107732
OFDM,Classical OFDM,0.05,0.94868326,0.94868326,0.99460775,1.0946878
OFDM,Classical OFDM,0.05,0.94868326,-0.94868326,0.97691315,-0.8779766
OFDM,Classical OFDM,0.05,0.94868326,0.31622776,0.8388349,0.44717616
OFDM,Classical OFDM,0.05,0.94868326,-0.31622776,1.0070198,-0.00811225
OFDM,Classical OFDM,0.05,0.31622776,0.31622776,0.3554468,0.3806256
OFDM,Classical OFDM,0.05,-0.94868326,-0.94868326,-0.91316706,-0.8898668
OFDM,Classical OFDM,0.05,-0.31622776,0.31622776,-0.40850252,0.4085253
OFDM,Classical OFDM,0.05,0.94868326,0.94868326,0.9599868,1.1490489
OFDM,Classical OFDM,0.05,0.94868326,0.94868326,0.9533777,1.1132812
OFDM,Classical OFDM,0.05,0.94868326,0.31622776,0.8728207,0.45967144
OFDM,Classical OFDM,0.05,0.94868326,0.94868326,0.59603274,1.041558
OFDM,Classical OFDM,0.05,-0.94868326,0.31622776,-1.0175658,0.10927135
OFDM,Classical OFDM,0.05,0.94868326,0.31622776,0.7406844,0.46884036
OFDM,Classical OFDM,0.05,-0.94868326,0.31622776,-1.0002248,0.044797033
OFDM,Classical OFDM,0.05,-0.94868326,-0.31622776,-0.90491456,-0.51490045
OFDM,Classical OFDM,0.05,-0.31622776,0.94868326,-0.54187834,0.98959565
OFDM,Classical OFDM,0.05,-0.31622776,-0.31622776,-0.2521371,-0.5583752
OFDM,Classical OFDM,0.05,-0.31622776,-0.94868326,-0.22363472,-0.93737245
OFDM,Classical OFDM,0.05,0.94868326,-0.31622776,0.9978074,-0.1701493
OFDM,Classical OFDM,0.05,0.31622776,-0.31622776,0.21525553,-0.33653617
OFDM,Classical OFDM,0.05,-0.31622776,-0.94868326,-0.33730432,-0.89692736
OFDM,Classical OFDM,0.05,-0.94868326,0.94868326,-1.102609,0.7617653
OFDM,Classical OFDM,0.05,0.94868326,-0.94868326,0.9335695,-0.83262
OFDM,Classical OFDM,0.05,-0.31622776,0.94868326,-0.65310884,1.0024613
OFDM,Classical OFDM,0.05,-0.94868326,-0.94868326,-0.9472635,-1.2135054
OFDM,Classical OFDM,0.05,0.94868326,0.94868326,0.93032324,1.1001142
OFDM,Classical OFDM,0.05,0.31622776,0.94868326,0.09958792,0.7719813
OFDM,Classical OFDM,0.05,-0.31622776,-0.94868326,-0.14721099,-1.0375372
OFDM,Classical OFDM,0.05,0.94868326,-0.94868326,0.9295736,-0.5423848
OFDM,Classical OFDM,0.05,-0.31622776,0.31622776,-0.49057126,0.39460093
OFDM,Classical OFDM,0.05,0.31622776,0.31622776,0.19869715,0.47852567
OFDM,Classical OFDM,0.05,0.94868326,-0.31622776,0.88222563,-0.012822907
OFDM,Classical OFDM,0.05,0.31622776,0.31622776,0.021904528,0.3620814
OFDM,Classical OFDM,0.05,-0.94868326,0.31622776,-1.007917,0.01123667
OFDM,Classical OFDM,0.05,-0.94868326,-0.94868326,-0.79605454,-1.127676
OFDM,Classical OFDM,0.05,-0.94868326,-0.94868326,-0.7709805,-1.0397851
OFDM,Classical OFDM,0.05,-0.31622776,0.94868326,-0.37654608,0.82141423
OFDM,Classical OFDM,0.05,-0.94868326,-0.31622776,-0.79475725,-0.31595972
OFDM,Classical OFDM,0.05,-0.31622776,0.94868326,-0.4220484,0.7713449
OFDM,Classical OFDM,0.05,-0.94868326,-0.94868326,-0.9120122,-1.098664
OFDM,Classical OFDM,0.05,-0.94868326,-0.31622776,-0.68730766,-0.5532976
OFDM,Classical OFDM,0.05,0.94868326,-0.94868326,1.1152327,-0.7761867
OFDM,Classical OFDM,0.05,0.31622776,0.31622776,0.29790914,0.3916337
OFDM,Classical OFDM,0.05,0.31622776,0.31622776,0.23818848,0.40087822
OFDM,Classical OFDM,0.05,-0.94868326,-0.94868326,-0.88044965,-1.0494249
OFDM,Classical OFDM,0.05,-0.94868326,0.94868326,-1.0472177,0.8655272
OFDM,Classical OFDM,0.05,-0.94868326,0.94868326,-1.0665741,0.8581596
OFDM,Classical OFDM,0.05,0.31622776,0.94868326,0.45646527,0.94963115
OFDM,Classical OFDM,0.05,0.94868326,-0.94868326,1.0925274,-0.90872574
OFDM,Classical OFDM,0.05,0.94868326,0.94868326,0.52861106,1.0614259
OFDM,Classical OFDM,0.05,-0.31622776,-0.94868326,-0.19934362,-0.93780935
OFDM,Classical OFDM,0.05,0.31622776,0.94868326,-0.030363768,0.94466865
OFDM,Classical OFDM,0.05,-0.31622776,0.31622776,-0.2883604,-0.025987566
OFDM,Classical OFDM,0.05,0.31622776,-0.94868326,0.41185737,-0.9397266
OFDM,Classical OFDM,0.05,-0.94868326,0.31622776,-1.0477196,0.27393022
OFDM,Classical OFDM,0.05,-0.31622776,-0.31622776,-0.17506933,-0.3420688
OFDM,Classical OFDM,0.05,-0.31622776,-0.31622776,-0.06943679,-0.3089516
OFDM,Classical OFDM,0.05,0.94868326,0.31622776,0.9402255,0.48633432
OFDM,Classical OFDM,0.05,0.31622776,0.31622776,0.11100504,0.35227674
OFDM,Classical OFDM,0.05,-0.94868326,0.31622776,-1.0333076,0.05988556
OFDM,Classical OFDM,0.05,0.31622776,0.31622776,0.24019831,0.25378606
OFDM,Classical OFDM,0.05,-0.94868326,-0.94868326,-0.757581,-1.0109034
OFDM,Classical OFDM,0.05,-0.31622776,0.94868326,-0.39259505,0.80119455
OFDM,Classical OFDM,0.05,-0.94868326,0.94868326,-1.0798404,0.87160933
OFDM,Classical OFDM,0.05,-0.94868326,-0.31622776,-0.85902566,-0.5078735
OFDM,Classical OFDM,0.05,0.94868326,-0.94868326,1.1781007,-0.82745886
OFDM,Classical OFDM,0.05,0.31622776,-0.31622776,0.32533062,-0.21693087
OFDM,Classical OFDM,0.05,-0.31622776,-0.31622776,-0.06385124,-0.3423587
OFDM,Classical OFDM,0.05,0.31622776,-0.94868326,0.52732533,-0.7018
OFDM,Classical OFDM,0.05,0.94868326,-0.31622776,0.96370375,-0.19717674
OFDM,Classical OFDM,0.05,-0.94868326,-0.94868326,-0.761424,-1.0534768
OFDM,Classical OFDM,0.05,-0.31622776,0.94868326,-0.44330108,1.0362822
OFDM,Classical OFDM,0.05,0.94868326,-0.94868326,1.2419019,-0.75886756
OFDM,Classical OFDM,0.05,-0.94868326,0.94868326,-0.97026575,0.8652101
OFDM,Classical OFDM,0.05,0.31622776,0.94868326,0.26601958,0.92012644
OFDM,Classical OFDM,0.05,0.94868326,0.31622776,0.97813255,0.4914623
OFDM,Classical OFDM,0.05,0.31622776,0.31622776,0.32772315,0.41861123
OFDM,Classical OFDM,0.05,0.94868326,0.94868326,0.7473075,1.0945785
OFDM,Classical OFDM,0.05,0.94868326,-0.31622776,0.8091959,-0.118809804
OFDM,Classical OFDM,0.05,0.31622776,0.31622776,0.23141637,0.4785419
OFDM,Classical OFDM,0.05,0.94868326,-0.94868326,1.0095364,-0.72510016
OFDM,Classical OFDM,0.05,0.31622776,0.31622776,0.13399398,0.39263108
OFDM,Classical OFDM,0.05,-0.31622776,0.94868326,-0.6667229,0.916345
OFDM,Classical OFDM,0.05,-0.94868326,0.94868326,-1.1606586,0.933223
OFDM,Classical OFDM,0.05,0.31622776,-0.94868326,0.47631955,-0.9824878
OFDM,Classical OFDM,0.05,-0.94868326,-0.94868326,-0.7042455,-0.9331449
OFDM,Classical OFDM,0.05,-0.31622776,0.94868326,-0.37970817,0.89531946
OFDM,Classical OFDM,0.05,0.31622776,0.94868326,0.092086494,0.95057017
OFDM,Classical OFDM,0.05,-0.31622776,-0.94868326,-0.25765127,-1.0648698
OFDM,Classical OFDM,0.05,-0.31622776,-0.31622776,-0.36758646,-0.25118977
OFDM,Classical OFDM,0.05,0.31622776,0.94868326,0.24916452,1.0392127
OFDM,Classical OFDM,0.05,-0.94868326,0.94868326,-0.9616189,0.6590424
OFDM,Classical OFDM,0.05,0.31622776,0.94868326,0.18815044,0.97936726
OFDM,Classical OFDM,0.05,-0.31622776,0.31622776,-0.36027032,0.23127884
OFDM,Classical OFDM,0.05,-0.94868326,-0.94868326,-0.6537211,-1.0343179
OFDM,Classical OFDM,0.05,0.94868326,0.94868326,0.6766168,1.2206733
OFDM,Classical OFDM,0.05,-0.94868326,-0.31622776,-0.8988468,-0.4611147
OFDM,Classical OFDM,0.05,-0.94868326,0.94868326,-1.1310425,0.715821
OFDM,Classical OFDM,0.05,0.31622776,0.94868326,0.25027347,0.9261418
OFDM,Classical OFDM,0.05,-0.31622776,-0.31622776,-0.1744356,-0.3749037
OFDM,Classical OFDM,0.05,0.94868326,0.94868326,0.93091595,1.0813817
OFDM,Classical OFDM,0.05,0.94868326,0.94868326,0.7096617,0.8829397
OFDM,Classical OFDM,0.05,-0.94868326,0.94868326,-0.9069081,0.5937036
OFDM,Classical OFDM,0.05,0.94868326,-0.31622776,1.1804477,-0.4124916
OFDM,Classical OFDM,0.05,0.31622776,-0.94868326,0.57323885,-0.817039
OFDM,Classical OFDM,0.05,-0.31622776,0.94868326,-0.41925815,0.78544265
OFDM,Classical OFDM,0.05,-0.31622776,-0.94868326,-0.035713166,-0.9884009
OFDM,Classical OFDM,0.05,-0.94868326,-0.31622776,-0.88135886,-0.46384078
OFDM,Classical OFDM,0.05,-0.31622776,0.31622776,-0.1978805,0.18577981
OFDM,Classical OFDM,0.05,-0.94868326,0.31622776,-0.9081179,0.18617696
OFDM,Classical OFDM,0.05,-0.31622776,0.31622776,-0.35233048,0.33525378
OFDM,Classical OFDM,0.05,-0.31622776,0.94868326,-0.32783884,0.8737517
OFDM,Classical OFDM,0.05,-0.94868326,-0.94868326,-0.85358167,-1.2245578
OFDM,Classical OFDM,0.05,0.31622776,-0.94868326,0.61496425,-1.0004503
OFDM,Classical OFDM,0.05,0.31622776,0.94868326,0.03477794,1.0912366
OFDM,Classical OFDM,0.05,-0.94868326,-0.31622776,-1.0025512,-0.46050295
OFDM,Classical OFDM,0.05,-0.94868326,0.31622776,-0.8963809,0.043096267
OFDM,Classical OFDM,0.05,0.94868326,0.31622776,0.9116327,0.4564728
OFDM,Classical OFDM,0.05,-0.94868326,0.94868326,-1.0624868,0.7397771
OFDM,Classical OFDM,0.05,0.31622776,-0.94868326,0.5393454,-0.931515
OFDM,Classical OFDM,0.05,0.94868326,0.31622776,0.8489025,0.54657
OFDM,Classical OFDM,0.05,-0.31622776,-0.94868326,-0.18296653,-0.9872039
OFDM,Classical OFDM,0.05,0.94868326,0.31622776,0.858045,0.59214437
OFDM,Classical OFDM,0.05,-0.94868326,0.31622776,-1.1431725,0.09754716
OFDM,Classical OFDM,0.05,-0.94868326,0.94868326,-1.00652,0.75642353
OFDM,Classical OFDM,0.05,0.31622776,-0.94868326,0.47228315,-0.86988807
OFDM,Classical OFDM,0.05,0.31622776,0.31622776,0.087697566,0.24785861
OFDM,Classical OFDM,0.05,-0.94868326,-0.94868326,-1.0157895,-1.083379
OFDM,Classical OFDM,0.05,0.31622776,0.31622776,0.37278906,0.47965235
OFDM,Classical OFDM,0.05,0.31622776,-0.94868326,0.38996232,-0.9235135
OFDM,Classical OFDM,0.05,-0.94868326,0.31622776,-0.85582405,0.15672778
OFDM,Classical OFDM,0.05,-0.31622776,-0.31622776,-0.20206323,-0.58119196
OFDM,Classical OFDM,0.05,0.31622776,-0.94868326,0.47403505,-0.94541806
OFDM,Classical OFDM,0.05,0.31622776,-0.94868326,0.4875065,-0.86314833
OFDM,Classical OFDM,0.05,-0.94868326,0.31622776,-1.0956769,0.33936524
OFDM,Classical OFDM,0.05,-0.31622776,-0.31622776,-0.30355257,-0.2820555
OFDM,Classical OFDM,0.05,-0.31622776,0.31622776,-0.41233143,0.3087834
OFDM,Classical OFDM,0.05,-0.31622776,-0.94868326,-0.21503398,-1.0021063
OFDM,Classical OFDM,0.05,0.31622776,0.31622776,0.26146197,0.4302452
OFDM,Classical OFDM,0.05,-0.94868326,-0.31622776,-0.7325464,-0.3594784
OFDM,Classical OFDM,0.05,-0.31622776,-0.31622776,-0.2316781,-0.18871471
OFDM,Classical OFDM,0.05,0.31622776,0.31622776,0.38731226,0.45455122
OFDM,Classical OFDM,0.05,0.31622776,-0.31622776,0.19543931,-0.15091446
OFDM,Classical OFDM,0.05,-0.94868326,0.94868326,-1.1446306,0.7650525
OFDM,Classical OFDM,0.05,-0.31622776,-0.94868326,-0.10111374,-1.0346918
OFDM,Classical OFDM,0.05,-0.94868326,-0.31622776,-0.6144521,-0.34446782
OFDM,Classical OFDM,0.05,0.94868326,-0.31622776,1.2499923,-0.056471348
OFDM,Classical OFDM,0.05,0.94868326,-0.31622776,1.0171881,-0.025919646
OFDM,Classical OFDM,0.05,0.31622776,0.31622776,0.31894168,0.4464931
OFDM,Classical OFDM,0.05,0.31622776,0.31622776,0.30441895,0.5287065
OFDM,Classical OFDM,0.05,0.31622776,-0.94868326,0.54697055,-0.77141815
OFDM,Classical OFDM,0.05,0.94868326,0.94868326,0.61784893,1.1497021
OFDM,Classical OFDM,0.05,-0.31622776,-0.94868326,-0.14366081,-0.9406564
OFDM,Classical OFDM,0.05,0.31622776,0.31622776,0.24715322,0.5340894
OFDM,Classical OFDM,0.05,0.94868326,0.94868326,0.7970735,1.1307914
OFDM,Classical OFDM,0.05,0.31622776,0.94868326,0.02027291,1.0297911
OFDM,Classical OFDM,0.05,-0.31622776,0.31622776,-0.32198423,0.13334864
OFDM,Classical OFDM,0.05,0.94868326,0.31622776,0.82843256,0.39155442
OFDM,Classical OFDM,0.05,0.31622776,-0.31622776,0.23206073,-0.27226382
OFDM,Classical OFDM,0.05,-0.94868326,0.31622776,-0.9547503,0.3343546
OFDM,Classical OFDM,0.05,0.94868326,0.94868326,0.7829338,1.0469155
OFDM,Classical OFDM,0.05,-0.94868326,0.31622776,-0.95272356,0.23603964
OFDM,Classical OFDM,0.05,0.31622776,-0.31622776,0.38770938,-0.3011701
OFDM,Classical OFDM,0.05,-0.31622776,0.94868326,-0.5414893,0.8057039
OFDM,Classical OFDM,0.05,-0.31622776,0.31622776,-0.4472301,0.17401548
OFDM,Classical OFDM,0.05,-0.31622776,0.94868326,-0.42028135,0.8648812
OFDM,Classical OFDM,0.05,-0.31622776,-0.31622776,-0.35958225,-0.47988674
OFDM,Classical OFDM,0.05,0.94868326,0.31622776,0.9766487,0.47890303
OFDM,Classical OFDM,0.05,-0.31622776,0.31622776,-0.2465753,0.18292774
OFDM,Classical OFDM,0.05,0.31622776,0.31622776,0.3549742,0.3573151
OFDM,Classical OFDM,0.05,0.94868326,0.31622776,0.8541477,0.5151292
OFDM,Classical OFDM,0.05,0.31622776,-0.94868326,0.38078853,-0.905497
OFDM,Classical OFDM,0.05,-0.94868326,0.31622776,-1.0192957,0.14673501
OFDM,Classical OFDM,0.05,0.31622776,-0.31622776,0.48835447,-0.50570625
OFDM,Classical OFDM,0.05,-0.94868326,0.94868326,-0.9621508,0.82833743
OFDM,Classical OFDM,0.05,0.94868326,-0.31622776,0.90703714,-0.120700136
OFDM,Classical OFDM,0.05,-0.31622776,0.94868326,-0.41644278,1.007045
OFDM,Classical OFDM,0.05,-0.31622776,-0.31622776,-0.21585415,-0.3398944
OFDM,Classical OFDM,0.05,-0.31622776,0.94868326,-0.49542555,0.9931085
OFDM,Classical OFDM,0.05,-0.94868326,0.94868326,-0.9281151,0.58437186
OFDM,Classical OFDM,0.05,-0.31622776,0.31622776,-0.39005464,0.15435407
OFDM,Classical OFDM,0.05,-0.31622776,0.31622776,-0.4365426,0.24852939
OFDM,Classical OFDM,0.05,0.31622776,0.94868326,0.15000294,0.7455976
OFDM,Classical OFDM,0.05,-0.31622776,-0.94868326,-0.08500609,-0.97557235
OFDM,Classical OFDM,0.05,0.94868326,0.31622776,0.8333398,0.4165758
OFDM,Classical OFDM,0.05,-0.94868326,-0.31622776,-0.7167753,-0.5598619
OFDM,Classical OFDM,0.05,0.94868326,-0.31622776,1.0455896,-0.047070935
OFDM,Classical OFDM,0.05,0.94868326,0.94868326,0.8695956,0.96485996
OFDM,Classical OFDM,0.05,-0.94868326,-0.31622776,-0.8317827,-0.5883753
OFDM,Classical OFDM,0.05,0.94868326,0.31622776,0.8619115,0.4304942
OFDM,Classical OFDM,0.05,-0.94868326,-0.94868326,-0.8839007,-1.0827556
OFDM,Classical OFDM,0.05,0.31622776,-0.94868326,0.54066867,-0.7690738
OFDM,Classical OFDM,0.05,0.94868326,0.94868326,0.998461,1.1522037
OFDM,Classical OFDM,0.05,0.94868326,-0.31622776,1.0076766,-0.15252915
OFDM,Classical OFDM,0.05,-0.31622776,0.31622776,-0.40555808,0.17113245
OFDM,Classical OFDM,0.05,-0.94868326,-0.31622776,-0.8305819,-0.5032783
OFDM,Classical OFDM,0.05,-0.94868326,0.31622776,-0.848407,0.22526348
OFDM,Classical OFDM,0.05,-0.31622776,0.94868326,-0.48296052,0.98577756
OFDM,Classical OFDM,0.05,-0.94868326,-0.31622776,-0.8058704,-0.52312064
OFDM,Classical OFDM,0.05,0.31622776,-0.31622776,0.5966826,-0.22836402
OFDM,Classical OFDM,0.05,0.31622776,-0.31622776,0.4705779,-0.28085735
OFDM,Classical OFDM,0.05,-0.31622776,0.31622776,-0.2589302,0.14486094
OFDM,Classical OFDM,0.05,0.94868326,-0.94868326,1.0537509,-0.9160834
OFDM,Classical OFDM,0.05,0.94868326,-0.94868326,0.9671296,-0.68984294
OFDM,Classical OFDM,0.05,0.94868326,-0.31622776,0.93030345,-0.085961446
OFDM,Classical OFDM,0.05,-0.94868326,0.94868326,-1.2396162,0.9157852
OFDM,Classical OFDM,0.05,0.94868326,-0.31622776,1.0442524,-0.22518265
OFDM,Classical OFDM,0.05,0.94868326,-0.31622776,0.804763,-0.03957372
OFDM,Classical OFDM,0.05,0.94868326,0.94868326,0.52277374,1.0164849
OFDM,Classical OFDM,0.05,0.31622776,0.31622776,0.1575531,0.44619536
OFDM,Classical OFDM,0.05,-0.31622776,0.31622776,-0.5681,-0.009271913
OFDM,Classical OFDM,0.05,-0.31622776,-0.94868326,-0.20811307,-1.0930651
OFDM,Classical OFDM,0.05,0.31622776,0.31622776,0.32622308,0.31573564
OFDM,Classical OFDM,0.05,0.94868326,0.31622776,0.7637178,0.3399312
OFDM,Classical OFDM,0.05,-0.94868326,-0.31622776,-1.0986065,-0.59806377
OFDM,Classical OFDM,0.05,-0.94868326,-0.94868326,-0.90699625,-1.2112968
OFDM,Classical OFDM,0.05,-0.31622776,0.31622776,-0.32017672,0.22137825
OFDM,Classical OFDM,0.05,0.31622776,-0.94868326,0.45577317,-0.8291032
OFDM,Classical OFDM,0.05,-0.94868326,-0.31622776,-0.9438497,-0.4900809
OFDM,Classical OFDM,0.05,0.31622776,-0.94868326,0.50363123,-0.9679186
OFDM,Classical OFDM,0.05,-0.31622776,-0.31622776,-0.3351767,-0.20867538
OFDM,Classical OFDM,0.05,-0.94868326,0.31622776,-1.0336516,0.32317424
OFDM,Classical OFDM,0.05,-0.94868326,0.31622776,-0.8642309,0.1489786
OFDM,Classical OFDM,0.05,0.94868326,0.31622776,0.9842449,0.40461844
OFDM,Classical OFDM,0.05,-0.31622776,0.94868326,-0.5296452,0.76204985
OFDM,Classical OFDM,0.05,-0.31622776,-0.94868326,-0.15388885,-1.0982609
OFDM,Classical OFDM,0.05,-0.94868326,-0.31622776,-0.7401236,-0.5460288
OFDM,Classical OFDM,0.05,0.94868326,-0.94868326,1.2565541,-0.9217843
OFDM,Classical OFDM,0.05,0.31622776,-0.94868326,0.24903779,-0.7800861
OFDM,Classical OFDM,0.05,-0.94868326,-0.31622776,-0.85131687,-0.37042063
OFDM,Classical OFDM,0.05,-0.94868326,0.94868326,-1.0265912,0.83584344
OFDM,Classical OFDM,0.05,0.94868326,0.31622776,0.9758022,0.29050088
OFDM,Classical OFDM,0.05,-0.31622776,-0.94868326,-0.18155839,-1.2288914
OFDM,Classical OFDM,0.05,-0.31622776,-0.31622776,-0.32529736,-0.41866422
OFDM,Classical OFDM,0.05,0.31622776,-0.94868326,0.5407927,-0.84596467
OFDM,Classical OFDM,0.05,0.94868326,-0.94868326,0.6764368,-0.7682879
OFDM,Classical OFDM,0.05,-0.94868326,0.94868326,-1.1275934,0.8579705
OFDM,Classical OFDM,0.05,0.31622776,-0.31622776,0.37040654,-0.46385118
OFDM,Classical OFDM,0.05,-0.31622776,-0.94868326,-0.36848688,-1.0025759
OFDM,Classical OFDM,0.05,-0.31622776,-0.94868326,-0.14083481,-0.92127645
OFDM,Classical OFDM,0.05,-0.94868326,-0.94868326,-0.80106944,-1.0523552
OFDM,Classical OFDM,0.05,0.31622776,-0.31622776,0.36754876,-0.16201572
OFDM,Classical OFDM,0.05,-0.31622776,0.31622776,-0.46305948,0.21701339
OFDM,Classical OFDM,0.05,-0.31622776,-0.31622776,-0.24099106,-0.35858986
OFDM,Classical OFDM,0.05,0.94868326,0.94868326,0.7638134,1.2373756
OFDM,Classical OFDM,0.05,-0.31622776,0.94868326,-0.56508553,0.913204
OFDM,Classical OFDM,0.05,-0.31622776,0.31622776,-0.3629906,0.28901228
OFDM,Classical OFDM,0.05,-0.94868326,0.94868326,-1.0854589,0.735318
OFDM,Classical OFDM,0.05,0.31622776,-0.94868326,0.4950556,-0.9747635
OFDM,Classical OFDM,0.05,-0.94868326,0.94868326,-1.0818281,0.64872783
OFDM,Classical OFDM,0.05,-0.31622776,-0.31622776,-0.09008455,-0.5448543
OFDM,Classical OFDM,0.05,-0.94868326,-0.31622776,-0.5876066,-0.4649026
OFDM,Classical OFDM,0.05,0.31622776,-0.94868326,0.55957276,-0.7822397
OFDM,Classical OFDM,0.05,-0.31622776,0.31622776,-0.33886176,0.2687024
OFDM,Classical OFDM,0.05,0.94868326,-0.94868326,1.2117915,-0.65431064
OFDM,Classical OFDM,0.05,-0.31622776,0.31622776,-0.2893536,0.37256652
OFDM,Classical OFDM,0.05,0.31622776,0.94868326,0.15733767,1.0767205
OFDM,Classical OFDM,0.05,0.31622776,0.31622776,0.3123329,0.37129208
OFDM,Classical OFDM,0.05,-0.94868326,0.31622776,-0.9112796,-0.00923425
OFDM,Classical OFDM,0.05,-0.31622776,-0.94868326,0.034904525,-1.3380255
OFDM,Classical OFDM,0.05,-0.31622776,0.94868326,-0.5015961,1.0696166
OFDM,Classical OFDM,0.05,-0.31622776,0.31622776,-0.2755908,0.14295183
OFDM,Classical OFDM,0.05,-0.31622776,0.94868326,-0.3268734,0.804465
OFDM,Classical OFDM,0.05,0.94868326,-0.31622776,1.1648867,-0.31659058
OFDM,Classical OFDM,0.05,0.94868326,-0.31622776,0.9570083,-0.2509246
OFDM,Classical OFDM,0.05,-0.94868326,-0.94868326,-0.81427974,-1.1149464
OFDM,Classical OFDM,0.05,-0.31622776,0.31622776,-0.5028564,0.37123317
OFDM,Classical OFDM,0.05,-0.31622776,-0.31622776,-0.06847137,-0.18052527
OFDM,Classical OFDM,0.05,-0.31622776,0.31622776,-0.36428612,0.273083
OFDM,Classical OFDM,0.05,-0.31622776,0.31622776,-0.32205224,0.3599214
OFDM,Classical OFDM,0.05,-0.31622776,0.31622776,-0.28617406,0.3254792
OFDM,Classical OFDM,0.05,0.31622776,-0.94868326,0.5271703,-0.8355201
OFDM,Classical OFDM,0.05,0.94868326,0.94868326,0.7261208,0.9263701
OFDM,Classical OFDM,0.05,-0.31622776,-0.94868326,-0.14380398,-0.93972445
OFDM,Classical OFDM,0.05,-0.31622776,0.31622776,-0.2623438,0.49321008
OFDM,Classical OFDM,0.05,0.31622776,-0.94868326,0.39680386,-0.94851524
OFDM,Classical OFDM,0.05,0.31622776,-0.31622776,0.40175998,-0.30233127
OFDM,Classical OFDM,0.05,-0.31622776,0.94868326,-0.5497818,1.0177529
OFDM,Classical OFDM,0.05,-0.31622776,-0.31622776,-0.27223405,-0.13259187
OFDM,Classical OFDM,0.05,0.94868326,0.94868326,0.69555235,1.1020032
OFDM,Classical OFDM,0.05,-0.31622776,0.94868326,-0.44751132,0.82325995
OFDM,Classical OFDM,0.05,-0.31622776,-0.94868326,-0.036521494,-1.0606593
OFDM,Classical OFDM,0.05,0.94868326,-0.94868326,1.3004817,-0.6315895
OFDM,Classical OFDM,0.05,-0.31622776,0.94868326,-0.6392544,0.9885517
OFDM,Classical OFDM,0.05,0.31622776,0.31622776,0.32068777,0.062380314
OFDM,Classical OFDM,0.05,-0.31622776,-0.94868326,-0.25430447,-0.98922735
OFDM,Classical OFDM,0.05,0.31622776,0.94868326,0.0915581,0.9439446
OFDM,Classical OFDM,0.05,0.31622776,0.31622776,0.16906157,0.49112135
OFDM,Classical OFDM,0.05,-0.31622776,0.94868326,-0.51719534,0.93153
OFDM,Classical OFDM,0.05,-0.94868326,0.94868326,-1.0457702,0.5762685
OFDM,Classical OFDM,0.05,0.94868326,-0.31622776,1.0260042,-0.29640782
OFDM,Classical OFDM,0.05,-0.94868326,-0.94868326,-0.86754674,-1.074015
OFDM,Classical OFDM,0.05,0.94868326,0.31622776,0.98199105,0.5214682
OFDM,Classical OFDM,0.05,0.94868326,0.31622776,0.83882743,0.48891485
OFDM,Classical OFDM,0.05,0.31622776,0.31622776,0.17242995,0.27221128
OFDM,Classical OFDM,0.05,0.31622776,0.94868326,0.084677994,0.877599
OFDM,Classical OFDM,0.05,-0.31622776,0.31622776,-0.3175868,0.009030295
OFDM,Classical OFDM,0.05,-0.94868326,-0.94868326,-0.5893635,-1.0670831
OFDM,Classical OFDM,0.05,0.94868326,-0.94868326,0.9941802,-0.6875022
OFDM,Classical OFDM,0.05,0.94868326,0.94868326,0.652149,1.1730019
OFDM,Classical OFDM,0.05,-0.31622776,-0.94868326,-0.20675668,-1.0429085
OFDM,Classical OFDM,0.05,-0.31622776,0.31622776,-0.3315969,0.26475704
OFDM,Classical OFDM,0.05,0.31622776,0.31622776,0.23957664,0.35522443
OFDM,Classical OFDM,0.05,0.94868326,-0.94868326,1.2252598,-0.66768825
OFDM,Classical OFDM,0.05,0.94868326,0.94868326,0.7224662,1.1938542
OFDM,Classical OFDM,0.05,0.31622776,0.94868326,0.1188059,0.98978424
OFDM,Classical OFDM,0.05,0.94868326,0.94868326,0.8422629,0.9792482
OFDM,Classical OFDM,0.05,0.94868326,0.94868326,0.59386843,1.019313
OFDM,Classical OFDM,0.05,0.94868326,-0.94868326,0.9824397,-0.9299134
OFDM,Classical OFDM,0.05,-0.31622776,0.31622776,-0.41541752,0.09425583
OFDM,Classical OFDM,0.05,0.31622776,-0.31622776,0.32704383,-0.4026991
OFDM,Classical OFDM,0.05,-0.94868326,0.31622776,-1.089653,0.14794917
OFDM,Classical OFDM,0.05,-0.31622776,-0.31622776,-0.2201539,-0.44505212
OFDM,Classical OFDM,0.05,-0.31622776,-0.94868326,-0.09775773,-1.1059844
OFDM,Classical OFDM,0.05,0.94868326,-0.94868326,1.1963519,-1.0309734
OFDM,Classical OFDM,0.05,-0.31622776,-0.31622776,-0.3164575,-0.3334037
OFDM,Classical OFDM,0.05,0.31622776,-0.31622776,0.500737,-0.12138005
OFDM,Classical OFDM,0.05,0.31622776,-0.94868326,0.49982285,-0.7326239
OFDM,Classical OFDM,0.05,0.31622776,-0.31622776,0.25122875,-0.2811207
OFDM,Classical OFDM,0.05,0.31622776,0.94868326,0.09066045,1.2130184
OFDM,Classical OFDM,0.05,0.94868326,0.94868326,0.7569238,0.98330015
OFDM,Classical OFDM,0.05,-0.31622776,0.94868326,-0.44570908,0.46438435
OFDM,Classical OFDM,0.05,-0.31622776,0.31622776,-0.32595727,0.06824991
OFDM,Classical OFDM,0.05,-0.31622776,-0.31622776,-0.19060619,-0.27021515
OFDM,Classical OFDM,0.05,0.94868326,-0.94868326,1.2391846,-0.8997464
OFDM,Classical OFDM,0.05,0.94868326,0.94868326,0.8912285,1.1258053
OFDM,Classical OFDM,0.05,-0.31622776,0.31622776,-0.3300491,0.12029062
OFDM,Classical OFDM,0.05,0.31622776,-0.94868326,0.4436677,-0.9833541
OFDM,Classical OFDM,0.05,0.31622776,-0.31622776,0.45596245,-0.31314817
OFDM,Classical OFDM,0.05,-0.31622776,0.94868326,-0.62848043,0.75698406
OFDM,Classical OFDM,0.05,0.31622776,-0.31622776,0.26054966,-0.45877144
OFDM,Classical OFDM,0.05,-0.94868326,-0.94868326,-0.6921162,-1.0688608
OFDM,Classical OFDM,0.05,-0.94868326,-0.94868326,-0.8700506,-1.1965964
OFDM,Classical OFDM,0.05,-0.31622776,-0.94868326,-0.2673632,-1.0687371
OFDM,Classical OFDM,0.05,-0.94868326,-0.31622776,-0.87913543,-0.46538275
OFDM,Classical OFDM,0.05,-0.94868326,-0.31622776,-0.7483176,-0.5837321
OFDM,Classical OFDM,0.05,-0.31622776,-0.94868326,-0.17861679,-0.9320459
OFDM,Classical OFDM,0.05,0.31622776,0.31622776,0.4495821,0.37625286
OFDM,Classical OFDM,0.05,0.31622776,-0.94868326,0.48947963,-0.86525047
OFDM,Classical OFDM,0.05,0.31622776,-0.31622776,0.44070637,-0.105443045
OFDM,Classical OFDM,0.05,-0.31622776,0.31622776,-0.379668,0.40677068
OFDM,Classical OFDM,0.05,0.31622776,0.31622776,0.39923564,0.38330325
OFDM,Classical OFDM,0.05,-0.31622776,0.31622776,-0.25963894,0.26419303
OFDM,Classical OFDM,0.05,0.94868326,-0.31622776,1.1079886,-0.17764
OFDM,Classical OFDM,0.05,-0.31622776,-0.94868326,-0.15775707,-0.93372506
OFDM,Classical OFDM,0.05,0.31622776,-0.94868326,0.446822,-0.6463556
OFDM,Classical OFDM,0.05,-0.94868326,-0.31622776,-0.7139205,-0.4324267
OFDM,Classical OFDM,0.05,0.31622776,0.31622776,0.3484993,0.4287111
OFDM,Classical OFDM,0.05,0.31622776,0.31622776,0.32250544,0.5726575
OFDM,Classical OFDM,0.05,0.94868326,0.31622776,1.0130619,0.46089944
OFDM,Classical OFDM,0.05,-0.31622776,0.94868326,-0.50397307,0.8145461
OFDM,Classical OFDM,0.05,-0.31622776,-0.94868326,0.04571095,-1.1472052
OFDM,Classical OFDM,0.05,-0.31622776,-0.31622776,-0.13897043,-0.2541603
OFDM,Classical OFDM,0.05,0.94868326,-0.31622776,1.0699939,-0.06877449
OFDM,Classical OFDM,0.05,0.94868326,0.31622776,0.8489864,0.5301772
OFDM,Classical OFDM,0.05,0.94868326,0.31622776,0.9818691,0.44400436
OFDM,Classical OFDM,0.05,-0.94868326,0.31622776,-0.9490268,0.22449583
OFDM,Classical OFDM,0.05,0.31622776,0.31622776,0.3309546,0.3246936
OFDM,Classical OFDM,0.05,0.94868326,0.31622776,0.86742663,0.46118924
OFDM,Classical OFDM,0.05,-0.31622776,0.31622776,-0.3293199,0.4292816
OFDM,Classical OFDM,0.05,0.94868326,0.94868326,0.9965925,1.2304106
OFDM,Classical OFDM,0.05,0.31622776,0.94868326,0.23502669,0.7288192
OFDM,Classical OFDM,0.05,0.31622776,-0.31622776,0.3917157,-0.27021387
OFDM,Classical OFDM,0.05,0.94868326,-0.31622776,0.9813055,-0.014553851
OFDM,Classical OFDM,0.05,0.94868326,0.31622776,0.986672,0.49394277
OFDM,Classical OFDM,0.05,0.31622776,0.31622776,0.26459968,0.24447751
OFDM,Classical OFDM,0.05,0.94868326,0.31622776,0.7491233,0.5021838
OFDM,Classical OFDM,0.05,0.94868326,-0.31622776,0.8660779,-0.2266716
OFDM,Classical OFDM,0.05,0.94868326,0.31622776,0.83996683,0.51526374
OFDM,Classical OFDM,0.05,0.94868326,0.31622776,0.80536604,0.3836226
OFDM,Classical OFDM,0.05,-0.94868326,-0.94868326,-0.85117084,-0.9752501
OFDM,Classical OFDM,0.05,0.94868326,0.94868326,0.8116937,0.97166634
OFDM,Classical OFDM,0.05,0.94868326,0.94868326,0.6468017,0.8940993
OFDM,Classical OFDM,0.05,-0.31622776,0.94868326,-0.7651211,0.7619544
OFDM,Classical OFDM,0.05,0.31622776,-0.94868326,0.39601874,-1.1351694
OFDM,Classical OFDM,0.05,-0.31622776,-0.94868326,-0.30434662,-1.0245982
OFDM,Classical OFDM,0.05,-0.94868326,0.31622776,-1.1427364,0.17929181
OFDM,Classical OFDM,0.05,-0.94868326,0.94868326,-1.088244,0.8192601
OFDM,Classical OFDM,0.05,0.31622776,0.31622776,0.22856508,0.4044858
OFDM,Classical OFDM,0.05,-0.94868326,0.94868326,-1.079737,0.76072997
OFDM,Classical OFDM,0.05,0.94868326,-0.94868326,1.1341693,-0.72053206
OFDM,Classical OFDM,0.05,0.94868326,0.94868326,0.7975778,1.1253215
OFDM,Classical OFDM,0.05,0.94868326,0.94868326,0.7178314,1.0543536
OFDM,Classical OFDM,0.05,-0.94868326,0.94868326,-0.9910165,0.82617134
OFDM,Classical OFDM,0.05,0.94868326,0.94868326,0.80034244,0.8079332
OFDM,Classical OFDM,0.05,0.94868326,0.31622776,0.8622637,0.38247868
OFDM,Classical OFDM,0.05,-0.94868326,-0.94868326,-0.72857225,-1.0946158
OFDM,Classical OFDM,0.05,0.94868326,-0.94868326,0.98576474,-0.74631345
OFDM,Classical OFDM,0.05,-0.94868326,0.31622776,-0.9455644,0.20933317
OFDM,Classical OFDM,0.05,0.94868326,0.31622776,0.9196497,0.3262545
OFDM,Classical OFDM,0.05,0.31622776,-0.94868326,0.3534253,-0.8373257
OFDM,Classical OFDM,0.05,0.31622776,-0.94868326,0.2740569,-1.0614294
OFDM,Classical OFDM,0.05,-0.94868326,0.94868326,-1.1104537,0.812655
OFDM,Classical OFDM,0.05,0.31622776,0.94868326,0.14478543,0.87624466
OFDM,Classical OFDM,0.05,0.31622776,-0.31622776,0.38908347,-0.4338071
OFDM,Classical OFDM,0.05,-0.31622776,-0.94868326,-0.21458852,-1.0011308
OFDM,Classical OFDM,0.05,0.94868326,-0.94868326,1.0072737,-0.64502114
OFDM,Classical OFDM,0.05,0.31622776,-0.31622776,0.23579347,-0.16523363
OFDM,Classical OFDM,0.05,-0.94868326,0.94868326,-1.1255912,0.81921095
OFDM,Classical OFDM,0.05,0.94868326,-0.31622776,1.0694668,-0.16374093
OFDM,Classical OFDM,0.05,-0.94868326,0.94868326,-1.0003858,0.6709296
OFDM,Classical OFDM,0.05,-0.31622776,-0.94868326,-0.062183917,-1.1748664
OFDM,Classical OFDM,0.05,0.94868326,-0.94868326,1.1324337,-0.7873529
OFDM,Classical OFDM,0.05,0.94868326,-0.31622776,0.8996426,-0.113569185
OFDM,Classical OFDM,0.05,-0.31622776,-0.31622776,-0.49126744,-0.31231785
OFDM,Classical OFDM,0.05,-0.31622776,0.94868326,-0.53190154,0.8730859
OFDM,Classical OFDM,0.05,-0.31622776,-0.31622776,-0.28498882,-0.5185549
OFDM,Classical OFDM,0.05,0.94868326,-0.31622776,1.0920058,-0.11581
OFDM,Classical OFDM,0.05,0.94868326,-0.94868326,1.029833,-0.7583608
OFDM,Classical OFDM,0.05,0.31622776,-0.31622776,0.432925,-0.2762008
OFDM,Classical OFDM,0.05,-0.31622776,-0.31622776,-0.22162065,-0.11746243
OFDM,Classical OFDM,0.05,0.31622776,-0.94868326,0.4327769,-0.7330009
OFDM,Classical OFDM,0.05,-0.31622776,0.94868326,-0.30383375,1.0408171
OFDM,Classical OFDM,0.05,0.31622776,0.31622776,0.2464908,0.48711115
OFDM,Classical OFDM,0.05,-0.31622776,-0.94868326,-0.05029112,-1.0604869
OFDM,Classical OFDM,0.05,0.31622776,0.94868326,0.07910848,1.1628704
OFDM,Classical OFDM,0.05,0.31622776,0.31622776,0.12659198,0.26853198
OFDM,Classical OFDM,0.05,-0.94868326,-0.31622776,-0.9907763,-0.5371666
OFDM,Classical OFDM,0.05,-0.31622776,-0.31622776,-0.19289133,-0.4115209
OFDM,Classical OFDM,0.05,-0.31622776,-0.31622776,-0.30355084,-0.3026377
OFDM,Classical OFDM,0.05,-0.94868326,0.31622776,-0.8599565,0.1476174
OFDM,Classical OFDM,0.05,-0.31622776,0.31622776,-0.31091863,0.18382892
OFDM,Classical OFDM,0.05,0.31622776,0.31622776,0.45022187,0.22220643
OFDM,Classical OFDM,0.05,0.94868326,-0.94868326,1.0833837,-0.9081699
OFDM,Classical OFDM,0.05,0.31622776,-0.31622776,0.3576976,-0.30004588
OFDM,Classical OFDM,0.05,0.94868326,-0.94868326,1.000981,-0.85834444
OFDM,Classical OFDM,0.05,0.31622776,0.31622776,0.32855305,0.40546224
OFDM,Classical OFDM,0.05,0.94868326,-0.94868326,0.9858829,-0.8723955
OFDM,Classical OFDM,0.05,0.31622776,0.94868326,0.26391783,0.98020035
OFDM,Classical OFDM,0.05,0.31622776,0.94868326,0.19476527,0.8339218
OFDM,Classical OFDM,0.05,0.31622776,-0.94868326,0.49912658,-1.0140305
OFDM,Classical OFDM,0.05,0.31622776,-0.31622776,0.41818416,-0.25943515
OFDM,Classical OFDM,0.05,0.31622776,-0.31622776,0.47041553,-0.2572036
OFDM,Classical OFDM,0.05,0.31622776,-0.94868326,0.55884266,-0.9180383
OFDM,Classical OFDM,0.05,0.94868326,0.31622776,0.70625484,0.26361847
OFDM,Classical OFDM,0.05,-0.94868326,-0.94868326,-0.88740677,-1.1640884
OFDM,Classical OFDM,0.05,0.31622776,-0.94868326,0.42768785,-0.9529078
OFDM,Classical OFDM,0.05,0.31622776,0.31622776,0.1665498,0.38548887
OFDM,Classical OFDM,0.05,-0.94868326,0.31622776,-0.9870174,-0.008065021
OFDM,Classical OFDM,0.05,0.94868326,-0.94868326,1.0899465,-0.9239885
OFDM,Classical OFDM,0.05,0.94868326,-0.31622776,0.97022367,-0.23876165
OFDM,Classical OFDM,0.05,-0.31622776,-0.94868326,-0.2737655,-0.9716839
OFDM,Classical OFDM,0.05,0.31622776,0.31622776,0.1432952,0.28034002
OFDM,Classical OFDM,0.05,0.94868326,-0.31622776,0.91624993,-0.19460404
OFDM,Classical OFDM,0.05,0.31622776,-0.94868326,0.48413664,-0.8792875
OFDM,Classical OFDM,0.05,0.31622776,-0.31622776,0.14591111,-0.21315098
OFDM,Classical OFDM,0.05,-0.94868326,-0.94868326,-0.79148555,-0.9989535
OFDM,Classical OFDM,0.05,-0.31622776,0.31622776,-0.46370256,0.37371284
OFDM,Classical OFDM,0.05,0.94868326,0.31622776,0.8953191,0.6141826
OFDM,Classical OFDM,0.05,-0.31622776,0.94868326,-0.5492756,0.82333
OFDM,Classical OFDM,0.05,0.31622776,0.94868326,0.27736887,0.9350659
OFDM,Classical OFDM,0.05,0.31622776,-0.94868326,0.3902267,-0.8825416
OFDM,Classical OFDM,0.05,0.31622776,-0.94868326,0.3779116,-0.7602273
OFDM,Classical OFDM,0.05,0.94868326,0.94868326,0.5763556,1.070417
OFDM,Classical OFDM,0.05,0.31622776,-0.94868326,0.4759888,-0.8930195
OFDM,Classical OFDM,0.05,-0.31622776,0.94868326,-0.48827207,0.86126065
OFDM,Classical OFDM,0.05,0.31622776,0.31622776,0.24728996,0.39565507
OFDM,Classical OFDM,0.05,0.94868326,0.31622776,0.83465457,0.34511286
OFDM,Classical OFDM,0.05,-0.31622776,0.94868326,-0.62522113,0.82458293
OFDM,Classical OFDM,0.05,0.31622776,-0.94868326,0.38844338,-0.9261694
OFDM,Classical OFDM,0.05,-0.94868326,0.31622776,-1.1140344,0.23978215
OFDM,Classical OFDM,0.05,-0.31622776,0.94868326,-0.4935283,0.93894994
OFDM,Classical OFDM,0.05,-0.94868326,0.31622776,-0.8395349,-0.005842477
OFDM,Classical OFDM,0.05,-0.94868326,-0.94868326,-0.7103987,-1.3515195
OFDM,Classical OFDM,0.05,-0.31622776,-0.31622776,-0.19373924,-0.40715995
OFDM,Classical OFDM,0.05,-0.31622776,-0.31622776,-0.17232937,-0.4340133
OFDM,Classical OFDM,0.05,0.94868326,-0.31622776,0.9504739,-0.25980303
OFDM,Classical OFDM,0.05,-0.31622776,-0.31622776,-0.37917548,-0.30298144
OFDM,Classical OFDM,0.05,-0.31622776,-0.94868326,-0.22169393,-0.93602127
OFDM,Classical OFDM,0.05,-0.94868326,0.31622776,-1.0301957,0.29516843
OFDM,Classical OFDM,0.05,-0.31622776,-0.31622776,-0.015157998,-0.36976153
OFDM,Classical OFDM,0.05,-0.31622776,-0.94868326,-0.17755355,-1.0282613
OFDM,Classical OFDM,0.05,-0.94868326,-0.31622776,-0.87045044,-0.46149904
OFDM,Classical OFDM,0.05,-0.94868326,0.94868326,-0.9414146,0.7606495
OFDM,Classical OFDM,0.05,0.94868326,-0.94868326,1.1709751,-0.7140437
OFDM,Classical OFDM,0.05,0.94868326,-0.31622776,1.1291372,0.12396169
OFDM,Classical OFDM,0.05,0.94868326,0.94868326,0.68296033,1.2694104
OFDM,Classical OFDM,0.05,0.31622776,0.94868326,0.097763896,0.74217534
OFDM,Classical OFDM,0.05,-0.31622776,-0.31622776,-0.41627708,-0.35325328
OFDM,Classical OFDM,0.05,-0.94868326,-0.31622776,-0.9530837,-0.388763
OFDM,Classical OFDM,0.05,-0.31622776,-0.94868326,-0.15525807,-0.87257326
OFDM,Classical OFDM,0.05,0.31622776,0.94868326,0.078387864,1.1534013
OFDM,Classical OFDM,0.05,-0.31622776,0.31622776,-0.30474937,0.3725477
OFDM,Classical OFDM,0.05,-0.31622776,0.31622776,-0.48081583,0.35036752
OFDM,Classical OFDM,0.05,-0.94868326,0.94868326,-1.0045457,0.7441246
OFDM,Classical OFDM,0.05,-0.31622776,-0.94868326,-0.19884518,-1.007822
OFDM,Classical OFDM,0.05,0.94868326,0.31622776,1.1170038,0.52579343
OFDM,Classical OFDM,0.05,-0.31622776,0.31622776,-0.41887045,0.24427183
OFDM,Classical OFDM,0.05,-0.94868326,-0.94868326,-0.747109,-0.9353615
OFDM,Classical OFDM,0.05,0.94868326,-0.94868326,1.2168999,-0.82959354
OFDM,Classical OFDM,0.05,0.31622776,-0.31622776,0.2027937,-0.007549409
OFDM,Classical OFDM,0.05,0.94868326,0.94868326,0.6061839,1.1084278
OFDM,Classical OFDM,0.05,-0.94868326,0.94868326,-1.1785634,0.82936937
OFDM,Classical OFDM,0.05,-0.31622776,0.94868326,-0.33765075,0.83469486
OFDM,Classical OFDM,0.05,-0.94868326,-0.94868326,-0.78873485,-1.0711898
OFDM,Classical OFDM,0.05,-0.31622776,-0.31622776,-0.20865002,-0.43697792
OFDM,Classical OFDM,0.05,0.31622776,0.94868326,0.12456015,0.95873356
OFDM,Classical OFDM,0.05,-0.94868326,0.94868326,-1.1335819,0.75862604
OFDM,Classical OFDM,0.05,-0.31622776,0.94868326,-0.29136434,0.7792559
OFDM,Classical OFDM,0.05,-0.31622776,-0.31622776,-0.2320098,-0.47878274
OFDM,Classical OFDM,0.05,-0.31622776,-0.31622776,-0.056757767,-0.5093531
OFDM,Classical OFDM,0.05,0.31622776,-0.94868326,0.68795484,-0.8752861
OFDM,Classical OFDM,0.05,0.94868326,-0.94868326,1.1598632,-0.6073234
OFDM,Classical OFDM,0.05,0.31622776,0.31622776,0.16314992,0.43415177
OFDM,Classical OFDM,0.05,-0.94868326,-0.94868326,-0.892502,-0.95382977
OFDM,Classical OFDM,0.05,0.31622776,0.31622776,0.2562909,0.45236877
OFDM,Classical OFDM,0.05,-0.94868326,0.94868326,-0.9768367,0.85658413
OFDM,Classical OFDM,0.05,-0.31622776,-0.94868326,-0.026263237,-0.96010864
OFDM,Classical OFDM,0.05,0.31622776,0.31622776,0.3383125,0.4792065
OFDM,Classical OFDM,0.05,0.31622776,-0.31622776,0.44646317,-0.29899025
OFDM,Classical OFDM,0.05,-0.31622776,0.94868326,-0.6538795,1.1689341
OFDM,Classical OFDM,0.05,0.31622776,0.31622776,0.3704481,0.33754268
OFDM,Classical OFDM,0.05,-0.31622776,0.94868326,-0.37566167,0.9754257
OFDM,Classical OFDM,0.05,0.94868326,-0.94868326,1.2012496,-0.6138414
OFDM,Classical OFDM,0.05,0.94868326,0.94868326,0.5376644,1.0399418
OFDM,Classical OFDM,0.05,-0.94868326,0.94868326,-1.3205655,0.72426325
OFDM,Classical OFDM,0.05,-0.94868326,0.31622776,-0.7408669,0.21057355
OFDM,Classical OFDM,0.05,0.31622776,-0.31622776,0.43707585,-0.24909146
OFDM,Classical OFDM,0.05,0.94868326,0.94868326,0.67235786,0.9454329
OFDM,Classical OFDM,0.05,0.31622776,0.31622776,0.2708146,0.13706443
OFDM,Classical OFDM,0.05,-0.94868326,-0.94868326,-0.7722584,-1.2404164
OFDM,Classical OFDM,0.05,0.31622776,-0.94868326,0.32418135,-1.1676633
OFDM,Classical OFDM,0.05,0.94868326,-0.94868326,1.404383,-0.80886745
OFDM,Classical OFDM,0.05,0.31622776,-0.94868326,0.51092076,-0.84758806
OFDM,Classical OFDM,0.05,0.94868326,-0.31622776,0.9043772,-0.28192136
OFDM,Classical OFDM,0.05,-0.31622776,-0.94868326,-0.15493628,-0.914354
OFDM,Classical OFDM,0.05,0.94868326,-0.94868326,1.1483635,-0.6257274
OFDM,Classical OFDM,0.05,0.31622776,0.31622776,0.0779507,0.36974365
OFDM,Classical OFDM,0.05,-0.31622776,0.31622776,-0.49860162,0.046608888
OFDM,Classical OFDM,0.05,-0.94868326,-0.94868326,-0.77019215,-1.0894854
OFDM,Classical OFDM,0.05,-0.94868326,-0.94868326,-0.81840456,-1.02881
OFDM,Classical OFDM,0.05,0.31622776,-0.31622776,0.37377778,-0.15307389
OFDM,Classical OFDM,0.05,-0.94868326,0.31622776,-1.0377643,0.16003045
OFDM,Classical OFDM,0.05,-0.31622776,0.31622776,-0.41450572,0.10692349
OFDM,Classical OFDM,0.05,-0.94868326,0.31622776,-1.1092079,0.12943384
OFDM,Classical OFDM,0.05,-0.94868326,-0.31622776,-0.8254056,-0.39020202
OFDM,Classical OFDM,0.05,-0.94868326,-0.31622776,-0.7385169,-0.38928238
OFDM,Classical OFDM,0.05,0.94868326,0.31622776,0.88171273,0.54371166
OFDM,Classical OFDM,0.05,-0.94868326,-0.94868326,-0.6599585,-1.1970516
OFDM,Classical OFDM,0.05,-0.31622776,-0.94868326,-0.11878644,-0.9411883
OFDM,Classical OFDM,0.05,-0.31622776,0.31622776,-0.46496308,0.5056653
OFDM,Classical OFDM,0.05,0.94868326,0.31622776,0.83895063,0.63108695
OFDM,Classical OFDM,0.05,0.31622776,-0.31622776,0.28448626,-0.2593918
OFDM,Classical OFDM,0.05,-0.31622776,0.31622776,-0.41398907,0.36560774
OFDM,Classical OFDM,0.05,-0.94868326,0.94868326,-1.1592653,0.7006203
OFDM,Classical OFDM,0.05,-0.31622776,-0.31622776,-0.3624643,-0.35064384
OFDM,Classical OFDM,0.05,0.94868326,-0.31622776,1.0266207,-0.28715107
OFDM,Classical OFDM,0.05,-0.31622776,-0.31622776,-0.29394674,-0.3684704
OFDM,Classical OFDM,0.05,-0.94868326,-0.31622776,-0.86883974,-0.4176991
OFDM,Classical OFDM,0.05,-0.31622776,0.94868326,-0.37454572,0.7720607
OFDM,Classical OFDM,0.05,0.94868326,-0.94868326,1.2249591,-0.77088237
OFDM,Classical OFDM,0.05,0.94868326,-0.31622776,0.99462676,-0.121579565
OFDM,Classical OFDM,0.05,0.31622776,-0.31622776,0.23437706,-0.23077899
OFDM,Classical OFDM,0.05,-0.31622776,-0.94868326,-0.1160211,-0.9134134
OFDM,Classical OFDM,0.05,-0.31622776,0.31622776,-0.23051599,0.3820542
OFDM,Classical OFDM,0.05,0.31622776,0.31622776,0.2786684,0.455463
OFDM,Classical OFDM,0.05,0.31622776,0.94868326,0.091641545,0.9897974
OFDM,Classical OFDM,0.05,-0.94868326,-0.31622776,-1.1009258,-0.27883127
OFDM,Classical OFDM,0.05,-0.94868326,0.31622776,-0.9445354,0.17374144
OFDM,Classical OFDM,0.05,-0.94868326,-0.94868326,-0.6797638,-1.0589674
OFDM,Classical OFDM,0.05,0.31622776,0.94868326,0.24753827,1.0992637
OFDM,Classical OFDM,0.05,-0.94868326,0.94868326,-1.1854513,0.73858225
OFDM,Classical OFDM,0.05,0.31622776,-0.94868326,0.53688735,-0.90202445
OFDM,Classical OFDM,0.05,0.94868326,0.31622776,0.7847058,0.42381072
OFDM,Classical OFDM,0.05,-0.94868326,0.94868326,-1.2354959,0.7475233
OFDM,Classical OFDM,0.05,0.31622776,-0.31622776,0.3286153,-0.43528882
OFDM,Classical OFDM,0.05,-0.94868326,-0.94868326,-0.8679077,-1.2907084
OFDM,Classical OFDM,0.05,0.94868326,-0.31622776,0.9407324,-0.20765065
OFDM,Classical OFDM,0.05,-0.94868326,0.31622776,-0.94000477,-0.058486585
OFDM,Classical OFDM,0.05,-0.94868326,-0.94868326,-0.76016295,-1.2667918
OFDM,Classical OFDM,0.05,0.31622776,0.31622776,0.250642,0.35382426
OFDM,Classical OFDM,0.05,-0.94868326,0.94868326,-0.9835068,0.6095071
OFDM,Classical OFDM,0.05,0.94868326,-0.31622776,0.93140966,-0.2756886
OFDM,Classical OFDM,0.05,-0.31622776,-0.94868326,-0.20928836,-1.0260175
OFDM,Classical OFDM,0.05,-0.31622776,-0.94868326,-0.22020501,-1.1684376
OFDM,Classical OFDM,0.05,-0.94868326,-0.94868326,-0.7046463,-1.2280153
OFDM,Classical OFDM,0.05,0.94868326,-0.94868326,1.1115917,-0.7787555
OFDM,Classical OFDM,0.05,0.94868326,-0.94868326,1.056999,-0.8117576
OFDM,Classical OFDM,0.05,0.31622776,-0.31622776,0.3955642,-0.14646527
OFDM,Classical OFDM,0.05,-0.94868326,-0.31622776,-1.0123552,-0.4851278
OFDM,Classical OFDM,0.05,0.31622776,-0.31622776,0.37915793,-0.18016705
OFDM,Classical OFDM,0.05,0.31622776,-0.31622776,0.17157045,-0.08161578
OFDM,Classical OFDM,0.05,0.94868326,0.31622776,0.73618835,0.5603022
OFDM,Classical OFDM,0.05,-0.94868326,0.31622776,-1.0703,0.071144044
OFDM,Classical OFDM,0.05,-0.94868326,0.31622776,-0.88242525,0.19974476
OFDM,Classical OFDM,0.05,0.31622776,-0.94868326,0.50154775,-0.8101365
OFDM,Classical OFDM,0.05,-0.94868326,-0.31622776,-0.883348,-0.31279412
OFDM,Classical OFDM,0.05,-0.31622776,0.94868326,-0.49968302,0.9096074
OFDM,Classical OFDM,0.05,-0.94868326,0.94868326,-0.99143535,0.70197284
OFDM,Classical OFDM,0.05,0.94868326,-0.31622776,1.1537848,-0.33695436
OFDM,Classical OFDM,0.05,0.94868326,-0.31622776,0.8774822,-0.08617683
OFDM,Classical OFDM,0.05,-0.31622776,-0.94868326,-0.27350038,-0.97711205
OFDM,Classical OFDM,0.05,-0.94868326,-0.94868326,-0.8832516,-1.0898085
OFDM,Classical OFDM,0.05,-0.94868326,0.94868326,-1.1531967,0.77141154
OFDM,Classical OFDM,0.05,-0.31622776,-0.94868326,-0.21375766,-0.97084206
OFDM,Classical OFDM,0.05,0.94868326,-0.94868326,1.25458,-0.628023
OFDM,Classical OFDM,0.05,0.31622776,0.31622776,0.231085,0.37370014
OFDM,Classical OFDM,0.05,0.94868326,-0.94868326,0.9435235,-0.6787424
OFDM,Classical OFDM,0.05,0.31622776,0.31622776,0.29666588,0.5873728
OFDM,Classical OFDM,0.05,-0.94868326,0.31622776,-0.7938536,0.09050831
OFDM,Classical OFDM,0.05,0.94868326,-0.94868326,1.1852336,-0.7763045
OFDM,Classical OFDM,0.05,0.94868326,0.94868326,0.6391468,1.2292944
OFDM,Classical OFDM,0.05,-0.31622776,0.94868326,-0.30156654,0.8995625
OFDM,Classical OFDM,0.05,0.31622776,-0.94868326,0.51612025,-0.9129721
OFDM,Classical OFDM,0.05,-0.31622776,-0.31622776,-0.37714878,-0.31767952
OFDM,Classical OFDM,0.05,0.31622776,0.31622776,0.32154983,0.39476734
OFDM,Classical OFDM,0.05,-0.31622776,-0.94868326,-0.2969576,-1.0004283
OFDM,Classical OFDM,0.05,0.94868326,0.94868326,0.8013017,1.1662275
OFDM,Classical OFDM,0.05,-0.94868326,-0.31622776,-1.1896925,-0.42339095
OFDM,Classical OFDM,0.05,-0.94868326,0.31622776,-0.8041708,0.30877224
OFDM,Classical OFDM,0.05,-0.31622776,-0.94868326,-0.24448371,-0.8375365
OFDM,Classical OFDM,0.05,-0.94868326,-0.31622776,-0.78418237,-0.26033595
OFDM,Classical OFDM,0.05,0.94868326,0.31622776,1.0639012,0.5962913
OFDM,Classical OFDM,0.05,0.31622776,0.94868326,0.19233683,1.0222951
OFDM,Classical OFDM,0.05,-0.94868326,-0.31622776,-0.853721,-0.5889656
OFDM,Classical OFDM,0.05,-0.94868326,-0.31622776,-0.96789116,-0.5344294
OFDM,Classical OFDM,0.05,0.31622776,-0.94868326,0.46500176,-0.7538003
OFDM,Classical OFDM,0.05,0.31622776,0.31622776,0.09796201,0.47548482
OFDM,Classical OFDM,0.05,0.31622776,0.31622776,0.4126848,0.40362287
OFDM,Classical OFDM,0.05,-0.94868326,0.31622776,-0.8614185,0.26598436
OFDM,Classical OFDM,0.05,0.94868326,0.31622776,0.91662765,0.47271565
OFDM,Classical OFDM,0.05,0.31622776,0.94868326,0.0058950186,1.006385
OFDM,Classical OFDM,0.05,0.31622776,-0.31622776,0.3344515,-0.37262914
OFDM,Classical OFDM,0.05,-0.31622776,0.31622776,-0.35104564,0.1882232
OFDM,Classical OFDM,0.05,-0.94868326,0.94868326,-1.1502639,0.75655663
OFDM,Classical OFDM,0.05,0.94868326,0.31622776,0.90615046,0.37673134
OFDM,Classical OFDM,0.05,0.94868326,-0.31622776,0.92275405,0.013217046
OFDM,Classical OFDM,0.05,-0.31622776,0.31622776,-0.6196851,0.32795534
OFDM,Classical OFDM,0.05,-0.94868326,0.31622776,-1.0614897,0.20539036
OFDM,Classical OFDM,0.05,-0.31622776,0.94868326,-0.48164862,0.9367465
OFDM,Classical OFDM,0.05,-0.31622776,0.94868326,-0.40600088,0.8329166
OFDM,Classical OFDM,0.05,0.31622776,0.94868326,0.18725556,0.762899
OFDM,Classical OFDM,0.05,-0.31622776,-0.94868326,-0.29136983,-1.0928856
OFDM,Classical OFDM,0.05,0.31622776,-0.31622776,0.3036917,-0.14280108
OFDM,Classical OFDM,0.05,-0.94868326,0.31622776,-0.84519434,0.17268455
OFDM,Classical OFDM,0.05,-0.31622776,0.31622776,-0.49690533,0.3222205
OFDM,Classical OFDM,0.05,-0.94868326,-0.31622776,-0.821746,-0.408943
OFDM,Classical OFDM,0.05,-0.31622776,0.31622776,-0.32663447,0.18367317
OFDM,Classical OFDM,0.05,-0.94868326,-0.31622776,-0.8605571,-0.54658866
OFDM,Classical OFDM,0.05,-0.94868326,0.31622776,-0.9993136,0.103719555
OFDM,Classical OFDM,0.05,-0.31622776,0.31622776,-0.27895182,0.27483517
OFDM,Classical OFDM,0.05,0.94868326,0.31622776,0.9887697,0.37480432
OFDM,Classical OFDM,0.05,0.94868326,-0.31622776,1.0768876,-0.22299242
OFDM,Classical OFDM,0.05,-0.94868326,-0.31622776,-1.0571063,-0.62790114
OFDM,Classical OFDM,0.05,0.94868326,-0.31622776,1.0947691,-0.19701657
OFDM,Classical OFDM,0.05,-0.31622776,0.31622776,-0.38705513,0.28977048
OFDM,Classical OFDM,0.05,0.31622776,-0.31622776,0.3317142,-0.31147644
OFDM,Classical OFDM,0.05,0.94868326,0.94868326,0.8913808,1.1522039
OFDM,Classical OFDM,0.05,-0.31622776,0.94868326,-0.34204963,0.9290648
OFDM,Classical OFDM,0.05,0.94868326,0.94868326,0.8333343,0.8684499
OFDM,Classical OFDM,0.05,-0.31622776,0.31622776,-0.4246627,0.032467704
OFDM,Classical OFDM,0.05,0.94868326,0.31622776,0.82936954,0.475349
OFDM,Classical OFDM,0.05,0.94868326,-0.31622776,0.84184337,-0.37089613
OFDM,Classical OFDM,0.05,-0.94868326,-0.94868326,-0.8257385,-1.1117368
OFDM,Classical OFDM,0.05,-0.94868326,0.94868326,-0.877428,0.7707582
OFDM,Classical OFDM,0.05,0.31622776,-0.31622776,0.36245766,-0.3141671
OFDM,Classical OFDM,0.05,-0.31622776,-0.94868326,-0.091005415,-0.9826032
OFDM,Classical OFDM,0.05,0.31622776,0.94868326,0.3107449,0.809069
OFDM,Classical OFDM,0.05,-0.94868326,-0.31622776,-0.89734215,-0.41723454
OFDM,Classical OFDM,0.05,-0.94868326,-0.31622776,-0.75567234,-0.43074462
OFDM,Classical OFDM,0.05,0.94868326,-0.31622776,1.2685401,0.0090215495
OFDM,Classical OFDM,0.05,0.94868326,0.31622776,1.0010374,0.24922527
OFDM,Classical OFDM,0.05,0.31622776,0.94868326,0.24040827,1.1216897
OFDM,Classical OFDM,0.05,0.94868326,0.94868326,0.91215366,0.9680213
OFDM,Classical OFDM,0.05,0.31622776,-0.94868326,0.47401273,-1.0560516
OFDM,Classical OFDM,0.05,0.94868326,-0.31622776,1.03788,-0.13650066
OFDM,Classical OFDM,0.05,-0.94868326,-0.94868326,-0.5174869,-0.9997406
OFDM,Classical OFDM,0.05,0.94868326,-0.94868326,1.0976301,-0.74696505
OFDM,Classical OFDM,0.05,0.94868326,-0.31622776,0.9926764,-0.08835136
OFDM,Classical OFDM,0.05,0.94868326,-0.31622776,0.9842941,-0.15180224
OFDM,Classical OFDM,0.05,0.31622776,0.31622776,0.1705952,0.60868007
OFDM,Classical OFDM,0.05,0.31622776,0.94868326,0.10824308,1.0394292
OFDM,Classical OFDM,0.05,0.94868326,-0.31622776,0.92452204,-0.13638565
OFDM,Classical OFDM,0.05,-0.94868326,0.94868326,-1.4166888,0.71220934
OFDM,Classical OFDM,0.05,0.94868326,0.94868326,0.6505561,1.0460958
OFDM,Classical OFDM,0.05,-0.31622776,0.31622776,-0.35632178,0.2779859
OFDM,Classical OFDM,0.05,0.31622776,0.31622776,0.26746938,0.36772853
OFDM,Classical OFDM,0.05,-0.31622776,0.94868326,-0.58481836,0.78418165
OFDM,Classical OFDM,0.05,-0.31622776,0.94868326,-0.36861414,0.8941048
OFDM,Classical OFDM,0.05,0.31622776,0.31622776,0.24149135,0.24851152
OFDM,Classical OFDM,0.05,0.94868326,0.94868326,0.78827935,1.0512404
OFDM,Classical OFDM,0.05,-0.94868326,0.94868326,-1.228772,0.63831717
OFDM,Classical OFDM,0.05,-0.31622776,0.94868326,-0.22064829,0.8640176
OFDM,Classical OFDM,0.05,0.31622776,0.94868326,0.2235293,0.87016624
OFDM,Classical OFDM,0.05,-0.94868326,0.94868326,-0.9224434,0.5781175
OFDM,Classical OFDM,0.05,0.94868326,-0.94868326,1.1769862,-0.87997496
OFDM,Classical OFDM,0.05,0.31622776,-0.94868326,0.5336751,-1.0115858
OFDM,Classical OFDM,0.05,0.94868326,0.31622776,0.8998412,0.3842187
OFDM,Classical OFDM,0.05,-0.94868326,-0.94868326,-0.77547795,-1.1643472
OFDM,Classical OFDM,0.05,0.31622776,0.94868326,0.34666252,1.0353255
OFDM,Classical OFDM,0.05,0.94868326,0.31622776,0.9143888,0.23144522
OFDM,Classical OFDM,0.05,-0.31622776,-0.31622776,-0.15314904,-0.45101473
OFDM,Classical OFDM,0.05,-0.31622776,-0.94868326,-0.10809957,-1.0812147
OFDM,Classical OFDM,0.05,0.94868326,-0.31622776,0.9456967,-0.16011786
OFDM,Classical OFDM,0.05,-0.94868326,-0.94868326,-0.8810034,-0.9998702
OFDM,Classical OFDM,0.05,-0.94868326,-0.31622776,-0.8486405,-0.22971265
OFDM,Classical OFDM,0.05,0.94868326,0.94868326,0.8223642,1.0296117
OFDM,Classical OFDM,0.05,0.31622776,-0.94868326,0.4651494,-0.9137381
OFDM,Classical OFDM,0.05,-0.94868326,-0.94868326,-0.7131358,-0.8463347
OFDM,Classical OFDM,0.05,0.94868326,0.31622776,0.9892394,0.6131057
OFDM,Classical OFDM,0.05,0.94868326,0.94868326,0.6166254,1.1306688
OFDM,Classical OFDM,0.05,0.94868326,0.94868326,0.61046666,1.0630205
OFDM,Classical OFDM,0.05,-0.94868326,0.94868326,-1.2202425,0.7093896
OFDM,Classical OFDM,0.05,0.94868326,-0.94868326,1.0037749,-0.785434
OFDM,Classical OFDM,0.05,-0.31622776,0.94868326,-0.45836812,0.7162494
OFDM,Classical OFDM,0.05,-0.31622776,-0.94868326,0.023041606,-1.0484718
OFDM,Classical OFDM,0.05,0.94868326,-0.31622776,0.95768297,-0.054601658
OFDM,Classical OFDM,0.05,-0.31622776,-0.31622776,-0.26975703,-0.4125725
OFDM,Classical OFDM,0.05,0.31622776,-0.31622776,0.25848314,-0.20694365
OFDM,Classical OFDM,0.05,0.94868326,-0.94868326,1.0052652,-0.65339726
OFDM,Classical OFDM,0.05,-0.94868326,0.31622776,-1.1401953,0.26153553
OFDM,Classical OFDM,0.05,-0.31622776,-0.94868326,-0.19061999,-0.8640609
OFDM,Classical OFDM,0.05,-0.31622776,0.94868326,-0.5742525,0.98080814
OFDM,Classical OFDM,0.05,0.94868326,-0.31622776,1.0256411,-0.08117886
OFDM,Classical OFDM,0.05,-0.31622776,-0.94868326,-0.30640003,-0.8842761
OFDM,Classical OFDM,0.05,-0.31622776,0.94868326,-0.56483644,0.9930386
OFDM,Classical OFDM,0.05,0.31622776,-0.94868326,0.48061407,-1.1565491
OFDM,Classical OFDM,0.05,-0.31622776,-0.31622776,-0.23365879,-0.106888086
OFDM,Classical OFDM,0.05,-0.94868326,0.31622776,-0.96241134,0.1761307
OFDM,Classical OFDM,0.05,-0.31622776,0.94868326,-0.6705952,0.8942332
OFDM,Classical OFDM,0.05,0.31622776,-0.94868326,0.47385314,-1.0377638
OFDM,Classical OFDM,0.05,0.94868326,0.94868326,0.7230598,1.3546246
OFDM,Classical OFDM,0.05,-0.94868326,0.94868326,-1.07073,0.85037404
OFDM,Classical OFDM,0.05,0.31622776,0.31622776,0.23956266,0.2826377
OFDM,Classical OFDM,0.05,-0.31622776,-0.94868326,-0.38468182,-1.0830383
OFDM,Classical OFDM,0.05,-0.94868326,0.31622776,-0.9797564,0.22744182
OFDM,Classical OFDM,0.05,-0.94868326,-0.94868326,-0.7983679,-1.1113892
OFDM,Classical OFDM,0.05,-0.31622776,0.31622776,-0.35046926,0.3401883
OFDM,Classical OFDM,0.05,-0.94868326,0.31622776,-1.0867229,0.18436599
OFDM,Classical OFDM,0.05,0.31622776,-0.94868326,0.4372915,-0.7926902
OFDM,Classical OFDM,0.05,-0.31622776,0.94868326,-0.39795104,0.8534605
OFDM,Classical OFDM,0.05,-0.94868326,-0.31622776,-0.85584974,-0.53178567
OFDM,Classical OFDM,0.05,0.94868326,-0.94868326,0.9897113,-0.64993924
OFDM,Classical OFDM,0.05,-0.31622776,-0.31622776,-0.33975077,-0.20030603
OFDM,Classical OFDM,0.05,-0.94868326,-0.31622776,-0.84839004,-0.42436987
OFDM,Classical OFDM,0.05,-0.94868326,-0.94868326,-0.63109237,-1.2078347
OFDM,Classical OFDM,0.05,0.31622776,-0.31622776,0.29621488,-0.12102944
OFDM,Classical OFDM,0.05,0.94868326,0.94868326,0.70679086,1.1978928
OFDM,Classical OFDM,0.05,-0.94868326,-0.31622776,-0.8815975,-0.39970687
OFDM,Classical OFDM,0.05,0.31622776,0.94868326,0.004648298,1.1419207
OFDM,Classical OFDM,0.05,-0.94868326,0.31622776,-0.981979,0.22988325
OFDM,Classical OFDM,0.05,-0.31622776,0.94868326,-0.5261138,0.8002141
OFDM,Classical OFDM,0.05,0.94868326,0.94868326,0.83143693,1.0636224
OFDM,Classical OFDM,0.05,-0.31622776,0.31622776,-0.2906925,0.24404868
OFDM,Classical OFDM,0.05,0.31622776,-0.94868326,0.52136505,-0.9837332
OFDM,Classical OFDM,0.05,-0.94868326,0.31622776,-0.91319025,0.12621425
OFDM,Classical OFDM,0.05,0.31622776,-0.31622776,0.28177312,-0.06199784
OFDM,Classical OFDM,0.05,-0.94868326,0.94868326,-1.0966969,0.63886464
OFDM,Classical OFDM,0.05,-0.31622776,0.94868326,-0.58463705,0.8062573
OFDM,Classical OFDM,0.05,-0.94868326,-0.94868326,-0.6561521,-1.0461383
OFDM,Classical OFDM,0.05,0.31622776,0.94868326,0.14723879,1.0660357
OFDM,Classical OFDM,0.05,-0.31622776,-0.94868326,0.019898891,-1.0194275
OFDM,Classical OFDM,0.05,0.94868326,-0.31622776,1.0861357,-0.03765899
OFDM,Classical OFDM,0.05,-0.31622776,0.94868326,-0.47263396,0.86734205
OFDM,Classical OFDM,0.05,-0.94868326,-0.94868326,-0.66645837,-0.99562854
OFDM,Classical OFDM,0.05,0.94868326,0.94868326,0.7105542,1.1138692
OFDM,Classical OFDM,0.05,0.94868326,0.94868326,0.8952864,1.1875511
OFDM,Classical OFDM,0.05,0.94868326,-0.94868326,1.0354213,-0.8828398
OFDM,Classical OFDM,0.05,0.31622776,0.31622776,0.070557624,0.23758388
OFDM,Classical OFDM,0.05,-0.94868326,0.31622776,-1.1577036,0.11630697
OFDM,Classical OFDM,0.05,-0.31622776,-0.31622776,-0.30974615,-0.26227993
OFDM,Classical OFDM,0.05,0.31622776,0.94868326,0.34990174,0.9570634
OFDM,Classical OFDM,0.05,-0.31622776,0.94868326,-0.60714054,0.7915909
OFDM,Classical OFDM,0.05,-0.31622776,0.94868326,-0.46529275,0.67160517
OFDM,Classical OFDM,0.05,-0.94868326,0.31622776,-0.8967982,0.12513685
OFDM,Classical OFDM,0.05,0.94868326,-0.31622776,0.9885652,-0.14039077
OFDM,Classical OFDM,0.05,-0.94868326,-0.94868326,-0.819762,-1.0121168
OFDM,Classical OFDM,0.05,0.94868326,-0.31622776,0.91011995,0.011008534
OFDM,Classical OFDM,0.05,0.31622776,0.94868326,0.21805418,0.99383557
OFDM,Classical OFDM,0.05,0.31622776,0.94868326,0.17233822,0.76659817
OFDM,Classical OFDM,0.05,0.94868326,-0.31622776,0.67032313,-0.23367381
OFDM,Classical OFDM,0.05,-0.94868326,-0.94868326,-0.83804315,-1.2800527
OFDM,Classical OFDM,0.05,-0.94868326,-0.31622776,-0.77333593,-0.397645
OFDM,Classical OFDM,0.05,0.31622776,0.94868326,0.16682419,0.99008656
OFDM,Classical OFDM,0.05,0.31622776,-0.94868326,0.52606493,-1.0098591
OFDM,Classical OFDM,0.05,0.31622776,0.31622776,0.40633133,0.45535743
OFDM,Classical OFDM,0.05,-0.31622776,0.31622776,-0.3016851,0.09253195
OFDM,Classical OFDM,0.05,0.94868326,-0.31622776,0.991202,-0.22096723
OFDM,Classical OFDM,0.05,0.31622776,-0.94868326,0.323238,-0.8925916
OFDM,Classical OFDM,0.05,0.31622776,0.31622776,0.39499483,0.3519389
OFDM,Classical OFDM,0.05,0.94868326,-0.94868326,1.0037131,-0.868486
OFDM,Classical OFDM,0.05,-0.94868326,-0.94868326,-0.9538255,-0.9718877
OFDM,Classical OFDM,0.05,-0.94868326,-0.31622776,-0.89018667,-0.4970501
OFDM,Classical OFDM,0.05,0.31622776,0.94868326,0.37728775,1.0781896
OFDM,Classical OFDM,0.05,-0.94868326,0.31622776,-0.8699173,0.15423463
OFDM,Classical OFDM,0.05,0.31622776,0.94868326,0.1940194,0.76660347
OFDM,Classical OFDM,0.05,-0.31622776,-0.94868326,-0.16027561,-1.0669802
OFDM,Classical OFDM,0.05,0.31622776,-0.94868326,0.50824606,-0.873004
OFDM,Classical OFDM,0.05,-0.31622776,0.31622776,-0.25903434,0.14426108
OFDM,Classical OFDM,0.05,0.94868326,-0.94868326,1.1860182,-0.74448127
OFDM,Classical OFDM,0.05,0.94868326,-0.94868326,0.9070456,-0.832357
OFDM,Classical OFDM,0.05,0.31622776,-0.94868326,0.335624,-1.1060098
OFDM,Classical OFDM,0.05,-0.94868326,-0.31622776,-0.9042113,-0.39429685
OFDM,Classical OFDM,0.05,0.94868326,-0.94868326,1.2930391,-0.8153466
OFDM,Classical OFDM,0.05,-0.31622776,-0.31622776,-0.21056746,-0.17065053
OFDM,Classical OFDM,0.05,-0.94868326,-0.94868326,-0.73299503,-1.0221503
OFDM,Classical OFDM,0.05,0.31622776,0.31622776,0.40365493,0.44896328
OFDM,Classical OFDM,0.05,0.31622776,-0.31622776,0.5506041,-0.14809209
OFDM,Classical OFDM,0.05,0.94868326,-0.94868326,1.086806,-0.70073104
OFDM,Classical OFDM,0.05,-0.31622776,0.94868326,-0.46352613,1.0318041
OFDM,Classical OFDM,0.05,0.94868326,0.31622776,0.97426623,0.654019
OFDM,Classical OFDM,0.05,0.94868326,-0.31622776,0.9638847,-0.25228116
OFDM,Classical OFDM,0.05,0.31622776,-0.94868326,0.41073906,-0.81253374
OFDM,Classical OFDM,0.05,0.94868326,0.94868326,0.6829738,1.2524633
OFDM,Classical OFDM,0.05,0.94868326,0.94868326,0.72421294,1.0642128
OFDM,Classical OFDM,0.05,0.94868326,0.31622776,0.8057795,0.4225193
OFDM,Classical OFDM,0.05,0.94868326,0.31622776,0.7273826,0.4637905
OFDM,Classical OFDM,0.05,-0.94868326,0.31622776,-1.0221661,0.008673515
OFDM,Classical OFDM,0.05,0.94868326,-0.31622776,0.8528268,-0.24377078
OFDM,Classical OFDM,0.05,-0.31622776,0.31622776,-0.49614227,0.24147786
OFDM,Classical OFDM,0.05,-0.94868326,0.94868326,-1.2128371,0.75630116
OFDM,Classical OFDM,0.05,0.31622776,0.31622776,0.31575814,0.47463685
OFDM,Classical OFDM,0.05,-0.31622776,0.31622776,-0.42457506,0.24419232
OFDM,Classical OFDM,0.05,0.31622776,-0.31622776,0.31463546,-0.29659113
OFDM,Classical OFDM,0.05,0.94868326,0.31622776,0.8475275,0.47234675
OFDM,Classical OFDM,0.05,0.94868326,-0.31622776,0.87807995,-0.26476395
OFDM,Classical OFDM,0.05,0.31622776,0.94868326,0.014610015,0.77593946
OFDM,Classical OFDM,0.05,-0.31622776,-0.31622776,-0.37294215,-0.35920483
OFDM,Classical OFDM,0.05,0.31622776,0.94868326,0.035745025,1.0806905
OFDM,Classical OFDM,0.05,-0.94868326,0.31622776,-0.88559693,0.16778037
OFDM,Classical OFDM,0.05,0.31622776,0.94868326,0.04105127,0.94588256
OFDM,Classical OFDM,0.05,0.31622776,-0.31622776,0.29520693,-0.34983593
OFDM,Classical OFDM,0.05,0.31622776,0.31622776,0.3045932,0.41302925
OFDM,Classical OFDM,0.05,0.31622776,0.31622776,0.33357334,0.23543242
OFDM,Classical OFDM,0.05,-0.94868326,-0.31622776,-0.8141428,-0.55526996
OFDM,Classical OFDM,0.05,-0.31622776,-0.94868326,-0.26090527,-0.991946
OFDM,Classical OFDM,0.05,-0.31622776,-0.31622776,-0.37636897,-0.3726326
OFDM,Classical OFDM,0.05,-0.94868326,0.94868326,-1.215294,1.0141525
OFDM,Classical OFDM,0.05,0.31622776,-0.94868326,0.7279872,-0.8943527
OFDM,Classical OFDM,0.05,0.94868326,0.94868326,0.89071316,1.100357
OFDM,Classical OFDM,0.05,0.31622776,0.31622776,0.30232134,0.33695218
OFDM,Classical OFDM,0.05,0.94868326,-0.94868326,1.1158864,-0.71679914
OFDM,Classical OFDM,0.05,-0.31622776,0.31622776,-0.3676442,0.41497666
OFDM,Classical OFDM,0.05,0.94868326,0.94868326,0.9586109,0.92703116
OFDM,Classical OFDM,0.05,0.94868326,-0.94868326,1.0152731,-0.8795608
OFDM,Classical OFDM,0.05,0.94868326,-0.31622776,0.89105105,-0.07029335
OFDM,Classical OFDM,0.05,0.94868326,0.31622776,0.5975219,0.56219286
OFDM,Classical OFDM,0.05,-0.94868326,0.94868326,-1.3061035,0.67199576
OFDM,Classical OFDM,0.05,-0.31622776,-0.94868326,-0.06191659,-1.1630853
OFDM,Classical OFDM,0.05,-0.31622776,-0.94868326,-0.09768404,-1.016128
OFDM,Classical OFDM,0.05,-0.31622776,-0.31622776,-0.24870595,-0.3726939
OFDM,Classical OFDM,0.05,0.94868326,-0.94868326,0.9559821,-0.7944974
OFDM,Classical OFDM,0.05,0.31622776,-0.94868326,0.28700617,-0.7039064
OFDM,Classical OFDM,0.05,-0.31622776,0.94868326,-0.78238994,0.93238693
OFDM,Classical OFDM,0.05,-0.94868326,0.94868326,-1.2495296,0.82225794
OFDM,Classical OFDM,0.05,-0.94868326,0.31622776,-1.080967,0.17451985
OFDM,Classical OFDM,0.05,-0.94868326,0.31622776,-0.8680738,0.2629271
OFDM,Classical OFDM,0.05,0.31622776,-0.31622776,0.3725261,-0.22865319
OFDM,Classical OFDM,0.05,-0.94868326,-0.94868326,-0.7788987,-0.990484
OFDM,Classical OFDM,0.05,0.31622776,0.94868326,0.32518947,1.157891
OFDM,Classical OFDM,0.05,-0.94868326,0.94868326,-1.0404614,0.75769806
OFDM,Classical OFDM,0.05,0.31622776,-0.31622776,0.5784662,-0.39543536
OFDM,Classical OFDM,0.05,0.94868326,0.94868326,0.73757184,1.0301431
OFDM,Classical OFDM,0.05,0.94868326,0.94868326,0.69184786,1.0423089
OFDM,Classical OFDM,0.05,-0.94868326,-0.31622776,-0.9972568,-0.37524813
OFDM,Classical OFDM,0.05,-0.94868326,0.31622776,-1.0329044,-0.18840466
OFDM,Classical OFDM,0.05,-0.31622776,-0.31622776,-0.42547065,-0.29043192
OFDM,Classical OFDM,0.05,-0.94868326,-0.94868326,-0.8003126,-1.1530173
OFDM,Classical OFDM,0.05,-0.94868326,0.31622776,-0.9334134,0.112763666
OFDM,Classical OFDM,0.05,-0.31622776,0.31622776,-0.34637135,0.36055696
OFDM,Classical OFDM,0.05,0.31622776,-0.94868326,0.35528255,-0.88318306
OFDM,Classical OFDM,0.05,0.31622776,0.31622776,0.25354725,0.5457399
OFDM,Classical OFDM,0.05,0.94868326,0.94868326,0.69763106,1.1379437
OFDM,Classical OFDM,0.05,-0.31622776,0.31622776,-0.43014607,0.2856236
OFDM,Classical OFDM,0.05,-0.94868326,0.31622776,-1.0016261,0.07159133
OFDM,Classical OFDM,0.05,-0.31622776,-0.94868326,0.11752555,-1.067507
OFDM,Classical OFDM,0.05,-0.31622776,0.31622776,-0.390445,0.2580875
OFDM,Classical OFDM,0.05,-0.31622776,-0.31622776,-0.3546466,-0.21110305
OFDM,Classical OFDM,0.05,-0.94868326,-0.31622776,-0.74932694,-0.43908322
OFDM,Classical OFDM,0.05,0.31622776,0.94868326,0.34071723,1.056731
OFDM,Classical OFDM,0.05,0.94868326,-0.31622776,1.0157406,-0.3182706
OFDM,Classical OFDM,0.05,-0.94868326,-0.31622776,-0.99088335,-0.42858228
OFDM,Classical OFDM,0.05,0.94868326,0.31622776,0.9284773,0.5647466
OFDM,Classical OFDM,0.05,0.31622776,0.31622776,0.07437143,0.3220375
OFDM,Classical OFDM,0.05,-0.94868326,0.31622776,-1.1039219,0.014880733
OFDM,Classical OFDM,0.05,-0.31622776,0.31622776,-0.22553986,-0.013964662
OFDM,Classical OFDM,0.05,-0.94868326,-0.94868326,-0.63326037,-1.0306237
OFDM,Classical OFDM,0.05,0.94868326,-0.94868326,1.0996705,-0.7820851
OFDM,Classical OFDM,0.05,0.31622776,-0.31622776,0.41280043,-0.26285282
OFDM,Classical OFDM,0.05,0.94868326,0.94868326,0.6949094,1.1733745
OFDM,Classical OFDM,0.05,-0.94868326,0.31622776,-1.0722495,-0.047347922
OFDM,Classical OFDM,0.05,-0.31622776,-0.31622776,-0.16706418,-0.37647244
OFDM,Classical OFDM,0.05,-0.94868326,0.94868326,-0.9257967,0.73708695
OFDM,Classical OFDM,0.05,0.94868326,-0.31622776,0.9998559,-0.2956925
OFDM,Classical OFDM,0.05,0.31622776,0.94868326,0.078686304,0.90042865
OFDM,Classical OFDM,0.05,-0.94868326,-0.94868326,-0.8856185,-1.0961231
OFDM,Classical OFDM,0.05,-0.31622776,-0.94868326,-0.13105622,-0.9528142
OFDM,Classical OFDM,0.05,0.94868326,-0.31622776,1.0370307,-0.07785838
OFDM,Classical OFDM,0.05,0.31622776,-0.94868326,0.37812024,-0.872562
OFDM,Classical OFDM,0.05,0.31622776,-0.31622776,0.3633432,-0.23992686
OFDM,Classical OFDM,0.05,-0.94868326,-0.94868326,-0.9626855,-0.9304628
OFDM,Classical OFDM,0.05,0.31622776,0.94868326,0.067205206,1.2520689
OFDM,Classical OFDM,0.05,-0.94868326,0.31622776,-0.92251396,0.019003155
OFDM,Classical OFDM,0.05,-0.31622776,-0.31622776,-0.31893086,-0.38522297
OFDM,Classical OFDM,0.05,-0.31622776,-0.31622776,-0.01853463,-0.23693857
OFDM,Classical OFDM,0.05,-0.94868326,0.31622776,-1.002829,0.1753658
OFDM,Classical OFDM,0.05,-0.94868326,-0.94868326,-0.70075154,-0.89664334
OFDM,Classical OFDM,0.05,0.94868326,0.31622776,0.9198932,0.6283427
OFDM,Classical OFDM,0.05,-0.94868326,0.94868326,-0.9732573,0.7603573
OFDM,Classical OFDM,0.05,0.31622776,-0.31622776,0.54483825,-0.24530266
OFDM,Classical OFDM,0.05,0.94868326,0.31622776,0.9731187,0.46794367
OFDM,Classical OFDM,0.05,-0.31622776,0.31622776,-0.3135749,0.2058769
OFDM,Classical OFDM,0.05,0.31622776,0.94868326,0.09242657,0.795966
OFDM,Classical OFDM,0.05,-0.31622776,-0.94868326,-0.107853234,-0.9807152
OFDM,Classical OFDM,0.05,-0.31622776,0.31622776,-0.3478126,0.34861177
OFDM,Classical OFDM,0.05,-0.31622776,0.31622776,-0.22649261,0.20993072
OFDM,Classical OFDM,0.05,-0.31622776,-0.31622776,-0.22596478,-0.40506607
OFDM,Classical OFDM,0.05,0.31622776,0.31622776,0.2384592,0.43231985
OFDM,Classical OFDM,0.05,0.31622776,0.94868326,0.2416181,0.9666017
OFDM,Classical OFDM,0.05,0.31622776,0.94868326,0.27077624,0.89361954
OFDM,Classical OFDM,0.05,0.94868326,-0.31622776,0.83270174,-0.16686733
OFDM,Classical OFDM,0.05,-0.94868326,0.94868326,-1.2667444,0.858029
OFDM,Classical OFDM,0.05,-0.94868326,-0.31622776,-0.8131387,-0.44713885
OFDM,Classical OFDM,0.05,0.94868326,0.31622776,0.96105564,0.58762324
OFDM,Classical OFDM,0.05,0.94868326,0.31622776,0.97125846,0.38573056
OFDM,Classical OFDM,0.05,-0.94868326,0.94868326,-1.0161464,0.7484451
OFDM,Classical OFDM,0.05,-0.31622776,0.94868326,-0.32722923,0.8273023
OFDM,Classical OFDM,0.05,-0.31622776,-0.94868326,-0.14917025,-0.95986193
OFDM,Classical OFDM,0.05,0.94868326,0.31622776,0.94558156,0.36388317
OFDM,Classical OFDM,0.05,0.94868326,-0.94868326,1.0505583,-0.6883818
OFDM,Classical OFDM,0.05,-0.31622776,-0.94868326,-0.34403396,-0.8207476
OFDM,Classical OFDM,0.05,-0.94868326,0.31622776,-1.1177568,0.34858024
OFDM,Classical OFDM,0.05,-0.94868326,0.94868326,-1.1245043,0.7810509
OFDM,Classical OFDM,0.05,-0.31622776,0.31622776,-0.104400724,0.34987205
OFDM,Classical OFDM,0.05,-0.31622776,0.31622776,-0.22920802,0.2679472
OFDM,Classical OFDM,0.05,0.31622776,0.31622776,0.2994659,0.22246827
OFDM,Classical OFDM,0.05,0.94868326,-0.31622776,1.0091943,-0.09202839
OFDM,Classical OFDM,0.05,-0.31622776,0.94868326,-0.43913296,0.8104594
OFDM,Classical OFDM,0.05,0.31622776,-0.31622776,0.2944302,-0.25578222
OFDM,Classical OFDM,0.05,0.31622776,0.31622776,0.36905974,0.34425575
OFDM,Classical OFDM,0.05,0.94868326,-0.31622776,0.89276785,-0.0905419
OFDM,Classical OFDM,0.05,-0.31622776,-0.94868326,-0.2333334,-0.97004735
OFDM,Classical OFDM,0.05,-0.94868326,0.94868326,-1.058654,0.91636145
OFDM,Classical OFDM,0.05,0.31622776,0.94868326,0.1469163,0.7741549
OFDM,Classical OFDM,0.05,0.31622776,-0.94868326,0.37661746,-0.8834099
OFDM,Classical OFDM,0.05,-0.31622776,-0.31622776,-0.2244888,-0.3035227
OFDM,Classical OFDM,0.05,0.31622776,0.94868326,-0.014729008,0.997961
OFDM,Classical OFDM,0.05,-0.94868326,-0.31622776,-0.8337835,-0.36924726
OFDM,Classical OFDM,0.05,0.31622776,0.94868326,0.1931779,1.1488396
OFDM,Classical OFDM,0.05,-0.31622776,-0.31622776,-0.38318256,-0.2649423
OFDM,Classical OFDM,0.05,0.94868326,0.94868326,0.8015742,1.1001656
OFDM,Classical OFDM,0.05,-0.31622776,0.31622776,-0.23512955,0.08047621
OFDM,Classical OFDM,0.05,-0.31622776,0.94868326,-0.21301755,0.84837276
OFDM,Classical OFDM,0.05,0.94868326,-0.94868326,1.1681665,-0.8410303
OFDM,Classical OFDM,0.05,0.31622776,-0.31622776,0.46396226,-0.20759016
OFDM,Classical OFDM,0.05,0.94868326,-0.94868326,0.99867404,-0.85543805
OFDM,Classical OFDM,0.05,-0.31622776,0.31622776,-0.26714572,0.40818253
OFDM,Classical OFDM,0.05,0.94868326,0.31622776,0.93430865,0.6612189
OFDM,Classical OFDM,0.05,-0.31622776,0.94868326,-0.4010295,0.8181469
OFDM,Classical OFDM,0.05,0.31622776,0.94868326,0.18721484,0.7401065
OFDM,Classical OFDM,0.05,-0.31622776,-0.94868326,-0.09944901,-0.99096745
OFDM,Classical OFDM,0.05,0.94868326,0.94868326,0.7604447,1.1589768
OFDM,Classical OFDM,0.05,0.31622776,-0.31622776,0.5605323,-0.23004803
OFDM,Classical OFDM,0.05,0.94868326,-0.94868326,1.1981429,-0.84502125
OFDM,Classical OFDM,0.05,0.94868326,-0.31622776,0.84142405,-0.235081
OFDM,Classical OFDM,0.05,-0.31622776,0.31622776,-0.5476792,0.28533295
OFDM,Classical OFDM,0.05,0.31622776,-0.31622776,0.37406546,-0.28593644
OFDM,Classical OFDM,0.05,-0.31622776,0.31622776,-0.5354942,0.1774016
OFDM,Classical OFDM,0.05,-0.31622776,0.31622776,-0.44582278,0.18700984
OFDM,Classical OFDM,0.05,0.31622776,-0.94868326,0.5654185,-0.7971923
OFDM,Classical OFDM,0.05,-0.31622776,0.31622776,-0.39328042,0.24282864
OFDM,Classical OFDM,0.05,-0.94868326,0.31622776,-0.9058236,0.1342307
OFDM,Classical OFDM,0.05,-0.31622776,-0.31622776,-0.2570777,-0.44542208
OFDM,Classical OFDM,0.05,0.94868326,0.94868326,0.8002094,1.1682866
OFDM,Classical OFDM,0.05,-0.94868326,-0.31622776,-0.9691468,-0.49943307
OFDM,Classical OFDM,0.05,0.31622776,0.31622776,0.23899458,0.30079547
OFDM,Classical OFDM,0.05,0.31622776,-0.31622776,0.32316875,-0.05530803
OFDM,Classical OFDM,0.05,-0.94868326,-0.94868326,-0.9838612,-1.0101349
OFDM,Classical OFDM,0.05,-0.94868326,0.31622776,-1.1506763,0.18581231
OFDM,Classical OFDM,0.05,-0.94868326,-0.31622776,-0.9537723,-0.26765057
OFDM,Classical OFDM,0.05,-0.94868326,0.94868326,-1.0127579,0.89510685
OFDM,Classical OFDM,0.05,0.31622776,-0.31622776,0.49783063,-0.13162808
OFDM,Classical OFDM,0.05,-0.94868326,0.94868326,-1.010601,0.934883
OFDM,Classical OFDM,0.05,-0.31622776,0.94868326,-0.43762326,0.89852667
OFDM,Classical OFDM,0.05,0.31622776,0.31622776,0.1402668,0.31978542
OFDM,Classical OFDM,0.05,-0.31622776,-0.31622776,-0.380731,-0.33146447
OFDM,Classical OFDM,0.05,-0.31622776,0.94868326,-0.5354339,0.82913893
OFDM,Classical OFDM,0.05,-0.94868326,0.31622776,-0.9245167,0.20211782
OFDM,Classical OFDM,0.05,-0.94868326,-0.31622776,-0.7426224,-0.41237485
OFDM,Classical OFDM,0.05,-0.31622776,0.94868326,-0.29941198,0.8185021
OFDM,Classical OFDM,0.05,-0.31622776,-0.94868326,0.08228028,-0.97784364
OFDM,Classical OFDM,0.05,0.94868326,-0.31622776,1.0061629,0.0018132539
OFDM,Classical OFDM,0.05,0.31622776,0.31622776,0.23923302,0.43918508
OFDM,Classical OFDM,0.05,0.94868326,0.94868326,0.7000888,1.1082753
OFDM,Classical OFDM,0.05,-0.94868326,0.94868326,-1.0343461,0.7267603
OFDM,Classical OFDM,0.05,-0.94868326,0.94868326,-1.1052443,0.7150389
OFDM,Classical OFDM,0.05,0.94868326,0.94868326,0.8531663,0.94937
OFDM,Classical OFDM,0.05,-0.31622776,0.31622776,-0.2768939,0.23969585
OFDM,Classical OFDM,0.05,0.94868326,0.31622776,0.89214605,0.46194273
OFDM,Classical OFDM,0.05,-0.31622776,-0.31622776,-0.35073385,-0.50118536
OFDM,Classical OFDM,0.05,0.94868326,-0.31622776,1.1126806,-0.12346674
OFDM,Classical OFDM,0.05,0.31622776,0.31622776,0.23811877,0.34623075
OFDM,Classical OFDM,0.05,0.31622776,-0.31622776,0.26575568,-0.120512635
OFDM,Classical OFDM,0.05,-0.94868326,-0.94868326,-0.8111565,-1.0494299
OFDM,Classical OFDM,0.05,-0.31622776,0.31622776,-0.33863366,0.4332844
OFDM,Classical OFDM,0.05,-0.31622776,0.94868326,-0.13517058,0.74860775
OFDM,Classical OFDM,0.05,0.94868326,0.31622776,0.77137274,0.17721424
OFDM,Classical OFDM,0.05,-0.94868326,-0.94868326,-0.77644295,-1.1035589
OFDM,Classical OFDM,0.05,0.31622776,-0.31622776,0.3841708,-0.29059368
OFDM,Classical OFDM,0.05,0.94868326,-0.94868326,1.0352083,-0.9097779
OFDM,Classical OFDM,0.05,-0.94868326,-0.31622776,-1.0493602,-0.2846889
OFDM,Classical OFDM,0.05,-0.94868326,-0.31622776,-0.9205559,-0.368275
OFDM,Classical OFDM,0.05,-0.94868326,-0.94868326,-0.74964297,-0.8645873
OFDM,Classical OFDM,0.05,-0.31622776,0.94868326,-0.30268076,1.0098789
OFDM,Classical OFDM,0.05,0.31622776,-0.31622776,0.47406572,-0.26634786
OFDM,Classical OFDM,0.05,-0.31622776,0.94868326,-0.38050926,0.832134
OFDM,Classical OFDM,0.05,0.94868326,0.94868326,0.7651776,1.0329238
OFDM,Classical OFDM,0.05,0.94868326,-0.31622776,0.9144765,-0.011869337
OFDM,Classical OFDM,0.05,-0.31622776,0.31622776,-0.40533322,0.36865836
OFDM,Classical OFDM,0.05,0.94868326,0.31622776,0.9186072,0.48678896
OFDM,Classical OFDM,0.05,-0.31622776,0.94868326,-0.47148168,0.79811066
OFDM,Classical OFDM,0.05,-0.31622776,0.94868326,-0.49452645,0.621603
OFDM,Classical OFDM,0.05,-0.94868326,-0.94868326,-0.5358882,-1.3107904
OFDM,Classical OFDM,0.05,0.94868326,-0.94868326,0.9677131,-0.8771423
OFDM,Classical OFDM,0.05,0.31622776,-0.94868326,0.46218526,-0.76268804
OFDM,Classical OFDM,0.05,0.94868326,-0.31622776,0.9953347,-0.14087293
OFDM,Classical OFDM,0.05,0.31622776,0.94868326,0.05660796,1.0070015
OFDM,Classical OFDM,0.05,0.94868326,0.94868326,0.5941263,0.96392405
OFDM,Classical OFDM,0.05,-0.31622776,-0.94868326,-0.3524729,-0.8294048
OFDM,Classical OFDM,0.05,-0.94868326,-0.94868326,-0.82943696,-1.0651531
OFDM,Classical OFDM,0.05,-0.31622776,-0.31622776,-0.0905189,-0.19373682
OFDM,Classical OFDM,0.05,0.94868326,0.31622776,0.87178814,0.3909239
OFDM,Classical OFDM,0.05,-0.31622776,0.94868326,-0.68305105,1.0283563
OFDM,Classical OFDM,0.05,0.94868326,0.94868326,0.66675526,1.2406628
OFDM,Classical OFDM,0.05,-0.94868326,0.94868326,-0.94282067,0.7945223
OFDM,Classical OFDM,0.05,0.31622776,-0.94868326,0.38929617,-0.93604493
OFDM,Classical OFDM,0.05,0.31622776,0.94868326,-0.0062630475,0.99372035
OFDM,Classical OFDM,0.05,-0.31622776,-0.31622776,-0.22339436,-0.540873
OFDM,Classical OFDM,0.05,0.31622776,0.31622776,0.06034403,0.48888454
OFDM,Classical OFDM,0.05,-0.31622776,0.94868326,-0.5368428,0.7711655
OFDM,Classical OFDM,0.05,-0.94868326,0.94868326,-0.97048753,0.75849104
OFDM,Classical OFDM,0.05,0.31622776,0.31622776,0.38424218,0.33235753
OFDM,Classical OFDM,0.05,-0.31622776,-0.94868326,-0.061456386,-1.141259
OFDM,Classical OFDM,0.05,0.94868326,0.31622776,0.8277472,0.42913163
OFDM,Classical OFDM,0.05,-0.94868326,-0.94868326,-0.9438475,-1.1825258
OFDM,Classical OFDM,0.05,-0.31622776,0.94868326,-0.56325877,0.8561804
OFDM,Classical OFDM,0.05,-0.94868326,-0.31622776,-0.8170612,-0.7391522
OFDM,Classical OFDM,0.05,-0.31622776,-0.94868326,-0.059397966,-1.1145241
OFDM,Classical OFDM,0.05,0.31622776,-0.94868326,0.423002,-0.8864654
OFDM,Classical OFDM,0.05,0.31622776,-0.31622776,0.4033016,-0.11265938
OFDM,Classical OFDM,0.05,0.31622776,-0.94868326,0.3253637,-0.84694254
OFDM,Classical OFDM,0.05,-0.31622776,0.94868326,-0.60648453,0.8923925
OFDM,Classical OFDM,0.05,-0.94868326,-0.31622776,-0.64462954,-0.42034376
OFDM,Classical OFDM,0.05,0.94868326,0.94868326,0.8804646,1.1887054
OFDM,Classical OFDM,0.05,0.31622776,-0.31622776,0.35150442,-0.044051588
OFDM,Classical OFDM,0.05,-0.94868326,-0.31622776,-0.75460196,-0.40216255
OFDM,Classical OFDM,0.05,-0.31622776,0.94868326,-0.5196811,0.8312932
OFDM,Classical OFDM,0.05,-0.31622776,-0.31622776,-0.054045588,-0.4227286
OFDM,Classical OFDM,0.05,-0.94868326,0.94868326,-0.75880355,0.85027504
OFDM,Classical OFDM,0.05,-0.94868326,0.94868326,-0.9503696,0.88691205
OFDM,Classical OFDM,0.05,0.94868326,0.94868326,0.96087843,1.0523927
OFDM,Classical OFDM,0.05,0.94868326,-0.31622776,1.0499415,-0.25735036
OFDM,Classical OFDM,0.05,0.31622776,-0.31622776,0.3877359,-0.29266092
OFDM,Classical OFDM,0.05,-0.31622776,-0.94868326,-0.19393289,-0.9534411
OFDM,Classical OFDM,0.05,0.31622776,-0.31622776,0.16623637,-0.060076308
OFDM,Classical OFDM,0.05,0.31622776,0.31622776,0.26300296,0.3622091
OFDM,Classical OFDM,0.05,0.31622776,0.94868326,0.13106295,1.0327076
OFDM,Classical OFDM,0.05,-0.31622776,0.94868326,-0.43386889,0.90460217
OFDM,Classical OFDM,0.05,0.31622776,0.31622776,0.4328434,0.38598704
OFDM,Classical OFDM,0.05,-0.31622776,0.31622776,-0.15585354,-0.040376127
OFDM,Classical OFDM,0.05,0.94868326,-0.31622776,1.0239941,-0.15068509
OFDM,Classical OFDM,0.05,0.94868326,-0.94868326,1.0145841,-0.89362216
OFDM,Classical OFDM,0.05,0.31622776,-0.94868326,0.3201372,-0.7979022
OFDM,Classical OFDM,0.05,-0.94868326,-0.31622776,-0.9678191,-0.3343252
OFDM,Classical OFDM,0.05,-0.94868326,0.94868326,-1.0538992,0.9247571
OFDM,Classical OFDM,0.05,0.31622776,0.94868326,0.32955056,0.9193596
OFDM,Classical OFDM,0.05,0.94868326,0.94868326,0.79451215,1.075767
OFDM,Classical OFDM,0.05,0.94868326,0.31622776,0.899137,0.39130917
OFDM,Classical OFDM,0.05,0.94868326,0.31622776,0.72428983,0.47045374
OFDM,Classical OFDM,0.05,-0.94868326,0.31622776,-1.0460843,9.8445365e-05
OFDM,Classical OFDM,0.05,-0.94868326,-0.94868326,-0.6864427,-0.9795479
OFDM,Classical OFDM,0.05,0.94868326,0.94868326,0.9255389,1.090878
OFDM,Classical OFDM,0.05,0.31622776,-0.31622776,0.39689308,-0.2936589
OFDM,Classical OFDM,0.05,-0.31622776,0.31622776,-0.29022855,0.29371122
OFDM,Classical OFDM,0.05,-0.94868326,0.31622776,-1.0514007,0.33536926
OFDM,Classical OFDM,0.05,0.94868326,0.94868326,0.97910523,1.1536388
OFDM,Classical OFDM,0.05,-0.31622776,0.31622776,-0.42527267,0.07686323
OFDM,Classical OFDM,0.05,0.31622776,0.31622776,0.21846221,0.3813724
OFDM,Classical OFDM,0.05,-0.31622776,-0.31622776,-0.19617437,-0.47928938
OFDM,Classical OFDM,0.05,0.31622776,0.94868326,0.10853514,1.0080756
OFDM,Classical OFDM,0.05,-0.31622776,-0.94868326,-0.21335372,-0.99751925
OFDM,Classical OFDM,0.05,-0.94868326,-0.94868326,-0.65188766,-1.1178081
OFDM,Classical OFDM,0.05,-0.94868326,0.31622776,-0.83531904,0.13592592
OFDM,Classical OFDM,0.05,0.31622776,0.31622776,0.45536503,0.44452524
OFDM,Classical OFDM,0.05,0.31622776,0.31622776,0.19685704,0.3671549
OFDM,Classical OFDM,0.05,0.94868326,0.94868326,0.7785869,1.1090758
OFDM,Classical OFDM,0.05,-0.31622776,0.94868326,-0.5117959,0.80448365
OFDM,Classical OFDM,0.05,-0.31622776,0.94868326,-0.42747098,0.7130292
OFDM,Classical OFDM,0.05,0.31622776,-0.31622776,0.4402179,-0.6014427
OFDM,Classical OFDM,0.05,-0.31622776,-0.94868326,-0.16341734,-1.0572149
OFDM,Classical OFDM,0.05,0.94868326,-0.94868326,1.0269827,-0.7645749
OFDM,Classical OFDM,0.05,-0.94868326,0.31622776,-1.0455256,0.06263439
OFDM,Classical OFDM,0.05,0.31622776,-0.94868326,0.562718,-0.9805512
OFDM,Classical OFDM,0.05,-0.31622776,0.94868326,-0.69259757,0.9173559
OFDM,Classical OFDM,0.05,-0.94868326,-0.94868326,-0.7963093,-0.97609174
OFDM,Classical OFDM,0.05,-0.31622776,0.31622776,-0.17864999,0.38158277
OFDM,Classical OFDM,0.05,0.31622776,0.94868326,0.063411,1.0218625
OFDM,Classical OFDM,0.05,-0.31622776,0.94868326,-0.68872976,0.98836213
OFDM,Classical OFDM,0.05,-0.94868326,0.94868326,-0.965479,0.82662016
OFDM,Classical OFDM,0.05,0.31622776,0.31622776,0.3470114,0.2427366
OFDM,Classical OFDM,0.05,-0.31622776,0.31622776,-0.30241716,0.2600771
OFDM,Classical OFDM,0.05,0.94868326,0.31622776,0.57048285,0.37864804
OFDM,Classical OFDM,0.05,-0.31622776,-0.31622776,-0.29821324,-0.46988443
OFDM,Classical OFDM,0.05,-0.94868326,0.94868326,-1.2012728,0.6928308
OFDM,Classical OFDM,0.05,-0.94868326,-0.31622776,-0.7984077,-0.52811784
OFDM,Classical OFDM,0.05,-0.31622776,0.94868326,-0.37554356,0.7989571
OFDM,Classical OFDM,0.05,-0.31622776,-0.94868326,-0.062523514,-1.1836115
OFDM,Classical OFDM,0.05,-0.31622776,-0.31622776,-0.29167008,-0.44336942
OFDM,Classical OFDM,0.05,-0.31622776,-0.31622776,-0.2008341,-0.34122857
OFDM,Classical OFDM,0.05,0.94868326,-0.94868326,1.2053626,-0.9324119
OFDM,Classical OFDM,0.05,-0.31622776,-0.94868326,0.019791275,-0.92336035
OFDM,Classical OFDM,0.05,0.94868326,0.31622776,0.8037863,0.49168295
OFDM,Classical OFDM,0.05,-0.94868326,-0.31622776,-0.9203623,-0.4203669
OFDM,Classical OFDM,0.05,0.31622776,-0.94868326,0.72989213,-0.8379325
OFDM,Classical OFDM,0.05,0.94868326,0.94868326,0.90801847,1.1286039
OFDM,Classical OFDM,0.05,-0.31622776,0.94868326,-0.47110873,0.8967887
OFDM,Classical OFDM,0.05,-0.31622776,-0.31622776,-0.18906417,-0.29295596
OFDM,Classical OFDM,0.05,0.31622776,0.31622776,0.3180951,0.34895182
OFDM,Classical OFDM,0.05,-0.94868326,0.94868326,-0.99322075,0.8188223
OFDM,Classical OFDM,0.05,0.94868326,-0.31622776,1.0760499,-0.3013127
OFDM,Classical OFDM,0.05,0.31622776,0.31622776,0.27660644,0.41937467
OFDM,Classical OFDM,0.05,0.31622776,-0.94868326,0.51453424,-0.9866925
OFDM,Classical OFDM,0.05,0.94868326,-0.31622776,1.0441823,-0.14730732
OFDM,Classical OFDM,0.05,0.94868326,0.31622776,0.7317337,0.31035745
OFDM,Classical OFDM,0.05,-0.94868326,-0.31622776,-0.73979944,-0.43359223
OFDM,Classical OFDM,0.05,0.94868326,-0.94868326,0.9519193,-0.72696126
OFDM,Classical OFDM,0.05,-0.94868326,-0.31622776,-1.0059035,-0.3397405
OFDM,Classical OFDM,0.05,-0.94868326,0.31622776,-0.9859,0.21404144
OFDM,Classical OFDM,0.05,0.94868326,0.94868326,0.7423657,1.2004374
OFDM,Classical OFDM,0.05,-0.94868326,0.31622776,-1.0522431,0.104451805
OFDM,Classical OFDM,0.05,-0.94868326,0.31622776,-0.8201792,0.07247463
OFDM,Classical OFDM,0.05,0.94868326,-0.31622776,1.0736437,-0.16843486
OFDM,Classical OFDM,0.05,0.94868326,0.94868326,0.9163426,0.9715477
OFDM,Classical OFDM,0.05,-0.31622776,0.94868326,-0.5497519,0.812623
OFDM,Classical OFDM,0.05,-0.94868326,-0.94868326,-0.78420436,-1.170013
OFDM,Classical OFDM,0.05,-0.94868326,0.31622776,-0.9138155,0.08863214
OFDM,Classical OFDM,0.05,-0.31622776,-0.94868326,0.04822135,-0.9526869
OFDM,Classical OFDM,0.05,0.31622776,-0.31622776,0.43092486,-0.24863444
OFDM,Classical OFDM,0.05,0.31622776,0.31622776,0.3516661,0.26351115
OFDM,Classical OFDM,0.05,-0.94868326,-0.31622776,-0.7500579,-0.5439392
OFDM,Classical OFDM,0.05,0.31622776,-0.31622776,0.39194992,-0.27479404
OFDM,Classical OFDM,0.05,0.94868326,-0.94868326,1.0166442,-0.64633554
OFDM,Classical OFDM,0.05,-0.94868326,-0.31622776,-1.0257051,-0.36308852
OFDM,Classical OFDM,0.05,0.31622776,-0.31622776,0.29834756,-0.4407347
OFDM,Classical OFDM,0.05,-0.94868326,-0.31622776,-1.0855795,-0.5194847
OFDM,Classical OFDM,0.05,-0.94868326,-0.94868326,-0.8202644,-1.1757369
OFDM,Classical OFDM,0.05,-0.31622776,0.31622776,-0.35607982,0.5264877
OFDM,Classical OFDM,0.05,-0.94868326,0.31622776,-0.74096584,0.10905179
OFDM,Classical OFDM,0.05,-0.94868326,-0.94868326,-0.72543526,-1.0469996
OFDM,Classical OFDM,0.05,0.94868326,0.31622776,0.9596617,0.5815312
OFDM,Classical OFDM,0.05,-0.31622776,0.94868326,-0.48733464,0.8316975
OFDM,Classical OFDM,0.05,0.31622776,0.94868326,0.131042,0.8621865
OFDM,Classical OFDM,0.05,-0.31622776,-0.94868326,-0.105903655,-1.1605811
OFDM,Classical OFDM,0.05,0.31622776,-0.94868326,0.2814081,-0.88303524
OFDM,Classical OFDM,0.05,-0.31622776,0.94868326,-0.5680528,0.8685474
OFDM,Classical OFDM,0.05,-0.94868326,0.94868326,-1.0106057,0.67013997
OFDM,Classical OFDM,0.05,0.94868326,-0.94868326,1.300706,-0.87331414
OFDM,Classical OFDM,0.05,0.94868326,-0.94868326,1.0576997,-0.897347
OFDM,Classical OFDM,0.05,-0.94868326,0.94868326,-1.1799388,0.7055341
OFDM,Classical OFDM,0.05,0.31622776,0.31622776,0.32514346,0.42364067
OFDM,Classical OFDM,0.05,-0.94868326,-0.94868326,-0.8086184,-1.0490096
OFDM,Classical OFDM,0.05,0.31622776,-0.31622776,0.3527065,-0.297658
OFDM,Classical OFDM,0.05,-0.31622776,0.94868326,-0.44042167,0.8371567
OFDM,Classical OFDM,0.05,0.31622776,-0.94868326,0.350906,-1.1138403
OFDM,Classical OFDM,0.05,-0.94868326,0.31622776,-1.0737929,0.09416678
OFDM,Classical OFDM,0.05,0.31622776,0.31622776,0.330385,0.18716459
OFDM,Classical OFDM,0.05,0.31622776,-0.94868326,0.26162368,-0.94718796
OFDM,Classical OFDM,0.05,-0.94868326,-0.94868326,-0.7645848,-0.9812854
OFDM,Classical OFDM,0.05,-0.94868326,-0.94868326,-0.9511891,-0.98526967
OFDM,Classical OFDM,0.05,-0.94868326,-0.94868326,-0.6912892,-0.91011375
OFDM,Classical OFDM,0.05,0.31622776,0.94868326,0.1689105,1.1741283
OFDM,Classical OFDM,0.05,-0.31622776,0.31622776,-0.3151179,0.38141182
OFDM,Classical OFDM,0.05,-0.31622776,0.31622776,-0.21186253,0.30689645
OFDM,Classical OFDM,0.05,-0.31622776,0.94868326,-0.5186093,0.8717021
OFDM,Classical OFDM,0.05,-0.31622776,-0.31622776,-0.16900569,-0.47497597
OFDM,Classical OFDM,0.05,0.94868326,-0.94868326,1.0381757,-0.6598785
OFDM,Classical OFDM,0.05,-0.31622776,-0.94868326,-0.2817579,-0.9477688
OFDM,Classical OFDM,0.05,0.31622776,0.31622776,0.07790951,0.41585845
OFDM,Classical OFDM,0.05,-0.94868326,-0.94868326,-0.6891805,-0.98102593
OFDM,Classical OFDM,0.05,0.94868326,-0.94868326,1.1873113,-0.6187984
OFDM,Classical OFDM,0.05,0.31622776,-0.31622776,0.28645504,-0.19146958
OFDM,Classical OFDM,0.05,0.94868326,-0.94868326,1.0949097,-0.7531917
OFDM,Classical OFDM,0.05,0.94868326,0.94868326,0.73773533,1.1089706
OFDM,Classical OFDM,0.05,0.31622776,-0.94868326,0.1782127,-0.8360398
OFDM,Classical OFDM,0.05,-0.94868326,-0.31622776,-0.84624434,-0.39960825
OFDM,Classical OFDM,0.05,-0.31622776,0.94868326,-0.7060529,0.9898854
OFDM,Classical OFDM,0.05,0.31622776,0.94868326,0.29696155,1.0443674
OFDM,Classical OFDM,0.05,0.31622776,-0.94868326,0.4246835,-1.0739846
OFDM,Classical OFDM,0.05,-0.94868326,-0.31622776,-0.94500947,-0.43156314
OFDM,Classical OFDM,0.05,-0.94868326,0.94868326,-1.1046842,0.7674427
OFDM,Classical OFDM,0.05,-0.94868326,-0.94868326,-0.66823393,-1.1261076
OFDM,Classical OFDM,0.05,-0.31622776,-0.31622776,-0.1343129,-0.41985536
OFDM,Classical OFDM,0.05,0.94868326,-0.94868326,1.0672753,-0.79689956
OFDM,Classical OFDM,0.05,-0.94868326,-0.94868326,-0.9003104,-1.1500769
OFDM,Classical OFDM,0.05,-0.31622776,-0.94868326,-0.35099337,-0.80193305
OFDM,Classical OFDM,0.05,-0.94868326,0.31622776,-0.8485177,0.2242096
OFDM,Classical OFDM,0.05,0.94868326,-0.31622776,1.1590542,-0.16280948
OFDM,Classical OFDM,0.05,0.31622776,0.31622776,0.32685253,0.33559597
OFDM,Classical OFDM,0.05,0.31622776,-0.31622776,0.38465056,-0.18567362
OFDM,Classical OFDM,0.05,0.94868326,-0.31622776,1.0302632,-0.08815935
OFDM,Classical OFDM,0.05,0.94868326,0.94868326,0.6922685,0.9961969
OFDM,Classical OFDM,0.05,-0.31622776,0.31622776,-0.5657228,0.25301832
OFDM,Classical OFDM,0.05,-0.31622776,-0.94868326,-0.23956338,-1.000302
OFDM,Classical OFDM,0.05,-0.31622776,-0.31622776,-0.29950958,-0.25119314
OFDM,Classical OFDM,0.05,-0.94868326,0.31622776,-1.0660038,0.24497788
OFDM,Classical OFDM,0.05,0.31622776,0.31622776,0.021671325,0.36515015
OFDM,Classical OFDM,0.05,-0.94868326,-0.31622776,-0.9732884,-0.5924621
OFDM,Classical OFDM,0.05,-0.31622776,0.94868326,-0.32121485,0.832555
OFDM,Classical OFDM,0.05,0.94868326,0.31622776,0.9476683,0.33117515
OFDM,Classical OFDM,0.05,-0.94868326,-0.94868326,-0.82144386,-1.1985164
OFDM,Classical OFDM,0.05,0.31622776,-0.31622776,0.49744898,-0.23480673
OFDM,Classical OFDM,0.05,0.31622776,-0.94868326,0.4314323,-0.6056453
OFDM,Classical OFDM,0.05,0.31622776,-0.94868326,0.5725305,-0.9163041
OFDM,Classical OFDM,0.05,0.31622776,0.94868326,0.055062935,1.0188981
OFDM,Classical OFDM,0.05,0.31622776,-0.31622776,0.3080902,-0.0980796
OFDM,Classical OFDM,0.05,0.94868326,0.31622776,0.54751647,0.53316844
OFDM,Classical OFDM,0.05,-0.31622776,0.94868326,-0.5908529,0.886997
OFDM,Classical OFDM,0.05,0.31622776,-0.31622776,0.2898512,-0.2631539
OFDM,Classical OFDM,0.05,-0.94868326,-0.31622776,-1.0098263,-0.4459499
OFDM,Classical OFDM,0.05,-0.94868326,0.94868326,-1.0799658,0.73559797
OFDM,Classical OFDM,0.05,-0.94868326,-0.94868326,-1.0156523,-1.0190189
OFDM,Classical OFDM,0.05,-0.94868326,0.94868326,-1.0469601,0.900582
OFDM,Classical OFDM,0.05,-0.94868326,-0.31622776,-0.8480953,-0.48200047
OFDM,Classical OFDM,0.05,-0.94868326,0.94868326,-0.9988799,0.86134875
OFDM,Classical OFDM,0.05,0.94868326,-0.94868326,1.310084,-0.8354165
OFDM,Classical OFDM,0.05,0.94868326,0.31622776,0.902275,0.55962765
OFDM,Classical OFDM,0.05,-0.31622776,0.94868326,-0.4162597,0.929983
OFDM,Classical OFDM,0.05,0.94868326,-0.31622776,0.9770454,-0.24416873
OFDM,Classical OFDM,0.05,0.94868326,0.94868326,0.5464739,1.1484464
OFDM,Classical OFDM,0.05,-0.94868326,-0.94868326,-0.65437764,-0.9716083
OFDM,Classical OFDM,0.05,-0.31622776,-0.31622776,-0.22619617,-0.47600162
OFDM,Classical OFDM,0.05,-0.31622776,-0.94868326,-0.27534458,-1.0314182
OFDM,Classical OFDM,0.05,0.94868326,-0.31622776,0.8841324,-0.048683535
OFDM,Classical OFDM,0.05,-0.31622776,0.31622776,-0.44900376,0.2982164
OFDM,Classical OFDM,0.05,0.94868326,0.31622776,0.8813712,0.40562966
OFDM,Classical OFDM,0.05,-0.94868326,-0.94868326,-0.8638059,-1.3170387
OFDM,Classical OFDM,0.05,0.31622776,-0.94868326,0.592274,-0.8894362
OFDM,Classical OFDM,0.05,-0.31622776,-0.31622776,-0.2935052,-0.26511776
OFDM,Classical OFDM,0.05,-0.94868326,-0.31622776,-0.8683295,-0.44868377
OFDM,Classical OFDM,0.05,-0.31622776,0.94868326,-0.55616987,0.9499204
OFDM,Classical OFDM,0.05,-0.31622776,0.31622776,-0.33120143,0.3051633
OFDM,Classical OFDM,0.05,-0.31622776,-0.31622776,-0.19739702,-0.2689471
OFDM,Classical OFDM,0.05,-0.94868326,-0.94868326,-0.7525372,-1.0731888
OFDM,Classical OFDM,0.05,0.31622776,0.94868326,0.27584854,1.322024
OFDM,Classical OFDM,0.05,-0.31622776,0.94868326,-0.49270657,0.8881588
OFDM,Classical OFDM,0.05,-0.31622776,0.94868326,-0.38073012,0.7692621
OFDM,Classical OFDM,0.05,0.94868326,-0.31622776,1.0162008,-0.11378303
OFDM,Classical OFDM,0.05,0.94868326,0.31622776,0.7764787,0.40318623
OFDM,Classical OFDM,0.05,0.31622776,0.94868326,0.16294065,0.89823604
OFDM,Classical OFDM,0.05,-0.31622776,-0.31622776,-0.33866,-0.49307218
OFDM,Classical OFDM,0.05,0.94868326,-0.94868326,1.0799887,-0.9488889
OFDM,Classical OFDM,0.05,-0.31622776,-0.94868326,-0.344408,-1.1263114
OFDM,Classical OFDM,0.05,-0.31622776,0.94868326,-0.70455563,0.99023825
OFDM,Classical OFDM,0.05,-0.94868326,-0.31622776,-0.8550898,-0.46084312
OFDM,Classical OFDM,0.05,0.31622776,0.31622776,0.39345,0.25679076
OFDM,Classical OFDM,0.05,-0.31622776,-0.94868326,-0.13182032,-1.0477558
OFDM,Classical OFDM,0.05,-0.31622776,0.94868326,-0.34308743,0.8698643
OFDM,Classical OFDM,0.05,0.31622776,-0.31622776,0.50484985,-0.27879554
OFDM,Classical OFDM,0.05,0.31622776,0.94868326,0.15412888,1.0621074
OFDM,Classical OFDM,0.05,-0.31622776,-0.94868326,-0.13043588,-1.0268042
OFDM,Classical OFDM,0.05,0.31622776,-0.94868326,0.5434404,-0.941065
OFDM,Classical OFDM,0.05,-0.94868326,-0.94868326,-0.79274386,-1.0202092
OFDM,Classical OFDM,0.05,-0.94868326,0.94868326,-0.89154786,0.74221057
OFDM,Classical OFDM,0.05,-0.31622776,-0.94868326,-0.09169513,-0.98926103
OFDM,Classical OFDM,0.05,0.94868326,-0.31622776,0.9884567,-0.22093797
OFDM,Classical OFDM,0.05,-0.31622776,-0.31622776,-0.5308761,-0.22352332
OFDM,Classical OFDM,0.05,0.31622776,0.94868326,0.24562296,1.0582944
OFDM,Classical OFDM,0.05,0.31622776,0.31622776,0.3256551,0.30344558
OFDM,Classical OFDM,0.05,0.31622776,-0.31622776,0.32423496,-0.18587476
OFDM,Classical OFDM,0.05,-0.31622776,0.31622776,-0.32536843,0.55057204
OFDM,Classical OFDM,0.05,-0.94868326,-0.31622776,-0.7944534,-0.36116365
OFDM,Classical OFDM,0.05,0.31622776,0.94868326,0.2480032,0.91274434
OFDM,Classical OFDM,0.05,0.31622776,-0.31622776,0.3637405,-0.27153528
OFDM,Classical OFDM,0.05,0.31622776,0.94868326,0.3868888,0.9828937
OFDM,Classical OFDM,0.05,0.94868326,-0.31622776,1.0251427,-0.23424557
OFDM,Classical OFDM,0.05,0.31622776,0.94868326,0.22582,0.790224
OFDM,Classical OFDM,0.05,-0.31622776,-0.94868326,-0.22540832,-1.0619844
OFDM,Classical OFDM,0.05,0.31622776,0.94868326,0.07131983,1.0625199
OFDM,Classical OFDM,0.05,-0.94868326,0.31622776,-1.1441059,0.29901975
OFDM,Classical OFDM,0.05,0.31622776,-0.31622776,0.50257146,-0.3790755
OFDM,Classical OFDM,0.05,-0.31622776,-0.31622776,-0.3580982,-0.3256321
OFDM,Classical OFDM,0.05,-0.94868326,0.31622776,-0.86888695,0.29605758
OFDM,Classical OFDM,0.05,-0.31622776,0.94868326,-0.3209603,0.95889693
OFDM,Classical OFDM,0.05,0.94868326,-0.94868326,1.1042206,-0.8065853
OFDM,Classical OFDM,0.05,0.94868326,0.31622776,1.0445834,0.4845074
OFDM,Classical OFDM,0.05,0.94868326,-0.31622776,1.018258,-0.2636767
OFDM,Classical OFDM,0.05,-0.94868326,0.94868326,-1.2603152,1.0405737
OFDM,Classical OFDM,0.05,-0.94868326,0.94868326,-1.1076593,0.75563383
OFDM,Classical OFDM,0.05,0.94868326,0.31622776,1.0144169,0.34968978
OFDM,Classical OFDM,0.05,-0.31622776,0.31622776,-0.5173174,0.107834585
OFDM,Classical OFDM,0.05,-0.31622776,0.94868326,-0.3497447,0.71184707
OFDM,Classical OFDM,0.05,0.31622776,-0.31622776,0.34500057,-0.38291624
OFDM,Classical OFDM,0.05,-0.31622776,-0.31622776,-0.09754579,-0.4838558
OFDM,Classical OFDM,0.05,0.94868326,-0.31622776,1.0119758,-0.24560742
OFDM,Classical OFDM,0.05,-0.94868326,-0.31622776,-0.874029,-0.36158118
OFDM,Classical OFDM,0.05,0.31622776,-0.31622776,0.4822977,-0.23985316
OFDM,Classical OFDM,0.05,0.31622776,0.94868326,0.1008009,0.95958275
OFDM,Classical OFDM,0.05,0.94868326,0.31622776,0.91551244,0.38477755
OFDM,Classical OFDM,0.05,-0.94868326,-0.94868326,-0.8130176,-1.0494696
OFDM,Classical OFDM,0.05,0.31622776,-0.31622776,0.4437436,-0.14514616
OFDM,Classical OFDM,0.05,-0.94868326,-0.31622776,-1.088714,-0.46977332
OFDM,Classical OFDM,0.05,0.94868326,0.31622776,0.8080641,0.7107613
OFDM,Classical OFDM,0.05,-0.31622776,0.94868326,-0.63569033,0.9530627
OFDM,Classical OFDM,0.05,-0.94868326,-0.31622776,-0.9217186,-0.5525079
OFDM,Classical OFDM,0.05,-0.31622776,0.31622776,-0.031983063,0.36942914
OFDM,Classical OFDM,0.05,0.31622776,0.31622776,0.41633376,0.321519
OFDM,Classical OFDM,0.05,0.94868326,0.94868326,0.72393596,1.0968213
OFDM,Classical OFDM,0.05,0.31622776,0.31622776,0.31572923,0.24438688
OFDM,Classical OFDM,0.05,-0.31622776,-0.94868326,-0.16881397,-1.2721748
OFDM,Classical OFDM,0.05,-0.31622776,-0.94868326,-0.05735776,-0.96289146
OFDM,Classical OFDM,0.05,-0.94868326,-0.94868326,-0.6028754,-1.1125156
OFDM,Classical OFDM,0.05,0.31622776,-0.94868326,0.6056034,-0.8399408
OFDM,Classical OFDM,0.05,0.31622776,0.94868326,0.20623529,1.0377394
OFDM,Classical OFDM,0.05,0.94868326,0.31622776,1.0912842,0.33226728
OFDM,Classical OFDM,0.05,0.94868326,-0.94868326,1.0493217,-0.8354251
OFDM,Classical OFDM,0.05,0.31622776,-0.94868326,0.40974993,-0.78370166
OFDM,Classical OFDM,0.05,-0.94868326,0.94868326,-1.1353722,0.86402273
OFDM,Classical OFDM,0.05,-0.94868326,-0.31622776,-0.8248974,-0.49153006
OFDM,Classical OFDM,0.05,-0.94868326,-0.31622776,-0.88188744,-0.38448423
OFDM,Classical OFDM,0.05,0.31622776,0.31622776,0.3172241,0.3050078
OFDM,Classical OFDM,0.05,0.94868326,-0.94868326,1.2226243,-0.6800318
OFDM,Classical OFDM,0.05,0.94868326,0.31622776,0.7706951,0.4710027
OFDM,Classical OFDM,0.05,0.94868326,0.94868326,0.8658081,0.99057597
OFDM,Classical OFDM,0.05,0.94868326,-0.94868326,1.0228456,-1.1514547
OFDM,Classical OFDM,0.05,-0.94868326,-0.94868326,-0.8276862,-1.1389045
OFDM,Classical OFDM,0.05,-0.94868326,-0.94868326,-0.811968,-1.0478629
OFDM,Classical OFDM,0.05,0.94868326,0.31622776,0.98577356,0.4716084
OFDM,Classical OFDM,0.05,-0.94868326,-0.31622776,-1.0183442,-0.23424624
OFDM,Classical OFDM,0.05,0.31622776,0.31622776,0.32255393,0.38902053
OFDM,Classical OFDM,0.05,0.31622776,0.31622776,0.30569762,0.3435231
OFDM,Classical OFDM,0.05,-0.31622776,-0.94868326,-0.14882898,-1.1106117
OFDM,Classical OFDM,0.05,0.94868326,-0.31622776,1.1038414,-0.03382542
OFDM,Classical OFDM,0.05,-0.31622776,-0.31622776,-0.40042192,-0.33724996
OFDM,Classical OFDM,0.05,0.31622776,0.94868326,0.19629267,0.97225165
OFDM,Classical OFDM,0.05,0.31622776,-0.31622776,0.48648953,-0.2672151
OFDM,Classical OFDM,0.05,0.31622776,-0.94868326,0.5051875,-0.8485111
OFDM,Classical OFDM,0.05,0.94868326,0.31622776,0.85373497,0.5350132
OFDM,Classical OFDM,0.05,-0.31622776,-0.31622776,-0.31653735,-0.2535213
OFDM,Classical OFDM,0.05,-0.94868326,0.94868326,-1.1503108,0.70855904
OFDM,Classical OFDM,0.05,0.94868326,-0.94868326,0.9088563,-0.971313
OFDM,Classical OFDM,0.05,-0.94868326,-0.31622776,-0.90029234,-0.43229565
OFDM,Classical OFDM,0.05,-0.94868326,-0.94868326,-0.73067683,-0.99787515
OFDM,Classical OFDM,0.05,0.94868326,-0.31622776,0.9058307,0.1656781
OFDM,Classical OFDM,0.05,0.31622776,-0.94868326,0.42157605,-0.9561962
OFDM,Classical OFDM,0.05,-0.31622776,0.94868326,-0.6182719,0.8861093
OFDM,Classical OFDM,0.05,-0.94868326,0.31622776,-1.0913924,0.16608039
OFDM,Classical OFDM,0.05,-0.94868326,0.31622776,-0.90044886,0.11449033
OFDM,Classical OFDM,0.05,0.94868326,-0.31622776,1.0149596,0.017455881
OFDM,Classical OFDM,0.05,-0.31622776,0.31622776,-0.23348695,0.23683946
OFDM,Classical OFDM,0.05,0.31622776,-0.94868326,0.5491766,-0.94959354
OFDM,Classical OFDM,0.05,0.94868326,-0.94868326,0.97931814,-0.658511
OFDM,Classical OFDM,0.05,-0.31622776,-0.94868326,-0.22825086,-1.0430732
OFDM,Classical OFDM,0.05,-0.31622776,-0.94868326,-0.4391377,-0.8459684
OFDM,Classical OFDM,0.05,-0.94868326,0.94868326,-1.1604923,0.83345616
OFDM,Classical OFDM,0.05,-0.31622776,0.31622776,-0.39311543,0.23434237
OFDM,Classical OFDM,0.05,0.31622776,-0.94868326,0.39042595,-0.94599044
OFDM,Classical OFDM,0.05,0.94868326,-0.94868326,0.9370918,-0.6607119
OFDM,Classical OFDM,0.05,-0.94868326,0.31622776,-1.1408397,0.11683828
OFDM,Classical OFDM,0.05,-0.31622776,0.31622776,-0.3513116,0.20413336
OFDM,Classical OFDM,0.05,-0.31622776,0.31622776,-0.3635938,0.29506743
OFDM,Classical OFDM,0.05,0.31622776,0.94868326,0.2165716,0.8086772
OFDM,Classical OFDM,0.05,-0.31622776,-0.31622776,-0.23114303,-0.5683141
OFDM,Classical OFDM,0.05,-0.94868326,-0.31622776,-0.87696016,-0.54885375
OFDM,Classical OFDM,0.05,-0.94868326,0.31622776,-0.8372979,0.26091802
OFDM,Classical OFDM,0.05,0.31622776,-0.94868326,0.4573057,-0.937595
OFDM,Classical OFDM,0.05,0.94868326,0.94868326,0.7394843,1.2215074
OFDM,Classical OFDM,0.05,-0.94868326,-0.31622776,-0.8977122,-0.42298526
Learned,Learned Basis,0.05,0.94868326,-0.94868326,1.113517,-0.8445822
Learned,Learned Basis,0.05,0.94868326,0.94868326,0.7292104,1.0050876
Learned,Learned Basis,0.05,0.31622776,-0.31622776,0.42040724,-0.20062281
Learned,Learned Basis,0.05,0.94868326,0.94868326,0.9706137,1.0330831
Learned,Learned Basis,0.05,0.94868326,-0.31622776,1.0015173,-0.25264314
Learned,Learned Basis,0.05,0.94868326,0.31622776,0.9136857,0.49705556
Learned,Learned Basis,0.05,-0.31622776,0.94868326,-0.5586463,0.852617
Learned,Learned Basis,0.05,-0.31622776,0.94868326,-0.35929686,0.89422166
Learned,Learned Basis,0.05,-0.94868326,0.31622776,-0.92373884,0.2063946
Learned,Learned Basis,0.05,0.31622776,0.31622776,0.14339328,0.34299827
Learned,Learned Basis,0.05,-0.31622776,0.94868326,-0.36677828,0.93547523
Learned,Learned Basis,0.05,0.94868326,0.94868326,1.0113643,1.0572653
Learned,Learned Basis,0.05,-0.31622776,-0.31622776,-0.21703471,-0.36799145
Learned,Learned Basis,0.05,0.31622776,0.94868326,0.07735194,0.8996105
Learned,Learned Basis,0.05,-0.94868326,-0.94868326,-0.79030216,-1.0556668
Learned,Learned Basis,0.05,-0.31622776,0.31622776,-0.53361493,0.5781278
Learned,Learned Basis,0.05,0.94868326,-0.31622776,1.1184736,-0.107681185
Learned,Learned Basis,0.05,0.94868326,0.94868326,0.78823626,0.95091003
Learned,Learned Basis,0.05,0.94868326,-0.94868326,1.0739866,-0.8962912
Learned,Learned Basis,0.05,0.31622776,-0.31622776,0.5530849,-0.43699872
Learned,Learned Basis,0.05,-0.31622776,-0.94868326,-0.33652827,-0.8283077
Learned,Learned Basis,0.05,0.94868326,0.31622776,0.84447765,0.36954132
Learned,Learned Basis,0.05,-0.31622776,-0.31622776,-0.40713465,-0.5671933
Learned,Learned Basis,0.05,0.31622776,-0.94868326,0.46365488,-0.85202265
Learned,Learned Basis,0.05,0.94868326,-0.31622776,0.9287106,0.031843875
Learned,Learned Basis,0.05,-0.94868326,0.94868326,-1.2111506,0.7426595
Learned,Learned Basis,0.05,0.94868326,0.94868326,0.53688264,1.4020822
Learned,Learned Basis,0.05,-0.94868326,-0.31622776,-0.77749383,-0.55940634
Learned,Learned Basis,0.05,-0.94868326,-0.94868326,-0.47228044,-1.1550574
Learned,Learned Basis,0.05,-0.94868326,-0.31622776,-0.75036836,-0.67477083
Learned,Learned Basis,0.05,0.31622776,0.94868326,0.15580685,1.0615281
Learned,Learned Basis,0.05,0.31622776,-0.94868326,0.5038883,-1.0690725
Learned,Learned Basis,0.05,0.94868326,-0.94868326,1.1457949,-0.63056123
Learned,Learned Basis,0.05,0.31622776,0.31622776,0.30487537,0.40684867
Learned,Learned Basis,0.05,-0.31622776,0.94868326,-0.45501333,0.83724093
Learned,Learned Basis,0.05,0.31622776,-0.31622776,0.39183423,-0.13631211
Learned,Learned Basis,0.05,0.94868326,0.94868326,0.6957896,0.9551678
Learned,Learned Basis,0.05,0.31622776,-0.94868326,0.3182139,-0.9172143
Learned,Learned Basis,0.05,0.94868326,-0.94868326,1.3305528,-0.7182346
Learned,Learned Basis,0.05,0.31622776,0.31622776,0.27150187,0.3442187
Learned,Learned Basis,0.05,0.31622776,-0.31622776,0.49756116,-0.29984733
Learned,Learned Basis,0.05,-0.31622776,0.94868326,-0.47276926,0.91662127
Learned,Learned Basis,0.05,0.94868326,-0.31622776,1.1096517,-0.14009011
Learned,Learned Basis,0.05,-0.31622776,0.94868326,-0.4719459,0.8556331
Learned,Learned Basis,0.05,-0.31622776,-0.94868326,-0.08708816,-0.86124283
Learned,Learned Basis,0.05,-0.31622776,0.94868326,-0.3898688,0.7860734
Learned,Learned Basis,0.05,0.31622776,-0.31622776,0.42582294,-0.28607225
Learned,Learned Basis,0.05,0.31622776,0.31622776,0.4232989,0.25345305
Learned,Learned Basis,0.05,-0.31622776,-0.94868326,-0.12177083,-1.0189141
Learned,Learned Basis,0.05,0.94868326,-0.94868326,1.2210293,-0.61473596
Learned,Learned Basis,0.05,0.31622776,-0.94868326,0.39014098,-0.7585454
Learned,Learned Basis,0.05,-0.94868326,0.94868326,-1.0279577,0.6261998
Learned,Learned Basis,0.05,-0.31622776,0.31622776,-0.52443177,0.41621494
Learned,Learned Basis,0.05,-0.31622776,0.31622776,-0.3449309,0.17233929
Learned,Learned Basis,0.05,-0.94868326,-0.31622776,-0.88735867,-0.37326956
Learned,Learned Basis,0.05,-0.31622776,-0.94868326,-0.30788815,-1.0642002
Learned,Learned Basis,0.05,-0.31622776,0.94868326,-0.33733234,0.80326813
Learned,Learned Basis,0.05,-0.31622776,-0.94868326,-0.24497062,-0.97937113
Learned,Learned Basis,0.05,0.94868326,0.94868326,0.7170508,1.132579
Learned,Learned Basis,0.05,0.94868326,-0.31622776,0.98037326,-0.3436964
Learned,Learned Basis,0.05,0.31622776,-0.94868326,0.26824063,-0.8356293
Learned,Learned Basis,0.05,0.94868326,0.94868326,1.067166,1.0589737
Learned,Learned Basis,0.05,0.94868326,-0.31622776,0.98315674,-0.21042423
Learned,Learned Basis,0.05,-0.94868326,0.31622776,-0.8677061,0.14123248
Learned,Learned Basis,0.05,-0.94868326,0.31622776,-0.93659914,0.4320463
Learned,Learned Basis,0.05,0.31622776,0.31622776,0.3999641,0.43949717
Learned,Learned Basis,0.05,0.31622776,-0.94868326,0.38795707,-0.8783126
Learned,Learned Basis,0.05,0.31622776,-0.94868326,0.3557012,-1.0033906
Learned,Learned Basis,0.05,0.31622776,-0.94868326,0.52201444,-0.8796005
Learned,Learned Basis,0.05,0.94868326,-0.94868326,1.0852526,-0.64650387
Learned,Learned Basis,0.05,-0.94868326,0.31622776,-1.0324968,-0.11377113
Learned,Learned Basis,0.05,0.31622776,-0.31622776,0.41419125,-0.28707862
Learned,Learned Basis,0.05,-0.31622776,-0.94868326,-0.1546911,-1.071284
Learned,Learned Basis,0.05,0.94868326,0.94868326,0.77335835,1.3098543
Learned,Learned Basis,0.05,0.94868326,-0.94868326,1.1146941,-0.64837474
Learned,Learned Basis,0.05,0.94868326,0.31622776,0.8444864,0.49681097
Learned,Learned Basis,0.05,0.94868326,-0.31622776,1.1669163,0.057621576
Learned,Learned Basis,0.05,0.31622776,0.31622776,0.12755372,0.26118034
Learned,Learned Basis,0.05,-0.94868326,-0.94868326,-0.53018475,-1.2161069
Learned,Learned Basis,0.05,-0.31622776,0.31622776,-0.4088051,0.1602442
Learned,Learned Basis,0.05,0.94868326,0.94868326,0.5659979,1.1141902
Learned,Learned Basis,0.05,0.94868326,0.94868326,0.8148694,1.1199776
Learned,Learned Basis,0.05,0.94868326,0.31622776,1.0639986,0.46794748
Learned,Learned Basis,0.05,0.94868326,0.94868326,0.8944236,1.2116182
Learned,Learned Basis,0.05,-0.94868326,0.31622776,-0.9175677,0.049519174
Learned,Learned Basis,0.05,0.94868326,0.31622776,0.73932457,0.610467
Learned,Learned Basis,0.05,-0.94868326,0.31622776,-1.1468896,0.17827459
Learned,Learned Basis,0.05,-0.94868326,-0.31622776,-0.7236733,-0.4637427
Learned,Learned Basis,0.05,-0.31622776,0.94868326,-0.38518393,0.79810375
Learned,Learned Basis,0.05,-0.31622776,-0.31622776,-0.36665076,-0.3914147
Learned,Learned Basis,0.05,-0.31622776,-0.94868326,-0.18284959,-0.90179616
Learned,Learned Basis,0.05,0.94868326,-0.31622776,1.032976,-0.34967065
Learned,Learned Basis,0.05,0.31622776,-0.31622776,0.33025688,-0.23740536
Learned,Learned Basis,0.05,-0.31622776,-0.94868326,-0.19835065,-0.9562988
Learned,Learned Basis,0.05,-0.94868326,0.94868326,-1.2991483,0.8585284
Learned,Learned Basis,0.05,0.94868326,-0.94868326,0.9885959,-0.70166445
Learned,Learned Basis,0.05,-0.31622776,0.94868326,-0.33289754,0.858851
Learned,Learned Basis,0.05,-0.94868326,-0.94868326,-0.7907019,-1.128262
Learned,Learned Basis,0.05,0.94868326,0.94868326,0.9055285,1.0561491
Learned,Learned Basis,0.05,0.31622776,0.94868326,0.22100389,0.88295984
Learned,Learned Basis,0.05,-0.31622776,-0.94868326,-0.1674528,-0.9999285
Learned,Learned Basis,0.05,0.94868326,-0.94868326,0.84862435,-0.90840036
Learned,Learned Basis,0.05,-0.31622776,0.31622776,-0.4479398,0.12831394
Learned,Learned Basis,0.05,0.31622776,0.31622776,0.36672065,0.26194105
Learned,Learned Basis,0.05,0.94868326,-0.31622776,0.8822122,-0.34858721
Learned,Learned Basis,0.05,0.31622776,0.31622776,0.24868166,0.26501596
Learned,Learned Basis,0.05,-0.94868326,0.31622776,-0.9386511,0.27936146
Learned,Learned Basis,0.05,-0.94868326,-0.94868326,-0.8604727,-0.9823607
Learned,Learned Basis,0.05,-0.94868326,-0.94868326,-0.7787908,-1.0723629
Learned,Learned Basis,0.05,-0.31622776,0.94868326,-0.3869536,1.0283686
Learned,Learned Basis,0.05,-0.94868326,-0.31622776,-0.86315626,-0.23921388
Learned,Learned Basis,0.05,-0.31622776,0.94868326,-0.17217235,0.7094456
Learned,Learned Basis,0.05,-0.94868326,-0.94868326,-1.0110662,-0.9967375
Learned,Learned Basis,0.05,-0.94868326,-0.31622776,-0.8848314,-0.51646286
Learned,Learned Basis,0.05,0.94868326,-0.94868326,1.1087859,-0.51887214
Learned,Learned Basis,0.05,0.31622776,0.31622776,0.12127386,0.39989033
Learned,Learned Basis,0.05,0.31622776,0.31622776,0.26014426,0.39476398
Learned,Learned Basis,0.05,-0.94868326,-0.94868326,-0.51508844,-1.2261758
Learned,Learned Basis,0.05,-0.94868326,0.94868326,-1.336264,0.58581555
Learned,Learned Basis,0.05,-0.94868326,0.94868326,-1.2900022,0.69463354
Learned,Learned Basis,0.05,0.31622776,0.94868326,0.08985214,0.9046632
Learned,Learned Basis,0.05,0.94868326,-0.94868326,1.2675713,-0.6795771
Learned,Learned Basis,0.05,0.94868326,0.94868326,0.7792878,1.0727296
Learned,Learned Basis,0.05,-0.31622776,-0.94868326,-0.011500537,-0.9976745
Learned,Learned Basis,0.05,0.31622776,0.94868326,0.18056835,1.2120793
Learned,Learned Basis,0.05,-0.31622776,0.31622776,-0.32631862,0.22304869
Learned,Learned Basis,0.05,0.31622776,-0.94868326,0.37843233,-0.9003312
Learned,Learned Basis,0.05,-0.94868326,0.31622776,-0.8495188,0.15182523
Learned,Learned Basis,0.05,-0.31622776,-0.31622776,-0.20439576,-0.44964474
Learned,Learned Basis,0.05,-0.31622776,-0.31622776,-0.44044614,-0.36463922
Learned,Learned Basis,0.05,0.94868326,0.31622776,0.81519794,0.48989004
Learned,Learned Basis,0.05,0.31622776,0.31622776,0.19708064,0.360479
Learned,Learned Basis,0.05,-0.94868326,0.31622776,-1.0123019,-0.038813613
Learned,Learned Basis,0.05,0.31622776,0.31622776,0.1986015,0.41739997
Learned,Learned Basis,0.05,-0.94868326,-0.94868326,-0.8251876,-1.114446
Learned,Learned Basis,0.05,-0.31622776,0.94868326,-0.367376,0.87135357
Learned,Learned Basis,0.05,-0.94868326,0.94868326,-1.0343157,0.9699487
Learned,Learned Basis,0.05,-0.94868326,-0.31622776,-0.95460075,-0.48723638
Learned,Learned Basis,0.05,0.94868326,-0.94868326,1.0089127,-0.76798844
Learned,Learned Basis,0.05,0.31622776,-0.31622776,0.35237938,-0.43166912
Learned,Learned Basis,0.05,-0.31622776,-0.31622776,-0.4045097,-0.44100985
Learned,Learned Basis,0.05,0.31622776,-0.94868326,0.39864886,-0.831516
Learned,Learned Basis,0.05,0.94868326,-0.31622776,0.92125785,-0.103622206
Learned,Learned Basis,0.05,-0.94868326,-0.94868326,-0.8769844,-0.994707
Learned,Learned Basis,0.05,-0.31622776,0.94868326,-0.35172054,0.91828585
Learned,Learned Basis,0.05,0.94868326,-0.94868326,0.86958975,-0.78101134
Learned,Learned Basis,0.05,-0.94868326,0.94868326,-1.009217,1.0381525
Learned,Learned Basis,0.05,0.31622776,0.94868326,0.3088927,0.94159377
Learned,Learned Basis,0.05,0.94868326,0.31622776,0.7981577,0.33964694
Learned,Learned Basis,0.05,0.31622776,0.31622776,0.13560322,0.43668693
Learned,Learned Basis,0.05,0.94868326,0.94868326,0.94851553,1.0081155
Learned,Learned Basis,0.05,0.94868326,-0.31622776,0.90591955,-0.28259757
Learned,Learned Basis,0.05,0.31622776,0.31622776,0.36954978,0.27904743
Learned,Learned Basis,0.05,0.94868326,-0.94868326,0.95980525,-0.863551
Learned,Learned Basis,0.05,0.31622776,0.31622776,0.33107212,0.19786097
Learned,Learned Basis,0.05,-0.31622776,0.94868326,-0.49224144,0.864512
Learned,Learned Basis,0.05,-0.94868326,0.94868326,-0.8721757,1.009418
Learned,Learned Basis,0.05,0.31622776,-0.94868326,0.29223537,-0.9691143
Learned,Learned Basis,0.05,-0.94868326,-0.94868326,-0.4717289,-1.1168427
Learned,Learned Basis,0.05,-0.31622776,0.94868326,-0.53415424,1.0145861
Learned,Learned Basis,0.05,0.31622776,0.94868326,0.12768312,1.2747773
Learned,Learned Basis,0.05,-0.31622776,-0.94868326,-0.08862901,-1.0699636
Learned,Learned Basis,0.05,-0.31622776,-0.31622776,-0.199124,-0.57327574
Learned,Learned Basis,0.05,0.31622776,0.94868326,0.07795365,1.067104
Learned,Learned Basis,0.05,-0.94868326,0.94868326,-1.0919518,0.5794873
Learned,Learned Basis,0.05,0.31622776,0.94868326,0.14988996,0.8557572
Learned,Learned Basis,0.05,-0.31622776,0.31622776,-0.3399418,0.28067714
Learned,Learned Basis,0.05,-0.94868326,-0.94868326,-0.8358684,-1.0843481
Learned,Learned Basis,0.05,0.94868326,0.94868326,0.67287606,1.1354418
Learned,Learned Basis,0.05,-0.94868326,-0.31622776,-0.80612665,-0.41914752
Learned,Learned Basis,0.05,-0.94868326,0.94868326,-1.1241089,0.7567316
Learned,Learned Basis,0.05,0.31622776,0.94868326,0.10178323,1.0174822
Learned,Learned Basis,0.05,-0.31622776,-0.31622776,-0.21874642,-0.31053114
Learned,Learned Basis,0.05,0.94868326,0.94868326,0.58344233,1.1598876
Learned,Learned Basis,0.05,0.94868326,0.94868326,0.7155162,1.1765364
Learned,Learned Basis,0.05,-0.94868326,0.94868326,-1.1142111,0.84075487
Learned,Learned Basis,0.05,0.94868326,-0.31622776,1.1431301,-0.28923154
Learned,Learned Basis,0.05,0.31622776,-0.94868326,0.49292386,-1.0071406
Learned,Learned Basis,0.05,-0.31622776,0.94868326,-0.45547146,0.81826854
Learned,Learned Basis,0.05,-0.31622776,-0.94868326,-0.025049992,-0.9987922
Learned,Learned Basis,0.05,-0.94868326,-0.31622776,-0.9478659,-0.47415465
Learned,Learned Basis,0.05,-0.31622776,0.31622776,-0.35878938,0.38321018
Learned,Learned Basis,0.05,-0.94868326,0.31622776,-1.1144481,0.067486554
Learned,Learned Basis,0.05,-0.31622776,0.31622776,-0.40036964,0.29979634
Learned,Learned Basis,0.05,-0.31622776,0.94868326,-0.5091047,0.8356882
Learned,Learned Basis,0.05,-0.94868326,-0.94868326,-0.8273472,-1.1059363
Learned,Learned Basis,0.05,0.31622776,-0.94868326,0.42612985,-0.82675105
Learned,Learned Basis,0.05,0.31622776,0.94868326,0.2254287,0.92492336
Learned,Learned Basis,0.05,-0.94868326,-0.31622776,-0.96719205,-0.37336722
Learned,Learned Basis,0.05,-0.94868326,0.31622776,-0.899375,0.22017297
Learned,Learned Basis,0.05,0.94868326,0.31622776,0.91685134,0.31617853
Learned,Learned Basis,0.05,-0.94868326,0.94868326,-1.0708152,0.8083706
Learned,Learned Basis,0.05,0.31622776,-0.94868326,0.3659712,-1.0532557
Learned,Learned Basis,0.05,0.94868326,0.31622776,0.8418543,0.4075766
Learned,Learned Basis,0.05,-0.31622776,-0.94868326,-0.30239743,-0.81110305
Learned,Learned Basis,0.05,0.94868326,0.31622776,1.0715427,0.30110127
Learned,Learned Basis,0.05,-0.94868326,0.31622776,-1.0087314,0.31600645
Learned,Learned Basis,0.05,-0.94868326,0.94868326,-0.76194155,0.93488866
Learned,Learned Basis,0.05,0.31622776,-0.94868326,0.1948596,-0.8710503
Learned,Learned Basis,0.05,0.31622776,0.31622776,0.319453,0.38902298
Learned,Learned Basis,0.05,-0.94868326,-0.94868326,-1.0227913,-0.85895157
Learned,Learned Basis,0.05,0.31622776,0.31622776,0.40544802,0.28977925
Learned,Learned Basis,0.05,0.31622776,-0.94868326,0.4985549,-1.0262613
Learned,Learned Basis,0.05,-0.94868326,0.31622776,-1.0169667,-0.009169446
Learned,Learned Basis,0.05,-0.31622776,-0.31622776,-0.28953734,-0.45733604
Learned,Learned Basis,0.05,0.31622776,-0.94868326,0.48896742,-0.819871
Learned,Learned Basis,0.05,0.31622776,-0.94868326,0.60463154,-1.0514734
Learned,Learned Basis,0.05,-0.94868326,0.31622776,-1.0829878,-0.05251562
Learned,Learned Basis,0.05,-0.31622776,-0.31622776,-0.1892645,-0.5441961
Learned,Learned Basis,0.05,-0.31622776,0.31622776,-0.39562425,0.43087438
Learned,Learned Basis,0.05,-0.31622776,-0.94868326,-0.21761814,-1.0186496
Learned,Learned Basis,0.05,0.31622776,0.31622776,0.20823707,0.3075491
Learned,Learned Basis,0.05,-0.94868326,-0.31622776,-0.8485854,-0.3882005
Learned,Learned Basis,0.05,-0.31622776,-0.31622776,-0.24973917,-0.24595562
Learned,Learned Basis,0.05,0.31622776,0.31622776,0.23870693,0.28561667
Learned,Learned Basis,0.05,0.31622776,-0.31622776,0.28821945,-0.31402758
Learned,Learned Basis,0.05,-0.94868326,0.94868326,-1.2235897,0.7758924
Learned,Learned Basis,0.05,-0.31622776,-0.94868326,-0.1896328,-0.86626166
Learned,Learned Basis,0.05,-0.94868326,-0.31622776,-0.9369141,-0.49385902
Learned,Learned Basis,0.05,0.94868326,-0.31622776,1.1045799,-0.1958317
Learned,Learned Basis,0.05,0.94868326,-0.31622776,0.9087168,-0.2509487
Learned,Learned Basis,0.05,0.31622776,0.31622776,0.21925086,0.3420321
Learned,Learned Basis,0.05,0.31622776,0.31622776,0.20141181,0.38870046
Learned,Learned Basis,0.05,0.31622776,-0.94868326,0.39685103,-0.7549083
Learned,Learned Basis,0.05,0.94868326,0.94868326,0.78071696,1.2138692
Learned,Learned Basis,0.05,-0.31622776,-0.94868326,-0.22669518,-1.0485523
Learned,Learned Basis,0.05,0.31622776,0.31622776,0.27587542,0.20839833
Learned,Learned Basis,0.05,0.94868326,0.94868326,0.8647886,1.1909034
Learned,Learned Basis,0.05,0.31622776,0.94868326,0.15996774,0.96625304
Learned,Learned Basis,0.05,-0.31622776,0.31622776,-0.38478953,0.36697784
Learned,Learned Basis,0.05,0.94868326,0.31622776,0.9549771,0.469685
Learned,Learned Basis,0.05,0.31622776,-0.31622776,0.2198564,-0.05663468
Learned,Learned Basis,0.05,-0.94868326,0.31622776,-0.92477155,0.23495415
Learned,Learned Basis,0.05,0.94868326,0.94868326,0.8430163,1.0276954
Learned,Learned Basis,0.05,-0.94868326,0.31622776,-1.0471523,0.24725163
Learned,Learned Basis,0.05,0.31622776,-0.31622776,0.29218197,-0.18079989
Learned,Learned Basis,0.05,-0.31622776,0.94868326,-0.44668347,0.8727954
Learned,Learned Basis,0.05,-0.31622776,0.31622776,-0.36745328,0.39354566
Learned,Learned Basis,0.05,-0.31622776,0.94868326,-0.36966246,1.0168681
Learned,Learned Basis,0.05,-0.31622776,-0.31622776,-0.20571747,-0.34748504
Learned,Learned Basis,0.05,0.94868326,0.31622776,0.858143,0.30388853
Learned,Learned Basis,0.05,-0.31622776,0.31622776,-0.17841698,0.27387264
Learned,Learned Basis,0.05,0.31622776,0.31622776,0.17816441,0.57675284
Learned,Learned Basis,0.05,0.94868326,0.31622776,0.9790783,0.43048677
Learned,Learned Basis,0.05,0.31622776,-0.94868326,0.34350944,-0.9644881
Learned,Learned Basis,0.05,-0.94868326,0.31622776,-1.0526075,0.31952342
Learned,Learned Basis,0.05,0.31622776,-0.31622776,0.3389129,-0.41565183
Learned,Learned Basis,0.05,-0.94868326,0.94868326,-0.8858819,0.89633083
Learned,Learned Basis,0.05,0.94868326,-0.31622776,1.0128878,0.091464885
Learned,Learned Basis,0.05,-0.31622776,0.94868326,-0.57146394,0.953868
Learned,Learned Basis,0.05,-0.31622776,-0.31622776,-0.32872936,-0.39569452
Learned,Learned Basis,0.05,-0.31622776,0.94868326,-0.5399385,1.0015076
Learned,Learned Basis,0.05,-0.94868326,0.94868326,-1.236203,0.8616437
Learned,Learned Basis,0.05,-0.31622776,0.31622776,-0.23999324,0.19528495
Learned,Learned Basis,0.05,-0.31622776,0.31622776,-0.45812225,0.1710486
Learned,Learned Basis,0.05,0.31622776,0.94868326,0.13732603,1.0723699
Learned,Learned Basis,0.05,-0.31622776,-0.94868326,-0.11898444,-1.0296174
Learned,Learned Basis,0.05,0.94868326,0.31622776,0.92087704,0.38691396
Learned,Learned Basis,0.05,-0.94868326,-0.31622776,-0.8281456,-0.4780924
Learned,Learned Basis,0.05,0.94868326,-0.31622776,1.0547184,0.034757838
Learned,Learned Basis,0.05,0.94868326,0.94868326,0.8074577,1.1825546
Learned,Learned Basis,0.05,-0.94868326,-0.31622776,-0.88544923,-0.51931673
Learned,Learned Basis,0.05,0.94868326,0.31622776,0.67127496,0.39467436
Learned,Learned Basis,0.05,-0.94868326,-0.94868326,-0.4953027,-1.1929461
Learned,Learned Basis,0.05,0.31622776,-0.94868326,0.41098294,-0.82142437
Learned,Learned Basis,0.05,0.94868326,0.94868326,0.7402072,0.9813185
Learned,Learned Basis,0.05,0.94868326,-0.31622776,1.0503585,-0.08669753
Learned,Learned Basis,0.05,-0.31622776,0.31622776,-0.47442028,0.18124565
Learned,Learned Basis,0.05,-0.94868326,-0.31622776,-0.71173495,-0.3721765
Learned,Learned Basis,0.05,-0.94868326,0.31622776,-0.86974204,0.076871336
Learned,Learned Basis,0.05,-0.31622776,0.94868326,-0.4715203,0.9275209
Learned,Learned Basis,0.05,-0.94868326,-0.31622776,-0.8569177,-0.4312732
Learned,Learned Basis,0.05,0.31622776,-0.31622776,0.4051723,-0.44399908
Learned,Learned Basis,0.05,0.31622776,-0.31622776,0.37778923,-0.26872817
Learned,Learned Basis,0.05,-0.31622776,0.31622776,-0.3849241,0.31401524
Learned,Learned Basis,0.05,0.94868326,-0.94868326,1.089362,-0.9788697
Learned,Learned Basis,0.05,0.94868326,-0.94868326,1.2547107,-0.8153038
Learned,Learned Basis,0.05,0.94868326,-0.31622776,1.1021262,-0.14147526
Learned,Learned Basis,0.05,-0.94868326,0.94868326,-1.0842738,0.8551467
Learned,Learned Basis,0.05,0.94868326,-0.31622776,0.8377355,-0.13407603
Learned,Learned Basis,0.05,0.94868326,-0.31622776,0.8564343,-0.31215823
Learned,Learned Basis,0.05,0.94868326,0.94868326,0.89414966,0.9727614
Learned,Learned Basis,0.05,0.31622776,0.31622776,0.12322918,0.38414758
Learned,Learned Basis,0.05,-0.31622776,0.31622776,-0.22739683,0.14355129
Learned,Learned Basis,0.05,-0.31622776,-0.94868326,-0.36199212,-1.10058
Learned,Learned Basis,0.05,0.31622776,0.31622776,0.22931924,0.15646341
Learned,Learned Basis,0.05,0.94868326,0.31622776,0.92704225,0.27720478
Learned,Learned Basis,0.05,-0.94868326,-0.31622776,-0.9620501,-0.34016192
Learned,Learned Basis,0.05,-0.94868326,-0.94868326,-1.073403,-1.009703
Learned,Learned Basis,0.05,-0.31622776,0.31622776,-0.3781209,0.36890164
Learned,Learned Basis,0.05,0.31622776,-0.94868326,0.46536365,-1.0028839
Learned,Learned Basis,0.05,-0.94868326,-0.31622776,-0.78824127,-0.21524042
Learned,Learned Basis,0.05,0.31622776,-0.94868326,0.2995277,-0.9617901
Learned,Learned Basis,0.05,-0.31622776,-0.31622776,-0.25784492,-0.27646846
Learned,Learned Basis,0.05,-0.94868326,0.31622776,-0.8404034,0.076585814
Learned,Learned Basis,0.05,-0.94868326,0.31622776,-0.96089363,0.008409172
Learned,Learned Basis,0.05,0.94868326,0.31622776,0.7397797,0.6341804
Learned,Learned Basis,0.05,-0.31622776,0.94868326,-0.58176476,0.79948986
Learned,Learned Basis,0.05,-0.31622776,-0.94868326,-0.007178585,-0.9690722
Learned,Learned Basis,0.05,-0.94868326,-0.31622776,-0.9270459,-0.6107183
Learned,Learned Basis,0.05,0.94868326,-0.94868326,1.1081085,-0.6121905
Learned,Learned Basis,0.05,0.31622776,-0.94868326,0.5730102,-0.8122297
Learned,Learned Basis,0.05,-0.94868326,-0.31622776,-0.88367665,-0.5351447
Learned,Learned Basis,0.05,-0.94868326,0.94868326,-0.9967308,0.6063395
Learned,Learned Basis,0.05,0.94868326,0.31622776,0.7811874,0.44223532
Learned,Learned Basis,0.05,-0.31622776,-0.94868326,-0.020067565,-0.85684115
Learned,Learned Basis,0.05,-0.31622776,-0.31622776,-0.2789156,-0.5234575
Learned,Learned Basis,0.05,0.31622776,-0.94868326,0.47020823,-0.8857644
Learned,Learned Basis,0.05,0.94868326,-0.94868326,1.1075443,-0.78541005
Learned,Learned Basis,0.05,-0.94868326,0.94868326,-1.0422995,0.7576773
Learned,Learned Basis,0.05,0.31622776,-0.31622776,0.39139354,-0.32738057
Learned,Learned Basis,0.05,-0.31622776,-0.94868326,-0.2334104,-0.8677093
Learned,Learned Basis,0.05,-0.31622776,-0.94868326,0.07280667,-0.98889947
Learned,Learned Basis,0.05,-0.94868326,-0.94868326,-0.75173014,-1.121199
Learned,Learned Basis,0.05,0.31622776,-0.31622776,0.11498618,-0.26781633
Learned,Learned Basis,0.05,-0.31622776,0.31622776,-0.34590292,0.3205113
Learned,Learned Basis,0.05,-0.31622776,-0.31622776,-0.063759625,-0.33898437
Learned,Learned Basis,0.05,0.94868326,0.94868326,0.67677295,1.0274292
Learned,Learned Basis,0.05,-0.31622776,0.94868326,-0.26152298,0.9648083
Learned,Learned Basis,0.05,-0.31622776,0.31622776,-0.35457042,0.29835495
Learned,Learned Basis,0.05,-0.94868326,0.94868326,-1.0145125,0.8477129
Learned,Learned Basis,0.05,0.31622776,-0.94868326,0.4529022,-0.9023534
Learned,Learned Basis,0.05,-0.94868326,0.94868326,-0.92811114,0.9364674
Learned,Learned Basis,0.05,-0.31622776,-0.31622776,-0.26929536,-0.3990364
Learned,Learned Basis,0.05,-0.94868326,-0.31622776,-0.96295387,-0.17519648
Learned,Learned Basis,0.05,0.31622776,-0.94868326,0.46663427,-0.961453
Learned,Learned Basis,0.05,-0.31622776,0.31622776,-0.28639182,0.32756653
Learned,Learned Basis,0.05,0.94868326,-0.94868326,0.8165888,-0.69530857
Learned,Learned Basis,0.05,-0.31622776,0.31622776,-0.3343268,0.27707162
Learned,Learned Basis,0.05,0.31622776,0.94868326,0.41200697,1.0190145
Learned,Learned Basis,0.05,0.31622776,0.31622776,0.24750791,0.10559573
Learned,Learned Basis,0.05,-0.94868326,0.31622776,-0.8721531,0.24762763
Learned,Learned Basis,0.05,-0.31622776,-0.94868326,-0.090491466,-0.95149344
Learned,Learned Basis,0.05,-0.31622776,0.94868326,-0.25593278,0.89841473
Learned,Learned Basis,0.05,-0.31622776,0.31622776,-0.46330494,0.34605855
Learned,Learned Basis,0.05,-0.31622776,0.94868326,-0.29941073,0.91424805
Learned,Learned Basis,0.05,0.94868326,-0.31622776,0.72588366,-0.36439168
Learned,Learned Basis,0.05,0.94868326,-0.31622776,0.9301969,-0.24051641
Learned,Learned Basis,0.05,-0.94868326,-0.94868326,-0.79735416,-1.373127
Learned,Learned Basis,0.05,-0.31622776,0.31622776,-0.40163872,0.25066972
Learned,Learned Basis,0.05,-0.31622776,-0.31622776,-0.39505887,-0.3977161
Learned,Learned Basis,0.05,-0.31622776,0.31622776,-0.33564433,0.28233576
Learned,Learned Basis,0.05,-0.31622776,0.31622776,-0.41932836,0.11723465
Learned,Learned Basis,0.05,-0.31622776,0.31622776,-0.48532182,0.13211654
Learned,Learned Basis,0.05,0.31622776,-0.94868326,0.3839429,-0.74856025
Learned,Learned Basis,0.05,0.94868326,0.94868326,0.5376934,1.1562247
Learned,Learned Basis,0.05,-0.31622776,-0.94868326,-0.14237486,-0.96279657
Learned,Learned Basis,0.05,-0.31622776,0.31622776,-0.27747893,-0.15295917
Learned,Learned Basis,0.05,0.31622776,-0.94868326,0.55129695,-0.7042285
Learned,Learned Basis,0.05,0.31622776,-0.31622776,0.39240095,-0.08850711
Learned,Learned Basis,0.05,-0.31622776,0.94868326,-0.48316824,0.6690468
Learned,Learned Basis,0.05,-0.31622776,-0.31622776,-0.15152639,-0.39096424
Learned,Learned Basis,0.05,0.94868326,0.94868326,0.65789235,1.0257207
Learned,Learned Basis,0.05,-0.31622776,0.94868326,-0.45180795,0.7781537
Learned,Learned Basis,0.05,-0.31622776,-0.94868326,0.18143965,-0.9369522
Learned,Learned Basis,0.05,0.94868326,-0.94868326,1.1528655,-0.7838826
Learned,Learned Basis,0.05,-0.31622776,0.94868326,-0.51081073,0.8537796
Learned,Learned Basis,0.05,0.31622776,0.31622776,0.04853814,0.4351784
Learned,Learned Basis,0.05,-0.31622776,-0.94868326,-0.19609559,-1.063221
Learned,Learned Basis,0.05,0.31622776,0.94868326,0.19796664,0.8840167
Learned,Learned Basis,0.05,0.31622776,0.31622776,0.18683383,0.5768945
Learned,Learned Basis,0.05,-0.31622776,0.94868326,-0.52918637,0.8497403
Learned,Learned Basis,0.05,-0.94868326,0.94868326,-1.1387748,0.8049381
Learned,Learned Basis,0.05,0.94868326,-0.31622776,0.9734281,-0.1626652
Learned,Learned Basis,0.05,-0.94868326,-0.94868326,-0.7946053,-1.0038177
Learned,Learned Basis,0.05,0.94868326,0.31622776,0.88028413,0.37622312
Learned,Learned Basis,0.05,0.94868326,0.31622776,0.7369337,0.37067214
Learned,Learned Basis,0.05,0.31622776,0.31622776,0.36015663,0.30409023
Learned,Learned Basis,0.05,0.31622776,0.94868326,0.20857836,0.99483854
Learned,Learned Basis,0.05,-0.31622776,0.31622776,-0.467169,0.27683458
Learned,Learned Basis,0.05,-0.94868326,-0.94868326,-0.7223367,-1.1525786
Learned,Learned Basis,0.05,0.94868326,-0.94868326,1.16148,-0.7278961
Learned,Learned Basis,0.05,0.94868326,0.94868326,0.67596877,0.8986028
Learned,Learned Basis,0.05,-0.31622776,-0.94868326,-0.2422016,-0.98590547
Learned,Learned Basis,0.05,-0.31622776,0.31622776,-0.35201803,0.31076214
Learned,Learned Basis,0.05,0.31622776,0.31622776,0.16441897,0.34816146
Learned,Learned Basis,0.05,0.94868326,-0.94868326,0.96537215,-1.019329
Learned,Learned Basis,0.05,0.94868326,0.94868326,0.9787854,0.9729029
Learned,Learned Basis,0.05,0.31622776,0.94868326,0.30912453,0.9237858
Learned,Learned Basis,0.05,0.94868326,0.94868326,0.9086795,1.0034006
Learned,Learned Basis,0.05,0.94868326,0.94868326,0.8194644,0.9659
Learned,Learned Basis,0.05,0.94868326,-0.94868326,0.9335985,-0.9799216
Learned,Learned Basis,0.05,-0.31622776,0.31622776,-0.4760059,0.03868292
Learned,Learned Basis,0.05,0.31622776,-0.31622776,0.46479943,-0.0072121867
Learned,Learned Basis,0.05,-0.94868326,0.31622776,-0.99013615,0.017154336
Learned,Learned Basis,0.05,-0.31622776,-0.31622776,-0.3260824,-0.39383453
Learned,Learned Basis,0.05,-0.31622776,-0.94868326,-0.0042736977,-1.0942025
Learned,Learned Basis,0.05,0.94868326,-0.94868326,1.3306032,-0.61207664
Learned,Learned Basis,0.05,-0.31622776,-0.31622776,-0.26730204,-0.41099325
Learned,Learned Basis,0.05,0.31622776,-0.31622776,0.2853199,-0.34401286
Learned,Learned Basis,0.05,0.31622776,-0.94868326,0.68887055,-0.6903818
Learned,Learned Basis,0.05,0.31622776,-0.31622776,0.33470252,-0.24901131
Learned,Learned Basis,0.05,0.31622776,0.94868326,0.010450073,0.9647014
Learned,Learned Basis,0.05,0.94868326,0.94868326,0.8057699,1.090034
Learned,Learned Basis,0.05,-0.31622776,0.94868326,-0.5715869,0.82383037
Learned,Learned Basis,0.05,-0.31622776,0.31622776,-0.32999253,0.051608756
Learned,Learned Basis,0.05,-0.31622776,-0.31622776,-0.22509193,-0.40894067
Learned,Learned Basis,0.05,0.94868326,-0.94868326,1.0677633,-0.5064539
Learned,Learned Basis,0.05,0.94868326,0.94868326,0.5635938,1.0989513
Learned,Learned Basis,0.05,-0.31622776,0.31622776,-0.52527845,0.15778054
Learned,Learned Basis,0.05,0.31622776,-0.94868326,0.52329063,-0.87929887
Learned,Learned Basis,0.05,0.31622776,-0.31622776,0.3991273,-0.21537706
Learned,Learned Basis,0.05,-0.31622776,0.94868326,-0.34064952,0.8789308
Learned,Learned Basis,0.05,0.31622776,-0.31622776,0.24435642,-0.36343494
Learned,Learned Basis,0.05,-0.94868326,-0.94868326,-0.7545667,-1.0742751
Learned,Learned Basis,0.05,-0.94868326,-0.94868326,-0.8449582,-0.94573134
Learned,Learned Basis,0.05,-0.31622776,-0.94868326,-0.18986559,-0.97016394
Learned,Learned Basis,0.05,-0.94868326,-0.31622776,-0.87882125,-0.44357988
Learned,Learned Basis,0.05,-0.94868326,-0.31622776,-0.72016203,-0.4150092
Learned,Learned Basis,0.05,-0.31622776,-0.94868326,-0.1605702,-1.0395932
Learned,Learned Basis,0.05,0.31622776,0.31622776,0.28374356,0.329375
Learned,Learned Basis,0.05,0.31622776,-0.94868326,0.4641261,-1.0527207
Learned,Learned Basis,0.05,0.31622776,-0.31622776,0.29025656,-0.1361078
Learned,Learned Basis,0.05,-0.31622776,0.31622776,-0.28359425,0.24554637
Learned,Learned Basis,0.05,0.31622776,0.31622776,0.27327785,0.46436796
Learned,Learned Basis,0.05,-0.31622776,0.31622776,-0.5548686,0.40597028
Learned,Learned Basis,0.05,0.94868326,-0.31622776,1.102351,-0.37571758
Learned,Learned Basis,0.05,-0.31622776,-0.94868326,-0.22511563,-0.90382445
Learned,Learned Basis,0.05,0.31622776,-0.94868326,0.19338661,-1.0211984
Learned,Learned Basis,0.05,-0.94868326,-0.31622776,-0.9859434,-0.37835684
Learned,Learned Basis,0.05,0.31622776,0.31622776,0.28852627,0.39878285
Learned,Learned Basis,0.05,0.31622776,0.31622776,0.22535628,0.29535753
Learned,Learned Basis,0.05,0.94868326,0.31622776,1.0226912,0.3466413
Learned,Learned Basis,0.05,-0.31622776,0.94868326,-0.27550507,1.0175253
Learned,Learned Basis,0.05,-0.31622776,-0.94868326,-0.20181921,-0.86526686
Learned,Learned Basis,0.05,-0.31622776,-0.31622776,-0.21797168,-0.26732183
Learned,Learned Basis,0.05,0.94868326,-0.31622776,0.8788959,-0.3662529
Learned,Learned Basis,0.05,0.94868326,0.31622776,0.7757386,0.39089453
Learned,Learned Basis,0.05,0.94868326,0.31622776,0.71416366,0.47090882
Learned,Learned Basis,0.05,-0.94868326,0.31622776,-1.0710657,-0.068865374
Learned,Learned Basis,0.05,0.31622776,0.31622776,0.11338085,0.4210611
Learned,Learned Basis,0.05,0.94868326,0.31622776,0.75129783,0.5651577
Learned,Learned Basis,0.05,-0.31622776,0.31622776,-0.39283186,0.18874544
Learned,Learned Basis,0.05,0.94868326,0.94868326,0.6352243,1.1883194
Learned,Learned Basis,0.05,0.31622776,0.94868326,0.030204155,0.9832294
Learned,Learned Basis,0.05,0.31622776,-0.31622776,0.41989076,-0.25008687
Learned,Learned Basis,0.05,0.94868326,-0.31622776,1.0261688,-0.09126591
Learned,Learned Basis,0.05,0.94868326,0.31622776,0.7918325,0.6644778
Learned,Learned Basis,0.05,0.31622776,0.31622776,0.34135854,0.27387798
Learned,Learned Basis,0.05,0.94868326,0.31622776,0.7927214,0.47870353
Learned,Learned Basis,0.05,0.94868326,-0.31622776,1.0783494,-0.028237764
Learned,Learned Basis,0.05,0.94868326,0.31622776,0.6400955,0.47945768
Learned,Learned Basis,0.05,0.94868326,0.31622776,0.8563646,0.38554454
Learned,Learned Basis,0.05,-0.94868326,-0.94868326,-0.6970676,-1.1436555
Learned,Learned Basis,0.05,0.94868326,0.94868326,0.7757068,1.0785569
Learned,Learned Basis,0.05,0.94868326,0.94868326,0.79003763,1.0609854
Learned,Learned Basis,0.05,-0.31622776,0.94868326,-0.4673816,0.9469201
Learned,Learned Basis,0.05,0.31622776,-0.94868326,0.4117397,-0.95784336
Learned,Learned Basis,0.05,-0.31622776,-0.94868326,-0.17218107,-1.0279081
Learned,Learned Basis,0.05,-0.94868326,0.31622776,-0.9410319,0.03234951
Learned,Learned Basis,0.05,-0.94868326,0.94868326,-1.1048118,0.8053644
Learned,Learned Basis,0.05,0.31622776,0.31622776,0.26578146,0.42159745
Learned,Learned Basis,0.05,-0.94868326,0.94868326,-0.9247486,0.73062867
Learned,Learned Basis,0.05,0.94868326,-0.94868326,1.1143273,-0.8483586
Learned,Learned Basis,0.05,0.94868326,0.94868326,0.768744,1.1051255
Learned,Learned Basis,0.05,0.94868326,0.94868326,0.888646,1.1638099
Learned,Learned Basis,0.05,-0.94868326,0.94868326,-0.9077058,0.76252943
Learned,Learned Basis,0.05,0.94868326,0.94868326,0.76531625,1.1071581
Learned,Learned Basis,0.05,0.94868326,0.31622776,0.9488119,0.43662342
Learned,Learned Basis,0.05,-0.94868326,-0.94868326,-1.02893,-0.99120665
Learned,Learned Basis,0.05,0.94868326,-0.94868326,1.0024642,-0.7828134
Learned,Learned Basis,0.05,-0.94868326,0.31622776,-0.9301054,0.22224899
Learned,Learned Basis,0.05,0.94868326,0.31622776,0.93244165,0.3465806
Learned,Learned Basis,0.05,0.31622776,-0.94868326,0.3332557,-0.91387403
Learned,Learned Basis,0.05,0.31622776,-0.94868326,0.42128673,-0.9059646
Learned,Learned Basis,0.05,-0.94868326,0.94868326,-0.826112,0.9961327
Learned,Learned Basis,0.05,0.31622776,0.94868326,0.36366102,1.0840942
Learned,Learned Basis,0.05,0.31622776,-0.31622776,0.47265303,-0.31901777
Learned,Learned Basis,0.05,-0.31622776,-0.94868326,-0.42929953,-0.94784415
Learned,Learned Basis,0.05,0.94868326,-0.94868326,1.1953667,-0.9736531
Learned,Learned Basis,0.05,0.31622776,-0.31622776,0.25011742,-0.2588191
Learned,Learned Basis,0.05,-0.94868326,0.94868326,-1.1142904,0.8350335
Learned,Learned Basis,0.05,0.94868326,-0.31622776,0.94945556,-0.46348536
Learned,Learned Basis,0.05,-0.94868326,0.94868326,-1.1964556,0.7591004
Learned,Learned Basis,0.05,-0.31622776,-0.94868326,-0.082123265,-1.0818764
Learned,Learned Basis,0.05,0.94868326,-0.94868326,1.217901,-0.7026965
Learned,Learned Basis,0.05,0.94868326,-0.31622776,0.96078926,0.12651135
Learned,Learned Basis,0.05,-0.31622776,-0.31622776,-0.30257368,-0.3221962
Learned,Learned Basis,0.05,-0.31622776,0.94868326,-0.45719865,0.7579374
Learned,Learned Basis,0.05,-0.31622776,-0.31622776,-0.31713662,-0.30512336
Learned,Learned Basis,0.05,0.94868326,-0.31622776,1.083341,-0.1693855
Learned,Learned Basis,0.05,0.94868326,-0.94868326,1.1792796,-0.6855473
Learned,Learned Basis,0.05,0.31622776,-0.31622776,0.3282926,-0.25557443
Learned,Learned Basis,0.05,-0.31622776,-0.31622776,-0.23410243,-0.4033725
Learned,Learned Basis,0.05,0.31622776,-0.94868326,0.5611714,-0.9090926
Learned,Learned Basis,0.05,-0.31622776,0.94868326,-0.4818552,1.0063055
Learned,Learned Basis,0.05,0.31622776,0.31622776,0.3095778,0.28053784
Learned,Learned Basis,0.05,-0.31622776,-0.94868326,-0.09023165,-0.9940631
Learned,Learned Basis,0.05,0.31622776,0.94868326,0.032882445,1.1017491
Learned,Learned Basis,0.05,0.31622776,0.31622776,0.1970075,0.30782175
Learned,Learned Basis,0.05,-0.94868326,-0.31622776,-0.7519177,-0.55228156
Learned,Learned Basis,0.05,-0.31622776,-0.31622776,-0.32695898,-0.43135843
Learned,Learned Basis,0.05,-0.31622776,-0.31622776,-0.20724012,-0.5456113
Learned,Learned Basis,0.05,-0.94868326,0.31622776,-0.9503955,0.21212055
Learned,Learned Basis,0.05,-0.31622776,0.31622776,-0.26010677,0.3696603
Learned,Learned Basis,0.05,0.31622776,0.31622776,0.45842606,0.43572107
Learned,Learned Basis,0.05,0.94868326,-0.94868326,0.9937855,-0.75477237
Learned,Learned Basis,0.05,0.31622776,-0.31622776,0.61941296,-0.3535263
Learned,Learned Basis,0.05,0.94868326,-0.94868326,1.0350039,-0.83933336
Learned,Learned Basis,0.05,0.31622776,0.31622776,0.21498474,0.34211114
Learned,Learned Basis,0.05,0.94868326,-0.94868326,1.2298126,-0.9294047
Learned,Learned Basis,0.05,0.31622776,0.94868326,0.21853316,1.106694
Learned,Learned Basis,0.05,0.31622776,0.94868326,0.14273638,1.0395721
Learned,Learned Basis,0.05,0.31622776,-0.94868326,0.35922295,-0.92066085
Learned,Learned Basis,0.05,0.31622776,-0.31622776,0.28505176,-0.33803824
Learned,Learned Basis,0.05,0.31622776,-0.31622776,0.26773283,-0.3730196
Learned,Learned Basis,0.05,0.31622776,-0.94868326,0.39347726,-0.8834782
Learned,Learned Basis,0.05,0.94868326,0.31622776,1.0166475,0.3693271
Learned,Learned Basis,0.05,-0.94868326,-0.94868326,-0.9635956,-1.0148913
Learned,Learned Basis,0.05,0.31622776,-0.94868326,0.30095446,-0.8146642
Learned,Learned Basis,0.05,0.31622776,0.31622776,0.4453621,0.29804415
Learned,Learned Basis,0.05,-0.94868326,0.31622776,-0.7979209,0.1586008
Learned,Learned Basis,0.05,0.94868326,-0.94868326,1.1373279,-0.74921995
Learned,Learned Basis,0.05,0.94868326,-0.31622776,0.9482818,-0.1197569
Learned,Learned Basis,0.05,-0.31622776,-0.94868326,-0.22810511,-0.87180316
Learned,Learned Basis,0.05,0.31622776,0.31622776,0.24349572,0.30802703
Learned,Learned Basis,0.05,0.94868326,-0.31622776,0.7825462,-0.20234038
Learned,Learned Basis,0.05,0.31622776,-0.94868326,0.4310212,-0.8292615
Learned,Learned Basis,0.05,0.31622776,-0.31622776,0.4022189,-0.19841973
Learned,Learned Basis,0.05,-0.94868326,-0.94868326,-0.692189,-1.2028707
Learned,Learned Basis,0.05,-0.31622776,0.31622776,-0.5738726,0.20498341
Learned,Learned Basis,0.05,0.94868326,0.31622776,0.87956995,0.66824484
Learned,Learned Basis,0.05,-0.31622776,0.94868326,-0.5423187,0.8913312
Learned,Learned Basis,0.05,0.31622776,0.94868326,-0.029119357,0.9255403
Learned,Learned Basis,0.05,0.31622776,-0.94868326,0.5542461,-0.8612673
Learned,Learned Basis,0.05,0.31622776,-0.94868326,0.547363,-0.782309
Learned,Learned Basis,0.05,0.94868326,0.94868326,0.6277544,1.1058842
Learned,Learned Basis,0.05,0.31622776,-0.94868326,0.4048977,-0.8446661
Learned,Learned Basis,0.05,-0.31622776,0.94868326,-0.52359027,0.8369787
Learned,Learned Basis,0.05,0.31622776,0.31622776,0.3343783,0.3216577
Learned,Learned Basis,0.05,0.94868326,0.31622776,0.71831346,0.5504742
Learned,Learned Basis,0.05,-0.31622776,0.94868326,-0.4934755,0.9096763
Learned,Learned Basis,0.05,0.31622776,-0.94868326,0.5236899,-0.7721663
Learned,Learned Basis,0.05,-0.94868326,0.31622776,-0.96534723,0.17486462
Learned,Learned Basis,0.05,-0.31622776,0.94868326,-0.46698928,0.920675
Learned,Learned Basis,0.05,-0.94868326,0.31622776,-0.9335934,0.15771325
Learned,Learned Basis,0.05,-0.94868326,-0.94868326,-0.88425815,-1.0793022
Learned,Learned Basis,0.05,-0.31622776,-0.31622776,-0.3004531,-0.39934862
Learned,Learned Basis,0.05,-0.31622776,-0.31622776,-0.26480615,-0.25546804
Learned,Learned Basis,0.05,0.94868326,-0.31622776,1.0498071,-0.10377912
Learned,Learned Basis,0.05,-0.31622776,-0.31622776,-0.33844,-0.54111934
Learned,Learned Basis,0.05,-0.31622776,-0.94868326,-0.082016304,-0.9191902
Learned,Learned Basis,0.05,-0.94868326,0.31622776,-0.848093,0.055658154
Learned,Learned Basis,0.05,-0.31622776,-0.31622776,-0.3047119,-0.16142449
Learned,Learned Basis,0.05,-0.31622776,-0.94868326,-0.0114494525,-1.065529
Learned,Learned Basis,0.05,-0.94868326,-0.31622776,-0.91838354,-0.4801373
Learned,Learned Basis,0.05,-0.94868326,0.94868326,-1.0527405,0.72144
Learned,Learned Basis,0.05,0.94868326,-0.94868326,1.145565,-0.9981269
Learned,Learned Basis,0.05,0.94868326,-0.31622776,0.9657181,-0.34747797
Learned,Learned Basis,0.05,0.94868326,0.94868326,0.9164172,1.0752319
Learned,Learned Basis,0.05,0.31622776,0.94868326,0.355313,0.95140266
Learned,Learned Basis,0.05,-0.31622776,-0.31622776,-0.30932316,-0.27725172
Learned,Learned Basis,0.05,-0.94868326,-0.31622776,-0.86122215,-0.40289274
Learned,Learned Basis,0.05,-0.31622776,-0.94868326,-0.24189043,-0.787684
Learned,Learned Basis,0.05,0.31622776,0.94868326,0.3016212,0.9583175
Learned,Learned Basis,0.05,-0.31622776,0.31622776,-0.45281792,0.048392233
Learned,Learned Basis,0.05,-0.31622776,0.31622776,-0.3419847,0.18730359
Learned,Learned Basis,0.05,-0.94868326,0.94868326,-1.1012316,0.89280325
Learned,Learned Basis,0.05,-0.31622776,-0.94868326,-0.25019214,-1.0399446
Learned,Learned Basis,0.05,0.94868326,0.31622776,0.91381794,0.30176222
Learned,Learned Basis,0.05,-0.31622776,0.31622776,-0.35183904,0.34348005
Learned,Learned Basis,0.05,-0.94868326,-0.94868326,-0.73584473,-0.9885993
Learned,Learned Basis,0.05,0.94868326,-0.94868326,0.9233348,-0.9325598
Learned,Learned Basis,0.05,0.31622776,-0.31622776,0.44920924,-0.12365992
Learned,Learned Basis,0.05,0.94868326,0.94868326,0.3915808,1.1170996
Learned,Learned Basis,0.05,-0.94868326,0.94868326,-1.115285,0.63295645
Learned,Learned Basis,0.05,-0.31622776,0.94868326,-0.57329,0.9041334
Learned,Learned Basis,0.05,-0.94868326,-0.94868326,-0.64398575,-1.2037655
Learned,Learned Basis,0.05,-0.31622776,-0.31622776,-0.24245392,-0.51542294
Learned,Learned Basis,0.05,0.31622776,0.94868326,0.18157715,0.92085576
Learned,Learned Basis,0.05,-0.94868326,0.94868326,-1.2099919,0.6107613
Learned,Learned Basis,0.05,-0.31622776,0.94868326,-0.57581633,0.878412
Learned,Learned Basis,0.05,-0.31622776,-0.31622776,-0.08165845,-0.3193363
Learned,Learned Basis,0.05,-0.31622776,-0.31622776,-0.2825634,-0.41872036
Learned,Learned Basis,0.05,0.31622776,-0.94868326,0.38586786,-1.0736475
Learned,Learned Basis,0.05,0.94868326,-0.94868326,1.0591891,-0.69769925
Learned,Learned Basis,0.05,0.31622776,0.31622776,0.23578638,0.35703868
Learned,Learned Basis,0.05,-0.94868326,-0.94868326,-0.67030585,-1.0883654
Learned,Learned Basis,0.05,0.31622776,0.31622776,0.16012034,0.26081455
Learned,Learned Basis,0.05,-0.94868326,0.94868326,-1.147434,0.86940086
Learned,Learned Basis,0.05,-0.31622776,-0.94868326,-0.17879696,-0.89561844
Learned,Learned Basis,0.05,0.31622776,0.31622776,0.26634198,0.27971506
Learned,Learned Basis,0.05,0.31622776,-0.31622776,0.115207046,-0.26793733
Learned,Learned Basis,0.05,-0.31622776,0.94868326,-0.58004016,0.8313308
Learned,Learned Basis,0.05,0.31622776,0.31622776,0.30199116,0.2978556
Learned,Learned Basis,0.05,-0.31622776,0.94868326,-0.44412678,0.8491614
Learned,Learned Basis,0.05,0.94868326,-0.94868326,1.0362936,-0.78226507
Learned,Learned Basis,0.05,0.94868326,0.94868326,0.6983404,1.0026305
Learned,Learned Basis,0.05,-0.94868326,0.94868326,-1.1773291,0.82300335
Learned,Learned Basis,0.05,-0.94868326,0.31622776,-0.9736568,0.21065632
Learned,Learned Basis,0.05,0.31622776,-0.31622776,0.16557397,-0.30905235
Learned,Learned Basis,0.05,0.94868326,0.94868326,0.87261635,1.1014495
Learned,Learned Basis,0.05,0.31622776,0.31622776,0.1949755,0.4534026
Learned,Learned Basis,0.05,-0.94868326,-0.94868326,-0.54478604,-0.9847803
Learned,Learned Basis,0.05,0.31622776,-0.94868326,0.5187909,-1.0745041
Learned,Learned Basis,0.05,0.94868326,-0.94868326,1.056276,-0.95715404
Learned,Learned Basis,0.05,0.31622776,-0.94868326,0.2735611,-0.8968305
Learned,Learned Basis,0.05,0.94868326,-0.31622776,0.8981166,-0.3902042
Learned,Learned Basis,0.05,-0.31622776,-0.94868326,-0.3139197,-1.0957203
Learned,Learned Basis,0.05,0.94868326,-0.94868326,1.0656979,-0.9667288
Learned,Learned Basis,0.05,0.31622776,0.31622776,0.3471437,0.43981785
Learned,Learned Basis,0.05,-0.31622776,0.31622776,-0.22684573,0.2214508
Learned,Learned Basis,0.05,-0.94868326,-0.94868326,-0.9304642,-0.9290813
Learned,Learned Basis,0.05,-0.94868326,-0.94868326,-0.96109146,-1.0558668
Learned,Learned Basis,0.05,0.31622776,-0.31622776,0.2442343,-0.2957685
Learned,Learned Basis,0.05,-0.94868326,0.31622776,-0.93577546,0.24837701
Learned,Learned Basis,0.05,-0.31622776,0.31622776,-0.42690814,0.18532953
Learned,Learned Basis,0.05,-0.94868326,0.31622776,-0.88594353,0.45706007
Learned,Learned Basis,0.05,-0.94868326,-0.31622776,-0.81371427,-0.6197038
Learned,Learned Basis,0.05,-0.94868326,-0.31622776,-0.7231741,-0.31817022
Learned,Learned Basis,0.05,0.94868326,0.31622776,0.7727053,0.61960894
Learned,Learned Basis,0.05,-0.94868326,-0.94868326,-0.4710648,-1.2761003
Learned,Learned Basis,0.05,-0.31622776,-0.94868326,-0.06781402,-0.9820964
Learned,Learned Basis,0.05,-0.31622776,0.31622776,-0.44039902,0.28981236
Learned,Learned Basis,0.05,0.94868326,0.31622776,0.8567553,0.6555905
Learned,Learned Basis,0.05,0.31622776,-0.31622776,0.49671212,-0.23359144
Learned,Learned Basis,0.05,-0.31622776,0.31622776,-0.4020546,0.1611305
Learned,Learned Basis,0.05,-0.94868326,0.94868326,-1.2019626,0.5605567
Learned,Learned Basis,0.05,-0.31622776,-0.31622776,-0.2595887,-0.2649219
Learned,Learned Basis,0.05,0.94868326,-0.31622776,0.84405553,-0.14588982
Learned,Learned Basis,0.05,-0.31622776,-0.31622776,-0.3807582,-0.54333526
Learned,Learned Basis,0.05,-0.94868326,-0.31622776,-0.888627,-0.24593048
Learned,Learned Basis,0.05,-0.31622776,0.94868326,-0.28045112,1.0807819
Learned,Learned Basis,0.05,0.94868326,-0.94868326,1.2310016,-0.78412384
Learned,Learned Basis,0.05,0.94868326,-0.31622776,0.92960083,-0.22142048
Learned,Learned Basis,0.05,0.31622776,-0.31622776,0.3882212,-0.22330144
Learned,Learned Basis,0.05,-0.31622776,-0.94868326,-0.11687847,-0.88892037
Learned,Learned Basis,0.05,-0.31622776,0.31622776,-0.3303252,0.16236591
Learned,Learned Basis,0.05,0.31622776,0.31622776,0.21735844,0.4706334
Learned,Learned Basis,0.05,0.31622776,0.94868326,0.051174447,1.0905236
Learned,Learned Basis,0.05,-0.94868326,-0.31622776,-0.94858706,-0.54565036
Learned,Learned Basis,0.05,-0.94868326,0.31622776,-1.004159,0.24923077
Learned,Learned Basis,0.05,-0.94868326,-0.94868326,-0.9515107,-1.1062421
Learned,Learned Basis,0.05,0.31622776,0.94868326,0.15622164,0.9436631
Learned,Learned Basis,0.05,-0.94868326,0.94868326,-1.0690224,0.7942462
Learned,Learned Basis,0.05,0.31622776,-0.94868326,0.48219195,-1.0058739
Learned,Learned Basis,0.05,0.94868326,0.31622776,0.8850769,0.24911027
Learned,Learned Basis,0.05,-0.94868326,0.94868326,-1.0439303,0.8294957
Learned,Learned Basis,0.05,0.31622776,-0.31622776,0.5032266,-0.32150602
Learned,Learned Basis,0.05,-0.94868326,-0.94868326,-0.56394553,-1.0367529
Learned,Learned Basis,0.05,0.94868326,-0.31622776,0.98706007,-0.1393744
Learned,Learned Basis,0.05,-0.94868326,0.31622776,-1.0120455,0.28020978
Learned,Learned Basis,0.05,-0.94868326,-0.94868326,-0.95270365,-1.13402
Learned,Learned Basis,0.05,0.31622776,0.31622776,0.37658122,0.27524823
Learned,Learned Basis,0.05,-0.94868326,0.94868326,-0.9984398,0.91892374
Learned,Learned Basis,0.05,0.94868326,-0.31622776,1.0395623,-0.38522387
Learned,Learned Basis,0.05,-0.31622776,-0.94868326,-0.21446073,-0.8816299
Learned,Learned Basis,0.05,-0.31622776,-0.94868326,-0.30261922,-0.839834
Learned,Learned Basis,0.05,-0.94868326,-0.94868326,-0.87678766,-0.7807838
Learned,Learned Basis,0.05,0.94868326,-0.94868326,0.8332096,-0.95571166
Learned,Learned Basis,0.05,0.94868326,-0.94868326,0.90404576,-0.9800467
Learned,Learned Basis,0.05,0.31622776,-0.31622776,0.3331563,-0.21314704
Learned,Learned Basis,0.05,-0.94868326,-0.31622776,-0.76041126,-0.2825364
Learned,Learned Basis,0.05,0.31622776,-0.31622776,0.26688915,-0.11117236
Learned,Learned Basis,0.05,0.31622776,-0.31622776,0.54695004,-0.07753381
Learned,Learned Basis,0.05,0.94868326,0.31622776,0.84701854,0.67165315
Learned,Learned Basis,0.05,-0.94868326,0.31622776,-0.9798308,-0.033327863
Learned,Learned Basis,0.05,-0.94868326,0.31622776,-1.0983227,-0.1226923
Learned,Learned Basis,0.05,0.31622776,-0.94868326,0.4804273,-0.80488265
Learned,Learned Basis,0.05,-0.94868326,-0.31622776,-0.6572291,-0.55385715
Learned,Learned Basis,0.05,-0.31622776,0.94868326,-0.5655836,0.8579297
Learned,Learned Basis,0.05,-0.94868326,0.94868326,-1.0705869,0.5208509
Learned,Learned Basis,0.05,0.94868326,-0.31622776,1.0163596,-0.055089857
Learned,Learned Basis,0.05,0.94868326,-0.31622776,1.1253241,-0.0985873
Learned,Learned Basis,0.05,-0.31622776,-0.94868326,-0.047361705,-1.1129073
Learned,Learned Basis,0.05,-0.94868326,-0.94868326,-0.7333722,-1.264149
Learned,Learned Basis,0.05,-0.94868326,0.94868326,-1.0662864,0.64157873
Learned,Learned Basis,0.05,-0.31622776,-0.94868326,-0.15905412,-1.1532406
Learned,Learned Basis,0.05,0.94868326,-0.94868326,1.055726,-0.7142891
Learned,Learned Basis,0.05,0.31622776,0.31622776,0.27202046,0.17019263
Learned,Learned Basis,0.05,0.94868326,-0.94868326,1.1109786,-0.8476627
Learned,Learned Basis,0.05,0.31622776,0.31622776,0.2609014,0.3729908
Learned,Learned Basis,0.05,-0.94868326,0.31622776,-0.88580817,0.119223334
Learned,Learned Basis,0.05,0.94868326,-0.94868326,0.9680649,-0.89455247
Learned,Learned Basis,0.05,0.94868326,0.94868326,0.7100346,1.0960209
Learned,Learned Basis,0.05,-0.31622776,0.94868326,-0.3276556,0.96381027
Learned,Learned Basis,0.05,0.31622776,-0.94868326,0.31751984,-0.7353907
Learned,Learned Basis,0.05,-0.31622776,-0.31622776,-0.32525066,-0.13291529
Learned,Learned Basis,0.05,0.31622776,0.31622776,0.36275032,0.388158
Learned,Learned Basis,0.05,-0.31622776,-0.94868326,-0.14415231,-0.97079253
Learned,Learned Basis,0.05,0.94868326,0.94868326,0.7916098,1.0541847
Learned,Learned Basis,0.05,-0.94868326,-0.31622776,-0.763604,-0.35095516
Learned,Learned Basis,0.05,-0.94868326,0.31622776,-1.0626732,0.27059227
Learned,Learned Basis,0.05,-0.31622776,-0.94868326,-0.17078476,-1.0646219
Learned,Learned Basis,0.05,-0.94868326,-0.31622776,-0.8773594,-0.48382628
Learned,Learned Basis,0.05,0.94868326,0.31622776,0.7502498,0.3945721
Learned,Learned Basis,0.05,0.31622776,0.94868326,0.21933085,0.7824529
Learned,Learned Basis,0.05,-0.94868326,-0.31622776,-0.91806936,-0.28459078
Learned,Learned Basis,0.05,-0.94868326,-0.31622776,-0.8965125,-0.33758584
Learned,Learned Basis,0.05,0.31622776,-0.94868326,0.2903276,-0.8350954
Learned,Learned Basis,0.05,0.31622776,0.31622776,0.30155617,0.14938746
Learned,Learned Basis,0.05,0.31622776,0.31622776,0.3593012,0.15496738
Learned,Learned Basis,0.05,-0.94868326,0.31622776,-1.1208066,0.39007747
Learned,Learned Basis,0.05,0.94868326,0.31622776,1.0312572,0.41690388
Learned,Learned Basis,0.05,0.31622776,0.94868326,0.36819923,0.8984195
Learned,Learned Basis,0.05,0.31622776,-0.31622776,0.39648613,-0.37495288
Learned,Learned Basis,0.05,-0.31622776,0.31622776,-0.50758815,0.2985544
Learned,Learned Basis,0.05,-0.94868326,0.94868326,-0.9763532,1.0291171
Learned,Learned Basis,0.05,0.94868326,0.31622776,0.9374114,0.4930654
Learned,Learned Basis,0.05,0.94868326,-0.31622776,1.2113839,-0.062161114
Learned,Learned Basis,0.05,-0.31622776,0.31622776,-0.36602753,0.16493273
Learned,Learned Basis,0.05,-0.94868326,0.31622776,-0.981219,0.08563689
Learned,Learned Basis,0.05,-0.31622776,0.94868326,-0.5372296,0.7329348
Learned,Learned Basis,0.05,-0.31622776,0.94868326,-0.44632044,0.8149127
Learned,Learned Basis,0.05,0.31622776,0.94868326,0.037249338,0.9437453
Learned,Learned Basis,0.05,-0.31622776,-0.94868326,0.05948837,-1.0794997
Learned,Learned Basis,0.05,0.31622776,-0.31622776,0.36213627,-0.35686132
Learned,Learned Basis,0.05,-0.94868326,0.31622776,-0.9037778,0.045996558
Learned,Learned Basis,0.05,-0.31622776,0.31622776,-0.2753719,0.23129334
Learned,Learned Basis,0.05,-0.94868326,-0.31622776,-0.8450232,-0.426397
Learned,Learned Basis,0.05,-0.31622776,0.31622776,-0.43742368,0.14192936
Learned,Learned Basis,0.05,-0.94868326,-0.31622776,-0.9045189,-0.4250136
Learned,Learned Basis,0.05,-0.94868326,0.31622776,-0.7822964,0.058101162
Learned,Learned Basis,0.05,-0.31622776,0.31622776,-0.3339968,0.29366964
Learned,Learned Basis,0.05,0.94868326,0.31622776,0.97419983,0.49842578
Learned,Learned Basis,0.05,0.94868326,-0.31622776,1.0125216,0.07339752
Learned,Learned Basis,0.05,-0.94868326,-0.31622776,-0.9139371,-0.2816716
Learned,Learned Basis,0.05,0.94868326,-0.31622776,1.1410339,-0.18327126
Learned,Learned Basis,0.05,-0.31622776,0.31622776,-0.38501328,0.15220353
Learned,Learned Basis,0.05,0.31622776,-0.31622776,0.33531588,-0.3390885
Learned,Learned Basis,0.05,0.94868326,0.94868326,0.77871144,0.94661015
Learned,Learned Basis,0.05,-0.31622776,0.94868326,-0.3858384,1.0226015
Learned,Learned Basis,0.05,0.94868326,0.94868326,0.85815465,1.2226559
Learned,Learned Basis,0.05,-0.31622776,0.31622776,-0.31847936,0.2043644
Learned,Learned Basis,0.05,0.94868326,0.31622776,0.7454255,0.27637556
Learned,Learned Basis,0.05,0.94868326,-0.31622776,0.96786,-0.2145343
Learned,Learned Basis,0.05,-0.94868326,-0.94868326,-0.8927539,-0.95338285
Learned,Learned Basis,0.05,-0.94868326,0.94868326,-0.8390987,1.007128
Learned,Learned Basis,0.05,0.31622776,-0.31622776,0.45004165,-0.42333406
Learned,Learned Basis,0.05,-0.31622776,-0.94868326,-0.16262248,-0.8928293
Learned,Learned Basis,0.05,0.31622776,0.94868326,0.19584852,1.0284063
Learned,Learned Basis,0.05,-0.94868326,-0.31622776,-0.82969534,-0.52967346
Learned,Learned Basis,0.05,-0.94868326,-0.31622776,-0.9458074,-0.38673213
Learned,Learned Basis,0.05,0.94868326,-0.31622776,0.8646015,-0.33455655
Learned,Learned Basis,0.05,0.94868326,0.31622776,0.9018581,0.18019368
Learned,Learned Basis,0.05,0.31622776,0.94868326,0.117889956,0.9629812
Learned,Learned Basis,0.05,0.94868326,0.94868326,0.77704006,1.1145436
Learned,Learned Basis,0.05,0.31622776,-0.94868326,0.36954126,-0.8512346
Learned,Learned Basis,0.05,0.94868326,-0.31622776,0.99683267,-0.12343546
Learned,Learned Basis,0.05,-0.94868326,-0.94868326,-0.90986603,-0.9369813
Learned,Learned Basis,0.05,0.94868326,-0.94868326,0.9408848,-0.81225985
Learned,Learned Basis,0.05,0.94868326,-0.31622776,0.9330202,-0.38543963
Learned,Learned Basis,0.05,0.94868326,-0.31622776,0.9732685,-0.23488432
Learned,Learned Basis,0.05,0.31622776,0.31622776,0.3380121,0.36379912
Learned,Learned Basis,0.05,0.31622776,0.94868326,-0.101584345,1.0987067
Learned,Learned Basis,0.05,0.94868326,-0.31622776,1.0493352,-0.033014562
Learned,Learned Basis,0.05,-0.94868326,0.94868326,-1.1923418,0.7562889
Learned,Learned Basis,0.05,0.94868326,0.94868326,0.6347591,1.1539259
Learned,Learned Basis,0.05,-0.31622776,0.31622776,-0.4335057,0.19425009
Learned,Learned Basis,0.05,0.31622776,0.31622776,0.17675927,0.29366496
Learned,Learned Basis,0.05,-0.31622776,0.94868326,-0.4809071,0.85296947
Learned,Learned Basis,0.05,-0.31622776,0.94868326,-0.64088076,0.7744453
Learned,Learned Basis,0.05,0.31622776,0.31622776,0.15362148,0.34799695
Learned,Learned Basis,0.05,0.94868326,0.94868326,0.9514853,1.137202
Learned,Learned Basis,0.05,-0.94868326,0.94868326,-1.0406517,0.6144682
Learned,Learned Basis,0.05,-0.31622776,0.94868326,-0.66662997,0.8389439
Learned,Learned Basis,0.05,0.31622776,0.94868326,0.1961245,1.0418074
Learned,Learned Basis,0.05,-0.94868326,0.94868326,-1.1590114,0.81280863
Learned,Learned Basis,0.05,0.94868326,-0.94868326,1.3029109,-0.6110567
Learned,Learned Basis,0.05,0.31622776,-0.94868326,0.54869926,-0.8511387
Learned,Learned Basis,0.05,0.94868326,0.31622776,0.87393564,0.4917228
Learned,Learned Basis,0.05,-0.94868326,-0.94868326,-0.70639074,-1.1679665
Learned,Learned Basis,0.05,0.31622776,0.94868326,0.0875435,0.7836174
Learned,Learned Basis,0.05,0.94868326,0.31622776,0.96269166,0.52284545
Learned,Learned Basis,0.05,-0.31622776,-0.31622776,-0.07462188,-0.16148025
Learned,Learned Basis,0.05,-0.31622776,-0.94868326,-0.33281517,-1.1372762
Learned,Learned Basis,0.05,0.94868326,-0.31622776,0.97277784,-0.0074836444
Learned,Learned Basis,0.05,-0.94868326,-0.94868326,-0.88705164,-1.2523268
Learned,Learned Basis,0.05,-0.94868326,-0.31622776,-0.8599194,-0.43907666
Learned,Learned Basis,0.05,0.94868326,0.94868326,0.7788276,0.8743097
Learned,Learned Basis,0.05,0.31622776,-0.94868326,0.47094336,-0.8480047
Learned,Learned Basis,0.05,-0.94868326,-0.94868326,-0.65936667,-1.0665369
Learned,Learned Basis,0.05,0.94868326,0.31622776,0.9397334,0.2822627
Learned,Learned Basis,0.05,0.94868326,0.94868326,0.8330041,1.0423363
Learned,Learned Basis,0.05,0.94868326,0.94868326,0.8849769,0.99707025
Learned,Learned Basis,0.05,-0.94868326,0.94868326,-1.0375805,0.8733177
Learned,Learned Basis,0.05,0.94868326,-0.94868326,0.85592115,-0.6610681
Learned,Learned Basis,0.05,-0.31622776,0.94868326,-0.47484705,0.8167114
Learned,Learned Basis,0.05,-0.31622776,-0.94868326,-0.20662983,-1.073168
Learned,Learned Basis,0.05,0.94868326,-0.31622776,0.92615545,-0.37195814
Learned,Learned Basis,0.05,-0.31622776,-0.31622776,-0.23920697,-0.14117187
Learned,Learned Basis,0.05,0.31622776,-0.31622776,0.45268136,-0.32056072
Learned,Learned Basis,0.05,0.94868326,-0.94868326,1.1127409,-0.8765836
Learned,Learned Basis,0.05,-0.94868326,0.31622776,-1.0436834,0.25759172
Learned,Learned Basis,0.05,-0.31622776,-0.94868326,-0.24760872,-1.0094709
Learned,Learned Basis,0.05,-0.31622776,0.94868326,-0.35378602,0.8913424
Learned,Learned Basis,0.05,0.94868326,-0.31622776,1.0725635,-0.34925425
Learned,Learned Basis,0.05,-0.31622776,-0.94868326,-0.27959052,-1.018075
Learned,Learned Basis,0.05,-0.31622776,0.94868326,-0.56675166,0.7771351
Learned,Learned Basis,0.05,0.31622776,-0.94868326,0.54029006,-0.81286764
Learned,Learned Basis,0.05,-0.31622776,-0.31622776,-0.045023326,-0.35223114
Learned,Learned Basis,0.05,-0.94868326,0.31622776,-1.040148,-0.07528549
Learned,Learned Basis,0.05,-0.31622776,0.94868326,-0.57721144,0.92677635
Learned,Learned Basis,0.05,0.31622776,-0.94868326,0.60374236,-0.7639366
Learned,Learned Basis,0.05,0.94868326,0.94868326,0.70157665,1.2116301
Learned,Learned Basis,0.05,-0.94868326,0.94868326,-1.2375896,0.6310222
Learned,Learned Basis,0.05,0.31622776,0.31622776,0.072499014,0.46149036
Learned,Learned Basis,0.05,-0.31622776,-0.94868326,-0.009107813,-0.8210198
Learned,Learned Basis,0.05,-0.94868326,0.31622776,-1.197264,0.2054041
Learned,Learned Basis,0.05,-0.94868326,-0.94868326,-0.49321234,-1.0363655
Learned,Learned Basis,0.05,-0.31622776,0.31622776,-0.49517974,0.22594509
Learned,Learned Basis,0.05,-0.94868326,0.31622776,-0.9939761,0.058843866
Learned,Learned Basis,0.05,0.31622776,-0.94868326,0.43909454,-0.6706814
Learned,Learned Basis,0.05,-0.31622776,0.94868326,-0.48173898,0.7624035
Learned,Learned Basis,0.05,-0.94868326,-0.31622776,-0.98698175,-0.53914857
Learned,Learned Basis,0.05,0.94868326,-0.94868326,1.0455943,-0.6972927
Learned,Learned Basis,0.05,-0.31622776,-0.31622776,-0.2339892,-0.3654624
Learned,Learned Basis,0.05,-0.94868326,-0.31622776,-0.9136013,-0.46123165
Learned,Learned Basis,0.05,-0.94868326,-0.94868326,-0.603986,-1.0920419
Learned,Learned Basis,0.05,0.31622776,-0.31622776,0.29666686,-0.16272959
Learned,Learned Basis,0.05,0.94868326,0.94868326,0.8669514,1.0124668
Learned,Learned Basis,0.05,-0.94868326,-0.31622776,-1.0882473,-0.27196255
Learned,Learned Basis,0.05,0.31622776,0.94868326,0.041247673,1.0771841
Learned,Learned Basis,0.05,-0.94868326,0.31622776,-1.1199683,0.30505794
Learned,Learned Basis,0.05,-0.31622776,0.94868326,-0.27337927,0.8460281
Learned,Learned Basis,0.05,0.94868326,0.94868326,0.70244294,1.1046877
Learned,Learned Basis,0.05,-0.31622776,0.31622776,-0.17705397,0.25084546
Learned,Learned Basis,0.05,0.31622776,-0.94868326,0.4253412,-0.89640266
Learned,Learned Basis,0.05,-0.94868326,0.31622776,-0.9832784,0.19791803
Learned,Learned Basis,0.05,0.31622776,-0.31622776,0.27871707,-0.34836712
Learned,Learned Basis,0.05,-0.94868326,0.94868326,-1.1144997,1.1341704
Learned,Learned Basis,0.05,-0.31622776,0.94868326,-0.5860036,0.8648275
Learned,Learned Basis,0.05,-0.94868326,-0.94868326,-0.8652696,-0.99916893
Learned,Learned Basis,0.05,0.31622776,0.94868326,0.22643593,0.80722445
Learned,Learned Basis,0.05,-0.31622776,-0.94868326,-0.16380338,-1.1160127
Learned,Learned Basis,0.05,0.94868326,-0.31622776,0.819214,-0.2851105
Learned,Learned Basis,0.05,-0.31622776,0.94868326,-0.5179449,0.942229
Learned,Learned Basis,0.05,-0.94868326,-0.94868326,-0.7212398,-1.0078744
Learned,Learned Basis,0.05,0.94868326,0.94868326,0.91477644,0.924971
Learned,Learned Basis,0.05,0.94868326,0.94868326,0.8711728,0.87884337
Learned,Learned Basis,0.05,0.94868326,-0.94868326,0.90812457,-0.8935927
Learned,Learned Basis,0.05,0.31622776,0.31622776,0.33939084,0.2530851
Learned,Learned Basis,0.05,-0.94868326,0.31622776,-0.94393235,0.36682066
Learned,Learned Basis,0.05,-0.31622776,-0.31622776,-0.047882177,-0.43514916
Learned,Learned Basis,0.05,0.31622776,0.94868326,0.13376282,1.064294
Learned,Learned Basis,0.05,-0.31622776,0.94868326,-0.6604237,0.84444577
Learned,Learned Basis,0.05,-0.31622776,0.94868326,-0.47843936,0.6388961
Learned,Learned Basis,0.05,-0.94868326,0.31622776,-0.8478907,0.14033769
Learned,Learned Basis,0.05,0.94868326,-0.31622776,1.0588847,-0.12360047
Learned,Learned Basis,0.05,-0.94868326,-0.94868326,-0.57028335,-1.276863
Learned,Learned Basis,0.05,0.94868326,-0.31622776,0.9931137,-0.10381845
Learned,Learned Basis,0.05,0.31622776,0.94868326,0.10294641,0.8834669
Learned,Learned Basis,0.05,0.31622776,0.94868326,0.105972886,1.0255721
Learned,Learned Basis,0.05,0.94868326,-0.31622776,1.088561,-0.049236972
Learned,Learned Basis,0.05,-0.94868326,-0.94868326,-0.86086684,-1.0280633
Learned,Learned Basis,0.05,-0.94868326,-0.31622776,-0.811466,-0.58079875
Learned,Learned Basis,0.05,0.31622776,0.94868326,0.29446927,0.9916402
Learned,Learned Basis,0.05,0.31622776,-0.94868326,0.4929767,-0.93389285
Learned,Learned Basis,0.05,0.31622776,0.31622776,0.16558458,0.35612395
Learned,Learned Basis,0.05,-0.31622776,0.31622776,-0.35996825,0.14137736
Learned,Learned Basis,0.05,0.94868326,-0.31622776,1.241551,-0.025242914
Learned,Learned Basis,0.05,0.31622776,-0.94868326,0.5122343,-0.7579196
Learned,Learned Basis,0.05,0.31622776,0.31622776,0.18219508,0.18865494
Learned,Learned Basis,0.05,0.94868326,-0.94868326,0.98219436,-0.7732365
Learned,Learned Basis,0.05,-0.94868326,-0.94868326,-0.7913913,-1.0209359
Learned,Learned Basis,0.05,-0.94868326,-0.31622776,-0.9156691,-0.3574967
Learned,Learned Basis,0.05,0.31622776,0.94868326,0.2515849,1.0180496
Learned,Learned Basis,0.05,-0.94868326,0.31622776,-0.94507277,0.21383196
Learned,Learned Basis,0.05,0.31622776,0.94868326,0.13037524,0.9666096
Learned,Learned Basis,0.05,-0.31622776,-0.94868326,-0.25893393,-0.8126074
Learned,Learned Basis,0.05,0.31622776,-0.94868326,0.48275667,-0.9287691
Learned,Learned Basis,0.05,-0.31622776,0.31622776,-0.406745,0.36232832
Learned,Learned Basis,0.05,0.94868326,-0.94868326,1.1032046,-0.7812408
Learned,Learned Basis,0.05,0.94868326,-0.94868326,1.0049661,-0.75298226
Learned,Learned Basis,0.05,0.31622776,-0.94868326,0.43687698,-0.89640594
Learned,Learned Basis,0.05,-0.94868326,-0.31622776,-0.7925093,-0.56518626
Learned,Learned Basis,0.05,0.94868326,-0.94868326,1.0854228,-0.7512677
Learned,Learned Basis,0.05,-0.31622776,-0.31622776,-0.2861122,-0.32159227
Learned,Learned Basis,0.05,-0.94868326,-0.94868326,-0.93994886,-1.1712223
Learned,Learned Basis,0.05,0.31622776,0.31622776,0.31737432,0.15740888
Learned,Learned Basis,0.05,0.31622776,-0.31622776,0.3221982,-0.21563537
Learned,Learned Basis,0.05,0.94868326,-0.94868326,1.0535483,-0.9640963
Learned,Learned Basis,0.05,-0.31622776,0.94868326,-0.17042124,1.00524
Learned,Learned Basis,0.05,0.94868326,0.31622776,0.88882506,0.4462144
Learned,Learned Basis,0.05,0.94868326,-0.31622776,0.9522131,-0.19177881
Learned,Learned Basis,0.05,0.31622776,-0.94868326,0.26381692,-0.9325089
Learned,Learned Basis,0.05,0.94868326,0.94868326,0.9263966,0.919499
Learned,Learned Basis,0.05,0.94868326,0.94868326,0.98483056,1.1166675
Learned,Learned Basis,0.05,0.94868326,0.31622776,0.86753494,0.61079305
Learned,Learned Basis,0.05,0.94868326,0.31622776,0.70381117,0.65108055
Learned,Learned Basis,0.05,-0.94868326,0.31622776,-0.9635397,0.04908035
Learned,Learned Basis,0.05,0.94868326,-0.31622776,1.0624279,-0.25182426
Learned,Learned Basis,0.05,-0.31622776,0.31622776,-0.47276407,0.15755668
Learned,Learned Basis,0.05,-0.94868326,0.94868326,-1.2745594,0.5955693
Learned,Learned Basis,0.05,0.31622776,0.31622776,0.27830568,0.3172956
Learned,Learned Basis,0.05,-0.31622776,0.31622776,-0.2371971,0.30225343
Learned,Learned Basis,0.05,0.31622776,-0.31622776,0.19936833,-0.20476648
Learned,Learned Basis,0.05,0.94868326,0.31622776,0.8211118,0.6513538
Learned,Learned Basis,0.05,0.94868326,-0.31622776,1.0250326,-0.124040365
Learned,Learned Basis,0.05,0.31622776,0.94868326,0.11091522,0.95098066
Learned,Learned Basis,0.05,-0.31622776,-0.31622776,-0.27707365,-0.4184649
Learned,Learned Basis,0.05,0.31622776,0.94868326,0.19417486,1.1010178
Learned,Learned Basis,0.05,-0.94868326,0.31622776,-0.8674723,0.14963937
Learned,Learned Basis,0.05,0.31622776,0.94868326,0.09798757,1.0362989
Learned,Learned Basis,0.05,0.31622776,-0.31622776,0.6865573,-0.20184901
Learned,Learned Basis,0.05,0.31622776,0.31622776,0.28984973,0.32524848
Learned,Learned Basis,0.05,0.31622776,0.31622776,0.23588535,0.38116986
Learned,Learned Basis,0.05,-0.94868326,-0.31622776,-0.77964807,-0.45467663
Learned,Learned Basis,0.05,-0.31622776,-0.94868326,0.022674434,-1.057048
Learned,Learned Basis,0.05,-0.31622776,-0.31622776,-0.26814625,-0.33542633
Learned,Learned Basis,0.05,-0.94868326,0.94868326,-1.0554585,0.8256301
Learned,Learned Basis,0.05,0.31622776,-0.94868326,0.3018117,-0.64119524
Learned,Learned Basis,0.05,0.94868326,0.94868326,0.6895075,1.0391418
Learned,Learned Basis,0.05,0.31622776,0.31622776,0.17801233,0.39161852
Learned,Learned Basis,0.05,0.94868326,-0.94868326,1.0016664,-0.61672866
Learned,Learned Basis,0.05,-0.31622776,0.31622776,-0.2718644,0.43740106
Learned,Learned Basis,0.05,0.94868326,0.94868326,0.7041437,1.1245271
Learned,Learned Basis,0.05,0.94868326,-0.94868326,0.9755864,-0.91235036
Learned,Learned Basis,0.05,0.94868326,-0.31622776,0.90950966,-0.1939108
Learned,Learned Basis,0.05,0.94868326,0.31622776,0.8810622,0.30098742
Learned,Learned Basis,0.05,-0.94868326,0.94868326,-0.93490684,0.90575993
Learned,Learned Basis,0.05,-0.31622776,-0.94868326,-0.4539293,-1.002799
Learned,Learned Basis,0.05,-0.31622776,-0.94868326,-0.30707926,-1.1222943
Learned,Learned Basis,0.05,-0.31622776,-0.31622776,-0.47593665,-0.54166627
Learned,Learned Basis,0.05,0.94868326,-0.94868326,0.93010736,-0.94332856
Learned,Learned Basis,0.05,0.31622776,-0.94868326,0.4473387,-0.8853975
Learned,Learned Basis,0.05,-0.31622776,0.94868326,-0.38079578,0.9582447
Learned,Learned Basis,0.05,-0.94868326,0.94868326,-1.1133673,0.7168421
Learned,Learned Basis,0.05,-0.94868326,0.31622776,-1.0596094,0.25838932
Learned,Learned Basis,0.05,-0.94868326,0.31622776,-0.8354647,0.3507778
Learned,Learned Basis,0.05,0.31622776,-0.31622776,0.05148591,-0.26819578
Learned,Learned Basis,0.05,-0.94868326,-0.94868326,-0.8562527,-0.940015
Learned,Learned Basis,0.05,0.31622776,0.94868326,0.3217423,1.1014755
Learned,Learned Basis,0.05,-0.94868326,0.94868326,-1.1181599,0.67614484
Learned,Learned Basis,0.05,0.31622776,-0.31622776,0.41029558,-0.15493782
Learned,Learned Basis,0.05,0.94868326,0.94868326,0.6052051,1.1480563
Learned,Learned Basis,0.05,0.94868326,0.94868326,0.63773334,1.1539899
Learned,Learned Basis,0.05,-0.94868326,-0.31622776,-0.84341764,-0.5410991
Learned,Learned Basis,0.05,-0.94868326,0.31622776,-0.99865407,0.1385818
Learned,Learned Basis,0.05,-0.31622776,-0.31622776,-0.21687457,-0.29600757
Learned,Learned Basis,0.05,-0.94868326,-0.94868326,-0.6946982,-1.2725043
Learned,Learned Basis,0.05,-0.94868326,0.31622776,-1.0060989,0.14254431
Learned,Learned Basis,0.05,-0.31622776,0.31622776,-0.2493437,0.1716747
Learned,Learned Basis,0.05,0.31622776,-0.94868326,0.45631742,-0.83376086
Learned,Learned Basis,0.05,0.31622776,0.31622776,0.07702525,0.2950707
Learned,Learned Basis,0.05,0.94868326,0.94868326,0.5510618,1.1240268
Learned,Learned Basis,0.05,-0.31622776,0.31622776,-0.17669703,0.10464488
Learned,Learned Basis,0.05,-0.94868326,0.31622776,-0.9509797,0.091542974
Learned,Learned Basis,0.05,-0.31622776,-0.94868326,-0.19039422,-1.0843474
Learned,Learned Basis,0.05,-0.31622776,0.31622776,-0.38369292,0.15849379
Learned,Learned Basis,0.05,-0.31622776,-0.31622776,-0.31232223,-0.4331611
Learned,Learned Basis,0.05,-0.94868326,-0.31622776,-0.83220345,-0.46231276
Learned,Learned Basis,0.05,0.31622776,0.94868326,0.030227527,0.9737848
Learned,Learned Basis,0.05,0.94868326,-0.31622776,1.0637512,-0.09187565
Learned,Learned Basis,0.05,-0.94868326,-0.31622776,-0.8790732,-0.3861868
Learned,Learned Basis,0.05,0.94868326,0.31622776,0.94485253,0.38874888
Learned,Learned Basis,0.05,0.31622776,0.31622776,0.31987083,0.37745678
Learned,Learned Basis,0.05,-0.94868326,0.31622776,-0.83576244,0.19096997
Learned,Learned Basis,0.05,-0.31622776,0.31622776,-0.35327557,0.26362112
Learned,Learned Basis,0.05,-0.94868326,-0.94868326,-0.56396717,-1.003618
Learned,Learned Basis,0.05,0.94868326,-0.94868326,1.0602914,-0.764065
Learned,Learned Basis,0.05,0.31622776,-0.31622776,0.38747993,-0.5046
Learned,Learned Basis,0.05,0.94868326,0.94868326,0.9109984,1.1611068
Learned,Learned Basis,0.05,-0.94868326,0.31622776,-0.89428693,0.10715106
Learned,Learned Basis,0.05,-0.31622776,-0.31622776,-0.35810626,-0.27107847
Learned,Learned Basis,0.05,-0.94868326,0.94868326,-0.9806653,0.7633196
Learned,Learned Basis,0.05,0.94868326,-0.31622776,1.0906459,-0.22359528
Learned,Learned Basis,0.05,0.31622776,0.94868326,0.17384927,1.0312167
Learned,Learned Basis,0.05,-0.94868326,-0.94868326,-0.95738775,-1.1063926
Learned,Learned Basis,0.05,-0.31622776,-0.94868326,-0.14251384,-0.8530512
Learned,Learned Basis,0.05,0.94868326,-0.31622776,0.9127883,-0.37433544
Learned,Learned Basis,0.05,0.31622776,-0.94868326,0.317155,-0.88044906
Learned,Learned Basis,0.05,0.31622776,-0.31622776,0.20670979,-0.22050421
Learned,Learned Basis,0.05,-0.94868326,-0.94868326,-0.9632272,-1.0594547
Learned,Learned Basis,0.05,0.31622776,0.94868326,0.20119706,0.78487
Learned,Learned Basis,0.05,-0.94868326,0.31622776,-1.0300134,0.17744026
Learned,Learned Basis,0.05,-0.31622776,-0.31622776,-0.10591538,-0.22614785
Learned,Learned Basis,0.05,-0.31622776,-0.31622776,-0.35430142,-0.4518953
Learned,Learned Basis,0.05,-0.94868326,0.31622776,-1.0016574,0.032933977
Learned,Learned Basis,0.05,-0.94868326,-0.94868326,-0.65038645,-1.1677259
Learned,Learned Basis,0.05,0.94868326,0.31622776,0.7486007,0.66133535
Learned,Learned Basis,0.05,-0.94868326,0.94868326,-1.1485505,0.73928577
Learned,Learned Basis,0.05,0.31622776,-0.31622776,0.35974514,-0.180862
Learned,Learned Basis,0.05,0.94868326,0.31622776,0.77383614,0.64473844
Learned,Learned Basis,0.05,-0.31622776,0.31622776,-0.4787424,0.2000162
Learned,Learned Basis,0.05,0.31622776,0.94868326,0.16287637,1.0166787
Learned,Learned Basis,0.05,-0.31622776,-0.94868326,0.022158092,-1.1606869
Learned,Learned Basis,0.05,-0.31622776,0.31622776,-0.459602,0.113516614
Learned,Learned Basis,0.05,-0.31622776,0.31622776,-0.44372204,0.16348746
Learned,Learned Basis,0.05,-0.31622776,-0.31622776,-0.30345565,-0.50363237
Learned,Learned Basis,0.05,0.31622776,0.31622776,0.10447052,0.31551152
Learned,Learned Basis,0.05,0.31622776,0.94868326,-0.046905547,1.0409083
Learned,Learned Basis,0.05,0.31622776,0.94868326,-0.11011505,0.9574781
Learned,Learned Basis,0.05,0.94868326,-0.31622776,0.9781611,-0.048105262
Learned,Learned Basis,0.05,-0.94868326,0.94868326,-0.95923996,0.66215634
Learned,Learned Basis,0.05,-0.94868326,-0.31622776,-0.83122814,-0.56260616
Learned,Learned Basis,0.05,0.94868326,0.31622776,0.8692054,0.51707065
Learned,Learned Basis,0.05,0.94868326,0.31622776,0.74514174,0.4727012
Learned,Learned Basis,0.05,-0.94868326,0.94868326,-1.0203274,0.7434428
Learned,Learned Basis,0.05,-0.31622776,0.94868326,-0.38964796,0.91922474
Learned,Learned Basis,0.05,-0.31622776,-0.94868326,-0.1872806,-1.078557
Learned,Learned Basis,0.05,0.94868326,0.31622776,0.8892832,0.4304847
Learned,Learned Basis,0.05,0.94868326,-0.94868326,1.1027328,-0.64141715
Learned,Learned Basis,0.05,-0.31622776,-0.94868326,-0.09803382,-1.0583415
Learned,Learned Basis,0.05,-0.94868326,0.31622776,-1.0142171,0.21216571
Learned,Learned Basis,0.05,-0.94868326,0.94868326,-1.195893,0.8871774
Learned,Learned Basis,0.05,-0.31622776,0.31622776,-0.27624187,0.40980014
Learned,Learned Basis,0.05,-0.31622776,0.31622776,-0.21766564,0.21589488
Learned,Learned Basis,0.05,0.31622776,0.31622776,0.22089088,0.4800368
Learned,Learned Basis,0.05,0.94868326,-0.31622776,0.9010815,-0.06295857
Learned,Learned Basis,0.05,-0.31622776,0.94868326,-0.53482604,1.0577034
Learned,Learned Basis,0.05,0.31622776,-0.31622776,0.23149008,-0.32888785
Learned,Learned Basis,0.05,0.31622776,0.31622776,0.4740175,0.30536592
Learned,Learned Basis,0.05,0.94868326,-0.31622776,0.9649492,-0.19172023
Learned,Learned Basis,0.05,-0.31622776,-0.94868326,-0.24999824,-1.1020589
Learned,Learned Basis,0.05,-0.94868326,0.94868326,-0.9672188,1.0912243
Learned,Learned Basis,0.05,0.31622776,0.94868326,0.17805913,1.1253737
Learned,Learned Basis,0.05,0.31622776,-0.94868326,0.40151316,-0.89972866
Learned,Learned Basis,0.05,-0.31622776,-0.31622776,-0.4110864,-0.47707143
Learned,Learned Basis,0.05,0.31622776,0.94868326,0.3039831,0.9699588
Learned,Learned Basis,0.05,-0.94868326,-0.31622776,-0.90345895,-0.45154563
Learned,Learned Basis,0.05,0.31622776,0.94868326,0.28429505,0.9977022
Learned,Learned Basis,0.05,-0.31622776,-0.31622776,-0.2667657,-0.5235541
Learned,Learned Basis,0.05,0.94868326,0.94868326,0.6789362,1.1916735
Learned,Learned Basis,0.05,-0.31622776,0.31622776,-0.33625624,0.08307345
Learned,Learned Basis,0.05,-0.31622776,0.94868326,-0.4405378,0.79426885
Learned,Learned Basis,0.05,0.94868326,-0.94868326,1.2260631,-0.637243
Learned,Learned Basis,0.05,0.31622776,-0.31622776,0.4245531,-0.28631213
Learned,Learned Basis,0.05,0.94868326,-0.94868326,1.1737577,-0.78688467
Learned,Learned Basis,0.05,-0.31622776,0.31622776,-0.30471414,0.1892637
Learned,Learned Basis,0.05,0.94868326,0.31622776,0.8347794,0.48305175
Learned,Learned Basis,0.05,-0.31622776,0.94868326,-0.48735547,0.87830514
Learned,Learned Basis,0.05,0.31622776,0.94868326,0.20722024,1.2156005
Learned,Learned Basis,0.05,-0.31622776,-0.94868326,-0.09969136,-0.986294
Learned,Learned Basis,0.05,0.94868326,0.94868326,0.9438709,1.1968285
Learned,Learned Basis,0.05,0.31622776,-0.31622776,0.4650947,-0.2980128
Learned,Learned Basis,0.05,0.94868326,-0.94868326,1.0795095,-0.7928778
Learned,Learned Basis,0.05,0.94868326,-0.31622776,1.0027702,-0.16909437
Learned,Learned Basis,0.05,-0.31622776,0.31622776,-0.4259587,0.36964846
Learned,Learned Basis,0.05,0.31622776,-0.31622776,0.36939985,-0.24020994
Learned,Learned Basis,0.05,-0.31622776,0.31622776,-0.36910024,0.16245566
Learned,Learned Basis,0.05,-0.31622776,0.31622776,-0.4173275,0.13115521
Learned,Learned Basis,0.05,0.31622776,-0.94868326,0.32032278,-0.88786954
Learned,Learned Basis,0.05,-0.31622776,0.31622776,-0.41227624,0.20852238
Learned,Learned Basis,0.05,-0.94868326,0.31622776,-0.8612817,0.35753337
Learned,Learned Basis,0.05,-0.31622776,-0.31622776,-0.3002599,-0.31015396
Learned,Learned Basis,0.05,0.94868326,0.94868326,0.64376366,0.9483622
Learned,Learned Basis,0.05,-0.94868326,-0.31622776,-0.7620123,-0.4431105
Learned,Learned Basis,0.05,0.31622776,0.31622776,0.2564569,0.40352854
Learned,Learned Basis,0.05,0.31622776,-0.31622776,0.3573995,-0.3299648
Learned,Learned Basis,0.05,-0.94868326,-0.94868326,-0.90621686,-0.94579107
Learned,Learned Basis,0.05,-0.94868326,0.31622776,-1.1616627,0.19688089
Learned,Learned Basis,0.05,-0.94868326,-0.31622776,-0.79386044,-0.35043594
Learned,Learned Basis,0.05,-0.94868326,0.94868326,-1.0110582,0.8850091
Learned,Learned Basis,0.05,0.31622776,-0.31622776,0.24180254,-0.15594809
Learned,Learned Basis,0.05,-0.94868326,0.94868326,-0.98904276,0.80067194
Learned,Learned Basis,0.05,-0.31622776,0.94868326,-0.29963297,0.8824072
Learned,Learned Basis,0.05,0.31622776,0.31622776,0.18420443,0.34183678
Learned,Learned Basis,0.05,-0.31622776,-0.31622776,-0.43577698,-0.34956765
Learned,Learned Basis,0.05,-0.31622776,0.94868326,-0.27231905,1.0422333
Learned,Learned Basis,0.05,-0.94868326,0.31622776,-0.9130204,0.12683783
Learned,Learned Basis,0.05,-0.94868326,-0.31622776,-0.8637325,-0.49305028
Learned,Learned Basis,0.05,-0.31622776,0.94868326,-0.29165798,1.050166
Learned,Learned Basis,0.05,-0.31622776,-0.94868326,-0.26150006,-0.87206626
Learned,Learned Basis,0.05,0.94868326,-0.31622776,0.94253606,-0.47379282
Learned,Learned Basis,0.05,0.31622776,0.31622776,0.36114347,0.29479778
Learned,Learned Basis,0.05,0.94868326,0.94868326,0.79282963,0.8267175
Learned,Learned Basis,0.05,-0.94868326,0.94868326,-0.9723977,0.77794313
Learned,Learned Basis,0.05,-0.94868326,0.94868326,-1.1329085,0.5986634
Learned,Learned Basis,0.05,0.94868326,0.94868326,0.77105594,1.0779871
Learned,Learned Basis,0.05,-0.31622776,0.31622776,-0.3240735,0.14655422
Learned,Learned Basis,0.05,0.94868326,0.31622776,0.80592614,0.5015151
Learned,Learned Basis,0.05,-0.31622776,-0.31622776,-0.08253865,-0.34399843
Learned,Learned Basis,0.05,0.94868326,-0.31622776,0.9396942,-0.122095786
Learned,Learned Basis,0.05,0.31622776,0.31622776,0.0559168,0.3643366
Learned,Learned Basis,0.05,0.31622776,-0.31622776,0.47273484,-0.0855464
Learned,Learned Basis,0.05,-0.94868326,-0.94868326,-0.6340142,-1.1524506
Learned,Learned Basis,0.05,-0.31622776,0.31622776,-0.38381058,0.3554894
Learned,Learned Basis,0.05,-0.31622776,0.94868326,-0.6365107,0.8696785
Learned,Learned Basis,0.05,0.94868326,0.31622776,0.891809,0.41491875
Learned,Learned Basis,0.05,-0.94868326,-0.94868326,-0.91310656,-0.96317655
Learned,Learned Basis,0.05,0.31622776,-0.31622776,0.3733178,-0.17356715
Learned,Learned Basis,0.05,0.94868326,-0.94868326,0.9751792,-0.5665913
Learned,Learned Basis,0.05,-0.94868326,-0.31622776,-0.8730486,-0.4306128
Learned,Learned Basis,0.05,-0.94868326,-0.31622776,-0.7762835,-0.5234113
Learned,Learned Basis,0.05,-0.94868326,-0.94868326,-0.6890247,-1.2432435
Learned,Learned Basis,0.05,-0.31622776,0.94868326,-0.58045805,0.7149742
Learned,Learned Basis,0.05,0.31622776,-0.31622776,0.29426935,-0.3098621
Learned,Learned Basis,0.05,-0.31622776,0.94868326,-0.39634508,0.7561758
Learned,Learned Basis,0.05,0.94868326,0.94868326,0.7919543,1.130588
Learned,Learned Basis,0.05,0.94868326,-0.31622776,0.94501495,-0.2697609
Learned,Learned Basis,0.05,-0.31622776,0.31622776,-0.47229224,0.39242858
Learned,Learned Basis,0.05,0.94868326,0.31622776,1.038599,0.6169352
Learned,Learned Basis,0.05,-0.31622776,0.94868326,-0.5160749,0.9540087
Learned,Learned Basis,0.05,-0.31622776,0.94868326,-0.31371143,0.79437
Learned,Learned Basis,0.05,-0.94868326,-0.94868326,-0.70416015,-0.90109426
Learned,Learned Basis,0.05,0.94868326,-0.94868326,0.887968,-0.7890433
Learned,Learned Basis,0.05,0.31622776,-0.94868326,0.24260302,-0.78851306
Learned,Learned Basis,0.05,0.94868326,-0.31622776,1.1404493,-0.25287074
Learned,Learned Basis,0.05,0.31622776,0.94868326,0.24974805,0.93697995
Learned,Learned Basis,0.05,0.94868326,0.94868326,0.86249566,1.1034851
Learned,Learned Basis,0.05,-0.31622776,-0.94868326,-0.15976483,-1.0057031
Learned,Learned Basis,0.05,-0.94868326,-0.94868326,-1.1125326,-0.88981956
Learned,Learned Basis,0.05,-0.31622776,-0.31622776,-0.26471746,-0.11882617
Learned,Learned Basis,0.05,0.94868326,0.31622776,0.8053344,0.21222636
Learned,Learned Basis,0.05,-0.31622776,0.94868326,-0.49925444,1.0340402
Learned,Learned Basis,0.05,0.94868326,0.94868326,0.8700565,0.8906107
Learned,Learned Basis,0.05,-0.94868326,0.94868326,-1.0322337,0.9226238
Learned,Learned Basis,0.05,0.31622776,-0.94868326,0.24824993,-0.9315687
Learned,Learned Basis,0.05,0.31622776,0.94868326,0.19617005,1.1667984
Learned,Learned Basis,0.05,-0.31622776,-0.31622776,-0.48633888,-0.24267189
Learned,Learned Basis,0.05,0.31622776,0.31622776,0.4005995,0.20040904
Learned,Learned Basis,0.05,-0.31622776,0.94868326,-0.3018477,0.8760239
Learned,Learned Basis,0.05,-0.94868326,0.94868326,-1.0985837,0.8004998
Learned,Learned Basis,0.05,0.31622776,0.31622776,0.03539449,0.47266406
Learned,Learned Basis,0.05,-0.31622776,-0.94868326,-0.16312397,-0.9133817
Learned,Learned Basis,0.05,0.94868326,0.31622776,0.8634544,0.585863
Learned,Learned Basis,0.05,-0.94868326,-0.94868326,-0.69672924,-1.1638298
Learned,Learned Basis,0.05,-0.31622776,0.94868326,-0.39512157,0.74766815
Learned,Learned Basis,0.05,-0.94868326,-0.31622776,-0.8259834,-0.6275886
Learned,Learned Basis,0.05,-0.31622776,-0.94868326,0.22271146,-0.9688725
Learned,Learned Basis,0.05,0.31622776,-0.94868326,0.5941741,-0.6903525
Learned,Learned Basis,0.05,0.31622776,-0.31622776,0.34016412,-0.3684482
Learned,Learned Basis,0.05,0.31622776,-0.94868326,0.5579694,-0.9519267
Learned,Learned Basis,0.05,-0.31622776,0.94868326,-0.4063501,0.93206376
Learned,Learned Basis,0.05,-0.94868326,-0.31622776,-0.77031827,-0.51478404
Learned,Learned Basis,0.05,0.94868326,0.94868326,0.7273181,1.2234838
Learned,Learned Basis,0.05,0.31622776,-0.31622776,0.47996488,-0.19112758
Learned,Learned Basis,0.05,-0.94868326,-0.31622776,-1.0042409,-0.4964066
Learned,Learned Basis,0.05,-0.31622776,0.94868326,-0.5842123,0.77842414
Learned,Learned Basis,0.05,-0.31622776,-0.31622776,-0.31653813,-0.41634056
Learned,Learned Basis,0.05,-0.94868326,0.94868326,-1.0390012,0.7685705
Learned,Learned Basis,0.05,-0.94868326,0.94868326,-1.0645514,0.8574106
Learned,Learned Basis,0.05,0.94868326,0.94868326,0.68733394,1.2147678
Learned,Learned Basis,0.05,0.94868326,-0.31622776,1.014887,-0.14891396
Learned,Learned Basis,0.05,0.31622776,-0.31622776,0.22904028,-0.15045713
Learned,Learned Basis,0.05,-0.31622776,-0.94868326,0.081944466,-0.8536896
Learned,Learned Basis,0.05,0.31622776,-0.31622776,0.24476556,-0.26096028
Learned,Learned Basis,0.05,0.31622776,0.31622776,0.20364048,0.33622593
Learned,Learned Basis,0.05,0.31622776,0.94868326,0.08349563,0.8402057
Learned,Learned Basis,0.05,-0.31622776,0.94868326,-0.43215737,0.88604254
Learned,Learned Basis,0.05,0.31622776,0.31622776,0.5060433,0.3724983
Learned,Learned Basis,0.05,-0.31622776,0.31622776,-0.37667623,0.29575494
Learned,Learned Basis,0.05,0.94868326,-0.31622776,1.0179275,-0.18377866
Learned,Learned Basis,0.05,0.94868326,-0.94868326,0.86408305,-0.6541754
Learned,Learned Basis,0.05,0.31622776,-0.94868326,0.30243388,-0.8701266
Learned,Learned Basis,0.05,-0.94868326,-0.31622776,-0.9597153,-0.36547348
Learned,Learned Basis,0.05,-0.94868326,0.94868326,-0.92029893,0.90550727
Learned,Learned Basis,0.05,0.31622776,0.94868326,0.35353667,0.97292197
Learned,Learned Basis,0.05,0.94868326,0.94868326,0.7321029,1.0304893
Learned,Learned Basis,0.05,0.94868326,0.31622776,0.95505565,0.525658
Learned,Learned Basis,0.05,0.94868326,0.31622776,0.9584326,0.48849002
Learned,Learned Basis,0.05,-0.94868326,0.31622776,-0.86087424,0.2018853
Learned,Learned Basis,0.05,-0.94868326,-0.94868326,-0.7680225,-0.9690401
Learned,Learned Basis,0.05,0.94868326,0.94868326,0.9148468,0.9107264
Learned,Learned Basis,0.05,0.31622776,-0.31622776,0.32908112,-0.3101418
Learned,Learned Basis,0.05,-0.31622776,0.31622776,-0.22020212,0.45029044
Learned,Learned Basis,0.05,-0.94868326,0.31622776,-1.067188,0.33321562
Learned,Learned Basis,0.05,0.94868326,0.94868326,0.58468676,1.1609476
Learned,Learned Basis,0.05,-0.31622776,0.31622776,-0.33721718,0.31890288
Learned,Learned Basis,0.05,0.31622776,0.31622776,0.21119031,0.42919028
Learned,Learned Basis,0.05,-0.31622776,-0.31622776,-0.21382341,-0.3231697
Learned,Learned Basis,0.05,0.31622776,0.94868326,0.17046565,0.94159144
Learned,Learned Basis,0.05,-0.31622776,-0.94868326,0.028125642,-0.9696425
Learned,Learned Basis,0.05,-0.94868326,-0.94868326,-0.5125066,-1.253399
Learned,Learned Basis,0.05,-0.94868326,0.31622776,-0.92583996,0.023018563
Learned,Learned Basis,0.05,0.31622776,0.31622776,0.37307867,0.33457136
Learned,Learned Basis,0.05,0.31622776,0.31622776,0.28613895,0.2956241
Learned,Learned Basis,0.05,0.94868326,0.94868326,0.6732201,1.113373
Learned,Learned Basis,0.05,-0.31622776,0.94868326,-0.50741816,0.79512525
Learned,Learned Basis,0.05,-0.31622776,0.94868326,-0.49768525,0.9214496
Learned,Learned Basis,0.05,0.31622776,-0.31622776,0.36632276,-0.077579156
Learned,Learned Basis,0.05,-0.31622776,-0.94868326,-0.036572885,-1.0948362
Learned,Learned Basis,0.05,0.94868326,-0.94868326,1.266917,-0.7658304
Learned,Learned Basis,0.05,-0.94868326,0.31622776,-0.832821,0.03692997
Learned,Learned Basis,0.05,0.31622776,-0.94868326,0.5138123,-0.82215005
Learned,Learned Basis,0.05,-0.31622776,0.94868326,-0.36156675,0.9431502
Learned,Learned Basis,0.05,-0.94868326,-0.94868326,-0.8276059,-1.0385628
Learned,Learned Basis,0.05,-0.31622776,0.31622776,-0.44102427,0.25223598
Learned,Learned Basis,0.05,0.31622776,0.94868326,0.027803667,1.0165012
Learned,Learned Basis,0.05,-0.31622776,0.94868326,-0.68288755,0.7755382
Learned,Learned Basis,0.05,-0.94868326,0.94868326,-1.1057178,0.86904144
Learned,Learned Basis,0.05,0.31622776,0.31622776,0.33185983,0.41901496
Learned,Learned Basis,0.05,-0.31622776,0.31622776,-0.27720305,0.35906103
Learned,Learned Basis,0.05,0.94868326,0.31622776,0.86701787,0.47606593
Learned,Learned Basis,0.05,-0.31622776,-0.31622776,-0.086458094,-0.37187836
Learned,Learned Basis,0.05,-0.94868326,0.94868326,-1.0662484,0.88015485
Learned,Learned Basis,0.05,-0.94868326,-0.31622776,-0.83246434,-0.38391855
Learned,Learned Basis,0.05,-0.31622776,0.94868326,-0.312586,0.91307366
Learned,Learned Basis,0.05,-0.31622776,-0.94868326,-0.14316706,-0.8327423
Learned,Learned Basis,0.05,-0.31622776,-0.31622776,-0.087870225,-0.23434973
Learned,Learned Basis,0.05,-0.31622776,-0.31622776,-0.2122371,-0.47188497
Learned,Learned Basis,0.05,0.94868326,-0.94868326,0.9898369,-0.7870616
Learned,Learned Basis,0.05,-0.31622776,-0.94868326,-0.16658692,-0.96981925
Learned,Learned Basis,0.05,0.94868326,0.31622776,0.78771746,0.35100356
Learned,Learned Basis,0.05,-0.94868326,-0.31622776,-0.9153962,-0.42575714
Learned,Learned Basis,0.05,0.31622776,-0.94868326,0.42479643,-0.951363
Learned,Learned Basis,0.05,0.94868326,0.94868326,0.92643213,1.0628922
Learned,Learned Basis,0.05,-0.31622776,0.94868326,-0.33769676,0.9604549
Learned,Learned Basis,0.05,-0.31622776,-0.31622776,-0.26662627,-0.2012231
Learned,Learned Basis,0.05,0.31622776,0.31622776,0.28848252,0.41761592
Learned,Learned Basis,0.05,-0.94868326,0.94868326,-1.0135287,0.869748
Learned,Learned Basis,0.05,0.94868326,-0.31622776,0.9149679,-0.29159334
Learned,Learned Basis,0.05,0.31622776,0.31622776,0.083977744,0.3801346
Learned,Learned Basis,0.05,0.31622776,-0.94868326,0.46519452,-0.63030195
Learned,Learned Basis,0.05,0.94868326,-0.31622776,1.0285467,-0.10953776
Learned,Learned Basis,0.05,0.94868326,0.31622776,0.77682483,0.4681496
Learned,Learned Basis,0.05,-0.94868326,-0.31622776,-0.77501166,-0.5055157
Learned,Learned Basis,0.05,0.94868326,-0.94868326,1.0913849,-0.79072684
Learned,Learned Basis,0.05,-0.94868326,-0.31622776,-0.70596135,-0.6606422
Learned,Learned Basis,0.05,-0.94868326,0.31622776,-0.96758556,-0.017298177
Learned,Learned Basis,0.05,0.94868326,0.94868326,0.63892275,1.168439
Learned,Learned Basis,0.05,-0.94868326,0.31622776,-0.85250956,0.005105214
Learned,Learned Basis,0.05,-0.94868326,0.31622776,-0.94397306,0.23258057
Learned,Learned Basis,0.05,0.94868326,-0.31622776,1.0809842,-0.08039766
Learned,Learned Basis,0.05,0.94868326,0.94868326,0.8386332,0.9906054
Learned,Learned Basis,0.05,-0.31622776,0.94868326,-0.5514717,0.7413165
Learned,Learned Basis,0.05,-0.94868326,-0.94868326,-0.5865315,-1.1401206
Learned,Learned Basis,0.05,-0.94868326,0.31622776,-0.942505,0.15315072
Learned,Learned Basis,0.05,-0.31622776,-0.94868326,-0.25706688,-0.9688554
Learned,Learned Basis,0.05,0.31622776,-0.31622776,0.37263656,-0.25182402
Learned,Learned Basis,0.05,0.31622776,0.31622776,0.33464944,0.22100623
Learned,Learned Basis,0.05,-0.94868326,-0.31622776,-0.8056394,-0.49525216
Learned,Learned Basis,0.05,0.31622776,-0.31622776,0.466654,-0.46908873
Learned,Learned Basis,0.05,0.94868326,-0.94868326,1.161628,-0.6343449
Learned,Learned Basis,0.05,-0.94868326,-0.31622776,-0.8802882,-0.44630897
Learned,Learned Basis,0.05,0.31622776,-0.31622776,0.52868,-0.11819188
Learned,Learned Basis,0.05,-0.94868326,-0.31622776,-0.92838854,-0.14928202
Learned,Learned Basis,0.05,-0.94868326,-0.94868326,-0.58633494,-1.0057567
Learned,Learned Basis,0.05,-0.31622776,0.31622776,-0.26850128,0.43863145
Learned,Learned Basis,0.05,-0.94868326,0.31622776,-1.1231147,0.2442218
Learned,Learned Basis,0.05,-0.94868326,-0.94868326,-0.7362019,-1.1046917
Learned,Learned Basis,0.05,0.94868326,0.31622776,0.9846114,0.41160706
Learned,Learned Basis,0.05,-0.31622776,0.94868326,-0.29100615,1.106497
Learned,Learned Basis,0.05,0.31622776,0.94868326,0.30358416,1.00613
Learned,Learned Basis,0.05,-0.31622776,-0.94868326,-0.1415694,-1.0374371
Learned,Learned Basis,0.05,0.31622776,-0.94868326,0.52218544,-0.81231767
Learned,Learned Basis,0.05,-0.31622776,0.94868326,-0.43871015,0.8748879
Learned,Learned Basis,0.05,-0.94868326,0.94868326,-1.1332753,0.8449913
Learned,Learned Basis,0.05,0.94868326,-0.94868326,1.0124786,-0.9236588
Learned,Learned Basis,0.05,0.94868326,-0.94868326,0.9300869,-0.75380665
Learned,Learned Basis,0.05,-0.94868326,0.94868326,-0.96232074,1.0097771
Learned,Learned Basis,0.05,0.31622776,0.31622776,0.38410294,0.17915706
Learned,Learned Basis,0.05,-0.94868326,-0.94868326,-0.6827524,-0.96175003
Learned,Learned Basis,0.05,0.31622776,-0.31622776,0.19508442,-0.33043075
Learned,Learned Basis,0.05,-0.31622776,0.94868326,-0.30456543,0.98908997
Learned,Learned Basis,0.05,0.31622776,-0.94868326,0.2687482,-0.9347808
Learned,Learned Basis,0.05,-0.94868326,0.31622776,-0.80031115,0.35573974
Learned,Learned Basis,0.05,0.31622776,0.31622776,0.033114057,0.31949207
Learned,Learned Basis,0.05,0.31622776,-0.94868326,0.6318546,-0.82693577
Learned,Learned Basis,0.05,-0.94868326,-0.94868326,-0.6244502,-1.1303256
Learned,Learned Basis,0.05,-0.94868326,-0.94868326,-0.7783038,-1.2316583
Learned,Learned Basis,0.05,-0.94868326,-0.94868326,-0.7544318,-1.023314
Learned,Learned Basis,0.05,0.31622776,0.94868326,0.17575814,1.0177568
Learned,Learned Basis,0.05,-0.31622776,0.31622776,-0.5194587,0.26378837
Learned,Learned Basis,0.05,-0.31622776,0.31622776,-0.25379765,0.20251524
Learned,Learned Basis,0.05,-0.31622776,0.94868326,-0.5517432,0.77586097
Learned,Learned Basis,0.05,-0.31622776,-0.31622776,-0.31753606,-0.43556398
Learned,Learned Basis,0.05,0.94868326,-0.94868326,1.1782624,-0.7830138
Learned,Learned Basis,0.05,-0.31622776,-0.94868326,-0.036588646,-0.9523799
Learned,Learned Basis,0.05,0.31622776,0.31622776,0.21560255,0.34221464
Learned,Learned Basis,0.05,-0.94868326,-0.94868326,-0.86735415,-1.0877353
Learned,Learned Basis,0.05,0.94868326,-0.94868326,1.1948472,-0.697783
Learned,Learned Basis,0.05,0.31622776,-0.31622776,0.41650724,-0.24869992
Learned,Learned Basis,0.05,0.94868326,-0.94868326,1.0131178,-0.6752147
Learned,Learned Basis,0.05,0.94868326,0.94868326,0.7605957,1.1193823
Learned,Learned Basis,0.05,0.31622776,-0.94868326,0.32026455,-1.0326028
Learned,Learned Basis,0.05,-0.94868326,-0.31622776,-0.94324964,-0.62225604
Learned,Learned Basis,0.05,-0.31622776,0.94868326,-0.6319127,0.8247453
Learned,Learned Basis,0.05,0.31622776,0.94868326,0.1983925,0.92494076
Learned,Learned Basis,0.05,0.31622776,-0.94868326,0.40058523,-0.816752
Learned,Learned Basis,0.05,-0.94868326,-0.31622776,-0.9105722,-0.45427787
Learned,Learned Basis,0.05,-0.94868326,0.94868326,-1.3420213,0.89312863
Learned,Learned Basis,0.05,-0.94868326,-0.94868326,-0.79996413,-1.0752178
Learned,Learned Basis,0.05,-0.31622776,-0.31622776,-0.24236274,-0.13506721
Learned,Learned Basis,0.05,0.94868326,-0.94868326,1.1714364,-0.8687421
Learned,Learned Basis,0.05,-0.94868326,-0.94868326,-0.68615633,-1.0841275
Learned,Learned Basis,0.05,-0.31622776,-0.94868326,-0.119469024,-0.81226176
Learned,Learned Basis,0.05,-0.94868326,0.31622776,-1.0995328,0.33592656
Learned,Learned Basis,0.05,0.94868326,-0.31622776,0.99302864,-0.029559536
Learned,Learned Basis,0.05,0.31622776,0.31622776,0.23540154,0.4777676
Learned,Learned Basis,0.05,0.31622776,-0.31622776,0.19922394,-0.43661872
Learned,Learned Basis,0.05,0.94868326,-0.31622776,0.8000123,-0.255692
Learned,Learned Basis,0.05,0.94868326,0.94868326,0.9926334,0.95611244
Learned,Learned Basis,0.05,-0.31622776,0.31622776,-0.2412816,0.23685698
Learned,Learned Basis,0.05,-0.31622776,-0.94868326,-0.14650531,-0.84509027
Learned,Learned Basis,0.05,-0.31622776,-0.31622776,-0.3694876,-0.39897054
Learned,Learned Basis,0.05,-0.94868326,0.31622776,-1.0037163,0.2695833
Learned,Learned Basis,0.05,0.31622776,0.31622776,0.27033088,0.31419083
Learned,Learned Basis,0.05,-0.94868326,-0.31622776,-0.92212504,-0.39329633
Learned,Learned Basis,0.05,-0.31622776,0.94868326,-0.34822738,0.76023287
Learned,Learned Basis,0.05,0.94868326,0.31622776,1.063298,0.22232716
Learned,Learned Basis,0.05,-0.94868326,-0.94868326,-0.71686715,-0.9995186
Learned,Learned Basis,0.05,0.31622776,-0.31622776,0.3582066,-0.23711042
Learned,Learned Basis,0.05,0.31622776,-0.94868326,0.66627693,-0.82577026
Learned,Learned Basis,0.05,0.31622776,-0.94868326,0.511941,-0.82935226
Learned,Learned Basis,0.05,0.31622776,0.94868326,0.14176032,0.89358264
Learned,Learned Basis,0.05,0.31622776,-0.31622776,0.23402005,-0.4163612
Learned,Learned Basis,0.05,0.94868326,0.31622776,0.8271092,0.6784329
Learned,Learned Basis,0.05,-0.31622776,0.94868326,-0.734212,0.88508105
Learned,Learned Basis,0.05,0.31622776,-0.31622776,0.23832947,-0.14950503
Learned,Learned Basis,0.05,-0.94868326,-0.31622776,-0.8045341,-0.66191953
Learned,Learned Basis,0.05,-0.94868326,0.94868326,-1.252871,0.7217367
Learned,Learned Basis,0.05,-0.94868326,-0.94868326,-0.7789324,-1.1494792
Learned,Learned Basis,0.05,-0.94868326,0.94868326,-1.2280835,0.7059555
Learned,Learned Basis,0.05,-0.94868326,-0.31622776,-0.71720403,-0.58100635
Learned,Learned Basis,0.05,-0.94868326,0.94868326,-1.2337387,0.699531
Learned,Learned Basis,0.05,0.94868326,-0.94868326,1.2677149,-0.60314494
Learned,Learned Basis,0.05,0.94868326,0.31622776,0.8406067,0.5178993
Learned,Learned Basis,0.05,-0.31622776,0.94868326,-0.36357266,0.84038526
Learned,Learned Basis,0.05,0.94868326,-0.31622776,1.099488,-0.00768644
Learned,Learned Basis,0.05,0.94868326,0.94868326,0.6469552,1.1139463
Learned,Learned Basis,0.05,-0.94868326,-0.94868326,-0.73128664,-0.9915165
Learned,Learned Basis,0.05,-0.31622776,-0.31622776,-0.27808928,-0.2966058
Learned,Learned Basis,0.05,-0.31622776,-0.94868326,-0.11471534,-1.0176814
Learned,Learned Basis,0.05,0.94868326,-0.31622776,0.98122025,-0.17882189
Learned,Learned Basis,0.05,-0.31622776,0.31622776,-0.42791823,0.22660024
Learned,Learned Basis,0.05,0.94868326,0.31622776,0.7663581,0.4163522
Learned,Learned Basis,0.05,-0.94868326,-0.94868326,-0.64701396,-1.1169083
Learned,Learned Basis,0.05,0.31622776,-0.94868326,0.39806893,-0.9561309
Learned,Learned Basis,0.05,-0.31622776,-0.31622776,-0.21263565,-0.40382195
Learned,Learned Basis,0.05,-0.94868326,-0.31622776,-0.94398797,-0.36413765
Learned,Learned Basis,0.05,-0.31622776,0.94868326,-0.42416674,0.8491052
Learned,Learned Basis,0.05,-0.31622776,0.31622776,-0.5387361,0.21104349
Learned,Learned Basis,0.05,-0.31622776,-0.31622776,-0.059083737,-0.28895795
Learned,Learned Basis,0.05,-0.94868326,-0.94868326,-0.7539287,-0.8804765
Learned,Learned Basis,0.05,0.31622776,0.94868326,0.23319328,0.9990386
Learned,Learned Basis,0.05,-0.31622776,0.94868326,-0.44575086,0.7500375
Learned,Learned Basis,0.05,-0.31622776,0.94868326,-0.23584583,0.9430763
Learned,Learned Basis,0.05,0.94868326,-0.31622776,0.9578277,-0.16633922
Learned,Learned Basis,0.05,0.94868326,0.31622776,1.1261381,0.31990477
Learned,Learned Basis,0.05,0.31622776,0.94868326,0.15886988,0.9440717
Learned,Learned Basis,0.05,-0.31622776,-0.31622776,-0.38824317,-0.4300897
Learned,Learned Basis,0.05,0.94868326,-0.94868326,1.0324901,-0.8077997
Learned,Learned Basis,0.05,-0.31622776,-0.94868326,-0.44308266,-0.71577233
Learned,Learned Basis,0.05,-0.31622776,0.94868326,-0.44204512,0.84618616
Learned,Learned Basis,0.05,-0.94868326,-0.31622776,-0.96183443,-0.32384747
Learned,Learned Basis,0.05,0.31622776,0.31622776,0.37407714,0.25785944
Learned,Learned Basis,0.05,-0.31622776,-0.94868326,-0.012645243,-0.98372966
Learned,Learned Basis,0.05,-0.31622776,0.94868326,-0.52672195,0.6747693
Learned,Learned Basis,0.05,0.31622776,-0.31622776,0.25211167,-0.0873208
Learned,Learned Basis,0.05,0.31622776,0.94868326,0.08125396,1.1446186
Learned,Learned Basis,0.05,-0.31622776,-0.94868326,-0.057885706,-0.83946365
Learned,Learned Basis,0.05,0.31622776,-0.94868326,0.57024455,-0.82715875
Learned,Learned Basis,0.05,-0.94868326,-0.94868326,-0.7059563,-1.2439734
Learned,Learned Basis,0.05,-0.94868326,0.94868326,-0.9964897,0.57374865
Learned,Learned Basis,0.05,-0.31622776,-0.94868326,0.018782958,-0.9531296
Learned,Learned Basis,0.05,0.94868326,-0.31622776,0.9589675,-0.1758456
Learned,Learned Basis,0.05,-0.31622776,-0.31622776,-0.24583954,-0.45329174
Learned,Learned Basis,0.05,0.31622776,0.94868326,0.071992084,1.028751
Learned,Learned Basis,0.05,0.31622776,0.31622776,0.22678697,0.42911902
Learned,Learned Basis,0.05,0.31622776,-0.31622776,0.36931083,-0.2164099
Learned,Learned Basis,0.05,-0.31622776,0.31622776,-0.32003906,0.2837201
Learned,Learned Basis,0.05,-0.94868326,-0.31622776,-0.7827494,-0.6411157
Learned,Learned Basis,0.05,0.31622776,0.94868326,0.06153106,0.9791635
Learned,Learned Basis,0.05,0.31622776,-0.31622776,0.39071858,-0.19196957
Learned,Learned Basis,0.05,0.31622776,0.94868326,0.020109806,0.9041216
Learned,Learned Basis,0.05,0.94868326,-0.31622776,0.97384477,-0.03605883
Learned,Learned Basis,0.05,0.31622776,0.94868326,0.20943433,1.2890375
Learned,Learned Basis,0.05,-0.31622776,-0.94868326,-0.22511564,-0.9319472
Learned,Learned Basis,0.05,0.31622776,0.94868326,0.3124524,0.8826603
Learned,Learned Basis,0.05,-0.94868326,0.31622776,-1.0359107,0.20135891
Learned,Learned Basis,0.05,0.31622776,-0.31622776,0.46386695,-0.31792927
Learned,Learned Basis,0.05,-0.31622776,-0.31622776,-0.2872125,-0.51561666
Learned,Learned Basis,0.05,-0.94868326,0.31622776,-0.95533836,0.22807834
Learned,Learned Basis,0.05,-0.31622776,0.94868326,-0.52362454,1.0479931
Learned,Learned Basis,0.05,0.94868326,-0.94868326,0.85366976,-0.8495974
Learned,Learned Basis,0.05,0.94868326,0.31622776,1.0809699,0.45493913
Learned,Learned Basis,0.05,0.94868326,-0.31622776,1.0076548,-0.03511443
Learned,Learned Basis,0.05,-0.94868326,0.94868326,-0.9308654,0.78730357
Learned,Learned Basis,0.05,-0.94868326,0.94868326,-1.1566765,0.6927211
Learned,Learned Basis,0.05,0.94868326,0.31622776,0.96057093,0.47385693
Learned,Learned Basis,0.05,-0.31622776,0.31622776,-0.18155566,0.24931097
Learned,Learned Basis,0.05,-0.31622776,0.94868326,-0.23766911,0.8679596
Learned,Learned Basis,0.05,0.31622776,-0.31622776,0.38745677,-0.36582798
Learned,Learned Basis,0.05,-0.31622776,-0.31622776,-0.4119445,-0.46248612
Learned,Learned Basis,0.05,0.94868326,-0.31622776,1.0504807,-0.29258963
Learned,Learned Basis,0.05,-0.94868326,-0.31622776,-0.90238756,-0.40044495
Learned,Learned Basis,0.05,0.31622776,-0.31622776,0.43422693,-0.35715365
Learned,Learned Basis,0.05,0.31622776,0.94868326,0.16730921,0.83949393
Learned,Learned Basis,0.05,0.94868326,0.31622776,1.0309286,0.30473587
Learned,Learned Basis,0.05,-0.94868326,-0.94868326,-1.03876,-0.8114801
Learned,Learned Basis,0.05,0.31622776,-0.31622776,0.26172936,-0.36166945
Learned,Learned Basis,0.05,-0.94868326,-0.31622776,-0.85040635,-0.50458795
Learned,Learned Basis,0.05,0.94868326,0.31622776,0.68784785,0.6997675
Learned,Learned Basis,0.05,-0.31622776,0.94868326,-0.5437338,0.73134583
Learned,Learned Basis,0.05,-0.94868326,-0.31622776,-0.8620195,-0.51808
Learned,Learned Basis,0.05,-0.31622776,0.31622776,-0.2844579,0.23355012
Learned,Learned Basis,0.05,0.31622776,0.31622776,0.18216804,0.43252474
Learned,Learned Basis,0.05,0.94868326,0.94868326,0.63857776,1.0821755
Learned,Learned Basis,0.05,0.31622776,0.31622776,0.06743134,0.50454384
Learned,Learned Basis,0.05,-0.31622776,-0.94868326,0.051192597,-1.0198689
Learned,Learned Basis,0.05,-0.31622776,-0.94868326,-0.08901754,-1.1074544
Learned,Learned Basis,0.05,-0.94868326,-0.94868326,-0.75912243,-1.2915834
Learned,Learned Basis,0.05,0.31622776,-0.94868326,0.33086696,-0.6858395
Learned,Learned Basis,0.05,0.31622776,0.94868326,-0.004105974,1.0032384
Learned,Learned Basis,0.05,0.94868326,0.31622776,0.82453525,0.6150576
Learned,Learned Basis,0.05,0.94868326,-0.94868326,0.9883942,-0.8524046
Learned,Learned Basis,0.05,0.31622776,-0.94868326,0.501506,-0.869435
Learned,Learned Basis,0.05,-0.94868326,0.94868326,-1.2068919,0.74081624
Learned,Learned Basis,0.05,-0.94868326,-0.31622776,-0.77040154,-0.30283308
Learned,Learned Basis,0.05,-0.94868326,-0.31622776,-0.80148834,-0.39012668
Learned,Learned Basis,0.05,0.31622776,0.31622776,0.14817534,0.6407724
Learned,Learned Basis,0.05,0.94868326,-0.94868326,1.1041623,-0.6432255
Learned,Learned Basis,0.05,0.94868326,0.31622776,0.9236553,0.32180846
Learned,Learned Basis,0.05,0.94868326,0.94868326,0.7431974,1.0355418
Learned,Learned Basis,0.05,0.94868326,-0.94868326,1.0267882,-0.94198436
Learned,Learned Basis,0.05,-0.94868326,-0.94868326,-0.74410236,-1.0674832
Learned,Learned Basis,0.05,-0.94868326,-0.94868326,-0.6570681,-1.0020088
Learned,Learned Basis,0.05,0.94868326,0.31622776,0.9153974,0.41640466
Learned,Learned Basis,0.05,-0.94868326,-0.31622776,-1.0319692,-0.5755036
Learned,Learned Basis,0.05,0.31622776,0.31622776,0.41953814,0.48356166
Learned,Learned Basis,0.05,0.31622776,0.31622776,0.19891353,0.17220406
Learned,Learned Basis,0.05,-0.31622776,-0.94868326,-0.27048218,-1.0961545
Learned,Learned Basis,0.05,0.94868326,-0.31622776,0.9937968,-0.19257802
Learned,Learned Basis,0.05,-0.31622776,-0.31622776,-0.26135805,-0.27692807
Learned,Learned Basis,0.05,0.31622776,0.94868326,0.19996195,1.0789317
Learned,Learned Basis,0.05,0.31622776,-0.31622776,0.25803304,-0.21185917
Learned,Learned Basis,0.05,0.31622776,-0.94868326,0.4213414,-0.7731868
Learned,Learned Basis,0.05,0.94868326,0.31622776,0.9039643,0.533866
Learned,Learned Basis,0.05,-0.31622776,-0.31622776,-0.53831923,-0.31639633
Learned,Learned Basis,0.05,-0.94868326,0.94868326,-1.0441666,1.0505899
Learned,Learned Basis,0.05,0.94868326,-0.94868326,0.87316436,-0.90077
Learned,Learned Basis,0.05,-0.94868326,-0.31622776,-0.86324084,-0.37951845
Learned,Learned Basis,0.05,-0.94868326,-0.94868326,-0.8499505,-0.8823053
Learned,Learned Basis,0.05,0.94868326,-0.31622776,1.0572591,-0.30450213
Learned,Learned Basis,0.05,0.31622776,-0.94868326,0.31483853,-0.8654526
Learned,Learned Basis,0.05,-0.31622776,0.94868326,-0.38750097,0.9410091
Learned,Learned Basis,0.05,-0.94868326,0.31622776,-0.80893344,-0.09763945
Learned,Learned Basis,0.05,-0.94868326,0.31622776,-1.0139331,0.15192822
Learned,Learned Basis,0.05,0.94868326,-0.31622776,0.88454264,0.07426205
Learned,Learned Basis,0.05,-0.31622776,0.31622776,-0.41939855,0.02662225
Learned,Learned Basis,0.05,0.31622776,-0.94868326,0.54284185,-0.80521756
Learned,Learned Basis,0.05,0.94868326,-0.94868326,1.1326387,-0.56901747
Learned,Learned Basis,0.05,-0.31622776,-0.94868326,-0.019963667,-0.84355277
Learned,Learned Basis,0.05,-0.31622776,-0.94868326,-0.048609287,-0.98993045
Learned,Learned Basis,0.05,-0.94868326,0.94868326,-1.1468085,0.81774956
Learned,Learned Basis,0.05,-0.31622776,0.31622776,-0.53859645,0.08559668
Learned,Learned Basis,0.05,0.31622776,-0.94868326,0.59041137,-0.8506223
Learned,Learned Basis,0.05,0.94868326,-0.94868326,1.1072044,-0.74272865
Learned,Learned Basis,0.05,-0.94868326,0.31622776,-1.0510991,0.27800202
Learned,Learned Basis,0.05,-0.31622776,0.31622776,-0.33003032,0.1644664
Learned,Learned Basis,0.05,-0.31622776,0.31622776,-0.4356974,0.1426833
Learned,Learned Basis,0.05,0.31622776,0.94868326,0.18607537,1.000984
Learned,Learned Basis,0.05,-0.31622776,-0.31622776,-0.2226659,-0.4945584
Learned,Learned Basis,0.05,-0.94868326,-0.31622776,-0.85850865,-0.61175543
Learned,Learned Basis,0.05,-0.94868326,0.31622776,-1.0577005,0.17002264
Learned,Learned Basis,0.05,0.31622776,-0.94868326,0.35417485,-0.68927217
Learned,Learned Basis,0.05,0.94868326,0.94868326,0.7627403,1.1291814
Learned,Learned Basis,0.05,-0.94868326,-0.31622776,-0.8776357,-0.5351129
LearnedNonlinear,Learned + Nonlinear RX,0.05,0.94868326,-0.94868326,1.1171744,-0.8430808
LearnedNonlinear,Learned + Nonlinear RX,0.05,0.94868326,0.94868326,0.72770387,1.0075115
LearnedNonlinear,Learned + Nonlinear RX,0.05,0.31622776,-0.31622776,0.41928774,-0.1995072
LearnedNonlinear,Learned + Nonlinear RX,0.05,0.94868326,0.94868326,0.9711661,1.0297742
LearnedNonlinear,Learned + Nonlinear RX,0.05,0.94868326,-0.31622776,1.0006261,-0.2514246
LearnedNonlinear,Learned + Nonlinear RX,0.05,0.94868326,0.31622776,0.9116188,0.49643484
LearnedNonlinear,Learned + Nonlinear RX,0.05,-0.31622776,0.94868326,-0.5583022,0.8512195
LearnedNonlinear,Learned + Nonlinear RX,0.05,-0.31622776,0.94868326,-0.36240748,0.8923398
LearnedNonlinear,Learned + Nonlinear RX,0.05,-0.94868326,0.31622776,-0.9220386,0.20426533
LearnedNonlinear,Learned + Nonlinear RX,0.05,0.31622776,0.31622776,0.14143196,0.34380525
LearnedNonlinear,Learned + Nonlinear RX,0.05,-0.31622776,0.94868326,-0.3695104,0.93621176
LearnedNonlinear,Learned + Nonlinear RX,0.05,0.94868326,0.94868326,1.0108702,1.0542697
LearnedNonlinear,Learned + Nonlinear RX,0.05,-0.31622776,-0.31622776,-0.22030641,-0.365964
LearnedNonlinear,Learned + Nonlinear RX,0.05,0.31622776,0.94868326,0.07501256,0.8933324
LearnedNonlinear,Learned + Nonlinear RX,0.05,-0.94868326,-0.94868326,-0.7902005,-1.054508
LearnedNonlinear,Learned + Nonlinear RX,0.05,-0.31622776,0.31622776,-0.5358575,0.57544965
LearnedNonlinear,Learned + Nonlinear RX,0.05,0.94868326,-0.31622776,1.1175162,-0.10979135
LearnedNonlinear,Learned + Nonlinear RX,0.05,0.94868326,0.94868326,0.78845584,0.9495359
LearnedNonlinear,Learned + Nonlinear RX,0.05,0.94868326,-0.94868326,1.0775251,-0.8982781
LearnedNonlinear,Learned + Nonlinear RX,0.05,0.31622776,-0.31622776,0.5523786,-0.43579134
LearnedNonlinear,Learned + Nonlinear RX,0.05,-0.31622776,-0.94868326,-0.33943307,-0.8311394
LearnedNonlinear,Learned + Nonlinear RX,0.05,0.94868326,0.31622776,0.8434279,0.3722959
LearnedNonlinear,Learned + Nonlinear RX,0.05,-0.31622776,-0.31622776,-0.40603843,-0.5695788
LearnedNonlinear,Learned + Nonlinear RX,0.05,0.31622776,-0.94868326,0.46224558,-0.85471374
LearnedNonlinear,Learned + Nonlinear RX,0.05,0.94868326,-0.31622776,0.9283115,0.030830553
LearnedNonlinear,Learned + Nonlinear RX,0.05,-0.94868326,0.94868326,-1.2061794,0.74282974
LearnedNonlinear,Learned + Nonlinear RX,0.05,0.94868326,0.94868326,0.5354359,1.4009113
LearnedNonlinear,Learned + Nonlinear RX,0.05,-0.94868326,-0.31622776,-0.7763656,-0.5594011
LearnedNonlinear,Learned + Nonlinear RX,0.05,-0.94868326,-0.94868326,-0.47399852,-1.1589869
LearnedNonlinear,Learned + Nonlinear RX,0.05,-0.94868326,-0.31622776,-0.75344485,-0.6780941
LearnedNonlinear,Learned + Nonlinear RX,0.05,0.31622776,0.94868326,0.1586701,1.0595576
LearnedNonlinear,Learned + Nonlinear RX,0.05,0.31622776,-0.94868326,0.50476104,-1.0715976
LearnedNonlinear,Learned + Nonlinear RX,0.05,0.94868326,-0.94868326,1.1470894,-0.63048285
LearnedNonlinear,Learned + Nonlinear RX,0.05,0.31622776,0.31622776,0.30506656,0.4087839
LearnedNonlinear,Learned + Nonlinear RX,0.05,-0.31622776,0.94868326,-0.45386195,0.8390223
LearnedNonlinear,Learned + Nonlinear RX,0.05,0.31622776,-0.31622776,0.3908944,-0.13799228
LearnedNonlinear,Learned + Nonlinear RX,0.05,0.94868326,0.94868326,0.699519,0.9535674
LearnedNonlinear,Learned + Nonlinear RX,0.05,0.31622776,-0.94868326,0.3187964,-0.91983443
LearnedNonlinear,Learned + Nonlinear RX,0.05,0.94868326,-0.94868326,1.3293457,-0.7167143
LearnedNonlinear,Learned + Nonlinear RX,0.05,0.31622776,0.31622776,0.27079436,0.3425303
LearnedNonlinear,Learned + Nonlinear RX,0.05,0.31622776,-0.31622776,0.49894276,-0.30030856
LearnedNonlinear,Learned + Nonlinear RX,0.05,-0.31622776,0.94868326,-0.4788447,0.9165352
LearnedNonlinear,Learned + Nonlinear RX,0.05,0.94868326,-0.31622776,1.1116877,-0.1420579
LearnedNonlinear,Learned + Nonlinear RX,0.05,-0.31622776,0.94868326,-0.46941602,0.8555987
LearnedNonlinear,Learned + Nonlinear RX,0.05,-0.31622776,-0.94868326,-0.086233065,-0.8593391
LearnedNonlinear,Learned + Nonlinear RX,0.05,-0.31622776,0.94868326,-0.38696086,0.7899192
LearnedNonlinear,Learned + Nonlinear RX,0.05,0.31622776,-0.31622776,0.42801744,-0.28372929
LearnedNonlinear,Learned + Nonlinear RX,0.05,0.31622776,0.31622776,0.4218155,0.2548576
LearnedNonlinear,Learned + Nonlinear RX,0.05,-0.31622776,-0.94868326,-0.12118492,-1.0217216
LearnedNonlinear,Learned + Nonlinear RX,0.05,0.94868326,-0.94868326,1.2227762,-0.6170932
LearnedNonlinear,Learned + Nonlinear RX,0.05,0.31622776,-0.94868326,0.3887696,-0.7585649
LearnedNonlinear,Learned + Nonlinear RX,0.05,-0.94868326,0.94868326,-1.03015,0.6262828
LearnedNonlinear,Learned + Nonlinear RX,0.05,-0.31622776,0.31622776,-0.52472925,0.41467527
LearnedNonlinear,Learned + Nonlinear RX,0.05,-0.31622776,0.31622776,-0.3474145,0.17264852
LearnedNonlinear,Learned + Nonlinear RX,0.05,-0.94868326,-0.31622776,-0.88753927,-0.37461084
LearnedNonlinear,Learned + Nonlinear RX,0.05,-0.31622776,-0.94868326,-0.30678615,-1.0626388
LearnedNonlinear,Learned + Nonlinear RX,0.05,-0.31622776,0.94868326,-0.33926117,0.8026066
LearnedNonlinear,Learned + Nonlinear RX,0.05,-0.31622776,-0.94868326,-0.24550945,-0.98128414
LearnedNonlinear,Learned + Nonlinear RX,0.05,0.94868326,0.94868326,0.7141099,1.1282253
LearnedNonlinear,Learned + Nonlinear RX,0.05,0.94868326,-0.31622776,0.9793869,-0.34603932
LearnedNonlinear,Learned + Nonlinear RX,0.05,0.31622776,-0.94868326,0.26752567,-0.8381156
LearnedNonlinear,Learned + Nonlinear RX,0.05,0.94868326,0.94868326,1.0667721,1.061608
LearnedNonlinear,Learned + Nonlinear RX,0.05,0.94868326,-0.31622776,0.9850864,-0.21488367
LearnedNonlinear,Learned + Nonlinear RX,0.05,-0.94868326,0.31622776,-0.86915517,0.13818586
LearnedNonlinear,Learned + Nonlinear RX,0.05,-0.94868326,0.31622776,-0.9346723,0.43233532
LearnedNonlinear,Learned + Nonlinear RX,0.05,0.31622776,0.31622776,0.39570105,0.43648633
LearnedNonlinear,Learned + Nonlinear RX,0.05,0.31622776,-0.94868326,0.3857622,-0.87951046
LearnedNonlinear,Learned + Nonlinear RX,0.05,0.31622776,-0.94868326,0.35792246,-1.009667
LearnedNonlinear,Learned + Nonlinear RX,0.05,0.31622776,-0.94868326,0.52174854,-0.8799124
LearnedNonlinear,Learned + Nonlinear RX,0.05,0.94868326,-0.94868326,1.0867692,-0.6496623
LearnedNonlinear,Learned + Nonlinear RX,0.05,-0.94868326,0.31622776,-1.0282218,-0.11269585
LearnedNonlinear,Learned + Nonlinear RX,0.05,0.31622776,-0.31622776,0.41344732,-0.28757176
LearnedNonlinear,Learned + Nonlinear RX,0.05,-0.31622776,-0.94868326,-0.15375575,-1.0723603
LearnedNonlinear,Learned + Nonlinear RX,0.05,0.94868326,0.94868326,0.7738656,1.3084288
LearnedNonlinear,Learned + Nonlinear RX,0.05,0.94868326,-0.94868326,1.1130652,-0.6485456
LearnedNonlinear,Learned + Nonlinear RX,0.05,0.94868326,0.31622776,0.8468992,0.49714524
LearnedNonlinear,Learned + Nonlinear RX,0.05,0.94868326,-0.31622776,1.1659956,0.057309046
LearnedNonlinear,Learned + Nonlinear RX,0.05,0.31622776,0.31622776,0.1263296,0.2595124
LearnedNonlinear,Learned + Nonlinear RX,0.05,-0.94868326,-0.94868326,-0.526115,-1.2164769
LearnedNonlinear,Learned + Nonlinear RX,0.05,-0.31622776,0.31622776,-0.40786484,0.15981703
LearnedNonlinear,Learned + Nonlinear RX,0.05,0.94868326,0.94868326,0.5647452,1.1091172
LearnedNonlinear,Learned + Nonlinear RX,0.05,0.94868326,0.94868326,0.81580865,1.1192822
LearnedNonlinear,Learned + Nonlinear RX,0.05,0.94868326,0.31622776,1.064583,0.46551305
LearnedNonlinear,Learned + Nonlinear RX,0.05,0.94868326,0.94868326,0.89413434,1.2124679
LearnedNonlinear,Learned + Nonlinear RX,0.05,-0.94868326,0.31622776,-0.9143184,0.049989127
LearnedNonlinear,Learned + Nonlinear RX,0.05,0.94868326,0.31622776,0.741508,0.6106228
LearnedNonlinear,Learned + Nonlinear RX,0.05,-0.94868326,0.31622776,-1.1480805,0.17712782
LearnedNonlinear,Learned + Nonlinear RX,0.05,-0.94868326,-0.31622776,-0.72536623,-0.4651615
LearnedNonlinear,Learned + Nonlinear RX,0.05,-0.31622776,0.94868326,-0.38403493,0.79847616
LearnedNonlinear,Learned + Nonlinear RX,0.05,-0.31622776,-0.31622776,-0.36758864,-0.39082453
LearnedNonlinear,Learned + Nonlinear RX,0.05,-0.31622776,-0.94868326,-0.18422708,-0.8990796
LearnedNonlinear,Learned + Nonlinear RX,0.05,0.94868326,-0.31622776,1.034703,-0.3491507
LearnedNonlinear,Learned + Nonlinear RX,0.05,0.31622776,-0.31622776,0.33112758,-0.23491861
LearnedNonlinear,Learned + Nonlinear RX,0.05,-0.31622776,-0.94868326,-0.19834642,-0.9595621
LearnedNonlinear,Learned + Nonlinear RX,0.05,-0.94868326,0.94868326,-1.2983189,0.85896915
LearnedNonlinear,Learned + Nonlinear RX,0.05,0.94868326,-0.94868326,0.98997194,-0.7026555
LearnedNonlinear,Learned + Nonlinear RX,0.05,-0.31622776,0.94868326,-0.33234593,0.8579421
LearnedNonlinear,Learned + Nonlinear RX,0.05,-0.94868326,-0.94868326,-0.7910888,-1.1336863
LearnedNonlinear,Learned + Nonlinear RX,0.05,0.94868326,0.94868326,0.90419996,1.0566574
LearnedNonlinear,Learned + Nonlinear RX,0.05,0.31622776,0.94868326,0.22425465,0.8831549
LearnedNonlinear,Learned + Nonlinear RX,0.05,-0.31622776,-0.94868326,-0.16703126,-0.9993408
LearnedNonlinear,Learned + Nonlinear RX,0.05,0.94868326,-0.94868326,0.8487145,-0.91119003
LearnedNonlinear,Learned + Nonlinear RX,0.05,-0.31622776,0.31622776,-0.4512909,0.1255177
LearnedNonlinear,Learned + Nonlinear RX,0.05,0.31622776,0.31622776,0.3633975,0.26021805
LearnedNonlinear,Learned + Nonlinear RX,0.05,0.94868326,-0.31622776,0.87997967,-0.3480447
LearnedNonlinear,Learned + Nonlinear RX,0.05,0.31622776,0.31622776,0.24616322,0.26529056
LearnedNonlinear,Learned + Nonlinear RX,0.05,-0.94868326,0.31622776,-0.9382856,0.28685823
LearnedNonlinear,Learned + Nonlinear RX,0.05,-0.94868326,-0.94868326,-0.8568591,-0.9858339
LearnedNonlinear,Learned + Nonlinear RX,0.05,-0.94868326,-0.94868326,-0.78273165,-1.076304
LearnedNonlinear,Learned + Nonlinear RX,0.05,-0.31622776,0.94868326,-0.3818577,1.0302593
LearnedNonlinear,Learned + Nonlinear RX,0.05,-0.94868326,-0.31622776,-0.8671405,-0.24265248
LearnedNonlinear,Learned + Nonlinear RX,0.05,-0.31622776,0.94868326,-0.17835157,0.7076014
LearnedNonlinear,Learned + Nonlinear RX,0.05,-0.94868326,-0.94868326,-1.0117404,-1.0050595
LearnedNonlinear,Learned + Nonlinear RX,0.05,-0.94868326,-0.31622776,-0.88393277,-0.51925284
LearnedNonlinear,Learned + Nonlinear RX,0.05,0.94868326,-0.94868326,1.1117772,-0.5231729
LearnedNonlinear,Learned + Nonlinear RX,0.05,0.31622776,0.31622776,0.12313574,0.4019497
LearnedNonlinear,Learned + Nonlinear RX,0.05,0.31622776,0.31622776,0.26020795,0.3890131
LearnedNonlinear,Learned + Nonlinear RX,0.05,-0.94868326,-0.94868326,-0.5149421,-1.2277027
LearnedNonlinear,Learned + Nonlinear RX,0.05,-0.94868326,0.94868326,-1.3391296,0.5820416
LearnedNonlinear,Learned + Nonlinear RX,0.05,-0.94868326,0.94868326,-1.292788,0.6922008
LearnedNonlinear,Learned + Nonlinear RX,0.05,0.31622776,0.94868326,0.08973775,0.9086978
LearnedNonlinear,Learned + Nonlinear RX,0.05,0.94868326,-0.94868326,1.2670645,-0.67747986
LearnedNonlinear,Learned + Nonlinear RX,0.05,0.94868326,0.94868326,0.77789086,1.06872
LearnedNonlinear,Learned + Nonlinear RX,0.05,-0.31622776,-0.94868326,-0.011194907,-1.0045555
LearnedNonlinear,Learned + Nonlinear RX,0.05,0.31622776,0.94868326,0.17989098,1.2099277
LearnedNonlinear,Learned + Nonlinear RX,0.05,-0.31622776,0.31622776,-0.3261085,0.21869792
LearnedNonlinear,Learned + Nonlinear RX,0.05,0.31622776,-0.94868326,0.37709224,-0.9029463
LearnedNonlinear,Learned + Nonlinear RX,0.05,-0.94868326,0.31622776,-0.847436,0.14484362
LearnedNonlinear,Learned + Nonlinear RX,0.05,-0.31622776,-0.31622776,-0.20264831,-0.44870013
LearnedNonlinear,Learned + Nonlinear RX,0.05,-0.31622776,-0.31622776,-0.4378419,-0.36458406
LearnedNonlinear,Learned + Nonlinear RX,0.05,0.94868326,0.31622776,0.81973064,0.49429715
LearnedNonlinear,Learned + Nonlinear RX,0.05,0.31622776,0.31622776,0.19697952,0.35853648
LearnedNonlinear,Learned + Nonlinear RX,0.05,-0.94868326,0.31622776,-1.0122658,-0.04265041
LearnedNonlinear,Learned + Nonlinear RX,0.05,0.31622776,0.31622776,0.20013632,0.4158689
LearnedNonlinear,Learned + Nonlinear RX,0.05,-0.94868326,-0.94868326,-0.8242163,-1.1112186
LearnedNonlinear,Learned + Nonlinear RX,0.05,-0.31622776,0.94868326,-0.3638509,0.8713575
LearnedNonlinear,Learned + Nonlinear RX,0.05,-0.94868326,0.94868326,-1.0370754,0.9789479
LearnedNonlinear,Learned + Nonlinear RX,0.05,-0.94868326,-0.31622776,-0.95731324,-0.48148903
LearnedNonlinear,Learned + Nonlinear RX,0.05,0.94868326,-0.94868326,1.0088032,-0.7682274
LearnedNonlinear,Learned + Nonlinear RX,0.05,0.31622776,-0.31622776,0.35013932,-0.43294278
LearnedNonlinear,Learned + Nonlinear RX,0.05,-0.31622776,-0.31622776,-0.40889522,-0.44028264
LearnedNonlinear,Learned + Nonlinear RX,0.05,0.31622776,-0.94868326,0.3966416,-0.83532345
LearnedNonlinear,Learned + Nonlinear RX,0.05,0.94868326,-0.31622776,0.9236655,-0.10757193
LearnedNonlinear,Learned + Nonlinear RX,0.05,-0.94868326,-0.94868326,-0.87577367,-0.9952769
LearnedNonlinear,Learned + Nonlinear RX,0.05,-0.31622776,0.94868326,-0.35131034,0.91551334
LearnedNonlinear,Learned + Nonlinear RX,0.05,0.94868326,-0.94868326,0.86968356,-0.77957886
LearnedNonlinear,Learned + Nonlinear RX,0.05,-0.94868326,0.94868326,-1.0095383,1.0343481
LearnedNonlinear,Learned + Nonlinear RX,0.05,0.31622776,0.94868326,0.30796775,0.9402665
LearnedNonlinear,Learned + Nonlinear RX,0.05,0.94868326,0.31622776,0.795003,0.33722746
LearnedNonlinear,Learned + Nonlinear RX,0.05,0.31622776,0.31622776,0.13156463,0.4371993
LearnedNonlinear,Learned + Nonlinear RX,0.05,0.94868326,0.94868326,0.9483061,1.0076436
LearnedNonlinear,Learned + Nonlinear RX,0.05,0.94868326,-0.31622776,0.9045241,-0.28238598
LearnedNonlinear,Learned + Nonlinear RX,0.05,0.31622776,0.31622776,0.3709189,0.27826294
LearnedNonlinear,Learned + Nonlinear RX,0.05,0.94868326,-0.94868326,0.95916545,-0.8682915
LearnedNonlinear,Learned + Nonlinear RX,0.05,0.31622776,0.31622776,0.33158612,0.19743092
LearnedNonlinear,Learned + Nonlinear RX,0.05,-0.31622776,0.94868326,-0.49686098,0.8631581
LearnedNonlinear,Learned + Nonlinear RX,0.05,-0.94868326,0.94868326,-0.8775752,1.0080125
LearnedNonlinear,Learned + Nonlinear RX,0.05,0.31622776,-0.94868326,0.29232222,-0.9756403
LearnedNonlinear,Learned + Nonlinear RX,0.05,-0.94868326,-0.94868326,-0.47188693,-1.1216748
LearnedNonlinear,Learned + Nonlinear RX,0.05,-0.31622776,0.94868326,-0.5304052,1.011616
LearnedNonlinear,Learned + Nonlinear RX,0.05,0.31622776,0.94868326,0.13135214,1.2758355
LearnedNonlinear,Learned + Nonlinear RX,0.05,-0.31622776,-0.94868326,-0.08960159,-1.0768803
LearnedNonlinear,Learned + Nonlinear RX,0.05,-0.31622776,-0.31622776,-0.19965394,-0.57614785
LearnedNonlinear,Learned + Nonlinear RX,0.05,0.31622776,0.94868326,0.076419726,1.0675788
LearnedNonlinear,Learned + Nonlinear RX,0.05,-0.94868326,0.94868326,-1.0936033,0.5758996
LearnedNonlinear,Learned + Nonlinear RX,0.05,0.31622776,0.94868326,0.15386005,0.85806566
LearnedNonlinear,Learned + Nonlinear RX,0.05,-0.31622776,0.31622776,-0.3395002,0.2809943
LearnedNonlinear,Learned + Nonlinear RX,0.05,-0.94868326,-0.94868326,-0.8373403,-1.085946
LearnedNonlinear,Learned + Nonlinear RX,0.05,0.94868326,0.94868326,0.6732506,1.1323545
LearnedNonlinear,Learned + Nonlinear RX,0.05,-0.94868326,-0.31622776,-0.8014066,-0.41399968
LearnedNonlinear,Learned + Nonlinear RX,0.05,-0.94868326,0.94868326,-1.1280544,0.75511
LearnedNonlinear,Learned + Nonlinear RX,0.05,0.31622776,0.94868326,0.10233005,1.0164217
LearnedNonlinear,Learned + Nonlinear RX,0.05,-0.31622776,-0.31622776,-0.2132758,-0.31441313
LearnedNonlinear,Learned + Nonlinear RX,0.05,0.94868326,0.94868326,0.5848997,1.1651483
LearnedNonlinear,Learned + Nonlinear RX,0.05,0.94868326,0.94868326,0.71547717,1.1758353
LearnedNonlinear,Learned + Nonlinear RX,0.05,-0.94868326,0.94868326,-1.1150763,0.84358275
LearnedNonlinear,Learned + Nonlinear RX,0.05,0.94868326,-0.31622776,1.138234,-0.29063505
LearnedNonlinear,Learned + Nonlinear RX,0.05,0.31622776,-0.94868326,0.49544188,-1.0095531
LearnedNonlinear,Learned + Nonlinear RX,0.05,-0.31622776,0.94868326,-0.45280153,0.82091725
LearnedNonlinear,Learned + Nonlinear RX,0.05,-0.31622776,-0.94868326,-0.023274187,-0.99642795
LearnedNonlinear,Learned + Nonlinear RX,0.05,-0.94868326,-0.31622776,-0.94429845,-0.4734489
LearnedNonlinear,Learned + Nonlinear RX,0.05,-0.31622776,0.31622776,-0.35902715,0.38831475
LearnedNonlinear,Learned + Nonlinear RX,0.05,-0.94868326,0.31622776,-1.1166534,0.0715576
LearnedNonlinear,Learned + Nonlinear RX,0.05,-0.31622776,0.31622776,-0.40044066,0.3000135
LearnedNonlinear,Learned + Nonlinear RX,0.05,-0.31622776,0.94868326,-0.50873744,0.8361186
LearnedNonlinear,Learned + Nonlinear RX,0.05,-0.94868326,-0.94868326,-0.829034,-1.1059165
LearnedNonlinear,Learned + Nonlinear RX,0.05,0.31622776,-0.94868326,0.4255745,-0.8292807
LearnedNonlinear,Learned + Nonlinear RX,0.05,0.31622776,0.94868326,0.22723687,0.9222189
LearnedNonlinear,Learned + Nonlinear RX,0.05,-0.94868326,-0.31622776,-0.96873987,-0.37288344
LearnedNonlinear,Learned + Nonlinear RX,0.05,-0.94868326,0.31622776,-0.8956298,0.21973915
LearnedNonlinear,Learned + Nonlinear RX,0.05,0.94868326,0.31622776,0.9174652,0.3199891
LearnedNonlinear,Learned + Nonlinear RX,0.05,-0.94868326,0.94868326,-1.0695748,0.807588
LearnedNonlinear,Learned + Nonlinear RX,0.05,0.31622776,-0.94868326,0.36641088,-1.0540919
LearnedNonlinear,Learned + Nonlinear RX,0.05,0.94868326,0.31622776,0.84210706,0.40716147
LearnedNonlinear,Learned + Nonlinear RX,0.05,-0.31622776,-0.94868326,-0.30409482,-0.81031305
LearnedNonlinear,Learned + Nonlinear RX,0.05,0.94868326,0.31622776,1.0705923,0.29875523
LearnedNonlinear,Learned + Nonlinear RX,0.05,-0.94868326,0.31622776,-1.0114646,0.31775483
LearnedNonlinear,Learned + Nonlinear RX,0.05,-0.94868326,0.94868326,-0.7636184,0.933733
LearnedNonlinear,Learned + Nonlinear RX,0.05,0.31622776,-0.94868326,0.19483195,-0.87271863
LearnedNonlinear,Learned + Nonlinear RX,0.05,0.31622776,0.31622776,0.32239348,0.39145067
LearnedNonlinear,Learned + Nonlinear RX,0.05,-0.94868326,-0.94868326,-1.0261902,-0.863221
LearnedNonlinear,Learned + Nonlinear RX,0.05,0.31622776,0.31622776,0.39977977,0.2909205
LearnedNonlinear,Learned + Nonlinear RX,0.05,0.31622776,-0.94868326,0.5007655,-1.0333415
LearnedNonlinear,Learned + Nonlinear RX,0.05,-0.94868326,0.31622776,-1.012609,-0.009761081
LearnedNonlinear,Learned + Nonlinear RX,0.05,-0.31622776,-0.31622776,-0.2840278,-0.46208924
LearnedNonlinear,Learned + Nonlinear RX,0.05,0.31622776,-0.94868326,0.4907669,-0.82099676
LearnedNonlinear,Learned + Nonlinear RX,0.05,0.31622776,-0.94868326,0.6055917,-1.0567042
LearnedNonlinear,Learned + Nonlinear RX,0.05,-0.94868326,0.31622776,-1.0804724,-0.05314353
LearnedNonlinear,Learned + Nonlinear RX,0.05,-0.31622776,-0.31622776,-0.18825611,-0.5444537
LearnedNonlinear,Learned + Nonlinear RX,0.05,-0.31622776,0.31622776,-0.39651558,0.42826048
LearnedNonlinear,Learned + Nonlinear RX,0.05,-0.31622776,-0.94868326,-0.21593753,-1.0170971
LearnedNonlinear,Learned + Nonlinear RX,0.05,0.31622776,0.31622776,0.2097333,0.3080083
LearnedNonlinear,Learned + Nonlinear RX,0.05,-0.94868326,-0.31622776,-0.84854144,-0.39216155
LearnedNonlinear,Learned + Nonlinear RX,0.05,-0.31622776,-0.31622776,-0.25003788,-0.25243738
LearnedNonlinear,Learned + Nonlinear RX,0.05,0.31622776,0.31622776,0.24105987,0.2886287
LearnedNonlinear,Learned + Nonlinear RX,0.05,0.31622776,-0.31622776,0.2870909,-0.31895378
LearnedNonlinear,Learned + Nonlinear RX,0.05,-0.94868326,0.94868326,-1.2240642,0.7730633
LearnedNonlinear,Learned + Nonlinear RX,0.05,-0.31622776,-0.94868326,-0.18325447,-0.86907035
LearnedNonlinear,Learned + Nonlinear RX,0.05,-0.94868326,-0.31622776,-0.9378121,-0.49162674
LearnedNonlinear,Learned + Nonlinear RX,0.05,0.94868326,-0.31622776,1.1055573,-0.19707383
LearnedNonlinear,Learned + Nonlinear RX,0.05,0.94868326,-0.31622776,0.9077071,-0.25091928
LearnedNonlinear,Learned + Nonlinear RX,0.05,0.31622776,0.31622776,0.21941869,0.33901182
LearnedNonlinear,Learned + Nonlinear RX,0.05,0.31622776,0.31622776,0.20119219,0.38641095
LearnedNonlinear,Learned + Nonlinear RX,0.05,0.31622776,-0.94868326,0.40183228,-0.7579258
LearnedNonlinear,Learned + Nonlinear RX,0.05,0.94868326,0.94868326,0.78026664,1.2174187
LearnedNonlinear,Learned + Nonlinear RX,0.05,-0.31622776,-0.94868326,-0.23040509,-1.0469073
LearnedNonlinear,Learned + Nonlinear RX,0.05,0.31622776,0.31622776,0.27634606,0.20864083
LearnedNonlinear,Learned + Nonlinear RX,0.05,0.94868326,0.94868326,0.8663196,1.1918476
LearnedNonlinear,Learned + Nonlinear RX,0.05,0.31622776,0.94868326,0.16015925,0.96557045
LearnedNonlinear,Learned + Nonlinear RX,0.05,-0.31622776,0.31622776,-0.383576,0.36610267
LearnedNonlinear,Learned + Nonlinear RX,0.05,0.94868326,0.31622776,0.95510215,0.46843466
LearnedNonlinear,Learned + Nonlinear RX,0.05,0.31622776,-0.31622776,0.22226757,-0.05752289
LearnedNonlinear,Learned + Nonlinear RX,0.05,-0.94868326,0.31622776,-0.9239384,0.23152258
LearnedNonlinear,Learned + Nonlinear RX,0.05,0.94868326,0.94868326,0.84562045,1.0293316
LearnedNonlinear,Learned + Nonlinear RX,0.05,-0.94868326,0.31622776,-1.0474285,0.24714136
LearnedNonlinear,Learned + Nonlinear RX,0.05,0.31622776,-0.31622776,0.29087526,-0.18061118
LearnedNonlinear,Learned + Nonlinear RX,0.05,-0.31622776,0.94868326,-0.44705024,0.8725325
LearnedNonlinear,Learned + Nonlinear RX,0.05,-0.31622776,0.31622776,-0.3700577,0.3944813
LearnedNonlinear,Learned + Nonlinear RX,0.05,-0.31622776,0.94868326,-0.3680348,1.0181023
LearnedNonlinear,Learned + Nonlinear RX,0.05,-0.31622776,-0.31622776,-0.2031401,-0.3479811
LearnedNonlinear,Learned + Nonlinear RX,0.05,0.94868326,0.31622776,0.8582512,0.30053702
LearnedNonlinear,Learned + Nonlinear RX,0.05,-0.31622776,0.31622776,-0.18123445,0.2748849
LearnedNonlinear,Learned + Nonlinear RX,0.05,0.31622776,0.31622776,0.17856286,0.57443154
LearnedNonlinear,Learned + Nonlinear RX,0.05,0.94868326,0.31622776,0.98048925,0.43013787
LearnedNonlinear,Learned + Nonlinear RX,0.05,0.31622776,-0.94868326,0.34676823,-0.96283454
LearnedNonlinear,Learned + Nonlinear RX,0.05,-0.94868326,0.31622776,-1.0530232,0.31781697
LearnedNonlinear,Learned + Nonlinear RX,0.05,0.31622776,-0.31622776,0.33807766,-0.4154406
LearnedNonlinear,Learned + Nonlinear RX,0.05,-0.94868326,0.94868326,-0.88527364,0.89383876
LearnedNonlinear,Learned + Nonlinear RX,0.05,0.94868326,-0.31622776,1.0136715,0.093140185
LearnedNonlinear,Learned + Nonlinear RX,0.05,-0.31622776,0.94868326,-0.57117444,0.94966626
LearnedNonlinear,Learned + Nonlinear RX,0.05,-0.31622776,-0.31622776,-0.32812428,-0.39327198
LearnedNonlinear,Learned + Nonlinear RX,0.05,-0.31622776,0.94868326,-0.53912675,1.0000962
LearnedNonlinear,Learned + Nonlinear RX,0.05,-0.94868326,0.94868326,-1.2341644,0.8637787
LearnedNonlinear,Learned + Nonlinear RX,0.05,-0.31622776,0.31622776,-0.24099012,0.19414037
LearnedNonlinear,Learned + Nonlinear RX,0.05,-0.31622776,0.31622776,-0.45823628,0.1683725
LearnedNonlinear,Learned + Nonlinear RX,0.05,0.31622776,0.94868326,0.13651887,1.0720605
LearnedNonlinear,Learned + Nonlinear RX,0.05,-0.31622776,-0.94868326,-0.117527045,-1.0320185
LearnedNonlinear,Learned + Nonlinear RX,0.05,0.94868326,0.31622776,0.92210776,0.38483757
LearnedNonlinear,Learned + Nonlinear RX,0.05,-0.94868326,-0.31622776,-0.8284746,-0.48065954
LearnedNonlinear,Learned + Nonlinear RX,0.05,0.94868326,-0.31622776,1.0535083,0.033988837
LearnedNonlinear,Learned + Nonlinear RX,0.05,0.94868326,0.94868326,0.80730885,1.1828036
LearnedNonlinear,Learned + Nonlinear RX,0.05,-0.94868326,-0.31622776,-0.8867261,-0.5188248
LearnedNonlinear,Learned + Nonlinear RX,0.05,0.94868326,0.31622776,0.67288727,0.39388785
LearnedNonlinear,Learned + Nonlinear RX,0.05,-0.94868326,-0.94868326,-0.49625805,-1.1940386
LearnedNonlinear,Learned + Nonlinear RX,0.05,0.31622776,-0.94868326,0.41003364,-0.82036394
LearnedNonlinear,Learned + Nonlinear RX,0.05,0.94868326,0.94868326,0.738699,0.98511064
LearnedNonlinear,Learned + Nonlinear RX,0.05,0.94868326,-0.31622776,1.0511943,-0.086562745
LearnedNonlinear,Learned + Nonlinear RX,0.05,-0.31622776,0.31622776,-0.47493148,0.17879666
LearnedNonlinear,Learned + Nonlinear RX,0.05,-0.94868326,-0.31622776,-0.7062282,-0.37280566
LearnedNonlinear,Learned + Nonlinear RX,0.05,-0.94868326,0.31622776,-0.8668425,0.07856013
LearnedNonlinear,Learned + Nonlinear RX,0.05,-0.31622776,0.94868326,-0.466387,0.9259345
LearnedNonlinear,Learned + Nonlinear RX,0.05,-0.94868326,-0.31622776,-0.8586475,-0.4263365
LearnedNonlinear,Learned + Nonlinear RX,0.05,0.31622776,-0.31622776,0.40167823,-0.4410545
LearnedNonlinear,Learned + Nonlinear RX,0.05,0.31622776,-0.31622776,0.37691775,-0.26937333
LearnedNonlinear,Learned + Nonlinear RX,0.05,-0.31622776,0.31622776,-0.38594618,0.31501073
LearnedNonlinear,Learned + Nonlinear RX,0.05,0.94868326,-0.94868326,1.0861076,-0.97953117
LearnedNonlinear,Learned + Nonlinear RX,0.05,0.94868326,-0.94868326,1.2555717,-0.8174045
LearnedNonlinear,Learned + Nonlinear RX,0.05,0.94868326,-0.31622776,1.1029173,-0.14673753
LearnedNonlinear,Learned + Nonlinear RX,0.05,-0.94868326,0.94868326,-1.0862359,0.8552491
LearnedNonlinear,Learned + Nonlinear RX,0.05,0.94868326,-0.31622776,0.8388345,-0.13398314
LearnedNonlinear,Learned + Nonlinear RX,0.05,0.94868326,-0.31622776,0.8560327,-0.31186703
LearnedNonlinear,Learned + Nonlinear RX,0.05,0.94868326,0.94868326,0.8967954,0.9702329
LearnedNonlinear,Learned + Nonlinear RX,0.05,0.31622776,0.31622776,0.123598844,0.38540667
LearnedNonlinear,Learned + Nonlinear RX,0.05,-0.31622776,0.31622776,-0.23005837,0.14022534
LearnedNonlinear,Learned + Nonlinear RX,0.05,-0.31622776,-0.94868326,-0.36282307,-1.0996778
LearnedNonlinear,Learned + Nonlinear RX,0.05,0.31622776,0.31622776,0.22525585,0.15643047
LearnedNonlinear,Learned + Nonlinear RX,0.05,0.94868326,0.31622776,0.9264598,0.27895316
LearnedNonlinear,Learned + Nonlinear RX,0.05,-0.94868326,-0.31622776,-0.96162045,-0.3432616
LearnedNonlinear,Learned + Nonlinear RX,0.05,-0.94868326,-0.94868326,-1.0735153,-1.012632
LearnedNonlinear,Learned + Nonlinear RX,0.05,-0.31622776,0.31622776,-0.3757149,0.36907113
LearnedNonlinear,Learned + Nonlinear RX,0.05,0.31622776,-0.94868326,0.4652596,-1.00796
LearnedNonlinear,Learned + Nonlinear RX,0.05,-0.94868326,-0.31622776,-0.7949222,-0.2163689
LearnedNonlinear,Learned + Nonlinear RX,0.05,0.31622776,-0.94868326,0.30353105,-0.96442926
LearnedNonlinear,Learned + Nonlinear RX,0.05,-0.31622776,-0.31622776,-0.25784832,-0.2767706
LearnedNonlinear,Learned + Nonlinear RX,0.05,-0.94868326,0.31622776,-0.8365837,0.074249476
LearnedNonlinear,Learned + Nonlinear RX,0.05,-0.94868326,0.31622776,-0.9599905,0.0070349136
LearnedNonlinear,Learned + Nonlinear RX,0.05,0.94868326,0.31622776,0.74067926,0.62924755
LearnedNonlinear,Learned + Nonlinear RX,0.05,-0.31622776,0.94868326,-0.57798856,0.7994691
LearnedNonlinear,Learned + Nonlinear RX,0.05,-0.31622776,-0.94868326,-0.005197704,-0.97188985
LearnedNonlinear,Learned + Nonlinear RX,0.05,-0.94868326,-0.31622776,-0.92663145,-0.61269563
LearnedNonlinear,Learned + Nonlinear RX,0.05,0.94868326,-0.94868326,1.1107422,-0.61197084
LearnedNonlinear,Learned + Nonlinear RX,0.05,0.31622776,-0.94868326,0.574809,-0.8110954
LearnedNonlinear,Learned + Nonlinear RX,0.05,-0.94868326,-0.31622776,-0.8860201,-0.53453267
LearnedNonlinear,Learned + Nonlinear RX,0.05,-0.94868326,0.94868326,-0.9976339,0.6039454
LearnedNonlinear,Learned + Nonlinear RX,0.05,0.94868326,0.31622776,0.78365153,0.44580397
LearnedNonlinear,Learned + Nonlinear RX,0.05,-0.31622776,-0.94868326,-0.024039317,-0.86370313
LearnedNonlinear,Learned + Nonlinear RX,0.05,-0.31622776,-0.31622776,-0.2769594,-0.5262082
LearnedNonlinear,Learned + Nonlinear RX,0.05,0.31622776,-0.94868326,0.47504056,-0.8902138
LearnedNonlinear,Learned + Nonlinear RX,0.05,0.94868326,-0.94868326,1.1084536,-0.784341
LearnedNonlinear,Learned + Nonlinear RX,0.05,-0.94868326,0.94868326,-1.0390902,0.7579737
LearnedNonlinear,Learned + Nonlinear RX,0.05,0.31622776,-0.31622776,0.39177305,-0.32684058
LearnedNonlinear,Learned + Nonlinear RX,0.05,-0.31622776,-0.94868326,-0.23622987,-0.8712276
LearnedNonlinear,Learned + Nonlinear RX,0.05,-0.31622776,-0.94868326,0.07421283,-0.9912253
LearnedNonlinear,Learned + Nonlinear RX,0.05,-0.94868326,-0.94868326,-0.74978846,-1.1241472
LearnedNonlinear,Learned + Nonlinear RX,0.05,0.31622776,-0.31622776,0.114386514,-0.26391628
LearnedNonlinear,Learned + Nonlinear RX,0.05,-0.31622776,0.31622776,-0.34791878,0.32079086
LearnedNonlinear,Learned + Nonlinear RX,0.05,-0.31622776,-0.31622776,-0.063075714,-0.3375231
LearnedNonlinear,Learned + Nonlinear RX,0.05,0.94868326,0.94868326,0.6773146,1.0290916
LearnedNonlinear,Learned + Nonlinear RX,0.05,-0.31622776,0.94868326,-0.2623605,0.9633126
LearnedNonlinear,Learned + Nonlinear RX,0.05,-0.31622776,0.31622776,-0.35420242,0.2966375
LearnedNonlinear,Learned + Nonlinear RX,0.05,-0.94868326,0.94868326,-1.0170866,0.8453481
LearnedNonlinear,Learned + Nonlinear RX,0.05,0.31622776,-0.94868326,0.45519382,-0.90210676
LearnedNonlinear,Learned + Nonlinear RX,0.05,-0.94868326,0.94868326,-0.92831266,0.93474054
LearnedNonlinear,Learned + Nonlinear RX,0.05,-0.31622776,-0.31622776,-0.27025348,-0.39816645
LearnedNonlinear,Learned + Nonlinear RX,0.05,-0.94868326,-0.31622776,-0.96304375,-0.17505613
LearnedNonlinear,Learned + Nonlinear RX,0.05,0.31622776,-0.94868326,0.468219,-0.9602966
LearnedNonlinear,Learned + Nonlinear RX,0.05,-0.31622776,0.31622776,-0.2878848,0.3269258
LearnedNonlinear,Learned + Nonlinear RX,0.05,0.94868326,-0.94868326,0.81741065,-0.6962301
LearnedNonlinear,Learned + Nonlinear RX,0.05,-0.31622776,0.31622776,-0.33712637,0.27771434
LearnedNonlinear,Learned + Nonlinear RX,0.05,0.31622776,0.94868326,0.41405362,1.0198338
LearnedNonlinear,Learned + Nonlinear RX,0.05,0.31622776,0.31622776,0.24581891,0.10291709
LearnedNonlinear,Learned + Nonlinear RX,0.05,-0.94868326,0.31622776,-0.8753391,0.2479738
LearnedNonlinear,Learned + Nonlinear RX,0.05,-0.31622776,-0.94868326,-0.08965283,-0.9552577
LearnedNonlinear,Learned + Nonlinear RX,0.05,-0.31622776,0.94868326,-0.2549932,0.8990374
LearnedNonlinear,Learned + Nonlinear RX,0.05,-0.31622776,0.31622776,-0.46091345,0.34786516
LearnedNonlinear,Learned + Nonlinear RX,0.05,-0.31622776,0.94868326,-0.3007499,0.9111555
LearnedNonlinear,Learned + Nonlinear RX,0.05,0.94868326,-0.31622776,0.7240102,-0.36297113
LearnedNonlinear,Learned + Nonlinear RX,0.05,0.94868326,-0.31622776,0.9319808,-0.24203543
LearnedNonlinear,Learned + Nonlinear RX,0.05,-0.94868326,-0.94868326,-0.7976954,-1.3752086
LearnedNonlinear,Learned + Nonlinear RX,0.05,-0.31622776,0.31622776,-0.40128756,0.24719316
LearnedNonlinear,Learned + Nonlinear RX,0.05,-0.31622776,-0.31622776,-0.39426765,-0.3973808
LearnedNonlinear,Learned + Nonlinear RX,0.05,-0.31622776,0.31622776,-0.3356339,0.2806019
LearnedNonlinear,Learned + Nonlinear RX,0.05,-0.31622776,0.31622776,-0.41823524,0.117714316
LearnedNonlinear,Learned + Nonlinear RX,0.05,-0.31622776,0.31622776,-0.48630288,0.13076608
LearnedNonlinear,Learned + Nonlinear RX,0.05,0.31622776,-0.94868326,0.38379103,-0.7497243
LearnedNonlinear,Learned + Nonlinear RX,0.05,0.94868326,0.94868326,0.5385463,1.158352
LearnedNonlinear,Learned + Nonlinear RX,0.05,-0.31622776,-0.94868326,-0.14368474,-0.9638977
LearnedNonlinear,Learned + Nonlinear RX,0.05,-0.31622776,0.31622776,-0.27857432,-0.15425737
LearnedNonlinear,Learned + Nonlinear RX,0.05,0.31622776,-0.94868326,0.55111545,-0.70498013
LearnedNonlinear,Learned + Nonlinear RX,0.05,0.31622776,-0.31622776,0.3929891,-0.08760937
LearnedNonlinear,Learned + Nonlinear RX,0.05,-0.31622776,0.94868326,-0.48305732,0.6642053
LearnedNonlinear,Learned + Nonlinear RX,0.05,-0.31622776,-0.31622776,-0.15131512,-0.3910356
LearnedNonlinear,Learned + Nonlinear RX,0.05,0.94868326,0.94868326,0.65937275,1.0245018
LearnedNonlinear,Learned + Nonlinear RX,0.05,-0.31622776,0.94868326,-0.45288852,0.7790535
LearnedNonlinear,Learned + Nonlinear RX,0.05,-0.31622776,-0.94868326,0.18257537,-0.9357953
LearnedNonlinear,Learned + Nonlinear RX,0.05,0.94868326,-0.94868326,1.1515802,-0.7839651
LearnedNonlinear,Learned + Nonlinear RX,0.05,-0.31622776,0.94868326,-0.511651,0.85247684
LearnedNonlinear,Learned + Nonlinear RX,0.05,0.31622776,0.31622776,0.04795158,0.43379354
LearnedNonlinear,Learned + Nonlinear RX,0.05,-0.31622776,-0.94868326,-0.19477735,-1.0645496
LearnedNonlinear,Learned + Nonlinear RX,0.05,0.31622776,0.94868326,0.1971008,0.8837445
LearnedNonlinear,Learned + Nonlinear RX,0.05,0.31622776,0.31622776,0.19195904,0.5798912
LearnedNonlinear,Learned + Nonlinear RX,0.05,-0.31622776,0.94868326,-0.53619486,0.8540465
LearnedNonlinear,Learned + Nonlinear RX,0.05,-0.94868326,0.94868326,-1.1442536,0.80628175
LearnedNonlinear,Learned + Nonlinear RX,0.05,0.94868326,-0.31622776,0.9749261,-0.16462125
LearnedNonlinear,Learned + Nonlinear RX,0.05,-0.94868326,-0.94868326,-0.79796875,-1.0073873
LearnedNonlinear,Learned + Nonlinear RX,0.05,0.94868326,0.31622776,0.8723608,0.37815213
LearnedNonlinear,Learned + Nonlinear RX,0.05,0.94868326,0.31622776,0.7336844,0.37010056
LearnedNonlinear,Learned + Nonlinear RX,0.05,0.31622776,0.31622776,0.35712206,0.30315873
LearnedNonlinear,Learned + Nonlinear RX,0.05,0.31622776,0.94868326,0.20850073,0.9981387
LearnedNonlinear,Learned + Nonlinear RX,0.05,-0.31622776,0.31622776,-0.46821412,0.27642652
LearnedNonlinear,Learned + Nonlinear RX,0.05,-0.94868326,-0.94868326,-0.72315663,-1.1506444
LearnedNonlinear,Learned + Nonlinear RX,0.05,0.94868326,-0.94868326,1.1613939,-0.7288981
LearnedNonlinear,Learned + Nonlinear RX,0.05,0.94868326,0.94868326,0.67641157,0.89878654
LearnedNonlinear,Learned + Nonlinear RX,0.05,-0.31622776,-0.94868326,-0.24420936,-0.9880626
LearnedNonlinear,Learned + Nonlinear RX,0.05,-0.31622776,0.31622776,-0.35396877,0.31121817
LearnedNonlinear,Learned + Nonlinear RX,0.05,0.31622776,0.31622776,0.16139124,0.34919217
LearnedNonlinear,Learned + Nonlinear RX,0.05,0.94868326,-0.94868326,0.96046066,-1.0175178
LearnedNonlinear,Learned + Nonlinear RX,0.05,0.94868326,0.94868326,0.98021364,0.97308695
LearnedNonlinear,Learned + Nonlinear RX,0.05,0.31622776,0.94868326,0.31072336,0.9224738
LearnedNonlinear,Learned + Nonlinear RX,0.05,0.94868326,0.94868326,0.91110325,1.0046006
LearnedNonlinear,Learned + Nonlinear RX,0.05,0.94868326,0.94868326,0.816488,0.96042246
LearnedNonlinear,Learned + Nonlinear RX,0.05,0.94868326,-0.94868326,0.9307629,-0.98104656
LearnedNonlinear,Learned + Nonlinear RX,0.05,-0.31622776,0.31622776,-0.4755024,0.036644775
LearnedNonlinear,Learned + Nonlinear RX,0.05,0.31622776,-0.31622776,0.46555603,-0.0050495653
LearnedNonlinear,Learned + Nonlinear RX,0.05,-0.94868326,0.31622776,-0.98911554,0.013518281
LearnedNonlinear,Learned + Nonlinear RX,0.05,-0.31622776,-0.31622776,-0.3234386,-0.39646432
LearnedNonlinear,Learned + Nonlinear RX,0.05,-0.31622776,-0.94868326,-0.0058303853,-1.0973105
LearnedNonlinear,Learned + Nonlinear RX,0.05,0.94868326,-0.94868326,1.3344592,-0.6154976
LearnedNonlinear,Learned + Nonlinear RX,0.05,-0.31622776,-0.31622776,-0.26621327,-0.4157166
LearnedNonlinear,Learned + Nonlinear RX,0.05,0.31622776,-0.31622776,0.28469363,-0.3469484
LearnedNonlinear,Learned + Nonlinear RX,0.05,0.31622776,-0.94868326,0.690434,-0.68841594
LearnedNonlinear,Learned + Nonlinear RX,0.05,0.31622776,-0.31622776,0.3342057,-0.25135973
LearnedNonlinear,Learned + Nonlinear RX,0.05,0.31622776,0.94868326,0.011609156,0.9667623
LearnedNonlinear,Learned + Nonlinear RX,0.05,0.94868326,0.94868326,0.80605096,1.0924928
LearnedNonlinear,Learned + Nonlinear RX,0.05,-0.31622776,0.94868326,-0.566781,0.82582814
LearnedNonlinear,Learned + Nonlinear RX,0.05,-0.31622776,0.31622776,-0.33422685,0.046250563
LearnedNonlinear,Learned + Nonlinear RX,0.05,-0.31622776,-0.31622776,-0.22658336,-0.41203833
LearnedNonlinear,Learned + Nonlinear RX,0.05,0.94868326,-0.94868326,1.072804,-0.50959307
LearnedNonlinear,Learned + Nonlinear RX,0.05,0.94868326,0.94868326,0.56493175,1.0986812
LearnedNonlinear,Learned + Nonlinear RX,0.05,-0.31622776,0.31622776,-0.5240102,0.1591347
LearnedNonlinear,Learned + Nonlinear RX,0.05,0.31622776,-0.94868326,0.5228473,-0.8804661
LearnedNonlinear,Learned + Nonlinear RX,0.05,0.31622776,-0.31622776,0.39196816,-0.21953735
LearnedNonlinear,Learned + Nonlinear RX,0.05,-0.31622776,0.94868326,-0.3372303,0.87785727
LearnedNonlinear,Learned + Nonlinear RX,0.05,0.31622776,-0.31622776,0.24454251,-0.36109942
LearnedNonlinear,Learned + Nonlinear RX,0.05,-0.94868326,-0.94868326,-0.7563623,-1.0718658
LearnedNonlinear,Learned + Nonlinear RX,0.05,-0.94868326,-0.94868326,-0.84401774,-0.9460934
LearnedNonlinear,Learned + Nonlinear RX,0.05,-0.31622776,-0.94868326,-0.19170041,-0.96744794
LearnedNonlinear,Learned + Nonlinear RX,0.05,-0.94868326,-0.31622776,-0.88137406,-0.44127175
LearnedNonlinear,Learned + Nonlinear RX,0.05,-0.94868326,-0.31622776,-0.7208104,-0.41769066
LearnedNonlinear,Learned + Nonlinear RX,0.05,-0.31622776,-0.94868326,-0.15826437,-1.0405332
LearnedNonlinear,Learned + Nonlinear RX,0.05,0.31622776,0.31622776,0.2807265,0.32928044
LearnedNonlinear,Learned + Nonlinear RX,0.05,0.31622776,-0.94868326,0.46516892,-1.0540063
LearnedNonlinear,Learned + Nonlinear RX,0.05,0.31622776,-0.31622776,0.28956264,-0.13749817
LearnedNonlinear,Learned + Nonlinear RX,0.05,-0.31622776,0.31622776,-0.2804678,0.24628726
LearnedNonlinear,Learned + Nonlinear RX,0.05,0.31622776,0.31622776,0.27310982,0.46532544
LearnedNonlinear,Learned + Nonlinear RX,0.05,-0.31622776,0.31622776,-0.55576074,0.40535343
LearnedNonlinear,Learned + Nonlinear RX,0.05,0.94868326,-0.31622776,1.1027085,-0.3760448
LearnedNonlinear,Learned + Nonlinear RX,0.05,-0.31622776,-0.94868326,-0.22518212,-0.90325487
LearnedNonlinear,Learned + Nonlinear RX,0.05,0.31622776,-0.94868326,0.19250089,-1.0244632
LearnedNonlinear,Learned + Nonlinear RX,0.05,-0.94868326,-0.31622776,-0.9845885,-0.37711585
LearnedNonlinear,Learned + Nonlinear RX,0.05,0.31622776,0.31622776,0.2861824,0.39900997
LearnedNonlinear,Learned + Nonlinear RX,0.05,0.31622776,0.31622776,0.22283484,0.2982421
LearnedNonlinear,Learned + Nonlinear RX,0.05,0.94868326,0.31622776,1.0230371,0.34618223
LearnedNonlinear,Learned + Nonlinear RX,0.05,-0.31622776,0.94868326,-0.27445492,1.0181334
LearnedNonlinear,Learned + Nonlinear RX,0.05,-0.31622776,-0.94868326,-0.1998205,-0.86330867
LearnedNonlinear,Learned + Nonlinear RX,0.05,-0.31622776,-0.31622776,-0.21682166,-0.27225637
LearnedNonlinear,Learned + Nonlinear RX,0.05,0.94868326,-0.31622776,0.8763953,-0.36608464
LearnedNonlinear,Learned + Nonlinear RX,0.05,0.94868326,0.31622776,0.7765102,0.38760057
LearnedNonlinear,Learned + Nonlinear RX,0.05,0.94868326,0.31622776,0.71657735,0.4729846
LearnedNonlinear,Learned + Nonlinear RX,0.05,-0.94868326,0.31622776,-1.0693214,-0.07187236
LearnedNonlinear,Learned + Nonlinear RX,0.05,0.31622776,0.31622776,0.11438102,0.42254338
LearnedNonlinear,Learned + Nonlinear RX,0.05,0.94868326,0.31622776,0.7491156,0.56350154
LearnedNonlinear,Learned + Nonlinear RX,0.05,-0.31622776,0.31622776,-0.3902974,0.18673825
LearnedNonlinear,Learned + Nonlinear RX,0.05,0.94868326,0.94868326,0.6367413,1.187239
LearnedNonlinear,Learned + Nonlinear RX,0.05,0.31622776,0.94868326,0.029795231,0.9788561
LearnedNonlinear,Learned + Nonlinear RX,0.05,0.31622776,-0.31622776,0.421585,-0.25303292
LearnedNonlinear,Learned + Nonlinear RX,0.05,0.94868326,-0.31622776,1.0261685,-0.09104523
LearnedNonlinear,Learned + Nonlinear RX,0.05,0.94868326,0.31622776,0.79151607,0.6633643
LearnedNonlinear,Learned + Nonlinear RX,0.05,0.31622776,0.31622776,0.34219655,0.2716838
LearnedNonlinear,Learned + Nonlinear RX,0.05,0.94868326,0.31622776,0.79182386,0.4803952
LearnedNonlinear,Learned + Nonlinear RX,0.05,0.94868326,-0.31622776,1.0760437,-0.031029155
LearnedNonlinear,Learned + Nonlinear RX,0.05,0.94868326,0.31622776,0.63931197,0.47610477
LearnedNonlinear,Learned + Nonlinear RX,0.05,0.94868326,0.31622776,0.85999775,0.3827237
LearnedNonlinear,Learned + Nonlinear RX,0.05,-0.94868326,-0.94868326,-0.69770753,-1.145062
LearnedNonlinear,Learned + Nonlinear RX,0.05,0.94868326,0.94868326,0.7779947,1.0781726
LearnedNonlinear,Learned + Nonlinear RX,0.05,0.94868326,0.94868326,0.78969496,1.0643375
LearnedNonlinear,Learned + Nonlinear RX,0.05,-0.31622776,0.94868326,-0.46874216,0.94453496
LearnedNonlinear,Learned + Nonlinear RX,0.05,0.31622776,-0.94868326,0.4122427,-0.9587692
LearnedNonlinear,Learned + Nonlinear RX,0.05,-0.31622776,-0.94868326,-0.16748849,-1.0300548
LearnedNonlinear,Learned + Nonlinear RX,0.05,-0.94868326,0.31622776,-0.940795,0.036809333
LearnedNonlinear,Learned + Nonlinear RX,0.05,-0.94868326,0.94868326,-1.1028948,0.81070393
LearnedNonlinear,Learned + Nonlinear RX,0.05,0.31622776,0.31622776,0.2651622,0.4241214
LearnedNonlinear,Learned + Nonlinear RX,0.05,-0.94868326,0.94868326,-0.9260329,0.73445493
LearnedNonlinear,Learned + Nonlinear RX,0.05,0.94868326,-0.94868326,1.114418,-0.8511994
LearnedNonlinear,Learned + Nonlinear RX,0.05,0.94868326,0.94868326,0.7702407,1.1075617
LearnedNonlinear,Learned + Nonlinear RX,0.05,0.94868326,0.94868326,0.8840327,1.1655804
LearnedNonlinear,Learned + Nonlinear RX,0.05,-0.94868326,0.94868326,-0.9124546,0.7631423
LearnedNonlinear,Learned + Nonlinear RX,0.05,0.94868326,0.94868326,0.7663427,1.101927
LearnedNonlinear,Learned + Nonlinear RX,0.05,0.94868326,0.31622776,0.94961154,0.4371002
LearnedNonlinear,Learned + Nonlinear RX,0.05,-0.94868326,-0.94868326,-1.0299778,-0.99424094
LearnedNonlinear,Learned + Nonlinear RX,0.05,0.94868326,-0.94868326,1.0014529,-0.78314346
LearnedNonlinear,Learned + Nonlinear RX,0.05,-0.94868326,0.31622776,-0.9294622,0.2223562
LearnedNonlinear,Learned + Nonlinear RX,0.05,0.94868326,0.31622776,0.9301917,0.34432676
LearnedNonlinear,Learned + Nonlinear RX,0.05,0.31622776,-0.94868326,0.33041352,-0.9169231
LearnedNonlinear,Learned + Nonlinear RX,0.05,0.31622776,-0.94868326,0.41709185,-0.9098205
LearnedNonlinear,Learned + Nonlinear RX,0.05,-0.94868326,0.94868326,-0.82782626,0.9956524
LearnedNonlinear,Learned + Nonlinear RX,0.05,0.31622776,0.94868326,0.35794413,1.0878737
LearnedNonlinear,Learned + Nonlinear RX,0.05,0.31622776,-0.31622776,0.4731505,-0.32552966
LearnedNonlinear,Learned + Nonlinear RX,0.05,-0.31622776,-0.94868326,-0.42944637,-0.9526848
LearnedNonlinear,Learned + Nonlinear RX,0.05,0.94868326,-0.94868326,1.1985906,-0.974561
LearnedNonlinear,Learned + Nonlinear RX,0.05,0.31622776,-0.31622776,0.2450677,-0.26422662
LearnedNonlinear,Learned + Nonlinear RX,0.05,-0.94868326,0.94868326,-1.1196152,0.83098596
LearnedNonlinear,Learned + Nonlinear RX,0.05,0.94868326,-0.31622776,0.9538391,-0.46922994
LearnedNonlinear,Learned + Nonlinear RX,0.05,-0.94868326,0.94868326,-1.1930687,0.7614617
LearnedNonlinear,Learned + Nonlinear RX,0.05,-0.31622776,-0.94868326,-0.080059186,-1.0886319
LearnedNonlinear,Learned + Nonlinear RX,0.05,0.94868326,-0.94868326,1.2230278,-0.7000526
LearnedNonlinear,Learned + Nonlinear RX,0.05,0.94868326,-0.31622776,0.9624621,0.12031966
LearnedNonlinear,Learned + Nonlinear RX,0.05,-0.31622776,-0.31622776,-0.29836747,-0.32310048
LearnedNonlinear,Learned + Nonlinear RX,0.05,-0.31622776,0.94868326,-0.45585677,0.75293654
LearnedNonlinear,Learned + Nonlinear RX,0.05,-0.31622776,-0.31622776,-0.3192279,-0.30714312
LearnedNonlinear,Learned + Nonlinear RX,0.05,0.94868326,-0.31622776,1.0840445,-0.16845348
LearnedNonlinear,Learned + Nonlinear RX,0.05,0.94868326,-0.94868326,1.1784754,-0.6834102
LearnedNonlinear,Learned + Nonlinear RX,0.05,0.31622776,-0.31622776,0.32615224,-0.25659046
LearnedNonlinear,Learned + Nonlinear RX,0.05,-0.31622776,-0.31622776,-0.23301308,-0.40811944
LearnedNonlinear,Learned + Nonlinear RX,0.05,0.31622776,-0.94868326,0.56208366,-0.9094044
LearnedNonlinear,Learned + Nonlinear RX,0.05,-0.31622776,0.94868326,-0.48912272,1.001849
LearnedNonlinear,Learned + Nonlinear RX,0.05,0.31622776,0.31622776,0.31035224,0.27671477
LearnedNonlinear,Learned + Nonlinear RX,0.05,-0.31622776,-0.94868326,-0.08630963,-0.9991836
LearnedNonlinear,Learned + Nonlinear RX,0.05,0.31622776,0.94868326,0.03415627,1.1014249
LearnedNonlinear,Learned + Nonlinear RX,0.05,0.31622776,0.31622776,0.19910248,0.30542862
LearnedNonlinear,Learned + Nonlinear RX,0.05,-0.94868326,-0.31622776,-0.75393593,-0.55164695
LearnedNonlinear,Learned + Nonlinear RX,0.05,-0.31622776,-0.31622776,-0.331054,-0.43650448
LearnedNonlinear,Learned + Nonlinear RX,0.05,-0.31622776,-0.31622776,-0.21001323,-0.5485182
LearnedNonlinear,Learned + Nonlinear RX,0.05,-0.94868326,0.31622776,-0.94729,0.21131395
LearnedNonlinear,Learned + Nonlinear RX,0.05,-0.31622776,0.31622776,-0.2613402,0.37370232
LearnedNonlinear,Learned + Nonlinear RX,0.05,0.31622776,0.31622776,0.4629497,0.43951428
LearnedNonlinear,Learned + Nonlinear RX,0.05,0.94868326,-0.94868326,0.99516773,-0.75474375
LearnedNonlinear,Learned + Nonlinear RX,0.05,0.31622776,-0.31622776,0.61637855,-0.352956
LearnedNonlinear,Learned + Nonlinear RX,0.05,0.94868326,-0.94868326,1.0346997,-0.84495485
LearnedNonlinear,Learned + Nonlinear RX,0.05,0.31622776,0.31622776,0.21444114,0.34394878
LearnedNonlinear,Learned + Nonlinear RX,0.05,0.94868326,-0.94868326,1.22766,-0.93053013
LearnedNonlinear,Learned + Nonlinear RX,0.05,0.31622776,0.94868326,0.21808398,1.1081837
LearnedNonlinear,Learned + Nonlinear RX,0.05,0.31622776,0.94868326,0.13959503,1.0395021
LearnedNonlinear,Learned + Nonlinear RX,0.05,0.31622776,-0.94868326,0.3587217,-0.92022973
LearnedNonlinear,Learned + Nonlinear RX,0.05,0.31622776,-0.31622776,0.28535885,-0.33861932
LearnedNonlinear,Learned + Nonlinear RX,0.05,0.31622776,-0.31622776,0.26568136,-0.37331873
LearnedNonlinear,Learned + Nonlinear RX,0.05,0.31622776,-0.94868326,0.39172912,-0.8833028
LearnedNonlinear,Learned + Nonlinear RX,0.05,0.94868326,0.31622776,1.0160142,0.36863938
LearnedNonlinear,Learned + Nonlinear RX,0.05,-0.94868326,-0.94868326,-0.9685074,-1.0196863
LearnedNonlinear,Learned + Nonlinear RX,0.05,0.31622776,-0.94868326,0.29744473,-0.81773347
LearnedNonlinear,Learned + Nonlinear RX,0.05,0.31622776,0.31622776,0.44366837,0.2996718
LearnedNonlinear,Learned + Nonlinear RX,0.05,-0.94868326,0.31622776,-0.8016366,0.15876828
LearnedNonlinear,Learned + Nonlinear RX,0.05,0.94868326,-0.94868326,1.1393404,-0.752554
LearnedNonlinear,Learned + Nonlinear RX,0.05,0.94868326,-0.31622776,0.95199925,-0.12148433
LearnedNonlinear,Learned + Nonlinear RX,0.05,-0.31622776,-0.94868326,-0.2283168,-0.8711504
LearnedNonlinear,Learned + Nonlinear RX,0.05,0.31622776,0.31622776,0.24166474,0.30296132
LearnedNonlinear,Learned + Nonlinear RX,0.05,0.94868326,-0.31622776,0.7833466,-0.203745
LearnedNonlinear,Learned + Nonlinear RX,0.05,0.31622776,-0.94868326,0.43236837,-0.83432275
LearnedNonlinear,Learned + Nonlinear RX,0.05,0.31622776,-0.31622776,0.40283692,-0.19560093
LearnedNonlinear,Learned + Nonlinear RX,0.05,-0.94868326,-0.94868326,-0.6923755,-1.2023586
LearnedNonlinear,Learned + Nonlinear RX,0.05,-0.31622776,0.31622776,-0.5694265,0.20756407
LearnedNonlinear,Learned + Nonlinear RX,0.05,0.94868326,0.31622776,0.87930036,0.668667
LearnedNonlinear,Learned + Nonlinear RX,0.05,-0.31622776,0.94868326,-0.54140973,0.88901216
LearnedNonlinear,Learned + Nonlinear RX,0.05,0.31622776,0.94868326,-0.026964419,0.922568
LearnedNonlinear,Learned + Nonlinear RX,0.05,0.31622776,-0.94868326,0.55207056,-0.8644758
LearnedNonlinear,Learned + Nonlinear RX,0.05,0.31622776,-0.94868326,0.5494992,-0.78212565
LearnedNonlinear,Learned + Nonlinear RX,0.05,0.94868326,0.94868326,0.6295663,1.1044304
LearnedNonlinear,Learned + Nonlinear RX,0.05,0.31622776,-0.94868326,0.40106973,-0.84521556
LearnedNonlinear,Learned + Nonlinear RX,0.05,-0.31622776,0.94868326,-0.522428,0.83715683
LearnedNonlinear,Learned + Nonlinear RX,0.05,0.31622776,0.31622776,0.33415398,0.32235703
LearnedNonlinear,Learned + Nonlinear RX,0.05,0.94868326,0.31622776,0.7148037,0.5464434
LearnedNonlinear,Learned + Nonlinear RX,0.05,-0.31622776,0.94868326,-0.4934885,0.9091152
LearnedNonlinear,Learned + Nonlinear RX,0.05,0.31622776,-0.94868326,0.5255229,-0.774944
LearnedNonlinear,Learned + Nonlinear RX,0.05,-0.94868326,0.31622776,-0.9659449,0.17562537
LearnedNonlinear,Learned + Nonlinear RX,0.05,-0.31622776,0.94868326,-0.46311527,0.9220125
LearnedNonlinear,Learned + Nonlinear RX,0.05,-0.94868326,0.31622776,-0.9341125,0.15737171
LearnedNonlinear,Learned + Nonlinear RX,0.05,-0.94868326,-0.94868326,-0.8875903,-1.0818741
LearnedNonlinear,Learned + Nonlinear RX,0.05,-0.31622776,-0.31622776,-0.3016321,-0.4001872
LearnedNonlinear,Learned + Nonlinear RX,0.05,-0.31622776,-0.31622776,-0.26326624,-0.2568628
LearnedNonlinear,Learned + Nonlinear RX,0.05,0.94868326,-0.31622776,1.0490818,-0.099092595
LearnedNonlinear,Learned + Nonlinear RX,0.05,-0.31622776,-0.31622776,-0.33765763,-0.53739136
LearnedNonlinear,Learned + Nonlinear RX,0.05,-0.31622776,-0.94868326,-0.08232343,-0.9146697
LearnedNonlinear,Learned + Nonlinear RX,0.05,-0.94868326,0.31622776,-0.84943527,0.06190661
LearnedNonlinear,Learned + Nonlinear RX,0.05,-0.31622776,-0.31622776,-0.30576542,-0.16488956
LearnedNonlinear,Learned + Nonlinear RX,0.05,-0.31622776,-0.94868326,-0.010037646,-1.0644016
LearnedNonlinear,Learned + Nonlinear RX,0.05,-0.94868326,-0.31622776,-0.92286146,-0.48067737
LearnedNonlinear,Learned + Nonlinear RX,0.05,-0.94868326,0.94868326,-1.0543975,0.71733534
LearnedNonlinear,Learned + Nonlinear RX,0.05,0.94868326,-0.94868326,1.1479359,-1.0038495
LearnedNonlinear,Learned + Nonlinear RX,0.05,0.94868326,-0.31622776,0.96356416,-0.3473015
LearnedNonlinear,Learned + Nonlinear RX,0.05,0.94868326,0.94868326,0.92033976,1.0714865
LearnedNonlinear,Learned + Nonlinear RX,0.05,0.31622776,0.94868326,0.3525432,0.95369345
LearnedNonlinear,Learned + Nonlinear RX,0.05,-0.31622776,-0.31622776,-0.30951178,-0.2825173
LearnedNonlinear,Learned + Nonlinear RX,0.05,-0.94868326,-0.31622776,-0.86345625,-0.40262622
LearnedNonlinear,Learned + Nonlinear RX,0.05,-0.31622776,-0.94868326,-0.24086168,-0.78800964
LearnedNonlinear,Learned + Nonlinear RX,0.05,0.31622776,0.94868326,0.3008131,0.9590158
LearnedNonlinear,Learned + Nonlinear RX,0.05,-0.31622776,0.31622776,-0.4518277,0.048805624
LearnedNonlinear,Learned + Nonlinear RX,0.05,-0.31622776,0.31622776,-0.3419884,0.18838602
LearnedNonlinear,Learned + Nonlinear RX,0.05,-0.94868326,0.94868326,-1.1038345,0.8926092
LearnedNonlinear,Learned + Nonlinear RX,0.05,-0.31622776,-0.94868326,-0.25109568,-1.0422251
LearnedNonlinear,Learned + Nonlinear RX,0.05,0.94868326,0.31622776,0.91938794,0.30210847
LearnedNonlinear,Learned + Nonlinear RX,0.05,-0.31622776,0.31622776,-0.3522445,0.3446616
LearnedNonlinear,Learned + Nonlinear RX,0.05,-0.94868326,-0.94868326,-0.7407033,-0.9893114
LearnedNonlinear,Learned + Nonlinear RX,0.05,0.94868326,-0.94868326,0.925061,-0.93698883
LearnedNonlinear,Learned + Nonlinear RX,0.05,0.31622776,-0.31622776,0.45010355,-0.12375299
LearnedNonlinear,Learned + Nonlinear RX,0.05,0.94868326,0.94868326,0.39567778,1.1126596
LearnedNonlinear,Learned + Nonlinear RX,0.05,-0.94868326,0.94868326,-1.1152334,0.6335909
LearnedNonlinear,Learned + Nonlinear RX,0.05,-0.31622776,0.94868326,-0.57562983,0.89893055
LearnedNonlinear,Learned + Nonlinear RX,0.05,-0.94868326,-0.94868326,-0.6431789,-1.207699
LearnedNonlinear,Learned + Nonlinear RX,0.05,-0.31622776,-0.31622776,-0.24017613,-0.5126407
LearnedNonlinear,Learned + Nonlinear RX,0.05,0.31622776,0.94868326,0.18341736,0.9193578
LearnedNonlinear,Learned + Nonlinear RX,0.05,-0.94868326,0.94868326,-1.2122382,0.6142757
LearnedNonlinear,Learned + Nonlinear RX,0.05,-0.31622776,0.94868326,-0.5787312,0.87902874
LearnedNonlinear,Learned + Nonlinear RX,0.05,-0.31622776,-0.31622776,-0.08287631,-0.32295075
LearnedNonlinear,Learned + Nonlinear RX,0.05,-0.31622776,-0.31622776,-0.2817683,-0.42420784
LearnedNonlinear,Learned + Nonlinear RX,0.05,0.31622776,-0.94868326,0.38837618,-1.0741909
LearnedNonlinear,Learned + Nonlinear RX,0.05,0.94868326,-0.94868326,1.0599862,-0.70130146
LearnedNonlinear,Learned + Nonlinear RX,0.05,0.31622776,0.31622776,0.23522583,0.35512945
LearnedNonlinear,Learned + Nonlinear RX,0.05,-0.94868326,-0.94868326,-0.66779363,-1.093066
LearnedNonlinear,Learned + Nonlinear RX,0.05,0.31622776,0.31622776,0.16285704,0.26253176
LearnedNonlinear,Learned + Nonlinear RX,0.05,-0.94868326,0.94868326,-1.1435158,0.8683863
LearnedNonlinear,Learned + Nonlinear RX,0.05,-0.31622776,-0.94868326,-0.17749605,-0.8930137
LearnedNonlinear,Learned + Nonlinear RX,0.05,0.31622776,0.31622776,0.2673813,0.28056908
LearnedNonlinear,Learned + Nonlinear RX,0.05,0.31622776,-0.31622776,0.11738895,-0.26831836
LearnedNonlinear,Learned + Nonlinear RX,0.05,-0.31622776,0.94868326,-0.5749655,0.8296971
LearnedNonlinear,Learned + Nonlinear RX,0.05,0.31622776,0.31622776,0.3033013,0.30149773
LearnedNonlinear,Learned + Nonlinear RX,0.05,-0.31622776,0.94868326,-0.44481805,0.85105646
LearnedNonlinear,Learned + Nonlinear RX,0.05,0.94868326,-0.94868326,1.0349678,-0.77897096
LearnedNonlinear,Learned + Nonlinear RX,0.05,0.94868326,0.94868326,0.6956012,1.007061
LearnedNonlinear,Learned + Nonlinear RX,0.05,-0.94868326,0.94868326,-1.1786531,0.822754
LearnedNonlinear,Learned + Nonlinear RX,0.05,-0.94868326,0.31622776,-0.9735731,0.20984955
LearnedNonlinear,Learned + Nonlinear RX,0.05,0.31622776,-0.31622776,0.16267058,-0.30624288
LearnedNonlinear,Learned + Nonlinear RX,0.05,0.94868326,0.94868326,0.87201345,1.1014479
LearnedNonlinear,Learned + Nonlinear RX,0.05,0.31622776,0.31622776,0.19820243,0.44523615
LearnedNonlinear,Learned + Nonlinear RX,0.05,-0.94868326,-0.94868326,-0.5463623,-0.98635
LearnedNonlinear,Learned + Nonlinear RX,0.05,0.31622776,-0.94868326,0.5189831,-1.0759324
LearnedNonlinear,Learned + Nonlinear RX,0.05,0.94868326,-0.94868326,1.0554998,-0.9586868
LearnedNonlinear,Learned + Nonlinear RX,0.05,0.31622776,-0.94868326,0.27427346,-0.9010621
LearnedNonlinear,Learned + Nonlinear RX,0.05,0.94868326,-0.31622776,0.89978606,-0.3897501
LearnedNonlinear,Learned + Nonlinear RX,0.05,-0.31622776,-0.94868326,-0.31639525,-1.0966624
LearnedNonlinear,Learned + Nonlinear RX,0.05,0.94868326,-0.94868326,1.0635451,-0.96657085
LearnedNonlinear,Learned + Nonlinear RX,0.05,0.31622776,0.31622776,0.34655413,0.43786004
LearnedNonlinear,Learned + Nonlinear RX,0.05,-0.31622776,0.31622776,-0.23209743,0.22365259
LearnedNonlinear,Learned + Nonlinear RX,0.05,-0.94868326,-0.94868326,-0.9295208,-0.9358144
LearnedNonlinear,Learned + Nonlinear RX,0.05,-0.94868326,-0.94868326,-0.96151733,-1.0597869
LearnedNonlinear,Learned + Nonlinear RX,0.05,0.31622776,-0.31622776,0.24769482,-0.29494438
LearnedNonlinear,Learned + Nonlinear RX,0.05,-0.94868326,0.31622776,-0.9347784,0.24305369
LearnedNonlinear,Learned + Nonlinear RX,0.05,-0.31622776,0.31622776,-0.4314355,0.18690108
LearnedNonlinear,Learned + Nonlinear RX,0.05,-0.94868326,0.31622776,-0.882759,0.45223683
LearnedNonlinear,Learned + Nonlinear RX,0.05,-0.94868326,-0.31622776,-0.81196016,-0.6211171
LearnedNonlinear,Learned + Nonlinear RX,0.05,-0.94868326,-0.31622776,-0.7198607,-0.3189321
LearnedNonlinear,Learned + Nonlinear RX,0.05,0.94868326,0.31622776,0.7735273,0.620413
LearnedNonlinear,Learned + Nonlinear RX,0.05,-0.94868326,-0.94868326,-0.4701534,-1.2851031
LearnedNonlinear,Learned + Nonlinear RX,0.05,-0.31622776,-0.94868326,-0.06572521,-0.9835362
LearnedNonlinear,Learned + Nonlinear RX,0.05,-0.31622776,0.31622776,-0.44029287,0.28779134
LearnedNonlinear,Learned + Nonlinear RX,0.05,0.94868326,0.31622776,0.8594099,0.65221184
LearnedNonlinear,Learned + Nonlinear RX,0.05,0.31622776,-0.31622776,0.5004476,-0.23172797
LearnedNonlinear,Learned + Nonlinear RX,0.05,-0.31622776,0.31622776,-0.4013354,0.16360852
LearnedNonlinear,Learned + Nonlinear RX,0.05,-0.94868326,0.94868326,-1.2049975,0.5584328
LearnedNonlinear,Learned + Nonlinear RX,0.05,-0.31622776,-0.31622776,-0.2563799,-0.26919293
LearnedNonlinear,Learned + Nonlinear RX,0.05,0.94868326,-0.31622776,0.84368044,-0.14387915
LearnedNonlinear,Learned + Nonlinear RX,0.05,-0.31622776,-0.31622776,-0.3838823,-0.55003107
LearnedNonlinear,Learned + Nonlinear RX,0.05,-0.94868326,-0.31622776,-0.8864939,-0.24956602
LearnedNonlinear,Learned + Nonlinear RX,0.05,-0.31622776,0.94868326,-0.27721506,1.0785093
LearnedNonlinear,Learned + Nonlinear RX,0.05,0.94868326,-0.94868326,1.2309611,-0.7823196
LearnedNonlinear,Learned + Nonlinear RX,0.05,0.94868326,-0.31622776,0.93075615,-0.22327425
LearnedNonlinear,Learned + Nonlinear RX,0.05,0.31622776,-0.31622776,0.3857073,-0.22169417
LearnedNonlinear,Learned + Nonlinear RX,0.05,-0.31622776,-0.94868326,-0.11856277,-0.89365387
LearnedNonlinear,Learned + Nonlinear RX,0.05,-0.31622776,0.31622776,-0.33054197,0.16280955
LearnedNonlinear,Learned + Nonlinear RX,0.05,0.31622776,0.31622776,0.21838951,0.46762562
LearnedNonlinear,Learned + Nonlinear RX,0.05,0.31622776,0.94868326,0.050747074,1.0940522
LearnedNonlinear,Learned + Nonlinear RX,0.05,-0.94868326,-0.31622776,-0.9452015,-0.5423544
LearnedNonlinear,Learned + Nonlinear RX,0.05,-0.94868326,0.31622776,-1.0041906,0.2525969
LearnedNonlinear,Learned + Nonlinear RX,0.05,-0.94868326,-0.94868326,-0.95379907,-1.1055087
LearnedNonlinear,Learned + Nonlinear RX,0.05,0.31622776,0.94868326,0.16027355,0.9447785
LearnedNonlinear,Learned + Nonlinear RX,0.05,-0.94868326,0.94868326,-1.069501,0.79541683
LearnedNonlinear,Learned + Nonlinear RX,0.05,0.31622776,-0.94868326,0.4791412,-1.0060068
LearnedNonlinear,Learned + Nonlinear RX,0.05,0.94868326,0.31622776,0.884321,0.24594231
LearnedNonlinear,Learned + Nonlinear RX,0.05,-0.94868326,0.94868326,-1.0441169,0.82743555
LearnedNonlinear,Learned + Nonlinear RX,0.05,0.31622776,-0.31622776,0.5033003,-0.32003522
LearnedNonlinear,Learned + Nonlinear RX,0.05,-0.94868326,-0.94868326,-0.56774074,-1.0400579
LearnedNonlinear,Learned + Nonlinear RX,0.05,0.94868326,-0.31622776,0.98368996,-0.13368781
LearnedNonlinear,Learned + Nonlinear RX,0.05,-0.94868326,0.31622776,-1.0144013,0.27941442
LearnedNonlinear,Learned + Nonlinear RX,0.05,-0.94868326,-0.94868326,-0.95232064,-1.1341436
LearnedNonlinear,Learned + Nonlinear RX,0.05,0.31622776,0.31622776,0.37515983,0.2740804
LearnedNonlinear,Learned + Nonlinear RX,0.05,-0.94868326,0.94868326,-0.9989902,0.9207477
LearnedNonlinear,Learned + Nonlinear RX,0.05,0.94868326,-0.31622776,1.0386862,-0.38984373
LearnedNonlinear,Learned + Nonlinear RX,0.05,-0.31622776,-0.94868326,-0.21672356,-0.8825701
LearnedNonlinear,Learned + Nonlinear RX,0.05,-0.31622776,-0.94868326,-0.30226633,-0.8432357
LearnedNonlinear,Learned + Nonlinear RX,0.05,-0.94868326,-0.94868326,-0.87322426,-0.78121305
LearnedNonlinear,Learned + Nonlinear RX,0.05,0.94868326,-0.94868326,0.8324509,-0.9537508
LearnedNonlinear,Learned + Nonlinear RX,0.05,0.94868326,-0.94868326,0.9012302,-0.9826058
LearnedNonlinear,Learned + Nonlinear RX,0.05,0.31622776,-0.31622776,0.32881913,-0.2117181
LearnedNonlinear,Learned + Nonlinear RX,0.05,-0.94868326,-0.31622776,-0.760365,-0.28793302
LearnedNonlinear,Learned + Nonlinear RX,0.05,0.31622776,-0.31622776,0.26799104,-0.11391399
LearnedNonlinear,Learned + Nonlinear RX,0.05,0.31622776,-0.31622776,0.55230546,-0.08138534
LearnedNonlinear,Learned + Nonlinear RX,0.05,0.94868326,0.31622776,0.8493272,0.67208827
LearnedNonlinear,Learned + Nonlinear RX,0.05,-0.94868326,0.31622776,-0.9827635,-0.035438776
LearnedNonlinear,Learned + Nonlinear RX,0.05,-0.94868326,0.31622776,-1.0970446,-0.122319095
LearnedNonlinear,Learned + Nonlinear RX,0.05,0.31622776,-0.94868326,0.484727,-0.8088955
LearnedNonlinear,Learned + Nonlinear RX,0.05,-0.94868326,-0.31622776,-0.65635353,-0.5545627
LearnedNonlinear,Learned + Nonlinear RX,0.05,-0.31622776,0.94868326,-0.56248546,0.85894454
LearnedNonlinear,Learned + Nonlinear RX,0.05,-0.94868326,0.94868326,-1.0722061,0.52285105
LearnedNonlinear,Learned + Nonlinear RX,0.05,0.94868326,-0.31622776,1.018183,-0.057752352
LearnedNonlinear,Learned + Nonlinear RX,0.05,0.94868326,-0.31622776,1.1286898,-0.103395075
LearnedNonlinear,Learned + Nonlinear RX,0.05,-0.31622776,-0.94868326,-0.04770252,-1.1100383
LearnedNonlinear,Learned + Nonlinear RX,0.05,-0.94868326,-0.94868326,-0.73311406,-1.2679785
LearnedNonlinear,Learned + Nonlinear RX,0.05,-0.94868326,0.94868326,-1.0681207,0.6401981
LearnedNonlinear,Learned + Nonlinear RX,0.05,-0.31622776,-0.94868326,-0.15470672,-1.1552875
LearnedNonlinear,Learned + Nonlinear RX,0.05,0.94868326,-0.94868326,1.056714,-0.7109541
LearnedNonlinear,Learned + Nonlinear RX,0.05,0.31622776,0.31622776,0.27081138,0.16667008
LearnedNonlinear,Learned + Nonlinear RX,0.05,0.94868326,-0.94868326,1.1116407,-0.8471496
LearnedNonlinear,Learned + Nonlinear RX,0.05,0.31622776,0.31622776,0.25891265,0.3704046
LearnedNonlinear,Learned + Nonlinear RX,0.05,-0.94868326,0.31622776,-0.88906485,0.11711626
LearnedNonlinear,Learned + Nonlinear RX,0.05,0.94868326,-0.94868326,0.972209,-0.8999381
LearnedNonlinear,Learned + Nonlinear RX,0.05,0.94868326,0.94868326,0.70850444,1.09724
LearnedNonlinear,Learned + Nonlinear RX,0.05,-0.31622776,0.94868326,-0.3266474,0.963292
LearnedNonlinear,Learned + Nonlinear RX,0.05,0.31622776,-0.94868326,0.3155559,-0.7326771
LearnedNonlinear,Learned + Nonlinear RX,0.05,-0.31622776,-0.31622776,-0.3258079,-0.13303877
LearnedNonlinear,Learned + Nonlinear RX,0.05,0.31622776,0.31622776,0.36246693,0.3890021
LearnedNonlinear,Learned + Nonlinear RX,0.05,-0.31622776,-0.94868326,-0.14457472,-0.9703402
LearnedNonlinear,Learned + Nonlinear RX,0.05,0.94868326,0.94868326,0.7906277,1.0571626
LearnedNonlinear,Learned + Nonlinear RX,0.05,-0.94868326,-0.31622776,-0.7642828,-0.34925264
LearnedNonlinear,Learned + Nonlinear RX,0.05,-0.94868326,0.31622776,-1.0617023,0.27005905
LearnedNonlinear,Learned + Nonlinear RX,0.05,-0.31622776,-0.94868326,-0.16895041,-1.0690918
LearnedNonlinear,Learned + Nonlinear RX,0.05,-0.94868326,-0.31622776,-0.87902474,-0.48342347
LearnedNonlinear,Learned + Nonlinear RX,0.05,0.94868326,0.31622776,0.75030106,0.39586344
LearnedNonlinear,Learned + Nonlinear RX,0.05,0.31622776,0.94868326,0.22005375,0.7829795
LearnedNonlinear,Learned + Nonlinear RX,0.05,-0.94868326,-0.31622776,-0.9191215,-0.28505817
LearnedNonlinear,Learned + Nonlinear RX,0.05,-0.94868326,-0.31622776,-0.89800143,-0.3386234
LearnedNonlinear,Learned + Nonlinear RX,0.05,0.31622776,-0.94868326,0.29016235,-0.8348682
LearnedNonlinear,Learned + Nonlinear RX,0.05,0.31622776,0.31622776,0.3003127,0.1472575
LearnedNonlinear,Learned + Nonlinear RX,0.05,0.31622776,0.31622776,0.35786027,0.15637161
LearnedNonlinear,Learned + Nonlinear RX,0.05,-0.94868326,0.31622776,-1.120339,0.38811052
LearnedNonlinear,Learned + Nonlinear RX,0.05,0.94868326,0.31622776,1.0326009,0.41491053
LearnedNonlinear,Learned + Nonlinear RX,0.05,0.31622776,0.94868326,0.36875126,0.8989273
LearnedNonlinear,Learned + Nonlinear RX,0.05,0.31622776,-0.31622776,0.3961978,-0.3783932
LearnedNonlinear,Learned + Nonlinear RX,0.05,-0.31622776,0.31622776,-0.50989044,0.29818043
LearnedNonlinear,Learned + Nonlinear RX,0.05,-0.94868326,0.94868326,-0.9736008,1.0271279
LearnedNonlinear,Learned + Nonlinear RX,0.05,0.94868326,0.31622776,0.9380258,0.49112204
LearnedNonlinear,Learned + Nonlinear RX,0.05,0.94868326,-0.31622776,1.2105551,-0.062221076
LearnedNonlinear,Learned + Nonlinear RX,0.05,-0.31622776,0.31622776,-0.365122,0.16584529
LearnedNonlinear,Learned + Nonlinear RX,0.05,-0.94868326,0.31622776,-0.9800697,0.08363943
LearnedNonlinear,Learned + Nonlinear RX,0.05,-0.31622776,0.94868326,-0.53566504,0.7332706
LearnedNonlinear,Learned + Nonlinear RX,0.05,-0.31622776,0.94868326,-0.4443095,0.8140025
LearnedNonlinear,Learned + Nonlinear RX,0.05,0.31622776,0.94868326,0.037286915,0.9435558
LearnedNonlinear,Learned + Nonlinear RX,0.05,-0.31622776,-0.94868326,0.061529018,-1.0809339
LearnedNonlinear,Learned + Nonlinear RX,0.05,0.31622776,-0.31622776,0.36275536,-0.35665545
LearnedNonlinear,Learned + Nonlinear RX,0.05,-0.94868326,0.31622776,-0.9052828,0.04705578
LearnedNonlinear,Learned + Nonlinear RX,0.05,-0.31622776,0.31622776,-0.27327636,0.23171034
LearnedNonlinear,Learned + Nonlinear RX,0.05,-0.94868326,-0.31622776,-0.8456276,-0.42599884
LearnedNonlinear,Learned + Nonlinear RX,0.05,-0.31622776,0.31622776,-0.43914998,0.13938172
LearnedNonlinear,Learned + Nonlinear RX,0.05,-0.94868326,-0.31622776,-0.90249,-0.4282071
LearnedNonlinear,Learned + Nonlinear RX,0.05,-0.94868326,0.31622776,-0.7836313,0.05667998
LearnedNonlinear,Learned + Nonlinear RX,0.05,-0.31622776,0.31622776,-0.33444965,0.29236597
LearnedNonlinear,Learned + Nonlinear RX,0.05,0.94868326,0.31622776,0.97460294,0.49621385
LearnedNonlinear,Learned + Nonlinear RX,0.05,0.94868326,-0.31622776,1.0131115,0.07386725
LearnedNonlinear,Learned + Nonlinear RX,0.05,-0.94868326,-0.31622776,-0.9161598,-0.28312925
LearnedNonlinear,Learned + Nonlinear RX,0.05,0.94868326,-0.31622776,1.1407632,-0.18293442
LearnedNonlinear,Learned + Nonlinear RX,0.05,-0.31622776,0.31622776,-0.3836783,0.14952147
LearnedNonlinear,Learned + Nonlinear RX,0.05,0.31622776,-0.31622776,0.3345462,-0.3382296
LearnedNonlinear,Learned + Nonlinear RX,0.05,0.94868326,0.94868326,0.78127384,0.95015526
LearnedNonlinear,Learned + Nonlinear RX,0.05,-0.31622776,0.94868326,-0.38796934,1.0240519
LearnedNonlinear,Learned + Nonlinear RX,0.05,0.94868326,0.94868326,0.85553664,1.2228014
LearnedNonlinear,Learned + Nonlinear RX,0.05,-0.31622776,0.31622776,-0.31900197,0.20383959
LearnedNonlinear,Learned + Nonlinear RX,0.05,0.94868326,0.31622776,0.74421614,0.27783626
LearnedNonlinear,Learned + Nonlinear RX,0.05,0.94868326,-0.31622776,0.96712774,-0.2153829
LearnedNonlinear,Learned + Nonlinear RX,0.05,-0.94868326,-0.94868326,-0.8951471,-0.95599365
LearnedNonlinear,Learned + Nonlinear RX,0.05,-0.94868326,0.94868326,-0.8424651,1.0050815
LearnedNonlinear,Learned + Nonlinear RX,0.05,0.31622776,-0.31622776,0.4521255,-0.42387864
LearnedNonlinear,Learned + Nonlinear RX,0.05,-0.31622776,-0.94868326,-0.16603301,-0.8958373
LearnedNonlinear,Learned + Nonlinear RX,0.05,0.31622776,0.94868326,0.1898054,1.0298635
LearnedNonlinear,Learned + Nonlinear RX,0.05,-0.94868326,-0.31622776,-0.8326928,-0.5305568
LearnedNonlinear,Learned + Nonlinear RX,0.05,-0.94868326,-0.31622776,-0.94512314,-0.38206312
LearnedNonlinear,Learned + Nonlinear RX,0.05,0.94868326,-0.31622776,0.86387116,-0.33833453
LearnedNonlinear,Learned + Nonlinear RX,0.05,0.94868326,0.31622776,0.90167314,0.17971244
LearnedNonlinear,Learned + Nonlinear RX,0.05,0.31622776,0.94868326,0.11824415,0.9620746
LearnedNonlinear,Learned + Nonlinear RX,0.05,0.94868326,0.94868326,0.7754319,1.1110942
LearnedNonlinear,Learned + Nonlinear RX,0.05,0.31622776,-0.94868326,0.36974862,-0.8558666
LearnedNonlinear,Learned + Nonlinear RX,0.05,0.94868326,-0.31622776,1.001778,-0.12779263
LearnedNonlinear,Learned + Nonlinear RX,0.05,-0.94868326,-0.94868326,-0.913532,-0.9371841
LearnedNonlinear,Learned + Nonlinear RX,0.05,0.94868326,-0.94868326,0.9414847,-0.8152656
LearnedNonlinear,Learned + Nonlinear RX,0.05,0.94868326,-0.31622776,0.93388134,-0.38604355
LearnedNonlinear,Learned + Nonlinear RX,0.05,0.94868326,-0.31622776,0.9769128,-0.23706101
LearnedNonlinear,Learned + Nonlinear RX,0.05,0.31622776,0.31622776,0.33782133,0.36468807
LearnedNonlinear,Learned + Nonlinear RX,0.05,0.31622776,0.94868326,-0.10060875,1.0983357
LearnedNonlinear,Learned + Nonlinear RX,0.05,0.94868326,-0.31622776,1.0558522,-0.028691774
LearnedNonlinear,Learned + Nonlinear RX,0.05,-0.94868326,0.94868326,-1.1973747,0.7538529
LearnedNonlinear,Learned + Nonlinear RX,0.05,0.94868326,0.94868326,0.6378697,1.1531545
LearnedNonlinear,Learned + Nonlinear RX,0.05,-0.31622776,0.31622776,-0.42926857,0.18921806
LearnedNonlinear,Learned + Nonlinear RX,0.05,0.31622776,0.31622776,0.17741105,0.29191554
LearnedNonlinear,Learned + Nonlinear RX,0.05,-0.31622776,0.94868326,-0.47736564,0.8522027
LearnedNonlinear,Learned + Nonlinear RX,0.05,-0.31622776,0.94868326,-0.6412095,0.777091
LearnedNonlinear,Learned + Nonlinear RX,0.05,0.31622776,0.31622776,0.1529656,0.3486013
LearnedNonlinear,Learned + Nonlinear RX,0.05,0.94868326,0.94868326,0.95377755,1.1384941
LearnedNonlinear,Learned + Nonlinear RX,0.05,-0.94868326,0.94868326,-1.0456805,0.6179505
LearnedNonlinear,Learned + Nonlinear RX,0.05,-0.31622776,0.94868326,-0.6715225,0.8366854
LearnedNonlinear,Learned + Nonlinear RX,0.05,0.31622776,0.94868326,0.20074011,1.0406246
LearnedNonlinear,Learned + Nonlinear RX,0.05,-0.94868326,0.94868326,-1.1584734,0.81277215
LearnedNonlinear,Learned + Nonlinear RX,0.05,0.94868326,-0.94868326,1.300609,-0.60633934
LearnedNonlinear,Learned + Nonlinear RX,0.05,0.31622776,-0.94868326,0.547867,-0.8523738
LearnedNonlinear,Learned + Nonlinear RX,0.05,0.94868326,0.31622776,0.8729902,0.49500966
LearnedNonlinear,Learned + Nonlinear RX,0.05,-0.94868326,-0.94868326,-0.7109204,-1.1727383
LearnedNonlinear,Learned + Nonlinear RX,0.05,0.31622776,0.94868326,0.08511417,0.7830676
LearnedNonlinear,Learned + Nonlinear RX,0.05,0.94868326,0.31622776,0.9669884,0.521364
LearnedNonlinear,Learned + Nonlinear RX,0.05,-0.31622776,-0.31622776,-0.073893756,-0.15841219
LearnedNonlinear,Learned + Nonlinear RX,0.05,-0.31622776,-0.94868326,-0.3316746,-1.1347209
LearnedNonlinear,Learned + Nonlinear RX,0.05,0.94868326,-0.31622776,0.9718316,-0.0065566134
LearnedNonlinear,Learned + Nonlinear RX,0.05,-0.94868326,-0.94868326,-0.88585126,-1.2501719
LearnedNonlinear,Learned + Nonlinear RX,0.05,-0.94868326,-0.31622776,-0.85734844,-0.44024026
LearnedNonlinear,Learned + Nonlinear RX,0.05,0.94868326,0.94868326,0.78071547,0.87654155
LearnedNonlinear,Learned + Nonlinear RX,0.05,0.31622776,-0.94868326,0.4701345,-0.84828323
LearnedNonlinear,Learned + Nonlinear RX,0.05,-0.94868326,-0.94868326,-0.65949905,-1.0679522
LearnedNonlinear,Learned + Nonlinear RX,0.05,0.94868326,0.31622776,0.93964815,0.28057095
LearnedNonlinear,Learned + Nonlinear RX,0.05,0.94868326,0.94868326,0.83147705,1.0455614
LearnedNonlinear,Learned + Nonlinear RX,0.05,0.94868326,0.94868326,0.8871527,0.9935752
LearnedNonlinear,Learned + Nonlinear RX,0.05,-0.94868326,0.94868326,-1.0389334,0.87592274
LearnedNonlinear,Learned + Nonlinear RX,0.05,0.94868326,-0.94868326,0.8571241,-0.6614096
LearnedNonlinear,Learned + Nonlinear RX,0.05,-0.31622776,0.94868326,-0.4774479,0.8176747
LearnedNonlinear,Learned + Nonlinear RX,0.05,-0.31622776,-0.94868326,-0.20645294,-1.0726758
LearnedNonlinear,Learned + Nonlinear RX,0.05,0.94868326,-0.31622776,0.92598724,-0.37220824
LearnedNonlinear,Learned + Nonlinear RX,0.05,-0.31622776,-0.31622776,-0.2414781,-0.14145458
LearnedNonlinear,Learned + Nonlinear RX,0.05,0.31622776,-0.31622776,0.45251077,-0.31881705
LearnedNonlinear,Learned + Nonlinear RX,0.05,0.94868326,-0.94868326,1.1112845,-0.8747115
LearnedNonlinear,Learned + Nonlinear RX,0.05,-0.94868326,0.31622776,-1.0457493,0.25911805
LearnedNonlinear,Learned + Nonlinear RX,0.05,-0.31622776,-0.94868326,-0.24530795,-1.0064902
LearnedNonlinear,Learned + Nonlinear RX,0.05,-0.31622776,0.94868326,-0.35629386,0.89122254
LearnedNonlinear,Learned + Nonlinear RX,0.05,0.94868326,-0.31622776,1.0705048,-0.35104638
LearnedNonlinear,Learned + Nonlinear RX,0.05,-0.31622776,-0.94868326,-0.27702025,-1.019589
LearnedNonlinear,Learned + Nonlinear RX,0.05,-0.31622776,0.94868326,-0.564075,0.77987504
LearnedNonlinear,Learned + Nonlinear RX,0.05,0.31622776,-0.94868326,0.5426775,-0.8185245
LearnedNonlinear,Learned + Nonlinear RX,0.05,-0.31622776,-0.31622776,-0.042608842,-0.3518568
LearnedNonlinear,Learned + Nonlinear RX,0.05,-0.94868326,0.31622776,-1.0405737,-0.0769326
LearnedNonlinear,Learned + Nonlinear RX,0.05,-0.31622776,0.94868326,-0.5738773,0.9258913
LearnedNonlinear,Learned + Nonlinear RX,0.05,0.31622776,-0.94868326,0.6062219,-0.766337
LearnedNonlinear,Learned + Nonlinear RX,0.05,0.94868326,0.94868326,0.70245695,1.209375
LearnedNonlinear,Learned + Nonlinear RX,0.05,-0.94868326,0.94868326,-1.2400079,0.6358778
LearnedNonlinear,Learned + Nonlinear RX,0.05,0.31622776,0.31622776,0.07061245,0.463118
LearnedNonlinear,Learned + Nonlinear RX,0.05,-0.31622776,-0.94868326,-0.008480099,-0.8238523
LearnedNonlinear,Learned + Nonlinear RX,0.05,-0.94868326,0.31622776,-1.1965939,0.20243779
LearnedNonlinear,Learned + Nonlinear RX,0.05,-0.94868326,-0.94868326,-0.49287033,-1.0383997
LearnedNonlinear,Learned + Nonlinear RX,0.05,-0.31622776,0.31622776,-0.4943761,0.22588237
LearnedNonlinear,Learned + Nonlinear RX,0.05,-0.94868326,0.31622776,-0.9972621,0.06082456
LearnedNonlinear,Learned + Nonlinear RX,0.05,0.31622776,-0.94868326,0.44147366,-0.67295146
LearnedNonlinear,Learned + Nonlinear RX,0.05,-0.31622776,0.94868326,-0.48124224,0.7638177
LearnedNonlinear,Learned + Nonlinear RX,0.05,-0.94868326,-0.31622776,-0.98518705,-0.5381225
LearnedNonlinear,Learned + Nonlinear RX,0.05,0.94868326,-0.94868326,1.0469579,-0.69600666
LearnedNonlinear,Learned + Nonlinear RX,0.05,-0.31622776,-0.31622776,-0.23558973,-0.36632603
LearnedNonlinear,Learned + Nonlinear RX,0.05,-0.94868326,-0.31622776,-0.9168367,-0.46171525
LearnedNonlinear,Learned + Nonlinear RX,0.05,-0.94868326,-0.94868326,-0.59884375,-1.0922481
LearnedNonlinear,Learned + Nonlinear RX,0.05,0.31622776,-0.31622776,0.29572368,-0.15974288
LearnedNonlinear,Learned + Nonlinear RX,0.05,0.94868326,0.94868326,0.86798525,1.013783
LearnedNonlinear,Learned + Nonlinear RX,0.05,-0.94868326,-0.31622776,-1.0903988,-0.2674615
LearnedNonlinear,Learned + Nonlinear RX,0.05,0.31622776,0.94868326,0.040173244,1.080139
LearnedNonlinear,Learned + Nonlinear RX,0.05,-0.94868326,0.31622776,-1.1206101,0.30726275
LearnedNonlinear,Learned + Nonlinear RX,0.05,-0.31622776,0.94868326,-0.27073476,0.84268445
LearnedNonlinear,Learned + Nonlinear RX,0.05,0.94868326,0.94868326,0.69923264,1.1059445
LearnedNonlinear,Learned + Nonlinear RX,0.05,-0.31622776,0.31622776,-0.17734157,0.251939
LearnedNonlinear,Learned + Nonlinear RX,0.05,0.31622776,-0.94868326,0.4274887,-0.898715
LearnedNonlinear,Learned + Nonlinear RX,0.05,-0.94868326,0.31622776,-0.98472244,0.19734143
LearnedNonlinear,Learned + Nonlinear RX,0.05,0.31622776,-0.31622776,0.27402145,-0.3503895
LearnedNonlinear,Learned + Nonlinear RX,0.05,-0.94868326,0.94868326,-1.1184791,1.1365638
LearnedNonlinear,Learned + Nonlinear RX,0.05,-0.31622776,0.94868326,-0.58663327,0.8675186
LearnedNonlinear,Learned + Nonlinear RX,0.05,-0.94868326,-0.94868326,-0.86282647,-0.99939764
LearnedNonlinear,Learned + Nonlinear RX,0.05,0.31622776,0.94868326,0.22473863,0.8043456
LearnedNonlinear,Learned + Nonlinear RX,0.05,-0.31622776,-0.94868326,-0.16270989,-1.1122949
LearnedNonlinear,Learned + Nonlinear RX,0.05,0.94868326,-0.31622776,0.8171736,-0.29084936
LearnedNonlinear,Learned + Nonlinear RX,0.05,-0.31622776,0.94868326,-0.52174884,0.9421152
LearnedNonlinear,Learned + Nonlinear RX,0.05,-0.94868326,-0.94868326,-0.72274995,-1.0123614
LearnedNonlinear,Learned + Nonlinear RX,0.05,0.94868326,0.94868326,0.9173477,0.9248706
LearnedNonlinear,Learned + Nonlinear RX,0.05,0.94868326,0.94868326,0.8696119,0.8792199
LearnedNonlinear,Learned + Nonlinear RX,0.05,0.94868326,-0.94868326,0.9069754,-0.8977855
LearnedNonlinear,Learned + Nonlinear RX,0.05,0.31622776,0.31622776,0.33793497,0.2554142
LearnedNonlinear,Learned + Nonlinear RX,0.05,-0.94868326,0.31622776,-0.9387362,0.36464497
LearnedNonlinear,Learned + Nonlinear RX,0.05,-0.31622776,-0.31622776,-0.048561696,-0.43655014
LearnedNonlinear,Learned + Nonlinear RX,0.05,0.31622776,0.94868326,0.13574927,1.063944
LearnedNonlinear,Learned + Nonlinear RX,0.05,-0.31622776,0.94868326,-0.6550342,0.843909
LearnedNonlinear,Learned + Nonlinear RX,0.05,-0.31622776,0.94868326,-0.4816413,0.63537955
LearnedNonlinear,Learned + Nonlinear RX,0.05,-0.94868326,0.31622776,-0.8441408,0.14054
LearnedNonlinear,Learned + Nonlinear RX,0.05,0.94868326,-0.31622776,1.0643401,-0.12649037
LearnedNonlinear,Learned + Nonlinear RX,0.05,-0.94868326,-0.94868326,-0.5667295,-1.2794955
LearnedNonlinear,Learned + Nonlinear RX,0.05,0.94868326,-0.31622776,0.9977696,-0.103964716
LearnedNonlinear,Learned + Nonlinear RX,0.05,0.31622776,0.94868326,0.10129098,0.8870605
LearnedNonlinear,Learned + Nonlinear RX,0.05,0.31622776,0.94868326,0.10530401,1.0262045
LearnedNonlinear,Learned + Nonlinear RX,0.05,0.94868326,-0.31622776,1.0930434,-0.049437802
LearnedNonlinear,Learned + Nonlinear RX,0.05,-0.94868326,-0.94868326,-0.8613943,-1.0234283
LearnedNonlinear,Learned + Nonlinear RX,0.05,-0.94868326,-0.31622776,-0.8140453,-0.58185065
LearnedNonlinear,Learned + Nonlinear RX,0.05,0.31622776,0.94868326,0.29878038,0.9886329
LearnedNonlinear,Learned + Nonlinear RX,0.05,0.31622776,-0.94868326,0.49667016,-0.9361794
LearnedNonlinear,Learned + Nonlinear RX,0.05,0.31622776,0.31622776,0.16606866,0.35675183
LearnedNonlinear,Learned + Nonlinear RX,0.05,-0.31622776,0.31622776,-0.36131245,0.13863663
LearnedNonlinear,Learned + Nonlinear RX,0.05,0.94868326,-0.31622776,1.2397038,-0.024280846
LearnedNonlinear,Learned + Nonlinear RX,0.05,0.31622776,-0.94868326,0.5091736,-0.7607342
LearnedNonlinear,Learned + Nonlinear RX,0.05,0.31622776,0.31622776,0.17963515,0.18812992
LearnedNonlinear,Learned + Nonlinear RX,0.05,0.94868326,-0.94868326,0.98463035,-0.77729
LearnedNonlinear,Learned + Nonlinear RX,0.05,-0.94868326,-0.94868326,-0.7943993,-1.0226173
LearnedNonlinear,Learned + Nonlinear RX,0.05,-0.94868326,-0.31622776,-0.91362935,-0.35792387
LearnedNonlinear,Learned + Nonlinear RX,0.05,0.31622776,0.94868326,0.24817549,1.0227629
LearnedNonlinear,Learned + Nonlinear RX,0.05,-0.94868326,0.31622776,-0.9490013,0.21539006
LearnedNonlinear,Learned + Nonlinear RX,0.05,0.31622776,0.94868326,0.12950163,0.96555656
LearnedNonlinear,Learned + Nonlinear RX,0.05,-0.31622776,-0.94868326,-0.25967532,-0.8155019
LearnedNonlinear,Learned + Nonlinear RX,0.05,0.31622776,-0.94868326,0.47868413,-0.92917544
LearnedNonlinear,Learned + Nonlinear RX,0.05,-0.31622776,0.31622776,-0.4086389,0.36115095
LearnedNonlinear,Learned + Nonlinear RX,0.05,0.94868326,-0.94868326,1.0994699,-0.7835715
LearnedNonlinear,Learned + Nonlinear RX,0.05,0.94868326,-0.94868326,1.0060556,-0.7552186
LearnedNonlinear,Learned + Nonlinear RX,0.05,0.31622776,-0.94868326,0.43867055,-0.8973701
LearnedNonlinear,Learned + Nonlinear RX,0.05,-0.94868326,-0.31622776,-0.79489094,-0.5655165
LearnedNonlinear,Learned + Nonlinear RX,0.05,0.94868326,-0.94868326,1.0841312,-0.75512135
LearnedNonlinear,Learned + Nonlinear RX,0.05,-0.31622776,-0.31622776,-0.2843137,-0.3192144
LearnedNonlinear,Learned + Nonlinear RX,0.05,-0.94868326,-0.94868326,-0.9402813,-1.1736214
LearnedNonlinear,Learned + Nonlinear RX,0.05,0.31622776,0.31622776,0.31958088,0.16105407
LearnedNonlinear,Learned + Nonlinear RX,0.05,0.31622776,-0.31622776,0.32196593,-0.2160406
LearnedNonlinear,Learned + Nonlinear RX,0.05,0.94868326,-0.94868326,1.0492625,-0.9668849
LearnedNonlinear,Learned + Nonlinear RX,0.05,-0.31622776,0.94868326,-0.1712969,1.0064636
LearnedNonlinear,Learned + Nonlinear RX,0.05,0.94868326,0.31622776,0.89131504,0.44461268
LearnedNonlinear,Learned + Nonlinear RX,0.05,0.94868326,-0.31622776,0.95552623,-0.19049506
LearnedNonlinear,Learned + Nonlinear RX,0.05,0.31622776,-0.94868326,0.26453215,-0.93548244
LearnedNonlinear,Learned + Nonlinear RX,0.05,0.94868326,0.94868326,0.9270246,0.9219789
LearnedNonlinear,Learned + Nonlinear RX,0.05,0.94868326,0.94868326,0.9899746,1.1150479
LearnedNonlinear,Learned + Nonlinear RX,0.05,0.94868326,0.31622776,0.8691092,0.6135079
LearnedNonlinear,Learned + Nonlinear RX,0.05,0.94868326,0.31622776,0.7042861,0.65040904
LearnedNonlinear,Learned + Nonlinear RX,0.05,-0.94868326,0.31622776,-0.96065074,0.04993775
LearnedNonlinear,Learned + Nonlinear RX,0.05,0.94868326,-0.31622776,1.0604799,-0.25435817
LearnedNonlinear,Learned + Nonlinear RX,0.05,-0.31622776,0.31622776,-0.47000208,0.15354598
LearnedNonlinear,Learned + Nonlinear RX,0.05,-0.94868326,0.94868326,-1.2754775,0.5933219
LearnedNonlinear,Learned + Nonlinear RX,0.05,0.31622776,0.31622776,0.27720013,0.31469572
LearnedNonlinear,Learned + Nonlinear RX,0.05,-0.31622776,0.31622776,-0.23406033,0.3037702
LearnedNonlinear,Learned + Nonlinear RX,0.05,0.31622776,-0.31622776,0.1989096,-0.20345418
LearnedNonlinear,Learned + Nonlinear RX,0.05,0.94868326,0.31622776,0.8226436,0.65247613
LearnedNonlinear,Learned + Nonlinear RX,0.05,0.94868326,-0.31622776,1.0274019,-0.12456315
LearnedNonlinear,Learned + Nonlinear RX,0.05,0.31622776,0.94868326,0.11200702,0.9547367
LearnedNonlinear,Learned + Nonlinear RX,0.05,-0.31622776,-0.31622776,-0.27915946,-0.42023093
LearnedNonlinear,Learned + Nonlinear RX,0.05,0.31622776,0.94868326,0.19369,1.0955133
LearnedNonlinear,Learned + Nonlinear RX,0.05,-0.94868326,0.31622776,-0.8640495,0.14790598
LearnedNonlinear,Learned + Nonlinear RX,0.05,0.31622776,0.94868326,0.09857321,1.0379606
LearnedNonlinear,Learned + Nonlinear RX,0.05,0.31622776,-0.31622776,0.68493754,-0.20305924
LearnedNonlinear,Learned + Nonlinear RX,0.05,0.31622776,0.31622776,0.28864846,0.32641765
LearnedNonlinear,Learned + Nonlinear RX,0.05,0.31622776,0.31622776,0.23319344,0.3777189
LearnedNonlinear,Learned + Nonlinear RX,0.05,-0.94868326,-0.31622776,-0.77918106,-0.45645025
LearnedNonlinear,Learned + Nonlinear RX,0.05,-0.31622776,-0.94868326,0.023062175,-1.0575901
LearnedNonlinear,Learned + Nonlinear RX,0.05,-0.31622776,-0.31622776,-0.26691002,-0.33320105
LearnedNonlinear,Learned + Nonlinear RX,0.05,-0.94868326,0.94868326,-1.0564088,0.832505
LearnedNonlinear,Learned + Nonlinear RX,0.05,0.31622776,-0.94868326,0.3012134,-0.6389265
LearnedNonlinear,Learned + Nonlinear RX,0.05,0.94868326,0.94868326,0.68929344,1.0433661
LearnedNonlinear,Learned + Nonlinear RX,0.05,0.31622776,0.31622776,0.17633781,0.38817397
LearnedNonlinear,Learned + Nonlinear RX,0.05,0.94868326,-0.94868326,1.0072482,-0.6172537
LearnedNonlinear,Learned + Nonlinear RX,0.05,-0.31622776,0.31622776,-0.27633134,0.43683589
LearnedNonlinear,Learned + Nonlinear RX,0.05,0.94868326,0.94868326,0.70517313,1.123668
LearnedNonlinear,Learned + Nonlinear RX,0.05,0.94868326,-0.94868326,0.97897357,-0.91894364
LearnedNonlinear,Learned + Nonlinear RX,0.05,0.94868326,-0.31622776,0.90955305,-0.19178335
LearnedNonlinear,Learned + Nonlinear RX,0.05,0.94868326,0.31622776,0.88181853,0.29643378
LearnedNonlinear,Learned + Nonlinear RX,0.05,-0.94868326,0.94868326,-0.93831426,0.9069155
LearnedNonlinear,Learned + Nonlinear RX,0.05,-0.31622776,-0.94868326,-0.45672506,-1.0038837
LearnedNonlinear,Learned + Nonlinear RX,0.05,-0.31622776,-0.94868326,-0.3059857,-1.1237483
LearnedNonlinear,Learned + Nonlinear RX,0.05,-0.31622776,-0.31622776,-0.47864458,-0.5423326
LearnedNonlinear,Learned + Nonlinear RX,0.05,0.94868326,-0.94868326,0.9321866,-0.94557863
LearnedNonlinear,Learned + Nonlinear RX,0.05,0.31622776,-0.94868326,0.44853497,-0.88687766
LearnedNonlinear,Learned + Nonlinear RX,0.05,-0.31622776,0.94868326,-0.38525286,0.9592353
LearnedNonlinear,Learned + Nonlinear RX,0.05,-0.94868326,0.94868326,-1.1131878,0.7107783
LearnedNonlinear,Learned + Nonlinear RX,0.05,-0.94868326,0.31622776,-1.0592177,0.25569785
LearnedNonlinear,Learned + Nonlinear RX,0.05,-0.94868326,0.31622776,-0.8329621,0.35138682
LearnedNonlinear,Learned + Nonlinear RX,0.05,0.31622776,-0.31622776,0.049507014,-0.27190146
LearnedNonlinear,Learned + Nonlinear RX,0.05,-0.94868326,-0.94868326,-0.8587094,-0.9411919
LearnedNonlinear,Learned + Nonlinear RX,0.05,0.31622776,0.94868326,0.32678244,1.0964297
LearnedNonlinear,Learned + Nonlinear RX,0.05,-0.94868326,0.94868326,-1.116773,0.67857707
LearnedNonlinear,Learned + Nonlinear RX,0.05,0.31622776,-0.31622776,0.4141583,-0.15880923
LearnedNonlinear,Learned + Nonlinear RX,0.05,0.94868326,0.94868326,0.61002874,1.1514153
LearnedNonlinear,Learned + Nonlinear RX,0.05,0.94868326,0.94868326,0.63578635,1.1506659
LearnedNonlinear,Learned + Nonlinear RX,0.05,-0.94868326,-0.31622776,-0.84033805,-0.54400057
LearnedNonlinear,Learned + Nonlinear RX,0.05,-0.94868326,0.31622776,-0.99421656,0.13806422
LearnedNonlinear,Learned + Nonlinear RX,0.05,-0.31622776,-0.31622776,-0.21362317,-0.29959148
LearnedNonlinear,Learned + Nonlinear RX,0.05,-0.94868326,-0.94868326,-0.6947689,-1.2702885
LearnedNonlinear,Learned + Nonlinear RX,0.05,-0.94868326,0.31622776,-1.0089248,0.1462318
LearnedNonlinear,Learned + Nonlinear RX,0.05,-0.31622776,0.31622776,-0.25285327,0.16739394
LearnedNonlinear,Learned + Nonlinear RX,0.05,0.31622776,-0.94868326,0.45991325,-0.83912903
LearnedNonlinear,Learned + Nonlinear RX,0.05,0.31622776,0.31622776,0.0757536,0.29562923
LearnedNonlinear,Learned + Nonlinear RX,0.05,0.94868326,0.94868326,0.54735446,1.1177115
LearnedNonlinear,Learned + Nonlinear RX,0.05,-0.31622776,0.31622776,-0.17594789,0.099866614
LearnedNonlinear,Learned + Nonlinear RX,0.05,-0.94868326,0.31622776,-0.9485377,0.08706508
LearnedNonlinear,Learned + Nonlinear RX,0.05,-0.31622776,-0.94868326,-0.19031811,-1.082973
LearnedNonlinear,Learned + Nonlinear RX,0.05,-0.31622776,0.31622776,-0.37916842,0.1567522
LearnedNonlinear,Learned + Nonlinear RX,0.05,-0.31622776,-0.31622776,-0.313812,-0.42800304
LearnedNonlinear,Learned + Nonlinear RX,0.05,-0.94868326,-0.31622776,-0.8349248,-0.46608543
LearnedNonlinear,Learned + Nonlinear RX,0.05,0.31622776,0.94868326,0.029389042,0.97255105
LearnedNonlinear,Learned + Nonlinear RX,0.05,0.94868326,-0.31622776,1.0690145,-0.09506166
LearnedNonlinear,Learned + Nonlinear RX,0.05,-0.94868326,-0.31622776,-0.88174397,-0.3827557
LearnedNonlinear,Learned + Nonlinear RX,0.05,0.94868326,0.31622776,0.9475186,0.3903568
LearnedNonlinear,Learned + Nonlinear RX,0.05,0.31622776,0.31622776,0.3195085,0.37753806
LearnedNonlinear,Learned + Nonlinear RX,0.05,-0.94868326,0.31622776,-0.8369769,0.19256106
LearnedNonlinear,Learned + Nonlinear RX,0.05,-0.31622776,0.31622776,-0.35292897,0.26145643
LearnedNonlinear,Learned + Nonlinear RX,0.05,-0.94868326,-0.94868326,-0.56513715,-1.0019541
LearnedNonlinear,Learned + Nonlinear RX,0.05,0.94868326,-0.94868326,1.0590082,-0.7620269
LearnedNonlinear,Learned + Nonlinear RX,0.05,0.31622776,-0.31622776,0.3862134,-0.5080015
LearnedNonlinear,Learned + Nonlinear RX,0.05,0.94868326,0.94868326,0.91285366,1.1592526
LearnedNonlinear,Learned + Nonlinear RX,0.05,-0.94868326,0.31622776,-0.8964799,0.10846388
LearnedNonlinear,Learned + Nonlinear RX,0.05,-0.31622776,-0.31622776,-0.3565926,-0.2716708
LearnedNonlinear,Learned + Nonlinear RX,0.05,-0.94868326,0.94868326,-0.9834794,0.76398546
LearnedNonlinear,Learned + Nonlinear RX,0.05,0.94868326,-0.31622776,1.0918761,-0.22705631
LearnedNonlinear,Learned + Nonlinear RX,0.05,0.31622776,0.94868326,0.17547664,1.0321692
LearnedNonlinear,Learned + Nonlinear RX,0.05,-0.94868326,-0.94868326,-0.96061367,-1.1105624
LearnedNonlinear,Learned + Nonlinear RX,0.05,-0.31622776,-0.94868326,-0.14536475,-0.8536489
LearnedNonlinear,Learned + Nonlinear RX,0.05,0.94868326,-0.31622776,0.912231,-0.3749023
LearnedNonlinear,Learned + Nonlinear RX,0.05,0.31622776,-0.94868326,0.31780583,-0.87970567
LearnedNonlinear,Learned + Nonlinear RX,0.05,0.31622776,-0.31622776,0.20799811,-0.22279686
LearnedNonlinear,Learned + Nonlinear RX,0.05,-0.94868326,-0.94868326,-0.9641237,-1.0596747
LearnedNonlinear,Learned + Nonlinear RX,0.05,0.31622776,0.94868326,0.20224126,0.7862353
LearnedNonlinear,Learned + Nonlinear RX,0.05,-0.94868326,0.31622776,-1.0326985,0.1758387
LearnedNonlinear,Learned + Nonlinear RX,0.05,-0.31622776,-0.31622776,-0.10667975,-0.22708008
LearnedNonlinear,Learned + Nonlinear RX,0.05,-0.31622776,-0.31622776,-0.35279277,-0.4553316
LearnedNonlinear,Learned + Nonlinear RX,0.05,-0.94868326,0.31622776,-0.9986074,0.033233725
LearnedNonlinear,Learned + Nonlinear RX,0.05,-0.94868326,-0.94868326,-0.6493583,-1.171012
LearnedNonlinear,Learned + Nonlinear RX,0.05,0.94868326,0.31622776,0.7510023,0.659646
LearnedNonlinear,Learned + Nonlinear RX,0.05,-0.94868326,0.94868326,-1.1487451,0.7360121
LearnedNonlinear,Learned + Nonlinear RX,0.05,0.31622776,-0.31622776,0.360719,-0.18122537
LearnedNonlinear,Learned + Nonlinear RX,0.05,0.94868326,0.31622776,0.7745776,0.6414801
LearnedNonlinear,Learned + Nonlinear RX,0.05,-0.31622776,0.31622776,-0.48094958,0.19832121
LearnedNonlinear,Learned + Nonlinear RX,0.05,0.31622776,0.94868326,0.16533759,1.0174677
LearnedNonlinear,Learned + Nonlinear RX,0.05,-0.31622776,-0.94868326,0.022409195,-1.1603181
LearnedNonlinear,Learned + Nonlinear RX,0.05,-0.31622776,0.31622776,-0.45906463,0.113083966
LearnedNonlinear,Learned + Nonlinear RX,0.05,-0.31622776,0.31622776,-0.44515836,0.16162826
LearnedNonlinear,Learned + Nonlinear RX,0.05,-0.31622776,-0.31622776,-0.30166408,-0.5001011
LearnedNonlinear,Learned + Nonlinear RX,0.05,0.31622776,0.31622776,0.10287483,0.3109913
LearnedNonlinear,Learned + Nonlinear RX,0.05,0.31622776,0.94868326,-0.04883515,1.0407034
LearnedNonlinear,Learned + Nonlinear RX,0.05,0.31622776,0.94868326,-0.106794134,0.95725036
LearnedNonlinear,Learned + Nonlinear RX,0.05,0.94868326,-0.31622776,0.9773482,-0.04349441
LearnedNonlinear,Learned + Nonlinear RX,0.05,-0.94868326,0.94868326,-0.960087,0.6606065
LearnedNonlinear,Learned + Nonlinear RX,0.05,-0.94868326,-0.31622776,-0.832565,-0.5619742
LearnedNonlinear,Learned + Nonlinear RX,0.05,0.94868326,0.31622776,0.8659228,0.5139881
LearnedNonlinear,Learned + Nonlinear RX,0.05,0.94868326,0.31622776,0.74456847,0.47298864
LearnedNonlinear,Learned + Nonlinear RX,0.05,-0.94868326,0.94868326,-1.0189497,0.7446678
LearnedNonlinear,Learned + Nonlinear RX,0.05,-0.31622776,0.94868326,-0.38727993,0.9221693
LearnedNonlinear,Learned + Nonlinear RX,0.05,-0.31622776,-0.94868326,-0.18624872,-1.0773968
LearnedNonlinear,Learned + Nonlinear RX,0.05,0.94868326,0.31622776,0.8856671,0.43271202
LearnedNonlinear,Learned + Nonlinear RX,0.05,0.94868326,-0.94868326,1.1044464,-0.63950986
LearnedNonlinear,Learned + Nonlinear RX,0.05,-0.31622776,-0.94868326,-0.09756118,-1.0619413
LearnedNonlinear,Learned + Nonlinear RX,0.05,-0.94868326,0.31622776,-1.011888,0.21119201
LearnedNonlinear,Learned + Nonlinear RX,0.05,-0.94868326,0.94868326,-1.2003361,0.8874607
LearnedNonlinear,Learned + Nonlinear RX,0.05,-0.31622776,0.31622776,-0.27619126,0.41084194
LearnedNonlinear,Learned + Nonlinear RX,0.05,-0.31622776,0.31622776,-0.21801558,0.21327491
LearnedNonlinear,Learned + Nonlinear RX,0.05,0.31622776,0.31622776,0.21939632,0.478395
LearnedNonlinear,Learned + Nonlinear RX,0.05,0.94868326,-0.31622776,0.90011054,-0.06083638
LearnedNonlinear,Learned + Nonlinear RX,0.05,-0.31622776,0.94868326,-0.54013765,1.0566046
LearnedNonlinear,Learned + Nonlinear RX,0.05,0.31622776,-0.31622776,0.23080002,-0.3309632
LearnedNonlinear,Learned + Nonlinear RX,0.05,0.31622776,0.31622776,0.47407565,0.30531454
LearnedNonlinear,Learned + Nonlinear RX,0.05,0.94868326,-0.31622776,0.96211267,-0.19587842
LearnedNonlinear,Learned + Nonlinear RX,0.05,-0.31622776,-0.94868326,-0.2514369,-1.0978699
LearnedNonlinear,Learned + Nonlinear RX,0.05,-0.94868326,0.94868326,-0.97217196,1.0890268
LearnedNonlinear,Learned + Nonlinear RX,0.05,0.31622776,0.94868326,0.17501767,1.1281769
LearnedNonlinear,Learned + Nonlinear RX,0.05,0.31622776,-0.94868326,0.4018598,-0.9018316
LearnedNonlinear,Learned + Nonlinear RX,0.05,-0.31622776,-0.31622776,-0.41261417,-0.47852793
LearnedNonlinear,Learned + Nonlinear RX,0.05,0.31622776,0.94868326,0.30590653,0.9703558
LearnedNonlinear,Learned + Nonlinear RX,0.05,-0.94868326,-0.31622776,-0.9081855,-0.4569714
LearnedNonlinear,Learned + Nonlinear RX,0.05,0.31622776,0.94868326,0.2815011,1.0008506
LearnedNonlinear,Learned + Nonlinear RX,0.05,-0.31622776,-0.31622776,-0.2664276,-0.52784044
LearnedNonlinear,Learned + Nonlinear RX,0.05,0.94868326,0.94868326,0.680892,1.1908144
LearnedNonlinear,Learned + Nonlinear RX,0.05,-0.31622776,0.31622776,-0.33360335,0.081960626
LearnedNonlinear,Learned + Nonlinear RX,0.05,-0.31622776,0.94868326,-0.4348773,0.79186624
LearnedNonlinear,Learned + Nonlinear RX,0.05,0.94868326,-0.94868326,1.2247558,-0.64374286
LearnedNonlinear,Learned + Nonlinear RX,0.05,0.31622776,-0.31622776,0.42674586,-0.2878514
LearnedNonlinear,Learned + Nonlinear RX,0.05,0.94868326,-0.94868326,1.1739444,-0.79044574
LearnedNonlinear,Learned + Nonlinear RX,0.05,-0.31622776,0.31622776,-0.30734715,0.18496817
LearnedNonlinear,Learned + Nonlinear RX,0.05,0.94868326,0.31622776,0.83679295,0.48504055
LearnedNonlinear,Learned + Nonlinear RX,0.05,-0.31622776,0.94868326,-0.48887274,0.87970495
LearnedNonlinear,Learned + Nonlinear RX,0.05,0.31622776,0.94868326,0.20934632,1.2164072
LearnedNonlinear,Learned + Nonlinear RX,0.05,-0.31622776,-0.94868326,-0.097789966,-0.9875173
LearnedNonlinear,Learned + Nonlinear RX,0.05,0.94868326,0.94868326,0.94538677,1.1987123
LearnedNonlinear,Learned + Nonlinear RX,0.05,0.31622776,-0.31622776,0.46484444,-0.2989958
LearnedNonlinear,Learned + Nonlinear RX,0.05,0.94868326,-0.94868326,1.0821444,-0.7960891
LearnedNonlinear,Learned + Nonlinear RX,0.05,0.94868326,-0.31622776,1.0051454,-0.17414236
LearnedNonlinear,Learned + Nonlinear RX,0.05,-0.31622776,0.31622776,-0.42421752,0.3684468
LearnedNonlinear,Learned + Nonlinear RX,0.05,0.31622776,-0.31622776,0.36934847,-0.24248557
LearnedNonlinear,Learned + Nonlinear RX,0.05,-0.31622776,0.31622776,-0.37109107,0.16262242
LearnedNonlinear,Learned + Nonlinear RX,0.05,-0.31622776,0.31622776,-0.42083013,0.12796831
LearnedNonlinear,Learned + Nonlinear RX,0.05,0.31622776,-0.94868326,0.31883565,-0.88708514
LearnedNonlinear,Learned + Nonlinear RX,0.05,-0.31622776,0.31622776,-0.41136804,0.2075811
LearnedNonlinear,Learned + Nonlinear RX,0.05,-0.94868326,0.31622776,-0.8650195,0.3619859
LearnedNonlinear,Learned + Nonlinear RX,0.05,-0.31622776,-0.31622776,-0.29690057,-0.30997398
LearnedNonlinear,Learned + Nonlinear RX,0.05,0.94868326,0.94868326,0.64223385,0.95143205
LearnedNonlinear,Learned + Nonlinear RX,0.05,-0.94868326,-0.31622776,-0.76444083,-0.4389598
LearnedNonlinear,Learned + Nonlinear RX,0.05,0.31622776,0.31622776,0.2577877,0.4003204
LearnedNonlinear,Learned + Nonlinear RX,0.05,0.31622776,-0.31622776,0.3572361,-0.32915115
LearnedNonlinear,Learned + Nonlinear RX,0.05,-0.94868326,-0.94868326,-0.90933555,-0.94921327
LearnedNonlinear,Learned + Nonlinear RX,0.05,-0.94868326,0.31622776,-1.1645291,0.19400519
LearnedNonlinear,Learned + Nonlinear RX,0.05,-0.94868326,-0.31622776,-0.79547143,-0.35564926
LearnedNonlinear,Learned + Nonlinear RX,0.05,-0.94868326,0.94868326,-1.0098852,0.8846696
LearnedNonlinear,Learned + Nonlinear RX,0.05,0.31622776,-0.31622776,0.24195242,-0.15882888
LearnedNonlinear,Learned + Nonlinear RX,0.05,-0.94868326,0.94868326,-0.9922584,0.799345
LearnedNonlinear,Learned + Nonlinear RX,0.05,-0.31622776,0.94868326,-0.30161315,0.8789564
LearnedNonlinear,Learned + Nonlinear RX,0.05,0.31622776,0.31622776,0.18366395,0.34440112
LearnedNonlinear,Learned + Nonlinear RX,0.05,-0.31622776,-0.31622776,-0.4375,-0.3540747
LearnedNonlinear,Learned + Nonlinear RX,0.05,-0.31622776,0.94868326,-0.27020276,1.0459503
LearnedNonlinear,Learned + Nonlinear RX,0.05,-0.94868326,0.31622776,-0.91516787,0.1279553
LearnedNonlinear,Learned + Nonlinear RX,0.05,-0.94868326,-0.31622776,-0.8668516,-0.49437058
LearnedNonlinear,Learned + Nonlinear RX,0.05,-0.31622776,0.94868326,-0.29260382,1.0495721
LearnedNonlinear,Learned + Nonlinear RX,0.05,-0.31622776,-0.94868326,-0.25937253,-0.873212
LearnedNonlinear,Learned + Nonlinear RX,0.05,0.94868326,-0.31622776,0.9437918,-0.47622588
LearnedNonlinear,Learned + Nonlinear RX,0.05,0.31622776,0.31622776,0.35797167,0.293693
LearnedNonlinear,Learned + Nonlinear RX,0.05,0.94868326,0.94868326,0.79176366,0.8279791
LearnedNonlinear,Learned + Nonlinear RX,0.05,-0.94868326,0.94868326,-0.9710127,0.77810735
LearnedNonlinear,Learned + Nonlinear RX,0.05,-0.94868326,0.94868326,-1.1363312,0.5981928
LearnedNonlinear,Learned + Nonlinear RX,0.05,0.94868326,0.94868326,0.7717559,1.0772156
LearnedNonlinear,Learned + Nonlinear RX,0.05,-0.31622776,0.31622776,-0.3223112,0.14688791
LearnedNonlinear,Learned + Nonlinear RX,0.05,0.94868326,0.31622776,0.8054437,0.49717653
LearnedNonlinear,Learned + Nonlinear RX,0.05,-0.31622776,-0.31622776,-0.08314923,-0.34506345
LearnedNonlinear,Learned + Nonlinear RX,0.05,0.94868326,-0.31622776,0.94085646,-0.12354156
LearnedNonlinear,Learned + Nonlinear RX,0.05,0.31622776,0.31622776,0.05345682,0.3634679
LearnedNonlinear,Learned + Nonlinear RX,0.05,0.31622776,-0.31622776,0.47324878,-0.08751755
LearnedNonlinear,Learned + Nonlinear RX,0.05,-0.94868326,-0.94868326,-0.63732725,-1.1525278
LearnedNonlinear,Learned + Nonlinear RX,0.05,-0.31622776,0.31622776,-0.38439885,0.35560173
LearnedNonlinear,Learned + Nonlinear RX,0.05,-0.31622776,0.94868326,-0.6368514,0.86794084
LearnedNonlinear,Learned + Nonlinear RX,0.05,0.94868326,0.31622776,0.8927961,0.4168808
LearnedNonlinear,Learned + Nonlinear RX,0.05,-0.94868326,-0.94868326,-0.91467106,-0.9663065
LearnedNonlinear,Learned + Nonlinear RX,0.05,0.31622776,-0.31622776,0.37299407,-0.17485696
LearnedNonlinear,Learned + Nonlinear RX,0.05,0.94868326,-0.94868326,0.9772595,-0.5700784
LearnedNonlinear,Learned + Nonlinear RX,0.05,-0.94868326,-0.31622776,-0.8739525,-0.42728162
LearnedNonlinear,Learned + Nonlinear RX,0.05,-0.94868326,-0.31622776,-0.7760319,-0.5260904
LearnedNonlinear,Learned + Nonlinear RX,0.05,-0.94868326,-0.94868326,-0.69101435,-1.2414845
LearnedNonlinear,Learned + Nonlinear RX,0.05,-0.31622776,0.94868326,-0.584305,0.7112867
LearnedNonlinear,Learned + Nonlinear RX,0.05,0.31622776,-0.31622776,0.29453266,-0.31162828
LearnedNonlinear,Learned + Nonlinear RX,0.05,-0.31622776,0.94868326,-0.39330113,0.7555402
LearnedNonlinear,Learned + Nonlinear RX,0.05,0.94868326,0.94868326,0.7926777,1.1346227
LearnedNonlinear,Learned + Nonlinear RX,0.05,0.94868326,-0.31622776,0.9471332,-0.26865414
LearnedNonlinear,Learned + Nonlinear RX,0.05,-0.31622776,0.31622776,-0.47453913,0.39602867
LearnedNonlinear,Learned + Nonlinear RX,0.05,0.94868326,0.31622776,1.0381787,0.62074906
LearnedNonlinear,Learned + Nonlinear RX,0.05,-0.31622776,0.94868326,-0.51747686,0.95085484
LearnedNonlinear,Learned + Nonlinear RX,0.05,-0.31622776,0.94868326,-0.31376532,0.79437816
LearnedNonlinear,Learned + Nonlinear RX,0.05,-0.94868326,-0.94868326,-0.70828456,-0.902257
LearnedNonlinear,Learned + Nonlinear RX,0.05,0.94868326,-0.94868326,0.8876827,-0.7900094
LearnedNonlinear,Learned + Nonlinear RX,0.05,0.31622776,-0.94868326,0.24038517,-0.79281723
LearnedNonlinear,Learned + Nonlinear RX,0.05,0.94868326,-0.31622776,1.1417043,-0.25241813
LearnedNonlinear,Learned + Nonlinear RX,0.05,0.31622776,0.94868326,0.25273126,0.93657136
LearnedNonlinear,Learned + Nonlinear RX,0.05,0.94868326,0.94868326,0.86445075,1.1067358
LearnedNonlinear,Learned + Nonlinear RX,0.05,-0.31622776,-0.94868326,-0.16211161,-1.0086071
LearnedNonlinear,Learned + Nonlinear RX,0.05,-0.94868326,-0.94868326,-1.1122924,-0.89289975
LearnedNonlinear,Learned + Nonlinear RX,0.05,-0.31622776,-0.31622776,-0.27016565,-0.1214377
LearnedNonlinear,Learned + Nonlinear RX,0.05,0.94868326,0.31622776,0.80715096,0.21501735
LearnedNonlinear,Learned + Nonlinear RX,0.05,-0.31622776,0.94868326,-0.5001136,1.0359817
LearnedNonlinear,Learned + Nonlinear RX,0.05,0.94868326,0.94868326,0.8677459,0.8922511
LearnedNonlinear,Learned + Nonlinear RX,0.05,-0.94868326,0.94868326,-1.0296915,0.9226864
LearnedNonlinear,Learned + Nonlinear RX,0.05,0.31622776,-0.94868326,0.24849012,-0.9302695
LearnedNonlinear,Learned + Nonlinear RX,0.05,0.31622776,0.94868326,0.19973002,1.1679027
LearnedNonlinear,Learned + Nonlinear RX,0.05,-0.31622776,-0.31622776,-0.48902118,-0.24343558
LearnedNonlinear,Learned + Nonlinear RX,0.05,0.31622776,0.31622776,0.39866525,0.20090958
LearnedNonlinear,Learned + Nonlinear RX,0.05,-0.31622776,0.94868326,-0.29810005,0.8733124
LearnedNonlinear,Learned + Nonlinear RX,0.05,-0.94868326,0.94868326,-1.0973735,0.79888016
LearnedNonlinear,Learned + Nonlinear RX,0.05,0.31622776,0.31622776,0.03699571,0.46844214
LearnedNonlinear,Learned + Nonlinear RX,0.05,-0.31622776,-0.94868326,-0.16025338,-0.91292125
LearnedNonlinear,Learned + Nonlinear RX,0.05,0.94868326,0.31622776,0.86425686,0.58310634
LearnedNonlinear,Learned + Nonlinear RX,0.05,-0.94868326,-0.94868326,-0.69527555,-1.1658922
LearnedNonlinear,Learned + Nonlinear RX,0.05,-0.31622776,0.94868326,-0.39516428,0.7472089
LearnedNonlinear,Learned + Nonlinear RX,0.05,-0.94868326,-0.31622776,-0.8283077,-0.6296768
LearnedNonlinear,Learned + Nonlinear RX,0.05,-0.31622776,-0.94868326,0.22238356,-0.969189
LearnedNonlinear,Learned + Nonlinear RX,0.05,0.31622776,-0.94868326,0.5929603,-0.6907097
LearnedNonlinear,Learned + Nonlinear RX,0.05,0.31622776,-0.31622776,0.339749,-0.3723473
LearnedNonlinear,Learned + Nonlinear RX,0.05,0.31622776,-0.94868326,0.554982,-0.9572466
LearnedNonlinear,Learned + Nonlinear RX,0.05,-0.31622776,0.94868326,-0.40411457,0.93404317
LearnedNonlinear,Learned + Nonlinear RX,0.05,-0.94868326,-0.31622776,-0.7729866,-0.52033365
LearnedNonlinear,Learned + Nonlinear RX,0.05,0.94868326,0.94868326,0.72469634,1.2230151
LearnedNonlinear,Learned + Nonlinear RX,0.05,0.31622776,-0.31622776,0.482112,-0.19587667
LearnedNonlinear,Learned + Nonlinear RX,0.05,-0.94868326,-0.31622776,-1.0048249,-0.49474818
LearnedNonlinear,Learned + Nonlinear RX,0.05,-0.31622776,0.94868326,-0.5846109,0.7785001
LearnedNonlinear,Learned + Nonlinear RX,0.05,-0.31622776,-0.31622776,-0.317149,-0.41205266
LearnedNonlinear,Learned + Nonlinear RX,0.05,-0.94868326,0.94868326,-1.0439202,0.7646016
LearnedNonlinear,Learned + Nonlinear RX,0.05,-0.94868326,0.94868326,-1.0625515,0.8546479
LearnedNonlinear,Learned + Nonlinear RX,0.05,0.94868326,0.94868326,0.6896383,1.2138933
LearnedNonlinear,Learned + Nonlinear RX,0.05,0.94868326,-0.31622776,1.0144349,-0.14728579
LearnedNonlinear,Learned + Nonlinear RX,0.05,0.31622776,-0.31622776,0.23144722,-0.14757656
LearnedNonlinear,Learned + Nonlinear RX,0.05,-0.31622776,-0.94868326,0.07827026,-0.8517305
LearnedNonlinear,Learned + Nonlinear RX,0.05,0.31622776,-0.31622776,0.24473287,-0.25960925
LearnedNonlinear,Learned + Nonlinear RX,0.05,0.31622776,0.31622776,0.20718572,0.33794504
LearnedNonlinear,Learned + Nonlinear RX,0.05,0.31622776,0.94868326,0.08433102,0.8423096
LearnedNonlinear,Learned + Nonlinear RX,0.05,-0.31622776,0.94868326,-0.436962,0.88923556
LearnedNonlinear,Learned + Nonlinear RX,0.05,0.31622776,0.31622776,0.50599205,0.3714038
LearnedNonlinear,Learned + Nonlinear RX,0.05,-0.31622776,0.31622776,-0.37546018,0.2939252
LearnedNonlinear,Learned + Nonlinear RX,0.05,0.94868326,-0.31622776,1.0175036,-0.18294641
LearnedNonlinear,Learned + Nonlinear RX,0.05,0.94868326,-0.94868326,0.86253124,-0.6562995
LearnedNonlinear,Learned + Nonlinear RX,0.05,0.31622776,-0.94868326,0.29878843,-0.86853325
LearnedNonlinear,Learned + Nonlinear RX,0.05,-0.94868326,-0.31622776,-0.95947254,-0.36821932
LearnedNonlinear,Learned + Nonlinear RX,0.05,-0.94868326,0.94868326,-0.9235349,0.90363425
LearnedNonlinear,Learned + Nonlinear RX,0.05,0.31622776,0.94868326,0.3530447,0.9718569
LearnedNonlinear,Learned + Nonlinear RX,0.05,0.94868326,0.94868326,0.7304741,1.0303489
LearnedNonlinear,Learned + Nonlinear RX,0.05,0.94868326,0.31622776,0.95278275,0.52357584
LearnedNonlinear,Learned + Nonlinear RX,0.05,0.94868326,0.31622776,0.955952,0.4871325
LearnedNonlinear,Learned + Nonlinear RX,0.05,-0.94868326,0.31622776,-0.86071074,0.19843042
LearnedNonlinear,Learned + Nonlinear RX,0.05,-0.94868326,-0.94868326,-0.7666603,-0.9705828
LearnedNonlinear,Learned + Nonlinear RX,0.05,0.94868326,0.94868326,0.91640145,0.91062105
LearnedNonlinear,Learned + Nonlinear RX,0.05,0.31622776,-0.31622776,0.32617527,-0.31343153
LearnedNonlinear,Learned + Nonlinear RX,0.05,-0.31622776,0.31622776,-0.22361936,0.449902
LearnedNonlinear,Learned + Nonlinear RX,0.05,-0.94868326,0.31622776,-1.065814,0.33329886
LearnedNonlinear,Learned + Nonlinear RX,0.05,0.94868326,0.94868326,0.58534205,1.1622014
LearnedNonlinear,Learned + Nonlinear RX,0.05,-0.31622776,0.31622776,-0.33826813,0.31808433
LearnedNonlinear,Learned + Nonlinear RX,0.05,0.31622776,0.31622776,0.21524791,0.4294844
LearnedNonlinear,Learned + Nonlinear RX,0.05,-0.31622776,-0.31622776,-0.21323417,-0.32731843
LearnedNonlinear,Learned + Nonlinear RX,0.05,0.31622776,0.94868326,0.17354566,0.9408696
LearnedNonlinear,Learned + Nonlinear RX,0.05,-0.31622776,-0.94868326,0.03022673,-0.9722106
LearnedNonlinear,Learned + Nonlinear RX,0.05,-0.94868326,-0.94868326,-0.5138352,-1.2549019
LearnedNonlinear,Learned + Nonlinear RX,0.05,-0.94868326,0.31622776,-0.9257118,0.022695364
LearnedNonlinear,Learned + Nonlinear RX,0.05,0.31622776,0.31622776,0.37167442,0.33525258
LearnedNonlinear,Learned + Nonlinear RX,0.05,0.31622776,0.31622776,0.2867404,0.29586056
LearnedNonlinear,Learned + Nonlinear RX,0.05,0.94868326,0.94868326,0.67568046,1.1135881
LearnedNonlinear,Learned + Nonlinear RX,0.05,-0.31622776,0.94868326,-0.50659794,0.7946329
LearnedNonlinear,Learned + Nonlinear RX,0.05,-0.31622776,0.94868326,-0.4993716,0.91820437
LearnedNonlinear,Learned + Nonlinear RX,0.05,0.31622776,-0.31622776,0.36521146,-0.07830744
LearnedNonlinear,Learned + Nonlinear RX,0.05,-0.31622776,-0.94868326,-0.034636736,-1.0999352
LearnedNonlinear,Learned + Nonlinear RX,0.05,0.94868326,-0.94868326,1.267736,-0.7671317
LearnedNonlinear,Learned + Nonlinear RX,0.05,-0.94868326,0.31622776,-0.83138734,0.03574191
LearnedNonlinear,Learned + Nonlinear RX,0.05,0.31622776,-0.94868326,0.5137493,-0.82281333
LearnedNonlinear,Learned + Nonlinear RX,0.05,-0.31622776,0.94868326,-0.3661687,0.93990105
LearnedNonlinear,Learned + Nonlinear RX,0.05,-0.94868326,-0.94868326,-0.8304879,-1.038553
LearnedNonlinear,Learned + Nonlinear RX,0.05,-0.31622776,0.31622776,-0.43931615,0.24903521
LearnedNonlinear,Learned + Nonlinear RX,0.05,0.31622776,0.94868326,0.025315572,1.0207987
LearnedNonlinear,Learned + Nonlinear RX,0.05,-0.31622776,0.94868326,-0.6793498,0.77978724
LearnedNonlinear,Learned + Nonlinear RX,0.05,-0.94868326,0.94868326,-1.1049562,0.87228286
LearnedNonlinear,Learned + Nonlinear RX,0.05,0.31622776,0.31622776,0.33161864,0.422987
LearnedNonlinear,Learned + Nonlinear RX,0.05,-0.31622776,0.31622776,-0.27858722,0.35585412
LearnedNonlinear,Learned + Nonlinear RX,0.05,0.94868326,0.31622776,0.86996216,0.4772721
LearnedNonlinear,Learned + Nonlinear RX,0.05,-0.31622776,-0.31622776,-0.08995258,-0.3744076
LearnedNonlinear,Learned + Nonlinear RX,0.05,-0.94868326,0.94868326,-1.068408,0.8783561
LearnedNonlinear,Learned + Nonlinear RX,0.05,-0.94868326,-0.31622776,-0.8323559,-0.38821253
LearnedNonlinear,Learned + Nonlinear RX,0.05,-0.31622776,0.94868326,-0.31264684,0.9134577
LearnedNonlinear,Learned + Nonlinear RX,0.05,-0.31622776,-0.94868326,-0.1422987,-0.8349761
LearnedNonlinear,Learned + Nonlinear RX,0.05,-0.31622776,-0.31622776,-0.08913619,-0.23047912
LearnedNonlinear,Learned + Nonlinear RX,0.05,-0.31622776,-0.31622776,-0.21556173,-0.47258484
LearnedNonlinear,Learned + Nonlinear RX,0.05,0.94868326,-0.94868326,0.99142396,-0.78919137
LearnedNonlinear,Learned + Nonlinear RX,0.05,-0.31622776,-0.94868326,-0.16673444,-0.9726296
LearnedNonlinear,Learned + Nonlinear RX,0.05,0.94868326,0.31622776,0.7871966,0.34958303
LearnedNonlinear,Learned + Nonlinear RX,0.05,-0.94868326,-0.31622776,-0.91657877,-0.42782345
LearnedNonlinear,Learned + Nonlinear RX,0.05,0.31622776,-0.94868326,0.42408943,-0.9513457
LearnedNonlinear,Learned + Nonlinear RX,0.05,0.94868326,0.94868326,0.92707086,1.0611792
LearnedNonlinear,Learned + Nonlinear RX,0.05,-0.31622776,0.94868326,-0.3380938,0.9589728
LearnedNonlinear,Learned + Nonlinear RX,0.05,-0.31622776,-0.31622776,-0.26558223,-0.20441528
LearnedNonlinear,Learned + Nonlinear RX,0.05,0.31622776,0.31622776,0.28175035,0.41624698
LearnedNonlinear,Learned + Nonlinear RX,0.05,-0.94868326,0.94868326,-1.0168386,0.8698822
LearnedNonlinear,Learned + Nonlinear RX,0.05,0.94868326,-0.31622776,0.9182659,-0.29563752
LearnedNonlinear,Learned + Nonlinear RX,0.05,0.31622776,0.31622776,0.08356151,0.3797418
LearnedNonlinear,Learned + Nonlinear RX,0.05,0.31622776,-0.94868326,0.4670344,-0.6363594
LearnedNonlinear,Learned + Nonlinear RX,0.05,0.94868326,-0.31622776,1.0342185,-0.11019594
LearnedNonlinear,Learned + Nonlinear RX,0.05,0.94868326,0.31622776,0.77738905,0.46621066
LearnedNonlinear,Learned + Nonlinear RX,0.05,-0.94868326,-0.31622776,-0.7717338,-0.509262
LearnedNonlinear,Learned + Nonlinear RX,0.05,0.94868326,-0.94868326,1.094931,-0.79075015
LearnedNonlinear,Learned + Nonlinear RX,0.05,-0.94868326,-0.31622776,-0.71019506,-0.66198534
LearnedNonlinear,Learned + Nonlinear RX,0.05,-0.94868326,0.31622776,-0.96600443,-0.016518053
LearnedNonlinear,Learned + Nonlinear RX,0.05,0.94868326,0.94868326,0.63587165,1.1694697
LearnedNonlinear,Learned + Nonlinear RX,0.05,-0.94868326,0.31622776,-0.85369444,0.0030551676
LearnedNonlinear,Learned + Nonlinear RX,0.05,-0.94868326,0.31622776,-0.9434591,0.22788803
LearnedNonlinear,Learned + Nonlinear RX,0.05,0.94868326,-0.31622776,1.0825377,-0.0779166
LearnedNonlinear,Learned + Nonlinear RX,0.05,0.94868326,0.94868326,0.8366698,0.98703706
LearnedNonlinear,Learned + Nonlinear RX,0.05,-0.31622776,0.94868326,-0.5526721,0.7397465
LearnedNonlinear,Learned + Nonlinear RX,0.05,-0.94868326,-0.94868326,-0.58190393,-1.1447852
LearnedNonlinear,Learned + Nonlinear RX,0.05,-0.94868326,0.31622776,-0.9418496,0.15298763
LearnedNonlinear,Learned + Nonlinear RX,0.05,-0.31622776,-0.94868326,-0.25720298,-0.973035
LearnedNonlinear,Learned + Nonlinear RX,0.05,0.31622776,-0.31622776,0.3734482,-0.2513418
LearnedNonlinear,Learned + Nonlinear RX,0.05,0.31622776,0.31622776,0.33196744,0.21789579
LearnedNonlinear,Learned + Nonlinear RX,0.05,-0.94868326,-0.31622776,-0.80671334,-0.49917284
LearnedNonlinear,Learned + Nonlinear RX,0.05,0.31622776,-0.31622776,0.4692289,-0.47099724
LearnedNonlinear,Learned + Nonlinear RX,0.05,0.94868326,-0.94868326,1.1600676,-0.63169605
LearnedNonlinear,Learned + Nonlinear RX,0.05,-0.94868326,-0.31622776,-0.880129,-0.44293904
LearnedNonlinear,Learned + Nonlinear RX,0.05,0.31622776,-0.31622776,0.5280061,-0.1131639
LearnedNonlinear,Learned + Nonlinear RX,0.05,-0.94868326,-0.31622776,-0.92911196,-0.14523911
LearnedNonlinear,Learned + Nonlinear RX,0.05,-0.94868326,-0.94868326,-0.5833445,-1.00718
LearnedNonlinear,Learned + Nonlinear RX,0.05,-0.31622776,0.31622776,-0.26692328,0.43681437
LearnedNonlinear,Learned + Nonlinear RX,0.05,-0.94868326,0.31622776,-1.1249548,0.24472015
LearnedNonlinear,Learned + Nonlinear RX,0.05,-0.94868326,-0.94868326,-0.73799694,-1.1068406
LearnedNonlinear,Learned + Nonlinear RX,0.05,0.94868326,0.31622776,0.98754,0.4067458
LearnedNonlinear,Learned + Nonlinear RX,0.05,-0.31622776,0.94868326,-0.2921445,1.1092939
LearnedNonlinear,Learned + Nonlinear RX,0.05,0.31622776,0.94868326,0.30596974,1.0024256
LearnedNonlinear,Learned + Nonlinear RX,0.05,-0.31622776,-0.94868326,-0.14044684,-1.0342957
LearnedNonlinear,Learned + Nonlinear RX,0.05,0.31622776,-0.94868326,0.5210678,-0.8143915
LearnedNonlinear,Learned + Nonlinear RX,0.05,-0.31622776,0.94868326,-0.43904364,0.8745914
LearnedNonlinear,Learned + Nonlinear RX,0.05,-0.94868326,0.94868326,-1.1367077,0.8459342
LearnedNonlinear,Learned + Nonlinear RX,0.05,0.94868326,-0.94868326,1.0105445,-0.9239785
LearnedNonlinear,Learned + Nonlinear RX,0.05,0.94868326,-0.94868326,0.93195,-0.7562055
LearnedNonlinear,Learned + Nonlinear RX,0.05,-0.94868326,0.94868326,-0.96532625,1.0147259
LearnedNonlinear,Learned + Nonlinear RX,0.05,0.31622776,0.31622776,0.38830617,0.177841
LearnedNonlinear,Learned + Nonlinear RX,0.05,-0.94868326,-0.94868326,-0.6865497,-0.96477413
LearnedNonlinear,Learned + Nonlinear RX,0.05,0.31622776,-0.31622776,0.19804488,-0.32724607
LearnedNonlinear,Learned + Nonlinear RX,0.05,-0.31622776,0.94868326,-0.31029245,0.9866597
LearnedNonlinear,Learned + Nonlinear RX,0.05,0.31622776,-0.94868326,0.26704657,-0.9361022
LearnedNonlinear,Learned + Nonlinear RX,0.05,-0.94868326,0.31622776,-0.80047435,0.35073
LearnedNonlinear,Learned + Nonlinear RX,0.05,0.31622776,0.31622776,0.035505448,0.31881854
LearnedNonlinear,Learned + Nonlinear RX,0.05,0.31622776,-0.94868326,0.6346035,-0.83396643
LearnedNonlinear,Learned + Nonlinear RX,0.05,-0.94868326,-0.94868326,-0.6204739,-1.131012
LearnedNonlinear,Learned + Nonlinear RX,0.05,-0.94868326,-0.94868326,-0.77831066,-1.2379996
LearnedNonlinear,Learned + Nonlinear RX,0.05,-0.94868326,-0.94868326,-0.75379974,-1.0251075
LearnedNonlinear,Learned + Nonlinear RX,0.05,0.31622776,0.94868326,0.17424795,1.0178763
LearnedNonlinear,Learned + Nonlinear RX,0.05,-0.31622776,0.31622776,-0.51991105,0.25891626
LearnedNonlinear,Learned + Nonlinear RX,0.05,-0.31622776,0.31622776,-0.25436348,0.210108
LearnedNonlinear,Learned + Nonlinear RX,0.05,-0.31622776,0.94868326,-0.55150986,0.77491826
LearnedNonlinear,Learned + Nonlinear RX,0.05,-0.31622776,-0.31622776,-0.3190503,-0.43844774
LearnedNonlinear,Learned + Nonlinear RX,0.05,0.94868326,-0.94868326,1.1794779,-0.7874906
LearnedNonlinear,Learned + Nonlinear RX,0.05,-0.31622776,-0.94868326,-0.033549793,-0.9512419
LearnedNonlinear,Learned + Nonlinear RX,0.05,0.31622776,0.31622776,0.21532242,0.3406005
LearnedNonlinear,Learned + Nonlinear RX,0.05,-0.94868326,-0.94868326,-0.869992,-1.0866455
LearnedNonlinear,Learned + Nonlinear RX,0.05,0.94868326,-0.94868326,1.196764,-0.70006955
LearnedNonlinear,Learned + Nonlinear RX,0.05,0.31622776,-0.31622776,0.41729218,-0.2449854
LearnedNonlinear,Learned + Nonlinear RX,0.05,0.94868326,-0.94868326,1.0136764,-0.6758846
LearnedNonlinear,Learned + Nonlinear RX,0.05,0.94868326,0.94868326,0.7597102,1.1225774
LearnedNonlinear,Learned + Nonlinear RX,0.05,0.31622776,-0.94868326,0.3169672,-1.036414
LearnedNonlinear,Learned + Nonlinear RX,0.05,-0.94868326,-0.31622776,-0.94346595,-0.62221235
LearnedNonlinear,Learned + Nonlinear RX,0.05,-0.31622776,0.94868326,-0.62779653,0.827526
LearnedNonlinear,Learned + Nonlinear RX,0.05,0.31622776,0.94868326,0.1981689,0.9275147
LearnedNonlinear,Learned + Nonlinear RX,0.05,0.31622776,-0.94868326,0.405471,-0.8162648
LearnedNonlinear,Learned + Nonlinear RX,0.05,-0.94868326,-0.31622776,-0.90896255,-0.45285267
LearnedNonlinear,Learned + Nonlinear RX,0.05,-0.94868326,0.94868326,-1.3451673,0.89892006
LearnedNonlinear,Learned + Nonlinear RX,0.05,-0.94868326,-0.94868326,-0.7995977,-1.0802985
LearnedNonlinear,Learned + Nonlinear RX,0.05,-0.31622776,-0.31622776,-0.24512336,-0.13279171
LearnedNonlinear,Learned + Nonlinear RX,0.05,0.94868326,-0.94868326,1.1713759,-0.8722027
LearnedNonlinear,Learned + Nonlinear RX,0.05,-0.94868326,-0.94868326,-0.6856538,-1.089975
LearnedNonlinear,Learned + Nonlinear RX,0.05,-0.31622776,-0.94868326,-0.121277995,-0.8141073
LearnedNonlinear,Learned + Nonlinear RX,0.05,-0.94868326,0.31622776,-1.1009086,0.33841982
LearnedNonlinear,Learned + Nonlinear RX,0.05,0.94868326,-0.31622776,0.9959182,-0.031279888
LearnedNonlinear,Learned + Nonlinear RX,0.05,0.31622776,0.31622776,0.23754752,0.4807696
LearnedNonlinear,Learned + Nonlinear RX,0.05,0.31622776,-0.31622776,0.19575441,-0.4398038
LearnedNonlinear,Learned + Nonlinear RX,0.05,0.94868326,-0.31622776,0.79613465,-0.25375208
LearnedNonlinear,Learned + Nonlinear RX,0.05,0.94868326,0.94868326,0.9923942,0.9539811
LearnedNonlinear,Learned + Nonlinear RX,0.05,-0.31622776,0.31622776,-0.24164805,0.23709112
LearnedNonlinear,Learned + Nonlinear RX,0.05,-0.31622776,-0.94868326,-0.15318453,-0.84512407
LearnedNonlinear,Learned + Nonlinear RX,0.05,-0.31622776,-0.31622776,-0.36794126,-0.39233857
LearnedNonlinear,Learned + Nonlinear RX,0.05,-0.94868326,0.31622776,-1.0053127,0.2703157
LearnedNonlinear,Learned + Nonlinear RX,0.05,0.31622776,0.31622776,0.26960072,0.3144469
LearnedNonlinear,Learned + Nonlinear RX,0.05,-0.94868326,-0.31622776,-0.91839015,-0.39365506
LearnedNonlinear,Learned + Nonlinear RX,0.05,-0.31622776,0.94868326,-0.3537605,0.7603977
LearnedNonlinear,Learned + Nonlinear RX,0.05,0.94868326,0.31622776,1.0583531,0.21750316
LearnedNonlinear,Learned + Nonlinear RX,0.05,-0.94868326,-0.94868326,-0.71483535,-1.0048667
LearnedNonlinear,Learned + Nonlinear RX,0.05,0.31622776,-0.31622776,0.3577747,-0.23744589
LearnedNonlinear,Learned + Nonlinear RX,0.05,0.31622776,-0.94868326,0.6670211,-0.83053243
LearnedNonlinear,Learned + Nonlinear RX,0.05,0.31622776,-0.94868326,0.5122852,-0.82945853
LearnedNonlinear,Learned + Nonlinear RX,0.05,0.31622776,0.94868326,0.14194271,0.8917555
LearnedNonlinear,Learned + Nonlinear RX,0.05,0.31622776,-0.31622776,0.23473772,-0.41942245
LearnedNonlinear,Learned + Nonlinear RX,0.05,0.94868326,0.31622776,0.8279531,0.6763396
LearnedNonlinear,Learned + Nonlinear RX,0.05,-0.31622776,0.94868326,-0.73793083,0.8857454
LearnedNonlinear,Learned + Nonlinear RX,0.05,0.31622776,-0.31622776,0.23871051,-0.14982863
LearnedNonlinear,Learned + Nonlinear RX,0.05,-0.94868326,-0.31622776,-0.8064263,-0.6652856
LearnedNonlinear,Learned + Nonlinear RX,0.05,-0.94868326,0.94868326,-1.2525762,0.719059
LearnedNonlinear,Learned + Nonlinear RX,0.05,-0.94868326,-0.94868326,-0.7786056,-1.1530328
LearnedNonlinear,Learned + Nonlinear RX,0.05,-0.94868326,0.94868326,-1.2297189,0.70430243
LearnedNonlinear,Learned + Nonlinear RX,0.05,-0.94868326,-0.31622776,-0.71722096,-0.5872958
LearnedNonlinear,Learned + Nonlinear RX,0.05,-0.94868326,0.94868326,-1.237359,0.6976666
LearnedNonlinear,Learned + Nonlinear RX,0.05,0.94868326,-0.94868326,1.2739961,-0.608445
LearnedNonlinear,Learned + Nonlinear RX,0.05,0.94868326,0.31622776,0.84236157,0.520157
LearnedNonlinear,Learned + Nonlinear RX,0.05,-0.31622776,0.94868326,-0.3606479,0.8372486
LearnedNonlinear,Learned + Nonlinear RX,0.05,0.94868326,-0.31622776,1.1058823,-0.006803269
LearnedNonlinear,Learned + Nonlinear RX,0.05,0.94868326,0.94868326,0.645369,1.1140128
LearnedNonlinear,Learned + Nonlinear RX,0.05,-0.94868326,-0.94868326,-0.73001784,-0.9982697
LearnedNonlinear,Learned + Nonlinear RX,0.05,-0.31622776,-0.31622776,-0.2711427,-0.29700428
LearnedNonlinear,Learned + Nonlinear RX,0.05,-0.31622776,-0.94868326,-0.11004691,-1.0119673
LearnedNonlinear,Learned + Nonlinear RX,0.05,0.94868326,-0.31622776,0.98174417,-0.17509162
LearnedNonlinear,Learned + Nonlinear RX,0.05,-0.31622776,0.31622776,-0.4296474,0.22944628
LearnedNonlinear,Learned + Nonlinear RX,0.05,0.94868326,0.31622776,0.76510686,0.4188034
LearnedNonlinear,Learned + Nonlinear RX,0.05,-0.94868326,-0.94868326,-0.64800537,-1.1214526
LearnedNonlinear,Learned + Nonlinear RX,0.05,0.31622776,-0.94868326,0.40002722,-0.95661867
LearnedNonlinear,Learned + Nonlinear RX,0.05,-0.31622776,-0.31622776,-0.21540236,-0.4036627
LearnedNonlinear,Learned + Nonlinear RX,0.05,-0.94868326,-0.31622776,-0.9451297,-0.36626458
LearnedNonlinear,Learned + Nonlinear RX,0.05,-0.31622776,0.94868326,-0.42277005,0.84542805
LearnedNonlinear,Learned + Nonlinear RX,0.05,-0.31622776,0.31622776,-0.53802365,0.21324103
LearnedNonlinear,Learned + Nonlinear RX,0.05,-0.31622776,-0.31622776,-0.057845682,-0.28993788
LearnedNonlinear,Learned + Nonlinear RX,0.05,-0.94868326,-0.94868326,-0.7575849,-0.87938607
LearnedNonlinear,Learned + Nonlinear RX,0.05,0.31622776,0.94868326,0.23026593,0.99584705
LearnedNonlinear,Learned + Nonlinear RX,0.05,-0.31622776,0.94868326,-0.44591144,0.7510676
LearnedNonlinear,Learned + Nonlinear RX,0.05,-0.31622776,0.94868326,-0.23811094,0.939586
LearnedNonlinear,Learned + Nonlinear RX,0.05,0.94868326,-0.31622776,0.955748,-0.16706474
LearnedNonlinear,Learned + Nonlinear RX,0.05,0.94868326,0.31622776,1.126607,0.31846386
LearnedNonlinear,Learned + Nonlinear RX,0.05,0.31622776,0.94868326,0.16108386,0.94400233
LearnedNonlinear,Learned + Nonlinear RX,0.05,-0.31622776,-0.31622776,-0.38623515,-0.43169135
LearnedNonlinear,Learned + Nonlinear RX,0.05,0.94868326,-0.94868326,1.0337218,-0.8108898
LearnedNonlinear,Learned + Nonlinear RX,0.05,-0.31622776,-0.94868326,-0.44499895,-0.7171283
LearnedNonlinear,Learned + Nonlinear RX,0.05,-0.31622776,0.94868326,-0.44379896,0.8444154
LearnedNonlinear,Learned + Nonlinear RX,0.05,-0.94868326,-0.31622776,-0.96569765,-0.3253007
LearnedNonlinear,Learned + Nonlinear RX,0.05,0.31622776,0.31622776,0.3725691,0.2542124
LearnedNonlinear,Learned + Nonlinear RX,0.05,-0.31622776,-0.94868326,-0.011314009,-0.9857836
LearnedNonlinear,Learned + Nonlinear RX,0.05,-0.31622776,0.94868326,-0.5240476,0.6724125
LearnedNonlinear,Learned + Nonlinear RX,0.05,0.31622776,-0.31622776,0.25603777,-0.08487603
LearnedNonlinear,Learned + Nonlinear RX,0.05,0.31622776,0.94868326,0.078192,1.1403604
LearnedNonlinear,Learned + Nonlinear RX,0.05,-0.31622776,-0.94868326,-0.058129493,-0.84240603
LearnedNonlinear,Learned + Nonlinear RX,0.05,0.31622776,-0.94868326,0.571016,-0.82783455
LearnedNonlinear,Learned + Nonlinear RX,0.05,-0.94868326,-0.94868326,-0.70799494,-1.2469106
LearnedNonlinear,Learned + Nonlinear RX,0.05,-0.94868326,0.94868326,-0.9935156,0.57542115
LearnedNonlinear,Learned + Nonlinear RX,0.05,-0.31622776,-0.94868326,0.017588606,-0.95515877
LearnedNonlinear,Learned + Nonlinear RX,0.05,0.94868326,-0.31622776,0.9583904,-0.17698422
LearnedNonlinear,Learned + Nonlinear RX,0.05,-0.31622776,-0.31622776,-0.24405898,-0.45452428
LearnedNonlinear,Learned + Nonlinear RX,0.05,0.31622776,0.94868326,0.07182465,1.0311288
LearnedNonlinear,Learned + Nonlinear RX,0.05,0.31622776,0.31622776,0.22527112,0.42760867
LearnedNonlinear,Learned + Nonlinear RX,0.05,0.31622776,-0.31622776,0.3691941,-0.21746738
LearnedNonlinear,Learned + Nonlinear RX,0.05,-0.31622776,0.31622776,-0.31954736,0.28106853
LearnedNonlinear,Learned + Nonlinear RX,0.05,-0.94868326,-0.31622776,-0.78436905,-0.6396357
LearnedNonlinear,Learned + Nonlinear RX,0.05,0.31622776,0.94868326,0.06269869,0.98028374
LearnedNonlinear,Learned + Nonlinear RX,0.05,0.31622776,-0.31622776,0.39201877,-0.18805143
LearnedNonlinear,Learned + Nonlinear RX,0.05,0.31622776,0.94868326,0.016512362,0.90100145
LearnedNonlinear,Learned + Nonlinear RX,0.05,0.94868326,-0.31622776,0.9750637,-0.036618706
LearnedNonlinear,Learned + Nonlinear RX,0.05,0.31622776,0.94868326,0.21186337,1.2909462
LearnedNonlinear,Learned + Nonlinear RX,0.05,-0.31622776,-0.94868326,-0.22489505,-0.9287338
LearnedNonlinear,Learned + Nonlinear RX,0.05,0.31622776,0.94868326,0.31291845,0.8853114
LearnedNonlinear,Learned + Nonlinear RX,0.05,-0.94868326,0.31622776,-1.0386649,0.20665973
LearnedNonlinear,Learned + Nonlinear RX,0.05,0.31622776,-0.31622776,0.46377364,-0.31580225
LearnedNonlinear,Learned + Nonlinear RX,0.05,-0.31622776,-0.31622776,-0.28482664,-0.5165745
LearnedNonlinear,Learned + Nonlinear RX,0.05,-0.94868326,0.31622776,-0.9550873,0.22565773
LearnedNonlinear,Learned + Nonlinear RX,0.05,-0.31622776,0.94868326,-0.52845734,1.0526383
LearnedNonlinear,Learned + Nonlinear RX,0.05,0.94868326,-0.94868326,0.8552132,-0.85036546
LearnedNonlinear,Learned + Nonlinear RX,0.05,0.94868326,0.31622776,1.085698,0.45180544
LearnedNonlinear,Learned + Nonlinear RX,0.05,0.94868326,-0.31622776,1.0071428,-0.033675108
LearnedNonlinear,Learned + Nonlinear RX,0.05,-0.94868326,0.94868326,-0.9334217,0.7859784
LearnedNonlinear,Learned + Nonlinear RX,0.05,-0.94868326,0.94868326,-1.1583182,0.69553125
LearnedNonlinear,Learned + Nonlinear RX,0.05,0.94868326,0.31622776,0.9610909,0.47405246
LearnedNonlinear,Learned + Nonlinear RX,0.05,-0.31622776,0.31622776,-0.1829401,0.24805926
LearnedNonlinear,Learned + Nonlinear RX,0.05,-0.31622776,0.94868326,-0.24139944,0.8681446
LearnedNonlinear,Learned + Nonlinear RX,0.05,0.31622776,-0.31622776,0.38818005,-0.3630463
LearnedNonlinear,Learned + Nonlinear RX,0.05,-0.31622776,-0.31622776,-0.41090566,-0.46549574
LearnedNonlinear,Learned + Nonlinear RX,0.05,0.94868326,-0.31622776,1.048668,-0.29101568
LearnedNonlinear,Learned + Nonlinear RX,0.05,-0.94868326,-0.31622776,-0.90305984,-0.40303403
LearnedNonlinear,Learned + Nonlinear RX,0.05,0.31622776,-0.31622776,0.43495712,-0.35520333
LearnedNonlinear,Learned + Nonlinear RX,0.05,0.31622776,0.94868326,0.17004359,0.84092057
LearnedNonlinear,Learned + Nonlinear RX,0.05,0.94868326,0.31622776,1.0321249,0.3055389
LearnedNonlinear,Learned + Nonlinear RX,0.05,-0.94868326,-0.94868326,-1.0429271,-0.8104598
LearnedNonlinear,Learned + Nonlinear RX,0.05,0.31622776,-0.31622776,0.26404455,-0.36424035
LearnedNonlinear,Learned + Nonlinear RX,0.05,-0.94868326,-0.31622776,-0.8495048,-0.5061721
LearnedNonlinear,Learned + Nonlinear RX,0.05,0.94868326,0.31622776,0.691317,0.69520885
LearnedNonlinear,Learned + Nonlinear RX,0.05,-0.31622776,0.94868326,-0.54267704,0.7306235
LearnedNonlinear,Learned + Nonlinear RX,0.05,-0.94868326,-0.31622776,-0.86362994,-0.51991504
LearnedNonlinear,Learned + Nonlinear RX,0.05,-0.31622776,0.31622776,-0.2818641,0.23431145
LearnedNonlinear,Learned + Nonlinear RX,0.05,0.31622776,0.31622776,0.18654265,0.43109003
LearnedNonlinear,Learned + Nonlinear RX,0.05,0.94868326,0.94868326,0.6422251,1.0813429
LearnedNonlinear,Learned + Nonlinear RX,0.05,0.31622776,0.31622776,0.06776381,0.50439304
LearnedNonlinear,Learned + Nonlinear RX,0.05,-0.31622776,-0.94868326,0.050433997,-1.0186228
LearnedNonlinear,Learned + Nonlinear RX,0.05,-0.31622776,-0.94868326,-0.089546055,-1.109379
LearnedNonlinear,Learned + Nonlinear RX,0.05,-0.94868326,-0.94868326,-0.759021,-1.2936475
LearnedNonlinear,Learned + Nonlinear RX,0.05,0.31622776,-0.94868326,0.33428326,-0.6836765
LearnedNonlinear,Learned + Nonlinear RX,0.05,0.31622776,0.94868326,-0.0022375681,1.0008416
LearnedNonlinear,Learned + Nonlinear RX,0.05,0.94868326,0.31622776,0.82419187,0.6151096
LearnedNonlinear,Learned + Nonlinear RX,0.05,0.94868326,-0.94868326,0.9893772,-0.8560485
LearnedNonlinear,Learned + Nonlinear RX,0.05,0.31622776,-0.94868326,0.500705,-0.87078136
LearnedNonlinear,Learned + Nonlinear RX,0.05,-0.94868326,0.94868326,-1.2047259,0.7415648
LearnedNonlinear,Learned + Nonlinear RX,0.05,-0.94868326,-0.31622776,-0.7716096,-0.30123124
LearnedNonlinear,Learned + Nonlinear RX,0.05,-0.94868326,-0.31622776,-0.8036212,-0.38980082
LearnedNonlinear,Learned + Nonlinear RX,0.05,0.31622776,0.31622776,0.15051764,0.64139086
LearnedNonlinear,Learned + Nonlinear RX,0.05,0.94868326,-0.94868326,1.1066649,-0.64653146
LearnedNonlinear,Learned + Nonlinear RX,0.05,0.94868326,0.31622776,0.921595,0.32070303
LearnedNonlinear,Learned + Nonlinear RX,0.05,0.94868326,0.94868326,0.7468093,1.0399926
LearnedNonlinear,Learned + Nonlinear RX,0.05,0.94868326,-0.94868326,1.0240911,-0.9399613
LearnedNonlinear,Learned + Nonlinear RX,0.05,-0.94868326,-0.94868326,-0.7439431,-1.061715
LearnedNonlinear,Learned + Nonlinear RX,0.05,-0.94868326,-0.94868326,-0.6556847,-1.0060086
LearnedNonlinear,Learned + Nonlinear RX,0.05,0.94868326,0.31622776,0.9187465,0.41603255
LearnedNonlinear,Learned + Nonlinear RX,0.05,-0.94868326,-0.31622776,-1.0363559,-0.57686746
LearnedNonlinear,Learned + Nonlinear RX,0.05,0.31622776,0.31622776,0.41673934,0.48270226
LearnedNonlinear,Learned + Nonlinear RX,0.05,0.31622776,0.31622776,0.1998107,0.16813569
LearnedNonlinear,Learned + Nonlinear RX,0.05,-0.31622776,-0.94868326,-0.272423,-1.0950441
LearnedNonlinear,Learned + Nonlinear RX,0.05,0.94868326,-0.31622776,0.9932381,-0.19525407
LearnedNonlinear,Learned + Nonlinear RX,0.05,-0.31622776,-0.31622776,-0.2657274,-0.27642196
LearnedNonlinear,Learned + Nonlinear RX,0.05,0.31622776,0.94868326,0.19655988,1.0791602
LearnedNonlinear,Learned + Nonlinear RX,0.05,0.31622776,-0.31622776,0.2600087,-0.21142113
LearnedNonlinear,Learned + Nonlinear RX,0.05,0.31622776,-0.94868326,0.41907904,-0.77788585
LearnedNonlinear,Learned + Nonlinear RX,0.05,0.94868326,0.31622776,0.9015772,0.5320618
LearnedNonlinear,Learned + Nonlinear RX,0.05,-0.31622776,-0.31622776,-0.54162896,-0.31792137
LearnedNonlinear,Learned + Nonlinear RX,0.05,-0.94868326,0.94868326,-1.0464724,1.0493119
LearnedNonlinear,Learned + Nonlinear RX,0.05,0.94868326,-0.94868326,0.8757357,-0.9051151
LearnedNonlinear,Learned + Nonlinear RX,0.05,-0.94868326,-0.31622776,-0.8622741,-0.3824645
LearnedNonlinear,Learned + Nonlinear RX,0.05,-0.94868326,-0.94868326,-0.8536787,-0.88274413
LearnedNonlinear,Learned + Nonlinear RX,0.05,0.94868326,-0.31622776,1.0523365,-0.31060752
LearnedNonlinear,Learned + Nonlinear RX,0.05,0.31622776,-0.94868326,0.3149343,-0.8644725
LearnedNonlinear,Learned + Nonlinear RX,0.05,-0.31622776,0.94868326,-0.38964018,0.93781245
LearnedNonlinear,Learned + Nonlinear RX,0.05,-0.94868326,0.31622776,-0.8099903,-0.09855673
LearnedNonlinear,Learned + Nonlinear RX,0.05,-0.94868326,0.31622776,-1.0098419,0.15016079
LearnedNonlinear,Learned + Nonlinear RX,0.05,0.94868326,-0.31622776,0.8915694,0.07346887
LearnedNonlinear,Learned + Nonlinear RX,0.05,-0.31622776,0.31622776,-0.4231472,0.021742675
LearnedNonlinear,Learned + Nonlinear RX,0.05,0.31622776,-0.94868326,0.5440591,-0.80851257
LearnedNonlinear,Learned + Nonlinear RX,0.05,0.94868326,-0.94868326,1.1369663,-0.57140946
LearnedNonlinear,Learned + Nonlinear RX,0.05,-0.31622776,-0.94868326,-0.020464864,-0.84718627
LearnedNonlinear,Learned + Nonlinear RX,0.05,-0.31622776,-0.94868326,-0.04526223,-0.9863974
LearnedNonlinear,Learned + Nonlinear RX,0.05,-0.94868326,0.94868326,-1.1509707,0.8177624
LearnedNonlinear,Learned + Nonlinear RX,0.05,-0.31622776,0.31622776,-0.5424638,0.08372903
LearnedNonlinear,Learned + Nonlinear RX,0.05,0.31622776,-0.94868326,0.5937778,-0.8505699
LearnedNonlinear,Learned + Nonlinear RX,0.05,0.94868326,-0.94868326,1.1057549,-0.7411837
LearnedNonlinear,Learned + Nonlinear RX,0.05,-0.94868326,0.31622776,-1.0559213,0.2766641
LearnedNonlinear,Learned + Nonlinear RX,0.05,-0.31622776,0.31622776,-0.32692924,0.16394405
LearnedNonlinear,Learned + Nonlinear RX,0.05,-0.31622776,0.31622776,-0.43296823,0.13929558
LearnedNonlinear,Learned + Nonlinear RX,0.05,0.31622776,0.94868326,0.18092862,1.0045696
LearnedNonlinear,Learned + Nonlinear RX,0.05,-0.31622776,-0.31622776,-0.22170247,-0.496347
LearnedNonlinear,Learned + Nonlinear RX,0.05,-0.94868326,-0.31622776,-0.8606195,-0.61084944
LearnedNonlinear,Learned + Nonlinear RX,0.05,-0.94868326,0.31622776,-1.0651593,0.16336444
LearnedNonlinear,Learned + Nonlinear RX,0.05,0.31622776,-0.94868326,0.35163647,-0.69089895
LearnedNonlinear,Learned + Nonlinear RX,0.05,0.94868326,0.94868326,0.7644759,1.129981
LearnedNonlinear,Learned + Nonlinear RX,0.05,-0.94868326,-0.31622776,-0.8821594,-0.53127915
